episode_id,target_side_base,target_side_exterior_camera,chunk_index,progress_pregrasp,seed,visual_condition,energy_left,energy_right,margin_left_minus_right
2026_08_17_02_29_03_938361_L1_left_C2,left,right,0,0.10256410256410256,0,original,0.2591371238231659,0.31683385372161865,-0.05769672989845276
2026_08_17_02_29_03_938361_L1_left_C2,left,right,0,0.10256410256410256,0,exterior_hflip,0.2794875502586365,0.3004865050315857,-0.02099895477294922
2026_08_17_02_29_03_938361_L1_left_C2,left,right,0,0.10256410256410256,0,wrist_hflip,0.2784712016582489,0.3326970040798187,-0.054225802421569824
2026_08_17_02_29_03_938361_L1_left_C2,left,right,0,0.10256410256410256,0,both_hflip,0.3130616545677185,0.34526166319847107,-0.032200008630752563
2026_08_17_02_29_03_938361_L1_left_C2,left,right,0,0.10256410256410256,1,original,0.22985422611236572,0.24460084736347198,-0.014746621251106262
2026_08_17_02_29_03_938361_L1_left_C2,left,right,0,0.10256410256410256,1,exterior_hflip,0.26681122183799744,0.26457929611206055,0.0022319257259368896
2026_08_17_02_29_03_938361_L1_left_C2,left,right,0,0.10256410256410256,1,wrist_hflip,0.26080143451690674,0.28221455216407776,-0.02141311764717102
2026_08_17_02_29_03_938361_L1_left_C2,left,right,0,0.10256410256410256,1,both_hflip,0.31214702129364014,0.31661084294319153,-0.004463821649551392
2026_08_17_02_29_03_938361_L1_left_C2,left,right,0,0.10256410256410256,2,original,0.2451169490814209,0.32008588314056396,-0.07496893405914307
2026_08_17_02_29_03_938361_L1_left_C2,left,right,0,0.10256410256410256,2,exterior_hflip,0.2667527496814728,0.29778140783309937,-0.031028658151626587
2026_08_17_02_29_03_938361_L1_left_C2,left,right,0,0.10256410256410256,2,wrist_hflip,0.27938637137413025,0.3354301452636719,-0.056043773889541626
2026_08_17_02_29_03_938361_L1_left_C2,left,right,0,0.10256410256410256,2,both_hflip,0.30199989676475525,0.34841710329055786,-0.04641720652580261
2026_08_17_02_29_03_938361_L1_left_C2,left,right,0,0.10256410256410256,3,original,0.20906108617782593,0.262365460395813,-0.05330437421798706
2026_08_17_02_29_03_938361_L1_left_C2,left,right,0,0.10256410256410256,3,exterior_hflip,0.22485846281051636,0.25039559602737427,-0.02553713321685791
2026_08_17_02_29_03_938361_L1_left_C2,left,right,0,0.10256410256410256,3,wrist_hflip,0.22450394928455353,0.27350154519081116,-0.04899759590625763
2026_08_17_02_29_03_938361_L1_left_C2,left,right,0,0.10256410256410256,3,both_hflip,0.25447946786880493,0.29511141777038574,-0.04063194990158081
2026_08_17_02_29_03_938361_L1_left_C2,left,right,0,0.10256410256410256,4,original,0.15289177000522614,0.1979971081018448,-0.04510533809661865
2026_08_17_02_29_03_938361_L1_left_C2,left,right,0,0.10256410256410256,4,exterior_hflip,0.15693511068820953,0.17806628346443176,-0.02113117277622223
2026_08_17_02_29_03_938361_L1_left_C2,left,right,0,0.10256410256410256,4,wrist_hflip,0.1635705828666687,0.20861971378326416,-0.04504913091659546
2026_08_17_02_29_03_938361_L1_left_C2,left,right,0,0.10256410256410256,4,both_hflip,0.17945101857185364,0.2167089432477951,-0.03725792467594147
2026_08_17_02_29_03_938361_L1_left_C2,left,right,0,0.10256410256410256,5,original,0.2679656147956848,0.35126081109046936,-0.08329519629478455
2026_08_17_02_29_03_938361_L1_left_C2,left,right,0,0.10256410256410256,5,exterior_hflip,0.2776484787464142,0.3210480809211731,-0.04339960217475891
2026_08_17_02_29_03_938361_L1_left_C2,left,right,0,0.10256410256410256,5,wrist_hflip,0.2995319664478302,0.3608403205871582,-0.061308354139328
2026_08_17_02_29_03_938361_L1_left_C2,left,right,0,0.10256410256410256,5,both_hflip,0.30497676134109497,0.35847413539886475,-0.053497374057769775
2026_08_17_02_29_03_938361_L1_left_C2,left,right,0,0.10256410256410256,6,original,0.23366516828536987,0.2842094898223877,-0.05054432153701782
2026_08_17_02_29_03_938361_L1_left_C2,left,right,0,0.10256410256410256,6,exterior_hflip,0.24103881418704987,0.26393845677375793,-0.02289964258670807
2026_08_17_02_29_03_938361_L1_left_C2,left,right,0,0.10256410256410256,6,wrist_hflip,0.22590115666389465,0.27125611901283264,-0.04535496234893799
2026_08_17_02_29_03_938361_L1_left_C2,left,right,0,0.10256410256410256,6,both_hflip,0.2505543828010559,0.28034988045692444,-0.02979549765586853
2026_08_17_02_29_03_938361_L1_left_C2,left,right,0,0.10256410256410256,7,original,0.26847872138023376,0.309233695268631,-0.04075497388839722
2026_08_17_02_29_03_938361_L1_left_C2,left,right,0,0.10256410256410256,7,exterior_hflip,0.27696505188941956,0.2972835898399353,-0.020318537950515747
2026_08_17_02_29_03_938361_L1_left_C2,left,right,0,0.10256410256410256,7,wrist_hflip,0.27967917919158936,0.3222922384738922,-0.042613059282302856
2026_08_17_02_29_03_938361_L1_left_C2,left,right,0,0.10256410256410256,7,both_hflip,0.3065444231033325,0.335074245929718,-0.028529822826385498
2026_08_17_02_29_03_938361_L1_left_C2,left,right,0,0.10256410256410256,8,original,0.12551040947437286,0.15885958075523376,-0.0333491712808609
2026_08_17_02_29_03_938361_L1_left_C2,left,right,0,0.10256410256410256,8,exterior_hflip,0.16125017404556274,0.1586548388004303,0.0025953352451324463
2026_08_17_02_29_03_938361_L1_left_C2,left,right,0,0.10256410256410256,8,wrist_hflip,0.16451819241046906,0.19627538323402405,-0.03175719082355499
2026_08_17_02_29_03_938361_L1_left_C2,left,right,0,0.10256410256410256,8,both_hflip,0.21110400557518005,0.21788570284843445,-0.0067816972732543945
2026_08_17_02_29_03_938361_L1_left_C2,left,right,0,0.10256410256410256,9,original,0.267856240272522,0.297298401594162,-0.029442161321640015
2026_08_17_02_29_03_938361_L1_left_C2,left,right,0,0.10256410256410256,9,exterior_hflip,0.2824307978153229,0.30972981452941895,-0.02729901671409607
2026_08_17_02_29_03_938361_L1_left_C2,left,right,0,0.10256410256410256,9,wrist_hflip,0.2665441632270813,0.3064064681529999,-0.03986230492591858
2026_08_17_02_29_03_938361_L1_left_C2,left,right,0,0.10256410256410256,9,both_hflip,0.2949862480163574,0.33296656608581543,-0.03798031806945801
2026_08_17_02_29_03_938361_L1_left_C2,left,right,1,0.20512820512820512,0,original,0.23304013907909393,0.344192236661911,-0.11115209758281708
2026_08_17_02_29_03_938361_L1_left_C2,left,right,1,0.20512820512820512,0,exterior_hflip,0.2696744203567505,0.35675346851348877,-0.08707904815673828
2026_08_17_02_29_03_938361_L1_left_C2,left,right,1,0.20512820512820512,0,wrist_hflip,0.2727034091949463,0.3103253245353699,-0.037621915340423584
2026_08_17_02_29_03_938361_L1_left_C2,left,right,1,0.20512820512820512,0,both_hflip,0.3109540343284607,0.35985785722732544,-0.048903822898864746
2026_08_17_02_29_03_938361_L1_left_C2,left,right,1,0.20512820512820512,1,original,0.18459740281105042,0.3020305633544922,-0.11743316054344177
2026_08_17_02_29_03_938361_L1_left_C2,left,right,1,0.20512820512820512,1,exterior_hflip,0.22071999311447144,0.31934690475463867,-0.09862691164016724
2026_08_17_02_29_03_938361_L1_left_C2,left,right,1,0.20512820512820512,1,wrist_hflip,0.22695361077785492,0.25323691964149475,-0.02628330886363983
2026_08_17_02_29_03_938361_L1_left_C2,left,right,1,0.20512820512820512,1,both_hflip,0.27104508876800537,0.29410383105278015,-0.02305874228477478
2026_08_17_02_29_03_938361_L1_left_C2,left,right,1,0.20512820512820512,2,original,0.18437820672988892,0.3157220482826233,-0.13134384155273438
2026_08_17_02_29_03_938361_L1_left_C2,left,right,1,0.20512820512820512,2,exterior_hflip,0.21377922594547272,0.33318331837654114,-0.11940409243106842
2026_08_17_02_29_03_938361_L1_left_C2,left,right,1,0.20512820512820512,2,wrist_hflip,0.21144402027130127,0.264684796333313,-0.05324077606201172
2026_08_17_02_29_03_938361_L1_left_C2,left,right,1,0.20512820512820512,2,both_hflip,0.24230971932411194,0.312977135181427,-0.07066741585731506
2026_08_17_02_29_03_938361_L1_left_C2,left,right,1,0.20512820512820512,3,original,0.26781904697418213,0.3301231265068054,-0.06230407953262329
2026_08_17_02_29_03_938361_L1_left_C2,left,right,1,0.20512820512820512,3,exterior_hflip,0.2958908975124359,0.33995044231414795,-0.044059544801712036
2026_08_17_02_29_03_938361_L1_left_C2,left,right,1,0.20512820512820512,3,wrist_hflip,0.2838394343852997,0.2714262008666992,0.012413233518600464
2026_08_17_02_29_03_938361_L1_left_C2,left,right,1,0.20512820512820512,3,both_hflip,0.3129623532295227,0.3134651184082031,-0.0005027651786804199
2026_08_17_02_29_03_938361_L1_left_C2,left,right,1,0.20512820512820512,4,original,0.2503689229488373,0.3441058099269867,-0.09373688697814941
2026_08_17_02_29_03_938361_L1_left_C2,left,right,1,0.20512820512820512,4,exterior_hflip,0.2824527323246002,0.3548699617385864,-0.0724172294139862
2026_08_17_02_29_03_938361_L1_left_C2,left,right,1,0.20512820512820512,4,wrist_hflip,0.2701851725578308,0.3150739073753357,-0.04488873481750488
2026_08_17_02_29_03_938361_L1_left_C2,left,right,1,0.20512820512820512,4,both_hflip,0.3050363063812256,0.35292214155197144,-0.04788583517074585
2026_08_17_02_29_03_938361_L1_left_C2,left,right,1,0.20512820512820512,5,original,0.2309296727180481,0.32385164499282837,-0.09292197227478027
2026_08_17_02_29_03_938361_L1_left_C2,left,right,1,0.20512820512820512,5,exterior_hflip,0.25895532965660095,0.3543890416622162,-0.09543371200561523
2026_08_17_02_29_03_938361_L1_left_C2,left,right,1,0.20512820512820512,5,wrist_hflip,0.25570356845855713,0.2744586765766144,-0.01875510811805725
2026_08_17_02_29_03_938361_L1_left_C2,left,right,1,0.20512820512820512,5,both_hflip,0.2905882000923157,0.3259265422821045,-0.03533834218978882
2026_08_17_02_29_03_938361_L1_left_C2,left,right,1,0.20512820512820512,6,original,0.24745935201644897,0.3762587010860443,-0.12879934906959534
2026_08_17_02_29_03_938361_L1_left_C2,left,right,1,0.20512820512820512,6,exterior_hflip,0.28518739342689514,0.39110687375068665,-0.1059194803237915
2026_08_17_02_29_03_938361_L1_left_C2,left,right,1,0.20512820512820512,6,wrist_hflip,0.29579776525497437,0.3583824932575226,-0.06258472800254822
2026_08_17_02_29_03_938361_L1_left_C2,left,right,1,0.20512820512820512,6,both_hflip,0.3378596305847168,0.40915682911872864,-0.07129719853401184
2026_08_17_02_29_03_938361_L1_left_C2,left,right,1,0.20512820512820512,7,original,0.19287008047103882,0.31767287850379944,-0.12480279803276062
2026_08_17_02_29_03_938361_L1_left_C2,left,right,1,0.20512820512820512,7,exterior_hflip,0.21682533621788025,0.32108378410339355,-0.1042584478855133
2026_08_17_02_29_03_938361_L1_left_C2,left,right,1,0.20512820512820512,7,wrist_hflip,0.2253735363483429,0.2735450267791748,-0.04817149043083191
2026_08_17_02_29_03_938361_L1_left_C2,left,right,1,0.20512820512820512,7,both_hflip,0.26161378622055054,0.31766223907470703,-0.056048452854156494
2026_08_17_02_29_03_938361_L1_left_C2,left,right,1,0.20512820512820512,8,original,0.14039871096611023,0.24710899591445923,-0.106710284948349
2026_08_17_02_29_03_938361_L1_left_C2,left,right,1,0.20512820512820512,8,exterior_hflip,0.169847309589386,0.26173660159111023,-0.09188929200172424
2026_08_17_02_29_03_938361_L1_left_C2,left,right,1,0.20512820512820512,8,wrist_hflip,0.17737235128879547,0.21317052841186523,-0.03579817712306976
2026_08_17_02_29_03_938361_L1_left_C2,left,right,1,0.20512820512820512,8,both_hflip,0.2197921872138977,0.2550927400588989,-0.03530055284500122
2026_08_17_02_29_03_938361_L1_left_C2,left,right,1,0.20512820512820512,9,original,0.1751570999622345,0.26773327589035034,-0.09257617592811584
2026_08_17_02_29_03_938361_L1_left_C2,left,right,1,0.20512820512820512,9,exterior_hflip,0.20174875855445862,0.27282026410102844,-0.07107150554656982
2026_08_17_02_29_03_938361_L1_left_C2,left,right,1,0.20512820512820512,9,wrist_hflip,0.195075124502182,0.2325952649116516,-0.037520140409469604
2026_08_17_02_29_03_938361_L1_left_C2,left,right,1,0.20512820512820512,9,both_hflip,0.22972191870212555,0.27765002846717834,-0.047928109765052795
2026_08_17_02_29_03_938361_L1_left_C2,left,right,2,0.3076923076923077,0,original,0.4042193293571472,0.4779863953590393,-0.07376706600189209
2026_08_17_02_29_03_938361_L1_left_C2,left,right,2,0.3076923076923077,0,exterior_hflip,0.3664672374725342,0.498760461807251,-0.1322932243347168
2026_08_17_02_29_03_938361_L1_left_C2,left,right,2,0.3076923076923077,0,wrist_hflip,0.3246116638183594,0.367597371339798,-0.0429857075214386
2026_08_17_02_29_03_938361_L1_left_C2,left,right,2,0.3076923076923077,0,both_hflip,0.3269398808479309,0.519486665725708,-0.1925467848777771
2026_08_17_02_29_03_938361_L1_left_C2,left,right,2,0.3076923076923077,1,original,0.3485960364341736,0.40858685970306396,-0.05999082326889038
2026_08_17_02_29_03_938361_L1_left_C2,left,right,2,0.3076923076923077,1,exterior_hflip,0.32487696409225464,0.444845050573349,-0.11996808648109436
2026_08_17_02_29_03_938361_L1_left_C2,left,right,2,0.3076923076923077,1,wrist_hflip,0.23834601044654846,0.2830810546875,-0.04473504424095154
2026_08_17_02_29_03_938361_L1_left_C2,left,right,2,0.3076923076923077,1,both_hflip,0.25420770049095154,0.4464155435562134,-0.19220784306526184
2026_08_17_02_29_03_938361_L1_left_C2,left,right,2,0.3076923076923077,2,original,0.3787360191345215,0.4608979821205139,-0.08216196298599243
2026_08_17_02_29_03_938361_L1_left_C2,left,right,2,0.3076923076923077,2,exterior_hflip,0.3634037673473358,0.4800375699996948,-0.11663380265235901
2026_08_17_02_29_03_938361_L1_left_C2,left,right,2,0.3076923076923077,2,wrist_hflip,0.31909748911857605,0.34252357482910156,-0.023426085710525513
2026_08_17_02_29_03_938361_L1_left_C2,left,right,2,0.3076923076923077,2,both_hflip,0.33071374893188477,0.47831106185913086,-0.1475973129272461
2026_08_17_02_29_03_938361_L1_left_C2,left,right,2,0.3076923076923077,3,original,0.2681063413619995,0.356354296207428,-0.08824795484542847
2026_08_17_02_29_03_938361_L1_left_C2,left,right,2,0.3076923076923077,3,exterior_hflip,0.2413536012172699,0.40208253264427185,-0.16072893142700195
2026_08_17_02_29_03_938361_L1_left_C2,left,right,2,0.3076923076923077,3,wrist_hflip,0.19178614020347595,0.231481671333313,-0.039695531129837036
2026_08_17_02_29_03_938361_L1_left_C2,left,right,2,0.3076923076923077,3,both_hflip,0.20299693942070007,0.4046241343021393,-0.2016271948814392
2026_08_17_02_29_03_938361_L1_left_C2,left,right,2,0.3076923076923077,4,original,0.2668977975845337,0.36668598651885986,-0.09978818893432617
2026_08_17_02_29_03_938361_L1_left_C2,left,right,2,0.3076923076923077,4,exterior_hflip,0.27978065609931946,0.39409616589546204,-0.11431550979614258
2026_08_17_02_29_03_938361_L1_left_C2,left,right,2,0.3076923076923077,4,wrist_hflip,0.20599226653575897,0.24678152799606323,-0.04078926146030426
2026_08_17_02_29_03_938361_L1_left_C2,left,right,2,0.3076923076923077,4,both_hflip,0.2478853315114975,0.3924747407436371,-0.1445894092321396
2026_08_17_02_29_03_938361_L1_left_C2,left,right,2,0.3076923076923077,5,original,0.254075288772583,0.3629220724105835,-0.10884678363800049
2026_08_17_02_29_03_938361_L1_left_C2,left,right,2,0.3076923076923077,5,exterior_hflip,0.2566615045070648,0.3878849744796753,-0.13122346997261047
2026_08_17_02_29_03_938361_L1_left_C2,left,right,2,0.3076923076923077,5,wrist_hflip,0.20282547175884247,0.23604024946689606,-0.03321477770805359
2026_08_17_02_29_03_938361_L1_left_C2,left,right,2,0.3076923076923077,5,both_hflip,0.21742698550224304,0.3787088692188263,-0.16128188371658325
2026_08_17_02_29_03_938361_L1_left_C2,left,right,2,0.3076923076923077,6,original,0.31799980998039246,0.38659268617630005,-0.06859287619590759
2026_08_17_02_29_03_938361_L1_left_C2,left,right,2,0.3076923076923077,6,exterior_hflip,0.30374282598495483,0.4290845990180969,-0.1253417730331421
2026_08_17_02_29_03_938361_L1_left_C2,left,right,2,0.3076923076923077,6,wrist_hflip,0.23338092863559723,0.2808554172515869,-0.047474488615989685
2026_08_17_02_29_03_938361_L1_left_C2,left,right,2,0.3076923076923077,6,both_hflip,0.25234565138816833,0.4418555498123169,-0.18950989842414856
2026_08_17_02_29_03_938361_L1_left_C2,left,right,2,0.3076923076923077,7,original,0.23770897090435028,0.35553279519081116,-0.11782382428646088
2026_08_17_02_29_03_938361_L1_left_C2,left,right,2,0.3076923076923077,7,exterior_hflip,0.2402818351984024,0.39515388011932373,-0.15487204492092133
2026_08_17_02_29_03_938361_L1_left_C2,left,right,2,0.3076923076923077,7,wrist_hflip,0.18207380175590515,0.22110724449157715,-0.039033442735672
2026_08_17_02_29_03_938361_L1_left_C2,left,right,2,0.3076923076923077,7,both_hflip,0.20568257570266724,0.3818935751914978,-0.17621099948883057
2026_08_17_02_29_03_938361_L1_left_C2,left,right,2,0.3076923076923077,8,original,0.2281516194343567,0.3311086595058441,-0.10295704007148743
2026_08_17_02_29_03_938361_L1_left_C2,left,right,2,0.3076923076923077,8,exterior_hflip,0.2396639585494995,0.35463470220565796,-0.11497074365615845
2026_08_17_02_29_03_938361_L1_left_C2,left,right,2,0.3076923076923077,8,wrist_hflip,0.17849260568618774,0.21581463515758514,-0.0373220294713974
2026_08_17_02_29_03_938361_L1_left_C2,left,right,2,0.3076923076923077,8,both_hflip,0.20431606471538544,0.3494560718536377,-0.14514000713825226
2026_08_17_02_29_03_938361_L1_left_C2,left,right,2,0.3076923076923077,9,original,0.2994738221168518,0.38065657019615173,-0.08118274807929993
2026_08_17_02_29_03_938361_L1_left_C2,left,right,2,0.3076923076923077,9,exterior_hflip,0.3098752498626709,0.42386823892593384,-0.11399298906326294
2026_08_17_02_29_03_938361_L1_left_C2,left,right,2,0.3076923076923077,9,wrist_hflip,0.23093874752521515,0.27409693598747253,-0.043158188462257385
2026_08_17_02_29_03_938361_L1_left_C2,left,right,2,0.3076923076923077,9,both_hflip,0.28521716594696045,0.422260582447052,-0.13704341650009155
2026_08_17_02_29_03_938361_L1_left_C2,left,right,3,0.41025641025641024,0,original,0.23674358427524567,0.24099066853523254,-0.0042470842599868774
2026_08_17_02_29_03_938361_L1_left_C2,left,right,3,0.41025641025641024,0,exterior_hflip,0.21242642402648926,0.2825835943222046,-0.07015717029571533
2026_08_17_02_29_03_938361_L1_left_C2,left,right,3,0.41025641025641024,0,wrist_hflip,0.20527419447898865,0.20670516788959503,-0.0014309734106063843
2026_08_17_02_29_03_938361_L1_left_C2,left,right,3,0.41025641025641024,0,both_hflip,0.18968135118484497,0.26240459084510803,-0.07272323966026306
2026_08_17_02_29_03_938361_L1_left_C2,left,right,3,0.41025641025641024,1,original,0.3648843467235565,0.37765786051750183,-0.012773513793945312
2026_08_17_02_29_03_938361_L1_left_C2,left,right,3,0.41025641025641024,1,exterior_hflip,0.3167274296283722,0.39721912145614624,-0.08049169182777405
2026_08_17_02_29_03_938361_L1_left_C2,left,right,3,0.41025641025641024,1,wrist_hflip,0.30266761779785156,0.322069376707077,-0.019401758909225464
2026_08_17_02_29_03_938361_L1_left_C2,left,right,3,0.41025641025641024,1,both_hflip,0.2736561596393585,0.3682329058647156,-0.09457674622535706
2026_08_17_02_29_03_938361_L1_left_C2,left,right,3,0.41025641025641024,2,original,0.37072062492370605,0.38515323400497437,-0.01443260908126831
2026_08_17_02_29_03_938361_L1_left_C2,left,right,3,0.41025641025641024,2,exterior_hflip,0.335376501083374,0.4052349328994751,-0.06985843181610107
2026_08_17_02_29_03_938361_L1_left_C2,left,right,3,0.41025641025641024,2,wrist_hflip,0.35373735427856445,0.36283621191978455,-0.009098857641220093
2026_08_17_02_29_03_938361_L1_left_C2,left,right,3,0.41025641025641024,2,both_hflip,0.31458815932273865,0.4090939462184906,-0.09450578689575195
2026_08_17_02_29_03_938361_L1_left_C2,left,right,3,0.41025641025641024,3,original,0.3469647467136383,0.3538418114185333,-0.0068770647048950195
2026_08_17_02_29_03_938361_L1_left_C2,left,right,3,0.41025641025641024,3,exterior_hflip,0.3132987916469574,0.38076066970825195,-0.06746187806129456
2026_08_17_02_29_03_938361_L1_left_C2,left,right,3,0.41025641025641024,3,wrist_hflip,0.2639786899089813,0.2774720788002014,-0.013493388891220093
2026_08_17_02_29_03_938361_L1_left_C2,left,right,3,0.41025641025641024,3,both_hflip,0.26127323508262634,0.34548234939575195,-0.08420911431312561
2026_08_17_02_29_03_938361_L1_left_C2,left,right,3,0.41025641025641024,4,original,0.27814537286758423,0.2837831676006317,-0.005637794733047485
2026_08_17_02_29_03_938361_L1_left_C2,left,right,3,0.41025641025641024,4,exterior_hflip,0.2765676975250244,0.3427097797393799,-0.06614208221435547
2026_08_17_02_29_03_938361_L1_left_C2,left,right,3,0.41025641025641024,4,wrist_hflip,0.26414042711257935,0.2735314965248108,-0.009391069412231445
2026_08_17_02_29_03_938361_L1_left_C2,left,right,3,0.41025641025641024,4,both_hflip,0.2648789584636688,0.33282411098480225,-0.06794515252113342
2026_08_17_02_29_03_938361_L1_left_C2,left,right,3,0.41025641025641024,5,original,0.35045623779296875,0.3613245189189911,-0.010868281126022339
2026_08_17_02_29_03_938361_L1_left_C2,left,right,3,0.41025641025641024,5,exterior_hflip,0.31737813353538513,0.39205631613731384,-0.07467818260192871
2026_08_17_02_29_03_938361_L1_left_C2,left,right,3,0.41025641025641024,5,wrist_hflip,0.3363482654094696,0.33413878083229065,0.002209484577178955
2026_08_17_02_29_03_938361_L1_left_C2,left,right,3,0.41025641025641024,5,both_hflip,0.29785165190696716,0.3955422043800354,-0.09769055247306824
2026_08_17_02_29_03_938361_L1_left_C2,left,right,3,0.41025641025641024,6,original,0.4630058705806732,0.47030019760131836,-0.007294327020645142
2026_08_17_02_29_03_938361_L1_left_C2,left,right,3,0.41025641025641024,6,exterior_hflip,0.4375312328338623,0.49217498302459717,-0.05464375019073486
2026_08_17_02_29_03_938361_L1_left_C2,left,right,3,0.41025641025641024,6,wrist_hflip,0.449118047952652,0.4633153975009918,-0.014197349548339844
2026_08_17_02_29_03_938361_L1_left_C2,left,right,3,0.41025641025641024,6,both_hflip,0.4351280927658081,0.49684983491897583,-0.061721742153167725
2026_08_17_02_29_03_938361_L1_left_C2,left,right,3,0.41025641025641024,7,original,0.4673119783401489,0.4844508767127991,-0.017138898372650146
2026_08_17_02_29_03_938361_L1_left_C2,left,right,3,0.41025641025641024,7,exterior_hflip,0.3949095606803894,0.49589431285858154,-0.10098475217819214
2026_08_17_02_29_03_938361_L1_left_C2,left,right,3,0.41025641025641024,7,wrist_hflip,0.4266735315322876,0.45561474561691284,-0.028941214084625244
2026_08_17_02_29_03_938361_L1_left_C2,left,right,3,0.41025641025641024,7,both_hflip,0.3795921206474304,0.49201709032058716,-0.11242496967315674
2026_08_17_02_29_03_938361_L1_left_C2,left,right,3,0.41025641025641024,8,original,0.38881152868270874,0.40634411573410034,-0.0175325870513916
2026_08_17_02_29_03_938361_L1_left_C2,left,right,3,0.41025641025641024,8,exterior_hflip,0.3526427447795868,0.4227619767189026,-0.0701192319393158
2026_08_17_02_29_03_938361_L1_left_C2,left,right,3,0.41025641025641024,8,wrist_hflip,0.3418118953704834,0.36045756936073303,-0.018645673990249634
2026_08_17_02_29_03_938361_L1_left_C2,left,right,3,0.41025641025641024,8,both_hflip,0.3155248463153839,0.4130001664161682,-0.0974753201007843
2026_08_17_02_29_03_938361_L1_left_C2,left,right,3,0.41025641025641024,9,original,0.40603405237197876,0.4167214334011078,-0.010687381029129028
2026_08_17_02_29_03_938361_L1_left_C2,left,right,3,0.41025641025641024,9,exterior_hflip,0.356638103723526,0.435946524143219,-0.079308420419693
2026_08_17_02_29_03_938361_L1_left_C2,left,right,3,0.41025641025641024,9,wrist_hflip,0.35002851486206055,0.35675737261772156,-0.006728857755661011
2026_08_17_02_29_03_938361_L1_left_C2,left,right,3,0.41025641025641024,9,both_hflip,0.32850193977355957,0.41705322265625,-0.08855128288269043
2026_08_17_02_29_03_938361_L1_left_C2,left,right,4,0.5128205128205128,0,original,0.4410156011581421,0.4193893074989319,0.021626293659210205
2026_08_17_02_29_03_938361_L1_left_C2,left,right,4,0.5128205128205128,0,exterior_hflip,0.4321362376213074,0.422030508518219,0.010105729103088379
2026_08_17_02_29_03_938361_L1_left_C2,left,right,4,0.5128205128205128,0,wrist_hflip,0.40942054986953735,0.4461110234260559,-0.036690473556518555
2026_08_17_02_29_03_938361_L1_left_C2,left,right,4,0.5128205128205128,0,both_hflip,0.40710771083831787,0.44383013248443604,-0.036722421646118164
2026_08_17_02_29_03_938361_L1_left_C2,left,right,4,0.5128205128205128,1,original,0.31394845247268677,0.28740382194519043,0.026544630527496338
2026_08_17_02_29_03_938361_L1_left_C2,left,right,4,0.5128205128205128,1,exterior_hflip,0.3183315396308899,0.31668156385421753,0.0016499757766723633
2026_08_17_02_29_03_938361_L1_left_C2,left,right,4,0.5128205128205128,1,wrist_hflip,0.25496673583984375,0.27671578526496887,-0.021749049425125122
2026_08_17_02_29_03_938361_L1_left_C2,left,right,4,0.5128205128205128,1,both_hflip,0.2672755718231201,0.31293290853500366,-0.045657336711883545
2026_08_17_02_29_03_938361_L1_left_C2,left,right,4,0.5128205128205128,2,original,0.34893786907196045,0.3230428695678711,0.025894999504089355
2026_08_17_02_29_03_938361_L1_left_C2,left,right,4,0.5128205128205128,2,exterior_hflip,0.35351574420928955,0.327663391828537,0.025852352380752563
2026_08_17_02_29_03_938361_L1_left_C2,left,right,4,0.5128205128205128,2,wrist_hflip,0.3214605152606964,0.3428444266319275,-0.02138391137123108
2026_08_17_02_29_03_938361_L1_left_C2,left,right,4,0.5128205128205128,2,both_hflip,0.3242999315261841,0.34491896629333496,-0.02061903476715088
2026_08_17_02_29_03_938361_L1_left_C2,left,right,4,0.5128205128205128,3,original,0.3452731966972351,0.31000807881355286,0.03526511788368225
2026_08_17_02_29_03_938361_L1_left_C2,left,right,4,0.5128205128205128,3,exterior_hflip,0.3271752595901489,0.30872294306755066,0.018452316522598267
2026_08_17_02_29_03_938361_L1_left_C2,left,right,4,0.5128205128205128,3,wrist_hflip,0.2976866364479065,0.32117319107055664,-0.023486554622650146
2026_08_17_02_29_03_938361_L1_left_C2,left,right,4,0.5128205128205128,3,both_hflip,0.29057392477989197,0.30831778049468994,-0.017743855714797974
2026_08_17_02_29_03_938361_L1_left_C2,left,right,4,0.5128205128205128,4,original,0.4571654796600342,0.4053556025028229,0.051809877157211304
2026_08_17_02_29_03_938361_L1_left_C2,left,right,4,0.5128205128205128,4,exterior_hflip,0.45626434683799744,0.4325069189071655,0.02375742793083191
2026_08_17_02_29_03_938361_L1_left_C2,left,right,4,0.5128205128205128,4,wrist_hflip,0.3889566957950592,0.3949139416217804,-0.005957245826721191
2026_08_17_02_29_03_938361_L1_left_C2,left,right,4,0.5128205128205128,4,both_hflip,0.39366841316223145,0.42435216903686523,-0.03068375587463379
2026_08_17_02_29_03_938361_L1_left_C2,left,right,4,0.5128205128205128,5,original,0.27323174476623535,0.22163251042366028,0.05159923434257507
2026_08_17_02_29_03_938361_L1_left_C2,left,right,4,0.5128205128205128,5,exterior_hflip,0.2688598334789276,0.26229238510131836,0.006567448377609253
2026_08_17_02_29_03_938361_L1_left_C2,left,right,4,0.5128205128205128,5,wrist_hflip,0.20593421161174774,0.20348206162452698,0.002452149987220764
2026_08_17_02_29_03_938361_L1_left_C2,left,right,4,0.5128205128205128,5,both_hflip,0.2030523121356964,0.24013617634773254,-0.03708386421203613
2026_08_17_02_29_03_938361_L1_left_C2,left,right,4,0.5128205128205128,6,original,0.2598504424095154,0.22670182585716248,0.033148616552352905
2026_08_17_02_29_03_938361_L1_left_C2,left,right,4,0.5128205128205128,6,exterior_hflip,0.26982933282852173,0.26032841205596924,0.00950092077255249
2026_08_17_02_29_03_938361_L1_left_C2,left,right,4,0.5128205128205128,6,wrist_hflip,0.20445731282234192,0.21678383648395538,-0.012326523661613464
2026_08_17_02_29_03_938361_L1_left_C2,left,right,4,0.5128205128205128,6,both_hflip,0.2043718546628952,0.23168346285820007,-0.02731160819530487
2026_08_17_02_29_03_938361_L1_left_C2,left,right,4,0.5128205128205128,7,original,0.3051486313343048,0.2875005602836609,0.01764807105064392
2026_08_17_02_29_03_938361_L1_left_C2,left,right,4,0.5128205128205128,7,exterior_hflip,0.3043932020664215,0.3021650016307831,0.0022282004356384277
2026_08_17_02_29_03_938361_L1_left_C2,left,right,4,0.5128205128205128,7,wrist_hflip,0.2869052588939667,0.30683672428131104,-0.01993146538734436
2026_08_17_02_29_03_938361_L1_left_C2,left,right,4,0.5128205128205128,7,both_hflip,0.28413957357406616,0.3059568703174591,-0.021817296743392944
2026_08_17_02_29_03_938361_L1_left_C2,left,right,4,0.5128205128205128,8,original,0.2677744925022125,0.23295848071575165,0.034816011786460876
2026_08_17_02_29_03_938361_L1_left_C2,left,right,4,0.5128205128205128,8,exterior_hflip,0.26688477396965027,0.26317521929740906,0.003709554672241211
2026_08_17_02_29_03_938361_L1_left_C2,left,right,4,0.5128205128205128,8,wrist_hflip,0.21778273582458496,0.22795823216438293,-0.010175496339797974
2026_08_17_02_29_03_938361_L1_left_C2,left,right,4,0.5128205128205128,8,both_hflip,0.21681056916713715,0.23112094402313232,-0.014310374855995178
2026_08_17_02_29_03_938361_L1_left_C2,left,right,4,0.5128205128205128,9,original,0.3671785593032837,0.33471107482910156,0.03246748447418213
2026_08_17_02_29_03_938361_L1_left_C2,left,right,4,0.5128205128205128,9,exterior_hflip,0.3669445514678955,0.3585365116596222,0.008408039808273315
2026_08_17_02_29_03_938361_L1_left_C2,left,right,4,0.5128205128205128,9,wrist_hflip,0.3252183794975281,0.3476341962814331,-0.02241581678390503
2026_08_17_02_29_03_938361_L1_left_C2,left,right,4,0.5128205128205128,9,both_hflip,0.3194340169429779,0.35479333996772766,-0.035359323024749756
2026_08_17_02_29_03_938361_L1_left_C2,left,right,5,0.6153846153846154,0,original,0.3866266906261444,0.364404559135437,0.022222131490707397
2026_08_17_02_29_03_938361_L1_left_C2,left,right,5,0.6153846153846154,0,exterior_hflip,0.3816010355949402,0.3724784255027771,0.009122610092163086
2026_08_17_02_29_03_938361_L1_left_C2,left,right,5,0.6153846153846154,0,wrist_hflip,0.3625866174697876,0.36620116233825684,-0.0036145448684692383
2026_08_17_02_29_03_938361_L1_left_C2,left,right,5,0.6153846153846154,0,both_hflip,0.3409879505634308,0.3367602229118347,0.004227727651596069
2026_08_17_02_29_03_938361_L1_left_C2,left,right,5,0.6153846153846154,1,original,0.3508102297782898,0.33166414499282837,0.019146084785461426
2026_08_17_02_29_03_938361_L1_left_C2,left,right,5,0.6153846153846154,1,exterior_hflip,0.3476957082748413,0.3349354565143585,0.012760251760482788
2026_08_17_02_29_03_938361_L1_left_C2,left,right,5,0.6153846153846154,1,wrist_hflip,0.35015031695365906,0.3493386507034302,0.0008116662502288818
2026_08_17_02_29_03_938361_L1_left_C2,left,right,5,0.6153846153846154,1,both_hflip,0.33445727825164795,0.3248240649700165,0.00963321328163147
2026_08_17_02_29_03_938361_L1_left_C2,left,right,5,0.6153846153846154,2,original,0.277174711227417,0.2586885988712311,0.018486112356185913
2026_08_17_02_29_03_938361_L1_left_C2,left,right,5,0.6153846153846154,2,exterior_hflip,0.29393571615219116,0.2806902229785919,0.013245493173599243
2026_08_17_02_29_03_938361_L1_left_C2,left,right,5,0.6153846153846154,2,wrist_hflip,0.27155837416648865,0.2648976445198059,0.006660729646682739
2026_08_17_02_29_03_938361_L1_left_C2,left,right,5,0.6153846153846154,2,both_hflip,0.26574116945266724,0.25799351930618286,0.007747650146484375
2026_08_17_02_29_03_938361_L1_left_C2,left,right,5,0.6153846153846154,3,original,0.24642539024353027,0.2217089682817459,0.024716421961784363
2026_08_17_02_29_03_938361_L1_left_C2,left,right,5,0.6153846153846154,3,exterior_hflip,0.2733924984931946,0.26034724712371826,0.013045251369476318
2026_08_17_02_29_03_938361_L1_left_C2,left,right,5,0.6153846153846154,3,wrist_hflip,0.23158657550811768,0.22825948894023895,0.003327086567878723
2026_08_17_02_29_03_938361_L1_left_C2,left,right,5,0.6153846153846154,3,both_hflip,0.23946507275104523,0.23388908803462982,0.005575984716415405
2026_08_17_02_29_03_938361_L1_left_C2,left,right,5,0.6153846153846154,4,original,0.33690550923347473,0.31358620524406433,0.0233193039894104
2026_08_17_02_29_03_938361_L1_left_C2,left,right,5,0.6153846153846154,4,exterior_hflip,0.3495950400829315,0.33268266916275024,0.016912370920181274
2026_08_17_02_29_03_938361_L1_left_C2,left,right,5,0.6153846153846154,4,wrist_hflip,0.3203416168689728,0.3273186683654785,-0.006977051496505737
2026_08_17_02_29_03_938361_L1_left_C2,left,right,5,0.6153846153846154,4,both_hflip,0.3124651610851288,0.31494420766830444,-0.002479046583175659
2026_08_17_02_29_03_938361_L1_left_C2,left,right,5,0.6153846153846154,5,original,0.38618165254592896,0.3608836233615875,0.02529802918434143
2026_08_17_02_29_03_938361_L1_left_C2,left,right,5,0.6153846153846154,5,exterior_hflip,0.38745805621147156,0.37831977009773254,0.009138286113739014
2026_08_17_02_29_03_938361_L1_left_C2,left,right,5,0.6153846153846154,5,wrist_hflip,0.3668961524963379,0.3652893304824829,0.0016068220138549805
2026_08_17_02_29_03_938361_L1_left_C2,left,right,5,0.6153846153846154,5,both_hflip,0.3578159809112549,0.35244137048721313,0.005374610424041748
2026_08_17_02_29_03_938361_L1_left_C2,left,right,5,0.6153846153846154,6,original,0.22565332055091858,0.2064514011144638,0.019201919436454773
2026_08_17_02_29_03_938361_L1_left_C2,left,right,5,0.6153846153846154,6,exterior_hflip,0.2389613538980484,0.22223617136478424,0.01672518253326416
2026_08_17_02_29_03_938361_L1_left_C2,left,right,5,0.6153846153846154,6,wrist_hflip,0.23525236546993256,0.22538575530052185,0.009866610169410706
2026_08_17_02_29_03_938361_L1_left_C2,left,right,5,0.6153846153846154,6,both_hflip,0.22976508736610413,0.2158709466457367,0.013894140720367432
2026_08_17_02_29_03_938361_L1_left_C2,left,right,5,0.6153846153846154,7,original,0.21080976724624634,0.19488351047039032,0.015926256775856018
2026_08_17_02_29_03_938361_L1_left_C2,left,right,5,0.6153846153846154,7,exterior_hflip,0.2215126007795334,0.21422484517097473,0.007287755608558655
2026_08_17_02_29_03_938361_L1_left_C2,left,right,5,0.6153846153846154,7,wrist_hflip,0.20323817431926727,0.19729629158973694,0.0059418827295303345
2026_08_17_02_29_03_938361_L1_left_C2,left,right,5,0.6153846153846154,7,both_hflip,0.2097463309764862,0.19923000037670135,0.010516330599784851
2026_08_17_02_29_03_938361_L1_left_C2,left,right,5,0.6153846153846154,8,original,0.3282220959663391,0.3014666438102722,0.026755452156066895
2026_08_17_02_29_03_938361_L1_left_C2,left,right,5,0.6153846153846154,8,exterior_hflip,0.34997376799583435,0.33150967955589294,0.018464088439941406
2026_08_17_02_29_03_938361_L1_left_C2,left,right,5,0.6153846153846154,8,wrist_hflip,0.3075777292251587,0.3108745217323303,-0.003296792507171631
2026_08_17_02_29_03_938361_L1_left_C2,left,right,5,0.6153846153846154,8,both_hflip,0.3017794191837311,0.29921776056289673,0.0025616586208343506
2026_08_17_02_29_03_938361_L1_left_C2,left,right,5,0.6153846153846154,9,original,0.255163311958313,0.24240624904632568,0.012757062911987305
2026_08_17_02_29_03_938361_L1_left_C2,left,right,5,0.6153846153846154,9,exterior_hflip,0.2639010548591614,0.24835152924060822,0.015549525618553162
2026_08_17_02_29_03_938361_L1_left_C2,left,right,5,0.6153846153846154,9,wrist_hflip,0.2566611170768738,0.2508448660373688,0.005816251039505005
2026_08_17_02_29_03_938361_L1_left_C2,left,right,5,0.6153846153846154,9,both_hflip,0.2548443078994751,0.24054470658302307,0.014299601316452026
2026_08_17_02_29_03_938361_L1_left_C2,left,right,6,0.717948717948718,0,original,0.20791715383529663,0.2008056342601776,0.0071115195751190186
2026_08_17_02_29_03_938361_L1_left_C2,left,right,6,0.717948717948718,0,exterior_hflip,0.20573681592941284,0.20534729957580566,0.00038951635360717773
2026_08_17_02_29_03_938361_L1_left_C2,left,right,6,0.717948717948718,0,wrist_hflip,0.25209906697273254,0.244357630610466,0.0077414363622665405
2026_08_17_02_29_03_938361_L1_left_C2,left,right,6,0.717948717948718,0,both_hflip,0.25642237067222595,0.24451962113380432,0.01190274953842163
2026_08_17_02_29_03_938361_L1_left_C2,left,right,6,0.717948717948718,1,original,0.20215147733688354,0.19531522691249847,0.006836250424385071
2026_08_17_02_29_03_938361_L1_left_C2,left,right,6,0.717948717948718,1,exterior_hflip,0.20072150230407715,0.20039327442646027,0.0003282278776168823
2026_08_17_02_29_03_938361_L1_left_C2,left,right,6,0.717948717948718,1,wrist_hflip,0.24914848804473877,0.24149177968502045,0.007656708359718323
2026_08_17_02_29_03_938361_L1_left_C2,left,right,6,0.717948717948718,1,both_hflip,0.2536151111125946,0.2473154067993164,0.006299704313278198
2026_08_17_02_29_03_938361_L1_left_C2,left,right,6,0.717948717948718,2,original,0.2218155860900879,0.21492771804332733,0.006887868046760559
2026_08_17_02_29_03_938361_L1_left_C2,left,right,6,0.717948717948718,2,exterior_hflip,0.21782684326171875,0.21719297766685486,0.0006338655948638916
2026_08_17_02_29_03_938361_L1_left_C2,left,right,6,0.717948717948718,2,wrist_hflip,0.27278226613998413,0.26607105135917664,0.006711214780807495
2026_08_17_02_29_03_938361_L1_left_C2,left,right,6,0.717948717948718,2,both_hflip,0.28398334980010986,0.276468962430954,0.007514387369155884
2026_08_17_02_29_03_938361_L1_left_C2,left,right,6,0.717948717948718,3,original,0.31137049198150635,0.30231040716171265,0.009060084819793701
2026_08_17_02_29_03_938361_L1_left_C2,left,right,6,0.717948717948718,3,exterior_hflip,0.3053431510925293,0.3104417622089386,-0.005098611116409302
2026_08_17_02_29_03_938361_L1_left_C2,left,right,6,0.717948717948718,3,wrist_hflip,0.3750649392604828,0.36752232909202576,0.007542610168457031
2026_08_17_02_29_03_938361_L1_left_C2,left,right,6,0.717948717948718,3,both_hflip,0.3674726188182831,0.35932615399360657,0.008146464824676514
2026_08_17_02_29_03_938361_L1_left_C2,left,right,6,0.717948717948718,4,original,0.2882654666900635,0.2780452072620392,0.010220259428024292
2026_08_17_02_29_03_938361_L1_left_C2,left,right,6,0.717948717948718,4,exterior_hflip,0.2867331802845001,0.2874303162097931,-0.0006971359252929688
2026_08_17_02_29_03_938361_L1_left_C2,left,right,6,0.717948717948718,4,wrist_hflip,0.339464396238327,0.3299824595451355,0.009481936693191528
2026_08_17_02_29_03_938361_L1_left_C2,left,right,6,0.717948717948718,4,both_hflip,0.33442240953445435,0.32887932658195496,0.00554308295249939
2026_08_17_02_29_03_938361_L1_left_C2,left,right,6,0.717948717948718,5,original,0.19318737089633942,0.18664072453975677,0.006546646356582642
2026_08_17_02_29_03_938361_L1_left_C2,left,right,6,0.717948717948718,5,exterior_hflip,0.18762768805027008,0.18932479619979858,-0.0016971081495285034
2026_08_17_02_29_03_938361_L1_left_C2,left,right,6,0.717948717948718,5,wrist_hflip,0.2400459349155426,0.23359721899032593,0.006448715925216675
2026_08_17_02_29_03_938361_L1_left_C2,left,right,6,0.717948717948718,5,both_hflip,0.24167919158935547,0.23310557007789612,0.00857362151145935
2026_08_17_02_29_03_938361_L1_left_C2,left,right,6,0.717948717948718,6,original,0.23577512800693512,0.22738440334796906,0.008390724658966064
2026_08_17_02_29_03_938361_L1_left_C2,left,right,6,0.717948717948718,6,exterior_hflip,0.2291075438261032,0.23178353905677795,-0.0026759952306747437
2026_08_17_02_29_03_938361_L1_left_C2,left,right,6,0.717948717948718,6,wrist_hflip,0.28491273522377014,0.27828046679496765,0.00663226842880249
2026_08_17_02_29_03_938361_L1_left_C2,left,right,6,0.717948717948718,6,both_hflip,0.274813711643219,0.2723958492279053,0.0024178624153137207
2026_08_17_02_29_03_938361_L1_left_C2,left,right,6,0.717948717948718,7,original,0.34221410751342773,0.32659825682640076,0.015615850687026978
2026_08_17_02_29_03_938361_L1_left_C2,left,right,6,0.717948717948718,7,exterior_hflip,0.33186113834381104,0.3355637490749359,-0.003702610731124878
2026_08_17_02_29_03_938361_L1_left_C2,left,right,6,0.717948717948718,7,wrist_hflip,0.3972896933555603,0.38664984703063965,0.010639846324920654
2026_08_17_02_29_03_938361_L1_left_C2,left,right,6,0.717948717948718,7,both_hflip,0.3771747350692749,0.36897093057632446,0.00820380449295044
2026_08_17_02_29_03_938361_L1_left_C2,left,right,6,0.717948717948718,8,original,0.19996874034404755,0.19365637004375458,0.006312370300292969
2026_08_17_02_29_03_938361_L1_left_C2,left,right,6,0.717948717948718,8,exterior_hflip,0.19868679344654083,0.19963885843753815,-0.0009520649909973145
2026_08_17_02_29_03_938361_L1_left_C2,left,right,6,0.717948717948718,8,wrist_hflip,0.2482144832611084,0.24099470674991608,0.007219776511192322
2026_08_17_02_29_03_938361_L1_left_C2,left,right,6,0.717948717948718,8,both_hflip,0.25661957263946533,0.24496224522590637,0.01165732741355896
2026_08_17_02_29_03_938361_L1_left_C2,left,right,6,0.717948717948718,9,original,0.20301051437854767,0.19467023015022278,0.00834028422832489
2026_08_17_02_29_03_938361_L1_left_C2,left,right,6,0.717948717948718,9,exterior_hflip,0.20260557532310486,0.20231758058071136,0.00028799474239349365
2026_08_17_02_29_03_938361_L1_left_C2,left,right,6,0.717948717948718,9,wrist_hflip,0.24761326611042023,0.2403268665075302,0.007286399602890015
2026_08_17_02_29_03_938361_L1_left_C2,left,right,6,0.717948717948718,9,both_hflip,0.2450232207775116,0.24321864545345306,0.0018045753240585327
2026_08_17_02_29_03_938361_L1_left_C2,left,right,7,0.8205128205128205,0,original,0.33251142501831055,0.33391496539115906,-0.0014035403728485107
2026_08_17_02_29_03_938361_L1_left_C2,left,right,7,0.8205128205128205,0,exterior_hflip,0.3205711245536804,0.32935193181037903,-0.008780807256698608
2026_08_17_02_29_03_938361_L1_left_C2,left,right,7,0.8205128205128205,0,wrist_hflip,0.2994805872440338,0.30071595311164856,-0.001235365867614746
2026_08_17_02_29_03_938361_L1_left_C2,left,right,7,0.8205128205128205,0,both_hflip,0.31058526039123535,0.31713077425956726,-0.006545513868331909
2026_08_17_02_29_03_938361_L1_left_C2,left,right,7,0.8205128205128205,1,original,0.22599849104881287,0.22934240102767944,-0.003343909978866577
2026_08_17_02_29_03_938361_L1_left_C2,left,right,7,0.8205128205128205,1,exterior_hflip,0.21243461966514587,0.21679061651229858,-0.00435599684715271
2026_08_17_02_29_03_938361_L1_left_C2,left,right,7,0.8205128205128205,1,wrist_hflip,0.17911216616630554,0.1789976805448532,0.00011448562145233154
2026_08_17_02_29_03_938361_L1_left_C2,left,right,7,0.8205128205128205,1,both_hflip,0.1975739300251007,0.19914743304252625,-0.0015735030174255371
2026_08_17_02_29_03_938361_L1_left_C2,left,right,7,0.8205128205128205,2,original,0.32932040095329285,0.32734784483909607,0.0019725561141967773
2026_08_17_02_29_03_938361_L1_left_C2,left,right,7,0.8205128205128205,2,exterior_hflip,0.3062058091163635,0.3201347887516022,-0.013928979635238647
2026_08_17_02_29_03_938361_L1_left_C2,left,right,7,0.8205128205128205,2,wrist_hflip,0.2873540222644806,0.286214143037796,0.0011398792266845703
2026_08_17_02_29_03_938361_L1_left_C2,left,right,7,0.8205128205128205,2,both_hflip,0.2969135642051697,0.3063783049583435,-0.009464740753173828
2026_08_17_02_29_03_938361_L1_left_C2,left,right,7,0.8205128205128205,3,original,0.3418920636177063,0.34165769815444946,0.00023436546325683594
2026_08_17_02_29_03_938361_L1_left_C2,left,right,7,0.8205128205128205,3,exterior_hflip,0.323304682970047,0.33635589480400085,-0.013051211833953857
2026_08_17_02_29_03_938361_L1_left_C2,left,right,7,0.8205128205128205,3,wrist_hflip,0.30695030093193054,0.3047979474067688,0.002152353525161743
2026_08_17_02_29_03_938361_L1_left_C2,left,right,7,0.8205128205128205,3,both_hflip,0.3121809959411621,0.3199382722377777,-0.007757276296615601
2026_08_17_02_29_03_938361_L1_left_C2,left,right,7,0.8205128205128205,4,original,0.30381226539611816,0.30420053005218506,-0.00038826465606689453
2026_08_17_02_29_03_938361_L1_left_C2,left,right,7,0.8205128205128205,4,exterior_hflip,0.2913934588432312,0.2984604239463806,-0.007066965103149414
2026_08_17_02_29_03_938361_L1_left_C2,left,right,7,0.8205128205128205,4,wrist_hflip,0.2782596945762634,0.2755855619907379,0.0026741325855255127
2026_08_17_02_29_03_938361_L1_left_C2,left,right,7,0.8205128205128205,4,both_hflip,0.28124189376831055,0.2856188118457794,-0.004376918077468872
2026_08_17_02_29_03_938361_L1_left_C2,left,right,7,0.8205128205128205,5,original,0.37381428480148315,0.37439557909965515,-0.0005812942981719971
2026_08_17_02_29_03_938361_L1_left_C2,left,right,7,0.8205128205128205,5,exterior_hflip,0.34133464097976685,0.3582271933555603,-0.016892552375793457
2026_08_17_02_29_03_938361_L1_left_C2,left,right,7,0.8205128205128205,5,wrist_hflip,0.32956650853157043,0.331432044506073,-0.0018655359745025635
2026_08_17_02_29_03_938361_L1_left_C2,left,right,7,0.8205128205128205,5,both_hflip,0.326770544052124,0.3363676369190216,-0.009597092866897583
2026_08_17_02_29_03_938361_L1_left_C2,left,right,7,0.8205128205128205,6,original,0.3030727207660675,0.3030262589454651,4.646182060241699e-05
2026_08_17_02_29_03_938361_L1_left_C2,left,right,7,0.8205128205128205,6,exterior_hflip,0.2864339351654053,0.29717159271240234,-0.01073765754699707
2026_08_17_02_29_03_938361_L1_left_C2,left,right,7,0.8205128205128205,6,wrist_hflip,0.26862263679504395,0.2686237096786499,-1.0728836059570312e-06
2026_08_17_02_29_03_938361_L1_left_C2,left,right,7,0.8205128205128205,6,both_hflip,0.27307236194610596,0.28073200583457947,-0.007659643888473511
2026_08_17_02_29_03_938361_L1_left_C2,left,right,7,0.8205128205128205,7,original,0.2706623375415802,0.2699659764766693,0.0006963610649108887
2026_08_17_02_29_03_938361_L1_left_C2,left,right,7,0.8205128205128205,7,exterior_hflip,0.26121920347213745,0.26915186643600464,-0.007932662963867188
2026_08_17_02_29_03_938361_L1_left_C2,left,right,7,0.8205128205128205,7,wrist_hflip,0.24054233729839325,0.237064391374588,0.003477945923805237
2026_08_17_02_29_03_938361_L1_left_C2,left,right,7,0.8205128205128205,7,both_hflip,0.2527623772621155,0.25413447618484497,-0.0013720989227294922
2026_08_17_02_29_03_938361_L1_left_C2,left,right,7,0.8205128205128205,8,original,0.29324308037757874,0.2905880808830261,0.0026549994945526123
2026_08_17_02_29_03_938361_L1_left_C2,left,right,7,0.8205128205128205,8,exterior_hflip,0.2714917063713074,0.28655561804771423,-0.01506391167640686
2026_08_17_02_29_03_938361_L1_left_C2,left,right,7,0.8205128205128205,8,wrist_hflip,0.2468244582414627,0.24297165870666504,0.0038527995347976685
2026_08_17_02_29_03_938361_L1_left_C2,left,right,7,0.8205128205128205,8,both_hflip,0.2575334906578064,0.26547157764434814,-0.007938086986541748
2026_08_17_02_29_03_938361_L1_left_C2,left,right,7,0.8205128205128205,9,original,0.2361917346715927,0.23783548176288605,-0.001643747091293335
2026_08_17_02_29_03_938361_L1_left_C2,left,right,7,0.8205128205128205,9,exterior_hflip,0.22343753278255463,0.22893697023391724,-0.00549943745136261
2026_08_17_02_29_03_938361_L1_left_C2,left,right,7,0.8205128205128205,9,wrist_hflip,0.20088660717010498,0.19628776609897614,0.004598841071128845
2026_08_17_02_29_03_938361_L1_left_C2,left,right,7,0.8205128205128205,9,both_hflip,0.21177345514297485,0.21347659826278687,-0.0017031431198120117
2026_08_17_02_29_03_938361_L1_left_C2,left,right,8,0.9230769230769231,0,original,0.31469202041625977,0.3219347894191742,-0.007242769002914429
2026_08_17_02_29_03_938361_L1_left_C2,left,right,8,0.9230769230769231,0,exterior_hflip,0.30035915970802307,0.30692002177238464,-0.006560862064361572
2026_08_17_02_29_03_938361_L1_left_C2,left,right,8,0.9230769230769231,0,wrist_hflip,0.24017375707626343,0.2518545985221863,-0.011680841445922852
2026_08_17_02_29_03_938361_L1_left_C2,left,right,8,0.9230769230769231,0,both_hflip,0.2453797161579132,0.25736334919929504,-0.011983633041381836
2026_08_17_02_29_03_938361_L1_left_C2,left,right,8,0.9230769230769231,1,original,0.28191620111465454,0.28871071338653564,-0.0067945122718811035
2026_08_17_02_29_03_938361_L1_left_C2,left,right,8,0.9230769230769231,1,exterior_hflip,0.2769099175930023,0.2843659818172455,-0.007456064224243164
2026_08_17_02_29_03_938361_L1_left_C2,left,right,8,0.9230769230769231,1,wrist_hflip,0.2394505739212036,0.2578831911087036,-0.0184326171875
2026_08_17_02_29_03_938361_L1_left_C2,left,right,8,0.9230769230769231,1,both_hflip,0.25379642844200134,0.27031776309013367,-0.016521334648132324
2026_08_17_02_29_03_938361_L1_left_C2,left,right,8,0.9230769230769231,2,original,0.3352428078651428,0.34164220094680786,-0.006399393081665039
2026_08_17_02_29_03_938361_L1_left_C2,left,right,8,0.9230769230769231,2,exterior_hflip,0.32179710268974304,0.3265339434146881,-0.004736840724945068
2026_08_17_02_29_03_938361_L1_left_C2,left,right,8,0.9230769230769231,2,wrist_hflip,0.2624700367450714,0.27955782413482666,-0.01708778738975525
2026_08_17_02_29_03_938361_L1_left_C2,left,right,8,0.9230769230769231,2,both_hflip,0.2623201608657837,0.2760138213634491,-0.013693660497665405
2026_08_17_02_29_03_938361_L1_left_C2,left,right,8,0.9230769230769231,3,original,0.28999441862106323,0.29709169268608093,-0.0070972740650177
2026_08_17_02_29_03_938361_L1_left_C2,left,right,8,0.9230769230769231,3,exterior_hflip,0.27618035674095154,0.28459781408309937,-0.008417457342147827
2026_08_17_02_29_03_938361_L1_left_C2,left,right,8,0.9230769230769231,3,wrist_hflip,0.23894920945167542,0.24972273409366608,-0.010773524641990662
2026_08_17_02_29_03_938361_L1_left_C2,left,right,8,0.9230769230769231,3,both_hflip,0.24318233132362366,0.25493574142456055,-0.01175341010093689
2026_08_17_02_29_03_938361_L1_left_C2,left,right,8,0.9230769230769231,4,original,0.3722839951515198,0.3762587606906891,-0.0039747655391693115
2026_08_17_02_29_03_938361_L1_left_C2,left,right,8,0.9230769230769231,4,exterior_hflip,0.3590095341205597,0.37003809213638306,-0.011028558015823364
2026_08_17_02_29_03_938361_L1_left_C2,left,right,8,0.9230769230769231,4,wrist_hflip,0.30047065019607544,0.31677818298339844,-0.016307532787322998
2026_08_17_02_29_03_938361_L1_left_C2,left,right,8,0.9230769230769231,4,both_hflip,0.3093603253364563,0.3250267505645752,-0.015666425228118896
2026_08_17_02_29_03_938361_L1_left_C2,left,right,8,0.9230769230769231,5,original,0.3859860301017761,0.3893900215625763,-0.003403991460800171
2026_08_17_02_29_03_938361_L1_left_C2,left,right,8,0.9230769230769231,5,exterior_hflip,0.3715227246284485,0.3873235583305359,-0.015800833702087402
2026_08_17_02_29_03_938361_L1_left_C2,left,right,8,0.9230769230769231,5,wrist_hflip,0.32339566946029663,0.33165425062179565,-0.008258581161499023
2026_08_17_02_29_03_938361_L1_left_C2,left,right,8,0.9230769230769231,5,both_hflip,0.3280947208404541,0.34193989634513855,-0.013845175504684448
2026_08_17_02_29_03_938361_L1_left_C2,left,right,8,0.9230769230769231,6,original,0.3422256410121918,0.346099853515625,-0.0038742125034332275
2026_08_17_02_29_03_938361_L1_left_C2,left,right,8,0.9230769230769231,6,exterior_hflip,0.3276534676551819,0.33862513303756714,-0.010971665382385254
2026_08_17_02_29_03_938361_L1_left_C2,left,right,8,0.9230769230769231,6,wrist_hflip,0.2811181843280792,0.2923904359340668,-0.011272251605987549
2026_08_17_02_29_03_938361_L1_left_C2,left,right,8,0.9230769230769231,6,both_hflip,0.2865806519985199,0.2974051833152771,-0.010824531316757202
2026_08_17_02_29_03_938361_L1_left_C2,left,right,8,0.9230769230769231,7,original,0.3392678499221802,0.34001731872558594,-0.0007494688034057617
2026_08_17_02_29_03_938361_L1_left_C2,left,right,8,0.9230769230769231,7,exterior_hflip,0.3246399760246277,0.337419331073761,-0.0127793550491333
2026_08_17_02_29_03_938361_L1_left_C2,left,right,8,0.9230769230769231,7,wrist_hflip,0.2682780623435974,0.2807386815547943,-0.0124606192111969
2026_08_17_02_29_03_938361_L1_left_C2,left,right,8,0.9230769230769231,7,both_hflip,0.27299895882606506,0.2861059904098511,-0.01310703158378601
2026_08_17_02_29_03_938361_L1_left_C2,left,right,8,0.9230769230769231,8,original,0.30839383602142334,0.32216840982437134,-0.013774573802947998
2026_08_17_02_29_03_938361_L1_left_C2,left,right,8,0.9230769230769231,8,exterior_hflip,0.2922399938106537,0.3058118224143982,-0.013571828603744507
2026_08_17_02_29_03_938361_L1_left_C2,left,right,8,0.9230769230769231,8,wrist_hflip,0.26257479190826416,0.28655868768692017,-0.023983895778656006
2026_08_17_02_29_03_938361_L1_left_C2,left,right,8,0.9230769230769231,8,both_hflip,0.26564642786979675,0.28583166003227234,-0.020185232162475586
2026_08_17_02_29_03_938361_L1_left_C2,left,right,8,0.9230769230769231,9,original,0.2976958155632019,0.2995232939720154,-0.0018274784088134766
2026_08_17_02_29_03_938361_L1_left_C2,left,right,8,0.9230769230769231,9,exterior_hflip,0.2832900285720825,0.2948051691055298,-0.011515140533447266
2026_08_17_02_29_03_938361_L1_left_C2,left,right,8,0.9230769230769231,9,wrist_hflip,0.22789113223552704,0.23805171251296997,-0.010160580277442932
2026_08_17_02_29_03_938361_L1_left_C2,left,right,8,0.9230769230769231,9,both_hflip,0.23493647575378418,0.24621126055717468,-0.011274784803390503
2026_08_17_02_29_03_938361_L1_left_C2,left,right,9,1.0,0,original,0.3379243016242981,0.3389703929424286,-0.0010460913181304932
2026_08_17_02_29_03_938361_L1_left_C2,left,right,9,1.0,0,exterior_hflip,0.35036784410476685,0.34535372257232666,0.0050141215324401855
2026_08_17_02_29_03_938361_L1_left_C2,left,right,9,1.0,0,wrist_hflip,0.3188440501689911,0.31685835123062134,0.001985698938369751
2026_08_17_02_29_03_938361_L1_left_C2,left,right,9,1.0,0,both_hflip,0.34664636850357056,0.3433799147605896,0.003266453742980957
2026_08_17_02_29_03_938361_L1_left_C2,left,right,9,1.0,1,original,0.2935658395290375,0.2948404848575592,-0.0012746453285217285
2026_08_17_02_29_03_938361_L1_left_C2,left,right,9,1.0,1,exterior_hflip,0.3054376244544983,0.3026016354560852,0.002835988998413086
2026_08_17_02_29_03_938361_L1_left_C2,left,right,9,1.0,1,wrist_hflip,0.26381823420524597,0.2612866163253784,0.0025316178798675537
2026_08_17_02_29_03_938361_L1_left_C2,left,right,9,1.0,1,both_hflip,0.285433292388916,0.2828780710697174,0.0025552213191986084
2026_08_17_02_29_03_938361_L1_left_C2,left,right,9,1.0,2,original,0.2039654552936554,0.20531389117240906,-0.0013484358787536621
2026_08_17_02_29_03_938361_L1_left_C2,left,right,9,1.0,2,exterior_hflip,0.2124374359846115,0.21211330592632294,0.0003241300582885742
2026_08_17_02_29_03_938361_L1_left_C2,left,right,9,1.0,2,wrist_hflip,0.1801101565361023,0.17795182764530182,0.002158328890800476
2026_08_17_02_29_03_938361_L1_left_C2,left,right,9,1.0,2,both_hflip,0.19040989875793457,0.1891944408416748,0.0012154579162597656
2026_08_17_02_29_03_938361_L1_left_C2,left,right,9,1.0,3,original,0.2997569739818573,0.3005977272987366,-0.0008407533168792725
2026_08_17_02_29_03_938361_L1_left_C2,left,right,9,1.0,3,exterior_hflip,0.31277820467948914,0.3125455975532532,0.00023260712623596191
2026_08_17_02_29_03_938361_L1_left_C2,left,right,9,1.0,3,wrist_hflip,0.2685609757900238,0.26751938462257385,0.0010415911674499512
2026_08_17_02_29_03_938361_L1_left_C2,left,right,9,1.0,3,both_hflip,0.2858946621417999,0.28466111421585083,0.0012335479259490967
2026_08_17_02_29_03_938361_L1_left_C2,left,right,9,1.0,4,original,0.2781047224998474,0.27903464436531067,-0.0009299218654632568
2026_08_17_02_29_03_938361_L1_left_C2,left,right,9,1.0,4,exterior_hflip,0.28955134749412537,0.28454601764678955,0.005005329847335815
2026_08_17_02_29_03_938361_L1_left_C2,left,right,9,1.0,4,wrist_hflip,0.26154980063438416,0.25994372367858887,0.001606076955795288
2026_08_17_02_29_03_938361_L1_left_C2,left,right,9,1.0,4,both_hflip,0.28786709904670715,0.2845642566680908,0.003302842378616333
2026_08_17_02_29_03_938361_L1_left_C2,left,right,9,1.0,5,original,0.24533846974372864,0.24553248286247253,-0.00019401311874389648
2026_08_17_02_29_03_938361_L1_left_C2,left,right,9,1.0,5,exterior_hflip,0.2548764646053314,0.2566199004650116,-0.0017434358596801758
2026_08_17_02_29_03_938361_L1_left_C2,left,right,9,1.0,5,wrist_hflip,0.21720178425312042,0.21738187968730927,-0.00018009543418884277
2026_08_17_02_29_03_938361_L1_left_C2,left,right,9,1.0,5,both_hflip,0.22115597128868103,0.22144392132759094,-0.0002879500389099121
2026_08_17_02_29_03_938361_L1_left_C2,left,right,9,1.0,6,original,0.23606763780117035,0.23763084411621094,-0.0015632063150405884
2026_08_17_02_29_03_938361_L1_left_C2,left,right,9,1.0,6,exterior_hflip,0.24562294781208038,0.24638321995735168,-0.0007602721452713013
2026_08_17_02_29_03_938361_L1_left_C2,left,right,9,1.0,6,wrist_hflip,0.21088531613349915,0.209115132689476,0.0017701834440231323
2026_08_17_02_29_03_938361_L1_left_C2,left,right,9,1.0,6,both_hflip,0.2259240597486496,0.22495658695697784,0.0009674727916717529
2026_08_17_02_29_03_938361_L1_left_C2,left,right,9,1.0,7,original,0.34104496240615845,0.3421568274497986,-0.0011118650436401367
2026_08_17_02_29_03_938361_L1_left_C2,left,right,9,1.0,7,exterior_hflip,0.3543950915336609,0.35204029083251953,0.0023548007011413574
2026_08_17_02_29_03_938361_L1_left_C2,left,right,9,1.0,7,wrist_hflip,0.31712785363197327,0.31774380803108215,-0.0006159543991088867
2026_08_17_02_29_03_938361_L1_left_C2,left,right,9,1.0,7,both_hflip,0.3413828909397125,0.3404901921749115,0.0008926987648010254
2026_08_17_02_29_03_938361_L1_left_C2,left,right,9,1.0,8,original,0.2261677086353302,0.2279481440782547,-0.0017804354429244995
2026_08_17_02_29_03_938361_L1_left_C2,left,right,9,1.0,8,exterior_hflip,0.2349282205104828,0.23453114926815033,0.0003970712423324585
2026_08_17_02_29_03_938361_L1_left_C2,left,right,9,1.0,8,wrist_hflip,0.20616255700588226,0.20462819933891296,0.0015343576669692993
2026_08_17_02_29_03_938361_L1_left_C2,left,right,9,1.0,8,both_hflip,0.21920952200889587,0.21761998534202576,0.0015895366668701172
2026_08_17_02_29_03_938361_L1_left_C2,left,right,9,1.0,9,original,0.2914964556694031,0.2927261292934418,-0.0012296736240386963
2026_08_17_02_29_03_938361_L1_left_C2,left,right,9,1.0,9,exterior_hflip,0.3023938536643982,0.30077555775642395,0.0016182959079742432
2026_08_17_02_29_03_938361_L1_left_C2,left,right,9,1.0,9,wrist_hflip,0.2523137629032135,0.2496093511581421,0.002704411745071411
2026_08_17_02_29_03_938361_L1_left_C2,left,right,9,1.0,9,both_hflip,0.27115747332572937,0.2687009274959564,0.0024565458297729492
2026_08_17_02_30_47_786891_L1_right_C2,right,left,0,0.10256410256410256,0,original,0.36379754543304443,0.31437426805496216,0.049423277378082275
2026_08_17_02_30_47_786891_L1_right_C2,right,left,0,0.10256410256410256,0,exterior_hflip,0.3763701617717743,0.29375436902046204,0.08261579275131226
2026_08_17_02_30_47_786891_L1_right_C2,right,left,0,0.10256410256410256,0,wrist_hflip,0.2769359350204468,0.29625749588012695,-0.019321560859680176
2026_08_17_02_30_47_786891_L1_right_C2,right,left,0,0.10256410256410256,0,both_hflip,0.30955636501312256,0.2903628647327423,0.01919350028038025
2026_08_17_02_30_47_786891_L1_right_C2,right,left,0,0.10256410256410256,1,original,0.3561753034591675,0.32265859842300415,0.03351670503616333
2026_08_17_02_30_47_786891_L1_right_C2,right,left,0,0.10256410256410256,1,exterior_hflip,0.333100289106369,0.31296855211257935,0.020131736993789673
2026_08_17_02_30_47_786891_L1_right_C2,right,left,0,0.10256410256410256,1,wrist_hflip,0.29252976179122925,0.2958548069000244,-0.003325045108795166
2026_08_17_02_30_47_786891_L1_right_C2,right,left,0,0.10256410256410256,1,both_hflip,0.31918609142303467,0.2947354316711426,0.02445065975189209
2026_08_17_02_30_47_786891_L1_right_C2,right,left,0,0.10256410256410256,2,original,0.3871314525604248,0.3168330192565918,0.07029843330383301
2026_08_17_02_30_47_786891_L1_right_C2,right,left,0,0.10256410256410256,2,exterior_hflip,0.35780924558639526,0.33262699842453003,0.025182247161865234
2026_08_17_02_30_47_786891_L1_right_C2,right,left,0,0.10256410256410256,2,wrist_hflip,0.3176795542240143,0.304444283246994,0.013235270977020264
2026_08_17_02_30_47_786891_L1_right_C2,right,left,0,0.10256410256410256,2,both_hflip,0.3163100481033325,0.31076812744140625,0.0055419206619262695
2026_08_17_02_30_47_786891_L1_right_C2,right,left,0,0.10256410256410256,3,original,0.4534721076488495,0.43016499280929565,0.023307114839553833
2026_08_17_02_30_47_786891_L1_right_C2,right,left,0,0.10256410256410256,3,exterior_hflip,0.4190382957458496,0.4307813346385956,-0.011743038892745972
2026_08_17_02_30_47_786891_L1_right_C2,right,left,0,0.10256410256410256,3,wrist_hflip,0.3999776244163513,0.39476925134658813,0.005208373069763184
2026_08_17_02_30_47_786891_L1_right_C2,right,left,0,0.10256410256410256,3,both_hflip,0.40706151723861694,0.40773069858551025,-0.0006691813468933105
2026_08_17_02_30_47_786891_L1_right_C2,right,left,0,0.10256410256410256,4,original,0.4455948770046234,0.31795427203178406,0.12764060497283936
2026_08_17_02_30_47_786891_L1_right_C2,right,left,0,0.10256410256410256,4,exterior_hflip,0.4105216860771179,0.35979366302490234,0.050728023052215576
2026_08_17_02_30_47_786891_L1_right_C2,right,left,0,0.10256410256410256,4,wrist_hflip,0.3410361707210541,0.3018304705619812,0.039205700159072876
2026_08_17_02_30_47_786891_L1_right_C2,right,left,0,0.10256410256410256,4,both_hflip,0.36388474702835083,0.3263939619064331,0.037490785121917725
2026_08_17_02_30_47_786891_L1_right_C2,right,left,0,0.10256410256410256,5,original,0.4345270097255707,0.40859878063201904,0.025928229093551636
2026_08_17_02_30_47_786891_L1_right_C2,right,left,0,0.10256410256410256,5,exterior_hflip,0.38468438386917114,0.4195899963378906,-0.03490561246871948
2026_08_17_02_30_47_786891_L1_right_C2,right,left,0,0.10256410256410256,5,wrist_hflip,0.4016386568546295,0.38803592324256897,0.013602733612060547
2026_08_17_02_30_47_786891_L1_right_C2,right,left,0,0.10256410256410256,5,both_hflip,0.3813247084617615,0.3904341161251068,-0.009109407663345337
2026_08_17_02_30_47_786891_L1_right_C2,right,left,0,0.10256410256410256,6,original,0.372170627117157,0.30105793476104736,0.07111269235610962
2026_08_17_02_30_47_786891_L1_right_C2,right,left,0,0.10256410256410256,6,exterior_hflip,0.3618544638156891,0.29274240136146545,0.06911206245422363
2026_08_17_02_30_47_786891_L1_right_C2,right,left,0,0.10256410256410256,6,wrist_hflip,0.28989526629447937,0.2867906093597412,0.003104656934738159
2026_08_17_02_30_47_786891_L1_right_C2,right,left,0,0.10256410256410256,6,both_hflip,0.30990320444107056,0.2884732186794281,0.021429985761642456
2026_08_17_02_30_47_786891_L1_right_C2,right,left,0,0.10256410256410256,7,original,0.3652503192424774,0.26140445470809937,0.10384586453437805
2026_08_17_02_30_47_786891_L1_right_C2,right,left,0,0.10256410256410256,7,exterior_hflip,0.32450324296951294,0.29180261492729187,0.03270062804222107
2026_08_17_02_30_47_786891_L1_right_C2,right,left,0,0.10256410256410256,7,wrist_hflip,0.269062876701355,0.2283693253993988,0.04069355130195618
2026_08_17_02_30_47_786891_L1_right_C2,right,left,0,0.10256410256410256,7,both_hflip,0.316164493560791,0.25378870964050293,0.062375783920288086
2026_08_17_02_30_47_786891_L1_right_C2,right,left,0,0.10256410256410256,8,original,0.3830535113811493,0.32664617896080017,0.05640733242034912
2026_08_17_02_30_47_786891_L1_right_C2,right,left,0,0.10256410256410256,8,exterior_hflip,0.3722464442253113,0.3305823802947998,0.041664063930511475
2026_08_17_02_30_47_786891_L1_right_C2,right,left,0,0.10256410256410256,8,wrist_hflip,0.30498284101486206,0.30332809686660767,0.0016547441482543945
2026_08_17_02_30_47_786891_L1_right_C2,right,left,0,0.10256410256410256,8,both_hflip,0.33700990676879883,0.3144753873348236,0.02253451943397522
2026_08_17_02_30_47_786891_L1_right_C2,right,left,0,0.10256410256410256,9,original,0.37635552883148193,0.3261643350124359,0.05019119381904602
2026_08_17_02_30_47_786891_L1_right_C2,right,left,0,0.10256410256410256,9,exterior_hflip,0.34188276529312134,0.3524031937122345,-0.01052042841911316
2026_08_17_02_30_47_786891_L1_right_C2,right,left,0,0.10256410256410256,9,wrist_hflip,0.32435232400894165,0.3029409945011139,0.02141132950782776
2026_08_17_02_30_47_786891_L1_right_C2,right,left,0,0.10256410256410256,9,both_hflip,0.3228108584880829,0.3265533745288849,-0.003742516040802002
2026_08_17_02_30_47_786891_L1_right_C2,right,left,1,0.20512820512820512,0,original,0.19384196400642395,0.16699321568012238,0.026848748326301575
2026_08_17_02_30_47_786891_L1_right_C2,right,left,1,0.20512820512820512,0,exterior_hflip,0.2206062376499176,0.19389662146568298,0.02670961618423462
2026_08_17_02_30_47_786891_L1_right_C2,right,left,1,0.20512820512820512,0,wrist_hflip,0.18084552884101868,0.1412212997674942,0.039624229073524475
2026_08_17_02_30_47_786891_L1_right_C2,right,left,1,0.20512820512820512,0,both_hflip,0.23006772994995117,0.16956549882888794,0.06050223112106323
2026_08_17_02_30_47_786891_L1_right_C2,right,left,1,0.20512820512820512,1,original,0.2680613398551941,0.27432602643966675,-0.006264686584472656
2026_08_17_02_30_47_786891_L1_right_C2,right,left,1,0.20512820512820512,1,exterior_hflip,0.29206496477127075,0.2690456211566925,0.023019343614578247
2026_08_17_02_30_47_786891_L1_right_C2,right,left,1,0.20512820512820512,1,wrist_hflip,0.260695219039917,0.22928473353385925,0.03141048550605774
2026_08_17_02_30_47_786891_L1_right_C2,right,left,1,0.20512820512820512,1,both_hflip,0.29867833852767944,0.26210418343544006,0.03657415509223938
2026_08_17_02_30_47_786891_L1_right_C2,right,left,1,0.20512820512820512,2,original,0.20004604756832123,0.1512508988380432,0.048795148730278015
2026_08_17_02_30_47_786891_L1_right_C2,right,left,1,0.20512820512820512,2,exterior_hflip,0.2159450650215149,0.18092267215251923,0.035022392868995667
2026_08_17_02_30_47_786891_L1_right_C2,right,left,1,0.20512820512820512,2,wrist_hflip,0.18814685940742493,0.11953407526016235,0.06861278414726257
2026_08_17_02_30_47_786891_L1_right_C2,right,left,1,0.20512820512820512,2,both_hflip,0.22319269180297852,0.15621043741703033,0.06698225438594818
2026_08_17_02_30_47_786891_L1_right_C2,right,left,1,0.20512820512820512,3,original,0.24434779584407806,0.2403315007686615,0.004016295075416565
2026_08_17_02_30_47_786891_L1_right_C2,right,left,1,0.20512820512820512,3,exterior_hflip,0.2744395434856415,0.24879682064056396,0.025642722845077515
2026_08_17_02_30_47_786891_L1_right_C2,right,left,1,0.20512820512820512,3,wrist_hflip,0.2260274440050125,0.20635460317134857,0.01967284083366394
2026_08_17_02_30_47_786891_L1_right_C2,right,left,1,0.20512820512820512,3,both_hflip,0.2780090570449829,0.222976416349411,0.0550326406955719
2026_08_17_02_30_47_786891_L1_right_C2,right,left,1,0.20512820512820512,4,original,0.24780455231666565,0.2536901831626892,-0.00588563084602356
2026_08_17_02_30_47_786891_L1_right_C2,right,left,1,0.20512820512820512,4,exterior_hflip,0.27630615234375,0.263816237449646,0.012489914894104004
2026_08_17_02_30_47_786891_L1_right_C2,right,left,1,0.20512820512820512,4,wrist_hflip,0.22690218687057495,0.22200728952884674,0.0048948973417282104
2026_08_17_02_30_47_786891_L1_right_C2,right,left,1,0.20512820512820512,4,both_hflip,0.27291667461395264,0.23882097005844116,0.034095704555511475
2026_08_17_02_30_47_786891_L1_right_C2,right,left,1,0.20512820512820512,5,original,0.3604552745819092,0.4161335825920105,-0.05567830801010132
2026_08_17_02_30_47_786891_L1_right_C2,right,left,1,0.20512820512820512,5,exterior_hflip,0.39467838406562805,0.38924452662467957,0.005433857440948486
2026_08_17_02_30_47_786891_L1_right_C2,right,left,1,0.20512820512820512,5,wrist_hflip,0.33578234910964966,0.37108418345451355,-0.03530183434486389
2026_08_17_02_30_47_786891_L1_right_C2,right,left,1,0.20512820512820512,5,both_hflip,0.38376080989837646,0.35895323753356934,0.02480757236480713
2026_08_17_02_30_47_786891_L1_right_C2,right,left,1,0.20512820512820512,6,original,0.19958505034446716,0.18424539268016815,0.015339657664299011
2026_08_17_02_30_47_786891_L1_right_C2,right,left,1,0.20512820512820512,6,exterior_hflip,0.23862789571285248,0.1977113038301468,0.04091659188270569
2026_08_17_02_30_47_786891_L1_right_C2,right,left,1,0.20512820512820512,6,wrist_hflip,0.1864914894104004,0.15512536466121674,0.031366124749183655
2026_08_17_02_30_47_786891_L1_right_C2,right,left,1,0.20512820512820512,6,both_hflip,0.23065343499183655,0.18152590095996857,0.04912753403186798
2026_08_17_02_30_47_786891_L1_right_C2,right,left,1,0.20512820512820512,7,original,0.143656924366951,0.09267917275428772,0.05097775161266327
2026_08_17_02_30_47_786891_L1_right_C2,right,left,1,0.20512820512820512,7,exterior_hflip,0.17423377931118011,0.13796980679035187,0.03626397252082825
2026_08_17_02_30_47_786891_L1_right_C2,right,left,1,0.20512820512820512,7,wrist_hflip,0.1367436647415161,0.07619747519493103,0.06054618954658508
2026_08_17_02_30_47_786891_L1_right_C2,right,left,1,0.20512820512820512,7,both_hflip,0.18252895772457123,0.1279013603925705,0.05462759733200073
2026_08_17_02_30_47_786891_L1_right_C2,right,left,1,0.20512820512820512,8,original,0.24345767498016357,0.25544172525405884,-0.011984050273895264
2026_08_17_02_30_47_786891_L1_right_C2,right,left,1,0.20512820512820512,8,exterior_hflip,0.2733350396156311,0.257184773683548,0.01615026593208313
2026_08_17_02_30_47_786891_L1_right_C2,right,left,1,0.20512820512820512,8,wrist_hflip,0.22148796916007996,0.22218143939971924,-0.0006934702396392822
2026_08_17_02_30_47_786891_L1_right_C2,right,left,1,0.20512820512820512,8,both_hflip,0.2687821090221405,0.22611841559410095,0.04266369342803955
2026_08_17_02_30_47_786891_L1_right_C2,right,left,1,0.20512820512820512,9,original,0.25672441720962524,0.2598469853401184,-0.003122568130493164
2026_08_17_02_30_47_786891_L1_right_C2,right,left,1,0.20512820512820512,9,exterior_hflip,0.2880016565322876,0.26695457100868225,0.021047085523605347
2026_08_17_02_30_47_786891_L1_right_C2,right,left,1,0.20512820512820512,9,wrist_hflip,0.23420299589633942,0.22072255611419678,0.01348043978214264
2026_08_17_02_30_47_786891_L1_right_C2,right,left,1,0.20512820512820512,9,both_hflip,0.28568148612976074,0.23686698079109192,0.04881450533866882
2026_08_17_02_30_47_786891_L1_right_C2,right,left,2,0.3076923076923077,0,original,0.27077776193618774,0.2915983200073242,-0.020820558071136475
2026_08_17_02_30_47_786891_L1_right_C2,right,left,2,0.3076923076923077,0,exterior_hflip,0.28420817852020264,0.27669936418533325,0.007508814334869385
2026_08_17_02_30_47_786891_L1_right_C2,right,left,2,0.3076923076923077,0,wrist_hflip,0.27872234582901,0.30746617913246155,-0.028743833303451538
2026_08_17_02_30_47_786891_L1_right_C2,right,left,2,0.3076923076923077,0,both_hflip,0.2976020276546478,0.3195478022098541,-0.0219457745552063
2026_08_17_02_30_47_786891_L1_right_C2,right,left,2,0.3076923076923077,1,original,0.2909321188926697,0.29774385690689087,-0.006811738014221191
2026_08_17_02_30_47_786891_L1_right_C2,right,left,2,0.3076923076923077,1,exterior_hflip,0.3027705252170563,0.28961002826690674,0.013160496950149536
2026_08_17_02_30_47_786891_L1_right_C2,right,left,2,0.3076923076923077,1,wrist_hflip,0.297545850276947,0.3267836570739746,-0.029237806797027588
2026_08_17_02_30_47_786891_L1_right_C2,right,left,2,0.3076923076923077,1,both_hflip,0.3221520185470581,0.3363037109375,-0.014151692390441895
2026_08_17_02_30_47_786891_L1_right_C2,right,left,2,0.3076923076923077,2,original,0.28102007508277893,0.30762186646461487,-0.026601791381835938
2026_08_17_02_30_47_786891_L1_right_C2,right,left,2,0.3076923076923077,2,exterior_hflip,0.287708580493927,0.2843746840953827,0.0033338963985443115
2026_08_17_02_30_47_786891_L1_right_C2,right,left,2,0.3076923076923077,2,wrist_hflip,0.27395740151405334,0.3014106750488281,-0.02745327353477478
2026_08_17_02_30_47_786891_L1_right_C2,right,left,2,0.3076923076923077,2,both_hflip,0.2885904312133789,0.31294891238212585,-0.024358481168746948
2026_08_17_02_30_47_786891_L1_right_C2,right,left,2,0.3076923076923077,3,original,0.2536323368549347,0.25908854603767395,-0.005456209182739258
2026_08_17_02_30_47_786891_L1_right_C2,right,left,2,0.3076923076923077,3,exterior_hflip,0.2570391297340393,0.2619614601135254,-0.004922330379486084
2026_08_17_02_30_47_786891_L1_right_C2,right,left,2,0.3076923076923077,3,wrist_hflip,0.1953761875629425,0.2018178254365921,-0.006441637873649597
2026_08_17_02_30_47_786891_L1_right_C2,right,left,2,0.3076923076923077,3,both_hflip,0.22503823041915894,0.221349835395813,0.0036883950233459473
2026_08_17_02_30_47_786891_L1_right_C2,right,left,2,0.3076923076923077,4,original,0.20436978340148926,0.1936914026737213,0.010678380727767944
2026_08_17_02_30_47_786891_L1_right_C2,right,left,2,0.3076923076923077,4,exterior_hflip,0.20998969674110413,0.1988559067249298,0.011133790016174316
2026_08_17_02_30_47_786891_L1_right_C2,right,left,2,0.3076923076923077,4,wrist_hflip,0.14338575303554535,0.1365128755569458,0.006872877478599548
2026_08_17_02_30_47_786891_L1_right_C2,right,left,2,0.3076923076923077,4,both_hflip,0.18239222466945648,0.1532963663339615,0.029095858335494995
2026_08_17_02_30_47_786891_L1_right_C2,right,left,2,0.3076923076923077,5,original,0.31590762734413147,0.3476049304008484,-0.03169730305671692
2026_08_17_02_30_47_786891_L1_right_C2,right,left,2,0.3076923076923077,5,exterior_hflip,0.3258253037929535,0.3231199085712433,0.002705395221710205
2026_08_17_02_30_47_786891_L1_right_C2,right,left,2,0.3076923076923077,5,wrist_hflip,0.288337379693985,0.31020256876945496,-0.02186518907546997
2026_08_17_02_30_47_786891_L1_right_C2,right,left,2,0.3076923076923077,5,both_hflip,0.29905807971954346,0.3253060281276703,-0.02624794840812683
2026_08_17_02_30_47_786891_L1_right_C2,right,left,2,0.3076923076923077,6,original,0.30712470412254333,0.32095280289649963,-0.013828098773956299
2026_08_17_02_30_47_786891_L1_right_C2,right,left,2,0.3076923076923077,6,exterior_hflip,0.32076409459114075,0.31143075227737427,0.00933334231376648
2026_08_17_02_30_47_786891_L1_right_C2,right,left,2,0.3076923076923077,6,wrist_hflip,0.3091866970062256,0.33660972118377686,-0.02742302417755127
2026_08_17_02_30_47_786891_L1_right_C2,right,left,2,0.3076923076923077,6,both_hflip,0.3332257568836212,0.34312304854393005,-0.009897291660308838
2026_08_17_02_30_47_786891_L1_right_C2,right,left,2,0.3076923076923077,7,original,0.17906029522418976,0.1919596791267395,-0.012899383902549744
2026_08_17_02_30_47_786891_L1_right_C2,right,left,2,0.3076923076923077,7,exterior_hflip,0.1875181794166565,0.17990586161613464,0.007612317800521851
2026_08_17_02_30_47_786891_L1_right_C2,right,left,2,0.3076923076923077,7,wrist_hflip,0.17045938968658447,0.19246792793273926,-0.022008538246154785
2026_08_17_02_30_47_786891_L1_right_C2,right,left,2,0.3076923076923077,7,both_hflip,0.18585750460624695,0.1983782947063446,-0.012520790100097656
2026_08_17_02_30_47_786891_L1_right_C2,right,left,2,0.3076923076923077,8,original,0.2019728422164917,0.2071872055530548,-0.00521436333656311
2026_08_17_02_30_47_786891_L1_right_C2,right,left,2,0.3076923076923077,8,exterior_hflip,0.20961475372314453,0.2058466225862503,0.003768131136894226
2026_08_17_02_30_47_786891_L1_right_C2,right,left,2,0.3076923076923077,8,wrist_hflip,0.15442252159118652,0.15018369257450104,0.004238829016685486
2026_08_17_02_30_47_786891_L1_right_C2,right,left,2,0.3076923076923077,8,both_hflip,0.1868557631969452,0.1739136278629303,0.012942135334014893
2026_08_17_02_30_47_786891_L1_right_C2,right,left,2,0.3076923076923077,9,original,0.2215287685394287,0.2290545403957367,-0.007525771856307983
2026_08_17_02_30_47_786891_L1_right_C2,right,left,2,0.3076923076923077,9,exterior_hflip,0.23018419742584229,0.2234642505645752,0.00671994686126709
2026_08_17_02_30_47_786891_L1_right_C2,right,left,2,0.3076923076923077,9,wrist_hflip,0.21669143438339233,0.22831586003303528,-0.011624425649642944
2026_08_17_02_30_47_786891_L1_right_C2,right,left,2,0.3076923076923077,9,both_hflip,0.2391098290681839,0.23575399816036224,0.0033558309078216553
2026_08_17_02_30_47_786891_L1_right_C2,right,left,3,0.41025641025641024,0,original,0.17771878838539124,0.19830913841724396,-0.020590350031852722
2026_08_17_02_30_47_786891_L1_right_C2,right,left,3,0.41025641025641024,0,exterior_hflip,0.1959621012210846,0.18341173231601715,0.012550368905067444
2026_08_17_02_30_47_786891_L1_right_C2,right,left,3,0.41025641025641024,0,wrist_hflip,0.16936315596103668,0.21821995079517365,-0.04885679483413696
2026_08_17_02_30_47_786891_L1_right_C2,right,left,3,0.41025641025641024,0,both_hflip,0.18342897295951843,0.17028966546058655,0.013139307498931885
2026_08_17_02_30_47_786891_L1_right_C2,right,left,3,0.41025641025641024,1,original,0.1312117576599121,0.1451195478439331,-0.013907790184020996
2026_08_17_02_30_47_786891_L1_right_C2,right,left,3,0.41025641025641024,1,exterior_hflip,0.14704865217208862,0.13239577412605286,0.014652878046035767
2026_08_17_02_30_47_786891_L1_right_C2,right,left,3,0.41025641025641024,1,wrist_hflip,0.11992307007312775,0.1576983481645584,-0.037775278091430664
2026_08_17_02_30_47_786891_L1_right_C2,right,left,3,0.41025641025641024,1,both_hflip,0.13628455996513367,0.12308754026889801,0.013197019696235657
2026_08_17_02_30_47_786891_L1_right_C2,right,left,3,0.41025641025641024,2,original,0.2236197143793106,0.25931042432785034,-0.035690709948539734
2026_08_17_02_30_47_786891_L1_right_C2,right,left,3,0.41025641025641024,2,exterior_hflip,0.23861990869045258,0.22369875013828278,0.0149211585521698
2026_08_17_02_30_47_786891_L1_right_C2,right,left,3,0.41025641025641024,2,wrist_hflip,0.21900635957717896,0.2706330418586731,-0.05162668228149414
2026_08_17_02_30_47_786891_L1_right_C2,right,left,3,0.41025641025641024,2,both_hflip,0.2311987280845642,0.2190868854522705,0.012111842632293701
2026_08_17_02_30_47_786891_L1_right_C2,right,left,3,0.41025641025641024,3,original,0.19542357325553894,0.2528391480445862,-0.05741557478904724
2026_08_17_02_30_47_786891_L1_right_C2,right,left,3,0.41025641025641024,3,exterior_hflip,0.2126702070236206,0.20017418265342712,0.012496024370193481
2026_08_17_02_30_47_786891_L1_right_C2,right,left,3,0.41025641025641024,3,wrist_hflip,0.211175337433815,0.2650086581707001,-0.05383332073688507
2026_08_17_02_30_47_786891_L1_right_C2,right,left,3,0.41025641025641024,3,both_hflip,0.21362312138080597,0.21460109949111938,-0.0009779781103134155
2026_08_17_02_30_47_786891_L1_right_C2,right,left,3,0.41025641025641024,4,original,0.18852904438972473,0.2101733386516571,-0.021644294261932373
2026_08_17_02_30_47_786891_L1_right_C2,right,left,3,0.41025641025641024,4,exterior_hflip,0.20478838682174683,0.19056878983974457,0.014219596982002258
2026_08_17_02_30_47_786891_L1_right_C2,right,left,3,0.41025641025641024,4,wrist_hflip,0.181306391954422,0.21859154105186462,-0.03728514909744263
2026_08_17_02_30_47_786891_L1_right_C2,right,left,3,0.41025641025641024,4,both_hflip,0.20005789399147034,0.17979401350021362,0.020263880491256714
2026_08_17_02_30_47_786891_L1_right_C2,right,left,3,0.41025641025641024,5,original,0.1652047336101532,0.18785683810710907,-0.02265210449695587
2026_08_17_02_30_47_786891_L1_right_C2,right,left,3,0.41025641025641024,5,exterior_hflip,0.1804048866033554,0.1668729931116104,0.013531893491744995
2026_08_17_02_30_47_786891_L1_right_C2,right,left,3,0.41025641025641024,5,wrist_hflip,0.15000078082084656,0.19957362115383148,-0.049572840332984924
2026_08_17_02_30_47_786891_L1_right_C2,right,left,3,0.41025641025641024,5,both_hflip,0.17487092316150665,0.1530034840106964,0.02186743915081024
2026_08_17_02_30_47_786891_L1_right_C2,right,left,3,0.41025641025641024,6,original,0.17583386600017548,0.20507903397083282,-0.02924516797065735
2026_08_17_02_30_47_786891_L1_right_C2,right,left,3,0.41025641025641024,6,exterior_hflip,0.18981021642684937,0.17893734574317932,0.010872870683670044
2026_08_17_02_30_47_786891_L1_right_C2,right,left,3,0.41025641025641024,6,wrist_hflip,0.17687484622001648,0.2130618393421173,-0.03618699312210083
2026_08_17_02_30_47_786891_L1_right_C2,right,left,3,0.41025641025641024,6,both_hflip,0.19014710187911987,0.17724451422691345,0.012902587652206421
2026_08_17_02_30_47_786891_L1_right_C2,right,left,3,0.41025641025641024,7,original,0.16714289784431458,0.1840588003396988,-0.016915902495384216
2026_08_17_02_30_47_786891_L1_right_C2,right,left,3,0.41025641025641024,7,exterior_hflip,0.17634165287017822,0.1678628921508789,0.008478760719299316
2026_08_17_02_30_47_786891_L1_right_C2,right,left,3,0.41025641025641024,7,wrist_hflip,0.16318494081497192,0.19734209775924683,-0.0341571569442749
2026_08_17_02_30_47_786891_L1_right_C2,right,left,3,0.41025641025641024,7,both_hflip,0.17387814819812775,0.1632460206747055,0.010632127523422241
2026_08_17_02_30_47_786891_L1_right_C2,right,left,3,0.41025641025641024,8,original,0.24285100400447845,0.3034466505050659,-0.06059564650058746
2026_08_17_02_30_47_786891_L1_right_C2,right,left,3,0.41025641025641024,8,exterior_hflip,0.26818621158599854,0.2543312907218933,0.013854920864105225
2026_08_17_02_30_47_786891_L1_right_C2,right,left,3,0.41025641025641024,8,wrist_hflip,0.25312820076942444,0.31820324063301086,-0.06507503986358643
2026_08_17_02_30_47_786891_L1_right_C2,right,left,3,0.41025641025641024,8,both_hflip,0.25819268822669983,0.2648206651210785,-0.006627976894378662
2026_08_17_02_30_47_786891_L1_right_C2,right,left,3,0.41025641025641024,9,original,0.1989605575799942,0.2570240795612335,-0.05806352198123932
2026_08_17_02_30_47_786891_L1_right_C2,right,left,3,0.41025641025641024,9,exterior_hflip,0.21300268173217773,0.19618059694766998,0.01682208478450775
2026_08_17_02_30_47_786891_L1_right_C2,right,left,3,0.41025641025641024,9,wrist_hflip,0.21424753963947296,0.27733030915260315,-0.06308276951313019
2026_08_17_02_30_47_786891_L1_right_C2,right,left,3,0.41025641025641024,9,both_hflip,0.20982161164283752,0.21396255493164062,-0.004140943288803101
2026_08_17_02_30_47_786891_L1_right_C2,right,left,4,0.5128205128205128,0,original,0.32739490270614624,0.4028857350349426,-0.07549083232879639
2026_08_17_02_30_47_786891_L1_right_C2,right,left,4,0.5128205128205128,0,exterior_hflip,0.32653507590293884,0.3384069502353668,-0.011871874332427979
2026_08_17_02_30_47_786891_L1_right_C2,right,left,4,0.5128205128205128,0,wrist_hflip,0.34162986278533936,0.4014466404914856,-0.05981677770614624
2026_08_17_02_30_47_786891_L1_right_C2,right,left,4,0.5128205128205128,0,both_hflip,0.31029990315437317,0.3178240954875946,-0.0075241923332214355
2026_08_17_02_30_47_786891_L1_right_C2,right,left,4,0.5128205128205128,1,original,0.19185826182365417,0.24115842580795288,-0.049300163984298706
2026_08_17_02_30_47_786891_L1_right_C2,right,left,4,0.5128205128205128,1,exterior_hflip,0.18592122197151184,0.19828031957149506,-0.012359097599983215
2026_08_17_02_30_47_786891_L1_right_C2,right,left,4,0.5128205128205128,1,wrist_hflip,0.2106281816959381,0.22786855697631836,-0.01724037528038025
2026_08_17_02_30_47_786891_L1_right_C2,right,left,4,0.5128205128205128,1,both_hflip,0.18322131037712097,0.1926012635231018,-0.009379953145980835
2026_08_17_02_30_47_786891_L1_right_C2,right,left,4,0.5128205128205128,2,original,0.43446898460388184,0.5129243731498718,-0.07845538854598999
2026_08_17_02_30_47_786891_L1_right_C2,right,left,4,0.5128205128205128,2,exterior_hflip,0.4434646666049957,0.4528391659259796,-0.009374499320983887
2026_08_17_02_30_47_786891_L1_right_C2,right,left,4,0.5128205128205128,2,wrist_hflip,0.458231121301651,0.5150483846664429,-0.05681726336479187
2026_08_17_02_30_47_786891_L1_right_C2,right,left,4,0.5128205128205128,2,both_hflip,0.4356156289577484,0.4378432333469391,-0.002227604389190674
2026_08_17_02_30_47_786891_L1_right_C2,right,left,4,0.5128205128205128,3,original,0.2786966860294342,0.3364362120628357,-0.05773952603340149
2026_08_17_02_30_47_786891_L1_right_C2,right,left,4,0.5128205128205128,3,exterior_hflip,0.2862749695777893,0.2900030016899109,-0.003728032112121582
2026_08_17_02_30_47_786891_L1_right_C2,right,left,4,0.5128205128205128,3,wrist_hflip,0.2961886525154114,0.34285467863082886,-0.04666602611541748
2026_08_17_02_30_47_786891_L1_right_C2,right,left,4,0.5128205128205128,3,both_hflip,0.2810872793197632,0.2746492624282837,0.006438016891479492
2026_08_17_02_30_47_786891_L1_right_C2,right,left,4,0.5128205128205128,4,original,0.1643611639738083,0.20626945793628693,-0.04190829396247864
2026_08_17_02_30_47_786891_L1_right_C2,right,left,4,0.5128205128205128,4,exterior_hflip,0.16226358711719513,0.16903206706047058,-0.006768479943275452
2026_08_17_02_30_47_786891_L1_right_C2,right,left,4,0.5128205128205128,4,wrist_hflip,0.1705133318901062,0.19569380581378937,-0.025180473923683167
2026_08_17_02_30_47_786891_L1_right_C2,right,left,4,0.5128205128205128,4,both_hflip,0.15507018566131592,0.15578880906105042,-0.0007186233997344971
2026_08_17_02_30_47_786891_L1_right_C2,right,left,4,0.5128205128205128,5,original,0.18143239617347717,0.23097166419029236,-0.049539268016815186
2026_08_17_02_30_47_786891_L1_right_C2,right,left,4,0.5128205128205128,5,exterior_hflip,0.17504355311393738,0.18184074759483337,-0.006797194480895996
2026_08_17_02_30_47_786891_L1_right_C2,right,left,4,0.5128205128205128,5,wrist_hflip,0.20419268310070038,0.2165910005569458,-0.012398317456245422
2026_08_17_02_30_47_786891_L1_right_C2,right,left,4,0.5128205128205128,5,both_hflip,0.1930701583623886,0.19684992730617523,-0.003779768943786621
2026_08_17_02_30_47_786891_L1_right_C2,right,left,4,0.5128205128205128,6,original,0.2901698648929596,0.36852315068244934,-0.07835328578948975
2026_08_17_02_30_47_786891_L1_right_C2,right,left,4,0.5128205128205128,6,exterior_hflip,0.29974472522735596,0.30395928025245667,-0.004214555025100708
2026_08_17_02_30_47_786891_L1_right_C2,right,left,4,0.5128205128205128,6,wrist_hflip,0.32250699400901794,0.37573233246803284,-0.05322533845901489
2026_08_17_02_30_47_786891_L1_right_C2,right,left,4,0.5128205128205128,6,both_hflip,0.2920520007610321,0.29727703332901,-0.005225032567977905
2026_08_17_02_30_47_786891_L1_right_C2,right,left,4,0.5128205128205128,7,original,0.20038965344429016,0.24896693229675293,-0.04857727885246277
2026_08_17_02_30_47_786891_L1_right_C2,right,left,4,0.5128205128205128,7,exterior_hflip,0.18704499304294586,0.19460439682006836,-0.0075594037771224976
2026_08_17_02_30_47_786891_L1_right_C2,right,left,4,0.5128205128205128,7,wrist_hflip,0.22107702493667603,0.24689282476902008,-0.025815799832344055
2026_08_17_02_30_47_786891_L1_right_C2,right,left,4,0.5128205128205128,7,both_hflip,0.20057319104671478,0.2049054056406021,-0.004332214593887329
2026_08_17_02_30_47_786891_L1_right_C2,right,left,4,0.5128205128205128,8,original,0.2188679575920105,0.23961320519447327,-0.02074524760246277
2026_08_17_02_30_47_786891_L1_right_C2,right,left,4,0.5128205128205128,8,exterior_hflip,0.2182106226682663,0.22619470953941345,-0.007984086871147156
2026_08_17_02_30_47_786891_L1_right_C2,right,left,4,0.5128205128205128,8,wrist_hflip,0.20753848552703857,0.233482226729393,-0.02594374120235443
2026_08_17_02_30_47_786891_L1_right_C2,right,left,4,0.5128205128205128,8,both_hflip,0.22400346398353577,0.20368891954421997,0.020314544439315796
2026_08_17_02_30_47_786891_L1_right_C2,right,left,4,0.5128205128205128,9,original,0.20347371697425842,0.26283255219459534,-0.059358835220336914
2026_08_17_02_30_47_786891_L1_right_C2,right,left,4,0.5128205128205128,9,exterior_hflip,0.20202261209487915,0.21037715673446655,-0.008354544639587402
2026_08_17_02_30_47_786891_L1_right_C2,right,left,4,0.5128205128205128,9,wrist_hflip,0.21190118789672852,0.24506980180740356,-0.03316861391067505
2026_08_17_02_30_47_786891_L1_right_C2,right,left,4,0.5128205128205128,9,both_hflip,0.18830536305904388,0.19429229199886322,-0.005986928939819336
2026_08_17_02_30_47_786891_L1_right_C2,right,left,5,0.6153846153846154,0,original,0.2623528838157654,0.3066897392272949,-0.04433685541152954
2026_08_17_02_30_47_786891_L1_right_C2,right,left,5,0.6153846153846154,0,exterior_hflip,0.26332709193229675,0.27025553584098816,-0.006928443908691406
2026_08_17_02_30_47_786891_L1_right_C2,right,left,5,0.6153846153846154,0,wrist_hflip,0.29189467430114746,0.3090388774871826,-0.017144203186035156
2026_08_17_02_30_47_786891_L1_right_C2,right,left,5,0.6153846153846154,0,both_hflip,0.2634008526802063,0.31026676297187805,-0.04686591029167175
2026_08_17_02_30_47_786891_L1_right_C2,right,left,5,0.6153846153846154,1,original,0.33131924271583557,0.36926376819610596,-0.037944525480270386
2026_08_17_02_30_47_786891_L1_right_C2,right,left,5,0.6153846153846154,1,exterior_hflip,0.31371334195137024,0.3218081295490265,-0.00809478759765625
2026_08_17_02_30_47_786891_L1_right_C2,right,left,5,0.6153846153846154,1,wrist_hflip,0.33295220136642456,0.35141611099243164,-0.01846390962600708
2026_08_17_02_30_47_786891_L1_right_C2,right,left,5,0.6153846153846154,1,both_hflip,0.30314144492149353,0.34361276030540466,-0.04047131538391113
2026_08_17_02_30_47_786891_L1_right_C2,right,left,5,0.6153846153846154,2,original,0.22480370104312897,0.2555719017982483,-0.030768200755119324
2026_08_17_02_30_47_786891_L1_right_C2,right,left,5,0.6153846153846154,2,exterior_hflip,0.21373915672302246,0.2197883278131485,-0.006049171090126038
2026_08_17_02_30_47_786891_L1_right_C2,right,left,5,0.6153846153846154,2,wrist_hflip,0.2437201738357544,0.25791236758232117,-0.014192193746566772
2026_08_17_02_30_47_786891_L1_right_C2,right,left,5,0.6153846153846154,2,both_hflip,0.20998819172382355,0.2518291175365448,-0.04184092581272125
2026_08_17_02_30_47_786891_L1_right_C2,right,left,5,0.6153846153846154,3,original,0.3407839834690094,0.3703622817993164,-0.029578298330307007
2026_08_17_02_30_47_786891_L1_right_C2,right,left,5,0.6153846153846154,3,exterior_hflip,0.3299957811832428,0.33684104681015015,-0.006845265626907349
2026_08_17_02_30_47_786891_L1_right_C2,right,left,5,0.6153846153846154,3,wrist_hflip,0.3657093048095703,0.39190804958343506,-0.026198744773864746
2026_08_17_02_30_47_786891_L1_right_C2,right,left,5,0.6153846153846154,3,both_hflip,0.3208174705505371,0.37905725836753845,-0.05823978781700134
2026_08_17_02_30_47_786891_L1_right_C2,right,left,5,0.6153846153846154,4,original,0.305884450674057,0.3350433111190796,-0.029158860445022583
2026_08_17_02_30_47_786891_L1_right_C2,right,left,5,0.6153846153846154,4,exterior_hflip,0.285095751285553,0.2928663194179535,-0.007770568132400513
2026_08_17_02_30_47_786891_L1_right_C2,right,left,5,0.6153846153846154,4,wrist_hflip,0.31760865449905396,0.3401780128479004,-0.022569358348846436
2026_08_17_02_30_47_786891_L1_right_C2,right,left,5,0.6153846153846154,4,both_hflip,0.27467241883277893,0.32448774576187134,-0.04981532692909241
2026_08_17_02_30_47_786891_L1_right_C2,right,left,5,0.6153846153846154,5,original,0.3284693956375122,0.3775012493133545,-0.049031853675842285
2026_08_17_02_30_47_786891_L1_right_C2,right,left,5,0.6153846153846154,5,exterior_hflip,0.3319714665412903,0.33814120292663574,-0.006169736385345459
2026_08_17_02_30_47_786891_L1_right_C2,right,left,5,0.6153846153846154,5,wrist_hflip,0.3571385145187378,0.37073394656181335,-0.013595432043075562
2026_08_17_02_30_47_786891_L1_right_C2,right,left,5,0.6153846153846154,5,both_hflip,0.3224770128726959,0.37451884150505066,-0.052041828632354736
2026_08_17_02_30_47_786891_L1_right_C2,right,left,5,0.6153846153846154,6,original,0.30609533190727234,0.34312233328819275,-0.03702700138092041
2026_08_17_02_30_47_786891_L1_right_C2,right,left,5,0.6153846153846154,6,exterior_hflip,0.29915499687194824,0.30442363023757935,-0.0052686333656311035
2026_08_17_02_30_47_786891_L1_right_C2,right,left,5,0.6153846153846154,6,wrist_hflip,0.3321879208087921,0.34949007630348206,-0.01730215549468994
2026_08_17_02_30_47_786891_L1_right_C2,right,left,5,0.6153846153846154,6,both_hflip,0.2957439720630646,0.343619704246521,-0.04787573218345642
2026_08_17_02_30_47_786891_L1_right_C2,right,left,5,0.6153846153846154,7,original,0.4262244999408722,0.45864152908325195,-0.03241702914237976
2026_08_17_02_30_47_786891_L1_right_C2,right,left,5,0.6153846153846154,7,exterior_hflip,0.4284922778606415,0.4328051209449768,-0.004312843084335327
2026_08_17_02_30_47_786891_L1_right_C2,right,left,5,0.6153846153846154,7,wrist_hflip,0.44684991240501404,0.4744001626968384,-0.02755025029182434
2026_08_17_02_30_47_786891_L1_right_C2,right,left,5,0.6153846153846154,7,both_hflip,0.4119250476360321,0.46756309270858765,-0.05563804507255554
2026_08_17_02_30_47_786891_L1_right_C2,right,left,5,0.6153846153846154,8,original,0.33610033988952637,0.37679481506347656,-0.040694475173950195
2026_08_17_02_30_47_786891_L1_right_C2,right,left,5,0.6153846153846154,8,exterior_hflip,0.32977843284606934,0.3393556773662567,-0.009577244520187378
2026_08_17_02_30_47_786891_L1_right_C2,right,left,5,0.6153846153846154,8,wrist_hflip,0.36672431230545044,0.3909316658973694,-0.024207353591918945
2026_08_17_02_30_47_786891_L1_right_C2,right,left,5,0.6153846153846154,8,both_hflip,0.32105201482772827,0.3793732523918152,-0.058321237564086914
2026_08_17_02_30_47_786891_L1_right_C2,right,left,5,0.6153846153846154,9,original,0.25570976734161377,0.2867777645587921,-0.031067997217178345
2026_08_17_02_30_47_786891_L1_right_C2,right,left,5,0.6153846153846154,9,exterior_hflip,0.24904803931713104,0.25279444456100464,-0.003746405243873596
2026_08_17_02_30_47_786891_L1_right_C2,right,left,5,0.6153846153846154,9,wrist_hflip,0.27418506145477295,0.2884131371974945,-0.014228075742721558
2026_08_17_02_30_47_786891_L1_right_C2,right,left,5,0.6153846153846154,9,both_hflip,0.2412010282278061,0.28031501173973083,-0.039113983511924744
2026_08_17_02_30_47_786891_L1_right_C2,right,left,6,0.717948717948718,0,original,0.310700386762619,0.3708518147468567,-0.06015142798423767
2026_08_17_02_30_47_786891_L1_right_C2,right,left,6,0.717948717948718,0,exterior_hflip,0.30390918254852295,0.3333854079246521,-0.02947622537612915
2026_08_17_02_30_47_786891_L1_right_C2,right,left,6,0.717948717948718,0,wrist_hflip,0.3743155598640442,0.3722715973854065,0.0020439624786376953
2026_08_17_02_30_47_786891_L1_right_C2,right,left,6,0.717948717948718,0,both_hflip,0.32397907972335815,0.3814297616481781,-0.057450681924819946
2026_08_17_02_30_47_786891_L1_right_C2,right,left,6,0.717948717948718,1,original,0.27164509892463684,0.3149910867214203,-0.04334598779678345
2026_08_17_02_30_47_786891_L1_right_C2,right,left,6,0.717948717948718,1,exterior_hflip,0.25940558314323425,0.27548113465309143,-0.016075551509857178
2026_08_17_02_30_47_786891_L1_right_C2,right,left,6,0.717948717948718,1,wrist_hflip,0.3342724144458771,0.33140233159065247,0.0028700828552246094
2026_08_17_02_30_47_786891_L1_right_C2,right,left,6,0.717948717948718,1,both_hflip,0.2853265106678009,0.3358735144138336,-0.050547003746032715
2026_08_17_02_30_47_786891_L1_right_C2,right,left,6,0.717948717948718,2,original,0.23567034304141998,0.2837466597557068,-0.048076316714286804
2026_08_17_02_30_47_786891_L1_right_C2,right,left,6,0.717948717948718,2,exterior_hflip,0.22754259407520294,0.24362309277057648,-0.016080498695373535
2026_08_17_02_30_47_786891_L1_right_C2,right,left,6,0.717948717948718,2,wrist_hflip,0.30522796511650085,0.30350348353385925,0.0017244815826416016
2026_08_17_02_30_47_786891_L1_right_C2,right,left,6,0.717948717948718,2,both_hflip,0.250339150428772,0.30865299701690674,-0.058313846588134766
2026_08_17_02_30_47_786891_L1_right_C2,right,left,6,0.717948717948718,3,original,0.2761864960193634,0.3180449903011322,-0.0418584942817688
2026_08_17_02_30_47_786891_L1_right_C2,right,left,6,0.717948717948718,3,exterior_hflip,0.27343398332595825,0.29589715600013733,-0.022463172674179077
2026_08_17_02_30_47_786891_L1_right_C2,right,left,6,0.717948717948718,3,wrist_hflip,0.32830893993377686,0.33092302083969116,-0.0026140809059143066
2026_08_17_02_30_47_786891_L1_right_C2,right,left,6,0.717948717948718,3,both_hflip,0.2984846234321594,0.34643474221229553,-0.04795011878013611
2026_08_17_02_30_47_786891_L1_right_C2,right,left,6,0.717948717948718,4,original,0.3952878415584564,0.470440536737442,-0.0751526951789856
2026_08_17_02_30_47_786891_L1_right_C2,right,left,6,0.717948717948718,4,exterior_hflip,0.3713870644569397,0.4056272506713867,-0.03424018621444702
2026_08_17_02_30_47_786891_L1_right_C2,right,left,6,0.717948717948718,4,wrist_hflip,0.47939831018447876,0.4767776131629944,0.002620697021484375
2026_08_17_02_30_47_786891_L1_right_C2,right,left,6,0.717948717948718,4,both_hflip,0.40661418437957764,0.4842199385166168,-0.07760575413703918
2026_08_17_02_30_47_786891_L1_right_C2,right,left,6,0.717948717948718,5,original,0.318934828042984,0.3954615294933319,-0.0765267014503479
2026_08_17_02_30_47_786891_L1_right_C2,right,left,6,0.717948717948718,5,exterior_hflip,0.3013129234313965,0.33450186252593994,-0.03318893909454346
2026_08_17_02_30_47_786891_L1_right_C2,right,left,6,0.717948717948718,5,wrist_hflip,0.41044101119041443,0.40798765420913696,0.002453356981277466
2026_08_17_02_30_47_786891_L1_right_C2,right,left,6,0.717948717948718,5,both_hflip,0.3379479944705963,0.41645342111587524,-0.07850542664527893
2026_08_17_02_30_47_786891_L1_right_C2,right,left,6,0.717948717948718,6,original,0.22982631623744965,0.2735458016395569,-0.04371948540210724
2026_08_17_02_30_47_786891_L1_right_C2,right,left,6,0.717948717948718,6,exterior_hflip,0.22042201459407806,0.23537451028823853,-0.014952495694160461
2026_08_17_02_30_47_786891_L1_right_C2,right,left,6,0.717948717948718,6,wrist_hflip,0.29048433899879456,0.29237818717956543,-0.001893848180770874
2026_08_17_02_30_47_786891_L1_right_C2,right,left,6,0.717948717948718,6,both_hflip,0.24129793047904968,0.29653140902519226,-0.05523347854614258
2026_08_17_02_30_47_786891_L1_right_C2,right,left,6,0.717948717948718,7,original,0.2394324541091919,0.29533231258392334,-0.055899858474731445
2026_08_17_02_30_47_786891_L1_right_C2,right,left,6,0.717948717948718,7,exterior_hflip,0.2326624095439911,0.25002428889274597,-0.017361879348754883
2026_08_17_02_30_47_786891_L1_right_C2,right,left,6,0.717948717948718,7,wrist_hflip,0.3119075298309326,0.3084147870540619,0.0034927427768707275
2026_08_17_02_30_47_786891_L1_right_C2,right,left,6,0.717948717948718,7,both_hflip,0.2551659345626831,0.3156122863292694,-0.060446351766586304
2026_08_17_02_30_47_786891_L1_right_C2,right,left,6,0.717948717948718,8,original,0.3389328420162201,0.4063369631767273,-0.0674041211605072
2026_08_17_02_30_47_786891_L1_right_C2,right,left,6,0.717948717948718,8,exterior_hflip,0.3170759081840515,0.346031129360199,-0.02895522117614746
2026_08_17_02_30_47_786891_L1_right_C2,right,left,6,0.717948717948718,8,wrist_hflip,0.4172556400299072,0.41703835129737854,0.00021728873252868652
2026_08_17_02_30_47_786891_L1_right_C2,right,left,6,0.717948717948718,8,both_hflip,0.35244452953338623,0.42276808619499207,-0.07032355666160583
2026_08_17_02_30_47_786891_L1_right_C2,right,left,6,0.717948717948718,9,original,0.24389034509658813,0.28446319699287415,-0.04057285189628601
2026_08_17_02_30_47_786891_L1_right_C2,right,left,6,0.717948717948718,9,exterior_hflip,0.235952228307724,0.2535794973373413,-0.01762726902961731
2026_08_17_02_30_47_786891_L1_right_C2,right,left,6,0.717948717948718,9,wrist_hflip,0.2937149107456207,0.292330801486969,0.0013841092586517334
2026_08_17_02_30_47_786891_L1_right_C2,right,left,6,0.717948717948718,9,both_hflip,0.253124862909317,0.2998640239238739,-0.046739161014556885
2026_08_17_02_30_47_786891_L1_right_C2,right,left,7,0.8205128205128205,0,original,0.351212739944458,0.3769739270210266,-0.025761187076568604
2026_08_17_02_30_47_786891_L1_right_C2,right,left,7,0.8205128205128205,0,exterior_hflip,0.3209976255893707,0.33150437474250793,-0.010506749153137207
2026_08_17_02_30_47_786891_L1_right_C2,right,left,7,0.8205128205128205,0,wrist_hflip,0.4452528953552246,0.43816375732421875,0.007089138031005859
2026_08_17_02_30_47_786891_L1_right_C2,right,left,7,0.8205128205128205,0,both_hflip,0.4076557755470276,0.40670517086982727,0.0009506046772003174
2026_08_17_02_30_47_786891_L1_right_C2,right,left,7,0.8205128205128205,1,original,0.3378245532512665,0.3596137464046478,-0.021789193153381348
2026_08_17_02_30_47_786891_L1_right_C2,right,left,7,0.8205128205128205,1,exterior_hflip,0.30975252389907837,0.3152540624141693,-0.005501538515090942
2026_08_17_02_30_47_786891_L1_right_C2,right,left,7,0.8205128205128205,1,wrist_hflip,0.43612179160118103,0.42722344398498535,0.008898347616195679
2026_08_17_02_30_47_786891_L1_right_C2,right,left,7,0.8205128205128205,1,both_hflip,0.39631080627441406,0.392427921295166,0.003882884979248047
2026_08_17_02_30_47_786891_L1_right_C2,right,left,7,0.8205128205128205,2,original,0.31453412771224976,0.33703848719596863,-0.022504359483718872
2026_08_17_02_30_47_786891_L1_right_C2,right,left,7,0.8205128205128205,2,exterior_hflip,0.2799402177333832,0.2891709506511688,-0.009230732917785645
2026_08_17_02_30_47_786891_L1_right_C2,right,left,7,0.8205128205128205,2,wrist_hflip,0.39266306161880493,0.38508376479148865,0.007579296827316284
2026_08_17_02_30_47_786891_L1_right_C2,right,left,7,0.8205128205128205,2,both_hflip,0.355888307094574,0.3524785339832306,0.003409773111343384
2026_08_17_02_30_47_786891_L1_right_C2,right,left,7,0.8205128205128205,3,original,0.3389323949813843,0.3621886372566223,-0.023256242275238037
2026_08_17_02_30_47_786891_L1_right_C2,right,left,7,0.8205128205128205,3,exterior_hflip,0.30851486325263977,0.3170906901359558,-0.00857582688331604
2026_08_17_02_30_47_786891_L1_right_C2,right,left,7,0.8205128205128205,3,wrist_hflip,0.4266987442970276,0.420600026845932,0.006098717451095581
2026_08_17_02_30_47_786891_L1_right_C2,right,left,7,0.8205128205128205,3,both_hflip,0.392452597618103,0.3903792202472687,0.0020733773708343506
2026_08_17_02_30_47_786891_L1_right_C2,right,left,7,0.8205128205128205,4,original,0.29330864548683167,0.31659579277038574,-0.023287147283554077
2026_08_17_02_30_47_786891_L1_right_C2,right,left,7,0.8205128205128205,4,exterior_hflip,0.26046010851860046,0.26944345235824585,-0.008983343839645386
2026_08_17_02_30_47_786891_L1_right_C2,right,left,7,0.8205128205128205,4,wrist_hflip,0.3693270981311798,0.36453765630722046,0.004789441823959351
2026_08_17_02_30_47_786891_L1_right_C2,right,left,7,0.8205128205128205,4,both_hflip,0.3380332887172699,0.3349357843399048,0.0030975043773651123
2026_08_17_02_30_47_786891_L1_right_C2,right,left,7,0.8205128205128205,5,original,0.38371866941452026,0.411485493183136,-0.027766823768615723
2026_08_17_02_30_47_786891_L1_right_C2,right,left,7,0.8205128205128205,5,exterior_hflip,0.3503202199935913,0.360617995262146,-0.010297775268554688
2026_08_17_02_30_47_786891_L1_right_C2,right,left,7,0.8205128205128205,5,wrist_hflip,0.4755839407444,0.46937841176986694,0.006205528974533081
2026_08_17_02_30_47_786891_L1_right_C2,right,left,7,0.8205128205128205,5,both_hflip,0.4391453266143799,0.4387285113334656,0.00041681528091430664
2026_08_17_02_30_47_786891_L1_right_C2,right,left,7,0.8205128205128205,6,original,0.3013145625591278,0.32827234268188477,-0.026957780122756958
2026_08_17_02_30_47_786891_L1_right_C2,right,left,7,0.8205128205128205,6,exterior_hflip,0.26766735315322876,0.2784692049026489,-0.010801851749420166
2026_08_17_02_30_47_786891_L1_right_C2,right,left,7,0.8205128205128205,6,wrist_hflip,0.3827643096446991,0.37725332379341125,0.005510985851287842
2026_08_17_02_30_47_786891_L1_right_C2,right,left,7,0.8205128205128205,6,both_hflip,0.3467998802661896,0.34282544255256653,0.003974437713623047
2026_08_17_02_30_47_786891_L1_right_C2,right,left,7,0.8205128205128205,7,original,0.32250481843948364,0.34612134099006653,-0.023616522550582886
2026_08_17_02_30_47_786891_L1_right_C2,right,left,7,0.8205128205128205,7,exterior_hflip,0.289691686630249,0.29868924617767334,-0.008997559547424316
2026_08_17_02_30_47_786891_L1_right_C2,right,left,7,0.8205128205128205,7,wrist_hflip,0.40893253684043884,0.40178796648979187,0.007144570350646973
2026_08_17_02_30_47_786891_L1_right_C2,right,left,7,0.8205128205128205,7,both_hflip,0.37378692626953125,0.37090763449668884,0.0028792917728424072
2026_08_17_02_30_47_786891_L1_right_C2,right,left,7,0.8205128205128205,8,original,0.30650758743286133,0.3250511884689331,-0.018543601036071777
2026_08_17_02_30_47_786891_L1_right_C2,right,left,7,0.8205128205128205,8,exterior_hflip,0.28247031569480896,0.28914862871170044,-0.0066783130168914795
2026_08_17_02_30_47_786891_L1_right_C2,right,left,7,0.8205128205128205,8,wrist_hflip,0.38947582244873047,0.38350558280944824,0.0059702396392822266
2026_08_17_02_30_47_786891_L1_right_C2,right,left,7,0.8205128205128205,8,both_hflip,0.3556468188762665,0.35254234075546265,0.003104478120803833
2026_08_17_02_30_47_786891_L1_right_C2,right,left,7,0.8205128205128205,9,original,0.2994241714477539,0.317213237285614,-0.017789065837860107
2026_08_17_02_30_47_786891_L1_right_C2,right,left,7,0.8205128205128205,9,exterior_hflip,0.26676541566848755,0.27421143651008606,-0.007446020841598511
2026_08_17_02_30_47_786891_L1_right_C2,right,left,7,0.8205128205128205,9,wrist_hflip,0.37340229749679565,0.3664666414260864,0.0069356560707092285
2026_08_17_02_30_47_786891_L1_right_C2,right,left,7,0.8205128205128205,9,both_hflip,0.3393917679786682,0.33457159996032715,0.0048201680183410645
2026_08_17_02_30_47_786891_L1_right_C2,right,left,8,0.9230769230769231,0,original,0.28653472661972046,0.2996777594089508,-0.013143032789230347
2026_08_17_02_30_47_786891_L1_right_C2,right,left,8,0.9230769230769231,0,exterior_hflip,0.27044254541397095,0.2750948667526245,-0.0046523213386535645
2026_08_17_02_30_47_786891_L1_right_C2,right,left,8,0.9230769230769231,0,wrist_hflip,0.3114592432975769,0.3079874515533447,0.0034717917442321777
2026_08_17_02_30_47_786891_L1_right_C2,right,left,8,0.9230769230769231,0,both_hflip,0.29185593128204346,0.29901981353759766,-0.007163882255554199
2026_08_17_02_30_47_786891_L1_right_C2,right,left,8,0.9230769230769231,1,original,0.3963204026222229,0.40902411937713623,-0.01270371675491333
2026_08_17_02_30_47_786891_L1_right_C2,right,left,8,0.9230769230769231,1,exterior_hflip,0.38477426767349243,0.38360393047332764,0.001170337200164795
2026_08_17_02_30_47_786891_L1_right_C2,right,left,8,0.9230769230769231,1,wrist_hflip,0.43579307198524475,0.4385850131511688,-0.0027919411659240723
2026_08_17_02_30_47_786891_L1_right_C2,right,left,8,0.9230769230769231,1,both_hflip,0.41441836953163147,0.42471325397491455,-0.010294884443283081
2026_08_17_02_30_47_786891_L1_right_C2,right,left,8,0.9230769230769231,2,original,0.3246278464794159,0.3388480842113495,-0.014220237731933594
2026_08_17_02_30_47_786891_L1_right_C2,right,left,8,0.9230769230769231,2,exterior_hflip,0.310373991727829,0.31345221400260925,-0.0030782222747802734
2026_08_17_02_30_47_786891_L1_right_C2,right,left,8,0.9230769230769231,2,wrist_hflip,0.3686545789241791,0.36756059527397156,0.0010939836502075195
2026_08_17_02_30_47_786891_L1_right_C2,right,left,8,0.9230769230769231,2,both_hflip,0.3441605269908905,0.35598063468933105,-0.011820107698440552
2026_08_17_02_30_47_786891_L1_right_C2,right,left,8,0.9230769230769231,3,original,0.4253475069999695,0.43385571241378784,-0.00850820541381836
2026_08_17_02_30_47_786891_L1_right_C2,right,left,8,0.9230769230769231,3,exterior_hflip,0.4148341417312622,0.4132705330848694,0.0015636086463928223
2026_08_17_02_30_47_786891_L1_right_C2,right,left,8,0.9230769230769231,3,wrist_hflip,0.48204633593559265,0.4864206612110138,-0.004374325275421143
2026_08_17_02_30_47_786891_L1_right_C2,right,left,8,0.9230769230769231,3,both_hflip,0.45501235127449036,0.46690523624420166,-0.011892884969711304
2026_08_17_02_30_47_786891_L1_right_C2,right,left,8,0.9230769230769231,4,original,0.35065752267837524,0.3627556562423706,-0.012098133563995361
2026_08_17_02_30_47_786891_L1_right_C2,right,left,8,0.9230769230769231,4,exterior_hflip,0.3344261646270752,0.33547478914260864,-0.0010486245155334473
2026_08_17_02_30_47_786891_L1_right_C2,right,left,8,0.9230769230769231,4,wrist_hflip,0.40958714485168457,0.40260955691337585,0.006977587938308716
2026_08_17_02_30_47_786891_L1_right_C2,right,left,8,0.9230769230769231,4,both_hflip,0.37658601999282837,0.38949960470199585,-0.01291358470916748
2026_08_17_02_30_47_786891_L1_right_C2,right,left,8,0.9230769230769231,5,original,0.3938758373260498,0.4118691682815552,-0.01799333095550537
2026_08_17_02_30_47_786891_L1_right_C2,right,left,8,0.9230769230769231,5,exterior_hflip,0.3832765221595764,0.38777995109558105,-0.004503428936004639
2026_08_17_02_30_47_786891_L1_right_C2,right,left,8,0.9230769230769231,5,wrist_hflip,0.4382317364215851,0.4456351101398468,-0.007403373718261719
2026_08_17_02_30_47_786891_L1_right_C2,right,left,8,0.9230769230769231,5,both_hflip,0.4176470637321472,0.428884357213974,-0.011237293481826782
2026_08_17_02_30_47_786891_L1_right_C2,right,left,8,0.9230769230769231,6,original,0.3389034867286682,0.3500444293022156,-0.011140942573547363
2026_08_17_02_30_47_786891_L1_right_C2,right,left,8,0.9230769230769231,6,exterior_hflip,0.32075899839401245,0.32175081968307495,-0.0009918212890625
2026_08_17_02_30_47_786891_L1_right_C2,right,left,8,0.9230769230769231,6,wrist_hflip,0.3818494379520416,0.381978303194046,-0.00012886524200439453
2026_08_17_02_30_47_786891_L1_right_C2,right,left,8,0.9230769230769231,6,both_hflip,0.3524702191352844,0.3636471629142761,-0.0111769437789917
2026_08_17_02_30_47_786891_L1_right_C2,right,left,8,0.9230769230769231,7,original,0.37552115321159363,0.38883933424949646,-0.013318181037902832
2026_08_17_02_30_47_786891_L1_right_C2,right,left,8,0.9230769230769231,7,exterior_hflip,0.36463236808776855,0.364631712436676,6.556510925292969e-07
2026_08_17_02_30_47_786891_L1_right_C2,right,left,8,0.9230769230769231,7,wrist_hflip,0.4186868667602539,0.4205733835697174,-0.001886516809463501
2026_08_17_02_30_47_786891_L1_right_C2,right,left,8,0.9230769230769231,7,both_hflip,0.39598768949508667,0.4083072543144226,-0.012319564819335938
2026_08_17_02_30_47_786891_L1_right_C2,right,left,8,0.9230769230769231,8,original,0.38802844285964966,0.39791005849838257,-0.00988161563873291
2026_08_17_02_30_47_786891_L1_right_C2,right,left,8,0.9230769230769231,8,exterior_hflip,0.3731176257133484,0.37351956963539124,-0.0004019439220428467
2026_08_17_02_30_47_786891_L1_right_C2,right,left,8,0.9230769230769231,8,wrist_hflip,0.43853306770324707,0.4393129348754883,-0.0007798671722412109
2026_08_17_02_30_47_786891_L1_right_C2,right,left,8,0.9230769230769231,8,both_hflip,0.4101417660713196,0.4226621687412262,-0.012520402669906616
2026_08_17_02_30_47_786891_L1_right_C2,right,left,8,0.9230769230769231,9,original,0.3298489451408386,0.34666937589645386,-0.016820430755615234
2026_08_17_02_30_47_786891_L1_right_C2,right,left,8,0.9230769230769231,9,exterior_hflip,0.3104531764984131,0.3144647777080536,-0.004011601209640503
2026_08_17_02_30_47_786891_L1_right_C2,right,left,8,0.9230769230769231,9,wrist_hflip,0.3944584131240845,0.38474735617637634,0.00971105694770813
2026_08_17_02_30_47_786891_L1_right_C2,right,left,8,0.9230769230769231,9,both_hflip,0.36600396037101746,0.3792562484741211,-0.013252288103103638
2026_08_17_02_30_47_786891_L1_right_C2,right,left,9,1.0,0,original,0.4129965007305145,0.4127269685268402,0.0002695322036743164
2026_08_17_02_30_47_786891_L1_right_C2,right,left,9,1.0,0,exterior_hflip,0.4241131842136383,0.4250468909740448,-0.0009337067604064941
2026_08_17_02_30_47_786891_L1_right_C2,right,left,9,1.0,0,wrist_hflip,0.3939700126647949,0.38666313886642456,0.007306873798370361
2026_08_17_02_30_47_786891_L1_right_C2,right,left,9,1.0,0,both_hflip,0.41132813692092896,0.40964096784591675,0.001687169075012207
2026_08_17_02_30_47_786891_L1_right_C2,right,left,9,1.0,1,original,0.4115411043167114,0.41109439730644226,0.00044670701026916504
2026_08_17_02_30_47_786891_L1_right_C2,right,left,9,1.0,1,exterior_hflip,0.42674142122268677,0.42731156945228577,-0.000570148229598999
2026_08_17_02_30_47_786891_L1_right_C2,right,left,9,1.0,1,wrist_hflip,0.40296831727027893,0.3928985595703125,0.01006975769996643
2026_08_17_02_30_47_786891_L1_right_C2,right,left,9,1.0,1,both_hflip,0.42860671877861023,0.4239043891429901,0.004702329635620117
2026_08_17_02_30_47_786891_L1_right_C2,right,left,9,1.0,2,original,0.28045564889907837,0.2806781232357025,-0.0002224743366241455
2026_08_17_02_30_47_786891_L1_right_C2,right,left,9,1.0,2,exterior_hflip,0.2896605432033539,0.2901971936225891,-0.0005366504192352295
2026_08_17_02_30_47_786891_L1_right_C2,right,left,9,1.0,2,wrist_hflip,0.2685069441795349,0.2626517415046692,0.005855202674865723
2026_08_17_02_30_47_786891_L1_right_C2,right,left,9,1.0,2,both_hflip,0.28639447689056396,0.28337955474853516,0.0030149221420288086
2026_08_17_02_30_47_786891_L1_right_C2,right,left,9,1.0,3,original,0.4074547588825226,0.4057122468948364,0.0017425119876861572
2026_08_17_02_30_47_786891_L1_right_C2,right,left,9,1.0,3,exterior_hflip,0.41241931915283203,0.4124295711517334,-1.0251998901367188e-05
2026_08_17_02_30_47_786891_L1_right_C2,right,left,9,1.0,3,wrist_hflip,0.3909875154495239,0.38204678893089294,0.008940726518630981
2026_08_17_02_30_47_786891_L1_right_C2,right,left,9,1.0,3,both_hflip,0.4061747193336487,0.40352898836135864,0.002645730972290039
2026_08_17_02_30_47_786891_L1_right_C2,right,left,9,1.0,4,original,0.36418938636779785,0.36316192150115967,0.0010274648666381836
2026_08_17_02_30_47_786891_L1_right_C2,right,left,9,1.0,4,exterior_hflip,0.37862998247146606,0.3793189525604248,-0.0006889700889587402
2026_08_17_02_30_47_786891_L1_right_C2,right,left,9,1.0,4,wrist_hflip,0.3528754711151123,0.3435160517692566,0.009359419345855713
2026_08_17_02_30_47_786891_L1_right_C2,right,left,9,1.0,4,both_hflip,0.3757658302783966,0.37270796298980713,0.0030578672885894775
2026_08_17_02_30_47_786891_L1_right_C2,right,left,9,1.0,5,original,0.3206172585487366,0.31955090165138245,0.001066356897354126
2026_08_17_02_30_47_786891_L1_right_C2,right,left,9,1.0,5,exterior_hflip,0.3311235010623932,0.33133435249328613,-0.00021085143089294434
2026_08_17_02_30_47_786891_L1_right_C2,right,left,9,1.0,5,wrist_hflip,0.3018174171447754,0.2960795760154724,0.0057378411293029785
2026_08_17_02_30_47_786891_L1_right_C2,right,left,9,1.0,5,both_hflip,0.3177729547023773,0.31599879264831543,0.0017741620540618896
2026_08_17_02_30_47_786891_L1_right_C2,right,left,9,1.0,6,original,0.3263183832168579,0.3255173861980438,0.0008009970188140869
2026_08_17_02_30_47_786891_L1_right_C2,right,left,9,1.0,6,exterior_hflip,0.33724382519721985,0.3371688723564148,7.495284080505371e-05
2026_08_17_02_30_47_786891_L1_right_C2,right,left,9,1.0,6,wrist_hflip,0.3306260108947754,0.3188418447971344,0.011784166097640991
2026_08_17_02_30_47_786891_L1_right_C2,right,left,9,1.0,6,both_hflip,0.34851107001304626,0.3422470688819885,0.006264001131057739
2026_08_17_02_30_47_786891_L1_right_C2,right,left,9,1.0,7,original,0.3664446175098419,0.3650890588760376,0.0013555586338043213
2026_08_17_02_30_47_786891_L1_right_C2,right,left,9,1.0,7,exterior_hflip,0.3720986545085907,0.3720967173576355,1.9371509552001953e-06
2026_08_17_02_30_47_786891_L1_right_C2,right,left,9,1.0,7,wrist_hflip,0.3509373664855957,0.3419528901576996,0.008984476327896118
2026_08_17_02_30_47_786891_L1_right_C2,right,left,9,1.0,7,both_hflip,0.3646128177642822,0.36150410771369934,0.0031087100505828857
2026_08_17_02_30_47_786891_L1_right_C2,right,left,9,1.0,8,original,0.45335641503334045,0.4519713521003723,0.0013850629329681396
2026_08_17_02_30_47_786891_L1_right_C2,right,left,9,1.0,8,exterior_hflip,0.4645371735095978,0.4647338390350342,-0.00019666552543640137
2026_08_17_02_30_47_786891_L1_right_C2,right,left,9,1.0,8,wrist_hflip,0.44839411973953247,0.4358387589454651,0.012555360794067383
2026_08_17_02_30_47_786891_L1_right_C2,right,left,9,1.0,8,both_hflip,0.4668472409248352,0.4611279368400574,0.005719304084777832
2026_08_17_02_30_47_786891_L1_right_C2,right,left,9,1.0,9,original,0.37659960985183716,0.3767203092575073,-0.00012069940567016602
2026_08_17_02_30_47_786891_L1_right_C2,right,left,9,1.0,9,exterior_hflip,0.3777220547199249,0.3784443736076355,-0.0007223188877105713
2026_08_17_02_30_47_786891_L1_right_C2,right,left,9,1.0,9,wrist_hflip,0.3781158924102783,0.3753930926322937,0.002722799777984619
2026_08_17_02_30_47_786891_L1_right_C2,right,left,9,1.0,9,both_hflip,0.38467204570770264,0.38568729162216187,-0.0010152459144592285
