condition,target,init_state_index,repeat_index,success,policy_steps,close_step,grasp_state,lift_state,close_query,grasp_query,lift_query,pre_lift_steps,pre_lift_eef_path_m,pre_lift_action_tv_l2,post_lift_evidence_5,post_lift_evidence_10,post_lift_evidence_15,post_lift_evidence_20,post_lift_early_auc20,post_lift_wrong_fraction15,metadata_path,guidance_at_close,belief_positive_at_close,belief_negative_at_close,guidance_close_plus_1,belief_positive_close_plus_1,belief_negative_close_plus_1,guidance_close_plus_2,belief_positive_close_plus_2,belief_negative_close_plus_2,guidance_close_plus_3,belief_positive_close_plus_3,belief_negative_close_plus_3,guidance_at_grasp,belief_positive_at_grasp,belief_negative_at_grasp,guidance_grasp_plus_1,belief_positive_grasp_plus_1,belief_negative_grasp_plus_1,guidance_grasp_plus_2,belief_positive_grasp_plus_2,belief_negative_grasp_plus_2,guidance_grasp_plus_3,belief_positive_grasp_plus_3,belief_negative_grasp_plus_3,guidance_at_lift,belief_positive_at_lift,belief_negative_at_lift,guidance_lift_plus_1,belief_positive_lift_plus_1,belief_negative_lift_plus_1,guidance_lift_plus_2,belief_positive_lift_plus_2,belief_negative_lift_plus_2,guidance_lift_plus_3,belief_positive_lift_plus_3,belief_negative_lift_plus_3
base,cabinet,0,0,True,84,42,55,63,6,9,10,53.0,0.43068752824615664,6.8043150060695705,0.1778213882418253,0.4002087404772787,0.6587206607720444,0.8815688167525699,0.2948635306696029,0.0,artifacts/goal_bowl_destination_steering_formal_original_phase/goal_bowl_destination_base_cabinet_init0_repeat0_success.json,0.0,nan,nan,0.0,nan,nan,0.0,nan,nan,0.0,nan,nan,0.0,nan,nan,0.0,nan,nan,0.0,nan,nan,0.0,nan,nan,0.0,nan,nan,0.0,nan,nan,0.0,nan,nan,0.0,nan,nan
base,cabinet,0,1,True,92,39,58,61,5,9,10,51.0,0.4313014660683375,6.885887714304479,0.17718248177359833,0.40951595530909285,0.6565745723452278,0.8544402371532356,0.2946609370211963,0.0,artifacts/goal_bowl_destination_steering_formal_original_phase/goal_bowl_destination_base_cabinet_init0_repeat1_success.json,0.0,nan,nan,0.0,nan,nan,0.0,nan,nan,0.0,nan,nan,0.0,nan,nan,0.0,nan,nan,0.0,nan,nan,0.0,nan,nan,0.0,nan,nan,0.0,nan,nan,0.0,nan,nan,0.0,nan,nan
base,cabinet,10,0,True,91,42,87,61,6,15,10,51.0,0.4494355239447522,7.332059900785239,0.1487921900408687,0.3066621660395404,0.4996424399914987,0.7146601517973165,0.23025498306915684,0.0,artifacts/goal_bowl_destination_steering_formal_original_phase/goal_bowl_destination_base_cabinet_init10_repeat0_success.json,0.0,nan,nan,0.0,nan,nan,0.0,nan,nan,0.0,nan,nan,0.0,nan,nan,0.0,nan,nan,0.0,nan,nan,0.0,nan,nan,0.0,nan,nan,0.0,nan,nan,0.0,nan,nan,0.0,nan,nan
base,cabinet,10,1,True,99,40,69,59,6,11,9,49.0,0.44143256251775925,7.347551515778338,0.15172757033310555,0.3130060138201699,0.5218714689281814,0.7419692000114078,0.23691142809988364,0.0,artifacts/goal_bowl_destination_steering_formal_original_phase/goal_bowl_destination_base_cabinet_init10_repeat1_success.json,0.0,nan,nan,0.0,nan,nan,0.0,nan,nan,0.0,nan,nan,0.0,nan,nan,0.0,nan,nan,0.0,nan,nan,0.0,nan,nan,0.0,nan,nan,0.0,nan,nan,0.0,nan,nan,0.0,nan,nan
base,cabinet,11,0,True,85,40,56,62,6,9,10,52.0,0.43552343618640904,6.690948901290015,0.15657364996946505,0.37053732418342983,0.6312369359998452,0.8618360198013679,0.27279718163633165,0.0,artifacts/goal_bowl_destination_steering_formal_original_phase/goal_bowl_destination_base_cabinet_init11_repeat0_success.json,0.0,nan,nan,0.0,nan,nan,0.0,nan,nan,0.0,nan,nan,0.0,nan,nan,0.0,nan,nan,0.0,nan,nan,0.0,nan,nan,0.0,nan,nan,0.0,nan,nan,0.0,nan,nan,0.0,nan,nan
base,cabinet,11,1,True,83,40,55,62,6,9,10,52.0,0.44389176539979625,7.277956155447783,0.1782873086144492,0.4239208186432904,0.6874267514487464,0.9040876506686795,0.3048374640425419,0.0,artifacts/goal_bowl_destination_steering_formal_original_phase/goal_bowl_destination_base_cabinet_init11_repeat1_success.json,0.0,nan,nan,0.0,nan,nan,0.0,nan,nan,0.0,nan,nan,0.0,nan,nan,0.0,nan,nan,0.0,nan,nan,0.0,nan,nan,0.0,nan,nan,0.0,nan,nan,0.0,nan,nan,0.0,nan,nan
base,cabinet,12,0,True,92,40,73,60,6,12,10,50.0,0.44146655820270375,8.07228189131754,0.16248309886527923,0.37582971105959845,0.62089058110755,0.8367212138954742,0.27465849045995433,0.0,artifacts/goal_bowl_destination_steering_formal_original_phase/goal_bowl_destination_base_cabinet_init12_repeat0_success.json,0.0,nan,nan,0.0,nan,nan,0.0,nan,nan,0.0,nan,nan,0.0,nan,nan,0.0,nan,nan,0.0,nan,nan,0.0,nan,nan,0.0,nan,nan,0.0,nan,nan,0.0,nan,nan,0.0,nan,nan
base,cabinet,12,1,True,90,41,57,60,6,9,10,50.0,0.4551742757448989,7.474907044525198,0.16146204156916472,0.3590276947136795,0.5917927191635549,0.8015787236674152,0.2647006198032251,0.0,artifacts/goal_bowl_destination_steering_formal_original_phase/goal_bowl_destination_base_cabinet_init12_repeat1_success.json,0.0,nan,nan,0.0,nan,nan,0.0,nan,nan,0.0,nan,nan,0.0,nan,nan,0.0,nan,nan,0.0,nan,nan,0.0,nan,nan,0.0,nan,nan,0.0,nan,nan,0.0,nan,nan,0.0,nan,nan
base,cabinet,13,0,True,84,39,84,59,5,14,9,49.0,0.423783213504407,7.307530785218764,0.14695520302235487,0.3492712954211722,0.6141367778041665,0.8435789105026748,0.260182555060904,0.0,artifacts/goal_bowl_destination_steering_formal_original_phase/goal_bowl_destination_base_cabinet_init13_repeat0_success.json,0.0,nan,nan,0.0,nan,nan,0.0,nan,nan,0.0,nan,nan,0.0,nan,nan,0.0,nan,nan,0.0,nan,nan,nan,nan,nan,0.0,nan,nan,0.0,nan,nan,0.0,nan,nan,0.0,nan,nan
base,cabinet,13,1,True,87,39,55,61,5,9,10,51.0,0.4313401125864746,7.346884320155789,0.14853908121826429,0.32349445184767933,0.5791726757994785,0.805308617951175,0.24857595835106422,0.0,artifacts/goal_bowl_destination_steering_formal_original_phase/goal_bowl_destination_base_cabinet_init13_repeat1_success.json,0.0,nan,nan,0.0,nan,nan,0.0,nan,nan,0.0,nan,nan,0.0,nan,nan,0.0,nan,nan,0.0,nan,nan,0.0,nan,nan,0.0,nan,nan,0.0,nan,nan,0.0,nan,nan,0.0,nan,nan
base,cabinet,14,0,True,85,42,72,62,6,12,10,52.0,0.442756696472359,7.012619620853242,0.17953805551067664,0.40261648535532324,0.6531922571940152,0.8884965138903798,0.29486014865784266,0.0,artifacts/goal_bowl_destination_steering_formal_original_phase/goal_bowl_destination_base_cabinet_init14_repeat0_success.json,0.0,nan,nan,0.0,nan,nan,0.0,nan,nan,0.0,nan,nan,0.0,nan,nan,0.0,nan,nan,0.0,nan,nan,0.0,nan,nan,0.0,nan,nan,0.0,nan,nan,0.0,nan,nan,0.0,nan,nan
base,cabinet,14,1,True,84,41,87,61,6,15,10,51.0,0.43838558497060054,7.2677014505941635,0.17323823384839232,0.400662522018376,0.6652002388660344,0.9093407414029883,0.2937584061768713,0.0,artifacts/goal_bowl_destination_steering_formal_original_phase/goal_bowl_destination_base_cabinet_init14_repeat1_success.json,0.0,nan,nan,0.0,nan,nan,0.0,nan,nan,0.0,nan,nan,0.0,nan,nan,0.0,nan,nan,nan,nan,nan,nan,nan,nan,0.0,nan,nan,0.0,nan,nan,0.0,nan,nan,0.0,nan,nan
base,cabinet,15,0,True,77,38,48,56,5,7,9,46.0,0.416967584087009,7.301899093831589,0.19847880120460926,0.4693931278332707,0.7437470688858409,0.9520181193482575,0.33317110618279067,0.0,artifacts/goal_bowl_destination_steering_formal_original_phase/goal_bowl_destination_base_cabinet_init15_repeat0_success.json,0.0,nan,nan,0.0,nan,nan,0.0,nan,nan,0.0,nan,nan,0.0,nan,nan,0.0,nan,nan,0.0,nan,nan,0.0,nan,nan,0.0,nan,nan,0.0,nan,nan,0.0,nan,nan,0.0,nan,nan
base,cabinet,15,1,True,77,38,48,57,5,7,9,47.0,0.41897348365920356,7.216577444334858,0.20664823822912615,0.4725435385137671,0.7385187449042555,0.9480142726432996,0.3370530722825716,0.0,artifacts/goal_bowl_destination_steering_formal_original_phase/goal_bowl_destination_base_cabinet_init15_repeat1_success.json,0.0,nan,nan,0.0,nan,nan,0.0,nan,nan,0.0,nan,nan,0.0,nan,nan,0.0,nan,nan,0.0,nan,nan,0.0,nan,nan,0.0,nan,nan,0.0,nan,nan,0.0,nan,nan,0.0,nan,nan
base,cabinet,16,0,True,85,39,61,61,5,10,10,51.0,0.4110394381702372,7.421528280367593,0.1549944705657576,0.340115288211843,0.5600511792480508,0.7809656617748684,0.2519437390161182,0.0,artifacts/goal_bowl_destination_steering_formal_original_phase/goal_bowl_destination_base_cabinet_init16_repeat0_success.json,0.0,nan,nan,0.0,nan,nan,0.0,nan,nan,0.0,nan,nan,0.0,nan,nan,0.0,nan,nan,0.0,nan,nan,0.0,nan,nan,0.0,nan,nan,0.0,nan,nan,0.0,nan,nan,0.0,nan,nan
base,cabinet,16,1,True,89,39,61,58,5,10,9,48.0,0.39304629549779924,7.153104709336671,0.14912564211109958,0.3077067959460278,0.4907518077580901,0.7018973335103268,0.22914912905405804,0.0,artifacts/goal_bowl_destination_steering_formal_original_phase/goal_bowl_destination_base_cabinet_init16_repeat1_success.json,0.0,nan,nan,0.0,nan,nan,0.0,nan,nan,0.0,nan,nan,0.0,nan,nan,0.0,nan,nan,0.0,nan,nan,0.0,nan,nan,0.0,nan,nan,0.0,nan,nan,0.0,nan,nan,0.0,nan,nan
base,cabinet,17,0,True,86,42,54,62,6,8,10,52.0,0.4465455636978174,7.2264715273156215,0.18365621180739886,0.4264410204246239,0.7021645350198201,0.9405039814496114,0.3104578626842814,0.0,artifacts/goal_bowl_destination_steering_formal_original_phase/goal_bowl_destination_base_cabinet_init17_repeat0_success.json,0.0,nan,nan,0.0,nan,nan,0.0,nan,nan,0.0,nan,nan,0.0,nan,nan,0.0,nan,nan,0.0,nan,nan,0.0,nan,nan,0.0,nan,nan,0.0,nan,nan,0.0,nan,nan,0.0,nan,nan
base,cabinet,17,1,True,75,41,,61,6,,10,51.0,0.4376345223910031,7.31825635989523,0.16389324189111532,0.37876427343832714,0.6544165093409313,0.9175516928897363,0.2831913917769734,0.0,artifacts/goal_bowl_destination_steering_formal_original_phase/goal_bowl_destination_base_cabinet_init17_repeat1_success.json,0.0,nan,nan,0.0,nan,nan,0.0,nan,nan,0.0,nan,nan,nan,nan,nan,nan,nan,nan,nan,nan,nan,nan,nan,nan,0.0,nan,nan,0.0,nan,nan,0.0,nan,nan,0.0,nan,nan
base,cabinet,18,0,True,98,43,56,62,6,9,10,52.0,0.4632815984875485,7.137797299087197,0.1649820745822964,0.340009686075407,0.5379341382744155,0.7281045316397228,0.25228540048740505,0.0,artifacts/goal_bowl_destination_steering_formal_original_phase/goal_bowl_destination_base_cabinet_init18_repeat0_success.json,0.0,nan,nan,0.0,nan,nan,0.0,nan,nan,0.0,nan,nan,0.0,nan,nan,0.0,nan,nan,0.0,nan,nan,0.0,nan,nan,0.0,nan,nan,0.0,nan,nan,0.0,nan,nan,0.0,nan,nan
base,cabinet,18,1,True,87,43,84,62,6,14,10,52.0,0.4550883525313682,7.061702751376664,0.1657390332352722,0.37157398777720396,0.6306127873527567,0.8828611488917575,0.2774310815469193,0.0,artifacts/goal_bowl_destination_steering_formal_original_phase/goal_bowl_destination_base_cabinet_init18_repeat1_success.json,0.0,nan,nan,0.0,nan,nan,0.0,nan,nan,0.0,nan,nan,0.0,nan,nan,0.0,nan,nan,0.0,nan,nan,0.0,nan,nan,0.0,nan,nan,0.0,nan,nan,0.0,nan,nan,0.0,nan,nan
base,cabinet,19,0,True,85,38,50,58,5,8,9,48.0,0.4238210727076167,7.0573684639143,0.16373153680012958,0.3646678601463723,0.6189283214905985,0.85820656276104,0.2728698002860683,0.0,artifacts/goal_bowl_destination_steering_formal_original_phase/goal_bowl_destination_base_cabinet_init19_repeat0_success.json,0.0,nan,nan,0.0,nan,nan,0.0,nan,nan,0.0,nan,nan,0.0,nan,nan,0.0,nan,nan,0.0,nan,nan,0.0,nan,nan,0.0,nan,nan,0.0,nan,nan,0.0,nan,nan,0.0,nan,nan
base,cabinet,19,1,True,88,39,54,58,5,8,9,48.0,0.41904128655561423,7.125905556469275,0.15960246265892455,0.3350921807184126,0.5658598394260699,0.791267714486192,0.25396741551933877,0.0,artifacts/goal_bowl_destination_steering_formal_original_phase/goal_bowl_destination_base_cabinet_init19_repeat1_success.json,0.0,nan,nan,0.0,nan,nan,0.0,nan,nan,0.0,nan,nan,0.0,nan,nan,0.0,nan,nan,0.0,nan,nan,0.0,nan,nan,0.0,nan,nan,0.0,nan,nan,0.0,nan,nan,0.0,nan,nan
base,cabinet,1,0,True,90,41,74,61,6,12,10,51.0,0.4373077090603529,7.302992029689583,0.1753140671976267,0.3924963628259087,0.6550361864610061,0.89028101853075,0.29018902749131414,0.0,artifacts/goal_bowl_destination_steering_formal_original_phase/goal_bowl_destination_base_cabinet_init1_repeat0_success.json,0.0,nan,nan,0.0,nan,nan,0.0,nan,nan,0.0,nan,nan,0.0,nan,nan,0.0,nan,nan,0.0,nan,nan,0.0,nan,nan,0.0,nan,nan,0.0,nan,nan,0.0,nan,nan,0.0,nan,nan
base,cabinet,1,1,True,86,40,73,59,6,12,9,49.0,0.43525306334503305,7.293803199509818,0.17429479759407138,0.3911149819314353,0.651287792103474,0.8935330097091589,0.2893100169064575,0.0,artifacts/goal_bowl_destination_steering_formal_original_phase/goal_bowl_destination_base_cabinet_init1_repeat1_success.json,0.0,nan,nan,0.0,nan,nan,0.0,nan,nan,0.0,nan,nan,0.0,nan,nan,0.0,nan,nan,0.0,nan,nan,0.0,nan,nan,0.0,nan,nan,0.0,nan,nan,0.0,nan,nan,0.0,nan,nan
base,cabinet,20,0,True,86,39,50,58,5,8,9,48.0,0.4540265631652186,7.503711510275628,0.17831862786119868,0.38525976225715247,0.6422700184381407,0.871561085272573,0.2876557234553763,0.0,artifacts/goal_bowl_destination_steering_formal_original_phase/goal_bowl_destination_base_cabinet_init20_repeat0_success.json,0.0,nan,nan,0.0,nan,nan,0.0,nan,nan,0.0,nan,nan,0.0,nan,nan,0.0,nan,nan,0.0,nan,nan,0.0,nan,nan,0.0,nan,nan,0.0,nan,nan,0.0,nan,nan,0.0,nan,nan
base,cabinet,20,1,True,83,38,52,57,5,8,9,47.0,0.4384659926730094,7.370549762018374,0.17853557622849384,0.39598886688844587,0.6641343698697004,0.9097799061579296,0.2943471831003732,0.0,artifacts/goal_bowl_destination_steering_formal_original_phase/goal_bowl_destination_base_cabinet_init20_repeat1_success.json,0.0,nan,nan,0.0,nan,nan,0.0,nan,nan,0.0,nan,nan,0.0,nan,nan,0.0,nan,nan,0.0,nan,nan,0.0,nan,nan,0.0,nan,nan,0.0,nan,nan,0.0,nan,nan,0.0,nan,nan
base,cabinet,21,0,True,85,41,71,61,6,12,10,51.0,0.44275779617018884,7.316603052520745,0.17244990386668865,0.3844938538068627,0.6547589452197272,0.8992851588602568,0.28754102926718594,0.0,artifacts/goal_bowl_destination_steering_formal_original_phase/goal_bowl_destination_base_cabinet_init21_repeat0_success.json,0.0,nan,nan,0.0,nan,nan,0.0,nan,nan,0.0,nan,nan,0.0,nan,nan,0.0,nan,nan,0.0,nan,nan,0.0,nan,nan,0.0,nan,nan,0.0,nan,nan,0.0,nan,nan,0.0,nan,nan
base,cabinet,21,1,True,80,40,83,59,6,14,9,49.0,0.4494794099620295,7.649379645497554,0.17125253363821621,0.3793998373310553,0.650107640560141,0.8907103019169631,0.28492689118406256,0.0,artifacts/goal_bowl_destination_steering_formal_original_phase/goal_bowl_destination_base_cabinet_init21_repeat1_success.json,0.0,nan,nan,0.0,nan,nan,0.0,nan,nan,0.0,nan,nan,0.0,nan,nan,0.0,nan,nan,nan,nan,nan,nan,nan,nan,0.0,nan,nan,0.0,nan,nan,0.0,nan,nan,0.0,nan,nan
base,cabinet,22,0,True,76,39,49,57,5,7,9,47.0,0.41142354681029314,6.580568273002779,0.1951701423959173,0.4320988100252092,0.6997676164797437,0.9102844996621663,0.31627050147345603,0.0,artifacts/goal_bowl_destination_steering_formal_original_phase/goal_bowl_destination_base_cabinet_init22_repeat0_success.json,0.0,nan,nan,0.0,nan,nan,0.0,nan,nan,0.0,nan,nan,0.0,nan,nan,0.0,nan,nan,0.0,nan,nan,0.0,nan,nan,0.0,nan,nan,0.0,nan,nan,0.0,nan,nan,0.0,nan,nan
base,cabinet,22,1,True,78,39,53,58,5,8,9,48.0,0.3973114027458441,6.513506369834399,0.16839955559977518,0.37291357297056726,0.6282852145605173,0.8645260364286074,0.27821889544341705,0.0,artifacts/goal_bowl_destination_steering_formal_original_phase/goal_bowl_destination_base_cabinet_init22_repeat1_success.json,0.0,nan,nan,0.0,nan,nan,0.0,nan,nan,0.0,nan,nan,0.0,nan,nan,0.0,nan,nan,0.0,nan,nan,0.0,nan,nan,0.0,nan,nan,0.0,nan,nan,0.0,nan,nan,0.0,nan,nan
base,cabinet,23,0,True,87,43,54,62,6,8,10,52.0,0.4361676527430475,7.599110361530249,0.238312324450583,0.4923595802656939,0.7370379661277399,0.9352761804959902,0.3562900308839553,0.0,artifacts/goal_bowl_destination_steering_formal_original_phase/goal_bowl_destination_base_cabinet_init23_repeat0_success.json,0.0,nan,nan,0.0,nan,nan,0.0,nan,nan,0.0,nan,nan,0.0,nan,nan,0.0,nan,nan,0.0,nan,nan,0.0,nan,nan,0.0,nan,nan,0.0,nan,nan,0.0,nan,nan,0.0,nan,nan
base,cabinet,23,1,True,87,43,53,62,6,8,10,52.0,0.44020697176979484,7.234233770610488,0.23301741829223033,0.4892572422262304,0.732175556383484,0.9175086151887837,0.35206457737199565,0.0,artifacts/goal_bowl_destination_steering_formal_original_phase/goal_bowl_destination_base_cabinet_init23_repeat1_success.json,0.0,nan,nan,0.0,nan,nan,0.0,nan,nan,0.0,nan,nan,0.0,nan,nan,0.0,nan,nan,0.0,nan,nan,0.0,nan,nan,0.0,nan,nan,0.0,nan,nan,0.0,nan,nan,0.0,nan,nan
base,cabinet,24,0,True,80,37,58,58,5,9,9,48.0,0.39929911125903844,6.843073507458411,0.17583996748183378,0.3965171093617168,0.6565385344895228,0.8816795479995557,0.29101750863213693,0.0,artifacts/goal_bowl_destination_steering_formal_original_phase/goal_bowl_destination_base_cabinet_init24_repeat0_success.json,0.0,nan,nan,0.0,nan,nan,0.0,nan,nan,0.0,nan,nan,0.0,nan,nan,0.0,nan,nan,0.0,nan,nan,0.0,nan,nan,0.0,nan,nan,0.0,nan,nan,0.0,nan,nan,0.0,nan,nan
base,cabinet,24,1,True,83,39,58,63,5,9,10,53.0,0.4384113029129616,6.985371377780697,0.17272458404102745,0.384737224856883,0.6315510986416478,0.8384058458040321,0.2831724019768699,0.0,artifacts/goal_bowl_destination_steering_formal_original_phase/goal_bowl_destination_base_cabinet_init24_repeat1_success.json,0.0,nan,nan,0.0,nan,nan,0.0,nan,nan,0.0,nan,nan,0.0,nan,nan,0.0,nan,nan,0.0,nan,nan,0.0,nan,nan,0.0,nan,nan,0.0,nan,nan,0.0,nan,nan,0.0,nan,nan
base,cabinet,25,0,True,88,42,53,61,6,8,10,51.0,0.4729097142510896,7.437234644970674,0.18331458493764202,0.3862071419549731,0.636440145385193,0.8627066421376249,0.28862593646259754,0.0,artifacts/goal_bowl_destination_steering_formal_original_phase/goal_bowl_destination_base_cabinet_init25_repeat0_success.json,0.0,nan,nan,0.0,nan,nan,0.0,nan,nan,0.0,nan,nan,0.0,nan,nan,0.0,nan,nan,0.0,nan,nan,0.0,nan,nan,0.0,nan,nan,0.0,nan,nan,0.0,nan,nan,0.0,nan,nan
base,cabinet,25,1,True,90,43,,62,6,,10,52.0,0.4732665816157937,7.759606566957245,0.19369312276903444,0.4276258122544586,0.6859107585746758,0.9115014700161855,0.3120452452794147,0.0,artifacts/goal_bowl_destination_steering_formal_original_phase/goal_bowl_destination_base_cabinet_init25_repeat1_success.json,0.0,nan,nan,0.0,nan,nan,0.0,nan,nan,0.0,nan,nan,nan,nan,nan,nan,nan,nan,nan,nan,nan,nan,nan,nan,0.0,nan,nan,0.0,nan,nan,0.0,nan,nan,0.0,nan,nan
base,cabinet,26,0,True,89,43,60,66,6,10,11,56.0,0.4888522331589196,7.535422437836023,0.1594303051254075,0.3769003803784738,0.6414457371621298,0.8714544925408316,0.27723633321540647,0.0,artifacts/goal_bowl_destination_steering_formal_original_phase/goal_bowl_destination_base_cabinet_init26_repeat0_success.json,0.0,nan,nan,0.0,nan,nan,0.0,nan,nan,0.0,nan,nan,0.0,nan,nan,0.0,nan,nan,0.0,nan,nan,0.0,nan,nan,0.0,nan,nan,0.0,nan,nan,0.0,nan,nan,0.0,nan,nan
base,cabinet,26,1,True,90,44,61,66,6,10,11,56.0,0.47643703913791163,7.213824092571923,0.16739197571685185,0.396741098190817,0.6596135978980261,0.8749602864626738,0.28868674589605225,0.0,artifacts/goal_bowl_destination_steering_formal_original_phase/goal_bowl_destination_base_cabinet_init26_repeat1_success.json,0.0,nan,nan,0.0,nan,nan,0.0,nan,nan,0.0,nan,nan,0.0,nan,nan,0.0,nan,nan,0.0,nan,nan,0.0,nan,nan,0.0,nan,nan,0.0,nan,nan,0.0,nan,nan,0.0,nan,nan
base,cabinet,27,0,True,84,39,,57,5,,9,47.0,0.4340832300441526,7.367819526818539,0.17447339070282017,0.3899235512706879,0.6579981784735107,0.9012881849957727,0.29017316010072447,0.0,artifacts/goal_bowl_destination_steering_formal_original_phase/goal_bowl_destination_base_cabinet_init27_repeat0_success.json,0.0,nan,nan,0.0,nan,nan,0.0,nan,nan,0.0,nan,nan,nan,nan,nan,nan,nan,nan,nan,nan,nan,nan,nan,nan,0.0,nan,nan,0.0,nan,nan,0.0,nan,nan,0.0,nan,nan
base,cabinet,27,1,True,83,39,68,58,5,11,9,48.0,0.44107521535753363,7.228924979880335,0.17681363783107426,0.4015844144208863,0.667777476088987,0.8964621091031042,0.2956382295611356,0.0,artifacts/goal_bowl_destination_steering_formal_original_phase/goal_bowl_destination_base_cabinet_init27_repeat1_success.json,0.0,nan,nan,0.0,nan,nan,0.0,nan,nan,0.0,nan,nan,0.0,nan,nan,0.0,nan,nan,0.0,nan,nan,0.0,nan,nan,0.0,nan,nan,0.0,nan,nan,0.0,nan,nan,0.0,nan,nan
base,cabinet,28,0,True,90,42,54,62,6,8,10,52.0,0.46883962288624664,7.344398401226823,0.15997998999769952,0.3506909987383038,0.6004307599747061,0.8210642500774467,0.26340489474123274,0.0,artifacts/goal_bowl_destination_steering_formal_original_phase/goal_bowl_destination_base_cabinet_init28_repeat0_success.json,0.0,nan,nan,0.0,nan,nan,0.0,nan,nan,0.0,nan,nan,0.0,nan,nan,0.0,nan,nan,0.0,nan,nan,0.0,nan,nan,0.0,nan,nan,0.0,nan,nan,0.0,nan,nan,0.0,nan,nan
base,cabinet,28,1,True,78,42,,61,6,,10,51.0,0.46409199149880775,7.329700272217424,0.1879626481578174,0.44204565063855955,0.7173732416728532,0.9380193716366182,0.3175806604122939,0.0,artifacts/goal_bowl_destination_steering_formal_original_phase/goal_bowl_destination_base_cabinet_init28_repeat1_success.json,0.0,nan,nan,0.0,nan,nan,0.0,nan,nan,0.0,nan,nan,nan,nan,nan,nan,nan,nan,nan,nan,nan,nan,nan,nan,0.0,nan,nan,0.0,nan,nan,0.0,nan,nan,0.0,nan,nan
base,cabinet,29,0,True,84,41,55,61,6,9,10,51.0,0.44348575295244297,7.169651645632938,0.15555919396628287,0.36703683200673226,0.6364617250675961,0.8799968586064393,0.2728448950779111,0.0,artifacts/goal_bowl_destination_steering_formal_original_phase/goal_bowl_destination_base_cabinet_init29_repeat0_success.json,0.0,nan,nan,0.0,nan,nan,0.0,nan,nan,0.0,nan,nan,0.0,nan,nan,0.0,nan,nan,0.0,nan,nan,0.0,nan,nan,0.0,nan,nan,0.0,nan,nan,0.0,nan,nan,0.0,nan,nan
base,cabinet,29,1,True,81,39,72,60,5,12,10,50.0,0.44136405809381796,7.098156171735292,0.1568058212919806,0.37901556111844975,0.6471063474300677,0.8770883621687152,0.2776503639606317,0.0,artifacts/goal_bowl_destination_steering_formal_original_phase/goal_bowl_destination_base_cabinet_init29_repeat1_success.json,0.0,nan,nan,0.0,nan,nan,0.0,nan,nan,0.0,nan,nan,0.0,nan,nan,0.0,nan,nan,0.0,nan,nan,0.0,nan,nan,0.0,nan,nan,0.0,nan,nan,0.0,nan,nan,0.0,nan,nan
base,cabinet,2,0,True,80,39,72,59,5,12,9,49.0,0.44143410851193476,7.5672307448759195,0.1907104108306158,0.4392213502962197,0.715336511773778,0.943705566713927,0.318512814787577,0.0,artifacts/goal_bowl_destination_steering_formal_original_phase/goal_bowl_destination_base_cabinet_init2_repeat0_success.json,0.0,nan,nan,0.0,nan,nan,0.0,nan,nan,0.0,nan,nan,0.0,nan,nan,0.0,nan,nan,0.0,nan,nan,0.0,nan,nan,0.0,nan,nan,0.0,nan,nan,0.0,nan,nan,0.0,nan,nan
base,cabinet,2,1,True,130,40,50,59,6,8,9,49.0,0.44832265211093875,7.293554255724409,0.20270328637778648,0.4440517308881652,0.46151768283705613,0.26907949259287445,0.2750107045083604,0.0,artifacts/goal_bowl_destination_steering_formal_original_phase/goal_bowl_destination_base_cabinet_init2_repeat1_success.json,0.0,nan,nan,0.0,nan,nan,0.0,nan,nan,0.0,nan,nan,0.0,nan,nan,0.0,nan,nan,0.0,nan,nan,0.0,nan,nan,0.0,nan,nan,0.0,nan,nan,0.0,nan,nan,0.0,nan,nan
base,cabinet,30,0,True,88,42,55,61,6,9,10,51.0,0.4606376628521967,7.428549894729418,0.17615832061219092,0.393875103823322,0.6729860499938423,0.9226582210136272,0.2944944920256011,0.0,artifacts/goal_bowl_destination_steering_formal_original_phase/goal_bowl_destination_base_cabinet_init30_repeat0_success.json,0.0,nan,nan,0.0,nan,nan,0.0,nan,nan,0.0,nan,nan,0.0,nan,nan,0.0,nan,nan,0.0,nan,nan,0.0,nan,nan,0.0,nan,nan,0.0,nan,nan,0.0,nan,nan,0.0,nan,nan
base,cabinet,30,1,True,87,42,56,62,6,9,10,52.0,0.4654401833383619,7.433497598703388,0.1746397693786588,0.39501316007420495,0.6734062343306694,0.910892804416989,0.29401524437261545,0.0,artifacts/goal_bowl_destination_steering_formal_original_phase/goal_bowl_destination_base_cabinet_init30_repeat1_success.json,0.0,nan,nan,0.0,nan,nan,0.0,nan,nan,0.0,nan,nan,0.0,nan,nan,0.0,nan,nan,0.0,nan,nan,0.0,nan,nan,0.0,nan,nan,0.0,nan,nan,0.0,nan,nan,0.0,nan,nan
base,cabinet,31,0,True,82,39,53,59,5,8,9,49.0,0.43588480972545396,7.223719367936763,0.20074117823702106,0.44478114330993634,0.7146210009472124,0.9264029844109773,0.3249482973357299,0.0,artifacts/goal_bowl_destination_steering_formal_original_phase/goal_bowl_destination_base_cabinet_init31_repeat0_success.json,0.0,nan,nan,0.0,nan,nan,0.0,nan,nan,0.0,nan,nan,0.0,nan,nan,0.0,nan,nan,0.0,nan,nan,0.0,nan,nan,0.0,nan,nan,0.0,nan,nan,0.0,nan,nan,0.0,nan,nan
base,cabinet,31,1,True,76,39,50,58,5,8,9,48.0,0.41385514120368533,7.012553449760551,0.21642820389164114,0.48824645638595926,0.7541892535188403,0.958438010345051,0.3476107069611237,0.0,artifacts/goal_bowl_destination_steering_formal_original_phase/goal_bowl_destination_base_cabinet_init31_repeat1_success.json,0.0,nan,nan,0.0,nan,nan,0.0,nan,nan,0.0,nan,nan,0.0,nan,nan,0.0,nan,nan,0.0,nan,nan,0.0,nan,nan,0.0,nan,nan,0.0,nan,nan,0.0,nan,nan,0.0,nan,nan
base,cabinet,32,0,True,83,37,60,58,5,10,9,48.0,0.43316982423584327,6.963773751291663,0.15603399759593783,0.34599470548581346,0.5979805559819606,0.8281243824922183,0.26084975139493477,0.0,artifacts/goal_bowl_destination_steering_formal_original_phase/goal_bowl_destination_base_cabinet_init32_repeat0_success.json,0.0,nan,nan,0.0,nan,nan,0.0,nan,nan,0.0,nan,nan,0.0,nan,nan,0.0,nan,nan,0.0,nan,nan,0.0,nan,nan,0.0,nan,nan,0.0,nan,nan,0.0,nan,nan,0.0,nan,nan
base,cabinet,32,1,True,81,38,51,57,5,8,9,47.0,0.4170487488997988,6.917590025248283,0.17128684145915032,0.3889882324961307,0.652418022865089,0.8913056163004669,0.2873269820165551,0.0,artifacts/goal_bowl_destination_steering_formal_original_phase/goal_bowl_destination_base_cabinet_init32_repeat1_success.json,0.0,nan,nan,0.0,nan,nan,0.0,nan,nan,0.0,nan,nan,0.0,nan,nan,0.0,nan,nan,0.0,nan,nan,0.0,nan,nan,0.0,nan,nan,0.0,nan,nan,0.0,nan,nan,0.0,nan,nan
base,cabinet,33,0,True,83,38,55,58,5,9,9,48.0,0.4200764671217109,6.687283031831328,0.16287487819297378,0.38236082790577275,0.6470178659578399,0.8774652726175497,0.281198816750186,0.0,artifacts/goal_bowl_destination_steering_formal_original_phase/goal_bowl_destination_base_cabinet_init33_repeat0_success.json,0.0,nan,nan,0.0,nan,nan,0.0,nan,nan,0.0,nan,nan,0.0,nan,nan,0.0,nan,nan,0.0,nan,nan,0.0,nan,nan,0.0,nan,nan,0.0,nan,nan,0.0,nan,nan,0.0,nan,nan
base,cabinet,33,1,True,79,37,51,57,5,8,9,47.0,0.41626293604919395,6.839100557566613,0.187839470603307,0.42146459701149847,0.6908484505369884,0.9191319624924471,0.30917671517441414,0.0,artifacts/goal_bowl_destination_steering_formal_original_phase/goal_bowl_destination_base_cabinet_init33_repeat1_success.json,0.0,nan,nan,0.0,nan,nan,0.0,nan,nan,0.0,nan,nan,0.0,nan,nan,0.0,nan,nan,0.0,nan,nan,0.0,nan,nan,0.0,nan,nan,0.0,nan,nan,0.0,nan,nan,0.0,nan,nan
base,cabinet,34,0,True,89,41,53,59,6,8,9,49.0,0.43193170074009035,7.463351635016939,0.1599172647789609,0.3454700144979049,0.5882487816404945,0.833916729407042,0.2606675839703109,0.0,artifacts/goal_bowl_destination_steering_formal_original_phase/goal_bowl_destination_base_cabinet_init34_repeat0_success.json,0.0,nan,nan,0.0,nan,nan,0.0,nan,nan,0.0,nan,nan,0.0,nan,nan,0.0,nan,nan,0.0,nan,nan,0.0,nan,nan,0.0,nan,nan,0.0,nan,nan,0.0,nan,nan,0.0,nan,nan
base,cabinet,34,1,True,92,40,52,59,6,8,9,49.0,0.4444063246798073,7.561042866059299,0.16641853833996165,0.36043673776949886,0.5888589350162404,0.8086725395203397,0.26697743046397043,0.0,artifacts/goal_bowl_destination_steering_formal_original_phase/goal_bowl_destination_base_cabinet_init34_repeat1_success.json,0.0,nan,nan,0.0,nan,nan,0.0,nan,nan,0.0,nan,nan,0.0,nan,nan,0.0,nan,nan,0.0,nan,nan,0.0,nan,nan,0.0,nan,nan,0.0,nan,nan,0.0,nan,nan,0.0,nan,nan
base,cabinet,35,0,True,80,38,49,57,5,7,9,47.0,0.420853114299873,7.21142606687788,0.16822679008930067,0.3802467015735652,0.6471554910443937,0.8788566717559549,0.2831894010474317,0.0,artifacts/goal_bowl_destination_steering_formal_original_phase/goal_bowl_destination_base_cabinet_init35_repeat0_success.json,0.0,nan,nan,0.0,nan,nan,0.0,nan,nan,0.0,nan,nan,0.0,nan,nan,0.0,nan,nan,0.0,nan,nan,0.0,nan,nan,0.0,nan,nan,0.0,nan,nan,0.0,nan,nan,0.0,nan,nan
base,cabinet,35,1,True,77,37,50,56,5,8,9,46.0,0.41616786757849095,7.00278904206419,0.16549557459392708,0.3835667906071737,0.6517714925441929,0.8833575396840753,0.28391637247418755,0.0,artifacts/goal_bowl_destination_steering_formal_original_phase/goal_bowl_destination_base_cabinet_init35_repeat1_success.json,0.0,nan,nan,0.0,nan,nan,0.0,nan,nan,0.0,nan,nan,0.0,nan,nan,0.0,nan,nan,0.0,nan,nan,0.0,nan,nan,0.0,nan,nan,0.0,nan,nan,0.0,nan,nan,0.0,nan,nan
base,cabinet,36,0,True,81,39,52,58,5,8,9,48.0,0.4219577247367586,7.020992084708921,0.15975399801223872,0.3544546385784036,0.624148743073209,0.875324546107848,0.26884526855859986,0.0,artifacts/goal_bowl_destination_steering_formal_original_phase/goal_bowl_destination_base_cabinet_init36_repeat0_success.json,0.0,nan,nan,0.0,nan,nan,0.0,nan,nan,0.0,nan,nan,0.0,nan,nan,0.0,nan,nan,0.0,nan,nan,0.0,nan,nan,0.0,nan,nan,0.0,nan,nan,0.0,nan,nan,0.0,nan,nan
base,cabinet,36,1,True,82,38,53,58,5,8,9,48.0,0.4247405817601275,6.859078644338274,0.1721212728932428,0.3934554310678114,0.6713914232583349,0.909197881762264,0.29219519863468024,0.0,artifacts/goal_bowl_destination_steering_formal_original_phase/goal_bowl_destination_base_cabinet_init36_repeat1_success.json,0.0,nan,nan,0.0,nan,nan,0.0,nan,nan,0.0,nan,nan,0.0,nan,nan,0.0,nan,nan,0.0,nan,nan,0.0,nan,nan,0.0,nan,nan,0.0,nan,nan,0.0,nan,nan,0.0,nan,nan
base,cabinet,37,0,True,90,41,67,59,6,11,9,49.0,0.41052497760091344,7.152789222391017,0.13624998635710198,0.2879965230717719,0.46191969465482025,0.6600603951056646,0.21325636442162152,0.0,artifacts/goal_bowl_destination_steering_formal_original_phase/goal_bowl_destination_base_cabinet_init37_repeat0_success.json,0.0,nan,nan,0.0,nan,nan,0.0,nan,nan,0.0,nan,nan,0.0,nan,nan,0.0,nan,nan,0.0,nan,nan,0.0,nan,nan,0.0,nan,nan,0.0,nan,nan,0.0,nan,nan,0.0,nan,nan
base,cabinet,37,1,True,87,40,59,59,6,9,9,49.0,0.41631755773541046,7.130046717145428,0.14163675856643843,0.29562186772915217,0.4785637580410186,0.6775722725314124,0.22041455156528217,0.0,artifacts/goal_bowl_destination_steering_formal_original_phase/goal_bowl_destination_base_cabinet_init37_repeat1_success.json,0.0,nan,nan,0.0,nan,nan,0.0,nan,nan,0.0,nan,nan,0.0,nan,nan,0.0,nan,nan,0.0,nan,nan,0.0,nan,nan,0.0,nan,nan,0.0,nan,nan,0.0,nan,nan,0.0,nan,nan
base,cabinet,38,0,True,84,42,57,64,6,9,10,54.0,0.4666101311160831,7.490751599345177,0.17110808715384224,0.39741178768139546,0.6601850035602871,0.8757102975200709,0.29046445801762266,0.0,artifacts/goal_bowl_destination_steering_formal_original_phase/goal_bowl_destination_base_cabinet_init38_repeat0_success.json,0.0,nan,nan,0.0,nan,nan,0.0,nan,nan,0.0,nan,nan,0.0,nan,nan,0.0,nan,nan,0.0,nan,nan,0.0,nan,nan,0.0,nan,nan,0.0,nan,nan,0.0,nan,nan,0.0,nan,nan
base,cabinet,38,1,True,83,40,55,62,6,9,10,52.0,0.44747886424432476,7.237486627641718,0.15891581759756995,0.3721522785117724,0.6280907885423141,0.8454605245044868,0.27360293947262315,0.0,artifacts/goal_bowl_destination_steering_formal_original_phase/goal_bowl_destination_base_cabinet_init38_repeat1_success.json,0.0,nan,nan,0.0,nan,nan,0.0,nan,nan,0.0,nan,nan,0.0,nan,nan,0.0,nan,nan,0.0,nan,nan,0.0,nan,nan,0.0,nan,nan,0.0,nan,nan,0.0,nan,nan,0.0,nan,nan
base,cabinet,39,0,True,87,41,56,62,6,9,10,52.0,0.4660138474367382,6.945834533586263,0.18202217975717103,0.41354018751255955,0.6777362776198168,0.8942277975622871,0.30241641604330805,0.0,artifacts/goal_bowl_destination_steering_formal_original_phase/goal_bowl_destination_base_cabinet_init39_repeat0_success.json,0.0,nan,nan,0.0,nan,nan,0.0,nan,nan,0.0,nan,nan,0.0,nan,nan,0.0,nan,nan,0.0,nan,nan,0.0,nan,nan,0.0,nan,nan,0.0,nan,nan,0.0,nan,nan,0.0,nan,nan
base,cabinet,39,1,True,80,41,52,60,6,8,10,50.0,0.4489619719480488,6.928283513548162,0.19997734689349805,0.4395907661502259,0.7141105564376279,0.9436001886110861,0.3222094064859337,0.0,artifacts/goal_bowl_destination_steering_formal_original_phase/goal_bowl_destination_base_cabinet_init39_repeat1_success.json,0.0,nan,nan,0.0,nan,nan,0.0,nan,nan,0.0,nan,nan,0.0,nan,nan,0.0,nan,nan,0.0,nan,nan,0.0,nan,nan,0.0,nan,nan,0.0,nan,nan,0.0,nan,nan,0.0,nan,nan
base,cabinet,3,0,True,97,44,57,63,6,9,10,53.0,0.4780497201778469,7.489337654906804,0.17145933097739938,0.35963428147395987,0.5732737748992794,0.7727331983301663,0.2657624598674084,0.0,artifacts/goal_bowl_destination_steering_formal_original_phase/goal_bowl_destination_base_cabinet_init3_repeat0_success.json,0.0,nan,nan,0.0,nan,nan,0.0,nan,nan,0.0,nan,nan,0.0,nan,nan,0.0,nan,nan,0.0,nan,nan,0.0,nan,nan,0.0,nan,nan,0.0,nan,nan,0.0,nan,nan,0.0,nan,nan
base,cabinet,3,1,True,97,43,59,62,6,9,10,52.0,0.4624764942158938,7.169133272025258,0.16904540127651546,0.35251037767588744,0.5598959851199831,0.7678094433549904,0.2611312352820046,0.0,artifacts/goal_bowl_destination_steering_formal_original_phase/goal_bowl_destination_base_cabinet_init3_repeat1_success.json,0.0,nan,nan,0.0,nan,nan,0.0,nan,nan,0.0,nan,nan,0.0,nan,nan,0.0,nan,nan,0.0,nan,nan,0.0,nan,nan,0.0,nan,nan,0.0,nan,nan,0.0,nan,nan,0.0,nan,nan
base,cabinet,40,0,True,85,38,64,60,5,10,10,50.0,0.4213471391097388,6.8251920566363085,0.1554455231714992,0.34965668437384506,0.5950241736915667,0.824516415489637,0.26084156022546234,0.0,artifacts/goal_bowl_destination_steering_formal_original_phase/goal_bowl_destination_base_cabinet_init40_repeat0_success.json,0.0,nan,nan,0.0,nan,nan,0.0,nan,nan,0.0,nan,nan,0.0,nan,nan,0.0,nan,nan,0.0,nan,nan,0.0,nan,nan,0.0,nan,nan,0.0,nan,nan,0.0,nan,nan,0.0,nan,nan
base,cabinet,40,1,True,85,39,75,61,5,13,10,51.0,0.43274716568090627,7.413524254866882,0.1539096851626252,0.3655950404291645,0.6391566657735307,0.8660062078674169,0.2722014533727489,0.0,artifacts/goal_bowl_destination_steering_formal_original_phase/goal_bowl_destination_base_cabinet_init40_repeat1_success.json,0.0,nan,nan,0.0,nan,nan,0.0,nan,nan,0.0,nan,nan,0.0,nan,nan,0.0,nan,nan,0.0,nan,nan,0.0,nan,nan,0.0,nan,nan,0.0,nan,nan,0.0,nan,nan,0.0,nan,nan
base,cabinet,41,0,True,83,37,54,56,5,8,9,46.0,0.4110992081987736,6.996268074208167,0.15446259828233644,0.33175847692505733,0.5750407297475372,0.7987824280182003,0.2525466850189564,0.0,artifacts/goal_bowl_destination_steering_formal_original_phase/goal_bowl_destination_base_cabinet_init41_repeat0_success.json,0.0,nan,nan,0.0,nan,nan,0.0,nan,nan,0.0,nan,nan,0.0,nan,nan,0.0,nan,nan,0.0,nan,nan,0.0,nan,nan,0.0,nan,nan,0.0,nan,nan,0.0,nan,nan,0.0,nan,nan
base,cabinet,41,1,True,83,39,50,59,5,8,9,49.0,0.42920936555446754,7.609166549815321,0.16560450325467274,0.371597659029875,0.6122200120238018,0.8135248399045113,0.27321004636778057,0.0,artifacts/goal_bowl_destination_steering_formal_original_phase/goal_bowl_destination_base_cabinet_init41_repeat1_success.json,0.0,nan,nan,0.0,nan,nan,0.0,nan,nan,0.0,nan,nan,0.0,nan,nan,0.0,nan,nan,0.0,nan,nan,0.0,nan,nan,0.0,nan,nan,0.0,nan,nan,0.0,nan,nan,0.0,nan,nan
base,cabinet,42,0,True,84,38,,58,5,,9,48.0,0.42906590925809385,7.163423058258593,0.17675414402025078,0.40346529618089105,0.653647838529556,0.871901297971141,0.2928011189396031,0.0,artifacts/goal_bowl_destination_steering_formal_original_phase/goal_bowl_destination_base_cabinet_init42_repeat0_success.json,0.0,nan,nan,0.0,nan,nan,0.0,nan,nan,0.0,nan,nan,nan,nan,nan,nan,nan,nan,nan,nan,nan,nan,nan,nan,0.0,nan,nan,0.0,nan,nan,0.0,nan,nan,0.0,nan,nan
base,cabinet,42,1,True,84,37,80,58,5,14,9,48.0,0.4248435228167438,7.34696171468432,0.15317465788924603,0.370241774435791,0.6333804032197226,0.8671693327718331,0.2714283135785952,0.0,artifacts/goal_bowl_destination_steering_formal_original_phase/goal_bowl_destination_base_cabinet_init42_repeat1_success.json,0.0,nan,nan,0.0,nan,nan,0.0,nan,nan,0.0,nan,nan,0.0,nan,nan,0.0,nan,nan,0.0,nan,nan,nan,nan,nan,0.0,nan,nan,0.0,nan,nan,0.0,nan,nan,0.0,nan,nan
base,cabinet,43,0,True,82,39,49,64,5,7,10,54.0,0.4631093296576658,7.44065817309224,0.17641573159252233,0.3905269389216699,0.6174575659356144,0.8089248093377762,0.2831718532289451,0.0,artifacts/goal_bowl_destination_steering_formal_original_phase/goal_bowl_destination_base_cabinet_init43_repeat0_success.json,0.0,nan,nan,0.0,nan,nan,0.0,nan,nan,0.0,nan,nan,0.0,nan,nan,0.0,nan,nan,0.0,nan,nan,0.0,nan,nan,0.0,nan,nan,0.0,nan,nan,0.0,nan,nan,0.0,nan,nan
base,cabinet,43,1,True,78,40,63,61,6,10,10,51.0,0.4150198738078111,7.087787548825482,0.17656482725473058,0.3987298108057604,0.6693073492688265,0.9052802091991211,0.2947623882558895,0.0,artifacts/goal_bowl_destination_steering_formal_original_phase/goal_bowl_destination_base_cabinet_init43_repeat1_success.json,0.0,nan,nan,0.0,nan,nan,0.0,nan,nan,0.0,nan,nan,0.0,nan,nan,0.0,nan,nan,0.0,nan,nan,0.0,nan,nan,0.0,nan,nan,0.0,nan,nan,0.0,nan,nan,0.0,nan,nan
base,cabinet,44,0,True,81,38,52,58,5,8,9,48.0,0.4212807693764358,6.912284456463662,0.1637075136548277,0.34679122992941036,0.5735811682424733,0.7805560945943056,0.2593047869344907,0.0,artifacts/goal_bowl_destination_steering_formal_original_phase/goal_bowl_destination_base_cabinet_init44_repeat0_success.json,0.0,nan,nan,0.0,nan,nan,0.0,nan,nan,0.0,nan,nan,0.0,nan,nan,0.0,nan,nan,0.0,nan,nan,0.0,nan,nan,0.0,nan,nan,0.0,nan,nan,0.0,nan,nan,0.0,nan,nan
base,cabinet,44,1,True,80,39,51,59,5,8,9,49.0,0.4149519738410302,7.1906621423355945,0.150229953329084,0.33953572373588475,0.603112971864617,0.8341485132998455,0.2569968393018773,0.0,artifacts/goal_bowl_destination_steering_formal_original_phase/goal_bowl_destination_base_cabinet_init44_repeat1_success.json,0.0,nan,nan,0.0,nan,nan,0.0,nan,nan,0.0,nan,nan,0.0,nan,nan,0.0,nan,nan,0.0,nan,nan,0.0,nan,nan,0.0,nan,nan,0.0,nan,nan,0.0,nan,nan,0.0,nan,nan
base,cabinet,45,0,True,87,41,57,63,6,9,10,53.0,0.46546361368204153,7.3874099865257135,0.16659789774034872,0.35859585362312213,0.5942750322926805,0.7990495868164851,0.26673891245234144,0.0,artifacts/goal_bowl_destination_steering_formal_original_phase/goal_bowl_destination_base_cabinet_init45_repeat0_success.json,0.0,nan,nan,0.0,nan,nan,0.0,nan,nan,0.0,nan,nan,0.0,nan,nan,0.0,nan,nan,0.0,nan,nan,0.0,nan,nan,0.0,nan,nan,0.0,nan,nan,0.0,nan,nan,0.0,nan,nan
base,cabinet,45,1,True,84,39,55,58,5,9,9,48.0,0.4178020430051492,7.344443226434895,0.15079478360406032,0.32360313117729095,0.5517849392395967,0.762082021971622,0.24469243471328964,0.0,artifacts/goal_bowl_destination_steering_formal_original_phase/goal_bowl_destination_base_cabinet_init45_repeat1_success.json,0.0,nan,nan,0.0,nan,nan,0.0,nan,nan,0.0,nan,nan,0.0,nan,nan,0.0,nan,nan,0.0,nan,nan,0.0,nan,nan,0.0,nan,nan,0.0,nan,nan,0.0,nan,nan,0.0,nan,nan
base,cabinet,46,0,True,81,40,51,59,6,8,9,49.0,0.42974694363275645,6.92511708592519,0.17448242517874207,0.3826641502145054,0.6529910462196218,0.8974450011166409,0.28754670520970527,0.0,artifacts/goal_bowl_destination_steering_formal_original_phase/goal_bowl_destination_base_cabinet_init46_repeat0_success.json,0.0,nan,nan,0.0,nan,nan,0.0,nan,nan,0.0,nan,nan,0.0,nan,nan,0.0,nan,nan,0.0,nan,nan,0.0,nan,nan,0.0,nan,nan,0.0,nan,nan,0.0,nan,nan,0.0,nan,nan
base,cabinet,46,1,True,85,39,49,58,5,7,9,48.0,0.43011018230950737,6.887647353125415,0.17391390220659414,0.3893516993714185,0.6490145092193305,0.8825195804057993,0.28814849376329,0.0,artifacts/goal_bowl_destination_steering_formal_original_phase/goal_bowl_destination_base_cabinet_init46_repeat1_success.json,0.0,nan,nan,0.0,nan,nan,0.0,nan,nan,0.0,nan,nan,0.0,nan,nan,0.0,nan,nan,0.0,nan,nan,0.0,nan,nan,0.0,nan,nan,0.0,nan,nan,0.0,nan,nan,0.0,nan,nan
base,cabinet,47,0,True,86,43,54,62,6,8,10,52.0,0.4370410318501435,6.944960394609403,0.15733705191317385,0.37667184360981226,0.6211740187265642,0.8300635777169053,0.27236270508904087,0.0,artifacts/goal_bowl_destination_steering_formal_original_phase/goal_bowl_destination_base_cabinet_init47_repeat0_success.json,0.0,nan,nan,0.0,nan,nan,0.0,nan,nan,0.0,nan,nan,0.0,nan,nan,0.0,nan,nan,0.0,nan,nan,0.0,nan,nan,0.0,nan,nan,0.0,nan,nan,0.0,nan,nan,0.0,nan,nan
base,cabinet,47,1,True,88,43,53,61,6,8,10,51.0,0.43625743227892816,6.858187841902592,0.1389186476490375,0.3378682525283731,0.5603736664641157,0.7790712589216247,0.24474123896769298,0.0,artifacts/goal_bowl_destination_steering_formal_original_phase/goal_bowl_destination_base_cabinet_init47_repeat1_success.json,0.0,nan,nan,0.0,nan,nan,0.0,nan,nan,0.0,nan,nan,0.0,nan,nan,0.0,nan,nan,0.0,nan,nan,0.0,nan,nan,0.0,nan,nan,0.0,nan,nan,0.0,nan,nan,0.0,nan,nan
base,cabinet,48,0,True,90,42,54,63,6,8,10,53.0,0.43876213420570476,7.508076849359782,0.16794532647424426,0.3983869496713429,0.6725373669449166,0.9101713305596854,0.2912179837789608,0.0,artifacts/goal_bowl_destination_steering_formal_original_phase/goal_bowl_destination_base_cabinet_init48_repeat0_success.json,0.0,nan,nan,0.0,nan,nan,0.0,nan,nan,0.0,nan,nan,0.0,nan,nan,0.0,nan,nan,0.0,nan,nan,0.0,nan,nan,0.0,nan,nan,0.0,nan,nan,0.0,nan,nan,0.0,nan,nan
base,cabinet,48,1,True,82,41,52,61,6,8,10,51.0,0.4313222996489063,7.0927221831699665,0.18384332668514694,0.43106543563514055,0.7019392743137768,0.9166108436309969,0.3104748259512419,0.0,artifacts/goal_bowl_destination_steering_formal_original_phase/goal_bowl_destination_base_cabinet_init48_repeat1_success.json,0.0,nan,nan,0.0,nan,nan,0.0,nan,nan,0.0,nan,nan,0.0,nan,nan,0.0,nan,nan,0.0,nan,nan,0.0,nan,nan,0.0,nan,nan,0.0,nan,nan,0.0,nan,nan,0.0,nan,nan
base,cabinet,49,0,True,89,42,69,60,6,11,10,50.0,0.4611366136561941,7.556782518126334,0.13337852272196365,0.2839497281323269,0.4706377661561493,0.6751921354709947,0.21296528448533383,0.0,artifacts/goal_bowl_destination_steering_formal_original_phase/goal_bowl_destination_base_cabinet_init49_repeat0_success.json,0.0,nan,nan,0.0,nan,nan,0.0,nan,nan,0.0,nan,nan,0.0,nan,nan,0.0,nan,nan,0.0,nan,nan,0.0,nan,nan,0.0,nan,nan,0.0,nan,nan,0.0,nan,nan,0.0,nan,nan
base,cabinet,49,1,True,92,43,64,64,6,10,10,54.0,0.4631799026892751,11.656676200554761,0.13935361499830323,0.29191494228346243,0.479776077059844,0.6788148854979079,0.21890565148211158,0.0,artifacts/goal_bowl_destination_steering_formal_original_phase/goal_bowl_destination_base_cabinet_init49_repeat1_success.json,0.0,nan,nan,0.0,nan,nan,0.0,nan,nan,0.0,nan,nan,0.0,nan,nan,0.0,nan,nan,0.0,nan,nan,0.0,nan,nan,0.0,nan,nan,0.0,nan,nan,0.0,nan,nan,0.0,nan,nan
base,cabinet,4,0,True,81,38,51,57,5,8,9,47.0,0.40656384383076705,6.8352769360618275,0.15442220373761978,0.346098226104389,0.6005097239099166,0.8443410551211877,0.26096479144753754,0.0,artifacts/goal_bowl_destination_steering_formal_original_phase/goal_bowl_destination_base_cabinet_init4_repeat0_success.json,0.0,nan,nan,0.0,nan,nan,0.0,nan,nan,0.0,nan,nan,0.0,nan,nan,0.0,nan,nan,0.0,nan,nan,0.0,nan,nan,0.0,nan,nan,0.0,nan,nan,0.0,nan,nan,0.0,nan,nan
base,cabinet,4,1,True,79,36,48,57,5,7,9,47.0,0.41117596979455673,6.6580032706065815,0.17136246405628902,0.3880438207817955,0.6540606141910064,0.8725327315789264,0.28715336007805836,0.0,artifacts/goal_bowl_destination_steering_formal_original_phase/goal_bowl_destination_base_cabinet_init4_repeat1_success.json,0.0,nan,nan,0.0,nan,nan,0.0,nan,nan,0.0,nan,nan,0.0,nan,nan,0.0,nan,nan,0.0,nan,nan,0.0,nan,nan,0.0,nan,nan,0.0,nan,nan,0.0,nan,nan,0.0,nan,nan
base,cabinet,5,0,True,76,37,47,55,5,7,9,45.0,0.4051308263641243,7.209375665619739,0.19946148203046848,0.45553686733056725,0.7277598039704178,0.9418804468206687,0.3283492187484337,0.0,artifacts/goal_bowl_destination_steering_formal_original_phase/goal_bowl_destination_base_cabinet_init5_repeat0_success.json,0.0,nan,nan,0.0,nan,nan,0.0,nan,nan,0.0,nan,nan,0.0,nan,nan,0.0,nan,nan,0.0,nan,nan,0.0,nan,nan,0.0,nan,nan,0.0,nan,nan,0.0,nan,nan,0.0,nan,nan
base,cabinet,5,1,True,81,39,49,58,5,7,9,48.0,0.4122884225100155,7.0501234044317735,0.18391867811186838,0.412016194679496,0.6844614620242366,0.9202186105285214,0.3039938373091839,0.0,artifacts/goal_bowl_destination_steering_formal_original_phase/goal_bowl_destination_base_cabinet_init5_repeat1_success.json,0.0,nan,nan,0.0,nan,nan,0.0,nan,nan,0.0,nan,nan,0.0,nan,nan,0.0,nan,nan,0.0,nan,nan,0.0,nan,nan,0.0,nan,nan,0.0,nan,nan,0.0,nan,nan,0.0,nan,nan
base,cabinet,6,0,True,79,40,51,58,6,8,9,48.0,0.427262799104271,7.444550386231819,0.1860900974171342,0.4181148560795113,0.6891918801452006,0.9097365098299526,0.3072978907516419,0.0,artifacts/goal_bowl_destination_steering_formal_original_phase/goal_bowl_destination_base_cabinet_init6_repeat0_success.json,0.0,nan,nan,0.0,nan,nan,0.0,nan,nan,0.0,nan,nan,0.0,nan,nan,0.0,nan,nan,0.0,nan,nan,0.0,nan,nan,0.0,nan,nan,0.0,nan,nan,0.0,nan,nan,0.0,nan,nan
base,cabinet,6,1,True,78,39,50,57,5,8,9,47.0,0.4156124297663317,7.068897444693713,0.16250918042891593,0.38951021711163336,0.655581066793452,0.8912461807112927,0.28453107747602097,0.0,artifacts/goal_bowl_destination_steering_formal_original_phase/goal_bowl_destination_base_cabinet_init6_repeat1_success.json,0.0,nan,nan,0.0,nan,nan,0.0,nan,nan,0.0,nan,nan,0.0,nan,nan,0.0,nan,nan,0.0,nan,nan,0.0,nan,nan,0.0,nan,nan,0.0,nan,nan,0.0,nan,nan,0.0,nan,nan
base,cabinet,7,0,True,86,39,76,59,5,13,9,49.0,0.4464504951742019,7.644281147796475,0.15883469816450027,0.35938336546127403,0.600222982509976,0.824623304248652,0.2652366195642072,0.0,artifacts/goal_bowl_destination_steering_formal_original_phase/goal_bowl_destination_base_cabinet_init7_repeat0_success.json,0.0,nan,nan,0.0,nan,nan,0.0,nan,nan,0.0,nan,nan,0.0,nan,nan,0.0,nan,nan,0.0,nan,nan,0.0,nan,nan,0.0,nan,nan,0.0,nan,nan,0.0,nan,nan,0.0,nan,nan
base,cabinet,7,1,True,82,38,56,60,5,9,10,50.0,0.4466774537046015,7.210515851993496,0.15923019286797452,0.3708634810521779,0.6362677460888095,0.8592735741092613,0.2745298165595612,0.0,artifacts/goal_bowl_destination_steering_formal_original_phase/goal_bowl_destination_base_cabinet_init7_repeat1_success.json,0.0,nan,nan,0.0,nan,nan,0.0,nan,nan,0.0,nan,nan,0.0,nan,nan,0.0,nan,nan,0.0,nan,nan,0.0,nan,nan,0.0,nan,nan,0.0,nan,nan,0.0,nan,nan,0.0,nan,nan
base,cabinet,8,0,True,80,38,53,59,5,8,9,49.0,0.4161189345561928,6.782357449578779,0.14879219524732662,0.3574054996969797,0.6203443713257274,0.8483867597108157,0.26451517370346794,0.0,artifacts/goal_bowl_destination_steering_formal_original_phase/goal_bowl_destination_base_cabinet_init8_repeat0_success.json,0.0,nan,nan,0.0,nan,nan,0.0,nan,nan,0.0,nan,nan,0.0,nan,nan,0.0,nan,nan,0.0,nan,nan,0.0,nan,nan,0.0,nan,nan,0.0,nan,nan,0.0,nan,nan,0.0,nan,nan
base,cabinet,8,1,True,81,37,50,58,5,8,9,48.0,0.41363540654320713,6.786464651999316,0.15203097013289496,0.35145340373371337,0.6077111549783942,0.8296516987101215,0.262111481606046,0.0,artifacts/goal_bowl_destination_steering_formal_original_phase/goal_bowl_destination_base_cabinet_init8_repeat1_success.json,0.0,nan,nan,0.0,nan,nan,0.0,nan,nan,0.0,nan,nan,0.0,nan,nan,0.0,nan,nan,0.0,nan,nan,0.0,nan,nan,0.0,nan,nan,0.0,nan,nan,0.0,nan,nan,0.0,nan,nan
base,cabinet,9,0,True,85,40,53,59,6,8,9,49.0,0.43297375784485437,6.944034961233665,0.17349839629084562,0.3894754320243086,0.6505582060183902,0.8841776560745911,0.28780040135754453,0.0,artifacts/goal_bowl_destination_steering_formal_original_phase/goal_bowl_destination_base_cabinet_init9_repeat0_success.json,0.0,nan,nan,0.0,nan,nan,0.0,nan,nan,0.0,nan,nan,0.0,nan,nan,0.0,nan,nan,0.0,nan,nan,0.0,nan,nan,0.0,nan,nan,0.0,nan,nan,0.0,nan,nan,0.0,nan,nan
base,cabinet,9,1,True,85,41,53,60,6,8,10,50.0,0.44026776370220644,7.173430174634833,0.20177276519934792,0.4246794454311184,0.6834895489483288,0.9028286819305094,0.3147689086787179,0.0,artifacts/goal_bowl_destination_steering_formal_original_phase/goal_bowl_destination_base_cabinet_init9_repeat1_success.json,0.0,nan,nan,0.0,nan,nan,0.0,nan,nan,0.0,nan,nan,0.0,nan,nan,0.0,nan,nan,0.0,nan,nan,0.0,nan,nan,0.0,nan,nan,0.0,nan,nan,0.0,nan,nan,0.0,nan,nan
base,plate,0,0,True,73,42,54,62,6,8,10,52.0,0.4455399380425257,8.11865568476232,-0.09173608868892516,-0.04141131962064354,0.1438178643494525,0.36743766320169186,-0.021028212805280205,0.7333333333333333,artifacts/goal_bowl_destination_steering_formal_original_phase/goal_bowl_destination_base_plate_init0_repeat0_success.json,0.0,nan,nan,0.0,nan,nan,0.0,nan,nan,0.0,nan,nan,0.0,nan,nan,0.0,nan,nan,0.0,nan,nan,0.0,nan,nan,0.0,nan,nan,0.0,nan,nan,0.0,nan,nan,0.0,nan,nan
base,plate,0,1,True,74,43,54,63,6,8,10,53.0,0.433370375932201,7.7309077059670575,-0.08736740212648593,-0.05986850152554634,0.12657642003334563,0.3410622524103033,-0.025762396428171946,0.7333333333333333,artifacts/goal_bowl_destination_steering_formal_original_phase/goal_bowl_destination_base_plate_init0_repeat1_success.json,0.0,nan,nan,0.0,nan,nan,0.0,nan,nan,0.0,nan,nan,0.0,nan,nan,0.0,nan,nan,0.0,nan,nan,0.0,nan,nan,0.0,nan,nan,0.0,nan,nan,0.0,nan,nan,0.0,nan,nan
base,plate,10,0,True,72,44,58,64,6,9,10,54.0,0.49016548923204034,8.305455968818258,-0.0686897388122346,0.033903820625584564,0.2605910285213007,0.3732564287724332,0.02502493522003102,0.6,artifacts/goal_bowl_destination_steering_formal_original_phase/goal_bowl_destination_base_plate_init10_repeat0_success.json,0.0,nan,nan,0.0,nan,nan,0.0,nan,nan,0.0,nan,nan,0.0,nan,nan,0.0,nan,nan,0.0,nan,nan,0.0,nan,nan,0.0,nan,nan,0.0,nan,nan,0.0,nan,nan,0.0,nan,nan
base,plate,10,1,True,72,45,58,65,7,9,11,55.0,0.4925447790416051,8.305238864921094,-0.07233036896231501,0.06584185020067926,0.29167862427708957,0.36638383442062283,0.03611125736896098,0.5333333333333333,artifacts/goal_bowl_destination_steering_formal_original_phase/goal_bowl_destination_base_plate_init10_repeat1_success.json,0.0,nan,nan,0.0,nan,nan,0.0,nan,nan,0.0,nan,nan,0.0,nan,nan,0.0,nan,nan,0.0,nan,nan,0.0,nan,nan,0.0,nan,nan,0.0,nan,nan,0.0,nan,nan,0.0,nan,nan
base,plate,11,0,True,74,45,65,66,7,11,11,56.0,0.48171948342765997,8.064451864053664,-0.05559908022627413,0.0433654705642258,0.23685454166329797,0.34366490511735925,0.030043766735570288,0.5333333333333333,artifacts/goal_bowl_destination_steering_formal_original_phase/goal_bowl_destination_base_plate_init11_repeat0_success.json,0.0,nan,nan,0.0,nan,nan,0.0,nan,nan,0.0,nan,nan,0.0,nan,nan,0.0,nan,nan,0.0,nan,nan,0.0,nan,nan,0.0,nan,nan,0.0,nan,nan,0.0,nan,nan,0.0,nan,nan
base,plate,11,1,True,73,44,59,66,6,9,11,56.0,0.49569736465441494,7.809085348517632,-0.05250622522438247,0.060083078831305974,0.26622615323825266,0.3426744089359353,0.0397975224413807,0.5333333333333333,artifacts/goal_bowl_destination_steering_formal_original_phase/goal_bowl_destination_base_plate_init11_repeat1_success.json,0.0,nan,nan,0.0,nan,nan,0.0,nan,nan,0.0,nan,nan,0.0,nan,nan,0.0,nan,nan,0.0,nan,nan,0.0,nan,nan,0.0,nan,nan,0.0,nan,nan,0.0,nan,nan,0.0,nan,nan
base,plate,12,0,True,78,46,63,68,7,10,11,58.0,0.46357146403737554,8.205725898325532,-0.05708127388778576,0.003754707199858032,0.20965262971225082,0.42422073985568237,0.017054523669354317,0.6,artifacts/goal_bowl_destination_steering_formal_original_phase/goal_bowl_destination_base_plate_init12_repeat0_success.json,0.0,nan,nan,0.0,nan,nan,0.0,nan,nan,0.0,nan,nan,0.0,nan,nan,0.0,nan,nan,0.0,nan,nan,0.0,nan,nan,0.0,nan,nan,0.0,nan,nan,0.0,nan,nan,0.0,nan,nan
base,plate,12,1,True,77,46,82,65,7,14,11,55.0,0.4608034248633133,8.227936784004724,-0.049972169017392834,0.01030934810513749,0.18210839126514888,0.3754096000581814,0.014878619051157237,0.6,artifacts/goal_bowl_destination_steering_formal_original_phase/goal_bowl_destination_base_plate_init12_repeat1_success.json,0.0,nan,nan,0.0,nan,nan,0.0,nan,nan,0.0,nan,nan,0.0,nan,nan,0.0,nan,nan,nan,nan,nan,nan,nan,nan,0.0,nan,nan,0.0,nan,nan,0.0,nan,nan,0.0,nan,nan
base,plate,13,0,True,89,51,97,71,8,17,12,61.0,0.47547398255647544,7.8585043851463405,-0.0660380653754644,-0.0785181017227416,-0.011020565314602429,0.14537681701740407,-0.04793603836311979,1.0,artifacts/goal_bowl_destination_steering_formal_original_phase/goal_bowl_destination_base_plate_init13_repeat0_success.json,0.0,nan,nan,0.0,nan,nan,0.0,nan,nan,0.0,nan,nan,0.0,nan,nan,nan,nan,nan,nan,nan,nan,nan,nan,nan,0.0,nan,nan,0.0,nan,nan,0.0,nan,nan,0.0,nan,nan
base,plate,13,1,True,89,51,,71,8,,12,61.0,0.48372264349620403,8.041214915806961,-0.07187959463286239,-0.08113837232606982,-0.028900095715456507,0.12985072337764034,-0.053678380269838524,1.0,artifacts/goal_bowl_destination_steering_formal_original_phase/goal_bowl_destination_base_plate_init13_repeat1_success.json,0.0,nan,nan,0.0,nan,nan,0.0,nan,nan,0.0,nan,nan,nan,nan,nan,nan,nan,nan,nan,nan,nan,nan,nan,nan,0.0,nan,nan,0.0,nan,nan,0.0,nan,nan,0.0,nan,nan
base,plate,14,0,True,81,49,60,70,7,10,12,60.0,0.4590916689046122,6.751398305861723,-0.0598122226181545,0.023777689750642036,0.1767747377501149,0.34142496571205216,0.010726048985297403,0.6,artifacts/goal_bowl_destination_steering_formal_original_phase/goal_bowl_destination_base_plate_init14_repeat0_success.json,0.0,nan,nan,0.0,nan,nan,0.0,nan,nan,0.0,nan,nan,0.0,nan,nan,0.0,nan,nan,0.0,nan,nan,0.0,nan,nan,0.0,nan,nan,0.0,nan,nan,0.0,nan,nan,0.0,nan,nan
base,plate,14,1,True,77,48,59,69,7,9,11,59.0,0.4576501721639923,7.19251983898015,-0.045486288782156575,0.07456366183670096,0.25270725823345475,0.35041029514052807,0.04281392163743388,0.4666666666666667,artifacts/goal_bowl_destination_steering_formal_original_phase/goal_bowl_destination_base_plate_init14_repeat1_success.json,0.0,nan,nan,0.0,nan,nan,0.0,nan,nan,0.0,nan,nan,0.0,nan,nan,0.0,nan,nan,0.0,nan,nan,0.0,nan,nan,0.0,nan,nan,0.0,nan,nan,0.0,nan,nan,0.0,nan,nan
base,plate,15,0,True,76,44,,63,6,,10,53.0,0.4709037701975272,8.20362927809234,-0.08109954257009595,-0.04230160488226877,0.15877994439542253,0.34547455725105897,-0.014301832775415555,0.7333333333333333,artifacts/goal_bowl_destination_steering_formal_original_phase/goal_bowl_destination_base_plate_init15_repeat0_success.json,0.0,nan,nan,0.0,nan,nan,0.0,nan,nan,0.0,nan,nan,nan,nan,nan,nan,nan,nan,nan,nan,nan,nan,nan,nan,0.0,nan,nan,0.0,nan,nan,0.0,nan,nan,0.0,nan,nan
base,plate,15,1,True,74,43,63,63,6,10,10,53.0,0.4707824054127775,7.872416062013403,-0.08157200850932958,-0.07167475524652718,0.10521867617927949,0.3268109158665305,-0.0319026368981328,0.8,artifacts/goal_bowl_destination_steering_formal_original_phase/goal_bowl_destination_base_plate_init15_repeat1_success.json,0.0,nan,nan,0.0,nan,nan,0.0,nan,nan,0.0,nan,nan,0.0,nan,nan,0.0,nan,nan,0.0,nan,nan,0.0,nan,nan,0.0,nan,nan,0.0,nan,nan,0.0,nan,nan,0.0,nan,nan
base,plate,16,0,True,70,43,56,63,6,9,10,53.0,0.47498563268359767,7.354505096645011,-0.0676272680399447,0.06402473422665654,0.28020527163495124,0.3470343174040918,0.03254267109256004,0.5333333333333333,artifacts/goal_bowl_destination_steering_formal_original_phase/goal_bowl_destination_base_plate_init16_repeat0_success.json,0.0,nan,nan,0.0,nan,nan,0.0,nan,nan,0.0,nan,nan,0.0,nan,nan,0.0,nan,nan,0.0,nan,nan,0.0,nan,nan,0.0,nan,nan,0.0,nan,nan,0.0,nan,nan,0.0,nan,nan
base,plate,16,1,True,71,45,57,64,7,9,10,54.0,0.4781586132752441,7.378304530542416,-0.08189419564927819,0.038846786634353606,0.25566035378999746,0.33439606035354935,0.0185986297323165,0.6,artifacts/goal_bowl_destination_steering_formal_original_phase/goal_bowl_destination_base_plate_init16_repeat1_success.json,0.0,nan,nan,0.0,nan,nan,0.0,nan,nan,0.0,nan,nan,0.0,nan,nan,0.0,nan,nan,0.0,nan,nan,0.0,nan,nan,0.0,nan,nan,0.0,nan,nan,0.0,nan,nan,0.0,nan,nan
base,plate,17,0,True,75,47,61,68,7,10,11,58.0,0.4930411514870657,8.071992816520215,-0.03637207661568947,0.12086664210526232,0.31123952688082934,0.3603687027947508,0.06889110633069066,0.4,artifacts/goal_bowl_destination_steering_formal_original_phase/goal_bowl_destination_base_plate_init17_repeat0_success.json,0.0,nan,nan,0.0,nan,nan,0.0,nan,nan,0.0,nan,nan,0.0,nan,nan,0.0,nan,nan,0.0,nan,nan,0.0,nan,nan,0.0,nan,nan,0.0,nan,nan,0.0,nan,nan,0.0,nan,nan
base,plate,17,1,True,74,47,59,67,7,9,11,57.0,0.5003219208828489,8.541586551442666,-0.04979918756227947,0.08823405647854192,0.2884545666966695,0.3533020388955116,0.05020354787355472,0.4666666666666667,artifacts/goal_bowl_destination_steering_formal_original_phase/goal_bowl_destination_base_plate_init17_repeat1_success.json,0.0,nan,nan,0.0,nan,nan,0.0,nan,nan,0.0,nan,nan,0.0,nan,nan,0.0,nan,nan,0.0,nan,nan,0.0,nan,nan,0.0,nan,nan,0.0,nan,nan,0.0,nan,nan,0.0,nan,nan
base,plate,18,0,True,78,46,58,66,7,9,11,56.0,0.49984590747388136,8.483374595636967,-0.0716863580715899,-0.008656732108501644,0.14450504801506647,0.2944420163713351,-0.00586842747875377,0.6666666666666666,artifacts/goal_bowl_destination_steering_formal_original_phase/goal_bowl_destination_base_plate_init18_repeat0_success.json,0.0,nan,nan,0.0,nan,nan,0.0,nan,nan,0.0,nan,nan,0.0,nan,nan,0.0,nan,nan,0.0,nan,nan,0.0,nan,nan,0.0,nan,nan,0.0,nan,nan,0.0,nan,nan,0.0,nan,nan
base,plate,18,1,True,77,47,60,68,7,10,11,58.0,0.5031283739639479,7.898407164037312,-0.0623990341725719,0.03178189064898542,0.2204325656445242,0.33520667786910946,0.020704803272841847,0.6,artifacts/goal_bowl_destination_steering_formal_original_phase/goal_bowl_destination_base_plate_init18_repeat1_success.json,0.0,nan,nan,0.0,nan,nan,0.0,nan,nan,0.0,nan,nan,0.0,nan,nan,0.0,nan,nan,0.0,nan,nan,0.0,nan,nan,0.0,nan,nan,0.0,nan,nan,0.0,nan,nan,0.0,nan,nan
base,plate,19,0,True,75,43,54,63,6,8,10,53.0,0.4407303389875704,7.917027867881328,-0.080038969682248,-0.0496181853914486,0.10791337896781023,0.2986869792095402,-0.02427653132488934,0.7333333333333333,artifacts/goal_bowl_destination_steering_formal_original_phase/goal_bowl_destination_base_plate_init19_repeat0_success.json,0.0,nan,nan,0.0,nan,nan,0.0,nan,nan,0.0,nan,nan,0.0,nan,nan,0.0,nan,nan,0.0,nan,nan,0.0,nan,nan,0.0,nan,nan,0.0,nan,nan,0.0,nan,nan,0.0,nan,nan
base,plate,19,1,True,78,44,60,66,6,10,11,56.0,0.45424903563094293,8.322756111678252,-0.05997484891104383,-0.028331472093595777,0.13647401840338613,0.3275496402644052,-0.006898357267845308,0.7333333333333333,artifacts/goal_bowl_destination_steering_formal_original_phase/goal_bowl_destination_base_plate_init19_repeat1_success.json,0.0,nan,nan,0.0,nan,nan,0.0,nan,nan,0.0,nan,nan,0.0,nan,nan,0.0,nan,nan,0.0,nan,nan,0.0,nan,nan,0.0,nan,nan,0.0,nan,nan,0.0,nan,nan,0.0,nan,nan
base,plate,1,0,True,80,48,90,66,7,15,11,56.0,0.4834480427472895,8.665790599541257,-0.07818366663415828,-0.06146449304637356,0.09894495297137622,0.2671019327583486,-0.03031012668952742,0.8,artifacts/goal_bowl_destination_steering_formal_original_phase/goal_bowl_destination_base_plate_init1_repeat0_success.json,0.0,nan,nan,0.0,nan,nan,0.0,nan,nan,0.0,nan,nan,0.0,nan,nan,nan,nan,nan,nan,nan,nan,nan,nan,nan,0.0,nan,nan,0.0,nan,nan,0.0,nan,nan,0.0,nan,nan
base,plate,1,1,True,78,48,72,67,7,12,11,57.0,0.48545913825689585,8.621305734976524,-0.09159373637812314,-0.08862556254197354,0.035377361021773024,0.2065034337417776,-0.05194123769716213,0.8666666666666667,artifacts/goal_bowl_destination_steering_formal_original_phase/goal_bowl_destination_base_plate_init1_repeat1_success.json,0.0,nan,nan,0.0,nan,nan,0.0,nan,nan,0.0,nan,nan,0.0,nan,nan,0.0,nan,nan,0.0,nan,nan,0.0,nan,nan,0.0,nan,nan,0.0,nan,nan,0.0,nan,nan,0.0,nan,nan
base,plate,20,0,True,76,44,54,64,6,8,10,54.0,0.46395032576890743,8.303221484255547,-0.10228105384438241,-0.08483395463379563,0.06808092175945708,0.2702673307052969,-0.049615375453363315,0.8666666666666667,artifacts/goal_bowl_destination_steering_formal_original_phase/goal_bowl_destination_base_plate_init20_repeat0_success.json,0.0,nan,nan,0.0,nan,nan,0.0,nan,nan,0.0,nan,nan,0.0,nan,nan,0.0,nan,nan,0.0,nan,nan,0.0,nan,nan,0.0,nan,nan,0.0,nan,nan,0.0,nan,nan,0.0,nan,nan
base,plate,20,1,True,76,44,55,64,6,9,10,54.0,0.4602802252034616,8.058729479030676,-0.11148341143698243,-0.10085824681991522,0.06522579355209009,0.27083147619231124,-0.05817369240140265,0.8666666666666667,artifacts/goal_bowl_destination_steering_formal_original_phase/goal_bowl_destination_base_plate_init20_repeat1_success.json,0.0,nan,nan,0.0,nan,nan,0.0,nan,nan,0.0,nan,nan,0.0,nan,nan,0.0,nan,nan,0.0,nan,nan,0.0,nan,nan,0.0,nan,nan,0.0,nan,nan,0.0,nan,nan,0.0,nan,nan
base,plate,21,0,True,77,46,69,70,7,11,12,60.0,0.5150271933029994,7.870997681109289,-0.03354589183887638,0.08302467668573514,0.2661070949601048,0.3348332798228691,0.05272003050942549,0.4,artifacts/goal_bowl_destination_steering_formal_original_phase/goal_bowl_destination_base_plate_init21_repeat0_success.json,0.0,nan,nan,0.0,nan,nan,0.0,nan,nan,0.0,nan,nan,0.0,nan,nan,0.0,nan,nan,0.0,nan,nan,0.0,nan,nan,0.0,nan,nan,0.0,nan,nan,0.0,nan,nan,0.0,nan,nan
base,plate,21,1,True,75,45,69,65,7,11,11,55.0,0.48388098860136053,7.905874958645619,-0.05740123970234475,-0.015274771210663462,0.15600105058168978,0.32251833809196767,-0.0011749042676710468,0.6666666666666666,artifacts/goal_bowl_destination_steering_formal_original_phase/goal_bowl_destination_base_plate_init21_repeat1_success.json,0.0,nan,nan,0.0,nan,nan,0.0,nan,nan,0.0,nan,nan,0.0,nan,nan,0.0,nan,nan,0.0,nan,nan,0.0,nan,nan,0.0,nan,nan,0.0,nan,nan,0.0,nan,nan,0.0,nan,nan
base,plate,22,0,True,72,41,54,62,6,8,10,52.0,0.44194215641052137,8.126919004392347,-0.04987677826234517,0.0202593951749333,0.1828841562918893,0.3342757508986579,0.017619990687132575,0.6,artifacts/goal_bowl_destination_steering_formal_original_phase/goal_bowl_destination_base_plate_init22_repeat0_success.json,0.0,nan,nan,0.0,nan,nan,0.0,nan,nan,0.0,nan,nan,0.0,nan,nan,0.0,nan,nan,0.0,nan,nan,0.0,nan,nan,0.0,nan,nan,0.0,nan,nan,0.0,nan,nan,0.0,nan,nan
base,plate,22,1,True,69,41,62,59,6,10,9,49.0,0.4230351924487307,7.733516491182927,-0.07376278948538788,-0.029120751131851613,0.14847815078123267,0.3128923204027978,-0.010744081717901184,0.6666666666666666,artifacts/goal_bowl_destination_steering_formal_original_phase/goal_bowl_destination_base_plate_init22_repeat1_success.json,0.0,nan,nan,0.0,nan,nan,0.0,nan,nan,0.0,nan,nan,0.0,nan,nan,0.0,nan,nan,0.0,nan,nan,0.0,nan,nan,0.0,nan,nan,0.0,nan,nan,0.0,nan,nan,0.0,nan,nan
base,plate,23,0,True,76,45,58,66,7,9,11,56.0,0.48242913564702555,8.40011283155008,-0.11494005220598874,-0.02149020164909336,0.18537986136278037,0.371271276114309,-0.020801655161225525,0.6666666666666666,artifacts/goal_bowl_destination_steering_formal_original_phase/goal_bowl_destination_base_plate_init23_repeat0_success.json,0.0,nan,nan,0.0,nan,nan,0.0,nan,nan,0.0,nan,nan,0.0,nan,nan,0.0,nan,nan,0.0,nan,nan,0.0,nan,nan,0.0,nan,nan,0.0,nan,nan,0.0,nan,nan,0.0,nan,nan
base,plate,23,1,True,78,46,59,66,7,9,11,56.0,0.44749780565121833,7.9894065384024335,-0.08093137869942582,-0.024190661873562672,0.12440403705979061,0.28763933382405465,-0.016465287308365884,0.7333333333333333,artifacts/goal_bowl_destination_steering_formal_original_phase/goal_bowl_destination_base_plate_init23_repeat1_success.json,0.0,nan,nan,0.0,nan,nan,0.0,nan,nan,0.0,nan,nan,0.0,nan,nan,0.0,nan,nan,0.0,nan,nan,0.0,nan,nan,0.0,nan,nan,0.0,nan,nan,0.0,nan,nan,0.0,nan,nan
base,plate,24,0,True,72,42,60,63,6,10,10,53.0,0.4519823865427311,7.790267144660198,-0.04967526887312349,0.04256103351075677,0.23937299157653885,0.3913090708502306,0.032686571955264754,0.5333333333333333,artifacts/goal_bowl_destination_steering_formal_original_phase/goal_bowl_destination_base_plate_init24_repeat0_success.json,0.0,nan,nan,0.0,nan,nan,0.0,nan,nan,0.0,nan,nan,0.0,nan,nan,0.0,nan,nan,0.0,nan,nan,0.0,nan,nan,0.0,nan,nan,0.0,nan,nan,0.0,nan,nan,0.0,nan,nan
base,plate,24,1,True,72,41,59,62,6,9,10,52.0,0.45720820304362175,7.475615130663671,-0.05206936951429242,0.03686588550569729,0.2260489440059049,0.4059793404612298,0.02854545914367073,0.5333333333333333,artifacts/goal_bowl_destination_steering_formal_original_phase/goal_bowl_destination_base_plate_init24_repeat1_success.json,0.0,nan,nan,0.0,nan,nan,0.0,nan,nan,0.0,nan,nan,0.0,nan,nan,0.0,nan,nan,0.0,nan,nan,0.0,nan,nan,0.0,nan,nan,0.0,nan,nan,0.0,nan,nan,0.0,nan,nan
base,plate,25,0,True,73,44,55,65,6,9,11,55.0,0.4721325945647482,8.035676618721975,-0.02546888434269344,0.08891953568700096,0.2569494186219332,0.3600191789007146,0.056151022644952885,0.4,artifacts/goal_bowl_destination_steering_formal_original_phase/goal_bowl_destination_base_plate_init25_repeat0_success.json,0.0,nan,nan,0.0,nan,nan,0.0,nan,nan,0.0,nan,nan,0.0,nan,nan,0.0,nan,nan,0.0,nan,nan,0.0,nan,nan,0.0,nan,nan,0.0,nan,nan,0.0,nan,nan,0.0,nan,nan
base,plate,25,1,True,75,47,59,67,7,9,11,57.0,0.4919955515364865,8.753262507554616,-0.05314103092151199,0.04460528804220841,0.26360752125403825,0.38819114802851473,0.035642508549711814,0.5333333333333333,artifacts/goal_bowl_destination_steering_formal_original_phase/goal_bowl_destination_base_plate_init25_repeat1_success.json,0.0,nan,nan,0.0,nan,nan,0.0,nan,nan,0.0,nan,nan,0.0,nan,nan,0.0,nan,nan,0.0,nan,nan,0.0,nan,nan,0.0,nan,nan,0.0,nan,nan,0.0,nan,nan,0.0,nan,nan
base,plate,26,0,True,77,46,60,67,7,10,11,57.0,0.505816264044123,8.085531047561432,-0.04265837321749322,0.05516717359772616,0.24506480144238263,0.4021703456581803,0.039604830698618455,0.5333333333333333,artifacts/goal_bowl_destination_steering_formal_original_phase/goal_bowl_destination_base_plate_init26_repeat0_success.json,0.0,nan,nan,0.0,nan,nan,0.0,nan,nan,0.0,nan,nan,0.0,nan,nan,0.0,nan,nan,0.0,nan,nan,0.0,nan,nan,0.0,nan,nan,0.0,nan,nan,0.0,nan,nan,0.0,nan,nan
base,plate,26,1,True,74,46,59,67,7,9,11,57.0,0.49362513458088414,8.248583599046508,-0.013644011128540193,0.1207228876540787,0.3387271011582459,0.40735084034417834,0.08306454052875824,0.4,artifacts/goal_bowl_destination_steering_formal_original_phase/goal_bowl_destination_base_plate_init26_repeat1_success.json,0.0,nan,nan,0.0,nan,nan,0.0,nan,nan,0.0,nan,nan,0.0,nan,nan,0.0,nan,nan,0.0,nan,nan,0.0,nan,nan,0.0,nan,nan,0.0,nan,nan,0.0,nan,nan,0.0,nan,nan
base,plate,27,0,True,75,46,60,67,7,10,11,57.0,0.5053105807631633,8.814046691251974,-0.047856592859219164,0.06978981325284829,0.2790950324856844,0.39547725075190837,0.045572910318428306,0.5333333333333333,artifacts/goal_bowl_destination_steering_formal_original_phase/goal_bowl_destination_base_plate_init27_repeat0_success.json,0.0,nan,nan,0.0,nan,nan,0.0,nan,nan,0.0,nan,nan,0.0,nan,nan,0.0,nan,nan,0.0,nan,nan,0.0,nan,nan,0.0,nan,nan,0.0,nan,nan,0.0,nan,nan,0.0,nan,nan
base,plate,27,1,True,80,47,72,67,7,12,11,57.0,0.4616562622133114,8.888516530386047,-0.06640504908175884,-0.03559093257953868,0.1314131290068128,0.3336240802585443,-0.011462606129316169,0.7333333333333333,artifacts/goal_bowl_destination_steering_formal_original_phase/goal_bowl_destination_base_plate_init27_repeat1_success.json,0.0,nan,nan,0.0,nan,nan,0.0,nan,nan,0.0,nan,nan,0.0,nan,nan,0.0,nan,nan,0.0,nan,nan,0.0,nan,nan,0.0,nan,nan,0.0,nan,nan,0.0,nan,nan,0.0,nan,nan
base,plate,28,0,True,86,50,66,72,8,11,12,62.0,0.5310582334750011,7.893353901855429,-0.06519148849104893,-0.023511262413593168,0.10045806751706764,0.26605369684192776,-0.013176528888180338,0.7333333333333333,artifacts/goal_bowl_destination_steering_formal_original_phase/goal_bowl_destination_base_plate_init28_repeat0_success.json,0.0,nan,nan,0.0,nan,nan,0.0,nan,nan,0.0,nan,nan,0.0,nan,nan,0.0,nan,nan,0.0,nan,nan,0.0,nan,nan,0.0,nan,nan,0.0,nan,nan,0.0,nan,nan,0.0,nan,nan
base,plate,28,1,True,85,48,61,69,7,10,11,59.0,0.5126357795684513,7.733614827872939,-0.10560531096299366,-0.07544694475776816,0.08531672540019085,0.25125914626416224,-0.04611540121586298,0.8,artifacts/goal_bowl_destination_steering_formal_original_phase/goal_bowl_destination_base_plate_init28_repeat1_success.json,0.0,nan,nan,0.0,nan,nan,0.0,nan,nan,0.0,nan,nan,0.0,nan,nan,0.0,nan,nan,0.0,nan,nan,0.0,nan,nan,0.0,nan,nan,0.0,nan,nan,0.0,nan,nan,0.0,nan,nan
base,plate,29,0,True,69,45,58,66,7,9,11,56.0,0.4966145453357435,7.825909338740223,0.03023417038100821,0.2284774103036033,0.3492418375021884,0.3492418375021884,0.1294269864391136,0.2,artifacts/goal_bowl_destination_steering_formal_original_phase/goal_bowl_destination_base_plate_init29_repeat0_success.json,0.0,nan,nan,0.0,nan,nan,0.0,nan,nan,0.0,nan,nan,0.0,nan,nan,0.0,nan,nan,0.0,nan,nan,0.0,nan,nan,0.0,nan,nan,0.0,nan,nan,0.0,nan,nan,nan,nan,nan
base,plate,29,1,True,73,45,59,67,7,9,11,57.0,0.49695635450916825,7.629131450734017,-0.026306838656772927,0.14442124793980898,0.35020119908140906,0.3790584910933695,0.08319902295172144,0.4,artifacts/goal_bowl_destination_steering_formal_original_phase/goal_bowl_destination_base_plate_init29_repeat1_success.json,0.0,nan,nan,0.0,nan,nan,0.0,nan,nan,0.0,nan,nan,0.0,nan,nan,0.0,nan,nan,0.0,nan,nan,0.0,nan,nan,0.0,nan,nan,0.0,nan,nan,0.0,nan,nan,0.0,nan,nan
base,plate,2,0,True,76,45,,64,7,,10,54.0,0.47613383120082503,7.95813344032896,-0.0818003438652362,-0.03058880914208134,0.16272549456903526,0.3413935865646698,-0.013046699966150281,0.6666666666666666,artifacts/goal_bowl_destination_steering_formal_original_phase/goal_bowl_destination_base_plate_init2_repeat0_success.json,0.0,nan,nan,0.0,nan,nan,0.0,nan,nan,0.0,nan,nan,nan,nan,nan,nan,nan,nan,nan,nan,nan,nan,nan,nan,0.0,nan,nan,0.0,nan,nan,0.0,nan,nan,0.0,nan,nan
base,plate,2,1,True,73,44,56,64,6,9,10,54.0,0.484243616386915,7.830159105321306,-0.06014560821095031,0.04558152081120731,0.264157944721835,0.39644136406988073,0.03185862610874954,0.5333333333333333,artifacts/goal_bowl_destination_steering_formal_original_phase/goal_bowl_destination_base_plate_init2_repeat1_success.json,0.0,nan,nan,0.0,nan,nan,0.0,nan,nan,0.0,nan,nan,0.0,nan,nan,0.0,nan,nan,0.0,nan,nan,0.0,nan,nan,0.0,nan,nan,0.0,nan,nan,0.0,nan,nan,0.0,nan,nan
base,plate,30,0,True,79,48,,69,7,,11,59.0,0.4733473674974372,8.504777393789063,-0.015612563987161194,0.10815752978933149,0.29747181861720634,0.41900587278048196,0.07122391150292304,0.4,artifacts/goal_bowl_destination_steering_formal_original_phase/goal_bowl_destination_base_plate_init30_repeat0_success.json,0.0,nan,nan,0.0,nan,nan,0.0,nan,nan,0.0,nan,nan,nan,nan,nan,nan,nan,nan,nan,nan,nan,nan,nan,nan,0.0,nan,nan,0.0,nan,nan,0.0,nan,nan,0.0,nan,nan
base,plate,30,1,True,74,47,59,69,7,9,11,59.0,0.47636846605595073,8.483604648491374,-0.008166634569111673,0.15966668765590494,0.38445588833242916,0.38445588833242916,0.09780991573554461,0.3333333333333333,artifacts/goal_bowl_destination_steering_formal_original_phase/goal_bowl_destination_base_plate_init30_repeat1_success.json,0.0,nan,nan,0.0,nan,nan,0.0,nan,nan,0.0,nan,nan,0.0,nan,nan,0.0,nan,nan,0.0,nan,nan,0.0,nan,nan,0.0,nan,nan,0.0,nan,nan,0.0,nan,nan,0.0,nan,nan
base,plate,31,0,True,76,45,,64,7,,10,54.0,0.46871519328813566,7.807909335518714,-0.0568163864470658,0.004681092772140162,0.149567507213284,0.3313772428563952,0.0040493945847375245,0.6,artifacts/goal_bowl_destination_steering_formal_original_phase/goal_bowl_destination_base_plate_init31_repeat0_success.json,0.0,nan,nan,0.0,nan,nan,0.0,nan,nan,0.0,nan,nan,nan,nan,nan,nan,nan,nan,nan,nan,nan,nan,nan,nan,0.0,nan,nan,0.0,nan,nan,0.0,nan,nan,0.0,nan,nan
base,plate,31,1,True,73,45,78,65,7,13,11,55.0,0.4750711798500682,7.978379833128115,-0.010100428705226093,0.10394604704194804,0.2827984761253977,0.37191612134977986,0.06922582492558774,0.3333333333333333,artifacts/goal_bowl_destination_steering_formal_original_phase/goal_bowl_destination_base_plate_init31_repeat1_success.json,0.0,nan,nan,0.0,nan,nan,0.0,nan,nan,0.0,nan,nan,0.0,nan,nan,0.0,nan,nan,nan,nan,nan,nan,nan,nan,0.0,nan,nan,0.0,nan,nan,0.0,nan,nan,0.0,nan,nan
base,plate,32,0,True,74,42,52,62,6,8,10,52.0,0.47110446697942526,7.455745789850143,-0.07951641049385567,-0.05180722650266373,0.0806883227076103,0.2588445481704101,-0.030686672504792633,0.8,artifacts/goal_bowl_destination_steering_formal_original_phase/goal_bowl_destination_base_plate_init32_repeat0_success.json,0.0,nan,nan,0.0,nan,nan,0.0,nan,nan,0.0,nan,nan,0.0,nan,nan,0.0,nan,nan,0.0,nan,nan,0.0,nan,nan,0.0,nan,nan,0.0,nan,nan,0.0,nan,nan,0.0,nan,nan
base,plate,32,1,True,74,41,54,60,6,8,10,50.0,0.4637623385949115,7.495069177434616,-0.10449426053863409,-0.07517093685727082,0.06684314071004199,0.23763293159435414,-0.04958747974691917,0.8,artifacts/goal_bowl_destination_steering_formal_original_phase/goal_bowl_destination_base_plate_init32_repeat1_success.json,0.0,nan,nan,0.0,nan,nan,0.0,nan,nan,0.0,nan,nan,0.0,nan,nan,0.0,nan,nan,0.0,nan,nan,0.0,nan,nan,0.0,nan,nan,0.0,nan,nan,0.0,nan,nan,0.0,nan,nan
base,plate,33,0,True,71,43,54,63,6,8,10,53.0,0.4671686917714392,7.44582849884943,-0.05412113428131564,0.08308027086937925,0.27514958758541025,0.37372311990452567,0.045546938118845026,0.4666666666666667,artifacts/goal_bowl_destination_steering_formal_original_phase/goal_bowl_destination_base_plate_init33_repeat0_success.json,0.0,nan,nan,0.0,nan,nan,0.0,nan,nan,0.0,nan,nan,0.0,nan,nan,0.0,nan,nan,0.0,nan,nan,0.0,nan,nan,0.0,nan,nan,0.0,nan,nan,0.0,nan,nan,0.0,nan,nan
base,plate,33,1,True,71,43,54,63,6,8,10,53.0,0.46186213080711724,7.789203041618273,-0.05898156042497877,0.049115585823200546,0.2535473213573649,0.35310190888145904,0.031954797281410485,0.5333333333333333,artifacts/goal_bowl_destination_steering_formal_original_phase/goal_bowl_destination_base_plate_init33_repeat1_success.json,0.0,nan,nan,0.0,nan,nan,0.0,nan,nan,0.0,nan,nan,0.0,nan,nan,0.0,nan,nan,0.0,nan,nan,0.0,nan,nan,0.0,nan,nan,0.0,nan,nan,0.0,nan,nan,0.0,nan,nan
base,plate,34,0,True,81,48,70,69,7,12,11,59.0,0.452184348658398,9.422726980954623,-0.0995025435636163,-0.11649787382019644,0.07245764452220683,0.3198615750991581,-0.055437938911602404,0.8666666666666667,artifacts/goal_bowl_destination_steering_formal_original_phase/goal_bowl_destination_base_plate_init34_repeat0_success.json,0.0,nan,nan,0.0,nan,nan,0.0,nan,nan,0.0,nan,nan,0.0,nan,nan,0.0,nan,nan,0.0,nan,nan,0.0,nan,nan,0.0,nan,nan,0.0,nan,nan,0.0,nan,nan,0.0,nan,nan
base,plate,34,1,True,77,44,66,63,6,11,10,53.0,0.44153999027974583,8.55383434053058,-0.0804986574311471,-0.08663787855531441,0.08079919651151626,0.3144696217838561,-0.038485026235989324,0.8666666666666667,artifacts/goal_bowl_destination_steering_formal_original_phase/goal_bowl_destination_base_plate_init34_repeat1_success.json,0.0,nan,nan,0.0,nan,nan,0.0,nan,nan,0.0,nan,nan,0.0,nan,nan,0.0,nan,nan,0.0,nan,nan,0.0,nan,nan,0.0,nan,nan,0.0,nan,nan,0.0,nan,nan,0.0,nan,nan
base,plate,35,0,True,72,44,54,63,6,8,10,53.0,0.45992665016555845,8.064573265173593,-0.09375421145977061,0.014167661262986611,0.25483905880290136,0.41138731277853924,0.00853227443877163,0.6,artifacts/goal_bowl_destination_steering_formal_original_phase/goal_bowl_destination_base_plate_init35_repeat0_success.json,0.0,nan,nan,0.0,nan,nan,0.0,nan,nan,0.0,nan,nan,0.0,nan,nan,0.0,nan,nan,0.0,nan,nan,0.0,nan,nan,0.0,nan,nan,0.0,nan,nan,0.0,nan,nan,0.0,nan,nan
base,plate,35,1,True,74,46,57,65,7,9,11,55.0,0.4573140770019694,8.388429049792293,-0.08266282931072513,0.050007738290402046,0.2838724281433428,0.41145056676794733,0.02708453218291146,0.5333333333333333,artifacts/goal_bowl_destination_steering_formal_original_phase/goal_bowl_destination_base_plate_init35_repeat1_success.json,0.0,nan,nan,0.0,nan,nan,0.0,nan,nan,0.0,nan,nan,0.0,nan,nan,0.0,nan,nan,0.0,nan,nan,0.0,nan,nan,0.0,nan,nan,0.0,nan,nan,0.0,nan,nan,0.0,nan,nan
base,plate,36,0,False,300,44,55,64,6,9,10,54.0,0.47825449380317087,8.202044492906424,-0.06046778996281744,-0.009330942115969177,0.11970264808581933,0.28185331180954815,-0.006808176415005211,0.6666666666666666,artifacts/goal_bowl_destination_steering_formal_original_phase/goal_bowl_destination_base_plate_init36_repeat0_failure.json,0.0,nan,nan,0.0,nan,nan,0.0,nan,nan,0.0,nan,nan,0.0,nan,nan,0.0,nan,nan,0.0,nan,nan,0.0,nan,nan,0.0,nan,nan,0.0,nan,nan,0.0,nan,nan,0.0,nan,nan
base,plate,36,1,True,126,43,53,120,6,8,22,110.0,0.7629570275293418,23.244640688250644,-0.06371289496681538,0.09391147860266777,0.2925287308999938,0.32892318775252594,0.045319007088610266,0.4666666666666667,artifacts/goal_bowl_destination_steering_formal_original_phase/goal_bowl_destination_base_plate_init36_repeat1_success.json,0.0,nan,nan,0.0,nan,nan,0.0,nan,nan,0.0,nan,nan,0.0,nan,nan,0.0,nan,nan,0.0,nan,nan,0.0,nan,nan,0.0,nan,nan,0.0,nan,nan,0.0,nan,nan,0.0,nan,nan
base,plate,37,0,True,77,45,57,66,7,9,11,56.0,0.48918153873582704,8.310548598539517,-0.12007418456211827,-0.06552293429967729,0.136047971803242,0.3414333955061027,-0.042183490599911916,0.7333333333333333,artifacts/goal_bowl_destination_steering_formal_original_phase/goal_bowl_destination_base_plate_init37_repeat0_success.json,0.0,nan,nan,0.0,nan,nan,0.0,nan,nan,0.0,nan,nan,0.0,nan,nan,0.0,nan,nan,0.0,nan,nan,0.0,nan,nan,0.0,nan,nan,0.0,nan,nan,0.0,nan,nan,0.0,nan,nan
base,plate,37,1,True,79,46,66,66,7,11,11,56.0,0.4817962319990045,8.134246143790786,-0.10416571395112717,-0.12598029910109343,0.040456525601118676,0.2506114980306275,-0.06627710864003322,0.9333333333333333,artifacts/goal_bowl_destination_steering_formal_original_phase/goal_bowl_destination_base_plate_init37_repeat1_success.json,0.0,nan,nan,0.0,nan,nan,0.0,nan,nan,0.0,nan,nan,0.0,nan,nan,0.0,nan,nan,0.0,nan,nan,0.0,nan,nan,0.0,nan,nan,0.0,nan,nan,0.0,nan,nan,0.0,nan,nan
base,plate,38,0,True,73,45,56,64,7,9,10,54.0,0.45914758241907655,8.447071298733517,-0.07128385070924076,0.02106248529111911,0.23411695709964775,0.3936214255253599,0.017002652301553654,0.6,artifacts/goal_bowl_destination_steering_formal_original_phase/goal_bowl_destination_base_plate_init38_repeat0_success.json,0.0,nan,nan,0.0,nan,nan,0.0,nan,nan,0.0,nan,nan,0.0,nan,nan,0.0,nan,nan,0.0,nan,nan,0.0,nan,nan,0.0,nan,nan,0.0,nan,nan,0.0,nan,nan,0.0,nan,nan
base,plate,38,1,True,74,44,56,63,6,9,10,53.0,0.4478464011170406,8.329553436643355,-0.09139758108512544,-0.04841635815045848,0.14230461152438034,0.34764983583451087,-0.023537370171951517,0.7333333333333333,artifacts/goal_bowl_destination_steering_formal_original_phase/goal_bowl_destination_base_plate_init38_repeat1_success.json,0.0,nan,nan,0.0,nan,nan,0.0,nan,nan,0.0,nan,nan,0.0,nan,nan,0.0,nan,nan,0.0,nan,nan,0.0,nan,nan,0.0,nan,nan,0.0,nan,nan,0.0,nan,nan,0.0,nan,nan
base,plate,39,0,True,74,43,83,63,6,14,10,53.0,0.47716723062791677,7.707050345653646,-0.10084872687212207,-0.021441512079392797,0.20002503951271655,0.34588475198903035,-0.011604050377711438,0.6666666666666666,artifacts/goal_bowl_destination_steering_formal_original_phase/goal_bowl_destination_base_plate_init39_repeat0_success.json,0.0,nan,nan,0.0,nan,nan,0.0,nan,nan,0.0,nan,nan,0.0,nan,nan,nan,nan,nan,nan,nan,nan,nan,nan,nan,0.0,nan,nan,0.0,nan,nan,0.0,nan,nan,0.0,nan,nan
base,plate,39,1,True,73,43,55,63,6,9,10,53.0,0.47160387763467415,7.7695010141003245,-0.0672274024204352,0.030470584629646483,0.21735457043630746,0.3571031889380581,0.01733309062271555,0.6,artifacts/goal_bowl_destination_steering_formal_original_phase/goal_bowl_destination_base_plate_init39_repeat1_success.json,0.0,nan,nan,0.0,nan,nan,0.0,nan,nan,0.0,nan,nan,0.0,nan,nan,0.0,nan,nan,0.0,nan,nan,0.0,nan,nan,0.0,nan,nan,0.0,nan,nan,0.0,nan,nan,0.0,nan,nan
base,plate,3,0,True,75,48,59,68,7,9,11,58.0,0.4992296093454182,8.72883759424273,-0.07253156532764866,0.04418982870696809,0.2475644880880223,0.3167345372879937,0.022725804587420788,0.5333333333333333,artifacts/goal_bowl_destination_steering_formal_original_phase/goal_bowl_destination_base_plate_init3_repeat0_success.json,0.0,nan,nan,0.0,nan,nan,0.0,nan,nan,0.0,nan,nan,0.0,nan,nan,0.0,nan,nan,0.0,nan,nan,0.0,nan,nan,0.0,nan,nan,0.0,nan,nan,0.0,nan,nan,0.0,nan,nan
base,plate,3,1,True,77,48,75,67,7,13,11,57.0,0.4827081807031236,8.03881396434404,-0.08460135630899898,0.0019554920060813356,0.21729005701663512,0.3676396656556367,0.0036204713367624323,0.6,artifacts/goal_bowl_destination_steering_formal_original_phase/goal_bowl_destination_base_plate_init3_repeat1_success.json,0.0,nan,nan,0.0,nan,nan,0.0,nan,nan,0.0,nan,nan,0.0,nan,nan,0.0,nan,nan,0.0,nan,nan,nan,nan,nan,0.0,nan,nan,0.0,nan,nan,0.0,nan,nan,0.0,nan,nan
base,plate,40,0,True,77,43,56,64,6,9,10,54.0,0.44981003580289275,7.958445795849523,-0.10637458498348738,-0.10525314019586089,0.053270879525391654,0.2499876073866989,-0.05998291629528615,0.8666666666666667,artifacts/goal_bowl_destination_steering_formal_original_phase/goal_bowl_destination_base_plate_init40_repeat0_success.json,0.0,nan,nan,0.0,nan,nan,0.0,nan,nan,0.0,nan,nan,0.0,nan,nan,0.0,nan,nan,0.0,nan,nan,0.0,nan,nan,0.0,nan,nan,0.0,nan,nan,0.0,nan,nan,0.0,nan,nan
base,plate,40,1,True,75,43,57,63,6,9,10,53.0,0.4625292378535274,8.037886306492377,-0.08509162379608591,-0.0713954271047404,0.10120241078038741,0.2929720408036205,-0.034867961142339844,0.8,artifacts/goal_bowl_destination_steering_formal_original_phase/goal_bowl_destination_base_plate_init40_repeat1_success.json,0.0,nan,nan,0.0,nan,nan,0.0,nan,nan,0.0,nan,nan,0.0,nan,nan,0.0,nan,nan,0.0,nan,nan,0.0,nan,nan,0.0,nan,nan,0.0,nan,nan,0.0,nan,nan,0.0,nan,nan
base,plate,41,0,True,77,42,,61,6,,10,51.0,0.46366288582757753,7.561797825908684,-0.0719763843690511,-0.04487387466577884,0.10124442070133681,0.2911780888960489,-0.022351040946193463,0.7333333333333333,artifacts/goal_bowl_destination_steering_formal_original_phase/goal_bowl_destination_base_plate_init41_repeat0_success.json,0.0,nan,nan,0.0,nan,nan,0.0,nan,nan,0.0,nan,nan,nan,nan,nan,nan,nan,nan,nan,nan,nan,nan,nan,nan,0.0,nan,nan,0.0,nan,nan,0.0,nan,nan,0.0,nan,nan
base,plate,41,1,True,75,42,60,61,6,10,10,51.0,0.4663653453312466,7.883038819089507,-0.1089237630177406,-0.12466087808082194,0.04867449456507945,0.27146627204690704,-0.06624574218238488,0.8666666666666667,artifacts/goal_bowl_destination_steering_formal_original_phase/goal_bowl_destination_base_plate_init41_repeat1_success.json,0.0,nan,nan,0.0,nan,nan,0.0,nan,nan,0.0,nan,nan,0.0,nan,nan,0.0,nan,nan,0.0,nan,nan,0.0,nan,nan,0.0,nan,nan,0.0,nan,nan,0.0,nan,nan,0.0,nan,nan
base,plate,42,0,True,71,42,52,62,6,8,10,52.0,0.46712512855198424,8.27069255597051,-0.06591275269513397,0.0319064242392938,0.2592043228143024,0.42864820740793214,0.028011937206107264,0.5333333333333333,artifacts/goal_bowl_destination_steering_formal_original_phase/goal_bowl_destination_base_plate_init42_repeat0_success.json,0.0,nan,nan,0.0,nan,nan,0.0,nan,nan,0.0,nan,nan,0.0,nan,nan,0.0,nan,nan,0.0,nan,nan,0.0,nan,nan,0.0,nan,nan,0.0,nan,nan,0.0,nan,nan,0.0,nan,nan
base,plate,42,1,True,78,42,,61,6,,10,51.0,0.4466645972873656,8.104557716028395,-0.083916347775007,-0.10990969540322242,0.00604900300326972,0.19998411333260857,-0.060193348451973015,0.9333333333333333,artifacts/goal_bowl_destination_steering_formal_original_phase/goal_bowl_destination_base_plate_init42_repeat1_success.json,0.0,nan,nan,0.0,nan,nan,0.0,nan,nan,0.0,nan,nan,nan,nan,nan,nan,nan,nan,nan,nan,nan,nan,nan,nan,0.0,nan,nan,0.0,nan,nan,0.0,nan,nan,0.0,nan,nan
base,plate,43,0,True,72,43,56,63,6,9,10,53.0,0.47317427345878826,7.803911527704166,-0.06381925077101072,0.006646123374001362,0.21748547718435002,0.3805554217727526,0.013691056066312522,0.6,artifacts/goal_bowl_destination_steering_formal_original_phase/goal_bowl_destination_base_plate_init43_repeat0_success.json,0.0,nan,nan,0.0,nan,nan,0.0,nan,nan,0.0,nan,nan,0.0,nan,nan,0.0,nan,nan,0.0,nan,nan,0.0,nan,nan,0.0,nan,nan,0.0,nan,nan,0.0,nan,nan,0.0,nan,nan
base,plate,43,1,True,75,43,54,63,6,8,10,53.0,0.47311042454890007,7.872686751039788,-0.07175398815990598,-0.015237167970908912,0.1559573339373284,0.3293345931396734,-0.00449439012886922,0.6666666666666666,artifacts/goal_bowl_destination_steering_formal_original_phase/goal_bowl_destination_base_plate_init43_repeat1_success.json,0.0,nan,nan,0.0,nan,nan,0.0,nan,nan,0.0,nan,nan,0.0,nan,nan,0.0,nan,nan,0.0,nan,nan,0.0,nan,nan,0.0,nan,nan,0.0,nan,nan,0.0,nan,nan,0.0,nan,nan
base,plate,44,0,True,74,42,56,63,6,9,10,53.0,0.4756603067669112,7.517187357044753,-0.05928128364883607,0.016107150371575694,0.19083353429706726,0.363125504990767,0.013938915689383522,0.6,artifacts/goal_bowl_destination_steering_formal_original_phase/goal_bowl_destination_base_plate_init44_repeat0_success.json,0.0,nan,nan,0.0,nan,nan,0.0,nan,nan,0.0,nan,nan,0.0,nan,nan,0.0,nan,nan,0.0,nan,nan,0.0,nan,nan,0.0,nan,nan,0.0,nan,nan,0.0,nan,nan,0.0,nan,nan
base,plate,44,1,True,77,44,56,65,6,9,11,55.0,0.4887375101999781,7.729215141092277,-0.05296630417087329,0.019031040477905187,0.2065710473528988,0.36150082736657185,0.01835710451950715,0.6,artifacts/goal_bowl_destination_steering_formal_original_phase/goal_bowl_destination_base_plate_init44_repeat1_success.json,0.0,nan,nan,0.0,nan,nan,0.0,nan,nan,0.0,nan,nan,0.0,nan,nan,0.0,nan,nan,0.0,nan,nan,0.0,nan,nan,0.0,nan,nan,0.0,nan,nan,0.0,nan,nan,0.0,nan,nan
base,plate,45,0,True,81,46,,66,7,,11,56.0,0.49560605729901996,7.559283850693953,-0.06992954441467822,-0.054651240500538927,0.10132060884188925,0.2929035815166349,-0.02418733198579965,0.8,artifacts/goal_bowl_destination_steering_formal_original_phase/goal_bowl_destination_base_plate_init45_repeat0_success.json,0.0,nan,nan,0.0,nan,nan,0.0,nan,nan,0.0,nan,nan,nan,nan,nan,nan,nan,nan,nan,nan,nan,nan,nan,nan,0.0,nan,nan,0.0,nan,nan,0.0,nan,nan,0.0,nan,nan
base,plate,45,1,True,79,46,89,65,7,15,11,55.0,0.48902006294035016,7.998539969047454,-0.071102828753849,-0.0616014403395903,0.08537150787113454,0.28964866798766165,-0.02879519183648526,0.8,artifacts/goal_bowl_destination_steering_formal_original_phase/goal_bowl_destination_base_plate_init45_repeat1_success.json,0.0,nan,nan,0.0,nan,nan,0.0,nan,nan,0.0,nan,nan,0.0,nan,nan,nan,nan,nan,nan,nan,nan,nan,nan,nan,0.0,nan,nan,0.0,nan,nan,0.0,nan,nan,0.0,nan,nan
base,plate,46,0,True,64,43,53,63,6,8,10,53.0,0.46760383561407604,8.280686950582236,-0.022892126989239873,0.10291210912888872,0.13852832870431914,0.13852832870431914,0.03819638731940901,0.4,artifacts/goal_bowl_destination_steering_formal_original_phase/goal_bowl_destination_base_plate_init46_repeat0_success.json,0.0,nan,nan,0.0,nan,nan,0.0,nan,nan,0.0,nan,nan,0.0,nan,nan,0.0,nan,nan,0.0,nan,nan,0.0,nan,nan,0.0,nan,nan,0.0,nan,nan,0.0,nan,nan,nan,nan,nan
base,plate,46,1,True,69,43,53,63,6,8,10,53.0,0.463426838474164,8.28437498462492,-0.04054746669649948,0.1024562519129464,0.30619224568964515,0.3413373455141289,0.05907841757838737,0.4666666666666667,artifacts/goal_bowl_destination_steering_formal_original_phase/goal_bowl_destination_base_plate_init46_repeat1_success.json,0.0,nan,nan,0.0,nan,nan,0.0,nan,nan,0.0,nan,nan,0.0,nan,nan,0.0,nan,nan,0.0,nan,nan,0.0,nan,nan,0.0,nan,nan,0.0,nan,nan,0.0,nan,nan,0.0,nan,nan
base,plate,47,0,True,73,44,58,63,6,9,10,53.0,0.44298538186123515,8.08070484118784,-0.08541844716090229,-0.029386839034933703,0.17306066306667284,0.36874246470313315,-0.01157630693629572,0.6666666666666666,artifacts/goal_bowl_destination_steering_formal_original_phase/goal_bowl_destination_base_plate_init47_repeat0_success.json,0.0,nan,nan,0.0,nan,nan,0.0,nan,nan,0.0,nan,nan,0.0,nan,nan,0.0,nan,nan,0.0,nan,nan,0.0,nan,nan,0.0,nan,nan,0.0,nan,nan,0.0,nan,nan,0.0,nan,nan
base,plate,47,1,True,72,43,54,63,6,8,10,53.0,0.45552481488871205,7.98250178844191,-0.06059276395075072,0.010309511141208937,0.20396451967126433,0.3572086938746181,0.013998735293274663,0.6,artifacts/goal_bowl_destination_steering_formal_original_phase/goal_bowl_destination_base_plate_init47_repeat1_success.json,0.0,nan,nan,0.0,nan,nan,0.0,nan,nan,0.0,nan,nan,0.0,nan,nan,0.0,nan,nan,0.0,nan,nan,0.0,nan,nan,0.0,nan,nan,0.0,nan,nan,0.0,nan,nan,0.0,nan,nan
base,plate,48,0,True,73,45,58,65,7,9,11,55.0,0.46808684724700833,7.766238581834209,-0.05215261434230029,0.0643818069597316,0.257576867086655,0.33765200766931125,0.03916732866003071,0.5333333333333333,artifacts/goal_bowl_destination_steering_formal_original_phase/goal_bowl_destination_base_plate_init48_repeat0_success.json,0.0,nan,nan,0.0,nan,nan,0.0,nan,nan,0.0,nan,nan,0.0,nan,nan,0.0,nan,nan,0.0,nan,nan,0.0,nan,nan,0.0,nan,nan,0.0,nan,nan,0.0,nan,nan,0.0,nan,nan
base,plate,48,1,True,70,42,53,62,6,8,10,52.0,0.4515317992362848,7.596918762525356,-0.04107935787549573,0.07858078437528129,0.26528700048706777,0.34340359636189643,0.04877945505634395,0.4666666666666667,artifacts/goal_bowl_destination_steering_formal_original_phase/goal_bowl_destination_base_plate_init48_repeat1_success.json,0.0,nan,nan,0.0,nan,nan,0.0,nan,nan,0.0,nan,nan,0.0,nan,nan,0.0,nan,nan,0.0,nan,nan,0.0,nan,nan,0.0,nan,nan,0.0,nan,nan,0.0,nan,nan,0.0,nan,nan
base,plate,49,0,True,80,46,90,65,7,15,11,55.0,0.48120295974914434,8.418384834093079,-0.10174477276923297,-0.13823776298340537,-0.04771492941181905,0.15723729162684233,-0.08415126805089482,1.0,artifacts/goal_bowl_destination_steering_formal_original_phase/goal_bowl_destination_base_plate_init49_repeat0_success.json,0.0,nan,nan,0.0,nan,nan,0.0,nan,nan,0.0,nan,nan,0.0,nan,nan,nan,nan,nan,nan,nan,nan,nan,nan,nan,0.0,nan,nan,0.0,nan,nan,0.0,nan,nan,0.0,nan,nan
base,plate,49,1,True,83,46,,65,7,,11,55.0,0.4812215164514467,8.447927253031072,-0.10756143924556599,-0.13510227105353756,-0.03351708903347953,0.1760364640513778,-0.08306844037813592,1.0,artifacts/goal_bowl_destination_steering_formal_original_phase/goal_bowl_destination_base_plate_init49_repeat1_success.json,0.0,nan,nan,0.0,nan,nan,0.0,nan,nan,0.0,nan,nan,nan,nan,nan,nan,nan,nan,nan,nan,nan,nan,nan,nan,0.0,nan,nan,0.0,nan,nan,0.0,nan,nan,0.0,nan,nan
base,plate,4,0,True,74,44,54,64,6,8,10,54.0,0.4697581385111155,8.078440873486295,-0.0922695331847284,-0.030617213791872787,0.20207454948844136,0.43875466614693054,-0.008579134102910415,0.6666666666666666,artifacts/goal_bowl_destination_steering_formal_original_phase/goal_bowl_destination_base_plate_init4_repeat0_success.json,0.0,nan,nan,0.0,nan,nan,0.0,nan,nan,0.0,nan,nan,0.0,nan,nan,0.0,nan,nan,0.0,nan,nan,0.0,nan,nan,0.0,nan,nan,0.0,nan,nan,0.0,nan,nan,0.0,nan,nan
base,plate,4,1,True,74,44,76,63,6,13,10,53.0,0.44391941466269624,8.48622813619135,-0.06999063882872816,-0.04361869304025689,0.1455238089926539,0.37912403376954895,-0.011999955518253821,0.7333333333333333,artifacts/goal_bowl_destination_steering_formal_original_phase/goal_bowl_destination_base_plate_init4_repeat1_success.json,0.0,nan,nan,0.0,nan,nan,0.0,nan,nan,0.0,nan,nan,0.0,nan,nan,0.0,nan,nan,nan,nan,nan,nan,nan,nan,0.0,nan,nan,0.0,nan,nan,0.0,nan,nan,0.0,nan,nan
base,plate,5,0,True,74,42,74,64,6,12,10,54.0,0.45264225070398845,8.3332700466622,-0.06044331434507335,-0.006476220213011803,0.17368527081703172,0.3029004983638826,0.0040321286286651055,0.6666666666666666,artifacts/goal_bowl_destination_steering_formal_original_phase/goal_bowl_destination_base_plate_init5_repeat0_success.json,0.0,nan,nan,0.0,nan,nan,0.0,nan,nan,0.0,nan,nan,0.0,nan,nan,0.0,nan,nan,0.0,nan,nan,nan,nan,nan,0.0,nan,nan,0.0,nan,nan,0.0,nan,nan,0.0,nan,nan
base,plate,5,1,True,73,42,70,62,6,12,10,52.0,0.44374304237698364,8.051200738789142,-0.06602605446575721,-0.011573291263826948,0.1655070985423411,0.36234502859844375,-0.0005013553565661718,0.6666666666666666,artifacts/goal_bowl_destination_steering_formal_original_phase/goal_bowl_destination_base_plate_init5_repeat1_success.json,0.0,nan,nan,0.0,nan,nan,0.0,nan,nan,0.0,nan,nan,0.0,nan,nan,0.0,nan,nan,0.0,nan,nan,nan,nan,nan,0.0,nan,nan,0.0,nan,nan,0.0,nan,nan,0.0,nan,nan
base,plate,6,0,True,70,43,54,63,6,8,10,53.0,0.45167815657956534,8.39955676358164,-0.0559609872425229,0.08554039663448056,0.3275276261358954,0.39751633076718157,0.049800347009628314,0.5333333333333333,artifacts/goal_bowl_destination_steering_formal_original_phase/goal_bowl_destination_base_plate_init6_repeat0_success.json,0.0,nan,nan,0.0,nan,nan,0.0,nan,nan,0.0,nan,nan,0.0,nan,nan,0.0,nan,nan,0.0,nan,nan,0.0,nan,nan,0.0,nan,nan,0.0,nan,nan,0.0,nan,nan,0.0,nan,nan
base,plate,6,1,True,72,43,54,62,6,8,10,52.0,0.44341574001270107,8.35155171894764,-0.08889337460768335,-0.03079374183148355,0.17046112925004653,0.3616976013498633,-0.01328771565174384,0.6666666666666666,artifacts/goal_bowl_destination_steering_formal_original_phase/goal_bowl_destination_base_plate_init6_repeat1_success.json,0.0,nan,nan,0.0,nan,nan,0.0,nan,nan,0.0,nan,nan,0.0,nan,nan,0.0,nan,nan,0.0,nan,nan,0.0,nan,nan,0.0,nan,nan,0.0,nan,nan,0.0,nan,nan,0.0,nan,nan
base,plate,7,0,True,72,43,56,63,6,9,10,53.0,0.4867692483902543,8.288929948583752,-0.04118042481022949,0.04720865780335326,0.24336762754826521,0.3771553587839746,0.037288726064629046,0.5333333333333333,artifacts/goal_bowl_destination_steering_formal_original_phase/goal_bowl_destination_base_plate_init7_repeat0_success.json,0.0,nan,nan,0.0,nan,nan,0.0,nan,nan,0.0,nan,nan,0.0,nan,nan,0.0,nan,nan,0.0,nan,nan,0.0,nan,nan,0.0,nan,nan,0.0,nan,nan,0.0,nan,nan,0.0,nan,nan
base,plate,7,1,True,69,43,59,64,6,9,10,54.0,0.48012291367182114,7.892503777282827,0.01195111536287708,0.1705188351322937,0.37189886856102,0.37189886856102,0.10636347447895382,0.26666666666666666,artifacts/goal_bowl_destination_steering_formal_original_phase/goal_bowl_destination_base_plate_init7_repeat1_success.json,0.0,nan,nan,0.0,nan,nan,0.0,nan,nan,0.0,nan,nan,0.0,nan,nan,0.0,nan,nan,0.0,nan,nan,0.0,nan,nan,0.0,nan,nan,0.0,nan,nan,0.0,nan,nan,0.0,nan,nan
base,plate,8,0,True,75,44,56,63,6,9,10,53.0,0.4721838488157932,7.6350949696645385,-0.061021755042614576,-0.010096693225944243,0.16044719251476663,0.3305386133454069,0.0011929500143590343,0.6666666666666666,artifacts/goal_bowl_destination_steering_formal_original_phase/goal_bowl_destination_base_plate_init8_repeat0_success.json,0.0,nan,nan,0.0,nan,nan,0.0,nan,nan,0.0,nan,nan,0.0,nan,nan,0.0,nan,nan,0.0,nan,nan,0.0,nan,nan,0.0,nan,nan,0.0,nan,nan,0.0,nan,nan,0.0,nan,nan
base,plate,8,1,True,76,43,55,66,6,9,11,56.0,0.47654635032713516,7.896226726364066,-0.09389666016920276,-0.03720425630145299,0.20259317140644365,0.40153775130129277,-0.012159931367549396,0.6666666666666666,artifacts/goal_bowl_destination_steering_formal_original_phase/goal_bowl_destination_base_plate_init8_repeat1_success.json,0.0,nan,nan,0.0,nan,nan,0.0,nan,nan,0.0,nan,nan,0.0,nan,nan,0.0,nan,nan,0.0,nan,nan,0.0,nan,nan,0.0,nan,nan,0.0,nan,nan,0.0,nan,nan,0.0,nan,nan
base,plate,9,0,True,78,46,59,66,7,9,11,56.0,0.4697483536033077,7.765428214016319,-0.07381438923817839,-0.014075740101665239,0.1706257913854314,0.3318707290019127,-0.005430311184534894,0.6666666666666666,artifacts/goal_bowl_destination_steering_formal_original_phase/goal_bowl_destination_base_plate_init9_repeat0_success.json,0.0,nan,nan,0.0,nan,nan,0.0,nan,nan,0.0,nan,nan,0.0,nan,nan,0.0,nan,nan,0.0,nan,nan,0.0,nan,nan,0.0,nan,nan,0.0,nan,nan,0.0,nan,nan,0.0,nan,nan
base,plate,9,1,True,78,45,54,66,7,8,11,56.0,0.4743062954237518,7.735379827709599,-0.08294243211665406,-0.04518704117485554,0.13864955203709936,0.34677622453779533,-0.020932581923469504,0.7333333333333333,artifacts/goal_bowl_destination_steering_formal_original_phase/goal_bowl_destination_base_plate_init9_repeat1_success.json,0.0,nan,nan,0.0,nan,nan,0.0,nan,nan,0.0,nan,nan,0.0,nan,nan,0.0,nan,nan,0.0,nan,nan,0.0,nan,nan,0.0,nan,nan,0.0,nan,nan,0.0,nan,nan,0.0,nan,nan
belief,cabinet,0,0,True,85,41,59,61,6,9,10,51.0,0.4239197253129075,6.740067243567019,0.1899266111438072,0.4143917099091223,0.66414490061993,0.8906580097999842,0.3040772641673584,0.0,artifacts/goal_bowl_destination_steering_formal_original_phase/goal_bowl_destination_belief_cabinet_init0_repeat0_success.json,0.0010185919742704995,0.9989814080257297,0.0010185919742704995,0.00010831206557816114,0.9998916879344217,0.00010831206557816114,2.3016438861364903e-05,0.9999769835611387,2.3016438861364903e-05,2.0309684280021323e-06,0.999997969031572,2.0309684280021323e-06,2.0309684280021323e-06,0.999997969031572,2.0309684280021323e-06,3.741395241124226e-08,0.9999999625860477,3.741395241124226e-08,2.0445520324568085e-11,0.9999999999795546,2.0445520324568085e-11,2.7080489588419863e-14,0.9999999999999729,2.7080489588419863e-14,3.741395241124226e-08,0.9999999625860477,3.741395241124226e-08,2.0445520324568085e-11,0.9999999999795546,2.0445520324568085e-11,2.7080489588419863e-14,0.9999999999999729,2.7080489588419863e-14,5.30246021411407e-19,1.0,5.30246021411407e-19
belief,cabinet,0,1,True,85,41,65,63,6,11,10,53.0,0.41316287066490925,7.186749042271585,0.16376530398238154,0.36989734214322045,0.6214736869210742,0.8492806389067074,0.27382988544759423,0.0,artifacts/goal_bowl_destination_steering_formal_original_phase/goal_bowl_destination_belief_cabinet_init0_repeat1_success.json,0.018901168865886126,0.9810988311341139,0.018901168865886126,0.006038158998648663,0.9939618410013513,0.006038158998648663,0.004725972248573459,0.9952740277514266,0.004725972248573459,0.0016433538670921303,0.9983566461329079,0.0016433538670921303,6.741911546630625e-07,0.9999993258088453,6.741911546630625e-07,1.5300997091819677e-09,0.9999999984699004,1.5300997091819677e-09,4.1064163763780714e-15,0.999999999999996,4.1064163763780714e-15,6.593308505715904e-21,1.0,6.593308505715904e-21,0.0001443370565970053,0.9998556629434029,0.0001443370565970053,6.741911546630625e-07,0.9999993258088453,6.741911546630625e-07,1.5300997091819677e-09,0.9999999984699004,1.5300997091819677e-09,4.1064163763780714e-15,0.999999999999996,4.1064163763780714e-15
belief,cabinet,10,0,True,86,42,52,61,6,8,10,51.0,0.4426415805609131,7.2816483651935116,0.16088492199406626,0.363422016456427,0.6283966741884446,0.8784448725654079,0.2723858455559164,0.0,artifacts/goal_bowl_destination_steering_formal_original_phase/goal_bowl_destination_belief_cabinet_init10_repeat0_success.json,0.001621097543449919,0.9983789024565501,0.001621097543449919,0.00011231275549660168,0.9998876872445033,0.00011231275549660168,1.14173828944084e-05,0.9999885826171055,1.14173828944084e-05,2.8539746490255795e-06,0.9999971460253508,2.8539746490255795e-06,1.14173828944084e-05,0.9999885826171055,1.14173828944084e-05,2.8539746490255795e-06,0.9999971460253508,2.8539746490255795e-06,1.37816410837242e-06,0.9999986218358916,1.37816410837242e-06,1.1803741590693884e-08,0.9999999881962583,1.1803741590693884e-08,1.37816410837242e-06,0.9999986218358916,1.37816410837242e-06,1.1803741590693884e-08,0.9999999881962583,1.1803741590693884e-08,1.486624288840758e-10,0.9999999998513376,1.486624288840758e-10,9.322403250614757e-15,0.9999999999999907,9.322403250614757e-15
belief,cabinet,10,1,True,91,40,53,59,6,8,9,49.0,0.4231852050799959,7.138186555429982,0.1520553139228375,0.3158734038783976,0.5194536259629368,0.7515702383967666,0.23755330003167913,0.0,artifacts/goal_bowl_destination_steering_formal_original_phase/goal_bowl_destination_belief_cabinet_init10_repeat1_success.json,0.0013649219399963202,0.9986350780600037,0.0013649219399963202,0.000524659391875327,0.9994753406081247,0.000524659391875327,4.93050722274126e-05,0.9999506949277726,4.93050722274126e-05,9.43361961575584e-06,0.9999905663803842,9.43361961575584e-06,4.93050722274126e-05,0.9999506949277726,4.93050722274126e-05,9.43361961575584e-06,0.9999905663803842,9.43361961575584e-06,2.6108611474082886e-06,0.9999973891388526,2.6108611474082886e-06,1.6442959460618146e-07,0.9999998355704054,1.6442959460618146e-07,9.43361961575584e-06,0.9999905663803842,9.43361961575584e-06,2.6108611474082886e-06,0.9999973891388526,2.6108611474082886e-06,1.6442959460618146e-07,0.9999998355704054,1.6442959460618146e-07,2.7361272983198066e-10,0.9999999997263873,2.7361272983198066e-10
belief,cabinet,11,0,True,84,40,51,60,6,8,10,50.0,0.4228569447537631,6.951728630215184,0.1620974302129147,0.3855055874598947,0.6369180243667082,0.8501440343082187,0.27957405540490055,0.0,artifacts/goal_bowl_destination_steering_formal_original_phase/goal_bowl_destination_belief_cabinet_init11_repeat0_success.json,0.004679947055508697,0.9953200529444913,0.004679947055508697,0.0016274396572955373,0.9983725603427044,0.0016274396572955373,0.0002940160041701085,0.9997059839958298,0.0002940160041701085,5.161463436895391e-05,0.999948385365631,5.161463436895391e-05,0.0002940160041701085,0.9997059839958298,0.0002940160041701085,5.161463436895391e-05,0.999948385365631,5.161463436895391e-05,2.326174253622878e-06,0.9999976738257464,2.326174253622878e-06,1.409915595961126e-08,0.9999999859008442,1.409915595961126e-08,2.326174253622878e-06,0.9999976738257464,2.326174253622878e-06,1.409915595961126e-08,0.9999999859008442,1.409915595961126e-08,4.583148709339514e-13,0.9999999999995417,4.583148709339514e-13,7.382597952942676e-22,1.0,7.382597952942676e-22
belief,cabinet,11,1,True,84,40,58,64,6,9,10,54.0,0.4608282056752404,7.49864733241283,0.18299802613728058,0.4084991401587682,0.6510215799037558,0.858934136389969,0.2961096377042385,0.0,artifacts/goal_bowl_destination_steering_formal_original_phase/goal_bowl_destination_belief_cabinet_init11_repeat1_success.json,7.703195877151196e-05,0.9999229680412283,7.703195877151196e-05,8.636733157409679e-06,0.9999913632668426,8.636733157409679e-06,2.601256468304326e-06,0.9999973987435318,2.601256468304326e-06,6.020145133608262e-07,0.9999993979854866,6.020145133608262e-07,6.020145133608262e-07,0.9999993979854866,6.020145133608262e-07,6.471631221062784e-09,0.9999999935283688,6.471631221062784e-09,6.026051641462085e-12,0.9999999999939739,6.026051641462085e-12,2.9784374430883333e-15,0.9999999999999971,2.9784374430883333e-15,6.471631221062784e-09,0.9999999935283688,6.471631221062784e-09,6.026051641462085e-12,0.9999999999939739,6.026051641462085e-12,2.9784374430883333e-15,0.9999999999999971,2.9784374430883333e-15,1.1226588397133977e-21,1.0,1.1226588397133977e-21
belief,cabinet,12,0,True,90,40,59,59,6,9,9,49.0,0.4382508906160243,7.488808667132275,0.15568989941855124,0.35974088063206044,0.5978319417864995,0.8125891470893809,0.263280860341532,0.0,artifacts/goal_bowl_destination_steering_formal_original_phase/goal_bowl_destination_belief_cabinet_init12_repeat0_success.json,0.004316808237696834,0.9956831917623031,0.004316808237696834,0.0017191334411612977,0.9982808665588387,0.0017191334411612977,0.0013341262160837398,0.9986658737839162,0.0013341262160837398,0.0006798207245066609,0.9993201792754934,0.0006798207245066609,0.0006798207245066609,0.9993201792754934,0.0006798207245066609,3.9971858429452705e-05,0.9999600281415705,3.9971858429452705e-05,4.0523209632352965e-07,0.9999995947679036,4.0523209632352965e-07,3.4669327728165083e-10,0.9999999996533067,3.4669327728165083e-10,0.0006798207245066609,0.9993201792754934,0.0006798207245066609,3.9971858429452705e-05,0.9999600281415705,3.9971858429452705e-05,4.0523209632352965e-07,0.9999995947679036,4.0523209632352965e-07,3.4669327728165083e-10,0.9999999996533067,3.4669327728165083e-10
belief,cabinet,12,1,True,114,41,89,95,6,15,17,85.0,0.6911484869952959,16.931932422464552,0.1974662694407994,0.4677164514654536,0.7385590817619362,0.9429928119692911,0.3321240444389353,0.0,artifacts/goal_bowl_destination_steering_formal_original_phase/goal_bowl_destination_belief_cabinet_init12_repeat1_success.json,0.0046116739867797536,0.9953883260132204,0.0046116739867797536,0.0033814421584815054,0.9966185578415185,0.0033814421584815054,0.0024328571573003135,0.9975671428426997,0.0024328571573003135,0.0007696402159730935,0.9992303597840269,0.0007696402159730935,2.437827131191698e-06,0.9999975621728687,2.437827131191698e-06,1.4601093240279154e-06,0.999998539890676,1.4601093240279154e-06,2.7483848048741413e-07,0.9999997251615196,2.7483848048741413e-07,1.0740344733231017e-09,0.9999999989259656,1.0740344733231017e-09,2.7483848048741413e-07,0.9999997251615196,2.7483848048741413e-07,1.0740344733231017e-09,0.9999999989259656,1.0740344733231017e-09,1.8997955233260152e-13,0.9999999999998099,1.8997955233260152e-13,3.8452619255521335e-19,1.0,3.8452619255521335e-19
belief,cabinet,13,0,True,84,39,62,59,5,10,9,49.0,0.4116184918572637,7.508692297943452,0.1518461042737656,0.33901557804804766,0.5664197651300901,0.7728307963482245,0.2514907708506015,0.0,artifacts/goal_bowl_destination_steering_formal_original_phase/goal_bowl_destination_belief_cabinet_init13_repeat0_success.json,0.003188195866385057,0.9968118041336148,0.003188195866385057,0.0004489804085134647,0.9995510195914865,0.0004489804085134647,0.00044445583542789544,0.9995555441645722,0.00044445583542789544,8.365763301074188e-05,0.9999163423669893,8.365763301074188e-05,3.155640891988457e-08,0.9999999684435911,3.155640891988457e-08,1.8144521519681963e-10,0.9999999998185547,1.8144521519681963e-10,2.0136270734244233e-14,0.9999999999999798,2.0136270734244233e-14,1.9540987793083347e-23,1.0,1.9540987793083347e-23,1.0665254777458263e-06,0.9999989334745222,1.0665254777458263e-06,3.155640891988457e-08,0.9999999684435911,3.155640891988457e-08,1.8144521519681963e-10,0.9999999998185547,1.8144521519681963e-10,2.0136270734244233e-14,0.9999999999999798,2.0136270734244233e-14
belief,cabinet,13,1,True,86,39,52,61,5,8,10,51.0,0.4276317020496964,11.248572380229946,0.15482771427612452,0.35608985081531447,0.6037900109690965,0.8093532482903638,0.2631790533585597,0.0,artifacts/goal_bowl_destination_steering_formal_original_phase/goal_bowl_destination_belief_cabinet_init13_repeat1_success.json,0.002411866600425851,0.9975881333995741,0.002411866600425851,0.0022072816370913313,0.9977927183629086,0.0022072816370913313,0.0001976600344340636,0.999802339965566,0.0001976600344340636,4.710681756939656e-05,0.9999528931824305,4.710681756939656e-05,4.710681756939656e-05,0.9999528931824305,4.710681756939656e-05,4.054878198892647e-07,0.9999995945121801,4.054878198892647e-07,5.283587509603697e-09,0.9999999947164124,5.283587509603697e-09,1.6175992965267678e-10,0.9999999998382401,1.6175992965267678e-10,5.283587509603697e-09,0.9999999947164124,5.283587509603697e-09,1.6175992965267678e-10,0.9999999998382401,1.6175992965267678e-10,2.5778020773526283e-12,0.9999999999974223,2.5778020773526283e-12,4.0356317763901915e-21,1.0,4.0356317763901915e-21
belief,cabinet,14,0,True,91,42,54,62,6,8,10,52.0,0.43437272333244886,6.8456032656185,0.1757544729225639,0.36545511449421125,0.6116533142041968,0.8542445430594087,0.276987607577915,0.0,artifacts/goal_bowl_destination_steering_formal_original_phase/goal_bowl_destination_belief_cabinet_init14_repeat0_success.json,0.016613611185352616,0.9833863888146475,0.016613611185352616,0.0025672689216781606,0.9974327310783218,0.0025672689216781606,0.0013491467300447955,0.9986508532699552,0.0013491467300447955,0.0005450831458684708,0.9994549168541316,0.0005450831458684708,0.0013491467300447955,0.9986508532699552,0.0013491467300447955,0.0005450831458684708,0.9994549168541316,0.0005450831458684708,0.00026484926768931684,0.9997351507323106,0.00026484926768931684,1.4182213029085873e-05,0.9999858177869709,1.4182213029085873e-05,0.00026484926768931684,0.9997351507323106,0.00026484926768931684,1.4182213029085873e-05,0.9999858177869709,1.4182213029085873e-05,5.944881190158729e-10,0.999999999405512,5.944881190158729e-10,7.200862877263393e-16,0.9999999999999993,7.200862877263393e-16
belief,cabinet,14,1,True,91,41,,60,6,,10,50.0,0.4240738083915013,6.918553264260244,0.1716281128656128,0.36628638072204833,0.6260741913866888,0.883999289029854,0.2773005021133365,0.0,artifacts/goal_bowl_destination_steering_formal_original_phase/goal_bowl_destination_belief_cabinet_init14_repeat1_success.json,0.007778646702695237,0.9922213532973048,0.007778646702695237,0.0031964917823411637,0.9968035082176588,0.0031964917823411637,0.001126355873556746,0.9988736441264433,0.001126355873556746,0.00026100090363135247,0.9997389990963687,0.00026100090363135247,nan,nan,nan,nan,nan,nan,nan,nan,nan,nan,nan,nan,4.6409653996109176e-05,0.999953590346004,4.6409653996109176e-05,2.653801170020871e-07,0.999999734619883,2.653801170020871e-07,9.31890354751763e-12,0.999999999990681,9.31890354751763e-12,1.3774781281616452e-16,0.9999999999999998,1.3774781281616452e-16
belief,cabinet,15,0,True,82,38,48,59,5,7,9,49.0,0.43815645852423196,7.440799666414234,0.16480178050039399,0.3808846728198967,0.6337300535603586,0.8614509506024254,0.27962552303624794,0.0,artifacts/goal_bowl_destination_steering_formal_original_phase/goal_bowl_destination_belief_cabinet_init15_repeat0_success.json,0.0020118660381012315,0.9979881339618988,0.0020118660381012315,0.00031989390125236025,0.9996801060987477,0.00031989390125236025,0.00013349268634561565,0.9998665073136545,0.00013349268634561565,6.756829697468124e-05,0.9999324317030254,6.756829697468124e-05,0.00013349268634561565,0.9998665073136545,0.00013349268634561565,6.756829697468124e-05,0.9999324317030254,6.756829697468124e-05,3.063374684116234e-05,0.9999693662531589,3.063374684116234e-05,1.4801301828131891e-07,0.9999998519869816,1.4801301828131891e-07,3.063374684116234e-05,0.9999693662531589,3.063374684116234e-05,1.4801301828131891e-07,0.9999998519869816,1.4801301828131891e-07,3.843988793111581e-10,0.999999999615601,3.843988793111581e-10,1.8711205002339428e-13,0.9999999999998128,1.8711205002339428e-13
belief,cabinet,15,1,True,97,37,47,56,5,7,9,46.0,0.4177061755151934,7.455097497446137,0.2175327704127111,0.4882684826638829,0.745943435648061,0.9503743773220038,0.3471608181758421,0.0,artifacts/goal_bowl_destination_steering_formal_original_phase/goal_bowl_destination_belief_cabinet_init15_repeat1_success.json,0.0037144723878082095,0.9962855276121918,0.0037144723878082095,0.0005662357348851454,0.9994337642651148,0.0005662357348851454,0.00027797367552095806,0.999722026324479,0.00027797367552095806,8.817550925905836e-05,0.9999118244907409,8.817550925905836e-05,0.00027797367552095806,0.999722026324479,0.00027797367552095806,8.817550925905836e-05,0.9999118244907409,8.817550925905836e-05,1.4913203860910133e-05,0.9999850867961391,1.4913203860910133e-05,4.253205904690096e-09,0.999999995746794,4.253205904690096e-09,1.4913203860910133e-05,0.9999850867961391,1.4913203860910133e-05,4.253205904690096e-09,0.999999995746794,4.253205904690096e-09,6.3253897302378156e-15,0.9999999999999938,6.3253897302378156e-15,5.523415692250904e-23,1.0,5.523415692250904e-23
belief,cabinet,16,0,True,84,39,63,60,5,10,10,50.0,0.39579470218620366,7.416781961609899,0.15921413399956197,0.3622815309265877,0.6058281241612965,0.8352176582434162,0.2674389066794772,0.0,artifacts/goal_bowl_destination_steering_formal_original_phase/goal_bowl_destination_belief_cabinet_init16_repeat0_success.json,0.001598191670934702,0.9984018083290653,0.001598191670934702,0.0006686518073242102,0.9993313481926759,0.0006686518073242102,0.0005624422492935013,0.9994375577507066,0.0005624422492935013,0.00014425258646813636,0.9998557474135318,0.00014425258646813636,1.0114974816373691e-05,0.9999898850251836,1.0114974816373691e-05,1.3192549982671673e-07,0.9999998680745003,1.3192549982671673e-07,8.418774470102854e-12,0.9999999999915812,8.418774470102854e-12,2.2335351452633442e-18,1.0,2.2335351452633442e-18,1.0114974816373691e-05,0.9999898850251836,1.0114974816373691e-05,1.3192549982671673e-07,0.9999998680745003,1.3192549982671673e-07,8.418774470102854e-12,0.9999999999915812,8.418774470102854e-12,2.2335351452633442e-18,1.0,2.2335351452633442e-18
belief,cabinet,16,1,False,300,38,56,58,5,9,9,48.0,0.3883992168773808,7.507521938461152,0.1510855897143197,0.3142939404259167,0.5105959731094791,0.7254985611331912,0.23533442540631913,0.0,artifacts/goal_bowl_destination_steering_formal_original_phase/goal_bowl_destination_belief_cabinet_init16_repeat1_failure.json,0.001249821525333341,0.9987501784746667,0.001249821525333341,0.00020031569158729,0.9997996843084128,0.00020031569158729,7.728657589047222e-05,0.9999227134241097,7.728657589047222e-05,1.4630959122084757e-05,0.999985369040878,1.4630959122084757e-05,1.0668496486582925e-05,0.9999893315035135,1.0668496486582925e-05,5.247278615039264e-07,0.9999994752721384,5.247278615039264e-07,1.372246842350407e-08,0.9999999862775315,1.372246842350407e-08,1.0315666014519103e-11,0.9999999999896843,1.0315666014519103e-11,1.0668496486582925e-05,0.9999893315035135,1.0668496486582925e-05,5.247278615039264e-07,0.9999994752721384,5.247278615039264e-07,1.372246842350407e-08,0.9999999862775315,1.372246842350407e-08,1.0315666014519103e-11,0.9999999999896843,1.0315666014519103e-11
belief,cabinet,17,0,True,87,41,66,62,6,11,10,52.0,0.4255384530975369,7.465148956333724,0.17398314237237436,0.3923560993567434,0.6565520178718068,0.8900137490344957,0.2900738472327954,0.0,artifacts/goal_bowl_destination_steering_formal_original_phase/goal_bowl_destination_belief_cabinet_init17_repeat0_success.json,0.01896287679683454,0.9810371232031656,0.01896287679683454,0.007107116472928714,0.9928928835270713,0.007107116472928714,0.004241692339247577,0.9957583076607525,0.004241692339247577,0.0007624736944168564,0.999237526305583,0.0007624736944168564,6.145271980035227e-07,0.999999385472802,6.145271980035227e-07,2.9589545615706295e-09,0.9999999970410454,2.9589545615706295e-09,3.337366878394114e-13,0.9999999999996663,3.337366878394114e-13,7.571945835953831e-21,1.0,7.571945835953831e-21,5.2718384069018294e-05,0.9999472816159309,5.2718384069018294e-05,6.145271980035227e-07,0.999999385472802,6.145271980035227e-07,2.9589545615706295e-09,0.9999999970410454,2.9589545615706295e-09,3.337366878394114e-13,0.9999999999996663,3.337366878394114e-13
belief,cabinet,17,1,True,86,39,55,60,5,9,10,50.0,0.43049804195847513,7.14020310280099,0.1599448210814984,0.37037571771875133,0.6347750275507288,0.8815025874204339,0.2754589974032082,0.0,artifacts/goal_bowl_destination_steering_formal_original_phase/goal_bowl_destination_belief_cabinet_init17_repeat1_success.json,0.05481313271686368,0.9451868672831363,0.05481313271686368,0.0067697487186432325,0.9932302512813568,0.0067697487186432325,0.0032543989779643054,0.9967456010220358,0.0032543989779643054,0.0019416670832723497,0.9980583329167277,0.0019416670832723497,0.000689291645305117,0.9993107083546949,0.000689291645305117,2.8044987756909307e-05,0.9999719550122431,2.8044987756909307e-05,9.116081020387901e-08,0.9999999088391899,9.116081020387901e-08,2.714029437895154e-11,0.9999999999728597,2.714029437895154e-11,2.8044987756909307e-05,0.9999719550122431,2.8044987756909307e-05,9.116081020387901e-08,0.9999999088391899,9.116081020387901e-08,2.714029437895154e-11,0.9999999999728597,2.714029437895154e-11,1.0429041518631324e-16,1.0,1.0429041518631324e-16
belief,cabinet,18,0,True,95,43,66,62,6,11,10,52.0,0.4525157084799331,7.299184855237987,0.1983823817378682,0.41385710905655004,0.6293597114237384,0.8424571381153816,0.3010573519328907,0.0,artifacts/goal_bowl_destination_steering_formal_original_phase/goal_bowl_destination_belief_cabinet_init18_repeat0_success.json,0.014656041553896782,0.9853439584461032,0.014656041553896782,0.00291315658735157,0.9970868434126483,0.00291315658735157,0.0019676653853691268,0.9980323346146308,0.0019676653853691268,0.0017263477611462793,0.9982736522388537,0.0017263477611462793,1.65302789425218e-06,0.9999983469721057,1.65302789425218e-06,3.643554530019116e-08,0.9999999635644548,3.643554530019116e-08,1.9471491420537918e-12,0.9999999999980529,1.9471491420537918e-12,7.571718131573676e-20,1.0,7.571718131573676e-20,0.0005158834397951919,0.9994841165602049,0.0005158834397951919,1.65302789425218e-06,0.9999983469721057,1.65302789425218e-06,3.643554530019116e-08,0.9999999635644548,3.643554530019116e-08,1.9471491420537918e-12,0.9999999999980529,1.9471491420537918e-12
belief,cabinet,18,1,True,92,47,59,65,7,9,11,55.0,0.46153744962417353,8.28348060400946,0.22250741152714254,0.4786068849890465,0.7346864180169271,0.9453512717759424,0.34480178339899764,0.0,artifacts/goal_bowl_destination_steering_formal_original_phase/goal_bowl_destination_belief_cabinet_init18_repeat1_success.json,6.632834075868384e-05,0.9999336716592414,6.632834075868384e-05,1.5818660823947434e-06,0.9999984181339175,1.5818660823947434e-06,5.231189171248509e-08,0.9999999476881084,5.231189171248509e-08,4.0750698958320776e-08,0.9999999592493011,4.0750698958320776e-08,5.231189171248509e-08,0.9999999476881084,5.231189171248509e-08,4.0750698958320776e-08,0.9999999592493011,4.0750698958320776e-08,3.950793583815731e-09,0.9999999960492063,3.950793583815731e-09,3.0525381031977594e-11,0.9999999999694746,3.0525381031977594e-11,3.950793583815731e-09,0.9999999960492063,3.950793583815731e-09,3.0525381031977594e-11,0.9999999999694746,3.0525381031977594e-11,6.688073143972288e-16,0.9999999999999993,6.688073143972288e-16,4.564185997949357e-22,1.0,4.564185997949357e-22
belief,cabinet,19,0,True,89,37,49,57,5,7,9,47.0,0.41302433345466394,7.289096175451214,0.16981184645958622,0.35439360467385655,0.5569286411370421,0.7598912525913979,0.26100264100677223,0.0,artifacts/goal_bowl_destination_steering_formal_original_phase/goal_bowl_destination_belief_cabinet_init19_repeat0_success.json,0.05023614752178998,0.9497638524782102,0.05023614752178998,0.0005229536584003393,0.9994770463415996,0.0005229536584003393,7.949428073076948e-05,0.9999205057192693,7.949428073076948e-05,6.303498685136521e-05,0.9999369650131487,6.303498685136521e-05,7.949428073076948e-05,0.9999205057192693,7.949428073076948e-05,6.303498685136521e-05,0.9999369650131487,6.303498685136521e-05,3.3157239489894436e-05,0.9999668427605102,3.3157239489894436e-05,3.948091992705121e-07,0.9999996051908007,3.948091992705121e-07,3.3157239489894436e-05,0.9999668427605102,3.3157239489894436e-05,3.948091992705121e-07,0.9999996051908007,3.948091992705121e-07,7.35913512862971e-11,0.9999999999264086,7.35913512862971e-11,6.932284225399147e-16,0.9999999999999993,6.932284225399147e-16
belief,cabinet,19,1,True,87,39,51,58,5,8,9,48.0,0.4129976505499223,7.062030230768516,0.16067305493292458,0.3525012480757216,0.5905385925429347,0.8112870415547472,0.262684581124984,0.0,artifacts/goal_bowl_destination_steering_formal_original_phase/goal_bowl_destination_belief_cabinet_init19_repeat1_success.json,0.018069525874076623,0.9819304741259234,0.018069525874076623,0.010664181984961855,0.9893358180150381,0.010664181984961855,0.004424529202424208,0.9955754707975758,0.004424529202424208,0.0013443063862724727,0.9986556936137276,0.0013443063862724727,0.0013443063862724727,0.9986556936137276,0.0013443063862724727,0.00021121895552895194,0.9997887810444711,0.00021121895552895194,1.5433307067180513e-05,0.9999845666929329,1.5433307067180513e-05,6.863431557533748e-08,0.9999999313656844,6.863431557533748e-08,0.00021121895552895194,0.9997887810444711,0.00021121895552895194,1.5433307067180513e-05,0.9999845666929329,1.5433307067180513e-05,6.863431557533748e-08,0.9999999313656844,6.863431557533748e-08,3.3107773688458468e-12,0.9999999999966893,3.3107773688458468e-12
belief,cabinet,1,0,True,87,40,74,59,6,12,9,49.0,0.4228738664678383,7.049068955220989,0.17767019384276536,0.400134254224059,0.6617651672095723,0.9062829334746362,0.29477653761966094,0.0,artifacts/goal_bowl_destination_steering_formal_original_phase/goal_bowl_destination_belief_cabinet_init1_repeat0_success.json,0.004741575078037448,0.9952584249219625,0.004741575078037448,0.0025666317408662323,0.9974333682591339,0.0025666317408662323,0.0016669969937854962,0.9983330030062145,0.0016669969937854962,0.0007666675010872428,0.9992333324989128,0.0007666675010872428,1.5280159856350767e-09,0.9999999984719841,1.5280159856350767e-09,5.508759430031452e-14,0.9999999999999449,5.508759430031452e-14,1.8953851473219815e-21,1.0,1.8953851473219815e-21,4.570465035519132e-26,1.0,4.570465035519132e-26,0.0007666675010872428,0.9992333324989128,0.0007666675010872428,5.620952282049965e-05,0.9999437904771795,5.620952282049965e-05,8.833236092774214e-07,0.9999991166763906,8.833236092774214e-07,1.5280159856350767e-09,0.9999999984719841,1.5280159856350767e-09
belief,cabinet,1,1,True,84,40,78,60,6,13,10,50.0,0.431031163122362,7.082679384798301,0.19251468085062662,0.42462233791122617,0.6846229971866656,0.9250087694443441,0.3107748202958474,0.0,artifacts/goal_bowl_destination_steering_formal_original_phase/goal_bowl_destination_belief_cabinet_init1_repeat1_success.json,0.005087675070219076,0.9949123249297809,0.005087675070219076,0.0031356625786570264,0.996864337421343,0.0031356625786570264,0.0016748910839837058,0.9983251089160162,0.0016748910839837058,0.001085809153723934,0.9989141908462761,0.001085809153723934,4.861404101833258e-13,0.9999999999995139,4.861404101833258e-13,1.412959657291621e-17,1.0,1.412959657291621e-17,1.0762492271979841e-21,1.0,1.0762492271979841e-21,3.6343645365349814e-23,1.0,3.6343645365349814e-23,5.715516328259506e-05,0.9999428448367174,5.715516328259506e-05,5.652076325260615e-07,0.9999994347923674,5.652076325260615e-07,2.204354356153622e-09,0.9999999977956457,2.204354356153622e-09,4.861404101833258e-13,0.9999999999995139,4.861404101833258e-13
belief,cabinet,20,0,True,84,37,,55,5,,9,45.0,0.42929779659278117,7.46539010546283,0.18103182578193594,0.41672322253436633,0.6837859680629725,0.9162731527846297,0.3033461382506045,0.0,artifacts/goal_bowl_destination_steering_formal_original_phase/goal_bowl_destination_belief_cabinet_init20_repeat0_success.json,0.051533988250758445,0.9484660117492416,0.051533988250758445,8.589344240117865e-05,0.9999141065575988,8.589344240117865e-05,3.2544970935828196e-05,0.9999674550290643,3.2544970935828196e-05,1.7083560084749618e-05,0.9999829164399152,1.7083560084749618e-05,nan,nan,nan,nan,nan,nan,nan,nan,nan,nan,nan,nan,6.971189231528991e-06,0.9999930288107683,6.971189231528991e-06,4.6100355179562964e-08,0.9999999538996448,4.6100355179562964e-08,1.5921185338308683e-11,0.9999999999840787,1.5921185338308683e-11,5.2096597763724e-16,0.9999999999999996,5.2096597763724e-16
belief,cabinet,20,1,True,88,37,,56,5,,9,46.0,0.4312684870340223,7.292289727197409,0.1798694682160105,0.3915841991401639,0.6489425492316376,0.8860434718895583,0.2914522602186751,0.0,artifacts/goal_bowl_destination_steering_formal_original_phase/goal_bowl_destination_belief_cabinet_init20_repeat1_success.json,0.07155094635431009,0.9284490536456899,0.07155094635431009,8.588668588788682e-06,0.9999914113314112,8.588668588788682e-06,2.617247575724558e-06,0.9999973827524243,2.617247575724558e-06,3.806147697256711e-07,0.9999996193852302,3.806147697256711e-07,nan,nan,nan,nan,nan,nan,nan,nan,nan,nan,nan,nan,1.0782994752553589e-07,0.9999998921700525,1.0782994752553589e-07,2.8699336100622213e-09,0.9999999971300664,2.8699336100622213e-09,1.6903160863334019e-12,0.9999999999983096,1.6903160863334019e-12,7.67795516233515e-16,0.9999999999999993,7.67795516233515e-16
belief,cabinet,21,0,True,81,39,54,59,5,8,9,49.0,0.43843017737605733,6.8822407305220725,0.17414987775943702,0.3955199356355641,0.667779178919083,0.9065428237803083,0.29299372920232153,0.0,artifacts/goal_bowl_destination_steering_formal_original_phase/goal_bowl_destination_belief_cabinet_init21_repeat0_success.json,0.046257015750917514,0.9537429842490824,0.046257015750917514,0.011912680931351586,0.9880873190686483,0.011912680931351586,0.005865116752399333,0.9941348832476006,0.005865116752399333,0.0030732166377594097,0.9969267833622406,0.0030732166377594097,0.0030732166377594097,0.9969267833622406,0.0030732166377594097,0.00050922980358587,0.9994907701964141,0.00050922980358587,9.17782407292415e-06,0.9999908221759269,9.17782407292415e-06,2.5404837755611228e-08,0.9999999745951622,2.5404837755611228e-08,0.00050922980358587,0.9994907701964141,0.00050922980358587,9.17782407292415e-06,0.9999908221759269,9.17782407292415e-06,2.5404837755611228e-08,0.9999999745951622,2.5404837755611228e-08,8.607248648448334e-14,0.9999999999999138,8.607248648448334e-14
belief,cabinet,21,1,True,79,39,54,58,5,8,9,48.0,0.4381559352815948,7.277904591340186,0.1718122220368143,0.3817510316639191,0.6516994374445424,0.893669021165697,0.2861428720788492,0.0,artifacts/goal_bowl_destination_steering_formal_original_phase/goal_bowl_destination_belief_cabinet_init21_repeat1_success.json,0.03294943000241674,0.9670505699975833,0.03294943000241674,0.005237746904729136,0.9947622530952708,0.005237746904729136,0.0026881238268903654,0.9973118761731098,0.0026881238268903654,0.0013914306365178156,0.9986085693634822,0.0013914306365178156,0.0013914306365178156,0.9986085693634822,0.0013914306365178156,0.00016581973693780203,0.9998341802630623,0.00016581973693780203,3.0693054189191057e-06,0.9999969306945811,3.0693054189191057e-06,1.075144932597656e-08,0.9999999892485506,1.075144932597656e-08,0.00016581973693780203,0.9998341802630623,0.00016581973693780203,3.0693054189191057e-06,0.9999969306945811,3.0693054189191057e-06,1.075144932597656e-08,0.9999999892485506,1.075144932597656e-08,2.0147428113855885e-14,0.9999999999999798,2.0147428113855885e-14
belief,cabinet,22,0,True,80,38,49,57,5,7,9,47.0,0.40105165916231467,6.249791314387064,0.17423318096857954,0.3887766508817365,0.657618934950882,0.8914937032713237,0.2899290717647461,0.0,artifacts/goal_bowl_destination_steering_formal_original_phase/goal_bowl_destination_belief_cabinet_init22_repeat0_success.json,0.046737244980644306,0.9532627550193556,0.046737244980644306,0.003564920234183996,0.9964350797658161,0.003564920234183996,0.003414233905569537,0.9965857660944305,0.003414233905569537,0.0024837632237960593,0.9975162367762039,0.0024837632237960593,0.003414233905569537,0.9965857660944305,0.003414233905569537,0.0024837632237960593,0.9975162367762039,0.0024837632237960593,0.0011844029829951167,0.998815597017005,0.0011844029829951167,3.395290953062422e-05,0.9999660470904694,3.395290953062422e-05,0.0011844029829951167,0.998815597017005,0.0011844029829951167,3.395290953062422e-05,0.9999660470904694,3.395290953062422e-05,3.6689312594886133e-08,0.9999999633106873,3.6689312594886133e-08,1.7267598192321945e-13,0.9999999999998272,1.7267598192321945e-13
belief,cabinet,22,1,True,112,39,80,88,5,14,15,78.0,0.5436509131938216,13.6849629937092,0.17777645059648686,0.39156460396550896,0.6612302449513103,0.9163034724169103,0.29300047165770415,0.0,artifacts/goal_bowl_destination_steering_formal_original_phase/goal_bowl_destination_belief_cabinet_init22_repeat1_success.json,0.04476208207838196,0.9552379179216179,0.04476208207838196,0.03283375082588105,0.967166249174119,0.03283375082588105,0.020160828145432106,0.9798391718545679,0.020160828145432106,0.020610836632697707,0.9793891633673022,0.020610836632697707,1.233553175211461e-05,0.9999876644682479,1.233553175211461e-05,7.157721700760712e-06,0.9999928422782992,7.157721700760712e-06,4.5181215084019e-07,0.9999995481878491,4.5181215084019e-07,1.2310316108842072e-10,0.9999999998768969,1.2310316108842072e-10,7.157721700760712e-06,0.9999928422782992,7.157721700760712e-06,4.5181215084019e-07,0.9999995481878491,4.5181215084019e-07,1.2310316108842072e-10,0.9999999998768969,1.2310316108842072e-10,1.0683113071713696e-15,0.9999999999999989,1.0683113071713696e-15
belief,cabinet,23,0,True,86,43,54,62,6,8,10,52.0,0.4288764031589264,7.66616608101469,0.2448428913535917,0.49982550545469917,0.7422237336213935,0.9382712138699986,0.3619653870283492,0.0,artifacts/goal_bowl_destination_steering_formal_original_phase/goal_bowl_destination_belief_cabinet_init23_repeat0_success.json,0.00829357320123303,0.9917064267987671,0.00829357320123303,0.0002318681263293421,0.9997681318736706,0.0002318681263293421,2.564644622440964e-05,0.9999743535537756,2.564644622440964e-05,5.361755668053879e-06,0.9999946382443319,5.361755668053879e-06,2.564644622440964e-05,0.9999743535537756,2.564644622440964e-05,5.361755668053879e-06,0.9999946382443319,5.361755668053879e-06,8.191960650708785e-07,0.9999991808039349,8.191960650708785e-07,3.272854708770979e-09,0.9999999967271453,3.272854708770979e-09,8.191960650708785e-07,0.9999991808039349,8.191960650708785e-07,3.272854708770979e-09,0.9999999967271453,3.272854708770979e-09,5.393127453051203e-13,0.9999999999994607,5.393127453051203e-13,2.0146654297401774e-17,1.0,2.0146654297401774e-17
belief,cabinet,23,1,True,84,41,51,60,6,8,10,50.0,0.42701189943099394,7.093321173581976,0.22665804954296165,0.48134741584584373,0.7265465048225623,0.9175323499656024,0.3466558760479235,0.0,artifacts/goal_bowl_destination_steering_formal_original_phase/goal_bowl_destination_belief_cabinet_init23_repeat1_success.json,0.005410489374453871,0.9945895106255461,0.005410489374453871,0.00022452521932461004,0.9997754747806754,0.00022452521932461004,1.424191499206701e-05,0.999985758085008,1.424191499206701e-05,2.034928469132206e-06,0.9999979650715309,2.034928469132206e-06,1.424191499206701e-05,0.999985758085008,1.424191499206701e-05,2.034928469132206e-06,0.9999979650715309,2.034928469132206e-06,5.686793320003785e-08,0.9999999431320669,5.686793320003785e-08,1.539382773887459e-10,0.9999999998460618,1.539382773887459e-10,5.686793320003785e-08,0.9999999431320669,5.686793320003785e-08,1.539382773887459e-10,0.9999999998460618,1.539382773887459e-10,1.7629935905165413e-14,0.9999999999999825,1.7629935905165413e-14,7.853275168956564e-19,1.0,7.853275168956564e-19
belief,cabinet,24,0,True,80,37,60,58,5,10,9,48.0,0.3955195687207867,6.815497713306169,0.17189705446603532,0.3903407584819452,0.6532817047393531,0.8846935940408892,0.2879182647954658,0.0,artifacts/goal_bowl_destination_steering_formal_original_phase/goal_bowl_destination_belief_cabinet_init24_repeat0_success.json,0.0034604718746817998,0.9965395281253181,0.0034604718746817998,0.00025686245842199325,0.9997431375415781,0.00025686245842199325,0.00019340798466705608,0.999806592015333,0.00019340798466705608,8.975616177199161e-05,0.999910243838228,8.975616177199161e-05,3.8749560948713745e-08,0.9999999612504391,3.8749560948713745e-08,2.349256362476507e-10,0.9999999997650744,2.349256362476507e-10,1.9041410411677398e-15,0.999999999999998,1.9041410411677398e-15,2.401172072849115e-22,1.0,2.401172072849115e-22,2.054803918105993e-06,0.9999979451960819,2.054803918105993e-06,3.8749560948713745e-08,0.9999999612504391,3.8749560948713745e-08,2.349256362476507e-10,0.9999999997650744,2.349256362476507e-10,1.9041410411677398e-15,0.999999999999998,1.9041410411677398e-15
belief,cabinet,24,1,True,79,35,46,55,5,7,9,45.0,0.4000723139343023,6.185198920365106,0.17822961178325264,0.4071504584337789,0.6569224808664781,0.8561666693177512,0.29526432165047284,0.0,artifacts/goal_bowl_destination_steering_formal_original_phase/goal_bowl_destination_belief_cabinet_init24_repeat1_success.json,0.017793923423337892,0.9822060765766621,0.017793923423337892,0.014181596294347525,0.9858184037056524,0.014181596294347525,0.00692717956315935,0.9930728204368408,0.00692717956315935,0.00027941440707815316,0.9997205855929219,0.00027941440707815316,0.00692717956315935,0.9930728204368408,0.00692717956315935,0.00027941440707815316,0.9997205855929219,0.00027941440707815316,2.635157262790966e-06,0.9999973648427373,2.635157262790966e-06,9.389058947857706e-08,0.9999999061094106,9.389058947857706e-08,2.635157262790966e-06,0.9999973648427373,2.635157262790966e-06,9.389058947857706e-08,0.9999999061094106,9.389058947857706e-08,8.536674278936783e-11,0.9999999999146332,8.536674278936783e-11,9.60749127509943e-18,1.0,9.60749127509943e-18
belief,cabinet,25,0,True,87,41,58,60,6,9,10,50.0,0.46039105844810774,7.576725659131309,0.17447958246330436,0.39147045813348397,0.6475846694159986,0.8811704017202836,0.28815008455175284,0.0,artifacts/goal_bowl_destination_steering_formal_original_phase/goal_bowl_destination_belief_cabinet_init25_repeat0_success.json,0.022647572691764213,0.9773524273082358,0.022647572691764213,4.031986369058817e-06,0.999995968013631,4.031986369058817e-06,2.7215491357561067e-06,0.9999972784508643,2.7215491357561067e-06,8.812953826835025e-07,0.9999991187046173,8.812953826835025e-07,8.812953826835025e-07,0.9999991187046173,8.812953826835025e-07,4.2724141406113693e-07,0.999999572758586,4.2724141406113693e-07,7.184454117006207e-09,0.9999999928155459,7.184454117006207e-09,2.0235563739240144e-11,0.9999999999797644,2.0235563739240144e-11,4.2724141406113693e-07,0.999999572758586,4.2724141406113693e-07,7.184454117006207e-09,0.9999999928155459,7.184454117006207e-09,2.0235563739240144e-11,0.9999999999797644,2.0235563739240144e-11,2.5261385839199244e-17,1.0,2.5261385839199244e-17
belief,cabinet,25,1,True,86,42,56,61,6,9,10,51.0,0.466921698881182,7.481982815286816,0.16252976488443835,0.38265252585010406,0.658022762958171,0.9056294927463256,0.2829084117596355,0.0,artifacts/goal_bowl_destination_steering_formal_original_phase/goal_bowl_destination_belief_cabinet_init25_repeat1_success.json,0.03106344237105133,0.9689365576289487,0.03106344237105133,6.441334481803599e-06,0.9999935586655182,6.441334481803599e-06,1.5404372605768618e-06,0.9999984595627394,1.5404372605768618e-06,5.062917837782642e-07,0.9999994937082163,5.062917837782642e-07,5.062917837782642e-07,0.9999994937082163,5.062917837782642e-07,2.1922922412966614e-07,0.9999997807707758,2.1922922412966614e-07,9.798534457590398e-09,0.9999999902014655,9.798534457590398e-09,4.0910178738232935e-11,0.9999999999590898,4.0910178738232935e-11,2.1922922412966614e-07,0.9999997807707758,2.1922922412966614e-07,9.798534457590398e-09,0.9999999902014655,9.798534457590398e-09,4.0910178738232935e-11,0.9999999999590898,4.0910178738232935e-11,3.774282660327683e-17,1.0,3.774282660327683e-17
belief,cabinet,26,0,True,86,42,57,65,6,9,11,55.0,0.4753728574634021,7.556266695055276,0.17344343437884954,0.40713962531192394,0.6662137208422563,0.8782421551726013,0.29479179553652224,0.0,artifacts/goal_bowl_destination_steering_formal_original_phase/goal_bowl_destination_belief_cabinet_init26_repeat0_success.json,0.00984647303158362,0.9901535269684164,0.00984647303158362,0.0033577546937753997,0.9966422453062246,0.0033577546937753997,0.0009216861506895416,0.9990783138493105,0.0009216861506895416,0.0002591037517084098,0.9997408962482915,0.0002591037517084098,0.0002591037517084098,0.9997408962482915,0.0002591037517084098,1.0685769669585332e-05,0.9999893142303304,1.0685769669585332e-05,2.3104949457992332e-07,0.9999997689505055,2.3104949457992332e-07,7.293209718370382e-10,0.999999999270679,7.293209718370382e-10,2.3104949457992332e-07,0.9999997689505055,2.3104949457992332e-07,7.293209718370382e-10,0.999999999270679,7.293209718370382e-10,4.288651878993377e-15,0.9999999999999958,4.288651878993377e-15,2.0577537135099527e-23,1.0,2.0577537135099527e-23
belief,cabinet,26,1,True,87,42,68,65,6,11,11,55.0,0.4541471811635039,7.551542369217825,0.17930771283326508,0.3763266174778439,0.6296375174442154,0.861735792925025,0.28244491333593635,0.0,artifacts/goal_bowl_destination_steering_formal_original_phase/goal_bowl_destination_belief_cabinet_init26_repeat1_success.json,0.022223081677861224,0.9777769183221388,0.022223081677861224,0.010393112899314001,0.9896068871006859,0.010393112899314001,0.002816571160712821,0.9971834288392871,0.002816571160712821,0.0017082964427922367,0.9982917035572079,0.0017082964427922367,3.723158613013314e-06,0.9999962768413869,3.723158613013314e-06,7.634308952958904e-10,0.9999999992365691,7.634308952958904e-10,5.15752109372459e-12,0.9999999999948426,5.15752109372459e-12,1.7018281814961417e-18,1.0,1.7018281814961417e-18,3.723158613013314e-06,0.9999962768413869,3.723158613013314e-06,7.634308952958904e-10,0.9999999992365691,7.634308952958904e-10,5.15752109372459e-12,0.9999999999948426,5.15752109372459e-12,1.7018281814961417e-18,1.0,1.7018281814961417e-18
belief,cabinet,27,0,True,83,39,78,58,5,13,9,48.0,0.43927428160609117,7.351847694694528,0.18199466968980055,0.4115758805049026,0.6732527041528401,0.907581104235797,0.30086213826557684,0.0,artifacts/goal_bowl_destination_steering_formal_original_phase/goal_bowl_destination_belief_cabinet_init27_repeat0_success.json,0.04570670991454321,0.9542932900854567,0.04570670991454321,0.0011699339054886627,0.9988300660945113,0.0011699339054886627,0.0002933757507874697,0.9997066242492125,0.0002933757507874697,0.0002170949344958378,0.9997829050655042,0.0002170949344958378,5.741236129362488e-17,1.0,5.741236129362488e-17,1.1650926986598154e-22,1.0,1.1650926986598154e-22,1.9796014338033036e-24,1.0,1.9796014338033036e-24,3.5892643518272143e-25,1.0,3.5892643518272143e-25,0.00014213953767522672,0.9998578604623248,0.00014213953767522672,4.202135281285967e-06,0.9999957978647186,4.202135281285967e-06,6.672329403792355e-08,0.999999933276706,6.672329403792355e-08,2.558962666072382e-12,0.9999999999974409,2.558962666072382e-12
belief,cabinet,27,1,True,82,39,54,57,5,8,9,47.0,0.4314763465234767,7.179714472002667,0.17593975052347327,0.38565488761867245,0.6474913370582279,0.883194798594978,0.28785207898636084,0.0,artifacts/goal_bowl_destination_steering_formal_original_phase/goal_bowl_destination_belief_cabinet_init27_repeat1_success.json,0.0730384753922736,0.9269615246077263,0.0730384753922736,0.022714374016098157,0.9772856259839018,0.022714374016098157,0.012431891968808832,0.9875681080311911,0.012431891968808832,0.010487510470256138,0.9895124895297439,0.010487510470256138,0.010487510470256138,0.9895124895297439,0.010487510470256138,0.0072977744704525544,0.9927022255295475,0.0072977744704525544,7.703708121146197e-05,0.9999229629187886,7.703708121146197e-05,4.400573118132927e-07,0.9999995599426881,4.400573118132927e-07,0.0072977744704525544,0.9927022255295475,0.0072977744704525544,7.703708121146197e-05,0.9999229629187886,7.703708121146197e-05,4.400573118132927e-07,0.9999995599426881,4.400573118132927e-07,1.5822409904352875e-11,0.9999999999841775,1.5822409904352875e-11
belief,cabinet,28,0,True,90,41,57,63,6,9,10,53.0,0.4785898685602282,7.3281511849991094,0.1532269094946671,0.3270313682216078,0.5432624890816172,0.7407817765703578,0.24478496397656502,0.0,artifacts/goal_bowl_destination_steering_formal_original_phase/goal_bowl_destination_belief_cabinet_init28_repeat0_success.json,0.022542432934670207,0.9774575670653298,0.022542432934670207,0.018304468648387123,0.9816955313516129,0.018304468648387123,0.012525853859427036,0.987474146140573,0.012525853859427036,0.005552348057276447,0.9944476519427236,0.005552348057276447,0.005552348057276447,0.9944476519427236,0.005552348057276447,0.00028403622634392786,0.999715963773656,0.00028403622634392786,5.257049548062339e-06,0.999994742950452,5.257049548062339e-06,1.668551244918455e-07,0.9999998331448755,1.668551244918455e-07,0.00028403622634392786,0.999715963773656,0.00028403622634392786,5.257049548062339e-06,0.999994742950452,5.257049548062339e-06,1.668551244918455e-07,0.9999998331448755,1.668551244918455e-07,1.921455875546867e-11,0.9999999999807854,1.921455875546867e-11
belief,cabinet,28,1,True,87,41,57,62,6,9,10,52.0,0.46571936008011733,7.176037975582272,0.15631186200769767,0.34505689037384796,0.5838593511096558,0.7947302225066784,0.25769566365969127,0.0,artifacts/goal_bowl_destination_steering_formal_original_phase/goal_bowl_destination_belief_cabinet_init28_repeat1_success.json,0.020437819896166356,0.9795621801038337,0.020437819896166356,0.016315381399308156,0.9836846186006919,0.016315381399308156,0.014388289913738906,0.9856117100862611,0.014388289913738906,0.00982736152254124,0.9901726384774588,0.00982736152254124,0.00982736152254124,0.9901726384774588,0.00982736152254124,0.0003878579544725075,0.9996121420455274,0.0003878579544725075,1.288902743252824e-05,0.9999871109725674,1.288902743252824e-05,5.3392310544872815e-08,0.9999999466076894,5.3392310544872815e-08,0.0003878579544725075,0.9996121420455274,0.0003878579544725075,1.288902743252824e-05,0.9999871109725674,1.288902743252824e-05,5.3392310544872815e-08,0.9999999466076894,5.3392310544872815e-08,6.121129381003653e-12,0.9999999999938789,6.121129381003653e-12
belief,cabinet,29,0,True,78,40,53,59,6,8,9,49.0,0.4160713052362455,7.0389300831776715,0.18470677398117993,0.43932084090561857,0.7172097279349083,0.9432833908082443,0.31583043734925786,0.0,artifacts/goal_bowl_destination_steering_formal_original_phase/goal_bowl_destination_belief_cabinet_init29_repeat0_success.json,0.048332991267904295,0.9516670087320958,0.048332991267904295,0.018406501546480145,0.98159349845352,0.018406501546480145,0.00867677803954027,0.9913232219604596,0.00867677803954027,0.0009022213040955045,0.9990977786959045,0.0009022213040955045,0.00867677803954027,0.9913232219604596,0.00867677803954027,0.0009022213040955045,0.9990977786959045,0.0009022213040955045,5.3300597851635664e-05,0.9999466994021484,5.3300597851635664e-05,1.2005600502312081e-07,0.9999998799439951,1.2005600502312081e-07,0.0009022213040955045,0.9990977786959045,0.0009022213040955045,5.3300597851635664e-05,0.9999466994021484,5.3300597851635664e-05,1.2005600502312081e-07,0.9999998799439951,1.2005600502312081e-07,2.6095191789394056e-12,0.9999999999973905,2.6095191789394056e-12
belief,cabinet,29,1,True,78,38,51,60,5,8,10,50.0,0.4284099971261023,6.83328825832619,0.1734774258156522,0.4226349306100391,0.6850307670721009,0.8986971623078215,0.3014821174692436,0.0,artifacts/goal_bowl_destination_steering_formal_original_phase/goal_bowl_destination_belief_cabinet_init29_repeat1_success.json,0.06509705891406191,0.9349029410859382,0.06509705891406191,0.03271469435148931,0.9672853056485107,0.03271469435148931,0.02076860166433107,0.9792313983356689,0.02076860166433107,0.005442449010088266,0.9945575509899116,0.005442449010088266,0.005442449010088266,0.9945575509899116,0.005442449010088266,8.245407651521514e-05,0.9999175459234848,8.245407651521514e-05,1.550959989769863e-06,0.9999984490400103,1.550959989769863e-06,5.863861839280614e-09,0.9999999941361382,5.863861839280614e-09,1.550959989769863e-06,0.9999984490400103,1.550959989769863e-06,5.863861839280614e-09,0.9999999941361382,5.863861839280614e-09,5.053634749019495e-15,0.9999999999999949,5.053634749019495e-15,3.9970896220212985e-25,1.0,3.9970896220212985e-25
belief,cabinet,2,0,True,85,38,51,57,5,8,9,47.0,0.4386827061942245,7.607747640368511,0.1671744619034853,0.37020215724088423,0.6139793231071214,0.8306978859922461,0.2744180380594664,0.0,artifacts/goal_bowl_destination_steering_formal_original_phase/goal_bowl_destination_belief_cabinet_init2_repeat0_success.json,0.029884095474625703,0.9701159045253743,0.029884095474625703,0.0070050491487780074,0.9929949508512219,0.0070050491487780074,0.0032195043087718716,0.9967804956912282,0.0032195043087718716,0.0010698948973508898,0.9989301051026491,0.0010698948973508898,0.0010698948973508898,0.9989301051026491,0.0010698948973508898,0.0003074053097389265,0.9996925946902611,0.0003074053097389265,9.652885858734756e-06,0.9999903471141413,9.652885858734756e-06,2.217964965839835e-07,0.9999997782035034,2.217964965839835e-07,0.0003074053097389265,0.9996925946902611,0.0003074053097389265,9.652885858734756e-06,0.9999903471141413,9.652885858734756e-06,2.217964965839835e-07,0.9999997782035034,2.217964965839835e-07,2.5298945695737956e-11,0.9999999999747011,2.5298945695737956e-11
belief,cabinet,2,1,True,72,38,48,57,5,7,9,47.0,0.43567669366374395,7.1993621727331405,0.19704692793669776,0.45260497667161187,0.7287897674302031,0.9466209469995504,0.3262273354189211,0.0,artifacts/goal_bowl_destination_steering_formal_original_phase/goal_bowl_destination_belief_cabinet_init2_repeat1_success.json,0.05705607072596936,0.9429439292740307,0.05705607072596936,0.003958626989977764,0.9960413730100222,0.003958626989977764,0.001398026264896447,0.9986019737351036,0.001398026264896447,0.0003693947912785247,0.9996306052087215,0.0003693947912785247,0.001398026264896447,0.9986019737351036,0.001398026264896447,0.0003693947912785247,0.9996306052087215,0.0003693947912785247,7.889443141240432e-05,0.9999211055685877,7.889443141240432e-05,5.035558568774153e-07,0.9999994964441432,5.035558568774153e-07,7.889443141240432e-05,0.9999211055685877,7.889443141240432e-05,5.035558568774153e-07,0.9999994964441432,5.035558568774153e-07,7.958342867017047e-11,0.9999999999204165,7.958342867017047e-11,1.2596529142623598e-19,1.0,1.2596529142623598e-19
belief,cabinet,30,0,True,88,41,58,61,6,9,10,51.0,0.4617557205730443,7.380727656200325,0.17581084698473465,0.38606529916726834,0.6470727925053006,0.8772947368848446,0.28765927294657767,0.0,artifacts/goal_bowl_destination_steering_formal_original_phase/goal_bowl_destination_belief_cabinet_init30_repeat0_success.json,0.019500069560128685,0.9804999304398713,0.019500069560128685,0.004158231003586542,0.9958417689964135,0.004158231003586542,0.0031066279501488605,0.9968933720498512,0.0031066279501488605,0.002222723375048139,0.997777276624952,0.002222723375048139,0.002222723375048139,0.997777276624952,0.002222723375048139,0.0004894384639027214,0.9995105615360972,0.0004894384639027214,1.5102264972434887e-05,0.9999848977350275,1.5102264972434887e-05,1.1073904663875036e-08,0.9999999889260954,1.1073904663875036e-08,0.0004894384639027214,0.9995105615360972,0.0004894384639027214,1.5102264972434887e-05,0.9999848977350275,1.5102264972434887e-05,1.1073904663875036e-08,0.9999999889260954,1.1073904663875036e-08,1.868569414107907e-15,0.9999999999999982,1.868569414107907e-15
belief,cabinet,30,1,True,89,41,,60,6,,10,50.0,0.44439824296948416,7.373140819956353,0.17244939342548393,0.36399348164840084,0.623489415346682,0.8666989513116665,0.27696233756540806,0.0,artifacts/goal_bowl_destination_steering_formal_original_phase/goal_bowl_destination_belief_cabinet_init30_repeat1_success.json,0.029598016327489273,0.9704019836725107,0.029598016327489273,0.006117739150354708,0.9938822608496453,0.006117739150354708,0.002300413636238245,0.9976995863637618,0.002300413636238245,0.0012416989108154693,0.9987583010891845,0.0012416989108154693,nan,nan,nan,nan,nan,nan,nan,nan,nan,nan,nan,nan,0.0005283663287495104,0.9994716336712504,0.0005283663287495104,3.097306455443195e-06,0.9999969026935446,3.097306455443195e-06,4.231047063443584e-09,0.9999999957689529,4.231047063443584e-09,4.7497947774892886e-15,0.9999999999999953,4.7497947774892886e-15
belief,cabinet,31,0,True,81,38,53,57,5,8,9,47.0,0.4132785016606516,6.955467397408788,0.18262665895509575,0.3970841357141985,0.6586153189183575,0.9014239854038288,0.2959863414625931,0.0,artifacts/goal_bowl_destination_steering_formal_original_phase/goal_bowl_destination_belief_cabinet_init31_repeat0_success.json,0.03582949319780739,0.9641705068021927,0.03582949319780739,0.015360066623537198,0.9846399333764627,0.015360066623537198,0.003434851157834131,0.9965651488421658,0.003434851157834131,0.0005844662802759142,0.999415533719724,0.0005844662802759142,0.0005844662802759142,0.999415533719724,0.0005844662802759142,0.00013617734216929035,0.9998638226578308,0.00013617734216929035,8.334348727344918e-07,0.9999991665651272,8.334348727344918e-07,8.463873731569922e-09,0.9999999915361263,8.463873731569922e-09,0.00013617734216929035,0.9998638226578308,0.00013617734216929035,8.334348727344918e-07,0.9999991665651272,8.334348727344918e-07,8.463873731569922e-09,0.9999999915361263,8.463873731569922e-09,1.7711378799950491e-12,0.999999999998229,1.7711378799950491e-12
belief,cabinet,31,1,True,75,39,49,57,5,7,9,47.0,0.4030777085737369,7.042537541902487,0.20089534234107467,0.45286405462039686,0.7234325871297075,0.946184642655179,0.3272089673502887,0.0,artifacts/goal_bowl_destination_steering_formal_original_phase/goal_bowl_destination_belief_cabinet_init31_repeat1_success.json,0.0382180178788527,0.9617819821211473,0.0382180178788527,0.0049279379393121795,0.9950720620606879,0.0049279379393121795,0.0009096362521706658,0.9990903637478294,0.0009096362521706658,0.0003827459089773705,0.9996172540910228,0.0003827459089773705,0.0009096362521706658,0.9990903637478294,0.0009096362521706658,0.0003827459089773705,0.9996172540910228,0.0003827459089773705,6.552779155936617e-05,0.9999344722084408,6.552779155936617e-05,2.2429247061615074e-07,0.9999997757075293,2.2429247061615074e-07,6.552779155936617e-05,0.9999344722084408,6.552779155936617e-05,2.2429247061615074e-07,0.9999997757075293,2.2429247061615074e-07,1.4125849111571262e-10,0.9999999998587414,1.4125849111571262e-10,1.0786384368495528e-15,0.9999999999999989,1.0786384368495528e-15
belief,cabinet,32,0,True,80,36,67,57,5,11,9,47.0,0.4250813945614151,6.967567941250002,0.15804504046118376,0.3530852103260019,0.6113767644241975,0.8414639433629452,0.26567904606375314,0.0,artifacts/goal_bowl_destination_steering_formal_original_phase/goal_bowl_destination_belief_cabinet_init32_repeat0_success.json,0.03687386409486669,0.9631261359051332,0.03687386409486669,0.008498299223776344,0.9915017007762238,0.008498299223776344,0.008138923003230363,0.9918610769967697,0.008138923003230363,0.005868267297373461,0.9941317327026266,0.005868267297373461,4.137836694691813e-09,0.9999999958621633,4.137836694691813e-09,1.9711164238122212e-14,0.9999999999999802,1.9711164238122212e-14,1.8688885162567587e-21,1.0,1.8688885162567587e-21,5.275916851999923e-28,1.0,5.275916851999923e-28,0.0008094438972708257,0.9991905561027291,0.0008094438972708257,6.592729323570282e-07,0.9999993407270676,6.592729323570282e-07,4.137836694691813e-09,0.9999999958621633,4.137836694691813e-09,1.9711164238122212e-14,0.9999999999999802,1.9711164238122212e-14
belief,cabinet,32,1,True,87,38,93,57,5,16,9,47.0,0.4096628012931755,7.338208717033295,0.16006386467745312,0.3498067073924767,0.5845057107414142,0.8231977882719362,0.2608911542413729,0.0,artifacts/goal_bowl_destination_steering_formal_original_phase/goal_bowl_destination_belief_cabinet_init32_repeat1_success.json,0.006632509392529132,0.9933674906074708,0.006632509392529132,0.0022090282837061654,0.9977909717162939,0.0022090282837061654,0.0009872461778320939,0.9990127538221679,0.0009872461778320939,0.00037486340804381306,0.9996251365919562,0.00037486340804381306,7.575179220676484e-36,1.0,7.575179220676484e-36,2.150455237707308e-40,1.0,2.150455237707308e-40,nan,nan,nan,nan,nan,nan,0.00010392000685883133,0.9998960799931412,0.00010392000685883133,2.1946075799357327e-05,0.9999780539242006,2.1946075799357327e-05,1.5378403402471201e-07,0.9999998462159659,1.5378403402471201e-07,2.966217865087854e-11,0.9999999999703377,2.966217865087854e-11
belief,cabinet,33,0,True,84,37,54,59,5,8,9,49.0,0.4245580515440499,6.790237012906189,0.17261507982056196,0.40010659394066783,0.6559382712875982,0.8699083947601098,0.2910310160769791,0.0,artifacts/goal_bowl_destination_steering_formal_original_phase/goal_bowl_destination_belief_cabinet_init33_repeat0_success.json,0.041526204453869106,0.9584737955461309,0.041526204453869106,0.01643566117696242,0.9835643388230375,0.01643566117696242,0.01276580784773326,0.9872341921522667,0.01276580784773326,0.0027651722791834817,0.9972348277208166,0.0027651722791834817,0.0027651722791834817,0.9972348277208166,0.0027651722791834817,0.00038922308787553016,0.9996107769121245,0.00038922308787553016,1.7145713690590624e-06,0.999998285428631,1.7145713690590624e-06,7.696091991519883e-09,0.9999999923039081,7.696091991519883e-09,0.00038922308787553016,0.9996107769121245,0.00038922308787553016,1.7145713690590624e-06,0.999998285428631,1.7145713690590624e-06,7.696091991519883e-09,0.9999999923039081,7.696091991519883e-09,3.0490811461140613e-15,0.9999999999999969,3.0490811461140613e-15
belief,cabinet,33,1,True,81,37,49,57,5,7,9,47.0,0.4108310290193115,6.634555340993364,0.17713203536165742,0.3983144859284126,0.6634971971885217,0.9026057288173461,0.294531460699035,0.0,artifacts/goal_bowl_destination_steering_formal_original_phase/goal_bowl_destination_belief_cabinet_init33_repeat1_success.json,0.033298986693450716,0.9667010133065493,0.033298986693450716,0.014242072116879083,0.985757927883121,0.014242072116879083,0.010674572673109709,0.9893254273268902,0.010674572673109709,0.0013693071191943748,0.9986306928808055,0.0013693071191943748,0.010674572673109709,0.9893254273268902,0.010674572673109709,0.0013693071191943748,0.9986306928808055,0.0013693071191943748,0.0003079042946852805,0.9996920957053147,0.0003079042946852805,8.738887489955529e-07,0.999999126111251,8.738887489955529e-07,0.0003079042946852805,0.9996920957053147,0.0003079042946852805,8.738887489955529e-07,0.999999126111251,8.738887489955529e-07,5.186215264961868e-11,0.9999999999481379,5.186215264961868e-11,2.6032210565975036e-17,1.0,2.6032210565975036e-17
belief,cabinet,34,0,True,90,39,66,59,5,11,9,49.0,0.4227421147243503,7.603211354733651,0.14772182771390321,0.34097648192828606,0.5807627537550087,0.805591764477673,0.25249865686822864,0.0,artifacts/goal_bowl_destination_steering_formal_original_phase/goal_bowl_destination_belief_cabinet_init34_repeat0_success.json,0.02196575186986962,0.9780342481301303,0.02196575186986962,0.00028504751269278,0.9997149524873072,0.00028504751269278,9.295122983903302e-05,0.999907048770161,9.295122983903302e-05,8.15494987609078e-05,0.999918450501239,8.15494987609078e-05,2.5690307371453917e-08,0.9999999743096926,2.5690307371453917e-08,1.4207683335598236e-12,0.9999999999985791,1.4207683335598236e-12,4.190704886839404e-18,1.0,4.190704886839404e-18,7.957429776463072e-24,1.0,7.957429776463072e-24,5.155583279735435e-05,0.9999484441672027,5.155583279735435e-05,5.027515376591621e-06,0.9999949724846233,5.027515376591621e-06,2.5690307371453917e-08,0.9999999743096926,2.5690307371453917e-08,1.4207683335598236e-12,0.9999999999985791,1.4207683335598236e-12
belief,cabinet,34,1,True,93,40,59,61,6,9,10,51.0,0.4438155554581832,7.829542658748243,0.161311935872467,0.34348128556763957,0.5645796103981905,0.7845291577684137,0.25625026564315634,0.0,artifacts/goal_bowl_destination_steering_formal_original_phase/goal_bowl_destination_belief_cabinet_init34_repeat1_success.json,0.07277370501198246,0.9272262949880173,0.07277370501198246,0.023834464999197474,0.9761655350008024,0.023834464999197474,0.0117261111644966,0.9882738888355035,0.0117261111644966,0.006622387557139891,0.9933776124428602,0.006622387557139891,0.006622387557139891,0.9933776124428602,0.006622387557139891,0.003328907681359212,0.9966710923186407,0.003328907681359212,6.0736282274220304e-05,0.9999392637177257,6.0736282274220304e-05,2.554624740069418e-07,0.9999997445375259,2.554624740069418e-07,0.003328907681359212,0.9966710923186407,0.003328907681359212,6.0736282274220304e-05,0.9999392637177257,6.0736282274220304e-05,2.554624740069418e-07,0.9999997445375259,2.554624740069418e-07,1.294341425026659e-10,0.9999999998705658,1.294341425026659e-10
belief,cabinet,35,0,True,79,38,50,57,5,8,9,47.0,0.41153463138833213,6.9265176557487464,0.17234943894738877,0.3879545093884035,0.6398258042079797,0.8680322047616996,0.2856668214726565,0.0,artifacts/goal_bowl_destination_steering_formal_original_phase/goal_bowl_destination_belief_cabinet_init35_repeat0_success.json,0.022980150111232688,0.9770198498887674,0.022980150111232688,0.0011471593297782418,0.9988528406702218,0.0011471593297782418,0.0001666729753319946,0.999833327024668,0.0001666729753319946,0.00011256711301249267,0.9998874328869876,0.00011256711301249267,0.00011256711301249267,0.9998874328869876,0.00011256711301249267,7.668204326390258e-06,0.9999923317956736,7.668204326390258e-06,1.9790445136761526e-08,0.9999999802095549,1.9790445136761526e-08,8.06182751058635e-12,0.9999999999919382,8.06182751058635e-12,7.668204326390258e-06,0.9999923317956736,7.668204326390258e-06,1.9790445136761526e-08,0.9999999802095549,1.9790445136761526e-08,8.06182751058635e-12,0.9999999999919382,8.06182751058635e-12,7.421213252360864e-20,1.0,7.421213252360864e-20
belief,cabinet,35,1,True,79,37,80,56,5,14,9,46.0,0.4096073335902118,6.872391723773651,0.17462271630529616,0.40174985558059895,0.6730248221174933,0.9146924245165776,0.29614532455939074,0.0,artifacts/goal_bowl_destination_steering_formal_original_phase/goal_bowl_destination_belief_cabinet_init35_repeat1_success.json,0.0353510802467368,0.9646489197532632,0.0353510802467368,0.002537418261757106,0.9974625817382429,0.002537418261757106,0.0003057282728463102,0.9996942717271537,0.0003057282728463102,0.00012335652410484712,0.9998766434758952,0.00012335652410484712,6.0935113012924785e-30,1.0,6.0935113012924785e-30,4.091061435875398e-31,1.0,4.091061435875398e-31,nan,nan,nan,nan,nan,nan,6.891191355866035e-06,0.9999931088086442,6.891191355866035e-06,8.866714824694952e-08,0.9999999113328518,8.866714824694952e-08,2.2581461332639315e-09,0.9999999977418539,2.2581461332639315e-09,3.861413348359314e-16,0.9999999999999996,3.861413348359314e-16
belief,cabinet,36,0,True,81,39,53,59,5,8,9,49.0,0.4290666456359552,6.8117139399777455,0.19412791429837897,0.44066505870037975,0.7109455300359767,0.9336450368929036,0.31964144988864146,0.0,artifacts/goal_bowl_destination_steering_formal_original_phase/goal_bowl_destination_belief_cabinet_init36_repeat0_success.json,0.026757584776211447,0.9732424152237886,0.026757584776211447,0.020460440900275118,0.9795395590997249,0.020460440900275118,0.011081588128223486,0.9889184118717766,0.011081588128223486,0.0014132222924137102,0.9985867777075862,0.0014132222924137102,0.0014132222924137102,0.9985867777075862,0.0014132222924137102,0.0006505642196730718,0.9993494357803269,0.0006505642196730718,4.23482823887135e-06,0.9999957651717613,4.23482823887135e-06,9.465641361922408e-09,0.9999999905343587,9.465641361922408e-09,0.0006505642196730718,0.9993494357803269,0.0006505642196730718,4.23482823887135e-06,0.9999957651717613,4.23482823887135e-06,9.465641361922408e-09,0.9999999905343587,9.465641361922408e-09,4.3841346492483154e-16,0.9999999999999996,4.3841346492483154e-16
belief,cabinet,36,1,True,79,38,50,58,5,8,9,48.0,0.42029315702483805,6.693685091932663,0.1776865396732614,0.40202778470688266,0.6801310299024204,0.913402589034818,0.2983002577549797,0.0,artifacts/goal_bowl_destination_steering_formal_original_phase/goal_bowl_destination_belief_cabinet_init36_repeat1_success.json,0.020950366701869852,0.9790496332981302,0.020950366701869852,0.006072380604927282,0.9939276193950728,0.006072380604927282,0.0040331635272783046,0.9959668364727217,0.0040331635272783046,0.001402961087766253,0.9985970389122337,0.001402961087766253,0.001402961087766253,0.9985970389122337,0.001402961087766253,0.0005230639789000838,0.9994769360210999,0.0005230639789000838,2.2680615893591765e-06,0.9999977319384106,2.2680615893591765e-06,1.6902408971944805e-09,0.9999999983097592,1.6902408971944805e-09,0.0005230639789000838,0.9994769360210999,0.0005230639789000838,2.2680615893591765e-06,0.9999977319384106,2.2680615893591765e-06,1.6902408971944805e-09,0.9999999983097592,1.6902408971944805e-09,6.64507902799041e-15,0.9999999999999933,6.64507902799041e-15
belief,cabinet,37,0,True,137,39,111,59,5,20,9,49.0,0.3984405362981574,7.130876049654774,0.14069251255492765,0.29529207628485377,0.47789281461575894,0.5220171584332289,0.21704267682654527,0.0,artifacts/goal_bowl_destination_steering_formal_original_phase/goal_bowl_destination_belief_cabinet_init37_repeat0_success.json,0.0007640336443031153,0.9992359663556968,0.0007640336443031153,1.0262849309089527e-05,0.9999897371506907,1.0262849309089527e-05,2.802508779893245e-07,0.999999719749122,2.802508779893245e-07,1.4254733271890722e-08,0.9999999857452668,1.4254733271890722e-08,7.619950881068175e-19,1.0,7.619950881068175e-19,8.773302957921662e-20,1.0,8.773302957921662e-20,1.765024272530187e-21,1.0,1.765024272530187e-21,5.5431009822520135e-25,1.0,5.5431009822520135e-25,2.4323735257002264e-09,0.9999999975676264,2.4323735257002264e-09,6.109249250244415e-10,0.9999999993890751,6.109249250244415e-10,6.135743245211845e-11,0.9999999999386426,6.135743245211845e-11,4.91919507865719e-13,0.9999999999995082,4.91919507865719e-13
belief,cabinet,37,1,True,139,39,100,60,5,18,10,50.0,0.4141054288833595,7.230317970475176,0.1632610784026865,0.3763756463115369,0.29281746533398545,0.11012426145386045,0.20832842216528433,0.0,artifacts/goal_bowl_destination_steering_formal_original_phase/goal_bowl_destination_belief_cabinet_init37_repeat1_success.json,0.00010938940168774195,0.9998906105983122,0.00010938940168774195,2.3681090585746414e-06,0.9999976318909414,2.3681090585746414e-06,1.484798094248928e-06,0.9999985152019057,1.484798094248928e-06,1.3337548646242262e-06,0.9999986662451353,1.3337548646242262e-06,7.95114870795792e-14,0.9999999999999205,7.95114870795792e-14,4.259366495304911e-14,0.9999999999999574,4.259366495304911e-14,2.7404361038460207e-15,0.9999999999999973,2.7404361038460207e-15,2.494129936730046e-18,1.0,2.494129936730046e-18,1.8138453662256516e-07,0.9999998186154633,1.8138453662256516e-07,1.1650464024122143e-09,0.9999999988349535,1.1650464024122143e-09,1.4327232519704794e-12,0.9999999999985674,1.4327232519704794e-12,5.321964943657651e-13,0.9999999999994678,5.321964943657651e-13
belief,cabinet,38,0,True,125,41,95,95,6,17,17,85.0,0.6358865803684898,16.873789190495145,0.17327671211080142,0.3717595232781466,0.603031718819231,0.8273967992846538,0.2755038742483062,0.0,artifacts/goal_bowl_destination_steering_formal_original_phase/goal_bowl_destination_belief_cabinet_init38_repeat0_success.json,0.041161626402644515,0.9588383735973556,0.041161626402644515,0.005042479350668456,0.9949575206493315,0.005042479350668456,0.002293984582209893,0.99770601541779,0.002293984582209893,0.0008441532148569432,0.9991558467851431,0.0008441532148569432,8.27378829339535e-06,0.9999917262117066,8.27378829339535e-06,8.555275908783938e-08,0.9999999144472409,8.555275908783938e-08,7.142364273357604e-12,0.9999999999928577,7.142364273357604e-12,1.144356119168232e-16,0.9999999999999998,1.144356119168232e-16,8.27378829339535e-06,0.9999917262117066,8.27378829339535e-06,8.555275908783938e-08,0.9999999144472409,8.555275908783938e-08,7.142364273357604e-12,0.9999999999928577,7.142364273357604e-12,1.144356119168232e-16,0.9999999999999998,1.144356119168232e-16
belief,cabinet,38,1,True,81,39,59,62,5,9,10,52.0,0.44525181756292787,7.178951625809935,0.1582198894094198,0.3710116179952823,0.6334211282234865,0.8502436369438741,0.2740383251777578,0.0,artifacts/goal_bowl_destination_steering_formal_original_phase/goal_bowl_destination_belief_cabinet_init38_repeat1_success.json,0.08483284005546535,0.9151671599445346,0.08483284005546535,0.00418896094361363,0.9958110390563862,0.00418896094361363,0.0008980467068137036,0.9991019532931862,0.0008980467068137036,0.0007347274681541348,0.9992652725318459,0.0007347274681541348,0.0004606261828907587,0.9995393738171091,0.0004606261828907587,3.776772846575149e-05,0.9999622322715342,3.776772846575149e-05,2.1482828649718754e-07,0.9999997851717135,2.1482828649718754e-07,3.555319325946924e-11,0.9999999999644469,3.555319325946924e-11,3.776772846575149e-05,0.9999622322715342,3.776772846575149e-05,2.1482828649718754e-07,0.9999997851717135,2.1482828649718754e-07,3.555319325946924e-11,0.9999999999644469,3.555319325946924e-11,4.1396165997526237e-17,1.0,4.1396165997526237e-17
belief,cabinet,39,0,True,84,40,55,60,6,9,10,50.0,0.44291686344330866,6.783760725779677,0.17990215480208213,0.3966107900512114,0.6697851102975708,0.9160313280709711,0.2962556315637913,0.0,artifacts/goal_bowl_destination_steering_formal_original_phase/goal_bowl_destination_belief_cabinet_init39_repeat0_success.json,0.07770201339717006,0.9222979866028299,0.07770201339717006,0.0401117191284368,0.9598882808715631,0.0401117191284368,0.011862923768752306,0.9881370762312477,0.011862923768752306,0.004173590690028183,0.9958264093099717,0.004173590690028183,0.004173590690028183,0.9958264093099717,0.004173590690028183,0.0011550090019371657,0.9988449909980628,0.0011550090019371657,2.2953851312002025e-05,0.9999770461486881,2.2953851312002025e-05,5.896831711636838e-09,0.9999999941031683,5.896831711636838e-09,0.0011550090019371657,0.9988449909980628,0.0011550090019371657,2.2953851312002025e-05,0.9999770461486881,2.2953851312002025e-05,5.896831711636838e-09,0.9999999941031683,5.896831711636838e-09,7.17935607208468e-16,0.9999999999999993,7.17935607208468e-16
belief,cabinet,39,1,True,79,39,51,58,5,8,9,48.0,0.4331679020267382,6.913117954618474,0.18456943083553065,0.41784245710386514,0.6917095908791653,0.9293696660835186,0.3074563339541489,0.0,artifacts/goal_bowl_destination_steering_formal_original_phase/goal_bowl_destination_belief_cabinet_init39_repeat1_success.json,0.11999074522530546,0.8800092547746946,0.11999074522530546,0.01222331562917806,0.9877766843708218,0.01222331562917806,0.008438094049934586,0.9915619059500654,0.008438094049934586,0.0009415053069644652,0.9990584946930355,0.0009415053069644652,0.0009415053069644652,0.9990584946930355,0.0009415053069644652,0.0003386571453923876,0.9996613428546076,0.0003386571453923876,2.6060274951699756e-05,0.9999739397250482,2.6060274951699756e-05,8.160383399458336e-08,0.9999999183961661,8.160383399458336e-08,0.0003386571453923876,0.9996613428546076,0.0003386571453923876,2.6060274951699756e-05,0.9999739397250482,2.6060274951699756e-05,8.160383399458336e-08,0.9999999183961661,8.160383399458336e-08,1.6641711112326378e-13,0.9999999999998337,1.6641711112326378e-13
belief,cabinet,3,0,True,98,44,57,63,6,9,10,53.0,0.4711713110089621,7.567764511099499,0.1728324346839567,0.36261670576883215,0.5730228815028009,0.7704579194174547,0.2670789433744627,0.0,artifacts/goal_bowl_destination_steering_formal_original_phase/goal_bowl_destination_belief_cabinet_init3_repeat0_success.json,0.03875180705720686,0.9612481929427932,0.03875180705720686,0.046984879267210025,0.9530151207327898,0.046984879267210025,0.02844834339822545,0.9715516566017746,0.02844834339822545,0.01583832747693353,0.9841616725230664,0.01583832747693353,0.01583832747693353,0.9841616725230664,0.01583832747693353,0.011374757526506591,0.9886252424734935,0.011374757526506591,0.00029345052516713857,0.999706549474833,0.00029345052516713857,6.30348873057923e-09,0.9999999936965112,6.30348873057923e-09,0.011374757526506591,0.9886252424734935,0.011374757526506591,0.00029345052516713857,0.999706549474833,0.00029345052516713857,6.30348873057923e-09,0.9999999936965112,6.30348873057923e-09,3.4653796232206826e-13,0.9999999999996534,3.4653796232206826e-13
belief,cabinet,3,1,True,94,43,61,62,6,10,10,52.0,0.46143115726461387,7.317140350343211,0.16853196561861503,0.3660426815127957,0.5879923275209684,0.7820791582733138,0.26892626051562896,0.0,artifacts/goal_bowl_destination_steering_formal_original_phase/goal_bowl_destination_belief_cabinet_init3_repeat1_success.json,0.026374233294680458,0.9736257667053194,0.026374233294680458,0.0145767719651003,0.9854232280348998,0.0145767719651003,0.008561175952870889,0.991438824047129,0.008561175952870889,0.0007954167001036042,0.9992045832998964,0.0007954167001036042,0.0002442537111508787,0.9997557462888491,0.0002442537111508787,3.5157935721691886e-07,0.9999996484206427,3.5157935721691886e-07,2.435958805623718e-12,0.999999999997564,2.435958805623718e-12,5.804838790185127e-20,1.0,5.804838790185127e-20,0.0002442537111508787,0.9997557462888491,0.0002442537111508787,3.5157935721691886e-07,0.9999996484206427,3.5157935721691886e-07,2.435958805623718e-12,0.999999999997564,2.435958805623718e-12,5.804838790185127e-20,1.0,5.804838790185127e-20
belief,cabinet,40,0,True,124,38,,94,5,,16,84.0,0.6519580159734971,15.901373023653296,0.15105912102942545,0.3318289285362737,0.5768503249529696,0.8225127689990952,0.251811396915469,0.0,artifacts/goal_bowl_destination_steering_formal_original_phase/goal_bowl_destination_belief_cabinet_init40_repeat0_success.json,0.0868450551793471,0.913154944820653,0.0868450551793471,0.004132674522240352,0.9958673254777596,0.004132674522240352,0.0020067108906174787,0.9979932891093825,0.0020067108906174787,0.0012653138746460035,0.998734686125354,0.0012653138746460035,nan,nan,nan,nan,nan,nan,nan,nan,nan,nan,nan,nan,1.3625522870601179e-07,0.9999998637447712,1.3625522870601179e-07,3.143513344248107e-09,0.9999999968564866,3.143513344248107e-09,1.1000083079650197e-10,0.9999999998899991,1.1000083079650197e-10,5.712985308448031e-14,0.9999999999999429,5.712985308448031e-14
belief,cabinet,40,1,True,121,38,81,89,5,14,15,79.0,0.5923166196155152,15.868580867118517,0.16328612466081008,0.37660399414019374,0.6314601141030357,0.8457991431529923,0.27653247142563175,0.0,artifacts/goal_bowl_destination_steering_formal_original_phase/goal_bowl_destination_belief_cabinet_init40_repeat1_success.json,0.04764897082318987,0.9523510291768101,0.04764897082318987,0.020952222879620556,0.9790477771203794,0.020952222879620556,0.0075280058080692104,0.9924719941919308,0.0075280058080692104,0.006281622462899586,0.9937183775371004,0.006281622462899586,1.1110444601726016e-05,0.9999888895553982,1.1110444601726016e-05,1.9257022543770723e-06,0.9999980742977457,1.9257022543770723e-06,3.469259943224565e-07,0.9999996530740056,3.469259943224565e-07,1.9821008284239283e-09,0.9999999980178991,1.9821008284239283e-09,1.9257022543770723e-06,0.9999980742977457,1.9257022543770723e-06,3.469259943224565e-07,0.9999996530740056,3.469259943224565e-07,1.9821008284239283e-09,0.9999999980178991,1.9821008284239283e-09,6.972481223553927e-13,0.9999999999993028,6.972481223553927e-13
belief,cabinet,41,0,True,83,38,56,58,5,9,9,48.0,0.41378747809540334,8.093088600317277,0.1479087149982195,0.3314647081034285,0.5706745501881505,0.8076222920301437,0.2487526292643823,0.0,artifacts/goal_bowl_destination_steering_formal_original_phase/goal_bowl_destination_belief_cabinet_init41_repeat0_success.json,0.0025857415791398193,0.9974142584208602,0.0025857415791398193,0.00017027966709640225,0.9998297203329036,0.00017027966709640225,0.00011392955269521467,0.9998860704473047,0.00011392955269521467,3.68673454292731e-05,0.9999631326545707,3.68673454292731e-05,3.4801396458687814e-06,0.9999965198603542,3.4801396458687814e-06,8.824408624956398e-07,0.9999991175591376,8.824408624956398e-07,2.7383579670031285e-08,0.9999999726164203,2.7383579670031285e-08,9.082715620708835e-11,0.9999999999091729,9.082715620708835e-11,3.4801396458687814e-06,0.9999965198603542,3.4801396458687814e-06,8.824408624956398e-07,0.9999991175591376,8.824408624956398e-07,2.7383579670031285e-08,0.9999999726164203,2.7383579670031285e-08,9.082715620708835e-11,0.9999999999091729,9.082715620708835e-11
belief,cabinet,41,1,True,76,38,51,57,5,8,9,47.0,0.40838866719825206,7.461530952440726,0.15208319535394618,0.357477063428793,0.6245785044712446,0.8677075815934672,0.2660983367369498,0.0,artifacts/goal_bowl_destination_steering_formal_original_phase/goal_bowl_destination_belief_cabinet_init41_repeat1_success.json,0.0006942657004905826,0.9993057342995095,0.0006942657004905826,3.085985984934747e-05,0.9999691401401507,3.085985984934747e-05,2.21520361552521e-05,0.9999778479638447,2.21520361552521e-05,8.757991045296989e-07,0.9999991242008955,8.757991045296989e-07,8.757991045296989e-07,0.9999991242008955,8.757991045296989e-07,3.293513442102138e-08,0.9999999670648656,3.293513442102138e-08,5.655850857798659e-09,0.9999999943441491,5.655850857798659e-09,9.841983585878356e-11,0.9999999999015801,9.841983585878356e-11,3.293513442102138e-08,0.9999999670648656,3.293513442102138e-08,5.655850857798659e-09,0.9999999943441491,5.655850857798659e-09,9.841983585878356e-11,0.9999999999015801,9.841983585878356e-11,2.7443834925439986e-16,0.9999999999999998,2.7443834925439986e-16
belief,cabinet,42,0,True,91,37,56,57,5,9,9,47.0,0.4159726167975313,7.157009192000685,0.1506083874416196,0.3232681468716497,0.5241646104806219,0.7115418177030184,0.2387826280598579,0.0,artifacts/goal_bowl_destination_steering_formal_original_phase/goal_bowl_destination_belief_cabinet_init42_repeat0_success.json,0.019584649814059513,0.9804153501859406,0.019584649814059513,0.007475487983776463,0.9925245120162236,0.007475487983776463,0.0041973938541737124,0.9958026061458264,0.0041973938541737124,0.0029200811668585935,0.9970799188331415,0.0029200811668585935,0.0003428238338292629,0.9996571761661708,0.0003428238338292629,1.0649839244519017e-05,0.9999893501607554,1.0649839244519017e-05,6.999882645844043e-09,0.9999999930001173,6.999882645844043e-09,2.0638779849358317e-13,0.9999999999997937,2.0638779849358317e-13,0.0003428238338292629,0.9996571761661708,0.0003428238338292629,1.0649839244519017e-05,0.9999893501607554,1.0649839244519017e-05,6.999882645844043e-09,0.9999999930001173,6.999882645844043e-09,2.0638779849358317e-13,0.9999999999997937,2.0638779849358317e-13
belief,cabinet,42,1,True,89,37,56,56,5,9,9,46.0,0.4148215053047317,7.200433177393338,0.15325132188682736,0.3390004125331309,0.5488391084067933,0.737998035498373,0.24807348945270902,0.0,artifacts/goal_bowl_destination_steering_formal_original_phase/goal_bowl_destination_belief_cabinet_init42_repeat1_success.json,0.018646715281485638,0.9813532847185145,0.018646715281485638,0.007229690142349732,0.9927703098576504,0.007229690142349732,0.00359244491631076,0.9964075550836893,0.00359244491631076,0.0013585660354040957,0.9986414339645959,0.0013585660354040957,0.00025431824585856144,0.9997456817541415,0.00025431824585856144,5.096115311015767e-06,0.9999949038846889,5.096115311015767e-06,1.332101705417345e-08,0.999999986678983,1.332101705417345e-08,1.066331468313807e-13,0.9999999999998934,1.066331468313807e-13,0.00025431824585856144,0.9997456817541415,0.00025431824585856144,5.096115311015767e-06,0.9999949038846889,5.096115311015767e-06,1.332101705417345e-08,0.999999986678983,1.332101705417345e-08,1.066331468313807e-13,0.9999999999998934,1.066331468313807e-13
belief,cabinet,43,0,True,82,39,50,58,5,8,9,48.0,0.41407896053691906,6.749751486912609,0.16584495853153103,0.3639819043445446,0.5945773638916286,0.7935092789269047,0.26859277572114815,0.0,artifacts/goal_bowl_destination_steering_formal_original_phase/goal_bowl_destination_belief_cabinet_init43_repeat0_success.json,0.00012954681352147877,0.9998704531864786,0.00012954681352147877,3.368628560885239e-05,0.999966313714391,3.368628560885239e-05,2.1010065685969922e-05,0.999978989934314,2.1010065685969922e-05,1.4582477967749304e-06,0.9999985417522033,1.4582477967749304e-06,1.4582477967749304e-06,0.9999985417522033,1.4582477967749304e-06,4.8097105633641865e-09,0.9999999951902894,4.8097105633641865e-09,3.332315885344274e-12,0.9999999999966678,3.332315885344274e-12,9.125762099221264e-15,0.9999999999999909,9.125762099221264e-15,4.8097105633641865e-09,0.9999999951902894,4.8097105633641865e-09,3.332315885344274e-12,0.9999999999966678,3.332315885344274e-12,9.125762099221264e-15,0.9999999999999909,9.125762099221264e-15,5.504684124198556e-22,1.0,5.504684124198556e-22
belief,cabinet,43,1,True,77,40,51,59,6,8,9,49.0,0.4223515512342054,6.498657726074562,0.1762795728165058,0.3936893708860026,0.631772038259734,0.8303068941700801,0.2864821071255517,0.0,artifacts/goal_bowl_destination_steering_formal_original_phase/goal_bowl_destination_belief_cabinet_init43_repeat1_success.json,0.0011955182575218435,0.9988044817424783,0.0011955182575218435,0.0008023981256066728,0.9991976018743933,0.0008023981256066728,9.221055989760476e-05,0.9999077894401024,9.221055989760476e-05,1.591005763723472e-07,0.9999998408994237,1.591005763723472e-07,9.221055989760476e-05,0.9999077894401024,9.221055989760476e-05,1.591005763723472e-07,0.9999998408994237,1.591005763723472e-07,1.0297877449641603e-09,0.9999999989702122,1.0297877449641603e-09,1.4954706463604398e-13,0.9999999999998503,1.4954706463604398e-13,1.591005763723472e-07,0.9999998408994237,1.591005763723472e-07,1.0297877449641603e-09,0.9999999989702122,1.0297877449641603e-09,1.4954706463604398e-13,0.9999999999998503,1.4954706463604398e-13,3.8416853433728526e-20,1.0,3.8416853433728526e-20
belief,cabinet,44,0,True,83,39,53,59,5,8,9,49.0,0.4251139516087026,6.9735699276866745,0.16507985062428612,0.3593780312784363,0.584432927600353,0.7959244418273789,0.2654563601174851,0.0,artifacts/goal_bowl_destination_steering_formal_original_phase/goal_bowl_destination_belief_cabinet_init44_repeat0_success.json,0.005839174758589089,0.9941608252414108,0.005839174758589089,0.0003218702147348995,0.999678129785265,0.0003218702147348995,0.00021430239012010073,0.9997856976098799,0.00021430239012010073,3.3685934717752086e-05,0.9999663140652822,3.3685934717752086e-05,3.3685934717752086e-05,0.9999663140652822,3.3685934717752086e-05,5.893176250136572e-07,0.9999994106823751,5.893176250136572e-07,8.420221388737525e-09,0.9999999915797787,8.420221388737525e-09,2.6252745264872536e-11,0.9999999999737472,2.6252745264872536e-11,5.893176250136572e-07,0.9999994106823751,5.893176250136572e-07,8.420221388737525e-09,0.9999999915797787,8.420221388737525e-09,2.6252745264872536e-11,0.9999999999737472,2.6252745264872536e-11,1.2039247805840398e-13,0.9999999999998797,1.2039247805840398e-13
belief,cabinet,44,1,True,83,38,53,58,5,8,9,48.0,0.41117801266885246,6.79752053725481,0.15608867932997303,0.327648957762388,0.5470597303165303,0.7484363030788692,0.24688910618249346,0.0,artifacts/goal_bowl_destination_steering_formal_original_phase/goal_bowl_destination_belief_cabinet_init44_repeat1_success.json,0.0029368728348143232,0.9970631271651857,0.0029368728348143232,0.00016898586907308598,0.999831014130927,0.00016898586907308598,0.00010664401776811917,0.999893355982232,0.00010664401776811917,1.195768415223616e-05,0.9999880423158477,1.195768415223616e-05,1.195768415223616e-05,0.9999880423158477,1.195768415223616e-05,1.584300100670964e-06,0.9999984156998993,1.584300100670964e-06,5.655434859681968e-08,0.9999999434456514,5.655434859681968e-08,1.0679046462554026e-09,0.9999999989320953,1.0679046462554026e-09,1.584300100670964e-06,0.9999984156998993,1.584300100670964e-06,5.655434859681968e-08,0.9999999434456514,5.655434859681968e-08,1.0679046462554026e-09,0.9999999989320953,1.0679046462554026e-09,2.441491111782914e-13,0.9999999999997558,2.441491111782914e-13
belief,cabinet,45,0,True,83,39,53,57,5,8,9,47.0,0.4110341074419121,7.277283259996045,0.1476159578696473,0.3525623928434301,0.6008280791310006,0.8033977756025028,0.25807418856058384,0.0,artifacts/goal_bowl_destination_steering_formal_original_phase/goal_bowl_destination_belief_cabinet_init45_repeat0_success.json,0.0008903489103907994,0.9991096510896091,0.0008903489103907994,0.0003302712892242385,0.9996697287107758,0.0003302712892242385,0.0001385546753523085,0.9998614453246476,0.0001385546753523085,3.568436655095903e-05,0.9999643156334491,3.568436655095903e-05,3.568436655095903e-05,0.9999643156334491,3.568436655095903e-05,2.129632450228301e-06,0.9999978703675497,2.129632450228301e-06,3.0058439038569084e-08,0.9999999699415609,3.0058439038569084e-08,1.3854700588175856e-10,0.999999999861453,1.3854700588175856e-10,2.129632450228301e-06,0.9999978703675497,2.129632450228301e-06,3.0058439038569084e-08,0.9999999699415609,3.0058439038569084e-08,1.3854700588175856e-10,0.999999999861453,1.3854700588175856e-10,9.187581905934184e-15,0.9999999999999909,9.187581905934184e-15
belief,cabinet,45,1,True,78,39,49,58,5,7,9,48.0,0.41763392638209496,7.416335772647588,0.15765206206607768,0.37963574962113505,0.6362735730742094,0.8686335425065657,0.27674986120696776,0.0,artifacts/goal_bowl_destination_steering_formal_original_phase/goal_bowl_destination_belief_cabinet_init45_repeat1_success.json,0.0013023621617699124,0.9986976378382301,0.0013023621617699124,0.003422966922014352,0.9965770330779856,0.003422966922014352,0.0024459096635115786,0.9975540903364883,0.0024459096635115786,0.00011731667575936348,0.9998826833242407,0.00011731667575936348,0.0024459096635115786,0.9975540903364883,0.0024459096635115786,0.00011731667575936348,0.9998826833242407,0.00011731667575936348,2.04115811168494e-06,0.9999979588418882,2.04115811168494e-06,1.9575049226011432e-07,0.9999998042495076,1.9575049226011432e-07,2.04115811168494e-06,0.9999979588418882,2.04115811168494e-06,1.9575049226011432e-07,0.9999998042495076,1.9575049226011432e-07,3.667829419409372e-10,0.999999999633217,3.667829419409372e-10,1.9250743160784564e-15,0.999999999999998,1.9250743160784564e-15
belief,cabinet,46,0,True,85,38,49,57,5,7,9,47.0,0.4174661526044234,6.8470902803770315,0.17761400069468705,0.3977798792269555,0.6671734881267308,0.9102040696075758,0.29533332171157634,0.0,artifacts/goal_bowl_destination_steering_formal_original_phase/goal_bowl_destination_belief_cabinet_init46_repeat0_success.json,0.021507365862770488,0.9784926341372295,0.021507365862770488,0.005127733633365056,0.994872266366635,0.005127733633365056,0.0020261293744824405,0.9979738706255176,0.0020261293744824405,0.0009224782451045275,0.9990775217548955,0.0009224782451045275,0.0020261293744824405,0.9979738706255176,0.0020261293744824405,0.0009224782451045275,0.9990775217548955,0.0009224782451045275,0.0002689714801830705,0.999731028519817,0.0002689714801830705,2.124203250155325e-06,0.9999978757967499,2.124203250155325e-06,0.0002689714801830705,0.999731028519817,0.0002689714801830705,2.124203250155325e-06,0.9999978757967499,2.124203250155325e-06,3.560110353653991e-09,0.9999999964398896,3.560110353653991e-09,2.047429547131856e-15,0.999999999999998,2.047429547131856e-15
belief,cabinet,46,1,True,82,38,49,56,5,7,9,46.0,0.4152602373330477,6.962696538952041,0.20965331180711685,0.456791961802538,0.720519134458988,0.9445473769921727,0.33246084651564917,0.0,artifacts/goal_bowl_destination_steering_formal_original_phase/goal_bowl_destination_belief_cabinet_init46_repeat1_success.json,0.052853796840221755,0.9471462031597783,0.052853796840221755,0.0070561698259042705,0.9929438301740957,0.0070561698259042705,0.0016550786150790141,0.998344921384921,0.0016550786150790141,0.0007790647570107771,0.9992209352429893,0.0007790647570107771,0.0016550786150790141,0.998344921384921,0.0016550786150790141,0.0007790647570107771,0.9992209352429893,0.0007790647570107771,0.00014828848190635526,0.9998517115180936,0.00014828848190635526,3.341206914102691e-06,0.999996658793086,3.341206914102691e-06,0.00014828848190635526,0.9998517115180936,0.00014828848190635526,3.341206914102691e-06,0.999996658793086,3.341206914102691e-06,5.860102681022715e-10,0.9999999994139896,5.860102681022715e-10,4.665606354140884e-15,0.9999999999999953,4.665606354140884e-15
belief,cabinet,47,0,True,85,43,54,62,6,8,10,52.0,0.4359777830837665,6.9221537718187,0.15462627934668402,0.3707343125517761,0.6140213369475677,0.8239930337343516,0.26856825641912785,0.0,artifacts/goal_bowl_destination_steering_formal_original_phase/goal_bowl_destination_belief_cabinet_init47_repeat0_success.json,0.0002816854960302283,0.9997183145039696,0.0002816854960302283,4.610055005963821e-05,0.9999538994499404,4.610055005963821e-05,7.462428681847362e-06,0.9999925375713182,7.462428681847362e-06,5.182743450688145e-06,0.9999948172565494,5.182743450688145e-06,7.462428681847362e-06,0.9999925375713182,7.462428681847362e-06,5.182743450688145e-06,0.9999948172565494,5.182743450688145e-06,8.48979493067313e-07,0.9999991510205068,8.48979493067313e-07,7.769587128033515e-09,0.9999999922304129,7.769587128033515e-09,8.48979493067313e-07,0.9999991510205068,8.48979493067313e-07,7.769587128033515e-09,0.9999999922304129,7.769587128033515e-09,3.328500514870318e-11,0.9999999999667151,3.328500514870318e-11,6.608910695851931e-16,0.9999999999999993,6.608910695851931e-16
belief,cabinet,47,1,True,88,43,54,61,6,8,10,51.0,0.4355045654514819,6.854919737855255,0.1382236673711221,0.3377873678056583,0.5606603739627782,0.7773540659960753,0.24448035203274876,0.0,artifacts/goal_bowl_destination_steering_formal_original_phase/goal_bowl_destination_belief_cabinet_init47_repeat1_success.json,1.8072486200972182e-05,0.999981927513799,1.8072486200972182e-05,1.329582923163391e-06,0.9999986704170768,1.329582923163391e-06,1.9241232963684005e-07,0.9999998075876703,1.9241232963684005e-07,1.12738194899486e-07,0.999999887261805,1.12738194899486e-07,1.9241232963684005e-07,0.9999998075876703,1.9241232963684005e-07,1.12738194899486e-07,0.999999887261805,1.12738194899486e-07,8.088440450946685e-09,0.9999999919115595,8.088440450946685e-09,6.102820603444335e-11,0.9999999999389717,6.102820603444335e-11,8.088440450946685e-09,0.9999999919115595,8.088440450946685e-09,6.102820603444335e-11,0.9999999999389717,6.102820603444335e-11,5.576226898337306e-13,0.9999999999994424,5.576226898337306e-13,2.3406681404134187e-16,0.9999999999999998,2.3406681404134187e-16
belief,cabinet,48,0,False,300,43,,66,6,,11,56.0,0.4167162895418184,6.675285514934483,0.1932042482594453,0.4228831551030069,0.6598116382152758,0.8422742201646861,0.30490550028735736,0.0,artifacts/goal_bowl_destination_steering_formal_original_phase/goal_bowl_destination_belief_cabinet_init48_repeat0_failure.json,0.0833867754634322,0.9166132245365677,0.0833867754634322,0.012969874588967773,0.9870301254110322,0.012969874588967773,0.011150119214329098,0.9888498807856708,0.011150119214329098,0.008820071501791139,0.9911799284982089,0.008820071501791139,nan,nan,nan,nan,nan,nan,nan,nan,nan,nan,nan,nan,0.0005702171417615914,0.9994297828582385,0.0005702171417615914,4.099581358049194e-06,0.999995900418642,4.099581358049194e-06,1.0751822440019858e-13,0.9999999999998925,1.0751822440019858e-13,1.0512717688230288e-20,1.0,1.0512717688230288e-20
belief,cabinet,48,1,True,114,42,81,91,6,14,16,81.0,0.5069682152357351,17.16791977413411,0.19335739145704997,0.4247700854532386,0.696870710897377,0.9212068521105349,0.3134143004165827,0.0,artifacts/goal_bowl_destination_steering_formal_original_phase/goal_bowl_destination_belief_cabinet_init48_repeat1_success.json,0.059207968998879,0.9407920310011211,0.059207968998879,0.0018004176787592737,0.9981995823212407,0.0018004176787592737,0.0015738725182193798,0.9984261274817807,0.0015738725182193798,0.00312752525445447,0.9968724747455453,0.00312752525445447,3.1203072945192465e-07,0.9999996879692706,3.1203072945192465e-07,2.634140987313135e-07,0.9999997365859014,2.634140987313135e-07,1.0857337912133341e-07,0.9999998914266208,1.0857337912133341e-07,1.1849318398897584e-09,0.9999999988150681,1.1849318398897584e-09,1.0857337912133341e-07,0.9999998914266208,1.0857337912133341e-07,1.1849318398897584e-09,0.9999999988150681,1.1849318398897584e-09,7.195483484056444e-14,0.9999999999999281,7.195483484056444e-14,6.0772676236406e-21,1.0,6.0772676236406e-21
belief,cabinet,49,0,False,300,42,60,61,6,10,10,51.0,0.4649491904623007,7.655887084665019,0.13604137651922837,0.2889827173707585,0.479031336479446,0.6808396986262792,0.21683186557344983,0.0,artifacts/goal_bowl_destination_steering_formal_original_phase/goal_bowl_destination_belief_cabinet_init49_repeat0_failure.json,0.0011997780822216198,0.9988002219177784,0.0011997780822216198,7.906300108838208e-05,0.9999209369989116,7.906300108838208e-05,1.0215735170843385e-05,0.9999897842648291,1.0215735170843385e-05,2.4452524292308307e-06,0.9999975547475708,2.4452524292308307e-06,8.542489139359788e-07,0.9999991457510861,8.542489139359788e-07,1.4689426148359577e-07,0.9999998531057386,1.4689426148359577e-07,4.0478273080159985e-09,0.9999999959521726,4.0478273080159985e-09,7.090765178684935e-14,0.9999999999999292,7.090765178684935e-14,8.542489139359788e-07,0.9999991457510861,8.542489139359788e-07,1.4689426148359577e-07,0.9999998531057386,1.4689426148359577e-07,4.0478273080159985e-09,0.9999999959521726,4.0478273080159985e-09,7.090765178684935e-14,0.9999999999999292,7.090765178684935e-14
belief,cabinet,49,1,True,90,41,63,60,6,10,10,50.0,0.4475875746896083,7.529214405634984,0.13457134782140015,0.2834902641331228,0.4688944692143772,0.6713846048936868,0.21295200114521579,0.0,artifacts/goal_bowl_destination_steering_formal_original_phase/goal_bowl_destination_belief_cabinet_init49_repeat1_success.json,0.00019251930517627335,0.9998074806948238,0.00019251930517627335,1.3625319552637316e-05,0.9999863746804473,1.3625319552637316e-05,9.836240016624458e-07,0.9999990163759983,9.836240016624458e-07,4.934034427219124e-07,0.9999995065965573,4.934034427219124e-07,2.05199339183929e-07,0.9999997948006608,2.05199339183929e-07,3.628409004827712e-08,0.99999996371591,3.628409004827712e-08,4.433307842326815e-10,0.9999999995566693,4.433307842326815e-10,4.132523753372152e-14,0.9999999999999587,4.132523753372152e-14,2.05199339183929e-07,0.9999997948006608,2.05199339183929e-07,3.628409004827712e-08,0.99999996371591,3.628409004827712e-08,4.433307842326815e-10,0.9999999995566693,4.433307842326815e-10,4.132523753372152e-14,0.9999999999999587,4.132523753372152e-14
belief,cabinet,4,0,True,79,36,49,56,5,7,9,46.0,0.4055130128072526,6.714653716148503,0.15892816441579952,0.36681698775780325,0.6320088789436397,0.8634516158291429,0.27331227392751856,0.0,artifacts/goal_bowl_destination_steering_formal_original_phase/goal_bowl_destination_belief_cabinet_init4_repeat0_success.json,0.010168447200529243,0.9898315527994709,0.010168447200529243,0.001900582986120374,0.9980994170138796,0.001900582986120374,0.0003483185423137924,0.9996516814576862,0.0003483185423137924,0.0001534244501768568,0.999846575549823,0.0001534244501768568,0.0003483185423137924,0.9996516814576862,0.0003483185423137924,0.0001534244501768568,0.999846575549823,0.0001534244501768568,3.0418241666598116e-06,0.9999969581758333,3.0418241666598116e-06,4.997020592575602e-09,0.9999999950029794,4.997020592575602e-09,3.0418241666598116e-06,0.9999969581758333,3.0418241666598116e-06,4.997020592575602e-09,0.9999999950029794,4.997020592575602e-09,6.186231860605539e-13,0.9999999999993814,6.186231860605539e-13,1.7852445121602042e-23,1.0,1.7852445121602042e-23
belief,cabinet,4,1,True,76,36,51,57,5,8,9,47.0,0.40525048309899564,6.59484610598994,0.17222159368930476,0.38457327415894593,0.6449354048964977,0.855436004693586,0.2849847376175699,0.0,artifacts/goal_bowl_destination_steering_formal_original_phase/goal_bowl_destination_belief_cabinet_init4_repeat1_success.json,0.013664471042629923,0.9863355289573701,0.013664471042629923,0.005769244350264098,0.994230755649736,0.005769244350264098,0.0026695128323638417,0.9973304871676362,0.0026695128323638417,0.0006704794786374307,0.9993295205213626,0.0006704794786374307,0.0006704794786374307,0.9993295205213626,0.0006704794786374307,1.4824279298503383e-06,0.99999851757207,1.4824279298503383e-06,2.1596135853254793e-09,0.9999999978403864,2.1596135853254793e-09,1.9312006442731847e-12,0.9999999999980689,1.9312006442731847e-12,1.4824279298503383e-06,0.99999851757207,1.4824279298503383e-06,2.1596135853254793e-09,0.9999999978403864,2.1596135853254793e-09,1.9312006442731847e-12,0.9999999999980689,1.9312006442731847e-12,8.34679146720659e-17,1.0,8.34679146720659e-17
belief,cabinet,5,0,True,110,36,46,87,5,7,15,77.0,0.6429305569974572,16.263243928909656,0.19784972923472147,0.45709539973114127,0.7310235605678465,0.9464179688766731,0.3286818811077361,0.0,artifacts/goal_bowl_destination_steering_formal_original_phase/goal_bowl_destination_belief_cabinet_init5_repeat0_success.json,0.026101547781935217,0.9738984522180648,0.026101547781935217,0.0037329245607470164,0.9962670754392531,0.0037329245607470164,0.001315066222186076,0.998684933777814,0.001315066222186076,0.00018316023486004285,0.99981683976514,0.00018316023486004285,0.001315066222186076,0.998684933777814,0.001315066222186076,0.00018316023486004285,0.99981683976514,0.00018316023486004285,8.546509288686295e-07,0.9999991453490712,8.546509288686295e-07,7.684675225456749e-07,0.9999992315324775,7.684675225456749e-07,4.0358851530033924e-08,0.9999999596411485,4.0358851530033924e-08,2.1463727136391825e-09,0.9999999978536274,2.1463727136391825e-09,4.130364774693278e-12,0.9999999999958695,4.130364774693278e-12,5.646939869775496e-17,1.0,5.646939869775496e-17
belief,cabinet,5,1,True,77,35,48,54,5,7,8,44.0,0.41212003801543556,6.8800109868121355,0.1952161805746203,0.4563028759487213,0.720807867358146,0.916692715607696,0.32442924394167844,0.0,artifacts/goal_bowl_destination_steering_formal_original_phase/goal_bowl_destination_belief_cabinet_init5_repeat1_success.json,0.06428488184822811,0.9357151181517719,0.06428488184822811,0.0226787738071453,0.9773212261928547,0.0226787738071453,0.0057169428370788394,0.9942830571629212,0.0057169428370788394,0.001615281750344241,0.9983847182496557,0.001615281750344241,0.0057169428370788394,0.9942830571629212,0.0057169428370788394,0.001615281750344241,0.9983847182496557,0.001615281750344241,7.465576063238495e-05,0.9999253442393676,7.465576063238495e-05,6.37915116494291e-07,0.9999993620848834,6.37915116494291e-07,0.001615281750344241,0.9983847182496557,0.001615281750344241,7.465576063238495e-05,0.9999253442393676,7.465576063238495e-05,6.37915116494291e-07,0.9999993620848834,6.37915116494291e-07,6.346855625845291e-13,0.9999999999993654,6.346855625845291e-13
belief,cabinet,6,0,True,80,40,52,58,6,8,9,48.0,0.42835772252640564,7.4840220870607155,0.18722641509636426,0.4232556260261152,0.6874572379955965,0.9164870687119667,0.30890172978512576,0.0,artifacts/goal_bowl_destination_steering_formal_original_phase/goal_bowl_destination_belief_cabinet_init6_repeat0_success.json,0.06239680960476439,0.9376031903952355,0.06239680960476439,0.020378495581445968,0.979621504418554,0.020378495581445968,0.01818454294790656,0.9818154570520934,0.01818454294790656,0.006155782799564336,0.9938442172004357,0.006155782799564336,0.01818454294790656,0.9818154570520934,0.01818454294790656,0.006155782799564336,0.9938442172004357,0.006155782799564336,0.00013247146165949942,0.9998675285383406,0.00013247146165949942,2.6888910528226362e-06,0.9999973111089472,2.6888910528226362e-06,0.006155782799564336,0.9938442172004357,0.006155782799564336,0.00013247146165949942,0.9998675285383406,0.00013247146165949942,2.6888910528226362e-06,0.9999973111089472,2.6888910528226362e-06,9.754693303288368e-12,0.9999999999902454,9.754693303288368e-12
belief,cabinet,6,1,True,81,39,50,58,5,8,9,48.0,0.4292656924115411,7.008451453683124,0.18021580597808037,0.4115558409935075,0.6700358775212711,0.9017275504622869,0.30073432097306596,0.0,artifacts/goal_bowl_destination_steering_formal_original_phase/goal_bowl_destination_belief_cabinet_init6_repeat1_success.json,0.13577983427675794,0.864220165723242,0.13577983427675794,0.010897655828323017,0.989102344171677,0.010897655828323017,0.006130196838971922,0.9938698031610281,0.006130196838971922,0.005260628216997009,0.994739371783003,0.005260628216997009,0.005260628216997009,0.994739371783003,0.005260628216997009,0.0023434686987463624,0.9976565313012536,0.0023434686987463624,0.00017550817414611577,0.9998244918258539,0.00017550817414611577,2.9918534559023153e-07,0.9999997008146544,2.9918534559023153e-07,0.0023434686987463624,0.9976565313012536,0.0023434686987463624,0.00017550817414611577,0.9998244918258539,0.00017550817414611577,2.9918534559023153e-07,0.9999997008146544,2.9918534559023153e-07,4.43354221424063e-11,0.9999999999556646,4.43354221424063e-11
belief,cabinet,7,0,True,90,38,66,57,5,11,9,47.0,0.4302296239518348,7.6613649309859255,0.1620680501030767,0.34242226181235086,0.5631695046149338,0.792931479980654,0.2561843683841166,0.0,artifacts/goal_bowl_destination_steering_formal_original_phase/goal_bowl_destination_belief_cabinet_init7_repeat0_success.json,0.013261941576689081,0.9867380584233109,0.013261941576689081,0.0031882292601899975,0.9968117707398101,0.0031882292601899975,0.002127741776348317,0.9978722582236517,0.002127741776348317,0.0011896859366401034,0.99881031406336,0.0011896859366401034,1.7209214118881978e-07,0.9999998279078589,1.7209214118881978e-07,4.9113548177100796e-11,0.9999999999508864,4.9113548177100796e-11,1.881375835392956e-17,1.0,1.881375835392956e-17,2.1860321995397478e-24,1.0,2.1860321995397478e-24,0.0007630324500496904,0.9992369675499502,0.0007630324500496904,4.5537531028499074e-05,0.9999544624689716,4.5537531028499074e-05,1.7209214118881978e-07,0.9999998279078589,1.7209214118881978e-07,4.9113548177100796e-11,0.9999999999508864,4.9113548177100796e-11
belief,cabinet,7,1,True,81,38,53,58,5,8,9,48.0,0.4238205776742056,7.043365010846457,0.1580220267533117,0.3477814451717153,0.6129572505034085,0.864903267742503,0.2651156923019486,0.0,artifacts/goal_bowl_destination_steering_formal_original_phase/goal_bowl_destination_belief_cabinet_init7_repeat1_success.json,0.03925279125461379,0.9607472087453861,0.03925279125461379,0.0011753402288187406,0.9988246597711813,0.0011753402288187406,0.0008367098512688054,0.9991632901487312,0.0008367098512688054,0.0005716536596966793,0.9994283463403033,0.0005716536596966793,0.0005716536596966793,0.9994283463403033,0.0005716536596966793,0.00015681053120066384,0.9998431894687992,0.00015681053120066384,1.8440584401399094e-06,0.9999981559415597,1.8440584401399094e-06,3.6864694457238276e-09,0.9999999963135306,3.6864694457238276e-09,0.00015681053120066384,0.9998431894687992,0.00015681053120066384,1.8440584401399094e-06,0.9999981559415597,1.8440584401399094e-06,3.6864694457238276e-09,0.9999999963135306,3.6864694457238276e-09,4.3836453205541355e-15,0.9999999999999956,4.3836453205541355e-15
belief,cabinet,8,0,True,81,38,50,59,5,8,9,49.0,0.4306711422077815,6.788819365460295,0.1559260723408389,0.36821841026759816,0.6195855791926902,0.8315777510049355,0.269806542089952,0.0,artifacts/goal_bowl_destination_steering_formal_original_phase/goal_bowl_destination_belief_cabinet_init8_repeat0_success.json,0.002098965469374357,0.9979010345306255,0.002098965469374357,0.0005979682118815973,0.9994020317881185,0.0005979682118815973,0.0005112366748218605,0.9994887633251781,0.0005112366748218605,0.00045935424863708383,0.999540645751363,0.00045935424863708383,0.00045935424863708383,0.999540645751363,0.00045935424863708383,1.085417127181559e-05,0.9999891458287281,1.085417127181559e-05,1.1375162881444843e-08,0.9999999886248371,1.1375162881444843e-08,2.5227673184026707e-11,0.9999999999747724,2.5227673184026707e-11,1.085417127181559e-05,0.9999891458287281,1.085417127181559e-05,1.1375162881444843e-08,0.9999999886248371,1.1375162881444843e-08,2.5227673184026707e-11,0.9999999999747724,2.5227673184026707e-11,3.7681134779041565e-15,0.9999999999999962,3.7681134779041565e-15
belief,cabinet,8,1,True,79,37,49,58,5,7,9,48.0,0.4156158099654841,6.751896320578924,0.15132839049176106,0.3516668095507453,0.6039533376704156,0.8218566227897283,0.2612589338620239,0.0,artifacts/goal_bowl_destination_steering_formal_original_phase/goal_bowl_destination_belief_cabinet_init8_repeat1_success.json,0.001630995827714944,0.998369004172285,0.001630995827714944,0.0003511842071037877,0.9996488157928962,0.0003511842071037877,0.0002575881659816609,0.9997424118340182,0.0002575881659816609,0.00016249231801719318,0.9998375076819829,0.00016249231801719318,0.0002575881659816609,0.9997424118340182,0.0002575881659816609,0.00016249231801719318,0.9998375076819829,0.00016249231801719318,2.1270817380759915e-06,0.999997872918262,2.1270817380759915e-06,6.21876399909569e-09,0.999999993781236,6.21876399909569e-09,2.1270817380759915e-06,0.999997872918262,2.1270817380759915e-06,6.21876399909569e-09,0.999999993781236,6.21876399909569e-09,1.9316068713818753e-11,0.9999999999806839,1.9316068713818753e-11,2.2601517328263955e-15,0.9999999999999978,2.2601517328263955e-15
belief,cabinet,9,0,True,89,40,,58,6,,9,48.0,0.41076710652202364,6.980981209933839,0.16438530042018917,0.3702766165643533,0.6245380506633201,0.8637436441760062,0.27479500710831806,0.0,artifacts/goal_bowl_destination_steering_formal_original_phase/goal_bowl_destination_belief_cabinet_init9_repeat0_success.json,0.016871065032234143,0.9831289349677659,0.016871065032234143,0.004184603771846604,0.9958153962281533,0.004184603771846604,0.0009193434247741242,0.9990806565752258,0.0009193434247741242,0.0006870948789408195,0.9993129051210591,0.0006870948789408195,nan,nan,nan,nan,nan,nan,nan,nan,nan,nan,nan,nan,0.0006870948789408195,0.9993129051210591,0.0006870948789408195,5.631313949669778e-05,0.9999436868605034,5.631313949669778e-05,2.997336037931905e-07,0.9999997002663962,2.997336037931905e-07,2.2582575966933878e-10,0.9999999997741742,2.2582575966933878e-10
belief,cabinet,9,1,True,83,40,52,59,6,8,9,49.0,0.4274788569120556,7.08998560529627,0.19446142834323318,0.4209294470960314,0.6799397693311586,0.9096160575605944,0.31031270268590255,0.0,artifacts/goal_bowl_destination_steering_formal_original_phase/goal_bowl_destination_belief_cabinet_init9_repeat1_success.json,0.01019076451106437,0.9898092354889356,0.01019076451106437,0.0004926811070541462,0.9995073188929459,0.0004926811070541462,1.1546735646793594e-05,0.9999884532643533,1.1546735646793594e-05,8.824097169631291e-06,0.9999911759028303,8.824097169631291e-06,1.1546735646793594e-05,0.9999884532643533,1.1546735646793594e-05,8.824097169631291e-06,0.9999911759028303,8.824097169631291e-06,3.854417731610763e-07,0.9999996145582268,3.854417731610763e-07,5.368559055752871e-10,0.9999999994631441,5.368559055752871e-10,8.824097169631291e-06,0.9999911759028303,8.824097169631291e-06,3.854417731610763e-07,0.9999996145582268,3.854417731610763e-07,5.368559055752871e-10,0.9999999994631441,5.368559055752871e-10,1.1080846003365234e-13,0.9999999999998892,1.1080846003365234e-13
belief,plate,0,0,True,77,44,55,64,6,9,10,54.0,0.4558732350504836,8.24709735303055,-0.09993389734355199,-0.08616805375649919,0.1116592989549822,0.34259145644443967,-0.04172853651827088,0.8,artifacts/goal_bowl_destination_steering_formal_original_phase/goal_bowl_destination_belief_plate_init0_repeat0_success.json,0.002420150212180367,0.9975798497878196,0.002420150212180367,4.2541660260394554e-05,0.9999574583397396,4.2541660260394554e-05,2.7328824734602822e-05,0.9999726711752653,2.7328824734602822e-05,2.3206143094647213e-05,0.9999767938569054,2.3206143094647213e-05,2.3206143094647213e-05,0.9999767938569054,2.3206143094647213e-05,1.0581914443224976e-05,0.9999894180855567,1.0581914443224976e-05,4.303896929173051e-08,0.9999999569610308,4.303896929173051e-08,3.891948288107908e-11,0.9999999999610805,3.891948288107908e-11,1.0581914443224976e-05,0.9999894180855567,1.0581914443224976e-05,4.303896929173051e-08,0.9999999569610308,4.303896929173051e-08,3.891948288107908e-11,0.9999999999610805,3.891948288107908e-11,1.3022278053955663e-17,1.0,1.3022278053955663e-17
belief,plate,0,1,True,75,43,54,63,6,8,10,53.0,0.4458321185000944,8.277314891709201,-0.09458801050621904,-0.06369871903225495,0.1341269656961374,0.3604477021575603,-0.02757503101292129,0.8,artifacts/goal_bowl_destination_steering_formal_original_phase/goal_bowl_destination_belief_plate_init0_repeat1_success.json,0.007685377721079573,0.9923146222789204,0.007685377721079573,0.0007589685836739652,0.9992410314163261,0.0007589685836739652,0.00019754092330581669,0.9998024590766943,0.00019754092330581669,0.00010263440045727875,0.9998973655995427,0.00010263440045727875,0.00019754092330581669,0.9998024590766943,0.00019754092330581669,0.00010263440045727875,0.9998973655995427,0.00010263440045727875,3.077325465435964e-05,0.9999692267453456,3.077325465435964e-05,1.6956374512974637e-06,0.9999983043625486,1.6956374512974637e-06,3.077325465435964e-05,0.9999692267453456,3.077325465435964e-05,1.6956374512974637e-06,0.9999983043625486,1.6956374512974637e-06,1.3508203451060204e-09,0.9999999986491797,1.3508203451060204e-09,2.2940903680958015e-16,0.9999999999999998,2.2940903680958015e-16
belief,plate,10,0,True,74,45,68,64,7,11,10,54.0,0.48898764179659043,8.22346020425149,-0.07468283982397672,-0.037630055784846066,0.14824731361388696,0.3487497513220148,-0.012538351200614518,0.7333333333333333,artifacts/goal_bowl_destination_steering_formal_original_phase/goal_bowl_destination_belief_plate_init10_repeat0_success.json,0.006781088924051381,0.9932189110759487,0.006781088924051381,0.0030939172420983638,0.9969060827579016,0.0030939172420983638,0.0022476740760116335,0.9977523259239884,0.0022476740760116335,0.0006409745112289891,0.9993590254887711,0.0006409745112289891,1.6612450048289366e-05,0.9999833875499518,1.6612450048289366e-05,8.612652152138454e-08,0.9999999138734784,8.612652152138454e-08,1.1056792381842673e-12,0.9999999999988942,1.1056792381842673e-12,8.9981581019066e-13,0.9999999999991003,8.9981581019066e-13,0.0006409745112289891,0.9993590254887711,0.0006409745112289891,1.6612450048289366e-05,0.9999833875499518,1.6612450048289366e-05,8.612652152138454e-08,0.9999999138734784,8.612652152138454e-08,1.1056792381842673e-12,0.9999999999988942,1.1056792381842673e-12
belief,plate,10,1,True,76,45,62,64,7,10,10,54.0,0.4864186527321477,8.023669475212067,-0.09401024051314348,-0.07006198997808759,0.10496928412923967,0.3092536196392972,-0.036044844166951785,0.8,artifacts/goal_bowl_destination_steering_formal_original_phase/goal_bowl_destination_belief_plate_init10_repeat1_success.json,0.0018157974533465032,0.9981842025466535,0.0018157974533465032,0.000768521446408439,0.9992314785535915,0.000768521446408439,0.000451045694552678,0.9995489543054473,0.000451045694552678,0.00019530883113614097,0.9998046911688637,0.00019530883113614097,0.00019530883113614097,0.9998046911688637,0.00019530883113614097,1.7214858487067623e-05,0.9999827851415131,1.7214858487067623e-05,5.196916380671502e-08,0.9999999480308361,5.196916380671502e-08,9.848561324714597e-13,0.9999999999990152,9.848561324714597e-13,0.00019530883113614097,0.9998046911688637,0.00019530883113614097,1.7214858487067623e-05,0.9999827851415131,1.7214858487067623e-05,5.196916380671502e-08,0.9999999480308361,5.196916380671502e-08,9.848561324714597e-13,0.9999999999990152,9.848561324714597e-13
belief,plate,11,0,True,80,45,,65,7,,11,55.0,0.47209272253019274,8.339825607964368,-0.09758830513157105,-0.08396015785597916,0.06226581014920267,0.2511469723644335,-0.04927957459711559,0.8666666666666667,artifacts/goal_bowl_destination_steering_formal_original_phase/goal_bowl_destination_belief_plate_init11_repeat0_success.json,0.0008852279799993033,0.9991147720200008,0.0008852279799993033,0.00033549002723559743,0.9996645099727643,0.00033549002723559743,0.00018294644372264835,0.9998170535562774,0.00018294644372264835,0.00010654682937005289,0.9998934531706299,0.00010654682937005289,nan,nan,nan,nan,nan,nan,nan,nan,nan,nan,nan,nan,7.572350855321839e-06,0.9999924276491446,7.572350855321839e-06,4.338488735795335e-07,0.9999995661511264,4.338488735795335e-07,1.3575770843729505e-11,0.9999999999864242,1.3575770843729505e-11,8.286506262362991e-14,0.9999999999999172,8.286506262362991e-14
belief,plate,11,1,True,79,44,56,64,6,9,10,54.0,0.4856381153960082,7.869669600967751,-0.07070562679696588,-0.03858464148713415,0.11634974252588846,0.2693527922706677,-0.016929205409328556,0.7333333333333333,artifacts/goal_bowl_destination_steering_formal_original_phase/goal_bowl_destination_belief_plate_init11_repeat1_success.json,0.01018650452598444,0.9898134954740154,0.01018650452598444,0.0076111955378132526,0.9923888044621867,0.0076111955378132526,0.0033138632768950895,0.9966861367231049,0.0033138632768950895,0.0017906062396490369,0.9982093937603511,0.0017906062396490369,0.0017906062396490369,0.9982093937603511,0.0017906062396490369,0.0007359150837987016,0.9992640849162013,0.0007359150837987016,5.5693498606754726e-06,0.9999944306501394,5.5693498606754726e-06,2.129873443435715e-08,0.9999999787012654,2.129873443435715e-08,0.0007359150837987016,0.9992640849162013,0.0007359150837987016,5.5693498606754726e-06,0.9999944306501394,5.5693498606754726e-06,2.129873443435715e-08,0.9999999787012654,2.129873443435715e-08,8.111822711334897e-12,0.9999999999918883,8.111822711334897e-12
belief,plate,12,0,True,78,46,67,68,7,11,11,58.0,0.4738526022519827,8.14754241260783,-0.05856482107421644,0.007772609098325865,0.20494630157297355,0.4181877170200931,0.01633859421425809,0.6,artifacts/goal_bowl_destination_steering_formal_original_phase/goal_bowl_destination_belief_plate_init12_repeat0_success.json,0.004933615240596647,0.9950663847594035,0.004933615240596647,0.0006285928158636599,0.9993714071841363,0.0006285928158636599,5.626997724609193e-05,0.9999437300227539,5.626997724609193e-05,1.9116006246284504e-05,0.9999808839937537,1.9116006246284504e-05,5.55773567545877e-07,0.9999994442264324,5.55773567545877e-07,7.431640038670812e-09,0.9999999925683598,7.431640038670812e-09,1.1272714778328224e-11,0.9999999999887272,1.1272714778328224e-11,1.944827383199308e-17,1.0,1.944827383199308e-17,5.55773567545877e-07,0.9999994442264324,5.55773567545877e-07,7.431640038670812e-09,0.9999999925683598,7.431640038670812e-09,1.1272714778328224e-11,0.9999999999887272,1.1272714778328224e-11,1.944827383199308e-17,1.0,1.944827383199308e-17
belief,plate,12,1,True,76,46,64,67,7,10,11,57.0,0.4698240678314072,8.20130673262495,-0.05419256317513088,0.024883668240277865,0.23757188848489472,0.41973227580840766,0.027686021420072288,0.6,artifacts/goal_bowl_destination_steering_formal_original_phase/goal_bowl_destination_belief_plate_init12_repeat1_success.json,0.005074482721916271,0.9949255172780838,0.005074482721916271,0.002193957487382191,0.9978060425126177,0.002193957487382191,0.00019084597801215342,0.9998091540219878,0.00019084597801215342,6.799512350525624e-05,0.9999320048764948,6.799512350525624e-05,6.799512350525624e-05,0.9999320048764948,6.799512350525624e-05,4.756450667201638e-07,0.9999995243549333,4.756450667201638e-07,9.019448792084904e-10,0.999999999098055,9.019448792084904e-10,1.6585626158008234e-14,0.9999999999999833,1.6585626158008234e-14,4.756450667201638e-07,0.9999995243549333,4.756450667201638e-07,9.019448792084904e-10,0.999999999098055,9.019448792084904e-10,1.6585626158008234e-14,0.9999999999999833,1.6585626158008234e-14,3.061501749929189e-19,1.0,3.061501749929189e-19
belief,plate,13,0,True,90,52,,73,8,,12,63.0,0.4891771901902992,7.623539414567598,-0.06179891032892185,-0.05278192299565429,0.040103167962262994,0.20677102425878266,-0.03028965801675814,0.8666666666666667,artifacts/goal_bowl_destination_steering_formal_original_phase/goal_bowl_destination_belief_plate_init13_repeat0_success.json,2.717165643479111e-05,0.9999728283435652,2.717165643479111e-05,1.934136216849336e-05,0.9999806586378316,1.934136216849336e-05,6.396236115808063e-06,0.9999936037638842,6.396236115808063e-06,8.58865864040741e-07,0.999999141134136,8.58865864040741e-07,nan,nan,nan,nan,nan,nan,nan,nan,nan,nan,nan,nan,8.801552764869358e-09,0.9999999911984473,8.801552764869358e-09,7.512614156674614e-11,0.9999999999248739,7.512614156674614e-11,1.20756594177285e-13,0.9999999999998792,1.20756594177285e-13,2.360884716405623e-18,1.0,2.360884716405623e-18
belief,plate,13,1,True,87,52,81,71,8,14,12,61.0,0.4951997241657914,7.632444473589233,-0.07161211543712731,-0.06108324836088064,0.040464947444124585,0.20805935892779434,-0.03656063795185363,0.8666666666666667,artifacts/goal_bowl_destination_steering_formal_original_phase/goal_bowl_destination_belief_plate_init13_repeat1_success.json,8.184837783932224e-06,0.9999918151622161,8.184837783932224e-06,6.497200041808371e-06,0.999993502799958,6.497200041808371e-06,3.94607898836959e-06,0.9999960539210117,3.94607898836959e-06,5.107990182705461e-07,0.9999994892009818,5.107990182705461e-07,1.113088284748381e-13,0.9999999999998888,1.113088284748381e-13,4.7466520249216104e-20,1.0,4.7466520249216104e-20,1.8789420675162582e-21,1.0,1.8789420675162582e-21,9.418496031489e-22,1.0,9.418496031489e-22,1.185988970381854e-08,0.9999999881401104,1.185988970381854e-08,4.010858553545982e-10,0.9999999995989142,4.010858553545982e-10,1.113088284748381e-13,0.9999999999998888,1.113088284748381e-13,4.7466520249216104e-20,1.0,4.7466520249216104e-20
belief,plate,14,0,True,86,51,62,71,8,10,12,61.0,0.47215202679258145,7.088919998165753,-0.09293953423341272,-0.062408481202143345,0.06510439277764378,0.23009058314371023,-0.04357828371325606,0.8,artifacts/goal_bowl_destination_steering_formal_original_phase/goal_bowl_destination_belief_plate_init14_repeat0_success.json,0.004040655715983694,0.9959593442840164,0.004040655715983694,0.001223832506556663,0.9987761674934433,0.001223832506556663,0.00013766016061176042,0.9998623398393883,0.00013766016061176042,2.5951803809612996e-05,0.9999740481961904,2.5951803809612996e-05,0.00013766016061176042,0.9998623398393883,0.00013766016061176042,2.5951803809612996e-05,0.9999740481961904,2.5951803809612996e-05,1.2461455142217819e-05,0.9999875385448578,1.2461455142217819e-05,3.476227285476665e-07,0.9999996523772714,3.476227285476665e-07,1.2461455142217819e-05,0.9999875385448578,1.2461455142217819e-05,3.476227285476665e-07,0.9999996523772714,3.476227285476665e-07,1.6875042523137262e-12,0.9999999999983125,1.6875042523137262e-12,6.238625010245927e-13,0.999999999999376,6.238625010245927e-13
belief,plate,14,1,True,87,51,64,71,8,10,12,61.0,0.4737176665335672,7.306278289999288,-0.10543029985151997,-0.06270572024534271,0.0636468543950312,0.22103432918585872,-0.04848689414032409,0.8,artifacts/goal_bowl_destination_steering_formal_original_phase/goal_bowl_destination_belief_plate_init14_repeat1_success.json,0.002556440252094455,0.9974435597479054,0.002556440252094455,0.0007136887972973637,0.9992863112027026,0.0007136887972973637,0.00012026063313025599,0.9998797393668698,0.00012026063313025599,3.641603618094387e-05,0.9999635839638191,3.641603618094387e-05,0.00012026063313025599,0.9998797393668698,0.00012026063313025599,3.641603618094387e-05,0.9999635839638191,3.641603618094387e-05,8.943384213670787e-06,0.9999910566157862,8.943384213670787e-06,1.9962699038776425e-07,0.9999998003730096,1.9962699038776425e-07,8.943384213670787e-06,0.9999910566157862,8.943384213670787e-06,1.9962699038776425e-07,0.9999998003730096,1.9962699038776425e-07,1.0452117944092858e-13,0.9999999999998954,1.0452117944092858e-13,5.83267717564121e-14,0.9999999999999416,5.83267717564121e-14
belief,plate,15,0,True,76,45,62,65,7,10,11,55.0,0.4923909153353234,8.298950089867468,-0.0868830213622702,-0.03070507909227239,0.1654747292121016,0.38165473297857183,-0.013985823167273289,0.6666666666666666,artifacts/goal_bowl_destination_steering_formal_original_phase/goal_bowl_destination_belief_plate_init15_repeat0_success.json,0.00020378942816020812,0.9997962105718396,0.00020378942816020812,3.341843976481357e-05,0.9999665815602351,3.341843976481357e-05,2.0788701481566138e-05,0.9999792112985183,2.0788701481566138e-05,7.643180271170588e-06,0.9999923568197289,7.643180271170588e-06,7.643180271170588e-06,0.9999923568197289,7.643180271170588e-06,5.708719656233296e-07,0.9999994291280344,5.708719656233296e-07,3.769519498287484e-09,0.9999999962304804,3.769519498287484e-09,4.4686003750613183e-14,0.9999999999999554,4.4686003750613183e-14,5.708719656233296e-07,0.9999994291280344,5.708719656233296e-07,3.769519498287484e-09,0.9999999962304804,3.769519498287484e-09,4.4686003750613183e-14,0.9999999999999554,4.4686003750613183e-14,1.7148928435991036e-14,0.9999999999999829,1.7148928435991036e-14
belief,plate,15,1,True,147,44,,63,6,,10,53.0,0.4764029521367279,7.7967664386352045,-0.08416458519205258,-0.08115836743553984,0.017615846744740662,0.15231337311719761,-0.05054871544181274,0.9333333333333333,artifacts/goal_bowl_destination_steering_formal_original_phase/goal_bowl_destination_belief_plate_init15_repeat1_success.json,0.021533666695251554,0.9784663333047484,0.021533666695251554,0.007022974216995734,0.9929770257830044,0.007022974216995734,0.002165666110503258,0.9978343338894968,0.002165666110503258,0.0008300950638543761,0.9991699049361458,0.0008300950638543761,nan,nan,nan,nan,nan,nan,nan,nan,nan,nan,nan,nan,0.0004098873492789671,0.9995901126507212,0.0004098873492789671,1.5606208539970404e-05,0.99998439379146,1.5606208539970404e-05,3.688909672989045e-08,0.9999999631109033,3.688909672989045e-08,2.5490959004780884e-12,0.9999999999974509,2.5490959004780884e-12
belief,plate,16,0,True,70,44,55,64,6,9,10,54.0,0.4857972830733725,7.525494005178266,-0.07220118670015854,0.10260822497153047,0.32274396132804717,0.3441403083944051,0.04597167752786387,0.4666666666666667,artifacts/goal_bowl_destination_steering_formal_original_phase/goal_bowl_destination_belief_plate_init16_repeat0_success.json,0.00739924869689787,0.9926007513031021,0.00739924869689787,0.0033367281104690494,0.9966632718895309,0.0033367281104690494,0.0022152668670739704,0.997784733132926,0.0022152668670739704,0.001353402196538501,0.9986465978034615,0.001353402196538501,0.001353402196538501,0.9986465978034615,0.001353402196538501,4.567363017011723e-05,0.99995432636983,4.567363017011723e-05,5.8614999291121375e-08,0.9999999413850008,5.8614999291121375e-08,3.718100513534928e-12,0.9999999999962819,3.718100513534928e-12,4.567363017011723e-05,0.99995432636983,4.567363017011723e-05,5.8614999291121375e-08,0.9999999413850008,5.8614999291121375e-08,3.718100513534928e-12,0.9999999999962819,3.718100513534928e-12,6.198590450969059e-18,1.0,6.198590450969059e-18
belief,plate,16,1,True,74,46,58,65,7,9,11,55.0,0.4806471084728148,7.987490962852159,-0.1243400314740284,-0.07124449438539962,0.1462170928895023,0.3121439516967267,-0.04292835995566346,0.7333333333333333,artifacts/goal_bowl_destination_steering_formal_original_phase/goal_bowl_destination_belief_plate_init16_repeat1_success.json,0.0015029237483394722,0.9984970762516605,0.0015029237483394722,0.00047027520963912977,0.9995297247903608,0.00047027520963912977,0.000283358972892323,0.9997166410271077,0.000283358972892323,0.00013460583640701026,0.999865394163593,0.00013460583640701026,0.000283358972892323,0.9997166410271077,0.000283358972892323,0.00013460583640701026,0.999865394163593,0.00013460583640701026,1.0969441655381197e-06,0.9999989030558345,1.0969441655381197e-06,6.068925417566035e-10,0.9999999993931075,6.068925417566035e-10,1.0969441655381197e-06,0.9999989030558345,1.0969441655381197e-06,6.068925417566035e-10,0.9999999993931075,6.068925417566035e-10,1.6413944756708012e-17,1.0,1.6413944756708012e-17,9.090095874328314e-18,1.0,9.090095874328314e-18
belief,plate,17,0,True,80,48,66,73,7,11,12,63.0,0.5413290137544033,8.877159834549872,-0.040162364904301244,0.053931199138650736,0.19126804585861487,0.24010016286158906,0.02904579481718231,0.4666666666666667,artifacts/goal_bowl_destination_steering_formal_original_phase/goal_bowl_destination_belief_plate_init17_repeat0_success.json,0.008978432424718926,0.9910215675752809,0.008978432424718926,0.004788078832930231,0.9952119211670698,0.004788078832930231,0.00114915845458847,0.9988508415454115,0.00114915845458847,0.0007625297186034244,0.9992374702813966,0.0007625297186034244,0.00027256522686787394,0.9997274347731321,0.00027256522686787394,5.010252549771653e-06,0.9999949897474503,5.010252549771653e-06,1.0565476451389872e-07,0.9999998943452356,1.0565476451389872e-07,5.094750439248323e-13,0.9999999999994906,5.094750439248323e-13,5.010252549771653e-06,0.9999949897474503,5.010252549771653e-06,1.0565476451389872e-07,0.9999998943452356,1.0565476451389872e-07,5.094750439248323e-13,0.9999999999994906,5.094750439248323e-13,1.9810375974409688e-14,0.9999999999999802,1.9810375974409688e-14
belief,plate,17,1,True,79,48,,68,7,,11,58.0,0.5097504286608584,8.274763606914396,-0.07311599496948537,0.005515161305687468,0.20309897827237136,0.3603920881630204,0.007209610418031103,0.6,artifacts/goal_bowl_destination_steering_formal_original_phase/goal_bowl_destination_belief_plate_init17_repeat1_success.json,0.0365292994905357,0.9634707005094644,0.0365292994905357,0.011264500801573757,0.9887354991984263,0.011264500801573757,0.005166557737883722,0.9948334422621163,0.005166557737883722,0.0030404979203446708,0.9969595020796554,0.0030404979203446708,nan,nan,nan,nan,nan,nan,nan,nan,nan,nan,nan,nan,0.0018892402965018007,0.9981107597034982,0.0018892402965018007,0.00021011092807548062,0.9997898890719245,0.00021011092807548062,5.601089790976698e-07,0.999999439891021,5.601089790976698e-07,1.0752841678412456e-11,0.9999999999892473,1.0752841678412456e-11
belief,plate,18,0,True,76,47,60,68,7,10,11,58.0,0.5150383744160413,8.473300543234226,-0.08613171941918346,-0.0019885149376735753,0.194265671835753,0.3020710180995897,-0.002354852177174564,0.6666666666666666,artifacts/goal_bowl_destination_steering_formal_original_phase/goal_bowl_destination_belief_plate_init18_repeat0_success.json,0.010149226071206963,0.9898507739287931,0.010149226071206963,0.004568294659392359,0.9954317053406077,0.004568294659392359,0.0033563871622000418,0.9966436128378,0.0033563871622000418,0.001993992609084741,0.9980060073909153,0.001993992609084741,0.001993992609084741,0.9980060073909153,0.001993992609084741,0.0009190959262521262,0.9990809040737478,0.0009190959262521262,1.8837828717450416e-05,0.9999811621712825,1.8837828717450416e-05,4.617557333442503e-09,0.9999999953824426,4.617557333442503e-09,0.0009190959262521262,0.9990809040737478,0.0009190959262521262,1.8837828717450416e-05,0.9999811621712825,1.8837828717450416e-05,4.617557333442503e-09,0.9999999953824426,4.617557333442503e-09,9.497468228216523e-10,0.9999999990502533,9.497468228216523e-10
belief,plate,18,1,True,78,47,81,68,7,14,11,58.0,0.5114817808224309,8.117669901230359,-0.05333287145764387,0.0474845218231044,0.21672983947580848,0.34357909579625284,0.027328039390119487,0.5333333333333333,artifacts/goal_bowl_destination_steering_formal_original_phase/goal_bowl_destination_belief_plate_init18_repeat1_success.json,0.06957049211198439,0.9304295078880157,0.06957049211198439,0.00899349902467993,0.9910065009753202,0.00899349902467993,0.00627535185478359,0.9937246481452163,0.00627535185478359,0.003691255552982243,0.9963087444470178,0.003691255552982243,1.2052066723347954e-12,0.9999999999987947,1.2052066723347954e-12,1.0503665224962274e-12,0.9999999999989497,1.0503665224962274e-12,nan,nan,nan,nan,nan,nan,0.0017745379978850657,0.9982254620021148,0.0017745379978850657,4.346092825050671e-05,0.9999565390717495,4.346092825050671e-05,1.3441260892033983e-09,0.9999999986558739,1.3441260892033983e-09,1.2052066723347954e-12,0.9999999999987947,1.2052066723347954e-12
belief,plate,19,0,True,78,44,56,64,6,9,10,54.0,0.4515344785959611,8.07049602639515,-0.0848188834856553,-0.08202206192630085,0.05569073251160537,0.25446743962207535,-0.0435954625458138,0.8666666666666667,artifacts/goal_bowl_destination_steering_formal_original_phase/goal_bowl_destination_belief_plate_init19_repeat0_success.json,0.025137186092780393,0.9748628139072195,0.025137186092780393,0.0003141413982383564,0.9996858586017616,0.0003141413982383564,7.728133354256879e-05,0.9999227186664573,7.728133354256879e-05,3.636201969473958e-05,0.9999636379803052,3.636201969473958e-05,3.636201969473958e-05,0.9999636379803052,3.636201969473958e-05,1.9573789069556162e-05,0.9999804262109305,1.9573789069556162e-05,2.979101937560124e-07,0.9999997020898063,2.979101937560124e-07,2.1239234719238205e-09,0.9999999978760765,2.1239234719238205e-09,1.9573789069556162e-05,0.9999804262109305,1.9573789069556162e-05,2.979101937560124e-07,0.9999997020898063,2.979101937560124e-07,2.1239234719238205e-09,0.9999999978760765,2.1239234719238205e-09,4.7394220985875286e-14,0.9999999999999527,4.7394220985875286e-14
belief,plate,19,1,True,77,44,68,65,6,11,11,55.0,0.4685877122206235,8.2520220444596,-0.072154635188103,-0.021141070374316038,0.15447277015166594,0.34304602685402547,-0.00648054159719028,0.6666666666666666,artifacts/goal_bowl_destination_steering_formal_original_phase/goal_bowl_destination_belief_plate_init19_repeat1_success.json,0.08198946513705957,0.9180105348629405,0.08198946513705957,0.001469933716945124,0.9985300662830549,0.001469933716945124,0.0001688359310675449,0.9998311640689324,0.0001688359310675449,8.297698528900592e-06,0.9999917023014712,8.297698528900592e-06,1.981832988696299e-08,0.9999999801816701,1.981832988696299e-08,2.85166095756368e-10,0.9999999997148339,2.85166095756368e-10,3.712075223145296e-15,0.9999999999999962,3.712075223145296e-15,2.630247274749583e-15,0.9999999999999973,2.630247274749583e-15,1.981832988696299e-08,0.9999999801816701,1.981832988696299e-08,2.85166095756368e-10,0.9999999997148339,2.85166095756368e-10,3.712075223145296e-15,0.9999999999999962,3.712075223145296e-15,2.630247274749583e-15,0.9999999999999973,2.630247274749583e-15
belief,plate,1,0,True,76,48,67,67,7,11,11,57.0,0.5015652603344389,8.631931004757408,-0.06365395176760852,-0.04078882306254171,0.16066184159794247,0.3142003732960438,-0.007359018064633768,0.7333333333333333,artifacts/goal_bowl_destination_steering_formal_original_phase/goal_bowl_destination_belief_plate_init1_repeat0_success.json,0.0047723469105881025,0.9952276530894119,0.0047723469105881025,0.0008503673149087576,0.9991496326850912,0.0008503673149087576,0.0002869821909807899,0.9997130178090192,0.0002869821909807899,0.0002103983429359261,0.999789601657064,0.0002103983429359261,1.792449421530607e-05,0.9999820755057847,1.792449421530607e-05,2.435754906988889e-07,0.9999997564245093,2.435754906988889e-07,1.409883217689169e-10,0.9999999998590117,1.409883217689169e-10,9.58365026048931e-13,0.9999999999990417,9.58365026048931e-13,1.792449421530607e-05,0.9999820755057847,1.792449421530607e-05,2.435754906988889e-07,0.9999997564245093,2.435754906988889e-07,1.409883217689169e-10,0.9999999998590117,1.409883217689169e-10,9.58365026048931e-13,0.9999999999990417,9.58365026048931e-13
belief,plate,1,1,True,78,48,75,67,7,13,11,57.0,0.48826489664178924,8.699932290211969,-0.09210968876448208,-0.07387524967401418,0.04113618280694485,0.23769446383123888,-0.04633695229528808,0.8666666666666667,artifacts/goal_bowl_destination_steering_formal_original_phase/goal_bowl_destination_belief_plate_init1_repeat1_success.json,0.004620194585252045,0.995379805414748,0.004620194585252045,0.0015902273426109798,0.9984097726573892,0.0015902273426109798,0.0012019923541844418,0.9987980076458155,0.0012019923541844418,0.0009591670462509461,0.9990408329537489,0.0009591670462509461,1.4210021303109375e-09,0.9999999985789978,1.4210021303109375e-09,1.8285988023119894e-13,0.999999999999817,1.8285988023119894e-13,1.3460785584088686e-13,0.9999999999998654,1.3460785584088686e-13,nan,nan,nan,0.00011194871294609987,0.9998880512870538,0.00011194871294609987,4.085166053715416e-06,0.9999959148339463,4.085166053715416e-06,1.4210021303109375e-09,0.9999999985789978,1.4210021303109375e-09,1.8285988023119894e-13,0.999999999999817,1.8285988023119894e-13
belief,plate,20,0,True,72,45,56,65,7,9,11,55.0,0.4836420329765526,8.786498366357456,-0.0827116926763705,0.037587365629836895,0.2655798019715684,0.34771040213838217,0.02042217543170004,0.6,artifacts/goal_bowl_destination_steering_formal_original_phase/goal_bowl_destination_belief_plate_init20_repeat0_success.json,7.986669942457952e-06,0.9999920133300575,7.986669942457952e-06,7.346122430151958e-06,0.9999926538775697,7.346122430151958e-06,5.300276324530398e-07,0.9999994699723675,5.300276324530398e-07,1.1538959548714333e-07,0.9999998846104046,1.1538959548714333e-07,5.300276324530398e-07,0.9999994699723675,5.300276324530398e-07,1.1538959548714333e-07,0.9999998846104046,1.1538959548714333e-07,4.485548642166043e-09,0.9999999955144514,4.485548642166043e-09,2.1090880253873555e-11,0.9999999999789091,2.1090880253873555e-11,4.485548642166043e-09,0.9999999955144514,4.485548642166043e-09,2.1090880253873555e-11,0.9999999999789091,2.1090880253873555e-11,1.540562444257092e-14,0.9999999999999847,1.540562444257092e-14,1.4465885516721238e-14,0.9999999999999856,1.4465885516721238e-14
belief,plate,20,1,True,78,44,55,64,6,9,10,54.0,0.46308660353689673,8.150508243495272,-0.0993727130566873,-0.09014745292152633,0.019311368170020597,0.18696657554454607,-0.05948225739840794,0.9333333333333333,artifacts/goal_bowl_destination_steering_formal_original_phase/goal_bowl_destination_belief_plate_init20_repeat1_success.json,0.06028640967780675,0.9397135903221931,0.06028640967780675,0.00014565351535488202,0.9998543464846451,0.00014565351535488202,6.591674380033014e-05,0.9999340832561997,6.591674380033014e-05,4.932996643129191e-05,0.9999506700335689,4.932996643129191e-05,4.932996643129191e-05,0.9999506700335689,4.932996643129191e-05,2.566012350848905e-05,0.9999743398764915,2.566012350848905e-05,4.448683029292497e-06,0.9999955513169707,4.448683029292497e-06,2.3738526337976105e-08,0.9999999762614736,2.3738526337976105e-08,2.566012350848905e-05,0.9999743398764915,2.566012350848905e-05,4.448683029292497e-06,0.9999955513169707,4.448683029292497e-06,2.3738526337976105e-08,0.9999999762614736,2.3738526337976105e-08,8.606744337398158e-13,0.9999999999991394,8.606744337398158e-13
belief,plate,21,0,True,75,46,59,67,7,9,11,57.0,0.4997515605835979,7.690484563934326,-0.06160631255277014,0.02683531474578841,0.2328186460785403,0.34119220095104824,0.021102470975089486,0.6,artifacts/goal_bowl_destination_steering_formal_original_phase/goal_bowl_destination_belief_plate_init21_repeat0_success.json,0.022474762122556235,0.9775252378774437,0.022474762122556235,0.0031111725159393656,0.9968888274840604,0.0031111725159393656,0.0013570393387434575,0.9986429606612565,0.0013570393387434575,0.000716959912439889,0.9992830400875602,0.000716959912439889,0.0013570393387434575,0.9986429606612565,0.0013570393387434575,0.000716959912439889,0.9992830400875602,0.000716959912439889,1.8114625083778985e-05,0.9999818853749162,1.8114625083778985e-05,4.6400165238479133e-07,0.9999995359983477,4.6400165238479133e-07,1.8114625083778985e-05,0.9999818853749162,1.8114625083778985e-05,4.6400165238479133e-07,0.9999995359983477,4.6400165238479133e-07,1.9138582704435466e-12,0.9999999999980862,1.9138582704435466e-12,8.704030994176496e-13,0.9999999999991296,8.704030994176496e-13
belief,plate,21,1,True,75,46,61,67,7,10,11,57.0,0.5075434853620253,7.771762047752581,-0.050778852218313277,0.05472344022193117,0.27043946367679206,0.3835848478386921,0.03910845857981148,0.5333333333333333,artifacts/goal_bowl_destination_steering_formal_original_phase/goal_bowl_destination_belief_plate_init21_repeat1_success.json,0.022173332700692737,0.9778266672993072,0.022173332700692737,0.006377364404076754,0.9936226355959231,0.006377364404076754,0.0046125580223237775,0.9953874419776763,0.0046125580223237775,0.0011484061902924045,0.9988515938097076,0.0011484061902924045,0.0011484061902924045,0.9988515938097076,0.0011484061902924045,3.861543010012628e-05,0.9999613845698999,3.861543010012628e-05,4.530924126537404e-07,0.9999995469075874,4.530924126537404e-07,2.003398556781281e-12,0.9999999999979965,2.003398556781281e-12,3.861543010012628e-05,0.9999613845698999,3.861543010012628e-05,4.530924126537404e-07,0.9999995469075874,4.530924126537404e-07,2.003398556781281e-12,0.9999999999979965,2.003398556781281e-12,3.870193409672411e-13,0.999999999999613,3.870193409672411e-13
belief,plate,22,0,True,72,41,59,61,6,9,10,51.0,0.43899655748034627,7.842132931891378,-0.057311513820937965,-0.025853725847717578,0.11643561365811173,0.27666636863760996,-0.009879441261973885,0.7333333333333333,artifacts/goal_bowl_destination_steering_formal_original_phase/goal_bowl_destination_belief_plate_init22_repeat0_success.json,0.02077849657565426,0.9792215034243458,0.02077849657565426,0.005074821506274906,0.9949251784937252,0.005074821506274906,0.0037769315667359657,0.9962230684332641,0.0037769315667359657,0.0023111431675569456,0.9976888568324431,0.0023111431675569456,0.0023111431675569456,0.9976888568324431,0.0023111431675569456,0.001107001113855693,0.9988929988861442,0.001107001113855693,2.83585534698478e-06,0.9999971641446531,2.83585534698478e-06,3.827563681295795e-11,0.9999999999617244,3.827563681295795e-11,0.001107001113855693,0.9988929988861442,0.001107001113855693,2.83585534698478e-06,0.9999971641446531,2.83585534698478e-06,3.827563681295795e-11,0.9999999999617244,3.827563681295795e-11,4.429893624846711e-12,0.9999999999955702,4.429893624846711e-12
belief,plate,22,1,True,72,41,64,61,6,10,10,51.0,0.43421561821045523,7.7879978469276585,-0.051978896196647494,-0.003667259528972095,0.14314676295889533,0.3007369477856961,0.0016797564408355828,0.6666666666666666,artifacts/goal_bowl_destination_steering_formal_original_phase/goal_bowl_destination_belief_plate_init22_repeat1_success.json,0.014181888538742145,0.9858181114612579,0.014181888538742145,0.002833525740450638,0.9971664742595493,0.002833525740450638,0.0012581116626305946,0.9987418883373693,0.0012581116626305946,0.0007736315805591765,0.9992263684194408,0.0007736315805591765,0.00016807932522964222,0.9998319206747703,0.00016807932522964222,1.945727003807965e-07,0.9999998054272997,1.945727003807965e-07,1.9498961390400745e-11,0.9999999999805009,1.9498961390400745e-11,1.0018190282663943e-11,0.9999999999899818,1.0018190282663943e-11,0.00016807932522964222,0.9998319206747703,0.00016807932522964222,1.945727003807965e-07,0.9999998054272997,1.945727003807965e-07,1.9498961390400745e-11,0.9999999999805009,1.9498961390400745e-11,1.0018190282663943e-11,0.9999999999899818,1.0018190282663943e-11
belief,plate,23,0,True,69,45,56,65,7,9,11,55.0,0.49788085076760935,8.323604171443328,-0.02427934828325959,0.1490729968614215,0.31808432231516715,0.31808432231516715,0.07853043800643768,0.4,artifacts/goal_bowl_destination_steering_formal_original_phase/goal_bowl_destination_belief_plate_init23_repeat0_success.json,0.0021709647125249002,0.9978290352874751,0.0021709647125249002,0.00039920683413569355,0.9996007931658644,0.00039920683413569355,0.00035064741723674525,0.9996493525827632,0.00035064741723674525,4.806460303359279e-05,0.9999519353969665,4.806460303359279e-05,0.00035064741723674525,0.9996493525827632,0.00035064741723674525,4.806460303359279e-05,0.9999519353969665,4.806460303359279e-05,1.1717979006431218e-06,0.9999988282020993,1.1717979006431218e-06,8.592041388147045e-12,0.999999999991408,8.592041388147045e-12,1.1717979006431218e-06,0.9999988282020993,1.1717979006431218e-06,8.592041388147045e-12,0.999999999991408,8.592041388147045e-12,3.5915367395516355e-14,0.999999999999964,3.5915367395516355e-14,nan,nan,nan
belief,plate,23,1,True,73,46,59,66,7,9,11,56.0,0.4764057164542713,8.876003001741035,-0.07531330198678188,0.03733913477238631,0.2577115899536038,0.3371536670461837,0.022458894963648068,0.6,artifacts/goal_bowl_destination_steering_formal_original_phase/goal_bowl_destination_belief_plate_init23_repeat1_success.json,0.000495932636495796,0.9995040673635043,0.000495932636495796,0.00030750626937770816,0.9996924937306222,0.00030750626937770816,0.00017334779382682686,0.9998266522061731,0.00017334779382682686,7.540998838936109e-05,0.9999245900116107,7.540998838936109e-05,0.00017334779382682686,0.9998266522061731,0.00017334779382682686,7.540998838936109e-05,0.9999245900116107,7.540998838936109e-05,1.138831995862105e-06,0.9999988611680042,1.138831995862105e-06,1.8201980809814485e-09,0.999999998179802,1.8201980809814485e-09,1.138831995862105e-06,0.9999988611680042,1.138831995862105e-06,1.8201980809814485e-09,0.999999998179802,1.8201980809814485e-09,4.11109721104827e-15,0.9999999999999958,4.11109721104827e-15,2.8256196240522314e-15,0.9999999999999971,2.8256196240522314e-15
belief,plate,24,0,True,74,43,58,65,6,9,11,55.0,0.47105541379652727,7.935959167511222,-0.04055214598243723,0.06187131045230882,0.2558747745210081,0.3931381147880853,0.0428952426573315,0.5333333333333333,artifacts/goal_bowl_destination_steering_formal_original_phase/goal_bowl_destination_belief_plate_init24_repeat0_success.json,0.04405719388695368,0.9559428061130464,0.04405719388695368,0.0006449329682673457,0.9993550670317327,0.0006449329682673457,0.00011457737829004276,0.99988542262171,0.00011457737829004276,3.947034928871283e-05,0.9999605296507112,3.947034928871283e-05,3.947034928871283e-05,0.9999605296507112,3.947034928871283e-05,7.619246150760423e-07,0.9999992380753849,7.619246150760423e-07,9.455230850305024e-09,0.9999999905447691,9.455230850305024e-09,1.612296336778274e-11,0.9999999999838771,1.612296336778274e-11,9.455230850305024e-09,0.9999999905447691,9.455230850305024e-09,1.612296336778274e-11,0.9999999999838771,1.612296336778274e-11,1.1716153127179148e-16,0.9999999999999998,1.1716153127179148e-16,4.418734422346138e-17,1.0,4.418734422346138e-17
belief,plate,24,1,True,74,42,57,64,6,9,10,54.0,0.47297284039461673,7.75305632300805,-0.06371977827333827,0.01280382502972867,0.19484495162469695,0.3722384766266962,0.011902323783616433,0.6,artifacts/goal_bowl_destination_steering_formal_original_phase/goal_bowl_destination_belief_plate_init24_repeat1_success.json,0.01990194380917311,0.9800980561908268,0.01990194380917311,0.009462456175488776,0.9905375438245113,0.009462456175488776,0.0018062016848074023,0.9981937983151926,0.0018062016848074023,0.0005261694930787623,0.9994738305069213,0.0005261694930787623,0.0005261694930787623,0.9994738305069213,0.0005261694930787623,2.2507411612111233e-05,0.999977492588388,2.2507411612111233e-05,2.4488172021701535e-07,0.9999997551182798,2.4488172021701535e-07,5.438863699764543e-11,0.9999999999456113,5.438863699764543e-11,2.2507411612111233e-05,0.999977492588388,2.2507411612111233e-05,2.4488172021701535e-07,0.9999997551182798,2.4488172021701535e-07,5.438863699764543e-11,0.9999999999456113,5.438863699764543e-11,1.4150572607644342e-14,0.9999999999999858,1.4150572607644342e-14
belief,plate,25,0,True,78,46,57,66,7,9,11,56.0,0.4909158909869914,8.220593961467959,-0.0775430033559129,-0.04567869441285631,0.09723167894394505,0.2909958570710474,-0.02550404817883208,0.7333333333333333,artifacts/goal_bowl_destination_steering_formal_original_phase/goal_bowl_destination_belief_plate_init25_repeat0_success.json,0.005923890056844906,0.9940761099431551,0.005923890056844906,0.0014699679291878581,0.9985300320708123,0.0014699679291878581,0.0008260196576014391,0.9991739803423986,0.0008260196576014391,0.0006849678229522692,0.9993150321770479,0.0006849678229522692,0.0008260196576014391,0.9991739803423986,0.0008260196576014391,0.0006849678229522692,0.9993150321770479,0.0006849678229522692,4.056944087270117e-05,0.9999594305591273,4.056944087270117e-05,3.2688712118249456e-08,0.9999999673112878,3.2688712118249456e-08,4.056944087270117e-05,0.9999594305591273,4.056944087270117e-05,3.2688712118249456e-08,0.9999999673112878,3.2688712118249456e-08,1.4771133947066902e-12,0.999999999998523,1.4771133947066902e-12,7.699974342650727e-15,0.9999999999999922,7.699974342650727e-15
belief,plate,25,1,True,78,47,58,67,7,9,11,57.0,0.498593597555982,8.944092618052949,-0.09824510120326428,-0.04586403273797059,0.16250205372358473,0.37097359919824574,-0.02160663406155693,0.7333333333333333,artifacts/goal_bowl_destination_steering_formal_original_phase/goal_bowl_destination_belief_plate_init25_repeat1_success.json,0.0012627259132198055,0.9987372740867803,0.0012627259132198055,0.00011685193853482918,0.9998831480614652,0.00011685193853482918,6.889459266764731e-05,0.9999311054073324,6.889459266764731e-05,6.198970433084475e-05,0.9999380102956691,6.198970433084475e-05,6.889459266764731e-05,0.9999311054073324,6.889459266764731e-05,6.198970433084475e-05,0.9999380102956691,6.198970433084475e-05,1.5106477943926075e-05,0.999984893522056,1.5106477943926075e-05,1.4075168200440124e-07,0.9999998592483179,1.4075168200440124e-07,1.5106477943926075e-05,0.999984893522056,1.5106477943926075e-05,1.4075168200440124e-07,0.9999998592483179,1.4075168200440124e-07,2.304572681506226e-11,0.9999999999769542,2.304572681506226e-11,9.511389965994588e-13,0.9999999999990488,9.511389965994588e-13
belief,plate,26,0,True,75,46,60,66,7,10,11,56.0,0.5067790662852173,8.536546523499064,-0.05795958361055136,0.02115747526884463,0.2160571300338134,0.3819113647130885,0.02094695621500106,0.6,artifacts/goal_bowl_destination_steering_formal_original_phase/goal_bowl_destination_belief_plate_init26_repeat0_success.json,0.009061186033859237,0.9909388139661407,0.009061186033859237,0.0016260791488723486,0.9983739208511276,0.0016260791488723486,0.0005114710731524386,0.9994885289268476,0.0005114710731524386,0.00023841550278539387,0.9997615844972145,0.00023841550278539387,0.00023841550278539387,0.9997615844972145,0.00023841550278539387,3.496728235598278e-05,0.999965032717644,3.496728235598278e-05,4.2203755631478583e-07,0.9999995779624435,4.2203755631478583e-07,1.0094418338404747e-11,0.9999999999899056,1.0094418338404747e-11,3.496728235598278e-05,0.999965032717644,3.496728235598278e-05,4.2203755631478583e-07,0.9999995779624435,4.2203755631478583e-07,1.0094418338404747e-11,0.9999999999899056,1.0094418338404747e-11,7.890067133778405e-12,0.9999999999921099,7.890067133778405e-12
belief,plate,26,1,True,75,47,60,68,7,10,11,58.0,0.5152642952789188,8.36988981589717,-0.0334859632390034,0.07838038507001173,0.28971953655453847,0.3642240279717227,0.05622324384195795,0.4666666666666667,artifacts/goal_bowl_destination_steering_formal_original_phase/goal_bowl_destination_belief_plate_init26_repeat1_success.json,0.011744459801580962,0.988255540198419,0.011744459801580962,0.002858525793237638,0.9971414742067624,0.002858525793237638,0.0011634834709923088,0.9988365165290077,0.0011634834709923088,0.00042377237731040514,0.9995762276226895,0.00042377237731040514,0.00042377237731040514,0.9995762276226895,0.00042377237731040514,0.00013325613154137683,0.9998667438684585,0.00013325613154137683,5.869156821282618e-07,0.9999994130843178,5.869156821282618e-07,3.138999749429784e-10,0.9999999996861,3.138999749429784e-10,0.00013325613154137683,0.9998667438684585,0.00013325613154137683,5.869156821282618e-07,0.9999994130843178,5.869156821282618e-07,3.138999749429784e-10,0.9999999996861,3.138999749429784e-10,1.4991453390534792e-10,0.9999999998500855,1.4991453390534792e-10
belief,plate,27,0,True,78,48,59,67,7,9,11,57.0,0.48091705873018264,8.81674793518749,-0.08262249709477076,-0.02437174621772873,0.1786685416703181,0.3952156135427349,-0.008452259630845796,0.6666666666666666,artifacts/goal_bowl_destination_steering_formal_original_phase/goal_bowl_destination_belief_plate_init27_repeat0_success.json,6.468909613456396e-05,0.9999353109038656,6.468909613456396e-05,7.396367812449881e-06,0.9999926036321876,7.396367812449881e-06,5.516677782048604e-07,0.9999994483322218,5.516677782048604e-07,1.543809705652805e-07,0.9999998456190294,1.543809705652805e-07,5.516677782048604e-07,0.9999994483322218,5.516677782048604e-07,1.543809705652805e-07,0.9999998456190294,1.543809705652805e-07,5.933634684140879e-09,0.9999999940663653,5.933634684140879e-09,2.521848809560624e-11,0.9999999999747815,2.521848809560624e-11,5.933634684140879e-09,0.9999999940663653,5.933634684140879e-09,2.521848809560624e-11,0.9999999999747815,2.521848809560624e-11,8.497337000635475e-15,0.9999999999999916,8.497337000635475e-15,5.732771151186426e-21,1.0,5.732771151186426e-21
belief,plate,27,1,True,85,52,66,72,8,11,12,62.0,0.47148252382334926,9.34296702285778,-0.09743879166665861,-0.10960579071715121,0.07327656346527224,0.3048262359132326,-0.052391912528736616,0.8666666666666667,artifacts/goal_bowl_destination_steering_formal_original_phase/goal_bowl_destination_belief_plate_init27_repeat1_success.json,2.616558473728105e-07,0.9999997383441527,2.616558473728105e-07,9.74736761589842e-08,0.999999902526324,9.74736761589842e-08,2.909975933671194e-08,0.9999999709002407,2.909975933671194e-08,1.1163237637262776e-08,0.9999999888367624,1.1163237637262776e-08,1.1163237637262776e-08,0.9999999888367624,1.1163237637262776e-08,1.6732269477411014e-09,0.9999999983267731,1.6732269477411014e-09,6.17547865958828e-11,0.9999999999382452,6.17547865958828e-11,1.9188039144917533e-13,0.9999999999998082,1.9188039144917533e-13,1.6732269477411014e-09,0.9999999983267731,1.6732269477411014e-09,6.17547865958828e-11,0.9999999999382452,6.17547865958828e-11,1.9188039144917533e-13,0.9999999999998082,1.9188039144917533e-13,1.4727137266222026e-20,1.0,1.4727137266222026e-20
belief,plate,28,0,True,83,50,65,72,8,11,12,62.0,0.5410655875869667,7.89759740598376,-0.05191458315404584,0.024280506448751585,0.18493815457201768,0.364621918042838,0.018767179538670135,0.5333333333333333,artifacts/goal_bowl_destination_steering_formal_original_phase/goal_bowl_destination_belief_plate_init28_repeat0_success.json,0.009875707595609693,0.9901242924043904,0.009875707595609693,0.0018494109740710683,0.9981505890259289,0.0018494109740710683,0.00039572870593716677,0.9996042712940629,0.00039572870593716677,0.00013471540204860699,0.9998652845979514,0.00013471540204860699,0.00013471540204860699,0.9998652845979514,0.00013471540204860699,2.804252948871084e-06,0.9999971957470511,2.804252948871084e-06,1.9294312792572822e-08,0.9999999807056871,1.9294312792572822e-08,7.845354397386262e-12,0.9999999999921547,7.845354397386262e-12,2.804252948871084e-06,0.9999971957470511,2.804252948871084e-06,1.9294312792572822e-08,0.9999999807056871,1.9294312792572822e-08,7.845354397386262e-12,0.9999999999921547,7.845354397386262e-12,2.951515503530792e-14,0.9999999999999705,2.951515503530792e-14
belief,plate,28,1,True,78,49,60,70,7,10,12,60.0,0.522031260644292,8.008727725395564,-0.05148066554721571,0.07600225797183396,0.2930742026180459,0.4031989060646345,0.047696727829670084,0.4666666666666667,artifacts/goal_bowl_destination_steering_formal_original_phase/goal_bowl_destination_belief_plate_init28_repeat1_success.json,0.04189870378552684,0.9581012962144733,0.04189870378552684,0.0001232028817134405,0.9998767971182865,0.0001232028817134405,6.809682899239971e-06,0.9999931903171008,6.809682899239971e-06,8.819444655814089e-07,0.9999991180555343,8.819444655814089e-07,8.819444655814089e-07,0.9999991180555343,8.819444655814089e-07,2.6081200644300224e-07,0.9999997391879937,2.6081200644300224e-07,4.0726497108115715e-08,0.9999999592735028,4.0726497108115715e-08,1.4703543361011335e-11,0.9999999999852964,1.4703543361011335e-11,4.0726497108115715e-08,0.9999999592735028,4.0726497108115715e-08,1.4703543361011335e-11,0.9999999999852964,1.4703543361011335e-11,1.5828875289424679e-18,1.0,1.5828875289424679e-18,1.3566861451171007e-18,1.0,1.3566861451171007e-18
belief,plate,29,0,True,71,45,56,65,7,9,11,55.0,0.48944526159793716,8.21337053700728,-0.025979984556794268,0.12599025709001538,0.3308024299644038,0.36414076164414455,0.07542255522607923,0.4,artifacts/goal_bowl_destination_steering_formal_original_phase/goal_bowl_destination_belief_plate_init29_repeat0_success.json,0.029865442174058638,0.9701345578259414,0.029865442174058638,0.004131526516988078,0.995868473483012,0.004131526516988078,0.0013397563613961117,0.9986602436386038,0.0013397563613961117,0.00012704164932320446,0.9998729583506769,0.00012704164932320446,0.0013397563613961117,0.9986602436386038,0.0013397563613961117,0.00012704164932320446,0.9998729583506769,0.00012704164932320446,2.2646283700887783e-07,0.9999997735371631,2.2646283700887783e-07,1.7519554938941104e-11,0.9999999999824805,1.7519554938941104e-11,2.2646283700887783e-07,0.9999997735371631,2.2646283700887783e-07,1.7519554938941104e-11,0.9999999999824805,1.7519554938941104e-11,2.3374942625570953e-12,0.9999999999976625,2.3374942625570953e-12,2.287131525641132e-12,0.9999999999977129,2.287131525641132e-12
belief,plate,29,1,True,77,45,60,66,7,10,11,56.0,0.4923813024086,8.285706763381516,-0.07132819200088193,0.0006123429567001777,0.1898257477048099,0.3649307540239935,0.004880966384888761,0.6,artifacts/goal_bowl_destination_steering_formal_original_phase/goal_bowl_destination_belief_plate_init29_repeat1_success.json,0.00212227360097684,0.9978777263990232,0.00212227360097684,0.0006475284197247399,0.9993524715802752,0.0006475284197247399,0.0004056630738590012,0.9995943369261411,0.0004056630738590012,0.00023032504182660465,0.9997696749581734,0.00023032504182660465,0.00023032504182660465,0.9997696749581734,0.00023032504182660465,9.776907183742807e-06,0.9999902230928164,9.776907183742807e-06,3.920322674665926e-08,0.9999999607967733,3.920322674665926e-08,1.2550705913747987e-12,0.999999999998745,1.2550705913747987e-12,9.776907183742807e-06,0.9999902230928164,9.776907183742807e-06,3.920322674665926e-08,0.9999999607967733,3.920322674665926e-08,1.2550705913747987e-12,0.999999999998745,1.2550705913747987e-12,9.402588535044403e-13,0.9999999999990596,9.402588535044403e-13
belief,plate,2,0,True,73,45,58,64,7,9,10,54.0,0.49115097931199514,7.6353745220772495,-0.07526975836703068,0.006478923987384542,0.22325631484016403,0.37496828334288784,0.008671471153419472,0.6,artifacts/goal_bowl_destination_steering_formal_original_phase/goal_bowl_destination_belief_plate_init2_repeat0_success.json,0.007724666150915506,0.9922753338490845,0.007724666150915506,0.0005196510726691297,0.9994803489273307,0.0005196510726691297,0.0003219123950914331,0.9996780876049085,0.0003219123950914331,0.00011253127332814551,0.9998874687266719,0.00011253127332814551,0.0003219123950914331,0.9996780876049085,0.0003219123950914331,0.00011253127332814551,0.9998874687266719,0.00011253127332814551,7.5269080648204746e-06,0.9999924730919353,7.5269080648204746e-06,1.966284723011472e-09,0.9999999980337153,1.966284723011472e-09,0.00011253127332814551,0.9998874687266719,0.00011253127332814551,7.5269080648204746e-06,0.9999924730919353,7.5269080648204746e-06,1.966284723011472e-09,0.9999999980337153,1.966284723011472e-09,5.476461156522972e-15,0.9999999999999944,5.476461156522972e-15
belief,plate,2,1,True,75,48,60,67,7,10,11,57.0,0.49858342406073347,7.7372983302037746,-0.07976459993422456,0.024887702845518198,0.24255308934557723,0.3488960269729602,0.013998121615716593,0.6,artifacts/goal_bowl_destination_steering_formal_original_phase/goal_bowl_destination_belief_plate_init2_repeat1_success.json,0.017874287805524892,0.9821257121944751,0.017874287805524892,0.007507441837621433,0.9924925581623785,0.007507441837621433,0.004899160901537708,0.9951008390984624,0.004899160901537708,0.0024550956185369756,0.997544904381463,0.0024550956185369756,0.0024550956185369756,0.997544904381463,0.0024550956185369756,0.0003047284194816706,0.9996952715805184,0.0003047284194816706,1.9169638605067284e-06,0.9999980830361396,1.9169638605067284e-06,5.448047657805072e-12,0.9999999999945519,5.448047657805072e-12,0.0003047284194816706,0.9996952715805184,0.0003047284194816706,1.9169638605067284e-06,0.9999980830361396,1.9169638605067284e-06,5.448047657805072e-12,0.9999999999945519,5.448047657805072e-12,6.666991927614632e-14,0.9999999999999334,6.666991927614632e-14
belief,plate,30,0,True,76,48,65,69,7,11,11,59.0,0.4857792755371992,8.584385864925288,-0.011609307623878377,0.13485251569890006,0.3607252805066539,0.41786959399999435,0.08978689218713236,0.3333333333333333,artifacts/goal_bowl_destination_steering_formal_original_phase/goal_bowl_destination_belief_plate_init30_repeat0_success.json,0.015915424501831255,0.9840845754981687,0.015915424501831255,0.0017804954014790325,0.9982195045985209,0.0017804954014790325,0.0004628365333151427,0.999537163466685,0.0004628365333151427,0.00021132703961519467,0.9997886729603847,0.00021132703961519467,0.00013473089057519145,0.999865269109425,0.00013473089057519145,5.482564786478269e-07,0.9999994517435212,5.482564786478269e-07,5.52971108616127e-11,0.9999999999447029,5.52971108616127e-11,3.754476231120491e-17,1.0,3.754476231120491e-17,0.00013473089057519145,0.999865269109425,0.00013473089057519145,5.482564786478269e-07,0.9999994517435212,5.482564786478269e-07,5.52971108616127e-11,0.9999999999447029,5.52971108616127e-11,3.754476231120491e-17,1.0,3.754476231120491e-17
belief,plate,30,1,True,75,47,57,68,7,9,11,58.0,0.46885244659976405,8.424577084838445,-0.06930290445422066,0.061322942758445326,0.2977021367975982,0.3863926264898381,0.03739171809312548,0.5333333333333333,artifacts/goal_bowl_destination_steering_formal_original_phase/goal_bowl_destination_belief_plate_init30_repeat1_success.json,0.017943544323706612,0.9820564556762934,0.017943544323706612,0.005289890581888646,0.9947101094181113,0.005289890581888646,0.0033984313436072216,0.9966015686563927,0.0033984313436072216,0.0019292956653677808,0.9980707043346323,0.0019292956653677808,0.0033984313436072216,0.9966015686563927,0.0033984313436072216,0.0019292956653677808,0.9980707043346323,0.0019292956653677808,0.0014347293700099017,0.99856527062999,0.0014347293700099017,4.145367900827952e-06,0.9999958546320992,4.145367900827952e-06,0.0014347293700099017,0.99856527062999,0.0014347293700099017,4.145367900827952e-06,0.9999958546320992,4.145367900827952e-06,4.666192016898348e-09,0.9999999953338079,4.666192016898348e-09,1.9555305612658497e-10,0.9999999998044469,1.9555305612658497e-10
belief,plate,31,0,True,73,46,59,67,7,9,11,57.0,0.5016530090084679,8.256242405395675,-0.026327302801933405,0.1248123565163932,0.3342660192074117,0.36769284325365537,0.07554095389343593,0.4,artifacts/goal_bowl_destination_steering_formal_original_phase/goal_bowl_destination_belief_plate_init31_repeat0_success.json,0.012930714244548324,0.9870692857554517,0.012930714244548324,0.007871235053919715,0.9921287649460802,0.007871235053919715,0.0011485268420195727,0.9988514731579803,0.0011485268420195727,0.0005569601966215764,0.9994430398033785,0.0005569601966215764,0.0011485268420195727,0.9988514731579803,0.0011485268420195727,0.0005569601966215764,0.9994430398033785,0.0005569601966215764,1.7268078873884083e-05,0.9999827319211261,1.7268078873884083e-05,1.0968775295236056e-07,0.9999998903122469,1.0968775295236056e-07,1.7268078873884083e-05,0.9999827319211261,1.7268078873884083e-05,1.0968775295236056e-07,0.9999998903122469,1.0968775295236056e-07,3.2534540233608734e-13,0.9999999999996747,3.2534540233608734e-13,1.7100111032893252e-13,0.999999999999829,1.7100111032893252e-13
belief,plate,31,1,True,75,46,,65,7,,11,55.0,0.4859657277893179,8.036468600541268,-0.04387270922852174,0.05566822688271463,0.2163282393263172,0.3791109171318193,0.03326844325889132,0.5333333333333333,artifacts/goal_bowl_destination_steering_formal_original_phase/goal_bowl_destination_belief_plate_init31_repeat1_success.json,0.031716205094572764,0.9682837949054272,0.031716205094572764,0.02172127267275502,0.9782787273272451,0.02172127267275502,0.008188315985119914,0.9918116840148801,0.008188315985119914,0.003106142549368004,0.9968938574506319,0.003106142549368004,nan,nan,nan,nan,nan,nan,nan,nan,nan,nan,nan,nan,0.00010364860179136108,0.9998963513982086,0.00010364860179136108,5.886068909303118e-07,0.9999994113931091,5.886068909303118e-07,8.440791469096922e-12,0.9999999999915592,8.440791469096922e-12,3.4032266628264517e-16,0.9999999999999996,3.4032266628264517e-16
belief,plate,32,0,True,72,43,55,63,6,9,10,53.0,0.4826481225860403,7.733934283915661,-0.05345893142627337,0.029197291188832977,0.18991525039380894,0.32216330856841446,0.018241706173852196,0.5333333333333333,artifacts/goal_bowl_destination_steering_formal_original_phase/goal_bowl_destination_belief_plate_init32_repeat0_success.json,0.0009827969531599377,0.9990172030468399,0.0009827969531599377,6.5415827745069456e-06,0.9999934584172255,6.5415827745069456e-06,1.0580909787565952e-06,0.9999989419090212,1.0580909787565952e-06,7.770028685027084e-07,0.9999992229971315,7.770028685027084e-07,7.770028685027084e-07,0.9999992229971315,7.770028685027084e-07,1.5344923350532073e-07,0.9999998465507665,1.5344923350532073e-07,1.5409364375909925e-09,0.9999999984590635,1.5409364375909925e-09,7.925189849061661e-16,0.9999999999999991,7.925189849061661e-16,1.5344923350532073e-07,0.9999998465507665,1.5344923350532073e-07,1.5409364375909925e-09,0.9999999984590635,1.5409364375909925e-09,7.925189849061661e-16,0.9999999999999991,7.925189849061661e-16,1.020052304715724e-16,1.0,1.020052304715724e-16
belief,plate,32,1,True,71,41,52,60,6,8,10,50.0,0.4712841359795842,7.762230032905659,-0.1001845834895489,-0.08377383090826356,0.08285354907676068,0.28790389394010146,-0.045832395840383774,0.8,artifacts/goal_bowl_destination_steering_formal_original_phase/goal_bowl_destination_belief_plate_init32_repeat1_success.json,0.008474511568373025,0.991525488431627,0.008474511568373025,0.0016414737569566888,0.9983585262430432,0.0016414737569566888,0.0009661919727314014,0.9990338080272685,0.0009661919727314014,0.000699505335913301,0.9993004946640867,0.000699505335913301,0.0009661919727314014,0.9990338080272685,0.0009661919727314014,0.000699505335913301,0.9993004946640867,0.000699505335913301,6.096019769357092e-06,0.9999939039802307,6.096019769357092e-06,4.77552466737132e-08,0.9999999522447535,4.77552466737132e-08,6.096019769357092e-06,0.9999939039802307,6.096019769357092e-06,4.77552466737132e-08,0.9999999522447535,4.77552466737132e-08,1.125335477752693e-15,0.9999999999999989,1.125335477752693e-15,3.274824049550921e-16,0.9999999999999998,3.274824049550921e-16
belief,plate,33,0,True,73,44,53,65,6,8,11,55.0,0.47248139386296717,7.71993265086486,-0.05155222312055671,0.002255279723004293,0.16957814711437932,0.24587015635987938,0.008154240468708605,0.6,artifacts/goal_bowl_destination_steering_formal_original_phase/goal_bowl_destination_belief_plate_init33_repeat0_success.json,0.03553029721608001,0.9644697027839201,0.03553029721608001,0.011949214410033548,0.9880507855899664,0.011949214410033548,0.005411316077264116,0.9945886839227359,0.005411316077264116,0.002830344193198579,0.9971696558068014,0.002830344193198579,0.005411316077264116,0.9945886839227359,0.005411316077264116,0.002830344193198579,0.9971696558068014,0.002830344193198579,0.0011452256140302402,0.9988547743859698,0.0011452256140302402,8.685263041422726e-05,0.9999131473695858,8.685263041422726e-05,8.685263041422726e-05,0.9999131473695858,8.685263041422726e-05,3.0148562558227447e-06,0.9999969851437442,3.0148562558227447e-06,2.3117489397737126e-12,0.9999999999976883,2.3117489397737126e-12,5.693748284155881e-13,0.9999999999994307,5.693748284155881e-13
belief,plate,33,1,True,69,43,56,63,6,9,10,53.0,0.47222747320844205,7.716295720037672,-0.03368681669176999,0.11989173241816993,0.32059630297922476,0.3628174295236238,0.0687567682863403,0.4,artifacts/goal_bowl_destination_steering_formal_original_phase/goal_bowl_destination_belief_plate_init33_repeat1_success.json,0.02440331743697408,0.975596682563026,0.02440331743697408,0.010073782158334191,0.9899262178416658,0.010073782158334191,0.006527089503303228,0.9934729104966968,0.006527089503303228,0.004211751502107461,0.9957882484978926,0.004211751502107461,0.004211751502107461,0.9957882484978926,0.004211751502107461,0.0002705591212904619,0.9997294408787095,0.0002705591212904619,5.5757718667244896e-06,0.9999944242281331,5.5757718667244896e-06,1.6793250081508492e-13,0.9999999999998321,1.6793250081508492e-13,0.0002705591212904619,0.9997294408787095,0.0002705591212904619,5.5757718667244896e-06,0.9999944242281331,5.5757718667244896e-06,1.6793250081508492e-13,0.9999999999998321,1.6793250081508492e-13,2.8694086408751442e-15,0.9999999999999971,2.8694086408751442e-15
belief,plate,34,0,True,81,48,61,68,7,10,11,58.0,0.4560336955207368,8.759820125032117,-0.1268477540602813,-0.12824543499997398,0.06666361512047918,0.2868114658258447,-0.07090373171335008,0.8666666666666667,artifacts/goal_bowl_destination_steering_formal_original_phase/goal_bowl_destination_belief_plate_init34_repeat0_success.json,0.000593703311157894,0.9994062966888421,0.000593703311157894,5.975194062137367e-05,0.9999402480593788,5.975194062137367e-05,2.2746686676775705e-05,0.9999772533133232,2.2746686676775705e-05,1.78657467575202e-06,0.9999982134253242,1.78657467575202e-06,1.78657467575202e-06,0.9999982134253242,1.78657467575202e-06,8.00567277020744e-08,0.9999999199432723,8.00567277020744e-08,7.531581925277496e-09,0.9999999924684181,7.531581925277496e-09,2.179475102220855e-11,0.9999999999782052,2.179475102220855e-11,8.00567277020744e-08,0.9999999199432723,8.00567277020744e-08,7.531581925277496e-09,0.9999999924684181,7.531581925277496e-09,2.179475102220855e-11,0.9999999999782052,2.179475102220855e-11,1.779167993292347e-17,1.0,1.779167993292347e-17
belief,plate,34,1,True,77,44,63,65,6,10,11,55.0,0.4581350275111841,8.319270033765461,-0.05710930311651602,0.00643866263318216,0.19129064471471496,0.3600470541402672,0.01248382761582261,0.6,artifacts/goal_bowl_destination_steering_formal_original_phase/goal_bowl_destination_belief_plate_init34_repeat1_success.json,0.0613414710029932,0.9386585289970069,0.0613414710029932,0.11443853017821903,0.8855614698217811,0.11443853017821903,0.012819113893386844,0.9871808861066131,0.012819113893386844,0.003087525008406748,0.9969124749915932,0.003087525008406748,0.0010408914806278623,0.9989591085193722,0.0010408914806278623,2.227074473905078e-05,0.9999777292552611,2.227074473905078e-05,1.1706754590401292e-07,0.999999882932454,1.1706754590401292e-07,9.167278492672725e-13,0.9999999999990832,9.167278492672725e-13,2.227074473905078e-05,0.9999777292552611,2.227074473905078e-05,1.1706754590401292e-07,0.999999882932454,1.1706754590401292e-07,9.167278492672725e-13,0.9999999999990832,9.167278492672725e-13,2.5852065400668327e-13,0.9999999999997415,2.5852065400668327e-13
belief,plate,35,0,True,73,44,55,63,6,9,10,53.0,0.4633061911353709,8.062084639850761,-0.109903488669207,-0.02782464314779227,0.20287927980554668,0.40032140562353136,-0.016055753827652373,0.6666666666666666,artifacts/goal_bowl_destination_steering_formal_original_phase/goal_bowl_destination_belief_plate_init35_repeat0_success.json,0.025703225823642543,0.9742967741763574,0.025703225823642543,0.0015160465962398692,0.9984839534037601,0.0015160465962398692,8.768247124516787e-05,0.9999123175287548,8.768247124516787e-05,4.203072462255155e-05,0.9999579692753774,4.203072462255155e-05,4.203072462255155e-05,0.9999579692753774,4.203072462255155e-05,5.7056007203747936e-06,0.9999942943992796,5.7056007203747936e-06,8.014398178849498e-08,0.9999999198560183,8.014398178849498e-08,7.740458856316978e-11,0.9999999999225955,7.740458856316978e-11,5.7056007203747936e-06,0.9999942943992796,5.7056007203747936e-06,8.014398178849498e-08,0.9999999198560183,8.014398178849498e-08,7.740458856316978e-11,0.9999999999225955,7.740458856316978e-11,3.1509464120720154e-18,1.0,3.1509464120720154e-18
belief,plate,35,1,True,77,47,58,66,7,9,11,56.0,0.4618571550595231,8.349051857202383,-0.09604358735252223,-0.02019313519191666,0.19955789096090873,0.3861638630143285,-0.00933491107994939,0.6666666666666666,artifacts/goal_bowl_destination_steering_formal_original_phase/goal_bowl_destination_belief_plate_init35_repeat1_success.json,0.00022423345470179873,0.9997757665452982,0.00022423345470179873,2.749576136341923e-05,0.9999725042386365,2.749576136341923e-05,2.9376696869623105e-06,0.999997062330313,2.9376696869623105e-06,1.0410285706535596e-06,0.9999989589714292,1.0410285706535596e-06,2.9376696869623105e-06,0.999997062330313,2.9376696869623105e-06,1.0410285706535596e-06,0.9999989589714292,1.0410285706535596e-06,3.3471906274027864e-08,0.9999999665280936,3.3471906274027864e-08,3.9134896595603445e-10,0.999999999608651,3.9134896595603445e-10,3.3471906274027864e-08,0.9999999665280936,3.3471906274027864e-08,3.9134896595603445e-10,0.999999999608651,3.9134896595603445e-10,1.933938900956759e-15,0.999999999999998,1.933938900956759e-15,6.2041981954273445e-21,1.0,6.2041981954273445e-21
belief,plate,36,0,True,77,45,,65,7,,11,55.0,0.49088306976147017,8.334064101617102,-0.05559821453339094,0.007152231415724253,0.13652600208248863,0.31948513323576216,0.003524179182220058,0.6,artifacts/goal_bowl_destination_steering_formal_original_phase/goal_bowl_destination_belief_plate_init36_repeat0_success.json,0.009170846327957833,0.9908291536720423,0.009170846327957833,0.00450134397009543,0.9954986560299045,0.00450134397009543,0.0033323837407915617,0.9966676162592085,0.0033323837407915617,0.0009272255208438913,0.9990727744791561,0.0009272255208438913,nan,nan,nan,nan,nan,nan,nan,nan,nan,nan,nan,nan,4.994482248358952e-05,0.9999500551775165,4.994482248358952e-05,2.043526622339832e-07,0.9999997956473377,2.043526622339832e-07,2.6802737278884764e-13,0.999999999999732,2.6802737278884764e-13,1.6402565755616473e-17,1.0,1.6402565755616473e-17
belief,plate,36,1,True,68,44,56,65,6,9,11,55.0,0.4922677472462527,8.66942729295428,-0.06914724311575175,-0.02787946057288879,0.05549654186773985,0.05549654186773985,-0.025934662210393027,0.7333333333333333,artifacts/goal_bowl_destination_steering_formal_original_phase/goal_bowl_destination_belief_plate_init36_repeat1_success.json,0.04302480353169249,0.9569751964683076,0.04302480353169249,0.03603632698206818,0.9639636730179317,0.03603632698206818,0.013799764220437228,0.9862002357795628,0.013799764220437228,0.00934915711436717,0.9906508428856329,0.00934915711436717,0.00934915711436717,0.9906508428856329,0.00934915711436717,0.003423510364619738,0.9965764896353804,0.003423510364619738,0.00021727784255507748,0.999782722157445,0.00021727784255507748,3.723473014379883e-07,0.9999996276526987,3.723473014379883e-07,0.00021727784255507748,0.999782722157445,0.00021727784255507748,3.723473014379883e-07,0.9999996276526987,3.723473014379883e-07,1.6163380013769215e-12,0.9999999999983837,1.6163380013769215e-12,nan,nan,nan
belief,plate,37,0,True,79,47,64,68,7,10,11,58.0,0.5151407749650462,8.599076080641241,-0.08589631574847187,-0.05304421058739205,0.13314292357551627,0.3306644895382302,-0.023894760250030726,0.7333333333333333,artifacts/goal_bowl_destination_steering_formal_original_phase/goal_bowl_destination_belief_plate_init37_repeat0_success.json,0.005558363533447387,0.9944416364665527,0.005558363533447387,0.0015869411073111458,0.9984130588926889,0.0015869411073111458,0.0010495192033412046,0.9989504807966588,0.0010495192033412046,0.0007783274951013335,0.9992216725048987,0.0007783274951013335,0.0007783274951013335,0.9992216725048987,0.0007783274951013335,0.00014376350099736882,0.9998562364990026,0.00014376350099736882,6.470506322618751e-08,0.9999999352949369,6.470506322618751e-08,1.698754723882258e-11,0.9999999999830125,1.698754723882258e-11,0.00014376350099736882,0.9998562364990026,0.00014376350099736882,6.470506322618751e-08,0.9999999352949369,6.470506322618751e-08,1.698754723882258e-11,0.9999999999830125,1.698754723882258e-11,9.517612360314227e-18,1.0,9.517612360314227e-18
belief,plate,37,1,True,76,46,59,67,7,9,11,57.0,0.5088477521126961,8.478522598924663,-0.08853380650287565,-0.012283707484599818,0.19848330220595586,0.352926327452502,-0.005275666755354779,0.6666666666666666,artifacts/goal_bowl_destination_steering_formal_original_phase/goal_bowl_destination_belief_plate_init37_repeat1_success.json,0.0021811220919980435,0.9978188779080019,0.0021811220919980435,0.0025111169891108543,0.997488883010889,0.0025111169891108543,0.0006709169063950594,0.999329083093605,0.0006709169063950594,0.00030599328800421337,0.9996940067119957,0.00030599328800421337,0.0006709169063950594,0.999329083093605,0.0006709169063950594,0.00030599328800421337,0.9996940067119957,0.00030599328800421337,5.0211416434310395e-06,0.9999949788583565,5.0211416434310395e-06,4.3555849447757343e-08,0.9999999564441505,4.3555849447757343e-08,5.0211416434310395e-06,0.9999949788583565,5.0211416434310395e-06,4.3555849447757343e-08,0.9999999564441505,4.3555849447757343e-08,1.1315230327682684e-13,0.9999999999998868,1.1315230327682684e-13,3.0626548013214136e-17,1.0,3.0626548013214136e-17
belief,plate,38,0,True,77,47,59,67,7,9,11,57.0,0.4746515221559611,9.075453400126225,-0.07824219095216665,-0.01563774789792179,0.1812521875339896,0.3682891068434853,-0.005026586410118265,0.6666666666666666,artifacts/goal_bowl_destination_steering_formal_original_phase/goal_bowl_destination_belief_plate_init38_repeat0_success.json,6.176362786845448e-05,0.9999382363721315,6.176362786845448e-05,2.322506362325351e-05,0.9999767749363766,2.322506362325351e-05,1.5931232131951072e-05,0.9999840687678679,1.5931232131951072e-05,1.4077415117260027e-05,0.9999859225848826,1.4077415117260027e-05,1.5931232131951072e-05,0.9999840687678679,1.5931232131951072e-05,1.4077415117260027e-05,0.9999859225848826,1.4077415117260027e-05,8.23115160286234e-08,0.9999999176884841,8.23115160286234e-08,4.160228019493523e-10,0.9999999995839772,4.160228019493523e-10,8.23115160286234e-08,0.9999999176884841,8.23115160286234e-08,4.160228019493523e-10,0.9999999995839772,4.160228019493523e-10,7.375357179441173e-14,0.9999999999999263,7.375357179441173e-14,1.8329155641775445e-15,0.9999999999999982,1.8329155641775445e-15
belief,plate,38,1,True,75,47,60,67,7,10,11,57.0,0.4735937689698482,8.59951602213361,-0.09552896103991293,-0.013943975848137906,0.22292946775005218,0.35024009597370515,-0.0051698095690519315,0.6666666666666666,artifacts/goal_bowl_destination_steering_formal_original_phase/goal_bowl_destination_belief_plate_init38_repeat1_success.json,6.350823205093212e-07,0.9999993649176796,6.350823205093212e-07,3.639287515843649e-07,0.9999996360712483,3.639287515843649e-07,2.741707506283897e-07,0.9999997258292493,2.741707506283897e-07,1.552385221835687e-07,0.9999998447614779,1.552385221835687e-07,1.552385221835687e-07,0.9999998447614779,1.552385221835687e-07,7.80484824902826e-10,0.9999999992195152,7.80484824902826e-10,5.280350801384122e-14,0.9999999999999472,5.280350801384122e-14,3.273413110089982e-18,1.0,3.273413110089982e-18,7.80484824902826e-10,0.9999999992195152,7.80484824902826e-10,5.280350801384122e-14,0.9999999999999472,5.280350801384122e-14,3.273413110089982e-18,1.0,3.273413110089982e-18,5.344679346363975e-23,1.0,5.344679346363975e-23
belief,plate,39,0,True,104,46,57,65,7,9,11,55.0,0.49891876115612716,8.204519296812503,-0.11629638691080685,-0.096864997171084,-0.030220780922096985,0.0901608669252742,-0.07953227182697062,1.0,artifacts/goal_bowl_destination_steering_formal_original_phase/goal_bowl_destination_belief_plate_init39_repeat0_success.json,0.0033676756847554625,0.9966323243152445,0.0033676756847554625,0.0017307478043107765,0.9982692521956892,0.0017307478043107765,0.0008506646139898385,0.9991493353860101,0.0008506646139898385,0.0008368151823000465,0.9991631848177001,0.0008368151823000465,0.0008506646139898385,0.9991493353860101,0.0008506646139898385,0.0008368151823000465,0.9991631848177001,0.0008368151823000465,0.00011303261520979394,0.9998869673847901,0.00011303261520979394,1.4874706362353495e-06,0.9999985125293637,1.4874706362353495e-06,0.00011303261520979394,0.9998869673847901,0.00011303261520979394,1.4874706362353495e-06,0.9999985125293637,1.4874706362353495e-06,1.1220845472178825e-07,0.9999998877915452,1.1220845472178825e-07,7.94059186972977e-08,0.9999999205940813,7.94059186972977e-08
belief,plate,39,1,True,73,44,56,64,6,9,10,54.0,0.4889513942336667,8.237225317573138,-0.09051053431956764,0.010287170327886674,0.19945791649501632,0.3194238684707894,-0.00018178440831965518,0.6,artifacts/goal_bowl_destination_steering_formal_original_phase/goal_bowl_destination_belief_plate_init39_repeat1_success.json,0.06152772178048931,0.9384722782195106,0.06152772178048931,0.029776775129582288,0.9702232248704178,0.029776775129582288,0.01365654754516736,0.9863434524548327,0.01365654754516736,0.010606083793750344,0.9893939162062497,0.010606083793750344,0.010606083793750344,0.9893939162062497,0.010606083793750344,0.006875416209826269,0.9931245837901738,0.006875416209826269,0.0009635875646019871,0.999036412435398,0.0009635875646019871,6.2851322555995485e-06,0.9999937148677444,6.2851322555995485e-06,0.006875416209826269,0.9931245837901738,0.006875416209826269,0.0009635875646019871,0.999036412435398,0.0009635875646019871,6.2851322555995485e-06,0.9999937148677444,6.2851322555995485e-06,1.83000063019531e-09,0.9999999981699994,1.83000063019531e-09
belief,plate,3,0,True,75,49,62,69,7,10,11,59.0,0.5110600834807328,8.848993407733966,-0.04558446715749192,0.11546047837612587,0.32710571147188544,0.3583140746404231,0.0636695040542755,0.4666666666666667,artifacts/goal_bowl_destination_steering_formal_original_phase/goal_bowl_destination_belief_plate_init3_repeat0_success.json,0.03880630777299527,0.9611936922270046,0.03880630777299527,0.0007432208304213664,0.9992567791695788,0.0007432208304213664,0.000489843248966309,0.9995101567510336,0.000489843248966309,0.00019907477487318364,0.9998009252251268,0.00019907477487318364,0.00019907477487318364,0.9998009252251268,0.00019907477487318364,6.939552073968681e-05,0.9999306044792603,6.939552073968681e-05,9.674603941715392e-07,0.9999990325396059,9.674603941715392e-07,5.017368030768844e-11,0.9999999999498264,5.017368030768844e-11,6.939552073968681e-05,0.9999306044792603,6.939552073968681e-05,9.674603941715392e-07,0.9999990325396059,9.674603941715392e-07,5.017368030768844e-11,0.9999999999498264,5.017368030768844e-11,9.101856595632204e-12,0.9999999999908982,9.101856595632204e-12
belief,plate,3,1,True,77,48,62,68,7,10,11,58.0,0.4954735837307214,8.455062716609644,-0.06501923949811284,0.05331376680915946,0.24840803292174585,0.3677595763501056,0.029628050017475534,0.5333333333333333,artifacts/goal_bowl_destination_steering_formal_original_phase/goal_bowl_destination_belief_plate_init3_repeat1_success.json,0.02014244655576452,0.9798575534442354,0.02014244655576452,0.002298215399031117,0.9977017846009688,0.002298215399031117,0.0016090585823719877,0.998390941417628,0.0016090585823719877,0.0008941540490890042,0.9991058459509109,0.0008941540490890042,0.0008941540490890042,0.9991058459509109,0.0008941540490890042,0.00028158659905085375,0.9997184134009491,0.00028158659905085375,8.043171876518059e-07,0.9999991956828124,8.043171876518059e-07,8.107043021643738e-11,0.9999999999189295,8.107043021643738e-11,0.00028158659905085375,0.9997184134009491,0.00028158659905085375,8.043171876518059e-07,0.9999991956828124,8.043171876518059e-07,8.107043021643738e-11,0.9999999999189295,8.107043021643738e-11,6.555923161324248e-13,0.9999999999993443,6.555923161324248e-13
belief,plate,40,0,True,75,43,56,64,6,9,10,54.0,0.46047813442147667,8.073826834592134,-0.10164177885422027,-0.09660847277335988,0.07034624382006252,0.2917849294201831,-0.05230349245846892,0.8666666666666667,artifacts/goal_bowl_destination_steering_formal_original_phase/goal_bowl_destination_belief_plate_init40_repeat0_success.json,0.005832100374262247,0.9941678996257378,0.005832100374262247,0.00022913040057274947,0.9997708695994273,0.00022913040057274947,0.00012294139474454865,0.9998770586052554,0.00012294139474454865,9.310290056591042e-05,0.9999068970994341,9.310290056591042e-05,9.310290056591042e-05,0.9999068970994341,9.310290056591042e-05,5.035486287067217e-05,0.9999496451371294,5.035486287067217e-05,1.043730128135225e-05,0.9999895626987187,1.043730128135225e-05,2.045050351325549e-08,0.9999999795494965,2.045050351325549e-08,5.035486287067217e-05,0.9999496451371294,5.035486287067217e-05,1.043730128135225e-05,0.9999895626987187,1.043730128135225e-05,2.045050351325549e-08,0.9999999795494965,2.045050351325549e-08,2.994822192654237e-13,0.9999999999997005,2.994822192654237e-13
belief,plate,40,1,True,72,42,54,62,6,8,10,52.0,0.47454219898280664,7.825488798747291,-0.08325863593562959,-0.040559310717069336,0.15025289020355695,0.3287668208887684,-0.0175767174301853,0.7333333333333333,artifacts/goal_bowl_destination_steering_formal_original_phase/goal_bowl_destination_belief_plate_init40_repeat1_success.json,0.08152076238908948,0.9184792376109105,0.08152076238908948,0.017668820713457205,0.9823311792865427,0.017668820713457205,0.008154921329261839,0.9918450786707382,0.008154921329261839,0.005212755168036513,0.9947872448319635,0.005212755168036513,0.008154921329261839,0.9918450786707382,0.008154921329261839,0.005212755168036513,0.9947872448319635,0.005212755168036513,0.0016853379373956811,0.9983146620626043,0.0016853379373956811,6.871845859666097e-05,0.9999312815414033,6.871845859666097e-05,0.0016853379373956811,0.9983146620626043,0.0016853379373956811,6.871845859666097e-05,0.9999312815414033,6.871845859666097e-05,1.70571216242056e-09,0.9999999982942878,1.70571216242056e-09,2.336995923649519e-10,0.9999999997663005,2.336995923649519e-10
belief,plate,41,0,True,74,43,56,62,6,9,10,52.0,0.4818147001309608,7.964785648199813,-0.0748068002233135,-0.04089363534372016,0.12226437513295539,0.33088891972173495,-0.01808937131552584,0.7333333333333333,artifacts/goal_bowl_destination_steering_formal_original_phase/goal_bowl_destination_belief_plate_init41_repeat0_success.json,0.048268267035576205,0.9517317329644237,0.048268267035576205,0.004377121977464589,0.9956228780225354,0.004377121977464589,0.001710666183498656,0.9982893338165014,0.001710666183498656,0.0005405716721461751,0.9994594283278538,0.0005405716721461751,0.0005405716721461751,0.9994594283278538,0.0005405716721461751,0.00015109447373440037,0.9998489055262656,0.00015109447373440037,6.018844386081384e-06,0.9999939811556139,6.018844386081384e-06,9.002014121476587e-10,0.9999999990997985,9.002014121476587e-10,0.00015109447373440037,0.9998489055262656,0.00015109447373440037,6.018844386081384e-06,0.9999939811556139,6.018844386081384e-06,9.002014121476587e-10,0.9999999990997985,9.002014121476587e-10,1.8143257799531738e-14,0.9999999999999818,1.8143257799531738e-14
belief,plate,41,1,True,74,43,55,63,6,9,10,53.0,0.48487913018180145,8.180993889272315,-0.07879040198135148,-0.04209555593583637,0.14599558899439524,0.3695043236012208,-0.015287596762658092,0.7333333333333333,artifacts/goal_bowl_destination_steering_formal_original_phase/goal_bowl_destination_belief_plate_init41_repeat1_success.json,0.02275681533098757,0.9772431846690124,0.02275681533098757,0.005083085103557799,0.9949169148964422,0.005083085103557799,0.003257491773686727,0.9967425082263132,0.003257491773686727,0.0020954282146830538,0.997904571785317,0.0020954282146830538,0.0020954282146830538,0.997904571785317,0.0020954282146830538,0.0011309284401302636,0.9988690715598698,0.0011309284401302636,4.509637154109759e-05,0.999954903628459,4.509637154109759e-05,4.9732282954780854e-08,0.999999950267717,4.9732282954780854e-08,0.0011309284401302636,0.9988690715598698,0.0011309284401302636,4.509637154109759e-05,0.999954903628459,4.509637154109759e-05,4.9732282954780854e-08,0.999999950267717,4.9732282954780854e-08,6.054007740976762e-14,0.9999999999999394,6.054007740976762e-14
belief,plate,42,0,True,73,42,54,62,6,8,10,52.0,0.47065871532158327,8.202777850720835,-0.0650710158838639,-0.01130281494920659,0.179048359932219,0.3915959911196799,0.004587431286959431,0.6666666666666666,artifacts/goal_bowl_destination_steering_formal_original_phase/goal_bowl_destination_belief_plate_init42_repeat0_success.json,0.020991660206632335,0.9790083397933677,0.020991660206632335,0.0022440595210925633,0.9977559404789075,0.0022440595210925633,0.0012455622527725594,0.9987544377472275,0.0012455622527725594,0.0010170548696340747,0.9989829451303659,0.0010170548696340747,0.0012455622527725594,0.9987544377472275,0.0012455622527725594,0.0010170548696340747,0.9989829451303659,0.0010170548696340747,9.935539213993935e-05,0.99990064460786,9.935539213993935e-05,1.7569312598734452e-06,0.9999982430687402,1.7569312598734452e-06,9.935539213993935e-05,0.99990064460786,9.935539213993935e-05,1.7569312598734452e-06,0.9999982430687402,1.7569312598734452e-06,4.814244613980283e-10,0.9999999995185755,4.814244613980283e-10,2.8311879462577295e-13,0.9999999999997169,2.8311879462577295e-13
belief,plate,42,1,True,79,42,,61,6,,10,51.0,0.45529630338051613,8.32029815114987,-0.0836410740494502,-0.11480992961443603,-0.003284285411403359,0.18735668919006424,-0.0630879933077571,1.0,artifacts/goal_bowl_destination_steering_formal_original_phase/goal_bowl_destination_belief_plate_init42_repeat1_success.json,0.02000687522992765,0.9799931247700724,0.02000687522992765,0.0027683878000713306,0.9972316121999287,0.0027683878000713306,0.0017918132631258759,0.9982081867368741,0.0017918132631258759,0.0012540578076735496,0.9987459421923266,0.0012540578076735496,nan,nan,nan,nan,nan,nan,nan,nan,nan,nan,nan,nan,6.632264420435206e-05,0.9999336773557955,6.632264420435206e-05,5.26685753987553e-07,0.999999473314246,5.26685753987553e-07,1.1099192497330841e-09,0.9999999988900807,1.1099192497330841e-09,7.606263127294473e-15,0.9999999999999925,7.606263127294473e-15
belief,plate,43,0,True,75,45,66,64,7,11,10,54.0,0.4827067725814214,7.844658196207084,-0.0668890310146498,-0.009574194840868964,0.18498771026427885,0.3797038317120683,0.0029133707135869913,0.6666666666666666,artifacts/goal_bowl_destination_steering_formal_original_phase/goal_bowl_destination_belief_plate_init43_repeat0_success.json,0.002810146020027338,0.9971898539799726,0.002810146020027338,0.0006499434716699711,0.9993500565283301,0.0006499434716699711,0.000316065811541896,0.999683934188458,0.000316065811541896,0.00027012000800545664,0.9997298799919945,0.00027012000800545664,1.6684446226427812e-05,0.9999833155537735,1.6684446226427812e-05,1.7352120174275265e-07,0.9999998264787983,1.7352120174275265e-07,2.601231505749685e-12,0.9999999999973987,2.601231505749685e-12,2.078974962652884e-12,0.999999999997921,2.078974962652884e-12,0.00027012000800545664,0.9997298799919945,0.00027012000800545664,1.6684446226427812e-05,0.9999833155537735,1.6684446226427812e-05,1.7352120174275265e-07,0.9999998264787983,1.7352120174275265e-07,2.601231505749685e-12,0.9999999999973987,2.601231505749685e-12
belief,plate,43,1,True,79,46,,66,7,,11,56.0,0.4913782079121798,8.0256017775375,-0.06586878511461029,-0.03677641054303889,0.1211135654046508,0.3275967392937503,-0.014686907851641022,0.7333333333333333,artifacts/goal_bowl_destination_steering_formal_original_phase/goal_bowl_destination_belief_plate_init43_repeat1_success.json,0.002234181528715486,0.9977658184712845,0.002234181528715486,0.003252826030204183,0.996747173969796,0.003252826030204183,0.001448826561626085,0.998551173438374,0.001448826561626085,0.0009238508777687189,0.9990761491222314,0.0009238508777687189,nan,nan,nan,nan,nan,nan,nan,nan,nan,nan,nan,nan,0.0004594409585798722,0.99954055904142,0.0004594409585798722,2.63544997008983e-06,0.9999973645500299,2.63544997008983e-06,2.2108918387604508e-09,0.9999999977891081,2.2108918387604508e-09,2.2190446106121302e-13,0.9999999999997782,2.2190446106121302e-13
belief,plate,44,0,True,75,44,55,63,6,9,10,53.0,0.4841428345775187,7.840196311634007,-0.08392831620289605,-0.0370209227749428,0.13226407808859225,0.3248356354489301,-0.018975820872874555,0.7333333333333333,artifacts/goal_bowl_destination_steering_formal_original_phase/goal_bowl_destination_belief_plate_init44_repeat0_success.json,0.02078861127812862,0.9792113887218715,0.02078861127812862,0.006936677516915042,0.9930633224830849,0.006936677516915042,0.003623746073647532,0.9963762539263525,0.003623746073647532,0.002256803852100044,0.9977431961479,0.002256803852100044,0.002256803852100044,0.9977431961479,0.002256803852100044,0.0015143320047818073,0.9984856679952183,0.0015143320047818073,0.00019900283090781875,0.9998009971690921,0.00019900283090781875,5.220971389320917e-09,0.9999999947790286,5.220971389320917e-09,0.0015143320047818073,0.9984856679952183,0.0015143320047818073,0.00019900283090781875,0.9998009971690921,0.00019900283090781875,5.220971389320917e-09,0.9999999947790286,5.220971389320917e-09,2.97960364740312e-13,0.999999999999702,2.97960364740312e-13
belief,plate,44,1,True,79,44,56,63,6,9,10,53.0,0.4752412239074374,7.825995851681209,-0.08766439953847992,-0.06403726005355136,0.0846885526145273,0.25350883045651695,-0.03524177814862219,0.8,artifacts/goal_bowl_destination_steering_formal_original_phase/goal_bowl_destination_belief_plate_init44_repeat1_success.json,0.012537292378982628,0.9874627076210174,0.012537292378982628,0.0023839878149560048,0.997616012185044,0.0023839878149560048,0.0007832842558233497,0.9992167157441767,0.0007832842558233497,0.0005376142475271673,0.9994623857524728,0.0005376142475271673,0.0005376142475271673,0.9994623857524728,0.0005376142475271673,0.0002848482950071023,0.9997151517049928,0.0002848482950071023,1.0068180728319645e-05,0.9999899318192716,1.0068180728319645e-05,2.227366390841737e-08,0.999999977726336,2.227366390841737e-08,0.0002848482950071023,0.9997151517049928,0.0002848482950071023,1.0068180728319645e-05,0.9999899318192716,1.0068180728319645e-05,2.227366390841737e-08,0.999999977726336,2.227366390841737e-08,2.9186339658507066e-12,0.9999999999970814,2.9186339658507066e-12
belief,plate,45,0,True,84,48,,69,7,,11,59.0,0.5206042264491965,7.964420216047501,-0.06102100625466089,-0.02749626060074706,0.11406689798830814,0.29442352259328447,-0.010337868809439783,0.6666666666666666,artifacts/goal_bowl_destination_steering_formal_original_phase/goal_bowl_destination_belief_plate_init45_repeat0_success.json,0.007711824180761804,0.9922881758192382,0.007711824180761804,0.004050557922568241,0.9959494420774319,0.004050557922568241,0.0021055207392021743,0.9978944792607979,0.0021055207392021743,0.0010237939345554136,0.9989762060654446,0.0010237939345554136,nan,nan,nan,nan,nan,nan,nan,nan,nan,nan,nan,nan,0.0002802661614254045,0.9997197338385746,0.0002802661614254045,2.351244484867905e-05,0.9999764875551514,2.351244484867905e-05,1.0361592867201468e-06,0.9999989638407132,1.0361592867201468e-06,3.751491368916408e-12,0.9999999999962486,3.751491368916408e-12
belief,plate,45,1,False,300,47,,67,7,,11,57.0,0.510923640329364,7.9479307476597265,-0.06266264254548377,-0.031088130363681823,0.07505425677426195,0.16113853142647225,-0.019872312288575573,0.7333333333333333,artifacts/goal_bowl_destination_steering_formal_original_phase/goal_bowl_destination_belief_plate_init45_repeat1_failure.json,0.007934221014253517,0.9920657789857464,0.007934221014253517,0.005569420592370774,0.9944305794076292,0.005569420592370774,0.0023863600213392395,0.9976136399786608,0.0023863600213392395,0.001218159010101781,0.9987818409898982,0.001218159010101781,nan,nan,nan,nan,nan,nan,nan,nan,nan,nan,nan,nan,0.00018359399877585262,0.9998164060012241,0.00018359399877585262,1.4048520090020965e-05,0.9999859514799099,1.4048520090020965e-05,6.213677413255852e-09,0.9999999937863226,6.213677413255852e-09,2.820548591574093e-15,0.9999999999999971,2.820548591574093e-15
belief,plate,46,0,True,66,44,57,64,6,9,10,54.0,0.4898684153910695,8.63907476038756,0.019263331697176603,0.24200059643906363,0.34927747844897805,0.34927747844897805,0.1279113599797797,0.26666666666666666,artifacts/goal_bowl_destination_steering_formal_original_phase/goal_bowl_destination_belief_plate_init46_repeat0_success.json,0.04059035823641442,0.9594096417635857,0.04059035823641442,0.0027662815437487407,0.9972337184562512,0.0027662815437487407,0.0015972684982191927,0.9984027315017808,0.0015972684982191927,0.0006979851495458988,0.999302014850454,0.0006979851495458988,0.0006979851495458988,0.999302014850454,0.0006979851495458988,9.883324261798918e-05,0.9999011667573819,9.883324261798918e-05,1.2939220434682875e-06,0.9999987060779565,1.2939220434682875e-06,6.03480984817277e-13,0.9999999999993965,6.03480984817277e-13,9.883324261798918e-05,0.9999011667573819,9.883324261798918e-05,1.2939220434682875e-06,0.9999987060779565,1.2939220434682875e-06,6.03480984817277e-13,0.9999999999993965,6.03480984817277e-13,1.127168655652292e-13,0.9999999999998872,1.127168655652292e-13
belief,plate,46,1,True,70,44,55,64,6,9,10,54.0,0.4772101723444977,8.530666566114162,-0.04721284618983935,0.11017754003979018,0.31635377535780723,0.3517109044766735,0.06030685718601002,0.4666666666666667,artifacts/goal_bowl_destination_steering_formal_original_phase/goal_bowl_destination_belief_plate_init46_repeat1_success.json,0.03251573069524506,0.967484269304755,0.03251573069524506,0.0023215368064276177,0.9976784631935723,0.0023215368064276177,0.0011227543079760278,0.9988772456920239,0.0011227543079760278,9.778502525788548e-05,0.9999022149747421,9.778502525788548e-05,9.778502525788548e-05,0.9999022149747421,9.778502525788548e-05,1.3925611503992631e-05,0.9999860743884961,1.3925611503992631e-05,1.5026376636687705e-07,0.9999998497362336,1.5026376636687705e-07,1.7215697019032916e-11,0.9999999999827842,1.7215697019032916e-11,1.3925611503992631e-05,0.9999860743884961,1.3925611503992631e-05,1.5026376636687705e-07,0.9999998497362336,1.5026376636687705e-07,1.7215697019032916e-11,0.9999999999827842,1.7215697019032916e-11,6.393596271428909e-14,0.999999999999936,6.393596271428909e-14
belief,plate,47,0,True,74,44,,63,6,,10,53.0,0.44623786552411776,8.149632986879455,-0.08676728182019697,-0.027890260798924323,0.17384711205815243,0.36205883484540785,-0.011820113631851849,0.6666666666666666,artifacts/goal_bowl_destination_steering_formal_original_phase/goal_bowl_destination_belief_plate_init47_repeat0_success.json,0.0034357247593897883,0.9965642752406103,0.0034357247593897883,1.400070099568202e-06,0.9999985999299004,1.400070099568202e-06,4.4018405056985093e-07,0.9999995598159493,4.4018405056985093e-07,3.542315647980208e-07,0.9999996457684353,3.542315647980208e-07,nan,nan,nan,nan,nan,nan,nan,nan,nan,nan,nan,nan,6.002032208090998e-08,0.999999939979678,6.002032208090998e-08,1.4649848934068477e-09,0.9999999985350152,1.4649848934068477e-09,5.610757122471208e-12,0.9999999999943892,5.610757122471208e-12,1.672199486086919e-17,1.0,1.672199486086919e-17
belief,plate,47,1,True,73,43,54,62,6,8,10,52.0,0.4471135361199871,8.043694470922771,-0.08676973442759527,-0.06477463809578388,0.10754827002350284,0.31386319832634163,-0.030980485502263976,0.8,artifacts/goal_bowl_destination_steering_formal_original_phase/goal_bowl_destination_belief_plate_init47_repeat1_success.json,0.0009748759677948875,0.9990251240322051,0.0009748759677948875,3.6438237689680925e-05,0.9999635617623103,3.6438237689680925e-05,2.4479697036514114e-05,0.9999755203029634,2.4479697036514114e-05,1.53557035426365e-05,0.9999846442964574,1.53557035426365e-05,2.4479697036514114e-05,0.9999755203029634,2.4479697036514114e-05,1.53557035426365e-05,0.9999846442964574,1.53557035426365e-05,5.360798493822433e-06,0.9999946392015062,5.360798493822433e-06,1.2868946883198742e-07,0.9999998713105313,1.2868946883198742e-07,5.360798493822433e-06,0.9999946392015062,5.360798493822433e-06,1.2868946883198742e-07,0.9999998713105313,1.2868946883198742e-07,2.0589615182359686e-11,0.9999999999794105,2.0589615182359686e-11,1.1990647749748284e-12,0.999999999998801,1.1990647749748284e-12
belief,plate,48,0,True,76,46,,66,7,,11,56.0,0.4941812176422029,8.218831424613,-0.054689945006930064,0.04087082604877169,0.21071073068488358,0.37046098635959984,0.02509026613740609,0.5333333333333333,artifacts/goal_bowl_destination_steering_formal_original_phase/goal_bowl_destination_belief_plate_init48_repeat0_success.json,0.029510146194238477,0.9704898538057616,0.029510146194238477,0.017720360046519713,0.9822796399534802,0.017720360046519713,0.004301033935864196,0.9956989660641359,0.004301033935864196,0.0006284690151193216,0.9993715309848807,0.0006284690151193216,nan,nan,nan,nan,nan,nan,nan,nan,nan,nan,nan,nan,8.291640452955852e-05,0.9999170835954705,8.291640452955852e-05,1.2351119166489993e-06,0.9999987648880834,1.2351119166489993e-06,1.2919524538460752e-12,0.9999999999987081,1.2919524538460752e-12,5.677674396897602e-15,0.9999999999999942,5.677674396897602e-15
belief,plate,48,1,True,74,44,80,64,6,14,10,54.0,0.46651452775081304,7.71793361058521,-0.07113646943858488,-0.004949748010850462,0.16933226543902472,0.34237923364466677,9.452981168680963e-05,0.6666666666666666,artifacts/goal_bowl_destination_steering_formal_original_phase/goal_bowl_destination_belief_plate_init48_repeat1_success.json,0.07723223517634163,0.9227677648236584,0.07723223517634163,0.041984171689228196,0.9580158283107718,0.041984171689228196,0.02598784402299536,0.9740121559770045,0.02598784402299536,0.01489851686753625,0.9851014831324638,0.01489851686753625,1.7297133324602381e-15,0.9999999999999982,1.7297133324602381e-15,nan,nan,nan,nan,nan,nan,nan,nan,nan,0.006672575913501486,0.9933274240864984,0.006672575913501486,0.00019011917034300545,0.9998098808296569,0.00019011917034300545,3.263160414318029e-07,0.9999996736839586,3.263160414318029e-07,2.930626001357021e-14,0.9999999999999707,2.930626001357021e-14
belief,plate,49,0,True,80,46,57,66,7,9,11,56.0,0.5057299641868119,8.481333984020305,-0.09953840845318407,-0.0826498103447945,0.06069126176040648,0.2679584044564145,-0.050236345357959025,0.8666666666666667,artifacts/goal_bowl_destination_steering_formal_original_phase/goal_bowl_destination_belief_plate_init49_repeat0_success.json,0.0036334871105777517,0.9963665128894222,0.0036334871105777517,0.0025198422313913154,0.9974801577686085,0.0025198422313913154,0.0018631903021536823,0.9981368096978463,0.0018631903021536823,0.0009701720379320017,0.999029827962068,0.0009701720379320017,0.0018631903021536823,0.9981368096978463,0.0018631903021536823,0.0009701720379320017,0.999029827962068,0.0009701720379320017,4.451494177117581e-05,0.9999554850582287,4.451494177117581e-05,4.461808924084376e-07,0.9999995538191077,4.461808924084376e-07,4.451494177117581e-05,0.9999554850582287,4.451494177117581e-05,4.461808924084376e-07,0.9999995538191077,4.461808924084376e-07,1.8240262614802293e-10,0.9999999998175975,1.8240262614802293e-10,3.229042847860879e-15,0.9999999999999967,3.229042847860879e-15
belief,plate,49,1,True,83,46,,64,7,,10,54.0,0.47970316110477446,8.454212134277595,-0.10948069974329765,-0.14392330419184918,-0.026349760477901555,0.17796855929949046,-0.08372647400224813,1.0,artifacts/goal_bowl_destination_steering_formal_original_phase/goal_bowl_destination_belief_plate_init49_repeat1_success.json,0.0005841131411416057,0.9994158868588585,0.0005841131411416057,0.00026634226558960167,0.9997336577344105,0.00026634226558960167,8.662940509644837e-05,0.9999133705949036,8.662940509644837e-05,4.1485084388253e-05,0.9999585149156117,4.1485084388253e-05,nan,nan,nan,nan,nan,nan,nan,nan,nan,nan,nan,nan,4.1485084388253e-05,0.9999585149156117,4.1485084388253e-05,5.9321895150061096e-06,0.9999940678104849,5.9321895150061096e-06,9.137610785613358e-08,0.9999999086238921,9.137610785613358e-08,3.53235909390737e-12,0.9999999999964677,3.53235909390737e-12
belief,plate,4,0,True,80,44,56,64,6,9,10,54.0,0.46274216139788443,8.029709859192058,-0.11126168637441257,-0.10869187357120105,0.027304689597504195,0.2032582223252735,-0.06562547114314835,0.9333333333333333,artifacts/goal_bowl_destination_steering_formal_original_phase/goal_bowl_destination_belief_plate_init4_repeat0_success.json,0.012948968581399118,0.9870510314186008,0.012948968581399118,0.03449700460059415,0.9655029953994059,0.03449700460059415,0.010063011100860058,0.98993698889914,0.010063011100860058,0.00037430935582737323,0.9996256906441726,0.00037430935582737323,0.00037430935582737323,0.9996256906441726,0.00037430935582737323,1.087886461552453e-05,0.9999891211353845,1.087886461552453e-05,1.3571443214648156e-07,0.9999998642855679,1.3571443214648156e-07,1.0226776291755917e-09,0.9999999989773223,1.0226776291755917e-09,1.087886461552453e-05,0.9999891211353845,1.087886461552453e-05,1.3571443214648156e-07,0.9999998642855679,1.3571443214648156e-07,1.0226776291755917e-09,0.9999999989773223,1.0226776291755917e-09,6.44245283966584e-15,0.9999999999999936,6.44245283966584e-15
belief,plate,4,1,True,77,45,65,66,7,11,11,56.0,0.45900303313570806,8.15124360862576,-0.06450963743716612,0.009300609376434302,0.20299249522997165,0.3951780296579233,0.012726304503596004,0.6,artifacts/goal_bowl_destination_steering_formal_original_phase/goal_bowl_destination_belief_plate_init4_repeat1_success.json,0.0007300663727483921,0.9992699336272515,0.0007300663727483921,0.0001915755653384742,0.9998084244346616,0.0001915755653384742,8.427040639560906e-06,0.9999915729593605,8.427040639560906e-06,4.122649388706722e-06,0.9999958773506114,4.122649388706722e-06,7.307517482311247e-08,0.9999999269248252,7.307517482311247e-08,1.9174577154752024e-09,0.9999999980825423,1.9174577154752024e-09,6.947611786551813e-14,0.9999999999999305,6.947611786551813e-14,3.3191735376686906e-16,0.9999999999999998,3.3191735376686906e-16,7.307517482311247e-08,0.9999999269248252,7.307517482311247e-08,1.9174577154752024e-09,0.9999999980825423,1.9174577154752024e-09,6.947611786551813e-14,0.9999999999999305,6.947611786551813e-14,3.3191735376686906e-16,0.9999999999999998,3.3191735376686906e-16
belief,plate,5,0,True,77,43,,64,6,,10,54.0,0.45286815073141956,7.861160773657874,-0.07361237257105104,-0.04191967367613879,0.1271555372886463,0.32104669967665644,-0.017304738185968775,0.7333333333333333,artifacts/goal_bowl_destination_steering_formal_original_phase/goal_bowl_destination_belief_plate_init5_repeat0_success.json,0.01300442805495344,0.9869955719450466,0.01300442805495344,0.006667820436607185,0.9933321795633928,0.006667820436607185,0.0035070818746898774,0.99649291812531,0.0035070818746898774,0.002860705619792086,0.9971392943802078,0.002860705619792086,nan,nan,nan,nan,nan,nan,nan,nan,nan,nan,nan,nan,0.0014926505484899747,0.9985073494515101,0.0014926505484899747,7.609010906887635e-05,0.9999239098909312,7.609010906887635e-05,6.834552639042121e-07,0.999999316544736,6.834552639042121e-07,2.0083225123919664e-12,0.9999999999979916,2.0083225123919664e-12
belief,plate,5,1,True,75,43,,63,6,,10,53.0,0.4596706473631804,7.82948891816118,-0.07321831979367356,0.0017132071148663823,0.2041070950015592,0.36693478495513315,0.006017497427102787,0.6,artifacts/goal_bowl_destination_steering_formal_original_phase/goal_bowl_destination_belief_plate_init5_repeat1_success.json,0.009011580708907948,0.990988419291092,0.009011580708907948,0.008691418654177142,0.9913085813458229,0.008691418654177142,0.0032367051718433333,0.9967632948281566,0.0032367051718433333,0.002431974818652886,0.997568025181347,0.002431974818652886,nan,nan,nan,nan,nan,nan,nan,nan,nan,nan,nan,nan,0.0008118566443206913,0.9991881433556794,0.0008118566443206913,6.470542907670277e-05,0.9999352945709233,6.470542907670277e-05,9.852463765104466e-08,0.9999999014753623,9.852463765104466e-08,1.2464331975353075e-14,0.9999999999999876,1.2464331975353075e-14
belief,plate,6,0,True,75,46,59,66,7,9,11,56.0,0.4617650992494674,8.83323965192114,-0.1122551439715382,-0.041682524475170867,0.18018393625076598,0.3398191471202829,-0.024929853103681544,0.7333333333333333,artifacts/goal_bowl_destination_steering_formal_original_phase/goal_bowl_destination_belief_plate_init6_repeat0_success.json,1.4648639578541906e-05,0.9999853513604214,1.4648639578541906e-05,8.902202211743015e-06,0.9999910977977884,8.902202211743015e-06,5.862584798365688e-06,0.9999941374152015,5.862584798365688e-06,1.8560249181870629e-06,0.9999981439750818,1.8560249181870629e-06,5.862584798365688e-06,0.9999941374152015,5.862584798365688e-06,1.8560249181870629e-06,0.9999981439750818,1.8560249181870629e-06,1.4196872629810205e-08,0.9999999858031274,1.4196872629810205e-08,1.9804524190775485e-11,0.9999999999801954,1.9804524190775485e-11,1.4196872629810205e-08,0.9999999858031274,1.4196872629810205e-08,1.9804524190775485e-11,0.9999999999801954,1.9804524190775485e-11,1.0727537333507361e-17,1.0,1.0727537333507361e-17,1.4871906529031583e-18,1.0,1.4871906529031583e-18
belief,plate,6,1,True,72,43,54,63,6,8,10,53.0,0.4521684336243701,8.409833547047143,-0.12547813194023932,-0.05911976882546778,0.15219077000022627,0.30700365606233126,-0.03984789704501784,0.7333333333333333,artifacts/goal_bowl_destination_steering_formal_original_phase/goal_bowl_destination_belief_plate_init6_repeat1_success.json,9.852782490200251e-05,0.999901472175098,9.852782490200251e-05,1.0835319180806136e-05,0.9999891646808192,1.0835319180806136e-05,9.793772671851946e-06,0.9999902062273281,9.793772671851946e-06,4.873979293187364e-06,0.9999951260207068,4.873979293187364e-06,9.793772671851946e-06,0.9999902062273281,9.793772671851946e-06,4.873979293187364e-06,0.9999951260207068,4.873979293187364e-06,1.6963477082998353e-07,0.9999998303652292,1.6963477082998353e-07,4.725558863828533e-10,0.999999999527444,4.725558863828533e-10,1.6963477082998353e-07,0.9999998303652292,1.6963477082998353e-07,4.725558863828533e-10,0.999999999527444,4.725558863828533e-10,9.118330356228959e-14,0.9999999999999087,9.118330356228959e-14,2.1602344011225875e-18,1.0,2.1602344011225875e-18
belief,plate,7,0,True,75,44,,64,6,,10,54.0,0.49217060804173673,8.269356682072337,-0.0640357666042574,0.011429979733779648,0.21135084565647108,0.3789590168989952,0.014975334111926444,0.6,artifacts/goal_bowl_destination_steering_formal_original_phase/goal_bowl_destination_belief_plate_init7_repeat0_success.json,0.03034312182270937,0.9696568781772907,0.03034312182270937,0.0007618128217146033,0.9992381871782856,0.0007618128217146033,0.00017671149431141778,0.9998232885056887,0.00017671149431141778,0.00010651643278887994,0.999893483567211,0.00010651643278887994,nan,nan,nan,nan,nan,nan,nan,nan,nan,nan,nan,nan,7.635438105765499e-05,0.9999236456189423,7.635438105765499e-05,2.0520995935542026e-06,0.9999979479004064,2.0520995935542026e-06,2.2904253758106545e-09,0.9999999977095746,2.2904253758106545e-09,4.560932432698223e-14,0.9999999999999545,4.560932432698223e-14
belief,plate,7,1,True,71,44,58,65,6,9,11,55.0,0.49000124743694223,8.247986969794662,0.0056132810506107364,0.1503928625900618,0.3588326834596364,0.392763284657832,0.09927573896344857,0.26666666666666666,artifacts/goal_bowl_destination_steering_formal_original_phase/goal_bowl_destination_belief_plate_init7_repeat1_success.json,0.07457337951707163,0.9254266204829285,0.07457337951707163,0.008666333884139664,0.9913336661158604,0.008666333884139664,0.0036005058885487246,0.9963994941114512,0.0036005058885487246,0.0011549933957501993,0.9988450066042498,0.0011549933957501993,0.0011549933957501993,0.9988450066042498,0.0011549933957501993,0.0007503888463549023,0.9992496111536452,0.0007503888463549023,1.2439919621000424e-05,0.9999875600803789,1.2439919621000424e-05,1.4384411393224845e-10,0.999999999856156,1.4384411393224845e-10,1.2439919621000424e-05,0.9999875600803789,1.2439919621000424e-05,1.4384411393224845e-10,0.999999999856156,1.4384411393224845e-10,4.503478620576666e-18,1.0,4.503478620576666e-18,2.7176845485302973e-18,1.0,2.7176845485302973e-18
belief,plate,8,0,True,78,45,57,65,7,9,11,55.0,0.48280869900636725,7.830019749884598,-0.07749534862449628,-0.03860714938600093,0.12625464602526693,0.2991849242440648,-0.01858960244757195,0.7333333333333333,artifacts/goal_bowl_destination_steering_formal_original_phase/goal_bowl_destination_belief_plate_init8_repeat0_success.json,4.420497442034042e-05,0.9999557950255797,4.420497442034042e-05,9.38749642860051e-07,0.9999990612503571,9.38749642860051e-07,7.347201429582989e-07,0.999999265279857,7.347201429582989e-07,6.677315783471601e-07,0.9999993322684217,6.677315783471601e-07,7.347201429582989e-07,0.999999265279857,7.347201429582989e-07,6.677315783471601e-07,0.9999993322684217,6.677315783471601e-07,6.548741770663786e-08,0.9999999345125824,6.548741770663786e-08,6.680143714836215e-11,0.9999999999331985,6.680143714836215e-11,6.548741770663786e-08,0.9999999345125824,6.548741770663786e-08,6.680143714836215e-11,0.9999999999331985,6.680143714836215e-11,1.4841895890875901e-15,0.9999999999999984,1.4841895890875901e-15,2.8063981441113852e-18,1.0,2.8063981441113852e-18
belief,plate,8,1,True,78,44,,65,6,,11,55.0,0.46546721133950286,7.909211263968361,-0.08174532080628424,-0.06396645638241345,0.12990693617165847,0.31633736929630457,-0.026235737105324335,0.7333333333333333,artifacts/goal_bowl_destination_steering_formal_original_phase/goal_bowl_destination_belief_plate_init8_repeat1_success.json,0.034195901329351235,0.9658040986706486,0.034195901329351235,0.00019416916213019328,0.9998058308378699,0.00019416916213019328,2.9490887807828346e-05,0.9999705091121922,2.9490887807828346e-05,1.3157604052144466e-05,0.9999868423959479,1.3157604052144466e-05,nan,nan,nan,nan,nan,nan,nan,nan,nan,nan,nan,nan,1.4531128285158588e-06,0.9999985468871714,1.4531128285158588e-06,2.216572844382561e-09,0.9999999977834271,2.216572844382561e-09,2.7899005225586853e-13,0.9999999999997211,2.7899005225586853e-13,1.8204804132199733e-18,1.0,1.8204804132199733e-18
belief,plate,9,0,True,77,47,58,67,7,9,11,57.0,0.48831015493545504,8.125565101703392,-0.08916367019911231,-0.01050838445694378,0.21976860827722952,0.42373200845506753,0.0002634565419362342,0.6666666666666666,artifacts/goal_bowl_destination_steering_formal_original_phase/goal_bowl_destination_belief_plate_init9_repeat0_success.json,0.0331654398351965,0.9668345601648034,0.0331654398351965,0.0060319139397275266,0.9939680860602723,0.0060319139397275266,0.0035002267647007966,0.9964997732352993,0.0035002267647007966,0.0019528123412864212,0.9980471876587137,0.0019528123412864212,0.0035002267647007966,0.9964997732352993,0.0035002267647007966,0.0019528123412864212,0.9980471876587137,0.0019528123412864212,0.0003121871055939902,0.999687812894406,0.0003121871055939902,6.832495723558272e-06,0.9999931675042764,6.832495723558272e-06,0.0003121871055939902,0.999687812894406,0.0003121871055939902,6.832495723558272e-06,0.9999931675042764,6.832495723558272e-06,3.4720102152219335e-09,0.9999999965279898,3.4720102152219335e-09,3.0228340229540694e-15,0.9999999999999969,3.0228340229540694e-15
belief,plate,9,1,True,84,47,57,69,7,9,11,59.0,0.48769517930505263,8.625886784910163,-0.07993467033412172,-0.08166557325886518,0.10782697455261436,0.3260491340550279,-0.03242564192993672,0.8,artifacts/goal_bowl_destination_steering_formal_original_phase/goal_bowl_destination_belief_plate_init9_repeat1_success.json,0.03548994467345808,0.9645100553265419,0.03548994467345808,0.0036981120351920666,0.996301887964808,0.0036981120351920666,0.001492643889266998,0.998507356110733,0.001492643889266998,0.0007731735977914243,0.9992268264022086,0.0007731735977914243,0.001492643889266998,0.998507356110733,0.001492643889266998,0.0007731735977914243,0.9992268264022086,0.0007731735977914243,0.0005338027908720376,0.999466197209128,0.0005338027908720376,7.207610497998164e-05,0.9999279238950199,7.207610497998164e-05,0.0005338027908720376,0.999466197209128,0.0005338027908720376,7.207610497998164e-05,0.9999279238950199,7.207610497998164e-05,1.0412949330354639e-07,0.9999998958705067,1.0412949330354639e-07,1.0863027770701652e-14,0.9999999999999891,1.0863027770701652e-14
time_decay,cabinet,0,0,True,85,40,49,58,6,7,9,48.0,0.4162864721786984,6.573881410650014,0.13471403150400493,0.335285446513238,0.5727678917570925,0.7970402752475647,0.24418316510367535,0.0,artifacts/goal_bowl_destination_steering_formal_original_phase/goal_bowl_destination_time_decay_cabinet_init0_repeat0_success.json,0.531441,nan,nan,0.4782969000000001,nan,nan,0.4304672100000001,nan,nan,0.3874204890000001,nan,nan,0.4782969000000001,nan,nan,0.4304672100000001,nan,nan,0.3874204890000001,nan,nan,0.3486784401000001,nan,nan,0.3874204890000001,nan,nan,0.3486784401000001,nan,nan,0.31381059609000006,nan,nan,0.2824295364810001,nan,nan
time_decay,cabinet,0,1,True,86,41,52,60,6,8,10,50.0,0.42601691812747894,6.953485878072525,0.13246356653954947,0.3361240134420608,0.5673916987246544,0.7845694215970431,0.2425886596431211,0.0,artifacts/goal_bowl_destination_steering_formal_original_phase/goal_bowl_destination_time_decay_cabinet_init0_repeat1_success.json,0.531441,nan,nan,0.4782969000000001,nan,nan,0.4304672100000001,nan,nan,0.3874204890000001,nan,nan,0.4304672100000001,nan,nan,0.3874204890000001,nan,nan,0.3486784401000001,nan,nan,0.31381059609000006,nan,nan,0.3486784401000001,nan,nan,0.31381059609000006,nan,nan,0.2824295364810001,nan,nan,0.2541865828329001,nan,nan
time_decay,cabinet,10,0,True,83,40,58,61,6,9,10,51.0,0.4333936042861416,7.8112869960843785,0.19571211737510613,0.4609867255883067,0.7523065733582568,0.9809129645101147,0.3323225529332299,0.0,artifacts/goal_bowl_destination_steering_formal_original_phase/goal_bowl_destination_time_decay_cabinet_init10_repeat0_success.json,0.531441,nan,nan,0.4782969000000001,nan,nan,0.4304672100000001,nan,nan,0.3874204890000001,nan,nan,0.3874204890000001,nan,nan,0.3486784401000001,nan,nan,0.31381059609000006,nan,nan,0.2824295364810001,nan,nan,0.3486784401000001,nan,nan,0.31381059609000006,nan,nan,0.2824295364810001,nan,nan,0.2541865828329001,nan,nan
time_decay,cabinet,10,1,True,81,40,53,60,6,8,10,50.0,0.42462930660524995,7.501389961766383,0.21109153409168285,0.4860075088683032,0.7782009075643964,1.0039908397244732,0.34951292067538936,0.0,artifacts/goal_bowl_destination_steering_formal_original_phase/goal_bowl_destination_time_decay_cabinet_init10_repeat1_success.json,0.531441,nan,nan,0.4782969000000001,nan,nan,0.4304672100000001,nan,nan,0.3874204890000001,nan,nan,0.4304672100000001,nan,nan,0.3874204890000001,nan,nan,0.3486784401000001,nan,nan,0.31381059609000006,nan,nan,0.3486784401000001,nan,nan,0.31381059609000006,nan,nan,0.2824295364810001,nan,nan,0.2541865828329001,nan,nan
time_decay,cabinet,11,0,True,109,35,,89,5,,15,79.0,0.6375882025827229,16.32288364808618,0.19124245110311075,0.4374451590592268,0.7149403644602057,0.9294468675479562,0.31701042433803817,0.0,artifacts/goal_bowl_destination_steering_formal_original_phase/goal_bowl_destination_time_decay_cabinet_init11_repeat0_success.json,0.5904900000000001,nan,nan,0.531441,nan,nan,0.4782969000000001,nan,nan,0.4304672100000001,nan,nan,nan,nan,nan,nan,nan,nan,nan,nan,nan,nan,nan,nan,0.20589113209464907,nan,nan,0.18530201888518416,nan,nan,0.16677181699666577,nan,nan,0.15009463529699918,nan,nan
time_decay,cabinet,11,1,True,116,38,117,91,5,21,16,81.0,0.6204982755254491,19.991239589482795,0.16755283404841523,0.3736150544556657,0.6550598949371217,0.9015219414445572,0.28298257148578027,0.0,artifacts/goal_bowl_destination_steering_formal_original_phase/goal_bowl_destination_time_decay_cabinet_init11_repeat1_success.json,0.5904900000000001,nan,nan,0.531441,nan,nan,0.4782969000000001,nan,nan,0.4304672100000001,nan,nan,0.10941898913151242,nan,nan,0.09847709021836118,nan,nan,0.08862938119652507,nan,nan,nan,nan,nan,0.18530201888518416,nan,nan,0.16677181699666577,nan,nan,0.15009463529699918,nan,nan,0.13508517176729928,nan,nan
time_decay,cabinet,12,0,True,82,37,55,55,5,9,9,45.0,0.43306029454423767,7.938497929520997,0.17169547298665958,0.4127262928928032,0.6800455736540307,0.90374529187863,0.2980312519376233,0.0,artifacts/goal_bowl_destination_steering_formal_original_phase/goal_bowl_destination_time_decay_cabinet_init12_repeat0_success.json,0.5904900000000001,nan,nan,0.531441,nan,nan,0.4782969000000001,nan,nan,0.4304672100000001,nan,nan,0.3874204890000001,nan,nan,0.3486784401000001,nan,nan,0.31381059609000006,nan,nan,0.2824295364810001,nan,nan,0.3874204890000001,nan,nan,0.3486784401000001,nan,nan,0.31381059609000006,nan,nan,0.2824295364810001,nan,nan
time_decay,cabinet,12,1,True,85,37,56,55,5,9,9,45.0,0.4363118608036834,7.710785510352455,0.172477737150986,0.4038784631428191,0.6624319273778168,0.8764866387348151,0.2928898845828074,0.0,artifacts/goal_bowl_destination_steering_formal_original_phase/goal_bowl_destination_time_decay_cabinet_init12_repeat1_success.json,0.5904900000000001,nan,nan,0.531441,nan,nan,0.4782969000000001,nan,nan,0.4304672100000001,nan,nan,0.3874204890000001,nan,nan,0.3486784401000001,nan,nan,0.31381059609000006,nan,nan,0.2824295364810001,nan,nan,0.3874204890000001,nan,nan,0.3486784401000001,nan,nan,0.31381059609000006,nan,nan,0.2824295364810001,nan,nan
time_decay,cabinet,13,0,True,76,35,47,54,5,7,8,44.0,0.41810345059643994,7.109667667969601,0.17803896429661448,0.4106146503501793,0.6615202961164262,0.8593382593652334,0.296911522735843,0.0,artifacts/goal_bowl_destination_steering_formal_original_phase/goal_bowl_destination_time_decay_cabinet_init13_repeat0_success.json,0.5904900000000001,nan,nan,0.531441,nan,nan,0.4782969000000001,nan,nan,0.4304672100000001,nan,nan,0.4782969000000001,nan,nan,0.4304672100000001,nan,nan,0.3874204890000001,nan,nan,0.3486784401000001,nan,nan,0.4304672100000001,nan,nan,0.3874204890000001,nan,nan,0.3486784401000001,nan,nan,0.31381059609000006,nan,nan
time_decay,cabinet,13,1,True,72,35,45,54,5,7,8,44.0,0.41270863282235015,6.939220683000371,0.17490288581008764,0.41426655370760374,0.6706951022665614,0.8685226651566501,0.2979539412068113,0.0,artifacts/goal_bowl_destination_steering_formal_original_phase/goal_bowl_destination_time_decay_cabinet_init13_repeat1_success.json,0.5904900000000001,nan,nan,0.531441,nan,nan,0.4782969000000001,nan,nan,0.4304672100000001,nan,nan,0.4782969000000001,nan,nan,0.4304672100000001,nan,nan,0.3874204890000001,nan,nan,0.3486784401000001,nan,nan,0.4304672100000001,nan,nan,0.3874204890000001,nan,nan,0.3486784401000001,nan,nan,0.31381059609000006,nan,nan
time_decay,cabinet,14,0,True,85,40,76,58,6,13,9,48.0,0.4120557547348211,6.8955333446292055,0.17718665855005133,0.41746208171858484,0.6947104367675725,0.9372342187202651,0.30427735258542227,0.0,artifacts/goal_bowl_destination_steering_formal_original_phase/goal_bowl_destination_time_decay_cabinet_init14_repeat0_success.json,0.531441,nan,nan,0.4782969000000001,nan,nan,0.4304672100000001,nan,nan,0.3874204890000001,nan,nan,0.2541865828329001,nan,nan,0.2287679245496101,nan,nan,0.20589113209464907,nan,nan,0.18530201888518416,nan,nan,0.3874204890000001,nan,nan,0.3486784401000001,nan,nan,0.31381059609000006,nan,nan,0.2824295364810001,nan,nan
time_decay,cabinet,14,1,True,77,40,62,59,6,10,9,49.0,0.4152268139047245,7.053595102292084,0.19706058764247736,0.45894802955051106,0.7605278520571074,1.0018852738423347,0.33389626662311145,0.0,artifacts/goal_bowl_destination_steering_formal_original_phase/goal_bowl_destination_time_decay_cabinet_init14_repeat1_success.json,0.531441,nan,nan,0.4782969000000001,nan,nan,0.4304672100000001,nan,nan,0.3874204890000001,nan,nan,0.3486784401000001,nan,nan,0.31381059609000006,nan,nan,0.2824295364810001,nan,nan,0.2541865828329001,nan,nan,0.3874204890000001,nan,nan,0.3486784401000001,nan,nan,0.31381059609000006,nan,nan,0.2824295364810001,nan,nan
time_decay,cabinet,15,0,True,77,35,46,53,5,7,8,43.0,0.41815240109924295,7.3626898880747005,0.2045020760885718,0.4673424381484986,0.7327835357944825,0.9351236256467836,0.33409808557039977,0.0,artifacts/goal_bowl_destination_steering_formal_original_phase/goal_bowl_destination_time_decay_cabinet_init15_repeat0_success.json,0.5904900000000001,nan,nan,0.531441,nan,nan,0.4782969000000001,nan,nan,0.4304672100000001,nan,nan,0.4782969000000001,nan,nan,0.4304672100000001,nan,nan,0.3874204890000001,nan,nan,0.3486784401000001,nan,nan,0.4304672100000001,nan,nan,0.3874204890000001,nan,nan,0.3486784401000001,nan,nan,0.31381059609000006,nan,nan
time_decay,cabinet,15,1,True,75,35,47,53,5,7,8,43.0,0.41391187498707865,6.786814815563589,0.18529619103569925,0.4223296088682944,0.6884208769862546,0.9052526908024777,0.3074550216863278,0.0,artifacts/goal_bowl_destination_steering_formal_original_phase/goal_bowl_destination_time_decay_cabinet_init15_repeat1_success.json,0.5904900000000001,nan,nan,0.531441,nan,nan,0.4782969000000001,nan,nan,0.4304672100000001,nan,nan,0.4782969000000001,nan,nan,0.4304672100000001,nan,nan,0.3874204890000001,nan,nan,0.3486784401000001,nan,nan,0.4304672100000001,nan,nan,0.3874204890000001,nan,nan,0.3486784401000001,nan,nan,0.31381059609000006,nan,nan
time_decay,cabinet,16,0,True,80,34,47,54,4,7,8,44.0,0.3925018606718505,7.315051390531999,0.18254312823429883,0.41685519466952614,0.6803758877257234,0.8894458488338269,0.303722766177581,0.0,artifacts/goal_bowl_destination_steering_formal_original_phase/goal_bowl_destination_time_decay_cabinet_init16_repeat0_success.json,0.6561,nan,nan,0.5904900000000001,nan,nan,0.531441,nan,nan,0.4782969000000001,nan,nan,0.4782969000000001,nan,nan,0.4304672100000001,nan,nan,0.3874204890000001,nan,nan,0.3486784401000001,nan,nan,0.4304672100000001,nan,nan,0.3874204890000001,nan,nan,0.3486784401000001,nan,nan,0.31381059609000006,nan,nan
time_decay,cabinet,16,1,True,105,34,45,89,4,7,15,79.0,0.633146385301579,16.08811663414508,0.15667770396316846,0.3634550884972308,0.6177476328361442,0.8467325343766036,0.26822421548431624,0.0,artifacts/goal_bowl_destination_steering_formal_original_phase/goal_bowl_destination_time_decay_cabinet_init16_repeat1_success.json,0.6561,nan,nan,0.5904900000000001,nan,nan,0.531441,nan,nan,0.4782969000000001,nan,nan,0.4782969000000001,nan,nan,0.4304672100000001,nan,nan,0.3874204890000001,nan,nan,0.3486784401000001,nan,nan,0.20589113209464907,nan,nan,0.18530201888518416,nan,nan,0.16677181699666577,nan,nan,0.15009463529699918,nan,nan
time_decay,cabinet,17,0,True,114,39,83,90,5,14,16,80.0,0.5297133395319547,21.635760932433026,0.19573655220933797,0.4425843649186908,0.7259418318282652,0.9640737142822798,0.32363619510500996,0.0,artifacts/goal_bowl_destination_steering_formal_original_phase/goal_bowl_destination_time_decay_cabinet_init17_repeat0_success.json,0.5904900000000001,nan,nan,0.531441,nan,nan,0.4782969000000001,nan,nan,0.4304672100000001,nan,nan,0.2287679245496101,nan,nan,0.20589113209464907,nan,nan,0.18530201888518416,nan,nan,0.16677181699666577,nan,nan,0.18530201888518416,nan,nan,0.16677181699666577,nan,nan,0.15009463529699918,nan,nan,0.13508517176729928,nan,nan
time_decay,cabinet,17,1,True,108,38,87,87,5,15,15,77.0,0.5557437971028317,14.8549745359824,0.1811552804724118,0.3989965207899057,0.6911131508921804,0.937969193906773,0.30062221972451164,0.0,artifacts/goal_bowl_destination_steering_formal_original_phase/goal_bowl_destination_time_decay_cabinet_init17_repeat1_success.json,0.5904900000000001,nan,nan,0.531441,nan,nan,0.4782969000000001,nan,nan,0.4304672100000001,nan,nan,0.20589113209464907,nan,nan,0.18530201888518416,nan,nan,0.16677181699666577,nan,nan,0.15009463529699918,nan,nan,0.20589113209464907,nan,nan,0.18530201888518416,nan,nan,0.16677181699666577,nan,nan,0.15009463529699918,nan,nan
time_decay,cabinet,18,0,True,84,43,54,61,6,8,10,51.0,0.4530167052074474,8.211956639152861,0.2482336267496431,0.5262153866048462,0.7946107407194996,1.0058568894219995,0.37778262328067536,0.0,artifacts/goal_bowl_destination_steering_formal_original_phase/goal_bowl_destination_time_decay_cabinet_init18_repeat0_success.json,0.531441,nan,nan,0.4782969000000001,nan,nan,0.4304672100000001,nan,nan,0.3874204890000001,nan,nan,0.4304672100000001,nan,nan,0.3874204890000001,nan,nan,0.3486784401000001,nan,nan,0.31381059609000006,nan,nan,0.3486784401000001,nan,nan,0.31381059609000006,nan,nan,0.2824295364810001,nan,nan,0.2541865828329001,nan,nan
time_decay,cabinet,18,1,True,84,43,53,61,6,8,10,51.0,0.4569777887334135,8.462674107883355,0.2631377109410361,0.5434431716863161,0.8097883132030542,1.0056428913924198,0.3915920361045617,0.0,artifacts/goal_bowl_destination_steering_formal_original_phase/goal_bowl_destination_time_decay_cabinet_init18_repeat1_success.json,0.531441,nan,nan,0.4782969000000001,nan,nan,0.4304672100000001,nan,nan,0.3874204890000001,nan,nan,0.4304672100000001,nan,nan,0.3874204890000001,nan,nan,0.3486784401000001,nan,nan,0.31381059609000006,nan,nan,0.3486784401000001,nan,nan,0.31381059609000006,nan,nan,0.2824295364810001,nan,nan,0.2541865828329001,nan,nan
time_decay,cabinet,19,0,True,76,35,47,53,5,7,8,43.0,0.3999328981811479,6.959410743149178,0.19768700609035192,0.4643619442820864,0.7494156748490096,0.9763471839790062,0.33348837069127,0.0,artifacts/goal_bowl_destination_steering_formal_original_phase/goal_bowl_destination_time_decay_cabinet_init19_repeat0_success.json,0.5904900000000001,nan,nan,0.531441,nan,nan,0.4782969000000001,nan,nan,0.4304672100000001,nan,nan,0.4782969000000001,nan,nan,0.4304672100000001,nan,nan,0.3874204890000001,nan,nan,0.3486784401000001,nan,nan,0.4304672100000001,nan,nan,0.3874204890000001,nan,nan,0.3486784401000001,nan,nan,0.31381059609000006,nan,nan
time_decay,cabinet,19,1,True,76,36,50,55,5,8,9,45.0,0.40149841750811605,6.895323640421728,0.17521419117418455,0.3808204106367464,0.6612213059073132,0.8973655638543984,0.2890225294095685,0.0,artifacts/goal_bowl_destination_steering_formal_original_phase/goal_bowl_destination_time_decay_cabinet_init19_repeat1_success.json,0.5904900000000001,nan,nan,0.531441,nan,nan,0.4782969000000001,nan,nan,0.4304672100000001,nan,nan,0.4304672100000001,nan,nan,0.3874204890000001,nan,nan,0.3486784401000001,nan,nan,0.31381059609000006,nan,nan,0.3874204890000001,nan,nan,0.3486784401000001,nan,nan,0.31381059609000006,nan,nan,0.2824295364810001,nan,nan
time_decay,cabinet,1,0,True,78,36,84,56,5,14,9,46.0,0.410626091373674,7.118919966661754,0.20664246414311824,0.4675753285424345,0.7521915449940464,0.9955045837414658,0.33916586728458065,0.0,artifacts/goal_bowl_destination_steering_formal_original_phase/goal_bowl_destination_time_decay_cabinet_init1_repeat0_success.json,0.5904900000000001,nan,nan,0.531441,nan,nan,0.4782969000000001,nan,nan,0.4304672100000001,nan,nan,0.2287679245496101,nan,nan,0.20589113209464907,nan,nan,nan,nan,nan,nan,nan,nan,0.3874204890000001,nan,nan,0.3486784401000001,nan,nan,0.31381059609000006,nan,nan,0.2824295364810001,nan,nan
time_decay,cabinet,1,1,True,79,38,81,57,5,14,9,47.0,0.41631482300351164,7.002163341233811,0.20322220275529046,0.46220553212418297,0.7496803390124666,0.9846307377401531,0.3360880788114438,0.0,artifacts/goal_bowl_destination_steering_formal_original_phase/goal_bowl_destination_time_decay_cabinet_init1_repeat1_success.json,0.5904900000000001,nan,nan,0.531441,nan,nan,0.4782969000000001,nan,nan,0.4304672100000001,nan,nan,0.2287679245496101,nan,nan,0.20589113209464907,nan,nan,nan,nan,nan,nan,nan,nan,0.3874204890000001,nan,nan,0.3486784401000001,nan,nan,0.31381059609000006,nan,nan,0.2824295364810001,nan,nan
time_decay,cabinet,20,0,True,78,35,51,53,5,8,8,43.0,0.4307438202364178,7.7345945872602,0.18715321710578997,0.4341849803175949,0.7083647719476386,0.9440966394399813,0.3150801557379412,0.0,artifacts/goal_bowl_destination_steering_formal_original_phase/goal_bowl_destination_time_decay_cabinet_init20_repeat0_success.json,0.5904900000000001,nan,nan,0.531441,nan,nan,0.4782969000000001,nan,nan,0.4304672100000001,nan,nan,0.4304672100000001,nan,nan,0.3874204890000001,nan,nan,0.3486784401000001,nan,nan,0.31381059609000006,nan,nan,0.4304672100000001,nan,nan,0.3874204890000001,nan,nan,0.3486784401000001,nan,nan,0.31381059609000006,nan,nan
time_decay,cabinet,20,1,True,82,36,56,55,5,9,9,45.0,0.4280570067660491,8.019568196168347,0.19018806357554527,0.41740474765271124,0.6928626393732086,0.9344930314746546,0.3093303343485637,0.0,artifacts/goal_bowl_destination_steering_formal_original_phase/goal_bowl_destination_time_decay_cabinet_init20_repeat1_success.json,0.5904900000000001,nan,nan,0.531441,nan,nan,0.4782969000000001,nan,nan,0.4304672100000001,nan,nan,0.3874204890000001,nan,nan,0.3486784401000001,nan,nan,0.31381059609000006,nan,nan,0.2824295364810001,nan,nan,0.3874204890000001,nan,nan,0.3486784401000001,nan,nan,0.31381059609000006,nan,nan,0.2824295364810001,nan,nan
time_decay,cabinet,21,0,True,77,39,52,57,5,8,9,47.0,0.42882068762874703,7.8033434591637985,0.218315464583957,0.4972808858132931,0.7916671208839278,1.0152682520205503,0.3579505156876138,0.0,artifacts/goal_bowl_destination_steering_formal_original_phase/goal_bowl_destination_time_decay_cabinet_init21_repeat0_success.json,0.5904900000000001,nan,nan,0.531441,nan,nan,0.4782969000000001,nan,nan,0.4304672100000001,nan,nan,0.4304672100000001,nan,nan,0.3874204890000001,nan,nan,0.3486784401000001,nan,nan,0.31381059609000006,nan,nan,0.3874204890000001,nan,nan,0.3486784401000001,nan,nan,0.31381059609000006,nan,nan,0.2824295364810001,nan,nan
time_decay,cabinet,21,1,True,77,40,52,57,6,8,9,47.0,0.43270043411872866,7.87251212766145,0.23465440455246048,0.5166708375123776,0.785237830605414,0.9876046948844825,0.3679820334140836,0.0,artifacts/goal_bowl_destination_steering_formal_original_phase/goal_bowl_destination_time_decay_cabinet_init21_repeat1_success.json,0.531441,nan,nan,0.4782969000000001,nan,nan,0.4304672100000001,nan,nan,0.3874204890000001,nan,nan,0.4304672100000001,nan,nan,0.3874204890000001,nan,nan,0.3486784401000001,nan,nan,0.31381059609000006,nan,nan,0.3874204890000001,nan,nan,0.3486784401000001,nan,nan,0.31381059609000006,nan,nan,0.2824295364810001,nan,nan
time_decay,cabinet,22,0,True,105,38,72,78,5,12,13,68.0,0.4547666926468444,12.730315079683482,0.19493560856055012,0.41421949642554917,0.6929798224641667,0.9446248362822459,0.3115817105971518,0.0,artifacts/goal_bowl_destination_steering_formal_original_phase/goal_bowl_destination_time_decay_cabinet_init22_repeat0_success.json,0.5904900000000001,nan,nan,0.531441,nan,nan,0.4782969000000001,nan,nan,0.4304672100000001,nan,nan,0.2824295364810001,nan,nan,0.2541865828329001,nan,nan,0.2287679245496101,nan,nan,0.20589113209464907,nan,nan,0.2541865828329001,nan,nan,0.2287679245496101,nan,nan,0.20589113209464907,nan,nan,0.18530201888518416,nan,nan
time_decay,cabinet,22,1,False,300,39,36,83,5,5,14,73.0,0.454898242742424,16.503976081990526,0.2116793490919849,0.4676335871784157,0.741563145463746,0.8622803738074915,0.3375956158379643,0.0,artifacts/goal_bowl_destination_steering_formal_original_phase/goal_bowl_destination_time_decay_cabinet_init22_repeat1_failure.json,0.5904900000000001,nan,nan,0.531441,nan,nan,0.4782969000000001,nan,nan,0.4304672100000001,nan,nan,0.5904900000000001,nan,nan,0.531441,nan,nan,0.4782969000000001,nan,nan,0.4304672100000001,nan,nan,0.2287679245496101,nan,nan,0.20589113209464907,nan,nan,0.18530201888518416,nan,nan,0.16677181699666577,nan,nan
time_decay,cabinet,23,0,True,78,41,52,59,6,8,9,49.0,0.406882334767349,8.03060464688157,0.2611219449446938,0.5454323290965367,0.8159663951489047,1.015945658911377,0.3926175041114866,0.0,artifacts/goal_bowl_destination_steering_formal_original_phase/goal_bowl_destination_time_decay_cabinet_init23_repeat0_success.json,0.531441,nan,nan,0.4782969000000001,nan,nan,0.4304672100000001,nan,nan,0.3874204890000001,nan,nan,0.4304672100000001,nan,nan,0.3874204890000001,nan,nan,0.3486784401000001,nan,nan,0.31381059609000006,nan,nan,0.3874204890000001,nan,nan,0.3486784401000001,nan,nan,0.31381059609000006,nan,nan,0.2824295364810001,nan,nan
time_decay,cabinet,23,1,True,81,41,52,59,6,8,9,49.0,0.4031122962212179,7.7002863037969105,0.23313678928964818,0.5097070873940072,0.7840838277418356,0.9968292313125091,0.3662387910196771,0.0,artifacts/goal_bowl_destination_steering_formal_original_phase/goal_bowl_destination_time_decay_cabinet_init23_repeat1_success.json,0.531441,nan,nan,0.4782969000000001,nan,nan,0.4304672100000001,nan,nan,0.3874204890000001,nan,nan,0.4304672100000001,nan,nan,0.3874204890000001,nan,nan,0.3486784401000001,nan,nan,0.31381059609000006,nan,nan,0.3874204890000001,nan,nan,0.3486784401000001,nan,nan,0.31381059609000006,nan,nan,0.2824295364810001,nan,nan
time_decay,cabinet,24,0,True,106,35,78,86,5,13,15,76.0,0.5928492374018189,15.297181121186675,0.21101272538189322,0.47263952422829875,0.7425346628248238,0.9503501861055645,0.3399102004865989,0.0,artifacts/goal_bowl_destination_steering_formal_original_phase/goal_bowl_destination_time_decay_cabinet_init24_repeat0_success.json,0.5904900000000001,nan,nan,0.531441,nan,nan,0.4782969000000001,nan,nan,0.4304672100000001,nan,nan,0.2541865828329001,nan,nan,0.2287679245496101,nan,nan,0.20589113209464907,nan,nan,0.18530201888518416,nan,nan,0.20589113209464907,nan,nan,0.18530201888518416,nan,nan,0.16677181699666577,nan,nan,0.15009463529699918,nan,nan
time_decay,cabinet,24,1,True,105,35,75,84,5,13,14,74.0,0.5984410677531294,14.505400659278106,0.2039146741797568,0.4639177241765002,0.7415400809139802,0.9496754436400903,0.33454357925536055,0.0,artifacts/goal_bowl_destination_steering_formal_original_phase/goal_bowl_destination_time_decay_cabinet_init24_repeat1_success.json,0.5904900000000001,nan,nan,0.531441,nan,nan,0.4782969000000001,nan,nan,0.4304672100000001,nan,nan,0.2541865828329001,nan,nan,0.2287679245496101,nan,nan,0.20589113209464907,nan,nan,0.18530201888518416,nan,nan,0.2287679245496101,nan,nan,0.20589113209464907,nan,nan,0.18530201888518416,nan,nan,0.16677181699666577,nan,nan
time_decay,cabinet,25,0,True,79,40,,58,6,,9,48.0,0.4604701123871708,7.8766983218030395,0.22305568415871507,0.484166532047927,0.7661941774306893,0.9970327579339934,0.35316119860135936,0.0,artifacts/goal_bowl_destination_steering_formal_original_phase/goal_bowl_destination_time_decay_cabinet_init25_repeat0_success.json,0.531441,nan,nan,0.4782969000000001,nan,nan,0.4304672100000001,nan,nan,0.3874204890000001,nan,nan,nan,nan,nan,nan,nan,nan,nan,nan,nan,nan,nan,nan,0.3874204890000001,nan,nan,0.3486784401000001,nan,nan,0.31381059609000006,nan,nan,0.2824295364810001,nan,nan
time_decay,cabinet,25,1,True,79,40,84,59,6,14,9,49.0,0.47171458440256037,8.223796598714177,0.2247159973461209,0.4934247316760698,0.7757585058725074,0.9955611618794895,0.3572582416241725,0.0,artifacts/goal_bowl_destination_steering_formal_original_phase/goal_bowl_destination_time_decay_cabinet_init25_repeat1_success.json,0.531441,nan,nan,0.4782969000000001,nan,nan,0.4304672100000001,nan,nan,0.3874204890000001,nan,nan,0.2287679245496101,nan,nan,0.20589113209464907,nan,nan,nan,nan,nan,nan,nan,nan,0.3874204890000001,nan,nan,0.3486784401000001,nan,nan,0.31381059609000006,nan,nan,0.2824295364810001,nan,nan
time_decay,cabinet,26,0,True,85,40,57,60,6,9,10,50.0,0.45660690861955344,7.637523901391698,0.164021000287119,0.3979067863769386,0.6667100388117035,0.8908258793623252,0.28816125966377165,0.0,artifacts/goal_bowl_destination_steering_formal_original_phase/goal_bowl_destination_time_decay_cabinet_init26_repeat0_success.json,0.531441,nan,nan,0.4782969000000001,nan,nan,0.4304672100000001,nan,nan,0.3874204890000001,nan,nan,0.3874204890000001,nan,nan,0.3486784401000001,nan,nan,0.31381059609000006,nan,nan,0.2824295364810001,nan,nan,0.3486784401000001,nan,nan,0.31381059609000006,nan,nan,0.2824295364810001,nan,nan,0.2541865828329001,nan,nan
time_decay,cabinet,26,1,True,83,40,55,63,6,9,10,53.0,0.46329776108083626,7.78107762091659,0.18802025905300013,0.4483647657277448,0.7190061883800966,0.9186590395384034,0.32020802903276635,0.0,artifacts/goal_bowl_destination_steering_formal_original_phase/goal_bowl_destination_time_decay_cabinet_init26_repeat1_success.json,0.531441,nan,nan,0.4782969000000001,nan,nan,0.4304672100000001,nan,nan,0.3874204890000001,nan,nan,0.3874204890000001,nan,nan,0.3486784401000001,nan,nan,0.31381059609000006,nan,nan,0.2824295364810001,nan,nan,0.3486784401000001,nan,nan,0.31381059609000006,nan,nan,0.2824295364810001,nan,nan,0.2541865828329001,nan,nan
time_decay,cabinet,27,0,True,79,37,62,55,5,10,9,45.0,0.4243449299057363,7.273519125856731,0.1992206225142031,0.44480444382759016,0.7287715742264058,0.9630276614928647,0.3260479065598678,0.0,artifacts/goal_bowl_destination_steering_formal_original_phase/goal_bowl_destination_time_decay_cabinet_init27_repeat0_success.json,0.5904900000000001,nan,nan,0.531441,nan,nan,0.4782969000000001,nan,nan,0.4304672100000001,nan,nan,0.3486784401000001,nan,nan,0.31381059609000006,nan,nan,0.2824295364810001,nan,nan,0.2541865828329001,nan,nan,0.3874204890000001,nan,nan,0.3486784401000001,nan,nan,0.31381059609000006,nan,nan,0.2824295364810001,nan,nan
time_decay,cabinet,27,1,True,79,36,47,55,5,7,9,45.0,0.4366572929110799,7.628196620977843,0.21982306972451093,0.4890548557472405,0.7336810963026194,0.9279074588311529,0.346524459239793,0.0,artifacts/goal_bowl_destination_steering_formal_original_phase/goal_bowl_destination_time_decay_cabinet_init27_repeat1_success.json,0.5904900000000001,nan,nan,0.531441,nan,nan,0.4782969000000001,nan,nan,0.4304672100000001,nan,nan,0.4782969000000001,nan,nan,0.4304672100000001,nan,nan,0.3874204890000001,nan,nan,0.3486784401000001,nan,nan,0.3874204890000001,nan,nan,0.3486784401000001,nan,nan,0.31381059609000006,nan,nan,0.2824295364810001,nan,nan
time_decay,cabinet,28,0,True,80,40,52,60,6,8,10,50.0,0.45766179710402166,7.505506395422893,0.16773953036651099,0.3669520943926497,0.6114577070509057,0.8109525283605757,0.27287241472229007,0.0,artifacts/goal_bowl_destination_steering_formal_original_phase/goal_bowl_destination_time_decay_cabinet_init28_repeat0_success.json,0.531441,nan,nan,0.4782969000000001,nan,nan,0.4304672100000001,nan,nan,0.3874204890000001,nan,nan,0.4304672100000001,nan,nan,0.3874204890000001,nan,nan,0.3486784401000001,nan,nan,0.31381059609000006,nan,nan,0.3486784401000001,nan,nan,0.31381059609000006,nan,nan,0.2824295364810001,nan,nan,0.2541865828329001,nan,nan
time_decay,cabinet,28,1,True,81,40,52,59,6,8,9,49.0,0.4544436333753857,7.446999719703965,0.16949174133637923,0.39023835599329704,0.6377812834573678,0.8343036493894952,0.2837478552686403,0.0,artifacts/goal_bowl_destination_steering_formal_original_phase/goal_bowl_destination_time_decay_cabinet_init28_repeat1_success.json,0.531441,nan,nan,0.4782969000000001,nan,nan,0.4304672100000001,nan,nan,0.3874204890000001,nan,nan,0.4304672100000001,nan,nan,0.3874204890000001,nan,nan,0.3486784401000001,nan,nan,0.31381059609000006,nan,nan,0.3874204890000001,nan,nan,0.3486784401000001,nan,nan,0.31381059609000006,nan,nan,0.2824295364810001,nan,nan
time_decay,cabinet,29,0,True,79,41,52,58,6,8,9,48.0,0.4233655431958159,7.953993888485096,0.21777614075610263,0.4980113210017916,0.7735639141466716,0.988448473462347,0.35397257117282954,0.0,artifacts/goal_bowl_destination_steering_formal_original_phase/goal_bowl_destination_time_decay_cabinet_init29_repeat0_success.json,0.531441,nan,nan,0.4782969000000001,nan,nan,0.4304672100000001,nan,nan,0.3874204890000001,nan,nan,0.4304672100000001,nan,nan,0.3874204890000001,nan,nan,0.3486784401000001,nan,nan,0.31381059609000006,nan,nan,0.3874204890000001,nan,nan,0.3486784401000001,nan,nan,0.31381059609000006,nan,nan,0.2824295364810001,nan,nan
time_decay,cabinet,29,1,True,73,35,46,54,5,7,8,44.0,0.41028440950688055,7.284612382638751,0.22432113196295758,0.502526409729145,0.7810739036159141,0.9888854425501813,0.35882984138156065,0.0,artifacts/goal_bowl_destination_steering_formal_original_phase/goal_bowl_destination_time_decay_cabinet_init29_repeat1_success.json,0.5904900000000001,nan,nan,0.531441,nan,nan,0.4782969000000001,nan,nan,0.4304672100000001,nan,nan,0.4782969000000001,nan,nan,0.4304672100000001,nan,nan,0.3874204890000001,nan,nan,0.3486784401000001,nan,nan,0.4304672100000001,nan,nan,0.3874204890000001,nan,nan,0.3486784401000001,nan,nan,0.31381059609000006,nan,nan
time_decay,cabinet,2,0,True,80,38,49,56,5,7,9,46.0,0.42844866176799845,7.859534398378509,0.20894105127924922,0.47954751729935974,0.7497441050433873,0.9462925145896782,0.341867620231921,0.0,artifacts/goal_bowl_destination_steering_formal_original_phase/goal_bowl_destination_time_decay_cabinet_init2_repeat0_success.json,0.5904900000000001,nan,nan,0.531441,nan,nan,0.4782969000000001,nan,nan,0.4304672100000001,nan,nan,0.4782969000000001,nan,nan,0.4304672100000001,nan,nan,0.3874204890000001,nan,nan,0.3486784401000001,nan,nan,0.3874204890000001,nan,nan,0.3486784401000001,nan,nan,0.31381059609000006,nan,nan,0.2824295364810001,nan,nan
time_decay,cabinet,2,1,True,83,37,48,55,5,7,9,45.0,0.4251442971707947,7.821183274945795,0.17596931360711182,0.3699981442642622,0.6088792337659653,0.838251795609061,0.2774888698019827,0.0,artifacts/goal_bowl_destination_steering_formal_original_phase/goal_bowl_destination_time_decay_cabinet_init2_repeat1_success.json,0.5904900000000001,nan,nan,0.531441,nan,nan,0.4782969000000001,nan,nan,0.4304672100000001,nan,nan,0.4782969000000001,nan,nan,0.4304672100000001,nan,nan,0.3874204890000001,nan,nan,0.3486784401000001,nan,nan,0.3874204890000001,nan,nan,0.3486784401000001,nan,nan,0.31381059609000006,nan,nan,0.2824295364810001,nan,nan
time_decay,cabinet,30,0,True,82,38,57,57,5,9,9,47.0,0.4381785600133931,7.555890237668279,0.1796793890479878,0.3908167868222729,0.669263925906765,0.9256496341523631,0.2948076420876149,0.0,artifacts/goal_bowl_destination_steering_formal_original_phase/goal_bowl_destination_time_decay_cabinet_init30_repeat0_success.json,0.5904900000000001,nan,nan,0.531441,nan,nan,0.4782969000000001,nan,nan,0.4304672100000001,nan,nan,0.3874204890000001,nan,nan,0.3486784401000001,nan,nan,0.31381059609000006,nan,nan,0.2824295364810001,nan,nan,0.3874204890000001,nan,nan,0.3486784401000001,nan,nan,0.31381059609000006,nan,nan,0.2824295364810001,nan,nan
time_decay,cabinet,30,1,True,82,39,53,58,5,8,9,48.0,0.445019082404701,7.835326212214218,0.1953110902345994,0.4465708115717274,0.7347925552529376,0.9816530139214714,0.3258743407314396,0.0,artifacts/goal_bowl_destination_steering_formal_original_phase/goal_bowl_destination_time_decay_cabinet_init30_repeat1_success.json,0.5904900000000001,nan,nan,0.531441,nan,nan,0.4782969000000001,nan,nan,0.4304672100000001,nan,nan,0.4304672100000001,nan,nan,0.3874204890000001,nan,nan,0.3486784401000001,nan,nan,0.31381059609000006,nan,nan,0.3874204890000001,nan,nan,0.3486784401000001,nan,nan,0.31381059609000006,nan,nan,0.2824295364810001,nan,nan
time_decay,cabinet,31,0,True,70,35,45,52,5,7,8,42.0,0.400318388849766,6.738519976011499,0.2187882107564241,0.49357111539914483,0.7807251409106561,0.9864914986815464,0.35507142626896077,0.0,artifacts/goal_bowl_destination_steering_formal_original_phase/goal_bowl_destination_time_decay_cabinet_init31_repeat0_success.json,0.5904900000000001,nan,nan,0.531441,nan,nan,0.4782969000000001,nan,nan,0.4304672100000001,nan,nan,0.4782969000000001,nan,nan,0.4304672100000001,nan,nan,0.3874204890000001,nan,nan,0.3486784401000001,nan,nan,0.4304672100000001,nan,nan,0.3874204890000001,nan,nan,0.3486784401000001,nan,nan,0.31381059609000006,nan,nan
time_decay,cabinet,31,1,True,71,37,48,55,5,7,9,45.0,0.41578525917766057,7.152549293311759,0.23216332261358866,0.5287246959283157,0.8114883212500981,0.9905386624966027,0.37476887751676324,0.0,artifacts/goal_bowl_destination_steering_formal_original_phase/goal_bowl_destination_time_decay_cabinet_init31_repeat1_success.json,0.5904900000000001,nan,nan,0.531441,nan,nan,0.4782969000000001,nan,nan,0.4304672100000001,nan,nan,0.4782969000000001,nan,nan,0.4304672100000001,nan,nan,0.3874204890000001,nan,nan,0.3486784401000001,nan,nan,0.3874204890000001,nan,nan,0.3486784401000001,nan,nan,0.31381059609000006,nan,nan,0.2824295364810001,nan,nan
time_decay,cabinet,32,0,True,77,34,49,53,4,7,8,43.0,0.40237576718548057,7.429460965296869,0.16781873575633494,0.3941654335115762,0.6813473626794395,0.9330941996119959,0.29273505249746135,0.0,artifacts/goal_bowl_destination_steering_formal_original_phase/goal_bowl_destination_time_decay_cabinet_init32_repeat0_success.json,0.6561,nan,nan,0.5904900000000001,nan,nan,0.531441,nan,nan,0.4782969000000001,nan,nan,0.4782969000000001,nan,nan,0.4304672100000001,nan,nan,0.3874204890000001,nan,nan,0.3486784401000001,nan,nan,0.4304672100000001,nan,nan,0.3874204890000001,nan,nan,0.3486784401000001,nan,nan,0.31381059609000006,nan,nan
time_decay,cabinet,32,1,True,80,36,57,57,5,9,9,47.0,0.4029978196910532,7.758300798954563,0.20800980924357682,0.4795698189328414,0.754607903882909,0.9770165590951597,0.3422178647353212,0.0,artifacts/goal_bowl_destination_steering_formal_original_phase/goal_bowl_destination_time_decay_cabinet_init32_repeat1_success.json,0.5904900000000001,nan,nan,0.531441,nan,nan,0.4782969000000001,nan,nan,0.4304672100000001,nan,nan,0.3874204890000001,nan,nan,0.3486784401000001,nan,nan,0.31381059609000006,nan,nan,0.2824295364810001,nan,nan,0.3874204890000001,nan,nan,0.3486784401000001,nan,nan,0.31381059609000006,nan,nan,0.2824295364810001,nan,nan
time_decay,cabinet,33,0,True,78,34,54,55,4,8,9,45.0,0.3993675425832,7.166576261116783,0.190574997656487,0.45172048712710733,0.7440187585582264,0.9811345650027464,0.32681798773548065,0.0,artifacts/goal_bowl_destination_steering_formal_original_phase/goal_bowl_destination_time_decay_cabinet_init33_repeat0_success.json,0.6561,nan,nan,0.5904900000000001,nan,nan,0.531441,nan,nan,0.4782969000000001,nan,nan,0.4304672100000001,nan,nan,0.3874204890000001,nan,nan,0.3486784401000001,nan,nan,0.31381059609000006,nan,nan,0.3874204890000001,nan,nan,0.3486784401000001,nan,nan,0.31381059609000006,nan,nan,0.2824295364810001,nan,nan
time_decay,cabinet,33,1,True,75,33,49,52,4,7,8,42.0,0.39683709646770726,6.850046197662269,0.20049474814787863,0.4653560640806632,0.7492807560503586,0.9701625442138687,0.3349495013731757,0.0,artifacts/goal_bowl_destination_steering_formal_original_phase/goal_bowl_destination_time_decay_cabinet_init33_repeat1_success.json,0.6561,nan,nan,0.5904900000000001,nan,nan,0.531441,nan,nan,0.4782969000000001,nan,nan,0.4782969000000001,nan,nan,0.4304672100000001,nan,nan,0.3874204890000001,nan,nan,0.3486784401000001,nan,nan,0.4304672100000001,nan,nan,0.3874204890000001,nan,nan,0.3486784401000001,nan,nan,0.31381059609000006,nan,nan
time_decay,cabinet,34,0,True,85,36,62,58,5,10,9,48.0,0.42709021986321904,8.234920209361983,0.16245428865682973,0.3804360977366166,0.6376495404406418,0.8632692659164967,0.2782036232315455,0.0,artifacts/goal_bowl_destination_steering_formal_original_phase/goal_bowl_destination_time_decay_cabinet_init34_repeat0_success.json,0.5904900000000001,nan,nan,0.531441,nan,nan,0.4782969000000001,nan,nan,0.4304672100000001,nan,nan,0.3486784401000001,nan,nan,0.31381059609000006,nan,nan,0.2824295364810001,nan,nan,0.2541865828329001,nan,nan,0.3874204890000001,nan,nan,0.3486784401000001,nan,nan,0.31381059609000006,nan,nan,0.2824295364810001,nan,nan
time_decay,cabinet,34,1,True,94,36,71,58,5,12,9,48.0,0.42373864923566407,8.171671939348695,0.15837266063619845,0.38123701383858194,0.6418571384029446,0.8640350181250228,0.27736282454304456,0.0,artifacts/goal_bowl_destination_steering_formal_original_phase/goal_bowl_destination_time_decay_cabinet_init34_repeat1_success.json,0.5904900000000001,nan,nan,0.531441,nan,nan,0.4782969000000001,nan,nan,0.4304672100000001,nan,nan,0.2824295364810001,nan,nan,0.2541865828329001,nan,nan,0.2287679245496101,nan,nan,0.20589113209464907,nan,nan,0.3874204890000001,nan,nan,0.3486784401000001,nan,nan,0.31381059609000006,nan,nan,0.2824295364810001,nan,nan
time_decay,cabinet,35,0,True,93,35,54,54,5,8,8,44.0,0.3866297179331387,7.382653325215618,0.2025148679186771,0.48259494108526735,0.772334947729836,0.9796522708887906,0.3425019668631134,0.0,artifacts/goal_bowl_destination_steering_formal_original_phase/goal_bowl_destination_time_decay_cabinet_init35_repeat0_success.json,0.5904900000000001,nan,nan,0.531441,nan,nan,0.4782969000000001,nan,nan,0.4304672100000001,nan,nan,0.4304672100000001,nan,nan,0.3874204890000001,nan,nan,0.3486784401000001,nan,nan,0.31381059609000006,nan,nan,0.4304672100000001,nan,nan,0.3874204890000001,nan,nan,0.3486784401000001,nan,nan,0.31381059609000006,nan,nan
time_decay,cabinet,35,1,True,91,35,68,54,5,11,8,44.0,0.3952853389983587,7.071175033640662,0.19948364032989233,0.4791159635651127,0.7666779916128424,0.9723675339826591,0.3398541349313036,0.0,artifacts/goal_bowl_destination_steering_formal_original_phase/goal_bowl_destination_time_decay_cabinet_init35_repeat1_success.json,0.5904900000000001,nan,nan,0.531441,nan,nan,0.4782969000000001,nan,nan,0.4304672100000001,nan,nan,0.31381059609000006,nan,nan,0.2824295364810001,nan,nan,0.2541865828329001,nan,nan,0.2287679245496101,nan,nan,0.4304672100000001,nan,nan,0.3874204890000001,nan,nan,0.3486784401000001,nan,nan,0.31381059609000006,nan,nan
time_decay,cabinet,36,0,True,98,36,60,60,5,10,10,50.0,0.4216353061601364,6.927215082209794,0.18799576699134524,0.4315808272377204,0.7113773233632368,0.9105562731583071,0.31388451244240806,0.0,artifacts/goal_bowl_destination_steering_formal_original_phase/goal_bowl_destination_time_decay_cabinet_init36_repeat0_success.json,0.5904900000000001,nan,nan,0.531441,nan,nan,0.4782969000000001,nan,nan,0.4304672100000001,nan,nan,0.3486784401000001,nan,nan,0.31381059609000006,nan,nan,0.2824295364810001,nan,nan,0.2541865828329001,nan,nan,0.3486784401000001,nan,nan,0.31381059609000006,nan,nan,0.2824295364810001,nan,nan,0.2541865828329001,nan,nan
time_decay,cabinet,36,1,True,77,35,49,57,5,7,9,47.0,0.4189585778305197,6.867941999426308,0.23256949915924335,0.5121250107060699,0.7836197912690729,0.9696645029572576,0.36615964027894154,0.0,artifacts/goal_bowl_destination_steering_formal_original_phase/goal_bowl_destination_time_decay_cabinet_init36_repeat1_success.json,0.5904900000000001,nan,nan,0.531441,nan,nan,0.4782969000000001,nan,nan,0.4304672100000001,nan,nan,0.4782969000000001,nan,nan,0.4304672100000001,nan,nan,0.3874204890000001,nan,nan,0.3486784401000001,nan,nan,0.3874204890000001,nan,nan,0.3486784401000001,nan,nan,0.31381059609000006,nan,nan,0.2824295364810001,nan,nan
time_decay,cabinet,37,0,True,80,38,50,57,5,8,9,47.0,0.40823410155679984,6.810873445503912,0.1743145008530465,0.40165135056267265,0.6618518630447229,0.8784520092583105,0.29342300772059415,0.0,artifacts/goal_bowl_destination_steering_formal_original_phase/goal_bowl_destination_time_decay_cabinet_init37_repeat0_success.json,0.5904900000000001,nan,nan,0.531441,nan,nan,0.4782969000000001,nan,nan,0.4304672100000001,nan,nan,0.4304672100000001,nan,nan,0.3874204890000001,nan,nan,0.3486784401000001,nan,nan,0.31381059609000006,nan,nan,0.3874204890000001,nan,nan,0.3486784401000001,nan,nan,0.31381059609000006,nan,nan,0.2824295364810001,nan,nan
time_decay,cabinet,37,1,True,76,38,50,56,5,8,9,46.0,0.4132994420290015,7.0382242724145705,0.182197565355658,0.4237292091205297,0.6866659126059507,0.8905871833473369,0.3064857528542452,0.0,artifacts/goal_bowl_destination_steering_formal_original_phase/goal_bowl_destination_time_decay_cabinet_init37_repeat1_success.json,0.5904900000000001,nan,nan,0.531441,nan,nan,0.4782969000000001,nan,nan,0.4304672100000001,nan,nan,0.4304672100000001,nan,nan,0.3874204890000001,nan,nan,0.3486784401000001,nan,nan,0.31381059609000006,nan,nan,0.3874204890000001,nan,nan,0.3486784401000001,nan,nan,0.31381059609000006,nan,nan,0.2824295364810001,nan,nan
time_decay,cabinet,38,0,True,112,41,80,88,6,14,15,78.0,0.5480475556038553,14.938050136261102,0.1964657034509636,0.4441472682573513,0.7308402456421141,0.9564832070509998,0.3249420400657783,0.0,artifacts/goal_bowl_destination_steering_formal_original_phase/goal_bowl_destination_time_decay_cabinet_init38_repeat0_success.json,0.531441,nan,nan,0.4782969000000001,nan,nan,0.4304672100000001,nan,nan,0.3874204890000001,nan,nan,0.2287679245496101,nan,nan,0.20589113209464907,nan,nan,0.18530201888518416,nan,nan,0.16677181699666577,nan,nan,0.20589113209464907,nan,nan,0.18530201888518416,nan,nan,0.16677181699666577,nan,nan,0.15009463529699918,nan,nan
time_decay,cabinet,38,1,True,110,39,78,86,5,13,15,76.0,0.5428150128884319,15.295001154053073,0.1698301218875638,0.4097218982699574,0.7014831586041362,0.9481243062504154,0.30068562974108076,0.0,artifacts/goal_bowl_destination_steering_formal_original_phase/goal_bowl_destination_time_decay_cabinet_init38_repeat1_success.json,0.5904900000000001,nan,nan,0.531441,nan,nan,0.4782969000000001,nan,nan,0.4304672100000001,nan,nan,0.2541865828329001,nan,nan,0.2287679245496101,nan,nan,0.20589113209464907,nan,nan,0.18530201888518416,nan,nan,0.20589113209464907,nan,nan,0.18530201888518416,nan,nan,0.16677181699666577,nan,nan,0.15009463529699918,nan,nan
time_decay,cabinet,39,0,True,107,42,78,85,6,13,15,75.0,0.514817380788851,13.7250577732203,0.17851245137749486,0.41255176336696425,0.7070036528766814,0.9660276341703724,0.30632569678912597,0.0,artifacts/goal_bowl_destination_steering_formal_original_phase/goal_bowl_destination_time_decay_cabinet_init39_repeat0_success.json,0.531441,nan,nan,0.4782969000000001,nan,nan,0.4304672100000001,nan,nan,0.3874204890000001,nan,nan,0.2541865828329001,nan,nan,0.2287679245496101,nan,nan,0.20589113209464907,nan,nan,0.18530201888518416,nan,nan,0.20589113209464907,nan,nan,0.18530201888518416,nan,nan,0.16677181699666577,nan,nan,0.15009463529699918,nan,nan
time_decay,cabinet,39,1,True,109,40,76,83,6,13,14,73.0,0.5185215562148283,14.08871451695423,0.19972867689753235,0.4346651338222726,0.7120323287457335,0.9565375091605757,0.3214717039626168,0.0,artifacts/goal_bowl_destination_steering_formal_original_phase/goal_bowl_destination_time_decay_cabinet_init39_repeat1_success.json,0.531441,nan,nan,0.4782969000000001,nan,nan,0.4304672100000001,nan,nan,0.3874204890000001,nan,nan,0.2541865828329001,nan,nan,0.2287679245496101,nan,nan,0.20589113209464907,nan,nan,0.18530201888518416,nan,nan,0.2287679245496101,nan,nan,0.20589113209464907,nan,nan,0.18530201888518416,nan,nan,0.16677181699666577,nan,nan
time_decay,cabinet,3,0,False,300,42,,61,6,,10,51.0,0.4579047609383514,7.873306198539023,0.1877201476247046,0.43540536810247804,0.7254790228622253,0.9449583290318628,0.3186032602332479,0.0,artifacts/goal_bowl_destination_steering_formal_original_phase/goal_bowl_destination_time_decay_cabinet_init3_repeat0_failure.json,0.531441,nan,nan,0.4782969000000001,nan,nan,0.4304672100000001,nan,nan,0.3874204890000001,nan,nan,nan,nan,nan,nan,nan,nan,nan,nan,nan,nan,nan,nan,0.3486784401000001,nan,nan,0.31381059609000006,nan,nan,0.2824295364810001,nan,nan,0.2541865828329001,nan,nan
time_decay,cabinet,3,1,True,87,41,56,58,6,9,9,48.0,0.4367785213400015,7.33645542379657,0.16575753387066705,0.3637859328845202,0.6322671338928736,0.8881841629238569,0.2754331260930943,0.0,artifacts/goal_bowl_destination_steering_formal_original_phase/goal_bowl_destination_time_decay_cabinet_init3_repeat1_success.json,0.531441,nan,nan,0.4782969000000001,nan,nan,0.4304672100000001,nan,nan,0.3874204890000001,nan,nan,0.3874204890000001,nan,nan,0.3486784401000001,nan,nan,0.31381059609000006,nan,nan,0.2824295364810001,nan,nan,0.3874204890000001,nan,nan,0.3486784401000001,nan,nan,0.31381059609000006,nan,nan,0.2824295364810001,nan,nan
time_decay,cabinet,40,0,True,125,37,90,96,5,16,17,86.0,0.6283451949345313,30.269072231640255,0.16963110306707124,0.36600926626689045,0.5905137401806421,0.7906275378609812,0.2699262995440558,0.0,artifacts/goal_bowl_destination_steering_formal_original_phase/goal_bowl_destination_time_decay_cabinet_init40_repeat0_success.json,0.5904900000000001,nan,nan,0.531441,nan,nan,0.4782969000000001,nan,nan,0.4304672100000001,nan,nan,0.18530201888518416,nan,nan,0.16677181699666577,nan,nan,0.15009463529699918,nan,nan,0.13508517176729928,nan,nan,0.16677181699666577,nan,nan,0.15009463529699918,nan,nan,0.13508517176729928,nan,nan,0.12157665459056935,nan,nan
time_decay,cabinet,40,1,True,109,38,36,88,5,5,15,78.0,0.6214311949505485,14.84991628499532,0.2089619023133673,0.48772222636675544,0.7659558876648271,0.9676690772411255,0.3468217051263719,0.0,artifacts/goal_bowl_destination_steering_formal_original_phase/goal_bowl_destination_time_decay_cabinet_init40_repeat1_success.json,0.5904900000000001,nan,nan,0.531441,nan,nan,0.4782969000000001,nan,nan,0.4304672100000001,nan,nan,0.5904900000000001,nan,nan,0.531441,nan,nan,0.4782969000000001,nan,nan,0.4304672100000001,nan,nan,0.20589113209464907,nan,nan,0.18530201888518416,nan,nan,0.16677181699666577,nan,nan,0.15009463529699918,nan,nan
time_decay,cabinet,41,0,True,76,35,46,54,5,7,8,44.0,0.4225955432081208,6.545011579551082,0.17391371897168892,0.3776237308514186,0.6228066540749583,0.8243252714593359,0.28051003472157854,0.0,artifacts/goal_bowl_destination_steering_formal_original_phase/goal_bowl_destination_time_decay_cabinet_init41_repeat0_success.json,0.5904900000000001,nan,nan,0.531441,nan,nan,0.4782969000000001,nan,nan,0.4304672100000001,nan,nan,0.4782969000000001,nan,nan,0.4304672100000001,nan,nan,0.3874204890000001,nan,nan,0.3486784401000001,nan,nan,0.4304672100000001,nan,nan,0.3874204890000001,nan,nan,0.3486784401000001,nan,nan,0.31381059609000006,nan,nan
time_decay,cabinet,41,1,True,73,35,46,53,5,7,8,43.0,0.4118211803975565,6.594552767538872,0.17650553961359672,0.3961008347944917,0.6431678897590114,0.8387664728817137,0.2892918813214199,0.0,artifacts/goal_bowl_destination_steering_formal_original_phase/goal_bowl_destination_time_decay_cabinet_init41_repeat1_success.json,0.5904900000000001,nan,nan,0.531441,nan,nan,0.4782969000000001,nan,nan,0.4304672100000001,nan,nan,0.4782969000000001,nan,nan,0.4304672100000001,nan,nan,0.3874204890000001,nan,nan,0.3486784401000001,nan,nan,0.4304672100000001,nan,nan,0.3874204890000001,nan,nan,0.3486784401000001,nan,nan,0.31381059609000006,nan,nan
time_decay,cabinet,42,0,True,89,35,63,54,5,10,8,44.0,0.4105086294662436,7.558116230166659,0.16268830289184358,0.3720022460708381,0.6177908336947142,0.8307976144314522,0.2728259698027732,0.0,artifacts/goal_bowl_destination_steering_formal_original_phase/goal_bowl_destination_time_decay_cabinet_init42_repeat0_success.json,0.5904900000000001,nan,nan,0.531441,nan,nan,0.4782969000000001,nan,nan,0.4304672100000001,nan,nan,0.3486784401000001,nan,nan,0.31381059609000006,nan,nan,0.2824295364810001,nan,nan,0.2541865828329001,nan,nan,0.4304672100000001,nan,nan,0.3874204890000001,nan,nan,0.3486784401000001,nan,nan,0.31381059609000006,nan,nan
time_decay,cabinet,42,1,True,82,36,48,55,5,7,9,45.0,0.40019114529619926,7.234471763302971,0.16394438091916105,0.3785893027716503,0.6424627373826866,0.8650440117702203,0.2800139154526945,0.0,artifacts/goal_bowl_destination_steering_formal_original_phase/goal_bowl_destination_time_decay_cabinet_init42_repeat1_success.json,0.5904900000000001,nan,nan,0.531441,nan,nan,0.4782969000000001,nan,nan,0.4304672100000001,nan,nan,0.4782969000000001,nan,nan,0.4304672100000001,nan,nan,0.3874204890000001,nan,nan,0.3486784401000001,nan,nan,0.3874204890000001,nan,nan,0.3486784401000001,nan,nan,0.31381059609000006,nan,nan,0.2824295364810001,nan,nan
time_decay,cabinet,43,0,False,300,39,52,59,5,8,9,49.0,0.39004812732445315,6.966099952177522,0.17700923251019288,0.41999563775964033,0.6827049350612024,0.7161297273936925,0.29835607286334576,0.0,artifacts/goal_bowl_destination_steering_formal_original_phase/goal_bowl_destination_time_decay_cabinet_init43_repeat0_failure.json,0.5904900000000001,nan,nan,0.531441,nan,nan,0.4782969000000001,nan,nan,0.4304672100000001,nan,nan,0.4304672100000001,nan,nan,0.3874204890000001,nan,nan,0.3486784401000001,nan,nan,0.31381059609000006,nan,nan,0.3874204890000001,nan,nan,0.3486784401000001,nan,nan,0.31381059609000006,nan,nan,0.2824295364810001,nan,nan
time_decay,cabinet,43,1,True,72,37,,57,5,,9,47.0,0.3890013319191262,6.824862640961541,0.18808938212730214,0.44711732244810776,0.6925284251068227,0.8676606079367074,0.3146548293996017,0.0,artifacts/goal_bowl_destination_steering_formal_original_phase/goal_bowl_destination_time_decay_cabinet_init43_repeat1_success.json,0.5904900000000001,nan,nan,0.531441,nan,nan,0.4782969000000001,nan,nan,0.4304672100000001,nan,nan,nan,nan,nan,nan,nan,nan,nan,nan,nan,nan,nan,nan,0.3874204890000001,nan,nan,0.3486784401000001,nan,nan,0.31381059609000006,nan,nan,0.2824295364810001,nan,nan
time_decay,cabinet,44,0,True,76,35,44,54,5,6,8,44.0,0.4053167995522988,6.771411736866972,0.1734956943697946,0.37651084557730913,0.6385327161366859,0.8614611362440153,0.28261638470287986,0.0,artifacts/goal_bowl_destination_steering_formal_original_phase/goal_bowl_destination_time_decay_cabinet_init44_repeat0_success.json,0.5904900000000001,nan,nan,0.531441,nan,nan,0.4782969000000001,nan,nan,0.4304672100000001,nan,nan,0.531441,nan,nan,0.4782969000000001,nan,nan,0.4304672100000001,nan,nan,0.3874204890000001,nan,nan,0.4304672100000001,nan,nan,0.3874204890000001,nan,nan,0.3486784401000001,nan,nan,0.31381059609000006,nan,nan
time_decay,cabinet,44,1,True,76,32,46,53,4,7,8,43.0,0.412331593409358,7.142272335079046,0.17207106599565383,0.3653734914486774,0.6087868832330117,0.8146920845261091,0.2737824700193931,0.0,artifacts/goal_bowl_destination_steering_formal_original_phase/goal_bowl_destination_time_decay_cabinet_init44_repeat1_success.json,0.6561,nan,nan,0.5904900000000001,nan,nan,0.531441,nan,nan,0.4782969000000001,nan,nan,0.4782969000000001,nan,nan,0.4304672100000001,nan,nan,0.3874204890000001,nan,nan,0.3486784401000001,nan,nan,0.4304672100000001,nan,nan,0.3874204890000001,nan,nan,0.3486784401000001,nan,nan,0.31381059609000006,nan,nan
time_decay,cabinet,45,0,True,78,38,50,57,5,8,9,47.0,0.41535410753039087,7.535227409025964,0.1676459465972694,0.4069357778142315,0.6777309147980148,0.8827209254159915,0.2939186142928331,0.0,artifacts/goal_bowl_destination_steering_formal_original_phase/goal_bowl_destination_time_decay_cabinet_init45_repeat0_success.json,0.5904900000000001,nan,nan,0.531441,nan,nan,0.4782969000000001,nan,nan,0.4304672100000001,nan,nan,0.4304672100000001,nan,nan,0.3874204890000001,nan,nan,0.3486784401000001,nan,nan,0.31381059609000006,nan,nan,0.3874204890000001,nan,nan,0.3486784401000001,nan,nan,0.31381059609000006,nan,nan,0.2824295364810001,nan,nan
time_decay,cabinet,45,1,True,77,38,51,57,5,8,9,47.0,0.4187710911136937,7.582073006418598,0.17399364423132166,0.4049053167508256,0.6594897909870248,0.8511713718813326,0.29254368838699074,0.0,artifacts/goal_bowl_destination_steering_formal_original_phase/goal_bowl_destination_time_decay_cabinet_init45_repeat1_success.json,0.5904900000000001,nan,nan,0.531441,nan,nan,0.4782969000000001,nan,nan,0.4304672100000001,nan,nan,0.4304672100000001,nan,nan,0.3874204890000001,nan,nan,0.3486784401000001,nan,nan,0.31381059609000006,nan,nan,0.3874204890000001,nan,nan,0.3486784401000001,nan,nan,0.31381059609000006,nan,nan,0.2824295364810001,nan,nan
time_decay,cabinet,46,0,True,75,36,47,54,5,7,8,44.0,0.41195927950912875,7.102671384407064,0.23299322704649494,0.5227513239937092,0.8118783328971176,1.019113616543254,0.372961113678345,0.0,artifacts/goal_bowl_destination_steering_formal_original_phase/goal_bowl_destination_time_decay_cabinet_init46_repeat0_success.json,0.5904900000000001,nan,nan,0.531441,nan,nan,0.4782969000000001,nan,nan,0.4304672100000001,nan,nan,0.4782969000000001,nan,nan,0.4304672100000001,nan,nan,0.3874204890000001,nan,nan,0.3486784401000001,nan,nan,0.4304672100000001,nan,nan,0.3874204890000001,nan,nan,0.3486784401000001,nan,nan,0.31381059609000006,nan,nan
time_decay,cabinet,46,1,True,80,40,51,57,6,8,9,47.0,0.41995100919497436,7.226643224253544,0.22662492893505673,0.5071740840124118,0.7783332135600882,0.9882821212355759,0.36098401588579765,0.0,artifacts/goal_bowl_destination_steering_formal_original_phase/goal_bowl_destination_time_decay_cabinet_init46_repeat1_success.json,0.531441,nan,nan,0.4782969000000001,nan,nan,0.4304672100000001,nan,nan,0.3874204890000001,nan,nan,0.4304672100000001,nan,nan,0.3874204890000001,nan,nan,0.3486784401000001,nan,nan,0.31381059609000006,nan,nan,0.3874204890000001,nan,nan,0.3486784401000001,nan,nan,0.31381059609000006,nan,nan,0.2824295364810001,nan,nan
time_decay,cabinet,47,0,True,84,41,51,60,6,8,10,50.0,0.4311837268770788,6.743628606618154,0.13950210026777854,0.3468051770824363,0.5803347234076706,0.8042001168623939,0.2507242454058906,0.0,artifacts/goal_bowl_destination_steering_formal_original_phase/goal_bowl_destination_time_decay_cabinet_init47_repeat0_success.json,0.531441,nan,nan,0.4782969000000001,nan,nan,0.4304672100000001,nan,nan,0.3874204890000001,nan,nan,0.4304672100000001,nan,nan,0.3874204890000001,nan,nan,0.3486784401000001,nan,nan,0.31381059609000006,nan,nan,0.3486784401000001,nan,nan,0.31381059609000006,nan,nan,0.2824295364810001,nan,nan,0.2541865828329001,nan,nan
time_decay,cabinet,47,1,True,82,40,50,59,6,8,9,49.0,0.43450292828728765,6.693915532825474,0.13746988435891375,0.34235056186188684,0.5793202297032435,0.8044221837886291,0.24893885082743142,0.0,artifacts/goal_bowl_destination_steering_formal_original_phase/goal_bowl_destination_time_decay_cabinet_init47_repeat1_success.json,0.531441,nan,nan,0.4782969000000001,nan,nan,0.4304672100000001,nan,nan,0.3874204890000001,nan,nan,0.4304672100000001,nan,nan,0.3874204890000001,nan,nan,0.3486784401000001,nan,nan,0.31381059609000006,nan,nan,0.3874204890000001,nan,nan,0.3486784401000001,nan,nan,0.31381059609000006,nan,nan,0.2824295364810001,nan,nan
time_decay,cabinet,48,0,True,108,41,76,84,6,13,14,74.0,0.48968059310967976,13.986823884504673,0.18978141562118933,0.4427718454081972,0.7318692256567675,0.9726412091488035,0.32199640608837904,0.0,artifacts/goal_bowl_destination_steering_formal_original_phase/goal_bowl_destination_time_decay_cabinet_init48_repeat0_success.json,0.531441,nan,nan,0.4782969000000001,nan,nan,0.4304672100000001,nan,nan,0.3874204890000001,nan,nan,0.2541865828329001,nan,nan,0.2287679245496101,nan,nan,0.20589113209464907,nan,nan,0.18530201888518416,nan,nan,0.2287679245496101,nan,nan,0.20589113209464907,nan,nan,0.18530201888518416,nan,nan,0.16677181699666577,nan,nan
time_decay,cabinet,48,1,True,183,42,109,155,6,19,29,145.0,0.8618166447957081,33.2946078365291,0.17092640227647862,0.40236474293208097,0.6553959956928502,0.8833635354433881,0.2910065951526586,0.0,artifacts/goal_bowl_destination_steering_formal_original_phase/goal_bowl_destination_time_decay_cabinet_init48_repeat1_success.json,0.531441,nan,nan,0.4782969000000001,nan,nan,0.4304672100000001,nan,nan,0.3874204890000001,nan,nan,0.13508517176729928,nan,nan,0.12157665459056935,nan,nan,0.10941898913151242,nan,nan,0.09847709021836118,nan,nan,0.047101286972462485,nan,nan,0.04239115827521624,nan,nan,0.038152042447694615,nan,nan,0.03433683820292515,nan,nan
time_decay,cabinet,49,0,True,93,41,70,61,6,12,10,51.0,0.45192452487183193,7.881042792414837,0.13288840608598304,0.285602684374592,0.46728130383736893,0.6724541717220118,0.21254028428648863,0.0,artifacts/goal_bowl_destination_steering_formal_original_phase/goal_bowl_destination_time_decay_cabinet_init49_repeat0_success.json,0.531441,nan,nan,0.4782969000000001,nan,nan,0.4304672100000001,nan,nan,0.3874204890000001,nan,nan,0.2824295364810001,nan,nan,0.2541865828329001,nan,nan,0.2287679245496101,nan,nan,0.20589113209464907,nan,nan,0.3486784401000001,nan,nan,0.31381059609000006,nan,nan,0.2824295364810001,nan,nan,0.2541865828329001,nan,nan
time_decay,cabinet,49,1,True,92,41,70,59,6,12,9,49.0,0.44356872192915076,7.617051855162795,0.13468685976002023,0.2823528346825413,0.47048834072094325,0.6828399509342636,0.2126869675674892,0.0,artifacts/goal_bowl_destination_steering_formal_original_phase/goal_bowl_destination_time_decay_cabinet_init49_repeat1_success.json,0.531441,nan,nan,0.4782969000000001,nan,nan,0.4304672100000001,nan,nan,0.3874204890000001,nan,nan,0.2824295364810001,nan,nan,0.2541865828329001,nan,nan,0.2287679245496101,nan,nan,0.20589113209464907,nan,nan,0.3874204890000001,nan,nan,0.3486784401000001,nan,nan,0.31381059609000006,nan,nan,0.2824295364810001,nan,nan
time_decay,cabinet,4,0,True,80,35,51,55,5,8,9,45.0,0.3922654731855432,7.15180810375671,0.18471050732762878,0.4128275205556567,0.6715442040342544,0.8718215453882643,0.30251188945037677,0.0,artifacts/goal_bowl_destination_steering_formal_original_phase/goal_bowl_destination_time_decay_cabinet_init4_repeat0_success.json,0.5904900000000001,nan,nan,0.531441,nan,nan,0.4782969000000001,nan,nan,0.4304672100000001,nan,nan,0.4304672100000001,nan,nan,0.3874204890000001,nan,nan,0.3486784401000001,nan,nan,0.31381059609000006,nan,nan,0.3874204890000001,nan,nan,0.3486784401000001,nan,nan,0.31381059609000006,nan,nan,0.2824295364810001,nan,nan
time_decay,cabinet,4,1,True,74,33,49,52,4,7,8,42.0,0.3849048498014216,6.693427528196475,0.18899507125752726,0.4496758826027396,0.7274846822525574,0.9268160224145305,0.3223033962940121,0.0,artifacts/goal_bowl_destination_steering_formal_original_phase/goal_bowl_destination_time_decay_cabinet_init4_repeat1_success.json,0.6561,nan,nan,0.5904900000000001,nan,nan,0.531441,nan,nan,0.4782969000000001,nan,nan,0.4782969000000001,nan,nan,0.4304672100000001,nan,nan,0.3874204890000001,nan,nan,0.3486784401000001,nan,nan,0.4304672100000001,nan,nan,0.3874204890000001,nan,nan,0.3486784401000001,nan,nan,0.31381059609000006,nan,nan
time_decay,cabinet,5,0,True,70,34,47,52,4,7,8,42.0,0.396138965729371,7.183904363445487,0.229340586000193,0.5084796960636174,0.802590688837476,1.017314451351731,0.3670173092346352,0.0,artifacts/goal_bowl_destination_steering_formal_original_phase/goal_bowl_destination_time_decay_cabinet_init5_repeat0_success.json,0.6561,nan,nan,0.5904900000000001,nan,nan,0.531441,nan,nan,0.4782969000000001,nan,nan,0.4782969000000001,nan,nan,0.4304672100000001,nan,nan,0.3874204890000001,nan,nan,0.3486784401000001,nan,nan,0.4304672100000001,nan,nan,0.3874204890000001,nan,nan,0.3486784401000001,nan,nan,0.31381059609000006,nan,nan
time_decay,cabinet,5,1,False,300,34,44,52,4,6,8,42.0,0.39464520149882143,7.110205605539242,0.23353926165872968,0.5357856090369542,0.7762115173205466,0.9693861449467152,0.370762505288793,0.0,artifacts/goal_bowl_destination_steering_formal_original_phase/goal_bowl_destination_time_decay_cabinet_init5_repeat1_failure.json,0.6561,nan,nan,0.5904900000000001,nan,nan,0.531441,nan,nan,0.4782969000000001,nan,nan,0.531441,nan,nan,0.4782969000000001,nan,nan,0.4304672100000001,nan,nan,0.3874204890000001,nan,nan,0.4304672100000001,nan,nan,0.3874204890000001,nan,nan,0.3486784401000001,nan,nan,0.31381059609000006,nan,nan
time_decay,cabinet,6,0,True,79,39,53,58,5,8,9,48.0,0.42664284611390335,7.678194700830947,0.20153788963668343,0.4488720084229265,0.7224636734944574,0.9366037608239414,0.3268222444981229,0.0,artifacts/goal_bowl_destination_steering_formal_original_phase/goal_bowl_destination_time_decay_cabinet_init6_repeat0_success.json,0.5904900000000001,nan,nan,0.531441,nan,nan,0.4782969000000001,nan,nan,0.4304672100000001,nan,nan,0.4304672100000001,nan,nan,0.3874204890000001,nan,nan,0.3486784401000001,nan,nan,0.31381059609000006,nan,nan,0.3874204890000001,nan,nan,0.3486784401000001,nan,nan,0.31381059609000006,nan,nan,0.2824295364810001,nan,nan
time_decay,cabinet,6,1,True,103,38,70,77,5,12,13,67.0,0.48411874273175437,13.680957845692708,0.16229615829839533,0.3748455091491793,0.6539750128833085,0.902199871101352,0.28012704831301055,0.0,artifacts/goal_bowl_destination_steering_formal_original_phase/goal_bowl_destination_time_decay_cabinet_init6_repeat1_success.json,0.5904900000000001,nan,nan,0.531441,nan,nan,0.4782969000000001,nan,nan,0.4304672100000001,nan,nan,0.2824295364810001,nan,nan,0.2541865828329001,nan,nan,0.2287679245496101,nan,nan,0.20589113209464907,nan,nan,0.2541865828329001,nan,nan,0.2287679245496101,nan,nan,0.20589113209464907,nan,nan,0.18530201888518416,nan,nan
time_decay,cabinet,7,0,True,81,37,52,57,5,8,9,47.0,0.4377933157181039,8.588419082457103,0.1664701615829489,0.3523833194218489,0.5953034741470629,0.8293593920312509,0.26625460101120335,0.0,artifacts/goal_bowl_destination_steering_formal_original_phase/goal_bowl_destination_time_decay_cabinet_init7_repeat0_success.json,0.5904900000000001,nan,nan,0.531441,nan,nan,0.4782969000000001,nan,nan,0.4304672100000001,nan,nan,0.4304672100000001,nan,nan,0.3874204890000001,nan,nan,0.3486784401000001,nan,nan,0.31381059609000006,nan,nan,0.3874204890000001,nan,nan,0.3486784401000001,nan,nan,0.31381059609000006,nan,nan,0.2824295364810001,nan,nan
time_decay,cabinet,7,1,True,80,37,51,57,5,8,9,47.0,0.4328053817060967,7.727383093156812,0.1881123963296843,0.4330319888392652,0.7210700049585942,0.9476715490546459,0.3170822886191455,0.0,artifacts/goal_bowl_destination_steering_formal_original_phase/goal_bowl_destination_time_decay_cabinet_init7_repeat1_success.json,0.5904900000000001,nan,nan,0.531441,nan,nan,0.4782969000000001,nan,nan,0.4304672100000001,nan,nan,0.4304672100000001,nan,nan,0.3874204890000001,nan,nan,0.3486784401000001,nan,nan,0.31381059609000006,nan,nan,0.3874204890000001,nan,nan,0.3486784401000001,nan,nan,0.31381059609000006,nan,nan,0.2824295364810001,nan,nan
time_decay,cabinet,8,0,True,77,35,45,53,5,7,8,43.0,0.39836590193514404,6.467741449992314,0.15235203692526497,0.3447021174029659,0.5901366876764209,0.8173741672919583,0.25735298810067303,0.0,artifacts/goal_bowl_destination_steering_formal_original_phase/goal_bowl_destination_time_decay_cabinet_init8_repeat0_success.json,0.5904900000000001,nan,nan,0.531441,nan,nan,0.4782969000000001,nan,nan,0.4304672100000001,nan,nan,0.4782969000000001,nan,nan,0.4304672100000001,nan,nan,0.3874204890000001,nan,nan,0.3486784401000001,nan,nan,0.4304672100000001,nan,nan,0.3874204890000001,nan,nan,0.3486784401000001,nan,nan,0.31381059609000006,nan,nan
time_decay,cabinet,8,1,True,76,35,45,53,5,7,8,43.0,0.3942648896782227,6.404605026943449,0.15192820736593957,0.346371004415973,0.5859268040131187,0.8118489800187685,0.256960771994752,0.0,artifacts/goal_bowl_destination_steering_formal_original_phase/goal_bowl_destination_time_decay_cabinet_init8_repeat1_success.json,0.5904900000000001,nan,nan,0.531441,nan,nan,0.4782969000000001,nan,nan,0.4304672100000001,nan,nan,0.4782969000000001,nan,nan,0.4304672100000001,nan,nan,0.3874204890000001,nan,nan,0.3486784401000001,nan,nan,0.4304672100000001,nan,nan,0.3874204890000001,nan,nan,0.3486784401000001,nan,nan,0.31381059609000006,nan,nan
time_decay,cabinet,9,0,True,83,38,87,56,5,15,9,46.0,0.3974639658230697,7.191921619938693,0.17879602153566332,0.3947964740074914,0.6635642335915667,0.9071991000188562,0.29365018774592827,0.0,artifacts/goal_bowl_destination_steering_formal_original_phase/goal_bowl_destination_time_decay_cabinet_init9_repeat0_success.json,0.5904900000000001,nan,nan,0.531441,nan,nan,0.4782969000000001,nan,nan,0.4304672100000001,nan,nan,0.20589113209464907,nan,nan,0.18530201888518416,nan,nan,nan,nan,nan,nan,nan,nan,0.3874204890000001,nan,nan,0.3486784401000001,nan,nan,0.31381059609000006,nan,nan,0.2824295364810001,nan,nan
time_decay,cabinet,9,1,True,80,38,88,57,5,15,9,47.0,0.41864944569442397,7.862530006035616,0.2237100751548838,0.4758612690879693,0.7430289554751278,0.9740420472214582,0.3468501427975716,0.0,artifacts/goal_bowl_destination_steering_formal_original_phase/goal_bowl_destination_time_decay_cabinet_init9_repeat1_success.json,0.5904900000000001,nan,nan,0.531441,nan,nan,0.4782969000000001,nan,nan,0.4304672100000001,nan,nan,0.20589113209464907,nan,nan,nan,nan,nan,nan,nan,nan,nan,nan,nan,0.3874204890000001,nan,nan,0.3486784401000001,nan,nan,0.31381059609000006,nan,nan,0.2824295364810001,nan,nan
time_decay,plate,0,0,True,78,49,61,69,7,10,11,59.0,0.4749630274359809,9.800123368941945,-0.05747747550105126,0.03735673165603227,0.23306917625858398,0.38072320696292794,0.026572762826286803,0.5333333333333333,artifacts/goal_bowl_destination_steering_formal_original_phase/goal_bowl_destination_time_decay_plate_init0_repeat0_success.json,0.4782969000000001,nan,nan,0.4304672100000001,nan,nan,0.3874204890000001,nan,nan,0.3486784401000001,nan,nan,0.3486784401000001,nan,nan,0.31381059609000006,nan,nan,0.2824295364810001,nan,nan,0.2541865828329001,nan,nan,0.31381059609000006,nan,nan,0.2824295364810001,nan,nan,0.2541865828329001,nan,nan,0.2287679245496101,nan,nan
time_decay,plate,0,1,True,76,49,60,69,7,10,11,59.0,0.4898505780555372,8.955336723541054,-0.05862558459781962,0.0876281430951988,0.3293188071472587,0.40660660777187924,0.0531386447270697,0.4666666666666667,artifacts/goal_bowl_destination_steering_formal_original_phase/goal_bowl_destination_time_decay_plate_init0_repeat1_success.json,0.4782969000000001,nan,nan,0.4304672100000001,nan,nan,0.3874204890000001,nan,nan,0.3486784401000001,nan,nan,0.3486784401000001,nan,nan,0.31381059609000006,nan,nan,0.2824295364810001,nan,nan,0.2541865828329001,nan,nan,0.31381059609000006,nan,nan,0.2824295364810001,nan,nan,0.2541865828329001,nan,nan,0.2287679245496101,nan,nan
time_decay,plate,10,0,True,72,46,57,66,7,9,11,56.0,0.5217316158023966,8.746005989525395,-0.024455132015632403,0.12083633881879045,0.3100269958076327,0.3431200019630349,0.07171598412291369,0.4,artifacts/goal_bowl_destination_steering_formal_original_phase/goal_bowl_destination_time_decay_plate_init10_repeat0_success.json,0.4782969000000001,nan,nan,0.4304672100000001,nan,nan,0.3874204890000001,nan,nan,0.3486784401000001,nan,nan,0.3874204890000001,nan,nan,0.3486784401000001,nan,nan,0.31381059609000006,nan,nan,0.2824295364810001,nan,nan,0.31381059609000006,nan,nan,0.2824295364810001,nan,nan,0.2541865828329001,nan,nan,0.2287679245496101,nan,nan
time_decay,plate,10,1,True,73,46,57,65,7,9,11,55.0,0.4958447845910403,8.924183854490453,-0.07739792784211005,0.03499205373268654,0.23548080167180954,0.33892195376840256,0.018563011942276175,0.6,artifacts/goal_bowl_destination_steering_formal_original_phase/goal_bowl_destination_time_decay_plate_init10_repeat1_success.json,0.4782969000000001,nan,nan,0.4304672100000001,nan,nan,0.3874204890000001,nan,nan,0.3486784401000001,nan,nan,0.3874204890000001,nan,nan,0.3486784401000001,nan,nan,0.31381059609000006,nan,nan,0.2824295364810001,nan,nan,0.31381059609000006,nan,nan,0.2824295364810001,nan,nan,0.2541865828329001,nan,nan,0.2287679245496101,nan,nan
time_decay,plate,11,0,True,71,46,57,67,7,9,11,57.0,0.5180606841674691,9.188659798673221,-0.021199718859228223,0.16137219848519235,0.32984724126625636,0.32984724126625636,0.08692553899726481,0.3333333333333333,artifacts/goal_bowl_destination_steering_formal_original_phase/goal_bowl_destination_time_decay_plate_init11_repeat0_success.json,0.4782969000000001,nan,nan,0.4304672100000001,nan,nan,0.3874204890000001,nan,nan,0.3486784401000001,nan,nan,0.3874204890000001,nan,nan,0.3486784401000001,nan,nan,0.31381059609000006,nan,nan,0.2824295364810001,nan,nan,0.31381059609000006,nan,nan,0.2824295364810001,nan,nan,0.2541865828329001,nan,nan,0.2287679245496101,nan,nan
time_decay,plate,11,1,True,72,45,80,64,7,14,10,54.0,0.5019834083112904,8.585673294564643,-0.046436001609660854,0.06657910077563708,0.24411567169179965,0.3268634831995347,0.04013587533195467,0.4666666666666667,artifacts/goal_bowl_destination_steering_formal_original_phase/goal_bowl_destination_time_decay_plate_init11_repeat1_success.json,0.4782969000000001,nan,nan,0.4304672100000001,nan,nan,0.3874204890000001,nan,nan,0.3486784401000001,nan,nan,0.2287679245496101,nan,nan,nan,nan,nan,nan,nan,nan,nan,nan,nan,0.3486784401000001,nan,nan,0.31381059609000006,nan,nan,0.2824295364810001,nan,nan,0.2541865828329001,nan,nan
time_decay,plate,12,0,True,82,49,66,70,7,11,12,60.0,0.4895163713174536,9.024129007356994,-0.07020114126054917,-0.006397591282119581,0.1607743551449684,0.3479144423786069,-0.0013750638115663251,0.6666666666666666,artifacts/goal_bowl_destination_steering_formal_original_phase/goal_bowl_destination_time_decay_plate_init12_repeat0_success.json,0.4782969000000001,nan,nan,0.4304672100000001,nan,nan,0.3874204890000001,nan,nan,0.3486784401000001,nan,nan,0.31381059609000006,nan,nan,0.2824295364810001,nan,nan,0.2541865828329001,nan,nan,0.2287679245496101,nan,nan,0.2824295364810001,nan,nan,0.2541865828329001,nan,nan,0.2287679245496101,nan,nan,0.20589113209464907,nan,nan
time_decay,plate,12,1,True,74,50,61,69,8,10,11,59.0,0.4746069849999407,9.154776488195736,-0.06809359453426933,0.11994621862467254,0.3838937117582546,0.3838937117582546,0.061649821047278064,0.4666666666666667,artifacts/goal_bowl_destination_steering_formal_original_phase/goal_bowl_destination_time_decay_plate_init12_repeat1_success.json,0.4304672100000001,nan,nan,0.3874204890000001,nan,nan,0.3486784401000001,nan,nan,0.31381059609000006,nan,nan,0.3486784401000001,nan,nan,0.31381059609000006,nan,nan,0.2824295364810001,nan,nan,0.2541865828329001,nan,nan,0.31381059609000006,nan,nan,0.2824295364810001,nan,nan,0.2541865828329001,nan,nan,0.2287679245496101,nan,nan
time_decay,plate,13,0,True,98,61,73,84,10,12,14,74.0,0.5205160155783305,8.01390797215322,-0.09021079474380489,-0.07108405085522362,0.050074243925119284,0.21526733100302975,-0.04415271170803969,0.8666666666666667,artifacts/goal_bowl_destination_steering_formal_original_phase/goal_bowl_destination_time_decay_plate_init13_repeat0_success.json,0.3486784401000001,nan,nan,0.31381059609000006,nan,nan,0.2824295364810001,nan,nan,0.2541865828329001,nan,nan,0.2824295364810001,nan,nan,0.2541865828329001,nan,nan,0.2287679245496101,nan,nan,0.20589113209464907,nan,nan,0.2287679245496101,nan,nan,0.20589113209464907,nan,nan,0.18530201888518416,nan,nan,0.16677181699666577,nan,nan
time_decay,plate,13,1,True,98,63,76,85,10,13,15,75.0,0.5427426251519489,8.157733931177003,-0.07675873777105685,-0.06697162366440225,0.10287850132282274,0.30283273349641315,-0.02947792809329571,0.8,artifacts/goal_bowl_destination_steering_formal_original_phase/goal_bowl_destination_time_decay_plate_init13_repeat1_success.json,0.3486784401000001,nan,nan,0.31381059609000006,nan,nan,0.2824295364810001,nan,nan,0.2541865828329001,nan,nan,0.2541865828329001,nan,nan,0.2287679245496101,nan,nan,0.20589113209464907,nan,nan,0.18530201888518416,nan,nan,0.20589113209464907,nan,nan,0.18530201888518416,nan,nan,0.16677181699666577,nan,nan,0.15009463529699918,nan,nan
time_decay,plate,14,0,True,78,52,62,76,8,10,13,66.0,0.49678648875048836,9.703509024756858,0.02828848836427995,0.25195106298190795,0.32977180253747274,0.32977180253747274,0.13051629713719362,0.2,artifacts/goal_bowl_destination_steering_formal_original_phase/goal_bowl_destination_time_decay_plate_init14_repeat0_success.json,0.4304672100000001,nan,nan,0.3874204890000001,nan,nan,0.3486784401000001,nan,nan,0.31381059609000006,nan,nan,0.3486784401000001,nan,nan,0.31381059609000006,nan,nan,0.2824295364810001,nan,nan,0.2541865828329001,nan,nan,0.2541865828329001,nan,nan,0.2287679245496101,nan,nan,0.20589113209464907,nan,nan,nan,nan,nan
time_decay,plate,14,1,True,79,51,64,73,8,10,12,63.0,0.4987429669777785,9.589336679726813,-0.020951129270764337,0.142749463021277,0.32444195636425244,0.3453569477140109,0.07920940587857683,0.4,artifacts/goal_bowl_destination_steering_formal_original_phase/goal_bowl_destination_time_decay_plate_init14_repeat1_success.json,0.4304672100000001,nan,nan,0.3874204890000001,nan,nan,0.3486784401000001,nan,nan,0.31381059609000006,nan,nan,0.3486784401000001,nan,nan,0.31381059609000006,nan,nan,0.2824295364810001,nan,nan,0.2541865828329001,nan,nan,0.2824295364810001,nan,nan,0.2541865828329001,nan,nan,0.2287679245496101,nan,nan,0.20589113209464907,nan,nan
time_decay,plate,15,0,True,77,49,66,67,7,11,11,57.0,0.4962595137727838,8.446786560753964,-0.07057040273724105,-0.004262414906839309,0.20153534375420074,0.3673259797907181,0.005248722138769542,0.6666666666666666,artifacts/goal_bowl_destination_steering_formal_original_phase/goal_bowl_destination_time_decay_plate_init15_repeat0_success.json,0.4782969000000001,nan,nan,0.4304672100000001,nan,nan,0.3874204890000001,nan,nan,0.3486784401000001,nan,nan,0.31381059609000006,nan,nan,0.2824295364810001,nan,nan,0.2541865828329001,nan,nan,0.2287679245496101,nan,nan,0.31381059609000006,nan,nan,0.2824295364810001,nan,nan,0.2541865828329001,nan,nan,0.2287679245496101,nan,nan
time_decay,plate,15,1,True,72,47,58,67,7,9,11,57.0,0.4988576074641137,8.426053104780278,-0.028887533678937982,0.14255447619183229,0.32050947513932665,0.32050947513932665,0.07360061223882068,0.4,artifacts/goal_bowl_destination_steering_formal_original_phase/goal_bowl_destination_time_decay_plate_init15_repeat1_success.json,0.4782969000000001,nan,nan,0.4304672100000001,nan,nan,0.3874204890000001,nan,nan,0.3486784401000001,nan,nan,0.3874204890000001,nan,nan,0.3486784401000001,nan,nan,0.31381059609000006,nan,nan,0.2824295364810001,nan,nan,0.31381059609000006,nan,nan,0.2824295364810001,nan,nan,0.2541865828329001,nan,nan,0.2287679245496101,nan,nan
time_decay,plate,16,0,True,88,59,77,80,9,13,14,70.0,0.4764545264398915,7.422965080974921,-0.06537415504956873,0.06954606442069673,0.2726338034021295,0.3600699875626227,0.03783076532917749,0.5333333333333333,artifacts/goal_bowl_destination_steering_formal_original_phase/goal_bowl_destination_time_decay_plate_init16_repeat0_success.json,0.3874204890000001,nan,nan,0.3486784401000001,nan,nan,0.31381059609000006,nan,nan,0.2824295364810001,nan,nan,0.2541865828329001,nan,nan,0.2287679245496101,nan,nan,0.20589113209464907,nan,nan,0.18530201888518416,nan,nan,0.2287679245496101,nan,nan,0.20589113209464907,nan,nan,0.18530201888518416,nan,nan,0.16677181699666577,nan,nan
time_decay,plate,16,1,True,109,65,80,86,11,14,15,76.0,0.47734731295376376,7.404790818985153,-0.14071133796951402,-0.13868247911959009,0.01596767488470449,0.1503192739226175,-0.08882308659272317,0.9333333333333333,artifacts/goal_bowl_destination_steering_formal_original_phase/goal_bowl_destination_time_decay_plate_init16_repeat1_success.json,0.31381059609000006,nan,nan,0.2824295364810001,nan,nan,0.2541865828329001,nan,nan,0.2287679245496101,nan,nan,0.2287679245496101,nan,nan,0.20589113209464907,nan,nan,0.18530201888518416,nan,nan,0.16677181699666577,nan,nan,0.20589113209464907,nan,nan,0.18530201888518416,nan,nan,0.16677181699666577,nan,nan,0.15009463529699918,nan,nan
time_decay,plate,17,0,True,82,53,63,75,8,10,13,65.0,0.5075109009138088,8.703537487621567,-0.051633347752838725,0.0401871356334511,0.19203121766241485,0.278360725743012,0.022263462122431223,0.5333333333333333,artifacts/goal_bowl_destination_steering_formal_original_phase/goal_bowl_destination_time_decay_plate_init17_repeat0_success.json,0.4304672100000001,nan,nan,0.3874204890000001,nan,nan,0.3486784401000001,nan,nan,0.31381059609000006,nan,nan,0.3486784401000001,nan,nan,0.31381059609000006,nan,nan,0.2824295364810001,nan,nan,0.2541865828329001,nan,nan,0.2541865828329001,nan,nan,0.2287679245496101,nan,nan,0.20589113209464907,nan,nan,0.18530201888518416,nan,nan
time_decay,plate,17,1,True,79,53,64,74,8,10,12,64.0,0.5230642846886904,9.470539507788704,-0.01965740904325443,0.11843339365338806,0.2794731546926019,0.2794731546926019,0.0638823429495628,0.3333333333333333,artifacts/goal_bowl_destination_steering_formal_original_phase/goal_bowl_destination_time_decay_plate_init17_repeat1_success.json,0.4304672100000001,nan,nan,0.3874204890000001,nan,nan,0.3486784401000001,nan,nan,0.31381059609000006,nan,nan,0.3486784401000001,nan,nan,0.31381059609000006,nan,nan,0.2824295364810001,nan,nan,0.2541865828329001,nan,nan,0.2824295364810001,nan,nan,0.2541865828329001,nan,nan,0.2287679245496101,nan,nan,0.20589113209464907,nan,nan
time_decay,plate,18,0,True,75,49,68,71,7,11,12,61.0,0.5390689240010466,9.361669074707732,-0.005998047217341212,0.15883985843788384,0.29564712837798723,0.29564712837798723,0.08641643957739388,0.3333333333333333,artifacts/goal_bowl_destination_steering_formal_original_phase/goal_bowl_destination_time_decay_plate_init18_repeat0_success.json,0.4782969000000001,nan,nan,0.4304672100000001,nan,nan,0.3874204890000001,nan,nan,0.3486784401000001,nan,nan,0.31381059609000006,nan,nan,0.2824295364810001,nan,nan,0.2541865828329001,nan,nan,0.2287679245496101,nan,nan,0.2824295364810001,nan,nan,0.2541865828329001,nan,nan,0.2287679245496101,nan,nan,nan,nan,nan
time_decay,plate,18,1,True,74,48,61,70,7,10,12,60.0,0.520010081466442,9.492398888317396,-0.014522567108160345,0.14394050199845035,0.2881396074836335,0.2881396074836335,0.07725279693281122,0.3333333333333333,artifacts/goal_bowl_destination_steering_formal_original_phase/goal_bowl_destination_time_decay_plate_init18_repeat1_success.json,0.4782969000000001,nan,nan,0.4304672100000001,nan,nan,0.3874204890000001,nan,nan,0.3486784401000001,nan,nan,0.3486784401000001,nan,nan,0.31381059609000006,nan,nan,0.2824295364810001,nan,nan,0.2541865828329001,nan,nan,0.2824295364810001,nan,nan,0.2541865828329001,nan,nan,0.2287679245496101,nan,nan,nan,nan,nan
time_decay,plate,19,0,True,79,46,57,67,7,9,11,57.0,0.4707051051688378,8.932710098881323,-0.05558259891586135,0.011163459530672104,0.1754334780997159,0.3360088669685389,0.011298684001756279,0.6,artifacts/goal_bowl_destination_steering_formal_original_phase/goal_bowl_destination_time_decay_plate_init19_repeat0_success.json,0.4782969000000001,nan,nan,0.4304672100000001,nan,nan,0.3874204890000001,nan,nan,0.3486784401000001,nan,nan,0.3874204890000001,nan,nan,0.3486784401000001,nan,nan,0.31381059609000006,nan,nan,0.2824295364810001,nan,nan,0.31381059609000006,nan,nan,0.2824295364810001,nan,nan,0.2541865828329001,nan,nan,0.2287679245496101,nan,nan
time_decay,plate,19,1,True,75,47,60,68,7,10,11,58.0,0.49292354296253466,9.152411465820858,-0.04873346728504069,0.10807779926806603,0.32509140340226916,0.39491593029577066,0.06194915730597724,0.4666666666666667,artifacts/goal_bowl_destination_steering_formal_original_phase/goal_bowl_destination_time_decay_plate_init19_repeat1_success.json,0.4782969000000001,nan,nan,0.4304672100000001,nan,nan,0.3874204890000001,nan,nan,0.3486784401000001,nan,nan,0.3486784401000001,nan,nan,0.31381059609000006,nan,nan,0.2824295364810001,nan,nan,0.2541865828329001,nan,nan,0.31381059609000006,nan,nan,0.2824295364810001,nan,nan,0.2541865828329001,nan,nan,0.2287679245496101,nan,nan
time_decay,plate,1,0,True,78,53,64,72,8,10,12,62.0,0.5427772232309216,9.064550700340492,-0.10522017184430889,0.049159922445543604,0.2714368015193777,0.30255483081060475,0.012812417661100643,0.5333333333333333,artifacts/goal_bowl_destination_steering_formal_original_phase/goal_bowl_destination_time_decay_plate_init1_repeat0_success.json,0.4304672100000001,nan,nan,0.3874204890000001,nan,nan,0.3486784401000001,nan,nan,0.31381059609000006,nan,nan,0.3486784401000001,nan,nan,0.31381059609000006,nan,nan,0.2824295364810001,nan,nan,0.2541865828329001,nan,nan,0.2824295364810001,nan,nan,0.2541865828329001,nan,nan,0.2287679245496101,nan,nan,0.20589113209464907,nan,nan
time_decay,plate,1,1,True,75,49,62,69,7,10,11,59.0,0.5415800564795846,8.774547786523392,-0.07419683728651863,0.07401476688381972,0.28410226410288403,0.3171799568503511,0.03443637043542448,0.5333333333333333,artifacts/goal_bowl_destination_steering_formal_original_phase/goal_bowl_destination_time_decay_plate_init1_repeat1_success.json,0.4782969000000001,nan,nan,0.4304672100000001,nan,nan,0.3874204890000001,nan,nan,0.3486784401000001,nan,nan,0.3486784401000001,nan,nan,0.31381059609000006,nan,nan,0.2824295364810001,nan,nan,0.2541865828329001,nan,nan,0.31381059609000006,nan,nan,0.2824295364810001,nan,nan,0.2541865828329001,nan,nan,0.2287679245496101,nan,nan
time_decay,plate,20,0,True,85,50,62,71,8,10,12,61.0,0.5053247088640384,9.5010369408337,-0.11254440358112366,-0.09235641204568452,0.05707525360201042,0.22783087583430747,-0.05704379463503976,0.8666666666666667,artifacts/goal_bowl_destination_steering_formal_original_phase/goal_bowl_destination_time_decay_plate_init20_repeat0_success.json,0.4304672100000001,nan,nan,0.3874204890000001,nan,nan,0.3486784401000001,nan,nan,0.31381059609000006,nan,nan,0.3486784401000001,nan,nan,0.31381059609000006,nan,nan,0.2824295364810001,nan,nan,0.2541865828329001,nan,nan,0.2824295364810001,nan,nan,0.2541865828329001,nan,nan,0.2287679245496101,nan,nan,0.20589113209464907,nan,nan
time_decay,plate,20,1,True,81,47,58,68,7,9,11,58.0,0.4777931504521526,8.81695339371326,-0.09357923264277737,-0.056690780746834084,0.07777191537848392,0.22211444432935135,-0.039341435664359894,0.8,artifacts/goal_bowl_destination_steering_formal_original_phase/goal_bowl_destination_time_decay_plate_init20_repeat1_success.json,0.4782969000000001,nan,nan,0.4304672100000001,nan,nan,0.3874204890000001,nan,nan,0.3486784401000001,nan,nan,0.3874204890000001,nan,nan,0.3486784401000001,nan,nan,0.31381059609000006,nan,nan,0.2824295364810001,nan,nan,0.31381059609000006,nan,nan,0.2824295364810001,nan,nan,0.2541865828329001,nan,nan,0.2287679245496101,nan,nan
time_decay,plate,21,0,True,80,54,64,75,8,10,13,65.0,0.5253479028235004,8.255604047002976,-0.031054911864958155,0.09471155069740353,0.2651565209251945,0.2651565209251945,0.05223792530471458,0.4,artifacts/goal_bowl_destination_steering_formal_original_phase/goal_bowl_destination_time_decay_plate_init21_repeat0_success.json,0.4304672100000001,nan,nan,0.3874204890000001,nan,nan,0.3486784401000001,nan,nan,0.31381059609000006,nan,nan,0.3486784401000001,nan,nan,0.31381059609000006,nan,nan,0.2824295364810001,nan,nan,0.2541865828329001,nan,nan,0.2541865828329001,nan,nan,0.2287679245496101,nan,nan,0.20589113209464907,nan,nan,nan,nan,nan
time_decay,plate,21,1,True,79,50,62,71,8,10,12,61.0,0.5171866400660103,8.404551519088466,-0.03587060774367483,0.08901258620327203,0.2030073308659922,0.25778716716709454,0.04033712882678162,0.4666666666666667,artifacts/goal_bowl_destination_steering_formal_original_phase/goal_bowl_destination_time_decay_plate_init21_repeat1_success.json,0.4304672100000001,nan,nan,0.3874204890000001,nan,nan,0.3486784401000001,nan,nan,0.31381059609000006,nan,nan,0.3486784401000001,nan,nan,0.31381059609000006,nan,nan,0.2824295364810001,nan,nan,0.2541865828329001,nan,nan,0.2824295364810001,nan,nan,0.2541865828329001,nan,nan,0.2287679245496101,nan,nan,0.20589113209464907,nan,nan
time_decay,plate,22,0,True,72,42,57,64,6,9,10,54.0,0.45408506280347616,8.750256261681967,-0.07973146237393428,-0.011653492334190066,0.1718560258276491,0.2674312697759034,-0.007243144019112898,0.6666666666666666,artifacts/goal_bowl_destination_steering_formal_original_phase/goal_bowl_destination_time_decay_plate_init22_repeat0_success.json,0.531441,nan,nan,0.4782969000000001,nan,nan,0.4304672100000001,nan,nan,0.3874204890000001,nan,nan,0.3874204890000001,nan,nan,0.3486784401000001,nan,nan,0.31381059609000006,nan,nan,0.2824295364810001,nan,nan,0.3486784401000001,nan,nan,0.31381059609000006,nan,nan,0.2824295364810001,nan,nan,0.2541865828329001,nan,nan
time_decay,plate,22,1,True,74,42,57,63,6,9,10,53.0,0.43699395128643304,8.674241923593362,-0.1100881970615447,-0.07437479636157933,0.10889917896957489,0.2544249792411373,-0.04503162132995263,0.8,artifacts/goal_bowl_destination_steering_formal_original_phase/goal_bowl_destination_time_decay_plate_init22_repeat1_success.json,0.531441,nan,nan,0.4782969000000001,nan,nan,0.4304672100000001,nan,nan,0.3874204890000001,nan,nan,0.3874204890000001,nan,nan,0.3486784401000001,nan,nan,0.31381059609000006,nan,nan,0.2824295364810001,nan,nan,0.3486784401000001,nan,nan,0.31381059609000006,nan,nan,0.2824295364810001,nan,nan,0.2541865828329001,nan,nan
time_decay,plate,23,0,True,73,47,57,69,7,9,11,59.0,0.5509924322437191,9.009161590396157,0.021900278097988,0.17445834297191268,0.30158998572942997,0.30158998572942997,0.10462229921096895,0.2,artifacts/goal_bowl_destination_steering_formal_original_phase/goal_bowl_destination_time_decay_plate_init23_repeat0_success.json,0.4782969000000001,nan,nan,0.4304672100000001,nan,nan,0.3874204890000001,nan,nan,0.3486784401000001,nan,nan,0.3874204890000001,nan,nan,0.3486784401000001,nan,nan,0.31381059609000006,nan,nan,0.2824295364810001,nan,nan,0.31381059609000006,nan,nan,0.2824295364810001,nan,nan,0.2541865828329001,nan,nan,0.2287679245496101,nan,nan
time_decay,plate,23,1,True,75,50,62,70,8,10,12,60.0,0.5310422331796912,9.179010532490071,-0.03873809329389469,0.1301241848252312,0.3309252594444042,0.3309252594444042,0.06829894110028971,0.4,artifacts/goal_bowl_destination_steering_formal_original_phase/goal_bowl_destination_time_decay_plate_init23_repeat1_success.json,0.4304672100000001,nan,nan,0.3874204890000001,nan,nan,0.3486784401000001,nan,nan,0.31381059609000006,nan,nan,0.3486784401000001,nan,nan,0.31381059609000006,nan,nan,0.2824295364810001,nan,nan,0.2541865828329001,nan,nan,0.2824295364810001,nan,nan,0.2541865828329001,nan,nan,0.2287679245496101,nan,nan,nan,nan,nan
time_decay,plate,24,0,True,72,45,,64,7,,10,54.0,0.49189323580769917,8.857749278627189,-0.024315617329971596,0.11848944940524574,0.3313994493926137,0.4209197917781447,0.07646416067945361,0.4,artifacts/goal_bowl_destination_steering_formal_original_phase/goal_bowl_destination_time_decay_plate_init24_repeat0_success.json,0.4782969000000001,nan,nan,0.4304672100000001,nan,nan,0.3874204890000001,nan,nan,0.3486784401000001,nan,nan,nan,nan,nan,nan,nan,nan,nan,nan,nan,nan,nan,nan,0.3486784401000001,nan,nan,0.31381059609000006,nan,nan,0.2824295364810001,nan,nan,0.2541865828329001,nan,nan
time_decay,plate,24,1,True,70,44,57,66,6,9,11,56.0,0.502595075465015,8.542353182608386,0.014214397070021102,0.22840164361148224,0.40504110718338104,0.40504110718338104,0.13119438541241019,0.26666666666666666,artifacts/goal_bowl_destination_steering_formal_original_phase/goal_bowl_destination_time_decay_plate_init24_repeat1_success.json,0.531441,nan,nan,0.4782969000000001,nan,nan,0.4304672100000001,nan,nan,0.3874204890000001,nan,nan,0.3874204890000001,nan,nan,0.3486784401000001,nan,nan,0.31381059609000006,nan,nan,0.2824295364810001,nan,nan,0.31381059609000006,nan,nan,0.2824295364810001,nan,nan,0.2541865828329001,nan,nan,nan,nan,nan
time_decay,plate,25,0,True,74,48,60,69,7,10,11,59.0,0.5137329274728768,9.142947630329196,-0.02528893973476988,0.14199630346035855,0.3604016723438235,0.3604016723438235,0.08237093144224106,0.4,artifacts/goal_bowl_destination_steering_formal_original_phase/goal_bowl_destination_time_decay_plate_init25_repeat0_success.json,0.4782969000000001,nan,nan,0.4304672100000001,nan,nan,0.3874204890000001,nan,nan,0.3486784401000001,nan,nan,0.3486784401000001,nan,nan,0.31381059609000006,nan,nan,0.2824295364810001,nan,nan,0.2541865828329001,nan,nan,0.31381059609000006,nan,nan,0.2824295364810001,nan,nan,0.2541865828329001,nan,nan,0.2287679245496101,nan,nan
time_decay,plate,25,1,True,72,47,57,68,7,9,11,58.0,0.5161638153514402,8.756417225027691,-0.00867792697020414,0.20815695705555098,0.37032500452856637,0.37032500452856637,0.11115420063872125,0.3333333333333333,artifacts/goal_bowl_destination_steering_formal_original_phase/goal_bowl_destination_time_decay_plate_init25_repeat1_success.json,0.4782969000000001,nan,nan,0.4304672100000001,nan,nan,0.3874204890000001,nan,nan,0.3486784401000001,nan,nan,0.3874204890000001,nan,nan,0.3486784401000001,nan,nan,0.31381059609000006,nan,nan,0.2824295364810001,nan,nan,0.31381059609000006,nan,nan,0.2824295364810001,nan,nan,0.2541865828329001,nan,nan,0.2287679245496101,nan,nan
time_decay,plate,26,0,True,78,48,,69,7,,11,59.0,0.5343725128651673,9.72631103227642,-0.013644418709089034,0.11500371277249352,0.31129397014649085,0.42668884320404393,0.07724753827250717,0.4,artifacts/goal_bowl_destination_steering_formal_original_phase/goal_bowl_destination_time_decay_plate_init26_repeat0_success.json,0.4782969000000001,nan,nan,0.4304672100000001,nan,nan,0.3874204890000001,nan,nan,0.3486784401000001,nan,nan,nan,nan,nan,nan,nan,nan,nan,nan,nan,nan,nan,nan,0.31381059609000006,nan,nan,0.2824295364810001,nan,nan,0.2541865828329001,nan,nan,0.2287679245496101,nan,nan
time_decay,plate,26,1,True,72,48,57,69,7,9,11,59.0,0.5485102390174376,8.752190945167616,0.0168361623426205,0.25601316853749495,0.40448401168198433,0.40448401168198433,0.14033245535948113,0.26666666666666666,artifacts/goal_bowl_destination_steering_formal_original_phase/goal_bowl_destination_time_decay_plate_init26_repeat1_success.json,0.4782969000000001,nan,nan,0.4304672100000001,nan,nan,0.3874204890000001,nan,nan,0.3486784401000001,nan,nan,0.3874204890000001,nan,nan,0.3486784401000001,nan,nan,0.31381059609000006,nan,nan,0.2824295364810001,nan,nan,0.31381059609000006,nan,nan,0.2824295364810001,nan,nan,0.2541865828329001,nan,nan,0.2287679245496101,nan,nan
time_decay,plate,27,0,True,81,56,68,76,9,11,13,66.0,0.49825515941623955,10.151135134637933,0.0014371867048312268,0.18900234833208626,0.4102717228322589,0.4102717228322589,0.11290947352782005,0.26666666666666666,artifacts/goal_bowl_destination_steering_formal_original_phase/goal_bowl_destination_time_decay_plate_init27_repeat0_success.json,0.3874204890000001,nan,nan,0.3486784401000001,nan,nan,0.31381059609000006,nan,nan,0.2824295364810001,nan,nan,0.31381059609000006,nan,nan,0.2824295364810001,nan,nan,0.2541865828329001,nan,nan,0.2287679245496101,nan,nan,0.2541865828329001,nan,nan,0.2287679245496101,nan,nan,0.20589113209464907,nan,nan,0.18530201888518416,nan,nan
time_decay,plate,27,1,True,80,54,66,74,8,11,12,64.0,0.4796768768982474,9.968864867049064,-0.02508022522212101,0.14704242857761204,0.3699026995397309,0.4003001132975238,0.0858173566607591,0.4,artifacts/goal_bowl_destination_steering_formal_original_phase/goal_bowl_destination_time_decay_plate_init27_repeat1_success.json,0.4304672100000001,nan,nan,0.3874204890000001,nan,nan,0.3486784401000001,nan,nan,0.31381059609000006,nan,nan,0.31381059609000006,nan,nan,0.2824295364810001,nan,nan,0.2541865828329001,nan,nan,0.2287679245496101,nan,nan,0.2824295364810001,nan,nan,0.2541865828329001,nan,nan,0.2287679245496101,nan,nan,0.20589113209464907,nan,nan
time_decay,plate,28,0,True,86,54,70,76,8,12,13,66.0,0.5568793894422046,8.180328129557932,-0.053969937389034044,0.0012894678647986865,0.17685948705854804,0.3655525567891887,0.01065065554405735,0.6,artifacts/goal_bowl_destination_steering_formal_original_phase/goal_bowl_destination_time_decay_plate_init28_repeat0_success.json,0.4304672100000001,nan,nan,0.3874204890000001,nan,nan,0.3486784401000001,nan,nan,0.31381059609000006,nan,nan,0.2824295364810001,nan,nan,0.2541865828329001,nan,nan,0.2287679245496101,nan,nan,0.20589113209464907,nan,nan,0.2541865828329001,nan,nan,0.2287679245496101,nan,nan,0.20589113209464907,nan,nan,0.18530201888518416,nan,nan
time_decay,plate,28,1,True,80,52,62,74,8,10,12,64.0,0.5398986241437258,8.359117821496984,-0.021602393718361087,0.1273721213316709,0.3156769575848616,0.3480827848911882,0.0747690083985807,0.4,artifacts/goal_bowl_destination_steering_formal_original_phase/goal_bowl_destination_time_decay_plate_init28_repeat1_success.json,0.4304672100000001,nan,nan,0.3874204890000001,nan,nan,0.3486784401000001,nan,nan,0.31381059609000006,nan,nan,0.3486784401000001,nan,nan,0.31381059609000006,nan,nan,0.2824295364810001,nan,nan,0.2541865828329001,nan,nan,0.2824295364810001,nan,nan,0.2541865828329001,nan,nan,0.2287679245496101,nan,nan,0.20589113209464907,nan,nan
time_decay,plate,29,0,False,300,48,,67,7,,11,57.0,0.5135065402947903,8.598255241348644,-0.020121012380479277,0.07773908487263484,0.2464939628157419,0.32615981320726234,0.053552870930183606,0.4,artifacts/goal_bowl_destination_steering_formal_original_phase/goal_bowl_destination_time_decay_plate_init29_repeat0_failure.json,0.4782969000000001,nan,nan,0.4304672100000001,nan,nan,0.3874204890000001,nan,nan,0.3486784401000001,nan,nan,nan,nan,nan,nan,nan,nan,nan,nan,nan,nan,nan,nan,0.31381059609000006,nan,nan,0.2824295364810001,nan,nan,0.2541865828329001,nan,nan,0.2287679245496101,nan,nan
time_decay,plate,29,1,True,73,47,57,69,7,9,11,59.0,0.5283496390128296,9.028583841676078,0.0003024788113755261,0.17303801479873507,0.34227548212886966,0.34227548212886966,0.09989453854813972,0.26666666666666666,artifacts/goal_bowl_destination_steering_formal_original_phase/goal_bowl_destination_time_decay_plate_init29_repeat1_success.json,0.4782969000000001,nan,nan,0.4304672100000001,nan,nan,0.3874204890000001,nan,nan,0.3486784401000001,nan,nan,0.3874204890000001,nan,nan,0.3486784401000001,nan,nan,0.31381059609000006,nan,nan,0.2824295364810001,nan,nan,0.31381059609000006,nan,nan,0.2824295364810001,nan,nan,0.2541865828329001,nan,nan,0.2287679245496101,nan,nan
time_decay,plate,2,0,True,81,52,65,71,8,11,12,61.0,0.49827684691453245,8.739370057874726,-0.0774050054759362,-0.03109358919316497,0.1325614921691845,0.31261659264726677,-0.015848031031256784,0.7333333333333333,artifacts/goal_bowl_destination_steering_formal_original_phase/goal_bowl_destination_time_decay_plate_init2_repeat0_success.json,0.4304672100000001,nan,nan,0.3874204890000001,nan,nan,0.3486784401000001,nan,nan,0.31381059609000006,nan,nan,0.31381059609000006,nan,nan,0.2824295364810001,nan,nan,0.2541865828329001,nan,nan,0.2287679245496101,nan,nan,0.2824295364810001,nan,nan,0.2541865828329001,nan,nan,0.2287679245496101,nan,nan,0.20589113209464907,nan,nan
time_decay,plate,2,1,True,77,51,60,72,8,10,12,62.0,0.5183070794667533,8.62914482460539,0.005955260731398757,0.1295101487660274,0.28544109398296796,0.28544109398296796,0.08068986408996606,0.26666666666666666,artifacts/goal_bowl_destination_steering_formal_original_phase/goal_bowl_destination_time_decay_plate_init2_repeat1_success.json,0.4304672100000001,nan,nan,0.3874204890000001,nan,nan,0.3486784401000001,nan,nan,0.31381059609000006,nan,nan,0.3486784401000001,nan,nan,0.31381059609000006,nan,nan,0.2824295364810001,nan,nan,0.2541865828329001,nan,nan,0.2824295364810001,nan,nan,0.2541865828329001,nan,nan,0.2287679245496101,nan,nan,0.20589113209464907,nan,nan
time_decay,plate,30,0,True,76,51,63,70,8,10,12,60.0,0.4841632890547375,8.58622308227958,-0.023355271570252592,0.11886528105084868,0.3098125121325138,0.34270610270923385,0.07160208964742576,0.4,artifacts/goal_bowl_destination_steering_formal_original_phase/goal_bowl_destination_time_decay_plate_init30_repeat0_success.json,0.4304672100000001,nan,nan,0.3874204890000001,nan,nan,0.3486784401000001,nan,nan,0.31381059609000006,nan,nan,0.3486784401000001,nan,nan,0.31381059609000006,nan,nan,0.2824295364810001,nan,nan,0.2541865828329001,nan,nan,0.2824295364810001,nan,nan,0.2541865828329001,nan,nan,0.2287679245496101,nan,nan,0.20589113209464907,nan,nan
time_decay,plate,30,1,True,74,49,60,72,7,10,12,62.0,0.505871216823424,9.34412233886131,0.09142080873161343,0.2759862090511899,0.3412713386110023,0.3412713386110023,0.16425239166302116,0.0,artifacts/goal_bowl_destination_steering_formal_original_phase/goal_bowl_destination_time_decay_plate_init30_repeat1_success.json,0.4782969000000001,nan,nan,0.4304672100000001,nan,nan,0.3874204890000001,nan,nan,0.3486784401000001,nan,nan,0.3486784401000001,nan,nan,0.31381059609000006,nan,nan,0.2824295364810001,nan,nan,0.2541865828329001,nan,nan,0.2824295364810001,nan,nan,0.2541865828329001,nan,nan,0.2287679245496101,nan,nan,nan,nan,nan
time_decay,plate,31,0,True,77,51,62,71,8,10,12,61.0,0.5360698880349635,9.750903676296076,-0.01630973011102218,0.13241694096650233,0.3342846413806616,0.36378315476642903,0.08254689902922727,0.3333333333333333,artifacts/goal_bowl_destination_steering_formal_original_phase/goal_bowl_destination_time_decay_plate_init31_repeat0_success.json,0.4304672100000001,nan,nan,0.3874204890000001,nan,nan,0.3486784401000001,nan,nan,0.31381059609000006,nan,nan,0.3486784401000001,nan,nan,0.31381059609000006,nan,nan,0.2824295364810001,nan,nan,0.2541865828329001,nan,nan,0.2824295364810001,nan,nan,0.2541865828329001,nan,nan,0.2287679245496101,nan,nan,0.20589113209464907,nan,nan
time_decay,plate,31,1,True,75,51,61,73,8,10,12,63.0,0.5775263114944355,9.772699865954909,0.06203621197576139,0.2745056380352048,0.3556061886398607,0.3556061886398607,0.15629738080618152,0.06666666666666667,artifacts/goal_bowl_destination_steering_formal_original_phase/goal_bowl_destination_time_decay_plate_init31_repeat1_success.json,0.4304672100000001,nan,nan,0.3874204890000001,nan,nan,0.3486784401000001,nan,nan,0.31381059609000006,nan,nan,0.3486784401000001,nan,nan,0.31381059609000006,nan,nan,0.2824295364810001,nan,nan,0.2541865828329001,nan,nan,0.2824295364810001,nan,nan,0.2541865828329001,nan,nan,0.2287679245496101,nan,nan,nan,nan,nan
time_decay,plate,32,0,True,113,52,95,105,8,17,19,95.0,0.7882357956822719,17.568315507425883,-0.03533253756238787,0.02845583433795734,0.18511738378715653,0.2823656056421383,0.024590789725914226,0.5333333333333333,artifacts/goal_bowl_destination_steering_formal_original_phase/goal_bowl_destination_time_decay_plate_init32_repeat0_success.json,0.4304672100000001,nan,nan,0.3874204890000001,nan,nan,0.3486784401000001,nan,nan,0.31381059609000006,nan,nan,0.16677181699666577,nan,nan,0.15009463529699918,nan,nan,0.13508517176729928,nan,nan,0.12157665459056935,nan,nan,0.13508517176729928,nan,nan,0.12157665459056935,nan,nan,0.10941898913151242,nan,nan,0.09847709021836118,nan,nan
time_decay,plate,32,1,True,82,53,,,8,,,nan,nan,nan,nan,nan,nan,nan,nan,nan,artifacts/goal_bowl_destination_steering_formal_original_phase/goal_bowl_destination_time_decay_plate_init32_repeat1_success.json,0.4304672100000001,nan,nan,0.3874204890000001,nan,nan,0.3486784401000001,nan,nan,0.31381059609000006,nan,nan,nan,nan,nan,nan,nan,nan,nan,nan,nan,nan,nan,nan,nan,nan,nan,nan,nan,nan,nan,nan,nan,nan,nan,nan
time_decay,plate,33,0,True,71,47,57,69,7,9,11,59.0,0.5076352529063112,9.15378034466909,0.04104437890689769,0.25992926599140653,0.33446343437069337,0.33446343437069337,0.13819777351662285,0.2,artifacts/goal_bowl_destination_steering_formal_original_phase/goal_bowl_destination_time_decay_plate_init33_repeat0_success.json,0.4782969000000001,nan,nan,0.4304672100000001,nan,nan,0.3874204890000001,nan,nan,0.3486784401000001,nan,nan,0.3874204890000001,nan,nan,0.3486784401000001,nan,nan,0.31381059609000006,nan,nan,0.2824295364810001,nan,nan,0.31381059609000006,nan,nan,0.2824295364810001,nan,nan,0.2541865828329001,nan,nan,0.2287679245496101,nan,nan
time_decay,plate,33,1,True,68,46,59,67,7,9,11,57.0,0.5133018362658456,9.210660275383123,0.06756834187807864,0.24943270617372262,0.2956505453854241,0.2956505453854241,0.13905812346841448,0.06666666666666667,artifacts/goal_bowl_destination_steering_formal_original_phase/goal_bowl_destination_time_decay_plate_init33_repeat1_success.json,0.4782969000000001,nan,nan,0.4304672100000001,nan,nan,0.3874204890000001,nan,nan,0.3486784401000001,nan,nan,0.3874204890000001,nan,nan,0.3486784401000001,nan,nan,0.31381059609000006,nan,nan,0.2824295364810001,nan,nan,0.31381059609000006,nan,nan,0.2824295364810001,nan,nan,0.2541865828329001,nan,nan,nan,nan,nan
time_decay,plate,34,0,True,80,53,64,72,8,10,12,62.0,0.4610630256843122,9.694724287931667,-0.06515896039363892,0.037089380308311,0.2920004903082112,0.41629039021888686,0.032324289873213154,0.6,artifacts/goal_bowl_destination_steering_formal_original_phase/goal_bowl_destination_time_decay_plate_init34_repeat0_success.json,0.4304672100000001,nan,nan,0.3874204890000001,nan,nan,0.3486784401000001,nan,nan,0.31381059609000006,nan,nan,0.3486784401000001,nan,nan,0.31381059609000006,nan,nan,0.2824295364810001,nan,nan,0.2541865828329001,nan,nan,0.2824295364810001,nan,nan,0.2541865828329001,nan,nan,0.2287679245496101,nan,nan,0.20589113209464907,nan,nan
time_decay,plate,34,1,True,81,52,71,71,8,12,12,61.0,0.45675000521887577,9.681663557081892,-0.03894327766755365,0.031051960904950285,0.23375962680920606,0.40527804653516014,0.032762566738048886,0.5333333333333333,artifacts/goal_bowl_destination_steering_formal_original_phase/goal_bowl_destination_time_decay_plate_init34_repeat1_success.json,0.4304672100000001,nan,nan,0.3874204890000001,nan,nan,0.3486784401000001,nan,nan,0.31381059609000006,nan,nan,0.2824295364810001,nan,nan,0.2541865828329001,nan,nan,0.2287679245496101,nan,nan,0.20589113209464907,nan,nan,0.2824295364810001,nan,nan,0.2541865828329001,nan,nan,0.2287679245496101,nan,nan,0.20589113209464907,nan,nan
time_decay,plate,35,0,True,72,48,59,68,7,9,11,58.0,0.5024888371855623,8.999350091904681,-0.000518282003338024,0.16708685880743554,0.28374860379424943,0.28374860379424943,0.08798361622341092,0.3333333333333333,artifacts/goal_bowl_destination_steering_formal_original_phase/goal_bowl_destination_time_decay_plate_init35_repeat0_success.json,0.4782969000000001,nan,nan,0.4304672100000001,nan,nan,0.3874204890000001,nan,nan,0.3486784401000001,nan,nan,0.3874204890000001,nan,nan,0.3486784401000001,nan,nan,0.31381059609000006,nan,nan,0.2824295364810001,nan,nan,0.31381059609000006,nan,nan,0.2824295364810001,nan,nan,0.2541865828329001,nan,nan,0.2287679245496101,nan,nan
time_decay,plate,35,1,True,75,51,62,71,8,10,12,61.0,0.4927194578259776,9.744376547425428,0.023868021304306267,0.1956577565767931,0.27889536854740404,0.27889536854740404,0.10358923851568007,0.2,artifacts/goal_bowl_destination_steering_formal_original_phase/goal_bowl_destination_time_decay_plate_init35_repeat1_success.json,0.4304672100000001,nan,nan,0.3874204890000001,nan,nan,0.3486784401000001,nan,nan,0.31381059609000006,nan,nan,0.3486784401000001,nan,nan,0.31381059609000006,nan,nan,0.2824295364810001,nan,nan,0.2541865828329001,nan,nan,0.2824295364810001,nan,nan,0.2541865828329001,nan,nan,0.2287679245496101,nan,nan,nan,nan,nan
time_decay,plate,36,0,True,77,47,58,68,7,9,11,58.0,0.4930077360852457,8.912176890114331,-0.05477420811532237,0.0292883712524253,0.20926355521252077,0.35536738047377986,0.022073077557150593,0.5333333333333333,artifacts/goal_bowl_destination_steering_formal_original_phase/goal_bowl_destination_time_decay_plate_init36_repeat0_success.json,0.4782969000000001,nan,nan,0.4304672100000001,nan,nan,0.3874204890000001,nan,nan,0.3486784401000001,nan,nan,0.3874204890000001,nan,nan,0.3486784401000001,nan,nan,0.31381059609000006,nan,nan,0.2824295364810001,nan,nan,0.31381059609000006,nan,nan,0.2824295364810001,nan,nan,0.2541865828329001,nan,nan,0.2287679245496101,nan,nan
time_decay,plate,36,1,True,74,46,58,68,7,9,11,58.0,0.501798279115054,8.875213753166557,-0.028879489930867013,0.11269622592678892,0.2968550352654104,0.3275016464725798,0.06430065623086104,0.4,artifacts/goal_bowl_destination_steering_formal_original_phase/goal_bowl_destination_time_decay_plate_init36_repeat1_success.json,0.4782969000000001,nan,nan,0.4304672100000001,nan,nan,0.3874204890000001,nan,nan,0.3486784401000001,nan,nan,0.3874204890000001,nan,nan,0.3486784401000001,nan,nan,0.31381059609000006,nan,nan,0.2824295364810001,nan,nan,0.31381059609000006,nan,nan,0.2824295364810001,nan,nan,0.2541865828329001,nan,nan,0.2287679245496101,nan,nan
time_decay,plate,37,0,True,74,48,58,69,7,9,11,59.0,0.521515224202035,8.60265863721082,-0.0010768490995197739,0.10482645394409174,0.2452715691455408,0.2452715691455408,0.0649556618486252,0.3333333333333333,artifacts/goal_bowl_destination_steering_formal_original_phase/goal_bowl_destination_time_decay_plate_init37_repeat0_success.json,0.4782969000000001,nan,nan,0.4304672100000001,nan,nan,0.3874204890000001,nan,nan,0.3486784401000001,nan,nan,0.3874204890000001,nan,nan,0.3486784401000001,nan,nan,0.31381059609000006,nan,nan,0.2824295364810001,nan,nan,0.31381059609000006,nan,nan,0.2824295364810001,nan,nan,0.2541865828329001,nan,nan,0.2287679245496101,nan,nan
time_decay,plate,37,1,True,75,48,59,70,7,9,12,60.0,0.5264675096482224,8.802081980988758,0.02543564426845178,0.1367772531445419,0.2741627302363582,0.2741627302363582,0.08883432500332164,0.13333333333333333,artifacts/goal_bowl_destination_steering_formal_original_phase/goal_bowl_destination_time_decay_plate_init37_repeat1_success.json,0.4782969000000001,nan,nan,0.4304672100000001,nan,nan,0.3874204890000001,nan,nan,0.3486784401000001,nan,nan,0.3874204890000001,nan,nan,0.3486784401000001,nan,nan,0.31381059609000006,nan,nan,0.2824295364810001,nan,nan,0.2824295364810001,nan,nan,0.2541865828329001,nan,nan,0.2287679245496101,nan,nan,nan,nan,nan
time_decay,plate,38,0,True,78,49,60,69,7,10,11,59.0,0.47789345977220904,9.534882596312379,-0.051371146154194594,0.04258048495111455,0.23948597056665014,0.34917261594772225,0.028565306058687838,0.5333333333333333,artifacts/goal_bowl_destination_steering_formal_original_phase/goal_bowl_destination_time_decay_plate_init38_repeat0_success.json,0.4782969000000001,nan,nan,0.4304672100000001,nan,nan,0.3874204890000001,nan,nan,0.3486784401000001,nan,nan,0.3486784401000001,nan,nan,0.31381059609000006,nan,nan,0.2824295364810001,nan,nan,0.2541865828329001,nan,nan,0.31381059609000006,nan,nan,0.2824295364810001,nan,nan,0.2541865828329001,nan,nan,0.2287679245496101,nan,nan
time_decay,plate,38,1,True,73,47,58,67,7,9,11,57.0,0.48789796694713683,9.809849559007088,-0.004439531641767183,0.13806288000043943,0.3242219857778301,0.34863352639318707,0.08532460622372601,0.3333333333333333,artifacts/goal_bowl_destination_steering_formal_original_phase/goal_bowl_destination_time_decay_plate_init38_repeat1_success.json,0.4782969000000001,nan,nan,0.4304672100000001,nan,nan,0.3874204890000001,nan,nan,0.3486784401000001,nan,nan,0.3874204890000001,nan,nan,0.3486784401000001,nan,nan,0.31381059609000006,nan,nan,0.2824295364810001,nan,nan,0.31381059609000006,nan,nan,0.2824295364810001,nan,nan,0.2541865828329001,nan,nan,0.2287679245496101,nan,nan
time_decay,plate,39,0,True,78,49,76,69,7,13,11,59.0,0.5306690797527633,9.078722945737592,-0.05114761577525848,0.0474779844939036,0.23009954347112574,0.3521215087003584,0.030996948925519015,0.5333333333333333,artifacts/goal_bowl_destination_steering_formal_original_phase/goal_bowl_destination_time_decay_plate_init39_repeat0_success.json,0.4782969000000001,nan,nan,0.4304672100000001,nan,nan,0.3874204890000001,nan,nan,0.3486784401000001,nan,nan,0.2541865828329001,nan,nan,0.2287679245496101,nan,nan,0.20589113209464907,nan,nan,nan,nan,nan,0.31381059609000006,nan,nan,0.2824295364810001,nan,nan,0.2541865828329001,nan,nan,0.2287679245496101,nan,nan
time_decay,plate,39,1,True,71,47,58,68,7,9,11,58.0,0.5283710040614662,9.145688175217327,0.04215684268318411,0.24763959258312213,0.346416322113484,0.346416322113484,0.13563428551113257,0.2,artifacts/goal_bowl_destination_steering_formal_original_phase/goal_bowl_destination_time_decay_plate_init39_repeat1_success.json,0.4782969000000001,nan,nan,0.4304672100000001,nan,nan,0.3874204890000001,nan,nan,0.3486784401000001,nan,nan,0.3874204890000001,nan,nan,0.3486784401000001,nan,nan,0.31381059609000006,nan,nan,0.2824295364810001,nan,nan,0.31381059609000006,nan,nan,0.2824295364810001,nan,nan,0.2541865828329001,nan,nan,0.2287679245496101,nan,nan
time_decay,plate,3,0,True,77,49,65,69,7,11,11,59.0,0.5181780522810605,9.339259595508489,-0.05120079210187193,0.06112939540921114,0.23363957253448514,0.31455409125741435,0.03413864486372167,0.4666666666666667,artifacts/goal_bowl_destination_steering_formal_original_phase/goal_bowl_destination_time_decay_plate_init3_repeat0_success.json,0.4782969000000001,nan,nan,0.4304672100000001,nan,nan,0.3874204890000001,nan,nan,0.3486784401000001,nan,nan,0.31381059609000006,nan,nan,0.2824295364810001,nan,nan,0.2541865828329001,nan,nan,0.2287679245496101,nan,nan,0.31381059609000006,nan,nan,0.2824295364810001,nan,nan,0.2541865828329001,nan,nan,0.2287679245496101,nan,nan
time_decay,plate,3,1,True,77,49,60,69,7,10,11,59.0,0.5110673086557799,9.610105282008787,-0.04612238373220733,0.05960778725544679,0.23537627960032312,0.33157213735567914,0.03597785420137003,0.4666666666666667,artifacts/goal_bowl_destination_steering_formal_original_phase/goal_bowl_destination_time_decay_plate_init3_repeat1_success.json,0.4782969000000001,nan,nan,0.4304672100000001,nan,nan,0.3874204890000001,nan,nan,0.3486784401000001,nan,nan,0.3486784401000001,nan,nan,0.31381059609000006,nan,nan,0.2824295364810001,nan,nan,0.2541865828329001,nan,nan,0.31381059609000006,nan,nan,0.2824295364810001,nan,nan,0.2541865828329001,nan,nan,0.2287679245496101,nan,nan
time_decay,plate,40,0,True,74,44,53,67,6,8,11,57.0,0.4984511785123024,8.797270546874447,-0.06637619559649176,0.04669967800305259,0.21843956055743496,0.2924968546144147,0.01978435019832129,0.5333333333333333,artifacts/goal_bowl_destination_steering_formal_original_phase/goal_bowl_destination_time_decay_plate_init40_repeat0_success.json,0.531441,nan,nan,0.4782969000000001,nan,nan,0.4304672100000001,nan,nan,0.3874204890000001,nan,nan,0.4304672100000001,nan,nan,0.3874204890000001,nan,nan,0.3486784401000001,nan,nan,0.31381059609000006,nan,nan,0.31381059609000006,nan,nan,0.2824295364810001,nan,nan,0.2541865828329001,nan,nan,0.2287679245496101,nan,nan
time_decay,plate,40,1,True,72,47,57,68,7,9,11,58.0,0.5071915099876436,9.174892392901244,0.004849264076409754,0.17000178421331205,0.2808250729666755,0.2808250729666755,0.09036982169713134,0.26666666666666666,artifacts/goal_bowl_destination_steering_formal_original_phase/goal_bowl_destination_time_decay_plate_init40_repeat1_success.json,0.4782969000000001,nan,nan,0.4304672100000001,nan,nan,0.3874204890000001,nan,nan,0.3486784401000001,nan,nan,0.3874204890000001,nan,nan,0.3486784401000001,nan,nan,0.31381059609000006,nan,nan,0.2824295364810001,nan,nan,0.31381059609000006,nan,nan,0.2824295364810001,nan,nan,0.2541865828329001,nan,nan,0.2287679245496101,nan,nan
time_decay,plate,41,0,True,74,47,60,67,7,10,11,57.0,0.5306787332472592,8.429001616920523,-0.043277166672556655,0.08700879040395432,0.2931542795618053,0.35243204343586604,0.050669061510827784,0.4666666666666667,artifacts/goal_bowl_destination_steering_formal_original_phase/goal_bowl_destination_time_decay_plate_init41_repeat0_success.json,0.4782969000000001,nan,nan,0.4304672100000001,nan,nan,0.3874204890000001,nan,nan,0.3486784401000001,nan,nan,0.3486784401000001,nan,nan,0.31381059609000006,nan,nan,0.2824295364810001,nan,nan,0.2541865828329001,nan,nan,0.31381059609000006,nan,nan,0.2824295364810001,nan,nan,0.2541865828329001,nan,nan,0.2287679245496101,nan,nan
time_decay,plate,41,1,True,76,47,59,67,7,9,11,57.0,0.5164266478014404,8.243822850122204,-0.07211196213092791,0.00834561984309752,0.20414313287372557,0.3517657242883456,0.005232038717984676,0.6,artifacts/goal_bowl_destination_steering_formal_original_phase/goal_bowl_destination_time_decay_plate_init41_repeat1_success.json,0.4782969000000001,nan,nan,0.4304672100000001,nan,nan,0.3874204890000001,nan,nan,0.3486784401000001,nan,nan,0.3874204890000001,nan,nan,0.3486784401000001,nan,nan,0.31381059609000006,nan,nan,0.2824295364810001,nan,nan,0.31381059609000006,nan,nan,0.2824295364810001,nan,nan,0.2541865828329001,nan,nan,0.2287679245496101,nan,nan
time_decay,plate,42,0,True,77,43,59,66,6,9,11,56.0,0.5208210436875206,9.013893633146887,-0.04247869882513974,0.04012423875452985,0.19366907279056159,0.34434429113170734,0.026389685255099327,0.5333333333333333,artifacts/goal_bowl_destination_steering_formal_original_phase/goal_bowl_destination_time_decay_plate_init42_repeat0_success.json,0.531441,nan,nan,0.4782969000000001,nan,nan,0.4304672100000001,nan,nan,0.3874204890000001,nan,nan,0.3874204890000001,nan,nan,0.3486784401000001,nan,nan,0.31381059609000006,nan,nan,0.2824295364810001,nan,nan,0.31381059609000006,nan,nan,0.2824295364810001,nan,nan,0.2541865828329001,nan,nan,0.2287679245496101,nan,nan
time_decay,plate,42,1,True,78,43,59,64,6,9,10,54.0,0.5001484989968993,8.835659269001365,-0.0675846501023251,-0.021544784311557853,0.13032990243152673,0.3047997418882771,-0.008362960359459458,0.6666666666666666,artifacts/goal_bowl_destination_steering_formal_original_phase/goal_bowl_destination_time_decay_plate_init42_repeat1_success.json,0.531441,nan,nan,0.4782969000000001,nan,nan,0.4304672100000001,nan,nan,0.3874204890000001,nan,nan,0.3874204890000001,nan,nan,0.3486784401000001,nan,nan,0.31381059609000006,nan,nan,0.2824295364810001,nan,nan,0.3486784401000001,nan,nan,0.31381059609000006,nan,nan,0.2824295364810001,nan,nan,0.2541865828329001,nan,nan
time_decay,plate,43,0,True,72,48,60,,7,10,,nan,nan,nan,nan,nan,nan,nan,nan,nan,artifacts/goal_bowl_destination_steering_formal_original_phase/goal_bowl_destination_time_decay_plate_init43_repeat0_success.json,0.4782969000000001,nan,nan,0.4304672100000001,nan,nan,0.3874204890000001,nan,nan,0.3486784401000001,nan,nan,0.3486784401000001,nan,nan,0.31381059609000006,nan,nan,0.2824295364810001,nan,nan,0.2541865828329001,nan,nan,nan,nan,nan,nan,nan,nan,nan,nan,nan,nan,nan,nan
time_decay,plate,43,1,True,80,48,,,7,,,nan,nan,nan,nan,nan,nan,nan,nan,nan,artifacts/goal_bowl_destination_steering_formal_original_phase/goal_bowl_destination_time_decay_plate_init43_repeat1_success.json,0.4782969000000001,nan,nan,0.4304672100000001,nan,nan,0.3874204890000001,nan,nan,0.3486784401000001,nan,nan,nan,nan,nan,nan,nan,nan,nan,nan,nan,nan,nan,nan,nan,nan,nan,nan,nan,nan,nan,nan,nan,nan,nan,nan
time_decay,plate,44,0,True,77,49,62,69,7,10,11,59.0,0.5327974419424711,8.455671059319775,-0.056570624754935496,0.05557006303121291,0.26681126221573803,0.37202923330277665,0.03791651006576106,0.5333333333333333,artifacts/goal_bowl_destination_steering_formal_original_phase/goal_bowl_destination_time_decay_plate_init44_repeat0_success.json,0.4782969000000001,nan,nan,0.4304672100000001,nan,nan,0.3874204890000001,nan,nan,0.3486784401000001,nan,nan,0.3486784401000001,nan,nan,0.31381059609000006,nan,nan,0.2824295364810001,nan,nan,0.2541865828329001,nan,nan,0.31381059609000006,nan,nan,0.2824295364810001,nan,nan,0.2541865828329001,nan,nan,0.2287679245496101,nan,nan
time_decay,plate,44,1,True,74,49,62,,7,10,,nan,nan,nan,nan,nan,nan,nan,nan,nan,artifacts/goal_bowl_destination_steering_formal_original_phase/goal_bowl_destination_time_decay_plate_init44_repeat1_success.json,0.4782969000000001,nan,nan,0.4304672100000001,nan,nan,0.3874204890000001,nan,nan,0.3486784401000001,nan,nan,0.3486784401000001,nan,nan,0.31381059609000006,nan,nan,0.2824295364810001,nan,nan,0.2541865828329001,nan,nan,nan,nan,nan,nan,nan,nan,nan,nan,nan,nan,nan,nan
time_decay,plate,45,0,True,89,55,70,75,9,12,13,65.0,0.561828170366836,7.806223515909833,-0.044403954325480055,-0.011436523066169522,0.15173964200383247,0.33345087149596964,0.005061525793436865,0.6666666666666666,artifacts/goal_bowl_destination_steering_formal_original_phase/goal_bowl_destination_time_decay_plate_init45_repeat0_success.json,0.3874204890000001,nan,nan,0.3486784401000001,nan,nan,0.31381059609000006,nan,nan,0.2824295364810001,nan,nan,0.2824295364810001,nan,nan,0.2541865828329001,nan,nan,0.2287679245496101,nan,nan,0.20589113209464907,nan,nan,0.2541865828329001,nan,nan,0.2287679245496101,nan,nan,0.20589113209464907,nan,nan,0.18530201888518416,nan,nan
time_decay,plate,45,1,True,91,54,69,73,8,11,12,63.0,0.5420388078364327,8.121838284871847,-0.060149736698726974,-0.04193708439038401,0.03912602375817219,0.1950348585543068,-0.027652581106459555,0.8666666666666667,artifacts/goal_bowl_destination_steering_formal_original_phase/goal_bowl_destination_time_decay_plate_init45_repeat1_success.json,0.4304672100000001,nan,nan,0.3874204890000001,nan,nan,0.3486784401000001,nan,nan,0.31381059609000006,nan,nan,0.31381059609000006,nan,nan,0.2824295364810001,nan,nan,0.2541865828329001,nan,nan,0.2287679245496101,nan,nan,0.2824295364810001,nan,nan,0.2541865828329001,nan,nan,0.2287679245496101,nan,nan,0.20589113209464907,nan,nan
time_decay,plate,46,0,True,72,46,58,66,7,9,11,56.0,0.49954077223481375,9.653337983286919,-0.03611822687434323,0.08747166781700319,0.27774017466328593,0.3053083009631619,0.05214193197410138,0.4666666666666667,artifacts/goal_bowl_destination_steering_formal_original_phase/goal_bowl_destination_time_decay_plate_init46_repeat0_success.json,0.4782969000000001,nan,nan,0.4304672100000001,nan,nan,0.3874204890000001,nan,nan,0.3486784401000001,nan,nan,0.3874204890000001,nan,nan,0.3486784401000001,nan,nan,0.31381059609000006,nan,nan,0.2824295364810001,nan,nan,0.31381059609000006,nan,nan,0.2824295364810001,nan,nan,0.2541865828329001,nan,nan,0.2287679245496101,nan,nan
time_decay,plate,46,1,True,76,47,60,68,7,10,11,58.0,0.49701192228801117,9.74272218847046,-0.050117916569139234,0.03700543218900638,0.20750615355793772,0.31045560714149373,0.023375519848275676,0.5333333333333333,artifacts/goal_bowl_destination_steering_formal_original_phase/goal_bowl_destination_time_decay_plate_init46_repeat1_success.json,0.4782969000000001,nan,nan,0.4304672100000001,nan,nan,0.3874204890000001,nan,nan,0.3486784401000001,nan,nan,0.3486784401000001,nan,nan,0.31381059609000006,nan,nan,0.2824295364810001,nan,nan,0.2541865828329001,nan,nan,0.31381059609000006,nan,nan,0.2824295364810001,nan,nan,0.2541865828329001,nan,nan,0.2287679245496101,nan,nan
time_decay,plate,47,0,True,76,46,,66,7,,11,56.0,0.47379059769320647,8.866511876355746,-0.06332376989337225,0.014539115886538573,0.2192988795014874,0.3726372688706929,0.016443904916833514,0.6,artifacts/goal_bowl_destination_steering_formal_original_phase/goal_bowl_destination_time_decay_plate_init47_repeat0_success.json,0.4782969000000001,nan,nan,0.4304672100000001,nan,nan,0.3874204890000001,nan,nan,0.3486784401000001,nan,nan,nan,nan,nan,nan,nan,nan,nan,nan,nan,nan,nan,nan,0.31381059609000006,nan,nan,0.2824295364810001,nan,nan,0.2541865828329001,nan,nan,0.2287679245496101,nan,nan
time_decay,plate,47,1,True,70,44,55,64,6,9,10,54.0,0.4788255515980907,8.647900432897902,-0.04953691095406032,0.060359227792598745,0.2440632431379719,0.28622548338430176,0.03374520559147766,0.5333333333333333,artifacts/goal_bowl_destination_steering_formal_original_phase/goal_bowl_destination_time_decay_plate_init47_repeat1_success.json,0.531441,nan,nan,0.4782969000000001,nan,nan,0.4304672100000001,nan,nan,0.3874204890000001,nan,nan,0.3874204890000001,nan,nan,0.3486784401000001,nan,nan,0.31381059609000006,nan,nan,0.2824295364810001,nan,nan,0.3486784401000001,nan,nan,0.31381059609000006,nan,nan,0.2824295364810001,nan,nan,0.2541865828329001,nan,nan
time_decay,plate,48,0,True,76,49,62,70,7,10,12,60.0,0.5446157640337095,9.15952164521735,-0.028137659326053777,0.12571925613106694,0.3004924756687481,0.3326527300528037,0.06981299810382481,0.4,artifacts/goal_bowl_destination_steering_formal_original_phase/goal_bowl_destination_time_decay_plate_init48_repeat0_success.json,0.4782969000000001,nan,nan,0.4304672100000001,nan,nan,0.3874204890000001,nan,nan,0.3486784401000001,nan,nan,0.3486784401000001,nan,nan,0.31381059609000006,nan,nan,0.2824295364810001,nan,nan,0.2541865828329001,nan,nan,0.2824295364810001,nan,nan,0.2541865828329001,nan,nan,0.2287679245496101,nan,nan,0.20589113209464907,nan,nan
time_decay,plate,48,1,True,72,49,60,70,7,10,12,60.0,0.5369106190954345,9.046898686408081,0.0452084236491281,0.259351986085147,0.3439293585200975,0.3439293585200975,0.14236013132048325,0.2,artifacts/goal_bowl_destination_steering_formal_original_phase/goal_bowl_destination_time_decay_plate_init48_repeat1_success.json,0.4782969000000001,nan,nan,0.4304672100000001,nan,nan,0.3874204890000001,nan,nan,0.3486784401000001,nan,nan,0.3486784401000001,nan,nan,0.31381059609000006,nan,nan,0.2824295364810001,nan,nan,0.2541865828329001,nan,nan,0.2824295364810001,nan,nan,0.2541865828329001,nan,nan,0.2287679245496101,nan,nan,nan,nan,nan
time_decay,plate,49,0,True,74,46,57,65,7,9,11,55.0,0.5164170700211483,8.793010379871077,-0.0485313861702606,0.03547652176752422,0.21287909532058316,0.364264606928357,0.027260604546375394,0.5333333333333333,artifacts/goal_bowl_destination_steering_formal_original_phase/goal_bowl_destination_time_decay_plate_init49_repeat0_success.json,0.4782969000000001,nan,nan,0.4304672100000001,nan,nan,0.3874204890000001,nan,nan,0.3486784401000001,nan,nan,0.3874204890000001,nan,nan,0.3486784401000001,nan,nan,0.31381059609000006,nan,nan,0.2824295364810001,nan,nan,0.31381059609000006,nan,nan,0.2824295364810001,nan,nan,0.2541865828329001,nan,nan,0.2287679245496101,nan,nan
time_decay,plate,49,1,True,76,46,58,65,7,9,11,55.0,0.5085225370406274,8.624942505100847,-0.06022759960040486,0.011292687378698943,0.1829853578019121,0.37332226058898355,0.011512213458291226,0.6,artifacts/goal_bowl_destination_steering_formal_original_phase/goal_bowl_destination_time_decay_plate_init49_repeat1_success.json,0.4782969000000001,nan,nan,0.4304672100000001,nan,nan,0.3874204890000001,nan,nan,0.3486784401000001,nan,nan,0.3874204890000001,nan,nan,0.3486784401000001,nan,nan,0.31381059609000006,nan,nan,0.2824295364810001,nan,nan,0.31381059609000006,nan,nan,0.2824295364810001,nan,nan,0.2541865828329001,nan,nan,0.2287679245496101,nan,nan
time_decay,plate,4,0,True,84,58,70,78,9,12,13,68.0,0.5095120013680885,10.219075683806528,-0.05338658925309105,0.08850051049114897,0.3228887504632707,0.37260765122674433,0.05415527244581259,0.5333333333333333,artifacts/goal_bowl_destination_steering_formal_original_phase/goal_bowl_destination_time_decay_plate_init4_repeat0_success.json,0.3874204890000001,nan,nan,0.3486784401000001,nan,nan,0.31381059609000006,nan,nan,0.2824295364810001,nan,nan,0.2824295364810001,nan,nan,0.2541865828329001,nan,nan,0.2287679245496101,nan,nan,0.20589113209464907,nan,nan,0.2541865828329001,nan,nan,0.2287679245496101,nan,nan,0.20589113209464907,nan,nan,0.18530201888518416,nan,nan
time_decay,plate,4,1,True,87,57,70,76,9,12,13,66.0,0.4803283155651509,9.93012136776577,-0.04398532960189522,0.02402439111196325,0.19646960842743197,0.38412054316700356,0.02310288724755641,0.5333333333333333,artifacts/goal_bowl_destination_steering_formal_original_phase/goal_bowl_destination_time_decay_plate_init4_repeat1_success.json,0.3874204890000001,nan,nan,0.3486784401000001,nan,nan,0.31381059609000006,nan,nan,0.2824295364810001,nan,nan,0.2824295364810001,nan,nan,0.2541865828329001,nan,nan,0.2287679245496101,nan,nan,0.20589113209464907,nan,nan,0.2541865828329001,nan,nan,0.2287679245496101,nan,nan,0.20589113209464907,nan,nan,0.18530201888518416,nan,nan
time_decay,plate,5,0,True,74,45,55,66,7,9,11,56.0,0.4992664519603468,8.517721973842297,-0.03701123690978759,0.08802524375800345,0.2691639970437275,0.3496469269375615,0.05274373376866725,0.4666666666666667,artifacts/goal_bowl_destination_steering_formal_original_phase/goal_bowl_destination_time_decay_plate_init5_repeat0_success.json,0.4782969000000001,nan,nan,0.4304672100000001,nan,nan,0.3874204890000001,nan,nan,0.3486784401000001,nan,nan,0.3874204890000001,nan,nan,0.3486784401000001,nan,nan,0.31381059609000006,nan,nan,0.2824295364810001,nan,nan,0.31381059609000006,nan,nan,0.2824295364810001,nan,nan,0.2541865828329001,nan,nan,0.2287679245496101,nan,nan
time_decay,plate,5,1,True,74,48,60,70,7,10,12,60.0,0.5200833164873826,8.717845404280325,0.005331822910767299,0.20586925468444045,0.35212499249513135,0.35212499249513135,0.11324621654812958,0.26666666666666666,artifacts/goal_bowl_destination_steering_formal_original_phase/goal_bowl_destination_time_decay_plate_init5_repeat1_success.json,0.4782969000000001,nan,nan,0.4304672100000001,nan,nan,0.3874204890000001,nan,nan,0.3486784401000001,nan,nan,0.3486784401000001,nan,nan,0.31381059609000006,nan,nan,0.2824295364810001,nan,nan,0.2541865828329001,nan,nan,0.2824295364810001,nan,nan,0.2541865828329001,nan,nan,0.2287679245496101,nan,nan,nan,nan,nan
time_decay,plate,6,0,True,76,47,60,68,7,10,11,58.0,0.48025642524441176,9.39092305134039,-0.04665444350123602,0.02602847002901483,0.19299509764753092,0.2935382664293434,0.017687954220582343,0.6,artifacts/goal_bowl_destination_steering_formal_original_phase/goal_bowl_destination_time_decay_plate_init6_repeat0_success.json,0.4782969000000001,nan,nan,0.4304672100000001,nan,nan,0.3874204890000001,nan,nan,0.3486784401000001,nan,nan,0.3486784401000001,nan,nan,0.31381059609000006,nan,nan,0.2824295364810001,nan,nan,0.2541865828329001,nan,nan,0.31381059609000006,nan,nan,0.2824295364810001,nan,nan,0.2541865828329001,nan,nan,0.2287679245496101,nan,nan
time_decay,plate,6,1,True,70,43,54,63,6,8,10,53.0,0.44343044612058113,9.358677344733092,-0.030050980157338706,0.06098026835755004,0.23685096424877317,0.3044702275213286,0.042208510754315844,0.4666666666666667,artifacts/goal_bowl_destination_steering_formal_original_phase/goal_bowl_destination_time_decay_plate_init6_repeat1_success.json,0.531441,nan,nan,0.4782969000000001,nan,nan,0.4304672100000001,nan,nan,0.3874204890000001,nan,nan,0.4304672100000001,nan,nan,0.3874204890000001,nan,nan,0.3486784401000001,nan,nan,0.31381059609000006,nan,nan,0.3486784401000001,nan,nan,0.31381059609000006,nan,nan,0.2824295364810001,nan,nan,0.2541865828329001,nan,nan
time_decay,plate,7,0,True,71,47,58,68,7,9,11,58.0,0.5211826413439692,9.140384550884624,0.013142288860669845,0.24688920779297321,0.35064702408891174,0.35064702408891174,0.12269320559110852,0.26666666666666666,artifacts/goal_bowl_destination_steering_formal_original_phase/goal_bowl_destination_time_decay_plate_init7_repeat0_success.json,0.4782969000000001,nan,nan,0.4304672100000001,nan,nan,0.3874204890000001,nan,nan,0.3486784401000001,nan,nan,0.3874204890000001,nan,nan,0.3486784401000001,nan,nan,0.31381059609000006,nan,nan,0.2824295364810001,nan,nan,0.31381059609000006,nan,nan,0.2824295364810001,nan,nan,0.2541865828329001,nan,nan,0.2287679245496101,nan,nan
time_decay,plate,7,1,True,73,46,65,67,7,11,11,57.0,0.506729589164168,9.133788879155766,-0.013917085853359145,0.11899361206559171,0.32265040056590694,0.3544452474043031,0.07721461024267559,0.4,artifacts/goal_bowl_destination_steering_formal_original_phase/goal_bowl_destination_time_decay_plate_init7_repeat1_success.json,0.4782969000000001,nan,nan,0.4304672100000001,nan,nan,0.3874204890000001,nan,nan,0.3486784401000001,nan,nan,0.31381059609000006,nan,nan,0.2824295364810001,nan,nan,0.2541865828329001,nan,nan,0.2287679245496101,nan,nan,0.31381059609000006,nan,nan,0.2824295364810001,nan,nan,0.2541865828329001,nan,nan,0.2287679245496101,nan,nan
time_decay,plate,8,0,True,70,45,56,64,7,9,10,54.0,0.4956768728209811,9.10127102584896,-0.011013376715955375,0.13381939171701124,0.3196845568402894,0.34258600920482735,0.08127606040078666,0.3333333333333333,artifacts/goal_bowl_destination_steering_formal_original_phase/goal_bowl_destination_time_decay_plate_init8_repeat0_success.json,0.4782969000000001,nan,nan,0.4304672100000001,nan,nan,0.3874204890000001,nan,nan,0.3486784401000001,nan,nan,0.3874204890000001,nan,nan,0.3486784401000001,nan,nan,0.31381059609000006,nan,nan,0.2824295364810001,nan,nan,0.3486784401000001,nan,nan,0.31381059609000006,nan,nan,0.2824295364810001,nan,nan,0.2541865828329001,nan,nan
time_decay,plate,8,1,True,70,45,55,65,7,9,11,55.0,0.5024851760033434,8.810971672391204,0.011753054728736806,0.19137045420270196,0.38312148352436604,0.38312148352436604,0.11531152318652789,0.26666666666666666,artifacts/goal_bowl_destination_steering_formal_original_phase/goal_bowl_destination_time_decay_plate_init8_repeat1_success.json,0.4782969000000001,nan,nan,0.4304672100000001,nan,nan,0.3874204890000001,nan,nan,0.3486784401000001,nan,nan,0.3874204890000001,nan,nan,0.3486784401000001,nan,nan,0.31381059609000006,nan,nan,0.2824295364810001,nan,nan,0.31381059609000006,nan,nan,0.2824295364810001,nan,nan,0.2541865828329001,nan,nan,nan,nan,nan
time_decay,plate,9,0,True,78,49,58,72,7,9,12,62.0,0.5135936505361092,9.610169479309658,-0.018936349001763456,0.1719759938436666,0.391058132741306,0.42816816542951774,0.10019385882426537,0.4,artifacts/goal_bowl_destination_steering_formal_original_phase/goal_bowl_destination_time_decay_plate_init9_repeat0_success.json,0.4782969000000001,nan,nan,0.4304672100000001,nan,nan,0.3874204890000001,nan,nan,0.3486784401000001,nan,nan,0.3874204890000001,nan,nan,0.3486784401000001,nan,nan,0.31381059609000006,nan,nan,0.2824295364810001,nan,nan,0.2824295364810001,nan,nan,0.2541865828329001,nan,nan,0.2287679245496101,nan,nan,0.20589113209464907,nan,nan
time_decay,plate,9,1,True,82,49,59,71,7,9,12,61.0,0.5017323498536526,9.904199595732388,-0.05681388190990947,0.014357287800795263,0.23998120146672977,0.4137720833912082,0.024024267104872085,0.6,artifacts/goal_bowl_destination_steering_formal_original_phase/goal_bowl_destination_time_decay_plate_init9_repeat1_success.json,0.4782969000000001,nan,nan,0.4304672100000001,nan,nan,0.3874204890000001,nan,nan,0.3486784401000001,nan,nan,0.3874204890000001,nan,nan,0.3486784401000001,nan,nan,0.31381059609000006,nan,nan,0.2824295364810001,nan,nan,0.2824295364810001,nan,nan,0.2541865828329001,nan,nan,0.2287679245496101,nan,nan,0.20589113209464907,nan,nan
