episode_id,layout_id,condition,alpha_normalized,alpha_m,target_color,target_side,blue_block_side,red_block_side,instruction,chunk_index,phase,start,stop,executed_steps,progress_pregrasp,progress_full,seed,num_samples,tau_min,tau_max,action_dims,energy_blue,energy_red,energy_true,energy_alternative,margin_blue_minus_red,margin_alternative_minus_true,cartesian_x,cartesian_y,cartesian_z
2026_08_18_00_40_18_199635_L1_left_C0,L1,C0,0.0,0.0,blue,left,left,right,pick up the blue block,0,pregrasp,0,16,16,0.13793103448275862,0.11678832116788321,0,8,0.3,0.7,8,0.34503304958343506,0.3259741961956024,0.34503304958343506,0.3259741961956024,0.01905885338783264,-0.01905885338783264,0.38145551085472107,0.0021811791229993105,0.4664916396141052
2026_08_18_00_40_18_199635_L1_left_C0,L1,C0,0.0,0.0,blue,left,left,right,pick up the blue block,0,pregrasp,0,16,16,0.13793103448275862,0.11678832116788321,1,8,0.3,0.7,8,0.2518719434738159,0.23166358470916748,0.2518719434738159,0.23166358470916748,0.020208358764648438,-0.020208358764648438,0.38145551085472107,0.0021811791229993105,0.4664916396141052
2026_08_18_00_40_18_199635_L1_left_C0,L1,C0,0.0,0.0,blue,left,left,right,pick up the blue block,0,pregrasp,0,16,16,0.13793103448275862,0.11678832116788321,2,8,0.3,0.7,8,0.3598480522632599,0.3430350124835968,0.3598480522632599,0.3430350124835968,0.016813039779663086,-0.016813039779663086,0.38145551085472107,0.0021811791229993105,0.4664916396141052
2026_08_18_00_40_18_199635_L1_left_C0,L1,C0,0.0,0.0,blue,left,left,right,pick up the blue block,0,pregrasp,0,16,16,0.13793103448275862,0.11678832116788321,3,8,0.3,0.7,8,0.2604408264160156,0.2458723932504654,0.2604408264160156,0.2458723932504654,0.014568433165550232,-0.014568433165550232,0.38145551085472107,0.0021811791229993105,0.4664916396141052
2026_08_18_00_40_18_199635_L1_left_C0,L1,C0,0.0,0.0,blue,left,left,right,pick up the blue block,0,pregrasp,0,16,16,0.13793103448275862,0.11678832116788321,4,8,0.3,0.7,8,0.23319588601589203,0.21784386038780212,0.23319588601589203,0.21784386038780212,0.015352025628089905,-0.015352025628089905,0.38145551085472107,0.0021811791229993105,0.4664916396141052
2026_08_18_00_40_18_199635_L1_left_C0,L1,C0,0.0,0.0,blue,left,left,right,pick up the blue block,0,pregrasp,0,16,16,0.13793103448275862,0.11678832116788321,5,8,0.3,0.7,8,0.39840462803840637,0.37592142820358276,0.39840462803840637,0.37592142820358276,0.02248319983482361,-0.02248319983482361,0.38145551085472107,0.0021811791229993105,0.4664916396141052
2026_08_18_00_40_18_199635_L1_left_C0,L1,C0,0.0,0.0,blue,left,left,right,pick up the blue block,0,pregrasp,0,16,16,0.13793103448275862,0.11678832116788321,6,8,0.3,0.7,8,0.3462968170642853,0.323040246963501,0.3462968170642853,0.323040246963501,0.023256570100784302,-0.023256570100784302,0.38145551085472107,0.0021811791229993105,0.4664916396141052
2026_08_18_00_40_18_199635_L1_left_C0,L1,C0,0.0,0.0,blue,left,left,right,pick up the blue block,0,pregrasp,0,16,16,0.13793103448275862,0.11678832116788321,7,8,0.3,0.7,8,0.3193839192390442,0.3018026053905487,0.3193839192390442,0.3018026053905487,0.017581313848495483,-0.017581313848495483,0.38145551085472107,0.0021811791229993105,0.4664916396141052
2026_08_18_00_40_18_199635_L1_left_C0,L1,C0,0.0,0.0,blue,left,left,right,pick up the blue block,0,pregrasp,0,16,16,0.13793103448275862,0.11678832116788321,8,8,0.3,0.7,8,0.17870737612247467,0.17858768999576569,0.17870737612247467,0.17858768999576569,0.00011968612670898438,-0.00011968612670898438,0.38145551085472107,0.0021811791229993105,0.4664916396141052
2026_08_18_00_40_18_199635_L1_left_C0,L1,C0,0.0,0.0,blue,left,left,right,pick up the blue block,0,pregrasp,0,16,16,0.13793103448275862,0.11678832116788321,9,8,0.3,0.7,8,0.3433590233325958,0.32876425981521606,0.3433590233325958,0.32876425981521606,0.01459476351737976,-0.01459476351737976,0.38145551085472107,0.0021811791229993105,0.4664916396141052
2026_08_18_00_40_18_199635_L1_left_C0,L1,C0,0.0,0.0,blue,left,left,right,pick up the blue block,1,pregrasp,16,32,16,0.27586206896551724,0.23357664233576642,0,8,0.3,0.7,8,0.3003147840499878,0.2689759135246277,0.3003147840499878,0.2689759135246277,0.03133887052536011,-0.03133887052536011,0.42407873272895813,0.005680404137820005,0.41256415843963623
2026_08_18_00_40_18_199635_L1_left_C0,L1,C0,0.0,0.0,blue,left,left,right,pick up the blue block,1,pregrasp,16,32,16,0.27586206896551724,0.23357664233576642,1,8,0.3,0.7,8,0.24283367395401,0.22997146844863892,0.24283367395401,0.22997146844863892,0.012862205505371094,-0.012862205505371094,0.42407873272895813,0.005680404137820005,0.41256415843963623
2026_08_18_00_40_18_199635_L1_left_C0,L1,C0,0.0,0.0,blue,left,left,right,pick up the blue block,1,pregrasp,16,32,16,0.27586206896551724,0.23357664233576642,2,8,0.3,0.7,8,0.2982128858566284,0.268064022064209,0.2982128858566284,0.268064022064209,0.030148863792419434,-0.030148863792419434,0.42407873272895813,0.005680404137820005,0.41256415843963623
2026_08_18_00_40_18_199635_L1_left_C0,L1,C0,0.0,0.0,blue,left,left,right,pick up the blue block,1,pregrasp,16,32,16,0.27586206896551724,0.23357664233576642,3,8,0.3,0.7,8,0.2439485341310501,0.23158645629882812,0.2439485341310501,0.23158645629882812,0.012362077832221985,-0.012362077832221985,0.42407873272895813,0.005680404137820005,0.41256415843963623
2026_08_18_00_40_18_199635_L1_left_C0,L1,C0,0.0,0.0,blue,left,left,right,pick up the blue block,1,pregrasp,16,32,16,0.27586206896551724,0.23357664233576642,4,8,0.3,0.7,8,0.34626704454421997,0.31786054372787476,0.34626704454421997,0.31786054372787476,0.028406500816345215,-0.028406500816345215,0.42407873272895813,0.005680404137820005,0.41256415843963623
2026_08_18_00_40_18_199635_L1_left_C0,L1,C0,0.0,0.0,blue,left,left,right,pick up the blue block,1,pregrasp,16,32,16,0.27586206896551724,0.23357664233576642,5,8,0.3,0.7,8,0.27663809061050415,0.27612361311912537,0.27663809061050415,0.27612361311912537,0.0005144774913787842,-0.0005144774913787842,0.42407873272895813,0.005680404137820005,0.41256415843963623
2026_08_18_00_40_18_199635_L1_left_C0,L1,C0,0.0,0.0,blue,left,left,right,pick up the blue block,1,pregrasp,16,32,16,0.27586206896551724,0.23357664233576642,6,8,0.3,0.7,8,0.34863340854644775,0.31207573413848877,0.34863340854644775,0.31207573413848877,0.036557674407958984,-0.036557674407958984,0.42407873272895813,0.005680404137820005,0.41256415843963623
2026_08_18_00_40_18_199635_L1_left_C0,L1,C0,0.0,0.0,blue,left,left,right,pick up the blue block,1,pregrasp,16,32,16,0.27586206896551724,0.23357664233576642,7,8,0.3,0.7,8,0.2695454955101013,0.25774329900741577,0.2695454955101013,0.25774329900741577,0.011802196502685547,-0.011802196502685547,0.42407873272895813,0.005680404137820005,0.41256415843963623
2026_08_18_00_40_18_199635_L1_left_C0,L1,C0,0.0,0.0,blue,left,left,right,pick up the blue block,1,pregrasp,16,32,16,0.27586206896551724,0.23357664233576642,8,8,0.3,0.7,8,0.20455455780029297,0.19521433115005493,0.20455455780029297,0.19521433115005493,0.009340226650238037,-0.009340226650238037,0.42407873272895813,0.005680404137820005,0.41256415843963623
2026_08_18_00_40_18_199635_L1_left_C0,L1,C0,0.0,0.0,blue,left,left,right,pick up the blue block,1,pregrasp,16,32,16,0.27586206896551724,0.23357664233576642,9,8,0.3,0.7,8,0.2485940158367157,0.22213836014270782,0.2485940158367157,0.22213836014270782,0.026455655694007874,-0.026455655694007874,0.42407873272895813,0.005680404137820005,0.41256415843963623
2026_08_18_00_40_18_199635_L1_left_C0,L1,C0,0.0,0.0,blue,left,left,right,pick up the blue block,2,pregrasp,32,48,16,0.41379310344827586,0.35036496350364965,0,8,0.3,0.7,8,0.381666362285614,0.3411276340484619,0.381666362285614,0.3411276340484619,0.0405387282371521,-0.0405387282371521,0.47257158160209656,0.01141748670488596,0.3632127642631531
2026_08_18_00_40_18_199635_L1_left_C0,L1,C0,0.0,0.0,blue,left,left,right,pick up the blue block,2,pregrasp,32,48,16,0.41379310344827586,0.35036496350364965,1,8,0.3,0.7,8,0.30848515033721924,0.29445916414260864,0.30848515033721924,0.29445916414260864,0.014025986194610596,-0.014025986194610596,0.47257158160209656,0.01141748670488596,0.3632127642631531
2026_08_18_00_40_18_199635_L1_left_C0,L1,C0,0.0,0.0,blue,left,left,right,pick up the blue block,2,pregrasp,32,48,16,0.41379310344827586,0.35036496350364965,2,8,0.3,0.7,8,0.3605479896068573,0.3341177999973297,0.3605479896068573,0.3341177999973297,0.026430189609527588,-0.026430189609527588,0.47257158160209656,0.01141748670488596,0.3632127642631531
2026_08_18_00_40_18_199635_L1_left_C0,L1,C0,0.0,0.0,blue,left,left,right,pick up the blue block,2,pregrasp,32,48,16,0.41379310344827586,0.35036496350364965,3,8,0.3,0.7,8,0.27170529961586,0.23936647176742554,0.27170529961586,0.23936647176742554,0.03233882784843445,-0.03233882784843445,0.47257158160209656,0.01141748670488596,0.3632127642631531
2026_08_18_00_40_18_199635_L1_left_C0,L1,C0,0.0,0.0,blue,left,left,right,pick up the blue block,2,pregrasp,32,48,16,0.41379310344827586,0.35036496350364965,4,8,0.3,0.7,8,0.2816888093948364,0.2793150246143341,0.2816888093948364,0.2793150246143341,0.0023737847805023193,-0.0023737847805023193,0.47257158160209656,0.01141748670488596,0.3632127642631531
2026_08_18_00_40_18_199635_L1_left_C0,L1,C0,0.0,0.0,blue,left,left,right,pick up the blue block,2,pregrasp,32,48,16,0.41379310344827586,0.35036496350364965,5,8,0.3,0.7,8,0.2857903838157654,0.2679027020931244,0.2857903838157654,0.2679027020931244,0.01788768172264099,-0.01788768172264099,0.47257158160209656,0.01141748670488596,0.3632127642631531
2026_08_18_00_40_18_199635_L1_left_C0,L1,C0,0.0,0.0,blue,left,left,right,pick up the blue block,2,pregrasp,32,48,16,0.41379310344827586,0.35036496350364965,6,8,0.3,0.7,8,0.3178583085536957,0.2845934331417084,0.3178583085536957,0.2845934331417084,0.033264875411987305,-0.033264875411987305,0.47257158160209656,0.01141748670488596,0.3632127642631531
2026_08_18_00_40_18_199635_L1_left_C0,L1,C0,0.0,0.0,blue,left,left,right,pick up the blue block,2,pregrasp,32,48,16,0.41379310344827586,0.35036496350364965,7,8,0.3,0.7,8,0.26435238122940063,0.2518636882305145,0.26435238122940063,0.2518636882305145,0.012488692998886108,-0.012488692998886108,0.47257158160209656,0.01141748670488596,0.3632127642631531
2026_08_18_00_40_18_199635_L1_left_C0,L1,C0,0.0,0.0,blue,left,left,right,pick up the blue block,2,pregrasp,32,48,16,0.41379310344827586,0.35036496350364965,8,8,0.3,0.7,8,0.23723864555358887,0.23674744367599487,0.23723864555358887,0.23674744367599487,0.0004912018775939941,-0.0004912018775939941,0.47257158160209656,0.01141748670488596,0.3632127642631531
2026_08_18_00_40_18_199635_L1_left_C0,L1,C0,0.0,0.0,blue,left,left,right,pick up the blue block,2,pregrasp,32,48,16,0.41379310344827586,0.35036496350364965,9,8,0.3,0.7,8,0.30627596378326416,0.2988879084587097,0.30627596378326416,0.2988879084587097,0.007388055324554443,-0.007388055324554443,0.47257158160209656,0.01141748670488596,0.3632127642631531
2026_08_18_00_40_18_199635_L1_left_C0,L1,C0,0.0,0.0,blue,left,left,right,pick up the blue block,3,pregrasp,48,64,16,0.5517241379310345,0.46715328467153283,0,8,0.3,0.7,8,0.19841274619102478,0.22854191064834595,0.19841274619102478,0.22854191064834595,-0.030129164457321167,0.030129164457321167,0.5210071206092834,0.018530013039708138,0.31376373767852783
2026_08_18_00_40_18_199635_L1_left_C0,L1,C0,0.0,0.0,blue,left,left,right,pick up the blue block,3,pregrasp,48,64,16,0.5517241379310345,0.46715328467153283,1,8,0.3,0.7,8,0.30608123540878296,0.2541278600692749,0.30608123540878296,0.2541278600692749,0.05195337533950806,-0.05195337533950806,0.5210071206092834,0.018530013039708138,0.31376373767852783
2026_08_18_00_40_18_199635_L1_left_C0,L1,C0,0.0,0.0,blue,left,left,right,pick up the blue block,3,pregrasp,48,64,16,0.5517241379310345,0.46715328467153283,2,8,0.3,0.7,8,0.37252822518348694,0.31791406869888306,0.37252822518348694,0.31791406869888306,0.05461415648460388,-0.05461415648460388,0.5210071206092834,0.018530013039708138,0.31376373767852783
2026_08_18_00_40_18_199635_L1_left_C0,L1,C0,0.0,0.0,blue,left,left,right,pick up the blue block,3,pregrasp,48,64,16,0.5517241379310345,0.46715328467153283,3,8,0.3,0.7,8,0.22328582406044006,0.17735689878463745,0.22328582406044006,0.17735689878463745,0.04592892527580261,-0.04592892527580261,0.5210071206092834,0.018530013039708138,0.31376373767852783
2026_08_18_00_40_18_199635_L1_left_C0,L1,C0,0.0,0.0,blue,left,left,right,pick up the blue block,3,pregrasp,48,64,16,0.5517241379310345,0.46715328467153283,4,8,0.3,0.7,8,0.15625670552253723,0.18045464158058167,0.15625670552253723,0.18045464158058167,-0.024197936058044434,0.024197936058044434,0.5210071206092834,0.018530013039708138,0.31376373767852783
2026_08_18_00_40_18_199635_L1_left_C0,L1,C0,0.0,0.0,blue,left,left,right,pick up the blue block,3,pregrasp,48,64,16,0.5517241379310345,0.46715328467153283,5,8,0.3,0.7,8,0.27673494815826416,0.24650156497955322,0.27673494815826416,0.24650156497955322,0.030233383178710938,-0.030233383178710938,0.5210071206092834,0.018530013039708138,0.31376373767852783
2026_08_18_00_40_18_199635_L1_left_C0,L1,C0,0.0,0.0,blue,left,left,right,pick up the blue block,3,pregrasp,48,64,16,0.5517241379310345,0.46715328467153283,6,8,0.3,0.7,8,0.31070464849472046,0.2922544479370117,0.31070464849472046,0.2922544479370117,0.01845020055770874,-0.01845020055770874,0.5210071206092834,0.018530013039708138,0.31376373767852783
2026_08_18_00_40_18_199635_L1_left_C0,L1,C0,0.0,0.0,blue,left,left,right,pick up the blue block,3,pregrasp,48,64,16,0.5517241379310345,0.46715328467153283,7,8,0.3,0.7,8,0.42935267090797424,0.3877626657485962,0.42935267090797424,0.3877626657485962,0.04159000515937805,-0.04159000515937805,0.5210071206092834,0.018530013039708138,0.31376373767852783
2026_08_18_00_40_18_199635_L1_left_C0,L1,C0,0.0,0.0,blue,left,left,right,pick up the blue block,3,pregrasp,48,64,16,0.5517241379310345,0.46715328467153283,8,8,0.3,0.7,8,0.3613690137863159,0.30139419436454773,0.3613690137863159,0.30139419436454773,0.05997481942176819,-0.05997481942176819,0.5210071206092834,0.018530013039708138,0.31376373767852783
2026_08_18_00_40_18_199635_L1_left_C0,L1,C0,0.0,0.0,blue,left,left,right,pick up the blue block,3,pregrasp,48,64,16,0.5517241379310345,0.46715328467153283,9,8,0.3,0.7,8,0.3266723155975342,0.279999703168869,0.3266723155975342,0.279999703168869,0.04667261242866516,-0.04667261242866516,0.5210071206092834,0.018530013039708138,0.31376373767852783
2026_08_18_00_40_18_199635_L1_left_C0,L1,C0,0.0,0.0,blue,left,left,right,pick up the blue block,4,pregrasp,64,80,16,0.6896551724137931,0.583941605839416,0,8,0.3,0.7,8,0.2846648693084717,0.3245706558227539,0.2846648693084717,0.3245706558227539,-0.03990578651428223,0.03990578651428223,0.569491982460022,0.026051515713334084,0.2639348804950714
2026_08_18_00_40_18_199635_L1_left_C0,L1,C0,0.0,0.0,blue,left,left,right,pick up the blue block,4,pregrasp,64,80,16,0.6896551724137931,0.583941605839416,1,8,0.3,0.7,8,0.1481107920408249,0.18399588763713837,0.1481107920408249,0.18399588763713837,-0.03588509559631348,0.03588509559631348,0.569491982460022,0.026051515713334084,0.2639348804950714
2026_08_18_00_40_18_199635_L1_left_C0,L1,C0,0.0,0.0,blue,left,left,right,pick up the blue block,4,pregrasp,64,80,16,0.6896551724137931,0.583941605839416,2,8,0.3,0.7,8,0.21911092102527618,0.24583390355110168,0.21911092102527618,0.24583390355110168,-0.0267229825258255,0.0267229825258255,0.569491982460022,0.026051515713334084,0.2639348804950714
2026_08_18_00_40_18_199635_L1_left_C0,L1,C0,0.0,0.0,blue,left,left,right,pick up the blue block,4,pregrasp,64,80,16,0.6896551724137931,0.583941605839416,3,8,0.3,0.7,8,0.2163224071264267,0.24911706149578094,0.2163224071264267,0.24911706149578094,-0.03279465436935425,0.03279465436935425,0.569491982460022,0.026051515713334084,0.2639348804950714
2026_08_18_00_40_18_199635_L1_left_C0,L1,C0,0.0,0.0,blue,left,left,right,pick up the blue block,4,pregrasp,64,80,16,0.6896551724137931,0.583941605839416,4,8,0.3,0.7,8,0.21148978173732758,0.254396915435791,0.21148978173732758,0.254396915435791,-0.04290713369846344,0.04290713369846344,0.569491982460022,0.026051515713334084,0.2639348804950714
2026_08_18_00_40_18_199635_L1_left_C0,L1,C0,0.0,0.0,blue,left,left,right,pick up the blue block,4,pregrasp,64,80,16,0.6896551724137931,0.583941605839416,5,8,0.3,0.7,8,0.12878642976284027,0.1686413437128067,0.12878642976284027,0.1686413437128067,-0.03985491394996643,0.03985491394996643,0.569491982460022,0.026051515713334084,0.2639348804950714
2026_08_18_00_40_18_199635_L1_left_C0,L1,C0,0.0,0.0,blue,left,left,right,pick up the blue block,4,pregrasp,64,80,16,0.6896551724137931,0.583941605839416,6,8,0.3,0.7,8,0.14446023106575012,0.1713235080242157,0.14446023106575012,0.1713235080242157,-0.026863276958465576,0.026863276958465576,0.569491982460022,0.026051515713334084,0.2639348804950714
2026_08_18_00_40_18_199635_L1_left_C0,L1,C0,0.0,0.0,blue,left,left,right,pick up the blue block,4,pregrasp,64,80,16,0.6896551724137931,0.583941605839416,7,8,0.3,0.7,8,0.17722582817077637,0.2121487259864807,0.17722582817077637,0.2121487259864807,-0.034922897815704346,0.034922897815704346,0.569491982460022,0.026051515713334084,0.2639348804950714
2026_08_18_00_40_18_199635_L1_left_C0,L1,C0,0.0,0.0,blue,left,left,right,pick up the blue block,4,pregrasp,64,80,16,0.6896551724137931,0.583941605839416,8,8,0.3,0.7,8,0.12411247193813324,0.15310627222061157,0.12411247193813324,0.15310627222061157,-0.028993800282478333,0.028993800282478333,0.569491982460022,0.026051515713334084,0.2639348804950714
2026_08_18_00_40_18_199635_L1_left_C0,L1,C0,0.0,0.0,blue,left,left,right,pick up the blue block,4,pregrasp,64,80,16,0.6896551724137931,0.583941605839416,9,8,0.3,0.7,8,0.228339284658432,0.2529783844947815,0.228339284658432,0.2529783844947815,-0.024639099836349487,0.024639099836349487,0.569491982460022,0.026051515713334084,0.2639348804950714
2026_08_18_00_40_18_199635_L1_left_C0,L1,C0,0.0,0.0,blue,left,left,right,pick up the blue block,5,pregrasp,80,96,16,0.8275862068965517,0.7007299270072993,0,8,0.3,0.7,8,0.2999131977558136,0.34820955991744995,0.2999131977558136,0.34820955991744995,-0.04829636216163635,0.04829636216163635,0.6181511878967285,0.03348023071885109,0.214024618268013
2026_08_18_00_40_18_199635_L1_left_C0,L1,C0,0.0,0.0,blue,left,left,right,pick up the blue block,5,pregrasp,80,96,16,0.8275862068965517,0.7007299270072993,1,8,0.3,0.7,8,0.2692215144634247,0.3020962178707123,0.2692215144634247,0.3020962178707123,-0.0328747034072876,0.0328747034072876,0.6181511878967285,0.03348023071885109,0.214024618268013
2026_08_18_00_40_18_199635_L1_left_C0,L1,C0,0.0,0.0,blue,left,left,right,pick up the blue block,5,pregrasp,80,96,16,0.8275862068965517,0.7007299270072993,2,8,0.3,0.7,8,0.19605623185634613,0.22206507623195648,0.19605623185634613,0.22206507623195648,-0.02600884437561035,0.02600884437561035,0.6181511878967285,0.03348023071885109,0.214024618268013
2026_08_18_00_40_18_199635_L1_left_C0,L1,C0,0.0,0.0,blue,left,left,right,pick up the blue block,5,pregrasp,80,96,16,0.8275862068965517,0.7007299270072993,3,8,0.3,0.7,8,0.15803086757659912,0.17089121043682098,0.15803086757659912,0.17089121043682098,-0.012860342860221863,0.012860342860221863,0.6181511878967285,0.03348023071885109,0.214024618268013
2026_08_18_00_40_18_199635_L1_left_C0,L1,C0,0.0,0.0,blue,left,left,right,pick up the blue block,5,pregrasp,80,96,16,0.8275862068965517,0.7007299270072993,4,8,0.3,0.7,8,0.2296740710735321,0.2713027000427246,0.2296740710735321,0.2713027000427246,-0.041628628969192505,0.041628628969192505,0.6181511878967285,0.03348023071885109,0.214024618268013
2026_08_18_00_40_18_199635_L1_left_C0,L1,C0,0.0,0.0,blue,left,left,right,pick up the blue block,5,pregrasp,80,96,16,0.8275862068965517,0.7007299270072993,5,8,0.3,0.7,8,0.2893824875354767,0.32035699486732483,0.2893824875354767,0.32035699486732483,-0.030974507331848145,0.030974507331848145,0.6181511878967285,0.03348023071885109,0.214024618268013
2026_08_18_00_40_18_199635_L1_left_C0,L1,C0,0.0,0.0,blue,left,left,right,pick up the blue block,5,pregrasp,80,96,16,0.8275862068965517,0.7007299270072993,6,8,0.3,0.7,8,0.1571974754333496,0.17769189178943634,0.1571974754333496,0.17769189178943634,-0.02049441635608673,0.02049441635608673,0.6181511878967285,0.03348023071885109,0.214024618268013
2026_08_18_00_40_18_199635_L1_left_C0,L1,C0,0.0,0.0,blue,left,left,right,pick up the blue block,5,pregrasp,80,96,16,0.8275862068965517,0.7007299270072993,7,8,0.3,0.7,8,0.1505761444568634,0.16932332515716553,0.1505761444568634,0.16932332515716553,-0.018747180700302124,0.018747180700302124,0.6181511878967285,0.03348023071885109,0.214024618268013
2026_08_18_00_40_18_199635_L1_left_C0,L1,C0,0.0,0.0,blue,left,left,right,pick up the blue block,5,pregrasp,80,96,16,0.8275862068965517,0.7007299270072993,8,8,0.3,0.7,8,0.21852102875709534,0.2539776861667633,0.21852102875709534,0.2539776861667633,-0.03545665740966797,0.03545665740966797,0.6181511878967285,0.03348023071885109,0.214024618268013
2026_08_18_00_40_18_199635_L1_left_C0,L1,C0,0.0,0.0,blue,left,left,right,pick up the blue block,5,pregrasp,80,96,16,0.8275862068965517,0.7007299270072993,9,8,0.3,0.7,8,0.19853775203227997,0.22395211458206177,0.19853775203227997,0.22395211458206177,-0.0254143625497818,0.0254143625497818,0.6181511878967285,0.03348023071885109,0.214024618268013
2026_08_18_00_40_18_199635_L1_left_C0,L1,C0,0.0,0.0,blue,left,left,right,pick up the blue block,6,pregrasp,96,112,16,0.9655172413793104,0.8175182481751825,0,8,0.3,0.7,8,0.17273080348968506,0.16552507877349854,0.17273080348968506,0.16552507877349854,0.0072057247161865234,-0.0072057247161865234,0.6420998573303223,0.037117213010787964,0.18957950174808502
2026_08_18_00_40_18_199635_L1_left_C0,L1,C0,0.0,0.0,blue,left,left,right,pick up the blue block,6,pregrasp,96,112,16,0.9655172413793104,0.8175182481751825,1,8,0.3,0.7,8,0.18187986314296722,0.18358114361763,0.18187986314296722,0.18358114361763,-0.0017012804746627808,0.0017012804746627808,0.6420998573303223,0.037117213010787964,0.18957950174808502
2026_08_18_00_40_18_199635_L1_left_C0,L1,C0,0.0,0.0,blue,left,left,right,pick up the blue block,6,pregrasp,96,112,16,0.9655172413793104,0.8175182481751825,2,8,0.3,0.7,8,0.20040807127952576,0.19584649801254272,0.20040807127952576,0.19584649801254272,0.004561573266983032,-0.004561573266983032,0.6420998573303223,0.037117213010787964,0.18957950174808502
2026_08_18_00_40_18_199635_L1_left_C0,L1,C0,0.0,0.0,blue,left,left,right,pick up the blue block,6,pregrasp,96,112,16,0.9655172413793104,0.8175182481751825,3,8,0.3,0.7,8,0.281563937664032,0.27292728424072266,0.281563937664032,0.27292728424072266,0.008636653423309326,-0.008636653423309326,0.6420998573303223,0.037117213010787964,0.18957950174808502
2026_08_18_00_40_18_199635_L1_left_C0,L1,C0,0.0,0.0,blue,left,left,right,pick up the blue block,6,pregrasp,96,112,16,0.9655172413793104,0.8175182481751825,4,8,0.3,0.7,8,0.25860947370529175,0.25314846634864807,0.25860947370529175,0.25314846634864807,0.005461007356643677,-0.005461007356643677,0.6420998573303223,0.037117213010787964,0.18957950174808502
2026_08_18_00_40_18_199635_L1_left_C0,L1,C0,0.0,0.0,blue,left,left,right,pick up the blue block,6,pregrasp,96,112,16,0.9655172413793104,0.8175182481751825,5,8,0.3,0.7,8,0.18256106972694397,0.16856834292411804,0.18256106972694397,0.16856834292411804,0.013992726802825928,-0.013992726802825928,0.6420998573303223,0.037117213010787964,0.18957950174808502
2026_08_18_00_40_18_199635_L1_left_C0,L1,C0,0.0,0.0,blue,left,left,right,pick up the blue block,6,pregrasp,96,112,16,0.9655172413793104,0.8175182481751825,6,8,0.3,0.7,8,0.22720037400722504,0.22607728838920593,0.22720037400722504,0.22607728838920593,0.001123085618019104,-0.001123085618019104,0.6420998573303223,0.037117213010787964,0.18957950174808502
2026_08_18_00_40_18_199635_L1_left_C0,L1,C0,0.0,0.0,blue,left,left,right,pick up the blue block,6,pregrasp,96,112,16,0.9655172413793104,0.8175182481751825,7,8,0.3,0.7,8,0.3119887411594391,0.2918849587440491,0.3119887411594391,0.2918849587440491,0.020103782415390015,-0.020103782415390015,0.6420998573303223,0.037117213010787964,0.18957950174808502
2026_08_18_00_40_18_199635_L1_left_C0,L1,C0,0.0,0.0,blue,left,left,right,pick up the blue block,6,pregrasp,96,112,16,0.9655172413793104,0.8175182481751825,8,8,0.3,0.7,8,0.18350382149219513,0.1825466752052307,0.18350382149219513,0.1825466752052307,0.0009571462869644165,-0.0009571462869644165,0.6420998573303223,0.037117213010787964,0.18957950174808502
2026_08_18_00_40_18_199635_L1_left_C0,L1,C0,0.0,0.0,blue,left,left,right,pick up the blue block,6,pregrasp,96,112,16,0.9655172413793104,0.8175182481751825,9,8,0.3,0.7,8,0.19020326435565948,0.1879679411649704,0.19020326435565948,0.1879679411649704,0.002235323190689087,-0.002235323190689087,0.6420998573303223,0.037117213010787964,0.18957950174808502
2026_08_18_00_40_18_199635_L1_left_C0,L1,C0,0.0,0.0,blue,left,left,right,pick up the blue block,7,pregrasp,112,116,4,1.0,0.8467153284671532,0,8,0.3,0.7,8,0.24735191464424133,0.2709936201572418,0.24735191464424133,0.2709936201572418,-0.02364170551300049,0.02364170551300049,0.642103910446167,0.03714887425303459,0.1895769089460373
2026_08_18_00_40_18_199635_L1_left_C0,L1,C0,0.0,0.0,blue,left,left,right,pick up the blue block,7,pregrasp,112,116,4,1.0,0.8467153284671532,1,8,0.3,0.7,8,0.14544181525707245,0.17856258153915405,0.14544181525707245,0.17856258153915405,-0.033120766282081604,0.033120766282081604,0.642103910446167,0.03714887425303459,0.1895769089460373
2026_08_18_00_40_18_199635_L1_left_C0,L1,C0,0.0,0.0,blue,left,left,right,pick up the blue block,7,pregrasp,112,116,4,1.0,0.8467153284671532,2,8,0.3,0.7,8,0.2202402502298355,0.25577065348625183,0.2202402502298355,0.25577065348625183,-0.03553040325641632,0.03553040325641632,0.642103910446167,0.03714887425303459,0.1895769089460373
2026_08_18_00_40_18_199635_L1_left_C0,L1,C0,0.0,0.0,blue,left,left,right,pick up the blue block,7,pregrasp,112,116,4,1.0,0.8467153284671532,3,8,0.3,0.7,8,0.21666811406612396,0.24207031726837158,0.21666811406612396,0.24207031726837158,-0.02540220320224762,0.02540220320224762,0.642103910446167,0.03714887425303459,0.1895769089460373
2026_08_18_00_40_18_199635_L1_left_C0,L1,C0,0.0,0.0,blue,left,left,right,pick up the blue block,7,pregrasp,112,116,4,1.0,0.8467153284671532,4,8,0.3,0.7,8,0.18307144939899445,0.20934949815273285,0.18307144939899445,0.20934949815273285,-0.026278048753738403,0.026278048753738403,0.642103910446167,0.03714887425303459,0.1895769089460373
2026_08_18_00_40_18_199635_L1_left_C0,L1,C0,0.0,0.0,blue,left,left,right,pick up the blue block,7,pregrasp,112,116,4,1.0,0.8467153284671532,5,8,0.3,0.7,8,0.26892733573913574,0.31456997990608215,0.26892733573913574,0.31456997990608215,-0.04564264416694641,0.04564264416694641,0.642103910446167,0.03714887425303459,0.1895769089460373
2026_08_18_00_40_18_199635_L1_left_C0,L1,C0,0.0,0.0,blue,left,left,right,pick up the blue block,7,pregrasp,112,116,4,1.0,0.8467153284671532,6,8,0.3,0.7,8,0.22116337716579437,0.256578266620636,0.22116337716579437,0.256578266620636,-0.035414889454841614,0.035414889454841614,0.642103910446167,0.03714887425303459,0.1895769089460373
2026_08_18_00_40_18_199635_L1_left_C0,L1,C0,0.0,0.0,blue,left,left,right,pick up the blue block,7,pregrasp,112,116,4,1.0,0.8467153284671532,7,8,0.3,0.7,8,0.20360207557678223,0.2326294630765915,0.20360207557678223,0.2326294630765915,-0.029027387499809265,0.029027387499809265,0.642103910446167,0.03714887425303459,0.1895769089460373
2026_08_18_00_40_18_199635_L1_left_C0,L1,C0,0.0,0.0,blue,left,left,right,pick up the blue block,7,pregrasp,112,116,4,1.0,0.8467153284671532,8,8,0.3,0.7,8,0.2272140383720398,0.26435741782188416,0.2272140383720398,0.26435741782188416,-0.03714337944984436,0.03714337944984436,0.642103910446167,0.03714887425303459,0.1895769089460373
2026_08_18_00_40_18_199635_L1_left_C0,L1,C0,0.0,0.0,blue,left,left,right,pick up the blue block,7,pregrasp,112,116,4,1.0,0.8467153284671532,9,8,0.3,0.7,8,0.1956929862499237,0.23365923762321472,0.1956929862499237,0.23365923762321472,-0.037966251373291016,0.037966251373291016,0.642103910446167,0.03714887425303459,0.1895769089460373
2026_08_18_00_40_18_199635_L1_left_C0,L1,C0,0.0,0.0,blue,left,left,right,pick up the blue block,8,postgrasp,116,132,16,1.0,0.9635036496350365,0,8,0.3,0.7,8,0.2772109806537628,0.3041592836380005,0.2772109806537628,0.3041592836380005,-0.02694830298423767,0.02694830298423767,0.6425381302833557,0.03723213076591492,0.18999119102954865
2026_08_18_00_40_18_199635_L1_left_C0,L1,C0,0.0,0.0,blue,left,left,right,pick up the blue block,8,postgrasp,116,132,16,1.0,0.9635036496350365,1,8,0.3,0.7,8,0.26242005825042725,0.29586872458457947,0.26242005825042725,0.29586872458457947,-0.03344866633415222,0.03344866633415222,0.6425381302833557,0.03723213076591492,0.18999119102954865
2026_08_18_00_40_18_199635_L1_left_C0,L1,C0,0.0,0.0,blue,left,left,right,pick up the blue block,8,postgrasp,116,132,16,1.0,0.9635036496350365,2,8,0.3,0.7,8,0.24961653351783752,0.2796071171760559,0.24961653351783752,0.2796071171760559,-0.029990583658218384,0.029990583658218384,0.6425381302833557,0.03723213076591492,0.18999119102954865
2026_08_18_00_40_18_199635_L1_left_C0,L1,C0,0.0,0.0,blue,left,left,right,pick up the blue block,8,postgrasp,116,132,16,1.0,0.9635036496350365,3,8,0.3,0.7,8,0.2364179790019989,0.2638460397720337,0.2364179790019989,0.2638460397720337,-0.02742806077003479,0.02742806077003479,0.6425381302833557,0.03723213076591492,0.18999119102954865
2026_08_18_00_40_18_199635_L1_left_C0,L1,C0,0.0,0.0,blue,left,left,right,pick up the blue block,8,postgrasp,116,132,16,1.0,0.9635036496350365,4,8,0.3,0.7,8,0.3132152855396271,0.3497111201286316,0.3132152855396271,0.3497111201286316,-0.03649583458900452,0.03649583458900452,0.6425381302833557,0.03723213076591492,0.18999119102954865
2026_08_18_00_40_18_199635_L1_left_C0,L1,C0,0.0,0.0,blue,left,left,right,pick up the blue block,8,postgrasp,116,132,16,1.0,0.9635036496350365,5,8,0.3,0.7,8,0.298141747713089,0.33685755729675293,0.298141747713089,0.33685755729675293,-0.03871580958366394,0.03871580958366394,0.6425381302833557,0.03723213076591492,0.18999119102954865
2026_08_18_00_40_18_199635_L1_left_C0,L1,C0,0.0,0.0,blue,left,left,right,pick up the blue block,8,postgrasp,116,132,16,1.0,0.9635036496350365,6,8,0.3,0.7,8,0.26226380467414856,0.28322094678878784,0.26226380467414856,0.28322094678878784,-0.020957142114639282,0.020957142114639282,0.6425381302833557,0.03723213076591492,0.18999119102954865
2026_08_18_00_40_18_199635_L1_left_C0,L1,C0,0.0,0.0,blue,left,left,right,pick up the blue block,8,postgrasp,116,132,16,1.0,0.9635036496350365,7,8,0.3,0.7,8,0.3349389433860779,0.368741512298584,0.3349389433860779,0.368741512298584,-0.033802568912506104,0.033802568912506104,0.6425381302833557,0.03723213076591492,0.18999119102954865
2026_08_18_00_40_18_199635_L1_left_C0,L1,C0,0.0,0.0,blue,left,left,right,pick up the blue block,8,postgrasp,116,132,16,1.0,0.9635036496350365,8,8,0.3,0.7,8,0.23725077509880066,0.2686540186405182,0.23725077509880066,0.2686540186405182,-0.03140324354171753,0.03140324354171753,0.6425381302833557,0.03723213076591492,0.18999119102954865
2026_08_18_00_40_18_199635_L1_left_C0,L1,C0,0.0,0.0,blue,left,left,right,pick up the blue block,8,postgrasp,116,132,16,1.0,0.9635036496350365,9,8,0.3,0.7,8,0.29732486605644226,0.3368929624557495,0.29732486605644226,0.3368929624557495,-0.03956809639930725,0.03956809639930725,0.6425381302833557,0.03723213076591492,0.18999119102954865
2026_08_18_00_40_18_199635_L1_left_C0,L1,C0,0.0,0.0,blue,left,left,right,pick up the blue block,9,postgrasp,132,137,5,1.0,1.0,0,8,0.3,0.7,8,0.25505518913269043,0.2688348889350891,0.25505518913269043,0.2688348889350891,-0.013779699802398682,0.013779699802398682,0.6425402760505676,0.03723396733403206,0.18999193608760834
2026_08_18_00_40_18_199635_L1_left_C0,L1,C0,0.0,0.0,blue,left,left,right,pick up the blue block,9,postgrasp,132,137,5,1.0,1.0,1,8,0.3,0.7,8,0.2741576135158539,0.2845483720302582,0.2741576135158539,0.2845483720302582,-0.010390758514404297,0.010390758514404297,0.6425402760505676,0.03723396733403206,0.18999193608760834
2026_08_18_00_40_18_199635_L1_left_C0,L1,C0,0.0,0.0,blue,left,left,right,pick up the blue block,9,postgrasp,132,137,5,1.0,1.0,2,8,0.3,0.7,8,0.20581312477588654,0.21995778381824493,0.20581312477588654,0.21995778381824493,-0.014144659042358398,0.014144659042358398,0.6425402760505676,0.03723396733403206,0.18999193608760834
2026_08_18_00_40_18_199635_L1_left_C0,L1,C0,0.0,0.0,blue,left,left,right,pick up the blue block,9,postgrasp,132,137,5,1.0,1.0,3,8,0.3,0.7,8,0.25459039211273193,0.2563149631023407,0.25459039211273193,0.2563149631023407,-0.0017245709896087646,0.0017245709896087646,0.6425402760505676,0.03723396733403206,0.18999193608760834
2026_08_18_00_40_18_199635_L1_left_C0,L1,C0,0.0,0.0,blue,left,left,right,pick up the blue block,9,postgrasp,132,137,5,1.0,1.0,4,8,0.3,0.7,8,0.23153209686279297,0.22575223445892334,0.23153209686279297,0.22575223445892334,0.005779862403869629,-0.005779862403869629,0.6425402760505676,0.03723396733403206,0.18999193608760834
2026_08_18_00_40_18_199635_L1_left_C0,L1,C0,0.0,0.0,blue,left,left,right,pick up the blue block,9,postgrasp,132,137,5,1.0,1.0,5,8,0.3,0.7,8,0.19187764823436737,0.19040203094482422,0.19187764823436737,0.19040203094482422,0.0014756172895431519,-0.0014756172895431519,0.6425402760505676,0.03723396733403206,0.18999193608760834
2026_08_18_00_40_18_199635_L1_left_C0,L1,C0,0.0,0.0,blue,left,left,right,pick up the blue block,9,postgrasp,132,137,5,1.0,1.0,6,8,0.3,0.7,8,0.2150397151708603,0.2188541442155838,0.2150397151708603,0.2188541442155838,-0.0038144290447235107,0.0038144290447235107,0.6425402760505676,0.03723396733403206,0.18999193608760834
2026_08_18_00_40_18_199635_L1_left_C0,L1,C0,0.0,0.0,blue,left,left,right,pick up the blue block,9,postgrasp,132,137,5,1.0,1.0,7,8,0.3,0.7,8,0.3357425332069397,0.32903343439102173,0.3357425332069397,0.32903343439102173,0.006709098815917969,-0.006709098815917969,0.6425402760505676,0.03723396733403206,0.18999193608760834
2026_08_18_00_40_18_199635_L1_left_C0,L1,C0,0.0,0.0,blue,left,left,right,pick up the blue block,9,postgrasp,132,137,5,1.0,1.0,8,8,0.3,0.7,8,0.24621622264385223,0.25193849205970764,0.24621622264385223,0.25193849205970764,-0.005722269415855408,0.005722269415855408,0.6425402760505676,0.03723396733403206,0.18999193608760834
2026_08_18_00_40_18_199635_L1_left_C0,L1,C0,0.0,0.0,blue,left,left,right,pick up the blue block,9,postgrasp,132,137,5,1.0,1.0,9,8,0.3,0.7,8,0.24306051433086395,0.2685011327266693,0.24306051433086395,0.2685011327266693,-0.02544061839580536,0.02544061839580536,0.6425402760505676,0.03723396733403206,0.18999193608760834
2026_08_18_00_40_47_448240_L1_left_C1,L1,C1,2.0,0.1694548757406934,blue,left,left,right,pick up the blue block,0,pregrasp,0,16,16,0.125,0.10738255033557047,0,8,0.3,0.7,8,0.412076473236084,0.34178367257118225,0.412076473236084,0.34178367257118225,0.07029280066490173,-0.07029280066490173,0.37176400423049927,0.024138767272233963,0.4780213534832001
2026_08_18_00_40_47_448240_L1_left_C1,L1,C1,2.0,0.1694548757406934,blue,left,left,right,pick up the blue block,0,pregrasp,0,16,16,0.125,0.10738255033557047,1,8,0.3,0.7,8,0.44788604974746704,0.39852672815322876,0.44788604974746704,0.39852672815322876,0.04935932159423828,-0.04935932159423828,0.37176400423049927,0.024138767272233963,0.4780213534832001
2026_08_18_00_40_47_448240_L1_left_C1,L1,C1,2.0,0.1694548757406934,blue,left,left,right,pick up the blue block,0,pregrasp,0,16,16,0.125,0.10738255033557047,2,8,0.3,0.7,8,0.39880606532096863,0.3672003746032715,0.39880606532096863,0.3672003746032715,0.031605690717697144,-0.031605690717697144,0.37176400423049927,0.024138767272233963,0.4780213534832001
2026_08_18_00_40_47_448240_L1_left_C1,L1,C1,2.0,0.1694548757406934,blue,left,left,right,pick up the blue block,0,pregrasp,0,16,16,0.125,0.10738255033557047,3,8,0.3,0.7,8,0.49458563327789307,0.4656476378440857,0.49458563327789307,0.4656476378440857,0.028937995433807373,-0.028937995433807373,0.37176400423049927,0.024138767272233963,0.4780213534832001
2026_08_18_00_40_47_448240_L1_left_C1,L1,C1,2.0,0.1694548757406934,blue,left,left,right,pick up the blue block,0,pregrasp,0,16,16,0.125,0.10738255033557047,4,8,0.3,0.7,8,0.3779459595680237,0.3650493621826172,0.3779459595680237,0.3650493621826172,0.012896597385406494,-0.012896597385406494,0.37176400423049927,0.024138767272233963,0.4780213534832001
2026_08_18_00_40_47_448240_L1_left_C1,L1,C1,2.0,0.1694548757406934,blue,left,left,right,pick up the blue block,0,pregrasp,0,16,16,0.125,0.10738255033557047,5,8,0.3,0.7,8,0.45916345715522766,0.42076748609542847,0.45916345715522766,0.42076748609542847,0.038395971059799194,-0.038395971059799194,0.37176400423049927,0.024138767272233963,0.4780213534832001
2026_08_18_00_40_47_448240_L1_left_C1,L1,C1,2.0,0.1694548757406934,blue,left,left,right,pick up the blue block,0,pregrasp,0,16,16,0.125,0.10738255033557047,6,8,0.3,0.7,8,0.39205652475357056,0.32103389501571655,0.39205652475357056,0.32103389501571655,0.071022629737854,-0.071022629737854,0.37176400423049927,0.024138767272233963,0.4780213534832001
2026_08_18_00_40_47_448240_L1_left_C1,L1,C1,2.0,0.1694548757406934,blue,left,left,right,pick up the blue block,0,pregrasp,0,16,16,0.125,0.10738255033557047,7,8,0.3,0.7,8,0.4079793095588684,0.37365221977233887,0.4079793095588684,0.37365221977233887,0.03432708978652954,-0.03432708978652954,0.37176400423049927,0.024138767272233963,0.4780213534832001
2026_08_18_00_40_47_448240_L1_left_C1,L1,C1,2.0,0.1694548757406934,blue,left,left,right,pick up the blue block,0,pregrasp,0,16,16,0.125,0.10738255033557047,8,8,0.3,0.7,8,0.4025503098964691,0.3422166407108307,0.4025503098964691,0.3422166407108307,0.06033366918563843,-0.06033366918563843,0.37176400423049927,0.024138767272233963,0.4780213534832001
2026_08_18_00_40_47_448240_L1_left_C1,L1,C1,2.0,0.1694548757406934,blue,left,left,right,pick up the blue block,0,pregrasp,0,16,16,0.125,0.10738255033557047,9,8,0.3,0.7,8,0.44921785593032837,0.38020962476730347,0.44921785593032837,0.38020962476730347,0.0690082311630249,-0.0690082311630249,0.37176400423049927,0.024138767272233963,0.4780213534832001
2026_08_18_00_40_47_448240_L1_left_C1,L1,C1,2.0,0.1694548757406934,blue,left,left,right,pick up the blue block,1,pregrasp,16,32,16,0.25,0.21476510067114093,0,8,0.3,0.7,8,0.26591354608535767,0.23170922696590424,0.26591354608535767,0.23170922696590424,0.03420431911945343,-0.03420431911945343,0.4015202820301056,0.07162616401910782,0.4381272494792938
2026_08_18_00_40_47_448240_L1_left_C1,L1,C1,2.0,0.1694548757406934,blue,left,left,right,pick up the blue block,1,pregrasp,16,32,16,0.25,0.21476510067114093,1,8,0.3,0.7,8,0.402966171503067,0.35955607891082764,0.402966171503067,0.35955607891082764,0.04341009259223938,-0.04341009259223938,0.4015202820301056,0.07162616401910782,0.4381272494792938
2026_08_18_00_40_47_448240_L1_left_C1,L1,C1,2.0,0.1694548757406934,blue,left,left,right,pick up the blue block,1,pregrasp,16,32,16,0.25,0.21476510067114093,2,8,0.3,0.7,8,0.2464078962802887,0.21910223364830017,0.2464078962802887,0.21910223364830017,0.027305662631988525,-0.027305662631988525,0.4015202820301056,0.07162616401910782,0.4381272494792938
2026_08_18_00_40_47_448240_L1_left_C1,L1,C1,2.0,0.1694548757406934,blue,left,left,right,pick up the blue block,1,pregrasp,16,32,16,0.25,0.21476510067114093,3,8,0.3,0.7,8,0.3542834520339966,0.32197853922843933,0.3542834520339966,0.32197853922843933,0.03230491280555725,-0.03230491280555725,0.4015202820301056,0.07162616401910782,0.4381272494792938
2026_08_18_00_40_47_448240_L1_left_C1,L1,C1,2.0,0.1694548757406934,blue,left,left,right,pick up the blue block,1,pregrasp,16,32,16,0.25,0.21476510067114093,4,8,0.3,0.7,8,0.3913635015487671,0.3499034345149994,0.3913635015487671,0.3499034345149994,0.0414600670337677,-0.0414600670337677,0.4015202820301056,0.07162616401910782,0.4381272494792938
2026_08_18_00_40_47_448240_L1_left_C1,L1,C1,2.0,0.1694548757406934,blue,left,left,right,pick up the blue block,1,pregrasp,16,32,16,0.25,0.21476510067114093,5,8,0.3,0.7,8,0.554309070110321,0.5181086659431458,0.554309070110321,0.5181086659431458,0.03620040416717529,-0.03620040416717529,0.4015202820301056,0.07162616401910782,0.4381272494792938
2026_08_18_00_40_47_448240_L1_left_C1,L1,C1,2.0,0.1694548757406934,blue,left,left,right,pick up the blue block,1,pregrasp,16,32,16,0.25,0.21476510067114093,6,8,0.3,0.7,8,0.30799853801727295,0.2832184433937073,0.30799853801727295,0.2832184433937073,0.024780094623565674,-0.024780094623565674,0.4015202820301056,0.07162616401910782,0.4381272494792938
2026_08_18_00_40_47_448240_L1_left_C1,L1,C1,2.0,0.1694548757406934,blue,left,left,right,pick up the blue block,1,pregrasp,16,32,16,0.25,0.21476510067114093,7,8,0.3,0.7,8,0.20490208268165588,0.16555097699165344,0.20490208268165588,0.16555097699165344,0.03935110569000244,-0.03935110569000244,0.4015202820301056,0.07162616401910782,0.4381272494792938
2026_08_18_00_40_47_448240_L1_left_C1,L1,C1,2.0,0.1694548757406934,blue,left,left,right,pick up the blue block,1,pregrasp,16,32,16,0.25,0.21476510067114093,8,8,0.3,0.7,8,0.38046374917030334,0.33995071053504944,0.38046374917030334,0.33995071053504944,0.040513038635253906,-0.040513038635253906,0.4015202820301056,0.07162616401910782,0.4381272494792938
2026_08_18_00_40_47_448240_L1_left_C1,L1,C1,2.0,0.1694548757406934,blue,left,left,right,pick up the blue block,1,pregrasp,16,32,16,0.25,0.21476510067114093,9,8,0.3,0.7,8,0.3498179316520691,0.323875367641449,0.3498179316520691,0.323875367641449,0.025942564010620117,-0.025942564010620117,0.4015202820301056,0.07162616401910782,0.4381272494792938
2026_08_18_00_40_47_448240_L1_left_C1,L1,C1,2.0,0.1694548757406934,blue,left,left,right,pick up the blue block,2,pregrasp,32,48,16,0.375,0.3221476510067114,0,8,0.3,0.7,8,0.3785107731819153,0.32117101550102234,0.3785107731819153,0.32117101550102234,0.057339757680892944,-0.057339757680892944,0.44498148560523987,0.10130584985017776,0.39268290996551514
2026_08_18_00_40_47_448240_L1_left_C1,L1,C1,2.0,0.1694548757406934,blue,left,left,right,pick up the blue block,2,pregrasp,32,48,16,0.375,0.3221476510067114,1,8,0.3,0.7,8,0.3536156713962555,0.29937344789505005,0.3536156713962555,0.29937344789505005,0.054242223501205444,-0.054242223501205444,0.44498148560523987,0.10130584985017776,0.39268290996551514
2026_08_18_00_40_47_448240_L1_left_C1,L1,C1,2.0,0.1694548757406934,blue,left,left,right,pick up the blue block,2,pregrasp,32,48,16,0.375,0.3221476510067114,2,8,0.3,0.7,8,0.3330380320549011,0.2962796688079834,0.3330380320549011,0.2962796688079834,0.036758363246917725,-0.036758363246917725,0.44498148560523987,0.10130584985017776,0.39268290996551514
2026_08_18_00_40_47_448240_L1_left_C1,L1,C1,2.0,0.1694548757406934,blue,left,left,right,pick up the blue block,2,pregrasp,32,48,16,0.375,0.3221476510067114,3,8,0.3,0.7,8,0.2334977388381958,0.2083069384098053,0.2334977388381958,0.2083069384098053,0.025190800428390503,-0.025190800428390503,0.44498148560523987,0.10130584985017776,0.39268290996551514
2026_08_18_00_40_47_448240_L1_left_C1,L1,C1,2.0,0.1694548757406934,blue,left,left,right,pick up the blue block,2,pregrasp,32,48,16,0.375,0.3221476510067114,4,8,0.3,0.7,8,0.2236759513616562,0.19225987792015076,0.2236759513616562,0.19225987792015076,0.03141607344150543,-0.03141607344150543,0.44498148560523987,0.10130584985017776,0.39268290996551514
2026_08_18_00_40_47_448240_L1_left_C1,L1,C1,2.0,0.1694548757406934,blue,left,left,right,pick up the blue block,2,pregrasp,32,48,16,0.375,0.3221476510067114,5,8,0.3,0.7,8,0.3412944972515106,0.30330610275268555,0.3412944972515106,0.30330610275268555,0.03798839449882507,-0.03798839449882507,0.44498148560523987,0.10130584985017776,0.39268290996551514
2026_08_18_00_40_47_448240_L1_left_C1,L1,C1,2.0,0.1694548757406934,blue,left,left,right,pick up the blue block,2,pregrasp,32,48,16,0.375,0.3221476510067114,6,8,0.3,0.7,8,0.39319369196891785,0.3419928550720215,0.39319369196891785,0.3419928550720215,0.05120083689689636,-0.05120083689689636,0.44498148560523987,0.10130584985017776,0.39268290996551514
2026_08_18_00_40_47_448240_L1_left_C1,L1,C1,2.0,0.1694548757406934,blue,left,left,right,pick up the blue block,2,pregrasp,32,48,16,0.375,0.3221476510067114,7,8,0.3,0.7,8,0.23645998537540436,0.19541175663471222,0.23645998537540436,0.19541175663471222,0.04104822874069214,-0.04104822874069214,0.44498148560523987,0.10130584985017776,0.39268290996551514
2026_08_18_00_40_47_448240_L1_left_C1,L1,C1,2.0,0.1694548757406934,blue,left,left,right,pick up the blue block,2,pregrasp,32,48,16,0.375,0.3221476510067114,8,8,0.3,0.7,8,0.21362683176994324,0.18773706257343292,0.21362683176994324,0.18773706257343292,0.025889769196510315,-0.025889769196510315,0.44498148560523987,0.10130584985017776,0.39268290996551514
2026_08_18_00_40_47_448240_L1_left_C1,L1,C1,2.0,0.1694548757406934,blue,left,left,right,pick up the blue block,2,pregrasp,32,48,16,0.375,0.3221476510067114,9,8,0.3,0.7,8,0.28000783920288086,0.24449028074741364,0.28000783920288086,0.24449028074741364,0.035517558455467224,-0.035517558455467224,0.44498148560523987,0.10130584985017776,0.39268290996551514
2026_08_18_00_40_47_448240_L1_left_C1,L1,C1,2.0,0.1694548757406934,blue,left,left,right,pick up the blue block,3,pregrasp,48,64,16,0.5,0.42953020134228187,0,8,0.3,0.7,8,0.2281321883201599,0.20123517513275146,0.2281321883201599,0.20123517513275146,0.026897013187408447,-0.026897013187408447,0.49236437678337097,0.11124811321496964,0.343144953250885
2026_08_18_00_40_47_448240_L1_left_C1,L1,C1,2.0,0.1694548757406934,blue,left,left,right,pick up the blue block,3,pregrasp,48,64,16,0.5,0.42953020134228187,1,8,0.3,0.7,8,0.1878092885017395,0.1770472228527069,0.1878092885017395,0.1770472228527069,0.010762065649032593,-0.010762065649032593,0.49236437678337097,0.11124811321496964,0.343144953250885
2026_08_18_00_40_47_448240_L1_left_C1,L1,C1,2.0,0.1694548757406934,blue,left,left,right,pick up the blue block,3,pregrasp,48,64,16,0.5,0.42953020134228187,2,8,0.3,0.7,8,0.276237428188324,0.23430132865905762,0.276237428188324,0.23430132865905762,0.04193609952926636,-0.04193609952926636,0.49236437678337097,0.11124811321496964,0.343144953250885
2026_08_18_00_40_47_448240_L1_left_C1,L1,C1,2.0,0.1694548757406934,blue,left,left,right,pick up the blue block,3,pregrasp,48,64,16,0.5,0.42953020134228187,3,8,0.3,0.7,8,0.27029716968536377,0.23767760396003723,0.27029716968536377,0.23767760396003723,0.03261956572532654,-0.03261956572532654,0.49236437678337097,0.11124811321496964,0.343144953250885
2026_08_18_00_40_47_448240_L1_left_C1,L1,C1,2.0,0.1694548757406934,blue,left,left,right,pick up the blue block,3,pregrasp,48,64,16,0.5,0.42953020134228187,4,8,0.3,0.7,8,0.22482731938362122,0.20054233074188232,0.22482731938362122,0.20054233074188232,0.02428498864173889,-0.02428498864173889,0.49236437678337097,0.11124811321496964,0.343144953250885
2026_08_18_00_40_47_448240_L1_left_C1,L1,C1,2.0,0.1694548757406934,blue,left,left,right,pick up the blue block,3,pregrasp,48,64,16,0.5,0.42953020134228187,5,8,0.3,0.7,8,0.18408483266830444,0.1506660282611847,0.18408483266830444,0.1506660282611847,0.03341880440711975,-0.03341880440711975,0.49236437678337097,0.11124811321496964,0.343144953250885
2026_08_18_00_40_47_448240_L1_left_C1,L1,C1,2.0,0.1694548757406934,blue,left,left,right,pick up the blue block,3,pregrasp,48,64,16,0.5,0.42953020134228187,6,8,0.3,0.7,8,0.2165907919406891,0.18206126987934113,0.2165907919406891,0.18206126987934113,0.03452952206134796,-0.03452952206134796,0.49236437678337097,0.11124811321496964,0.343144953250885
2026_08_18_00_40_47_448240_L1_left_C1,L1,C1,2.0,0.1694548757406934,blue,left,left,right,pick up the blue block,3,pregrasp,48,64,16,0.5,0.42953020134228187,7,8,0.3,0.7,8,0.2333967536687851,0.21604031324386597,0.2333967536687851,0.21604031324386597,0.01735644042491913,-0.01735644042491913,0.49236437678337097,0.11124811321496964,0.343144953250885
2026_08_18_00_40_47_448240_L1_left_C1,L1,C1,2.0,0.1694548757406934,blue,left,left,right,pick up the blue block,3,pregrasp,48,64,16,0.5,0.42953020134228187,8,8,0.3,0.7,8,0.3071414530277252,0.27768945693969727,0.3071414530277252,0.27768945693969727,0.029451996088027954,-0.029451996088027954,0.49236437678337097,0.11124811321496964,0.343144953250885
2026_08_18_00_40_47_448240_L1_left_C1,L1,C1,2.0,0.1694548757406934,blue,left,left,right,pick up the blue block,3,pregrasp,48,64,16,0.5,0.42953020134228187,9,8,0.3,0.7,8,0.2733783721923828,0.23461809754371643,0.2733783721923828,0.23461809754371643,0.03876027464866638,-0.03876027464866638,0.49236437678337097,0.11124811321496964,0.343144953250885
2026_08_18_00_40_47_448240_L1_left_C1,L1,C1,2.0,0.1694548757406934,blue,left,left,right,pick up the blue block,4,pregrasp,64,80,16,0.625,0.5369127516778524,0,8,0.3,0.7,8,0.42698538303375244,0.413112998008728,0.42698538303375244,0.413112998008728,0.013872385025024414,-0.013872385025024414,0.5397839546203613,0.10149547457695007,0.2944670021533966
2026_08_18_00_40_47_448240_L1_left_C1,L1,C1,2.0,0.1694548757406934,blue,left,left,right,pick up the blue block,4,pregrasp,64,80,16,0.625,0.5369127516778524,1,8,0.3,0.7,8,0.1940823495388031,0.21040812134742737,0.1940823495388031,0.21040812134742737,-0.016325771808624268,0.016325771808624268,0.5397839546203613,0.10149547457695007,0.2944670021533966
2026_08_18_00_40_47_448240_L1_left_C1,L1,C1,2.0,0.1694548757406934,blue,left,left,right,pick up the blue block,4,pregrasp,64,80,16,0.625,0.5369127516778524,2,8,0.3,0.7,8,0.4322041869163513,0.3999394178390503,0.4322041869163513,0.3999394178390503,0.032264769077301025,-0.032264769077301025,0.5397839546203613,0.10149547457695007,0.2944670021533966
2026_08_18_00_40_47_448240_L1_left_C1,L1,C1,2.0,0.1694548757406934,blue,left,left,right,pick up the blue block,4,pregrasp,64,80,16,0.625,0.5369127516778524,3,8,0.3,0.7,8,0.36302292346954346,0.3347824811935425,0.36302292346954346,0.3347824811935425,0.028240442276000977,-0.028240442276000977,0.5397839546203613,0.10149547457695007,0.2944670021533966
2026_08_18_00_40_47_448240_L1_left_C1,L1,C1,2.0,0.1694548757406934,blue,left,left,right,pick up the blue block,4,pregrasp,64,80,16,0.625,0.5369127516778524,4,8,0.3,0.7,8,0.201215460896492,0.20609863102436066,0.201215460896492,0.20609863102436066,-0.004883170127868652,0.004883170127868652,0.5397839546203613,0.10149547457695007,0.2944670021533966
2026_08_18_00_40_47_448240_L1_left_C1,L1,C1,2.0,0.1694548757406934,blue,left,left,right,pick up the blue block,4,pregrasp,64,80,16,0.625,0.5369127516778524,5,8,0.3,0.7,8,0.1988448202610016,0.21117034554481506,0.1988448202610016,0.21117034554481506,-0.012325525283813477,0.012325525283813477,0.5397839546203613,0.10149547457695007,0.2944670021533966
2026_08_18_00_40_47_448240_L1_left_C1,L1,C1,2.0,0.1694548757406934,blue,left,left,right,pick up the blue block,4,pregrasp,64,80,16,0.625,0.5369127516778524,6,8,0.3,0.7,8,0.37190157175064087,0.346920371055603,0.37190157175064087,0.346920371055603,0.024981200695037842,-0.024981200695037842,0.5397839546203613,0.10149547457695007,0.2944670021533966
2026_08_18_00_40_47_448240_L1_left_C1,L1,C1,2.0,0.1694548757406934,blue,left,left,right,pick up the blue block,4,pregrasp,64,80,16,0.625,0.5369127516778524,7,8,0.3,0.7,8,0.22410814464092255,0.21977584064006805,0.22410814464092255,0.21977584064006805,0.004332304000854492,-0.004332304000854492,0.5397839546203613,0.10149547457695007,0.2944670021533966
2026_08_18_00_40_47_448240_L1_left_C1,L1,C1,2.0,0.1694548757406934,blue,left,left,right,pick up the blue block,4,pregrasp,64,80,16,0.625,0.5369127516778524,8,8,0.3,0.7,8,0.2231130599975586,0.20185162127017975,0.2231130599975586,0.20185162127017975,0.021261438727378845,-0.021261438727378845,0.5397839546203613,0.10149547457695007,0.2944670021533966
2026_08_18_00_40_47_448240_L1_left_C1,L1,C1,2.0,0.1694548757406934,blue,left,left,right,pick up the blue block,4,pregrasp,64,80,16,0.625,0.5369127516778524,9,8,0.3,0.7,8,0.24452871084213257,0.24786485731601715,0.24452871084213257,0.24786485731601715,-0.0033361464738845825,0.0033361464738845825,0.5397839546203613,0.10149547457695007,0.2944670021533966
2026_08_18_00_40_47_448240_L1_left_C1,L1,C1,2.0,0.1694548757406934,blue,left,left,right,pick up the blue block,5,pregrasp,80,96,16,0.75,0.6442953020134228,0,8,0.3,0.7,8,0.2315964549779892,0.22875303030014038,0.2315964549779892,0.22875303030014038,0.002843424677848816,-0.002843424677848816,0.5860797762870789,0.07936312258243561,0.24705712497234344
2026_08_18_00_40_47_448240_L1_left_C1,L1,C1,2.0,0.1694548757406934,blue,left,left,right,pick up the blue block,5,pregrasp,80,96,16,0.75,0.6442953020134228,1,8,0.3,0.7,8,0.3487335741519928,0.34332552552223206,0.3487335741519928,0.34332552552223206,0.005408048629760742,-0.005408048629760742,0.5860797762870789,0.07936312258243561,0.24705712497234344
2026_08_18_00_40_47_448240_L1_left_C1,L1,C1,2.0,0.1694548757406934,blue,left,left,right,pick up the blue block,5,pregrasp,80,96,16,0.75,0.6442953020134228,2,8,0.3,0.7,8,0.21604380011558533,0.2248380184173584,0.21604380011558533,0.2248380184173584,-0.008794218301773071,0.008794218301773071,0.5860797762870789,0.07936312258243561,0.24705712497234344
2026_08_18_00_40_47_448240_L1_left_C1,L1,C1,2.0,0.1694548757406934,blue,left,left,right,pick up the blue block,5,pregrasp,80,96,16,0.75,0.6442953020134228,3,8,0.3,0.7,8,0.3822799026966095,0.3637685775756836,0.3822799026966095,0.3637685775756836,0.018511325120925903,-0.018511325120925903,0.5860797762870789,0.07936312258243561,0.24705712497234344
2026_08_18_00_40_47_448240_L1_left_C1,L1,C1,2.0,0.1694548757406934,blue,left,left,right,pick up the blue block,5,pregrasp,80,96,16,0.75,0.6442953020134228,4,8,0.3,0.7,8,0.3354075253009796,0.3213858902454376,0.3354075253009796,0.3213858902454376,0.014021635055541992,-0.014021635055541992,0.5860797762870789,0.07936312258243561,0.24705712497234344
2026_08_18_00_40_47_448240_L1_left_C1,L1,C1,2.0,0.1694548757406934,blue,left,left,right,pick up the blue block,5,pregrasp,80,96,16,0.75,0.6442953020134228,5,8,0.3,0.7,8,0.28004422783851624,0.2794726490974426,0.28004422783851624,0.2794726490974426,0.0005715787410736084,-0.0005715787410736084,0.5860797762870789,0.07936312258243561,0.24705712497234344
2026_08_18_00_40_47_448240_L1_left_C1,L1,C1,2.0,0.1694548757406934,blue,left,left,right,pick up the blue block,5,pregrasp,80,96,16,0.75,0.6442953020134228,6,8,0.3,0.7,8,0.30065613985061646,0.2973964810371399,0.30065613985061646,0.2973964810371399,0.0032596588134765625,-0.0032596588134765625,0.5860797762870789,0.07936312258243561,0.24705712497234344
2026_08_18_00_40_47_448240_L1_left_C1,L1,C1,2.0,0.1694548757406934,blue,left,left,right,pick up the blue block,5,pregrasp,80,96,16,0.75,0.6442953020134228,7,8,0.3,0.7,8,0.4367678165435791,0.4190483093261719,0.4367678165435791,0.4190483093261719,0.017719507217407227,-0.017719507217407227,0.5860797762870789,0.07936312258243561,0.24705712497234344
2026_08_18_00_40_47_448240_L1_left_C1,L1,C1,2.0,0.1694548757406934,blue,left,left,right,pick up the blue block,5,pregrasp,80,96,16,0.75,0.6442953020134228,8,8,0.3,0.7,8,0.3291006088256836,0.32105904817581177,0.3291006088256836,0.32105904817581177,0.008041560649871826,-0.008041560649871826,0.5860797762870789,0.07936312258243561,0.24705712497234344
2026_08_18_00_40_47_448240_L1_left_C1,L1,C1,2.0,0.1694548757406934,blue,left,left,right,pick up the blue block,5,pregrasp,80,96,16,0.75,0.6442953020134228,9,8,0.3,0.7,8,0.23448866605758667,0.2482486516237259,0.23448866605758667,0.2482486516237259,-0.013759985566139221,0.013759985566139221,0.5860797762870789,0.07936312258243561,0.24705712497234344
2026_08_18_00_40_47_448240_L1_left_C1,L1,C1,2.0,0.1694548757406934,blue,left,left,right,pick up the blue block,6,pregrasp,96,112,16,0.875,0.7516778523489933,0,8,0.3,0.7,8,0.2340490072965622,0.3303108513355255,0.2340490072965622,0.3303108513355255,-0.09626184403896332,0.09626184403896332,0.6308411359786987,0.05108407512307167,0.20063655078411102
2026_08_18_00_40_47_448240_L1_left_C1,L1,C1,2.0,0.1694548757406934,blue,left,left,right,pick up the blue block,6,pregrasp,96,112,16,0.875,0.7516778523489933,1,8,0.3,0.7,8,0.2084658145904541,0.2632696032524109,0.2084658145904541,0.2632696032524109,-0.05480378866195679,0.05480378866195679,0.6308411359786987,0.05108407512307167,0.20063655078411102
2026_08_18_00_40_47_448240_L1_left_C1,L1,C1,2.0,0.1694548757406934,blue,left,left,right,pick up the blue block,6,pregrasp,96,112,16,0.875,0.7516778523489933,2,8,0.3,0.7,8,0.17623993754386902,0.2374870330095291,0.17623993754386902,0.2374870330095291,-0.061247095465660095,0.061247095465660095,0.6308411359786987,0.05108407512307167,0.20063655078411102
2026_08_18_00_40_47_448240_L1_left_C1,L1,C1,2.0,0.1694548757406934,blue,left,left,right,pick up the blue block,6,pregrasp,96,112,16,0.875,0.7516778523489933,3,8,0.3,0.7,8,0.19691933691501617,0.2662177085876465,0.19691933691501617,0.2662177085876465,-0.06929837167263031,0.06929837167263031,0.6308411359786987,0.05108407512307167,0.20063655078411102
2026_08_18_00_40_47_448240_L1_left_C1,L1,C1,2.0,0.1694548757406934,blue,left,left,right,pick up the blue block,6,pregrasp,96,112,16,0.875,0.7516778523489933,4,8,0.3,0.7,8,0.3252282738685608,0.3900080621242523,0.3252282738685608,0.3900080621242523,-0.06477978825569153,0.06477978825569153,0.6308411359786987,0.05108407512307167,0.20063655078411102
2026_08_18_00_40_47_448240_L1_left_C1,L1,C1,2.0,0.1694548757406934,blue,left,left,right,pick up the blue block,6,pregrasp,96,112,16,0.875,0.7516778523489933,5,8,0.3,0.7,8,0.25116270780563354,0.32084691524505615,0.25116270780563354,0.32084691524505615,-0.06968420743942261,0.06968420743942261,0.6308411359786987,0.05108407512307167,0.20063655078411102
2026_08_18_00_40_47_448240_L1_left_C1,L1,C1,2.0,0.1694548757406934,blue,left,left,right,pick up the blue block,6,pregrasp,96,112,16,0.875,0.7516778523489933,6,8,0.3,0.7,8,0.1614445149898529,0.2550857663154602,0.1614445149898529,0.2550857663154602,-0.0936412513256073,0.0936412513256073,0.6308411359786987,0.05108407512307167,0.20063655078411102
2026_08_18_00_40_47_448240_L1_left_C1,L1,C1,2.0,0.1694548757406934,blue,left,left,right,pick up the blue block,6,pregrasp,96,112,16,0.875,0.7516778523489933,7,8,0.3,0.7,8,0.18809527158737183,0.27075958251953125,0.18809527158737183,0.27075958251953125,-0.08266431093215942,0.08266431093215942,0.6308411359786987,0.05108407512307167,0.20063655078411102
2026_08_18_00_40_47_448240_L1_left_C1,L1,C1,2.0,0.1694548757406934,blue,left,left,right,pick up the blue block,6,pregrasp,96,112,16,0.875,0.7516778523489933,8,8,0.3,0.7,8,0.2847130596637726,0.34590643644332886,0.2847130596637726,0.34590643644332886,-0.061193376779556274,0.061193376779556274,0.6308411359786987,0.05108407512307167,0.20063655078411102
2026_08_18_00_40_47_448240_L1_left_C1,L1,C1,2.0,0.1694548757406934,blue,left,left,right,pick up the blue block,6,pregrasp,96,112,16,0.875,0.7516778523489933,9,8,0.3,0.7,8,0.15173523128032684,0.2414623498916626,0.15173523128032684,0.2414623498916626,-0.08972711861133575,0.08972711861133575,0.6308411359786987,0.05108407512307167,0.20063655078411102
2026_08_18_00_40_47_448240_L1_left_C1,L1,C1,2.0,0.1694548757406934,blue,left,left,right,pick up the blue block,7,pregrasp,112,128,16,1.0,0.8590604026845637,0,8,0.3,0.7,8,0.25914809107780457,0.27890726923942566,0.25914809107780457,0.27890726923942566,-0.019759178161621094,0.019759178161621094,0.6416903734207153,0.04551628977060318,0.18981871008872986
2026_08_18_00_40_47_448240_L1_left_C1,L1,C1,2.0,0.1694548757406934,blue,left,left,right,pick up the blue block,7,pregrasp,112,128,16,1.0,0.8590604026845637,1,8,0.3,0.7,8,0.23614858090877533,0.24871717393398285,0.23614858090877533,0.24871717393398285,-0.01256859302520752,0.01256859302520752,0.6416903734207153,0.04551628977060318,0.18981871008872986
2026_08_18_00_40_47_448240_L1_left_C1,L1,C1,2.0,0.1694548757406934,blue,left,left,right,pick up the blue block,7,pregrasp,112,128,16,1.0,0.8590604026845637,2,8,0.3,0.7,8,0.1987280398607254,0.22072136402130127,0.1987280398607254,0.22072136402130127,-0.021993324160575867,0.021993324160575867,0.6416903734207153,0.04551628977060318,0.18981871008872986
2026_08_18_00_40_47_448240_L1_left_C1,L1,C1,2.0,0.1694548757406934,blue,left,left,right,pick up the blue block,7,pregrasp,112,128,16,1.0,0.8590604026845637,3,8,0.3,0.7,8,0.2586473226547241,0.27604615688323975,0.2586473226547241,0.27604615688323975,-0.017398834228515625,0.017398834228515625,0.6416903734207153,0.04551628977060318,0.18981871008872986
2026_08_18_00_40_47_448240_L1_left_C1,L1,C1,2.0,0.1694548757406934,blue,left,left,right,pick up the blue block,7,pregrasp,112,128,16,1.0,0.8590604026845637,4,8,0.3,0.7,8,0.2110063135623932,0.23022031784057617,0.2110063135623932,0.23022031784057617,-0.019214004278182983,0.019214004278182983,0.6416903734207153,0.04551628977060318,0.18981871008872986
2026_08_18_00_40_47_448240_L1_left_C1,L1,C1,2.0,0.1694548757406934,blue,left,left,right,pick up the blue block,7,pregrasp,112,128,16,1.0,0.8590604026845637,5,8,0.3,0.7,8,0.26322266459465027,0.2761966586112976,0.26322266459465027,0.2761966586112976,-0.012973994016647339,0.012973994016647339,0.6416903734207153,0.04551628977060318,0.18981871008872986
2026_08_18_00_40_47_448240_L1_left_C1,L1,C1,2.0,0.1694548757406934,blue,left,left,right,pick up the blue block,7,pregrasp,112,128,16,1.0,0.8590604026845637,6,8,0.3,0.7,8,0.22804972529411316,0.25494185090065,0.22804972529411316,0.25494185090065,-0.026892125606536865,0.026892125606536865,0.6416903734207153,0.04551628977060318,0.18981871008872986
2026_08_18_00_40_47_448240_L1_left_C1,L1,C1,2.0,0.1694548757406934,blue,left,left,right,pick up the blue block,7,pregrasp,112,128,16,1.0,0.8590604026845637,7,8,0.3,0.7,8,0.2307114452123642,0.25035983324050903,0.2307114452123642,0.25035983324050903,-0.019648388028144836,0.019648388028144836,0.6416903734207153,0.04551628977060318,0.18981871008872986
2026_08_18_00_40_47_448240_L1_left_C1,L1,C1,2.0,0.1694548757406934,blue,left,left,right,pick up the blue block,7,pregrasp,112,128,16,1.0,0.8590604026845637,8,8,0.3,0.7,8,0.23715516924858093,0.24945968389511108,0.23715516924858093,0.24945968389511108,-0.012304514646530151,0.012304514646530151,0.6416903734207153,0.04551628977060318,0.18981871008872986
2026_08_18_00_40_47_448240_L1_left_C1,L1,C1,2.0,0.1694548757406934,blue,left,left,right,pick up the blue block,7,pregrasp,112,128,16,1.0,0.8590604026845637,9,8,0.3,0.7,8,0.2014768421649933,0.2209072709083557,0.2014768421649933,0.2209072709083557,-0.019430428743362427,0.019430428743362427,0.6416903734207153,0.04551628977060318,0.18981871008872986
2026_08_18_00_40_47_448240_L1_left_C1,L1,C1,2.0,0.1694548757406934,blue,left,left,right,pick up the blue block,8,postgrasp,128,144,16,1.0,0.9664429530201343,0,8,0.3,0.7,8,0.3582744896411896,0.3853384256362915,0.3582744896411896,0.3853384256362915,-0.02706393599510193,0.02706393599510193,0.6422023177146912,0.04486944153904915,0.19027671217918396
2026_08_18_00_40_47_448240_L1_left_C1,L1,C1,2.0,0.1694548757406934,blue,left,left,right,pick up the blue block,8,postgrasp,128,144,16,1.0,0.9664429530201343,1,8,0.3,0.7,8,0.34457769989967346,0.3562465310096741,0.34457769989967346,0.3562465310096741,-0.01166883111000061,0.01166883111000061,0.6422023177146912,0.04486944153904915,0.19027671217918396
2026_08_18_00_40_47_448240_L1_left_C1,L1,C1,2.0,0.1694548757406934,blue,left,left,right,pick up the blue block,8,postgrasp,128,144,16,1.0,0.9664429530201343,2,8,0.3,0.7,8,0.2956463396549225,0.31448593735694885,0.2956463396549225,0.31448593735694885,-0.018839597702026367,0.018839597702026367,0.6422023177146912,0.04486944153904915,0.19027671217918396
2026_08_18_00_40_47_448240_L1_left_C1,L1,C1,2.0,0.1694548757406934,blue,left,left,right,pick up the blue block,8,postgrasp,128,144,16,1.0,0.9664429530201343,3,8,0.3,0.7,8,0.3656178414821625,0.37400534749031067,0.3656178414821625,0.37400534749031067,-0.008387506008148193,0.008387506008148193,0.6422023177146912,0.04486944153904915,0.19027671217918396
2026_08_18_00_40_47_448240_L1_left_C1,L1,C1,2.0,0.1694548757406934,blue,left,left,right,pick up the blue block,8,postgrasp,128,144,16,1.0,0.9664429530201343,4,8,0.3,0.7,8,0.3385586142539978,0.3506721258163452,0.3385586142539978,0.3506721258163452,-0.012113511562347412,0.012113511562347412,0.6422023177146912,0.04486944153904915,0.19027671217918396
2026_08_18_00_40_47_448240_L1_left_C1,L1,C1,2.0,0.1694548757406934,blue,left,left,right,pick up the blue block,8,postgrasp,128,144,16,1.0,0.9664429530201343,5,8,0.3,0.7,8,0.3693263828754425,0.37932658195495605,0.3693263828754425,0.37932658195495605,-0.01000019907951355,0.01000019907951355,0.6422023177146912,0.04486944153904915,0.19027671217918396
2026_08_18_00_40_47_448240_L1_left_C1,L1,C1,2.0,0.1694548757406934,blue,left,left,right,pick up the blue block,8,postgrasp,128,144,16,1.0,0.9664429530201343,6,8,0.3,0.7,8,0.3340710997581482,0.34671247005462646,0.3340710997581482,0.34671247005462646,-0.012641370296478271,0.012641370296478271,0.6422023177146912,0.04486944153904915,0.19027671217918396
2026_08_18_00_40_47_448240_L1_left_C1,L1,C1,2.0,0.1694548757406934,blue,left,left,right,pick up the blue block,8,postgrasp,128,144,16,1.0,0.9664429530201343,7,8,0.3,0.7,8,0.33644193410873413,0.34825384616851807,0.33644193410873413,0.34825384616851807,-0.011811912059783936,0.011811912059783936,0.6422023177146912,0.04486944153904915,0.19027671217918396
2026_08_18_00_40_47_448240_L1_left_C1,L1,C1,2.0,0.1694548757406934,blue,left,left,right,pick up the blue block,8,postgrasp,128,144,16,1.0,0.9664429530201343,8,8,0.3,0.7,8,0.3405258059501648,0.3489477038383484,0.3405258059501648,0.3489477038383484,-0.008421897888183594,0.008421897888183594,0.6422023177146912,0.04486944153904915,0.19027671217918396
2026_08_18_00_40_47_448240_L1_left_C1,L1,C1,2.0,0.1694548757406934,blue,left,left,right,pick up the blue block,8,postgrasp,128,144,16,1.0,0.9664429530201343,9,8,0.3,0.7,8,0.3222869336605072,0.33699655532836914,0.3222869336605072,0.33699655532836914,-0.014709621667861938,0.014709621667861938,0.6422023177146912,0.04486944153904915,0.19027671217918396
2026_08_18_00_40_47_448240_L1_left_C1,L1,C1,2.0,0.1694548757406934,blue,left,left,right,pick up the blue block,9,postgrasp,144,149,5,1.0,1.0,0,8,0.3,0.7,8,0.3548022210597992,0.2899010479450226,0.3548022210597992,0.2899010479450226,0.06490117311477661,-0.06490117311477661,0.6422043442726135,0.044867489486932755,0.19027894735336304
2026_08_18_00_40_47_448240_L1_left_C1,L1,C1,2.0,0.1694548757406934,blue,left,left,right,pick up the blue block,9,postgrasp,144,149,5,1.0,1.0,1,8,0.3,0.7,8,0.3625336289405823,0.3343398869037628,0.3625336289405823,0.3343398869037628,0.028193742036819458,-0.028193742036819458,0.6422043442726135,0.044867489486932755,0.19027894735336304
2026_08_18_00_40_47_448240_L1_left_C1,L1,C1,2.0,0.1694548757406934,blue,left,left,right,pick up the blue block,9,postgrasp,144,149,5,1.0,1.0,2,8,0.3,0.7,8,0.30985215306282043,0.29728585481643677,0.30985215306282043,0.29728585481643677,0.012566298246383667,-0.012566298246383667,0.6422043442726135,0.044867489486932755,0.19027894735336304
2026_08_18_00_40_47_448240_L1_left_C1,L1,C1,2.0,0.1694548757406934,blue,left,left,right,pick up the blue block,9,postgrasp,144,149,5,1.0,1.0,3,8,0.3,0.7,8,0.39804357290267944,0.3435095250606537,0.39804357290267944,0.3435095250606537,0.05453404784202576,-0.05453404784202576,0.6422043442726135,0.044867489486932755,0.19027894735336304
2026_08_18_00_40_47_448240_L1_left_C1,L1,C1,2.0,0.1694548757406934,blue,left,left,right,pick up the blue block,9,postgrasp,144,149,5,1.0,1.0,4,8,0.3,0.7,8,0.37111273407936096,0.3368922472000122,0.37111273407936096,0.3368922472000122,0.034220486879348755,-0.034220486879348755,0.6422043442726135,0.044867489486932755,0.19027894735336304
2026_08_18_00_40_47_448240_L1_left_C1,L1,C1,2.0,0.1694548757406934,blue,left,left,right,pick up the blue block,9,postgrasp,144,149,5,1.0,1.0,5,8,0.3,0.7,8,0.32787203788757324,0.2732992172241211,0.32787203788757324,0.2732992172241211,0.05457282066345215,-0.05457282066345215,0.6422043442726135,0.044867489486932755,0.19027894735336304
2026_08_18_00_40_47_448240_L1_left_C1,L1,C1,2.0,0.1694548757406934,blue,left,left,right,pick up the blue block,9,postgrasp,144,149,5,1.0,1.0,6,8,0.3,0.7,8,0.29699671268463135,0.25421884655952454,0.29699671268463135,0.25421884655952454,0.04277786612510681,-0.04277786612510681,0.6422043442726135,0.044867489486932755,0.19027894735336304
2026_08_18_00_40_47_448240_L1_left_C1,L1,C1,2.0,0.1694548757406934,blue,left,left,right,pick up the blue block,9,postgrasp,144,149,5,1.0,1.0,7,8,0.3,0.7,8,0.38582897186279297,0.34071409702301025,0.38582897186279297,0.34071409702301025,0.045114874839782715,-0.045114874839782715,0.6422043442726135,0.044867489486932755,0.19027894735336304
2026_08_18_00_40_47_448240_L1_left_C1,L1,C1,2.0,0.1694548757406934,blue,left,left,right,pick up the blue block,9,postgrasp,144,149,5,1.0,1.0,8,8,0.3,0.7,8,0.4347134828567505,0.4007827937602997,0.4347134828567505,0.4007827937602997,0.033930689096450806,-0.033930689096450806,0.6422043442726135,0.044867489486932755,0.19027894735336304
2026_08_18_00_40_47_448240_L1_left_C1,L1,C1,2.0,0.1694548757406934,blue,left,left,right,pick up the blue block,9,postgrasp,144,149,5,1.0,1.0,9,8,0.3,0.7,8,0.3464815318584442,0.32187962532043457,0.3464815318584442,0.32187962532043457,0.024601906538009644,-0.024601906538009644,0.6422043442726135,0.044867489486932755,0.19027894735336304
2026_08_18_00_41_27_880068_L1_left_C2,L1,C2,4.0,0.3389097514813868,blue,left,left,right,pick up the blue block,0,pregrasp,0,16,16,0.10256410256410256,0.0903954802259887,0,8,0.3,0.7,8,0.3069618344306946,0.28690236806869507,0.3069618344306946,0.28690236806869507,0.02005946636199951,-0.02005946636199951,0.36759650707244873,0.02888830192387104,0.4837019145488739
2026_08_18_00_41_27_880068_L1_left_C2,L1,C2,4.0,0.3389097514813868,blue,left,left,right,pick up the blue block,0,pregrasp,0,16,16,0.10256410256410256,0.0903954802259887,1,8,0.3,0.7,8,0.23130670189857483,0.2284911572933197,0.23130670189857483,0.2284911572933197,0.002815544605255127,-0.002815544605255127,0.36759650707244873,0.02888830192387104,0.4837019145488739
2026_08_18_00_41_27_880068_L1_left_C2,L1,C2,4.0,0.3389097514813868,blue,left,left,right,pick up the blue block,0,pregrasp,0,16,16,0.10256410256410256,0.0903954802259887,2,8,0.3,0.7,8,0.21312730014324188,0.20638245344161987,0.21312730014324188,0.20638245344161987,0.006744846701622009,-0.006744846701622009,0.36759650707244873,0.02888830192387104,0.4837019145488739
2026_08_18_00_41_27_880068_L1_left_C2,L1,C2,4.0,0.3389097514813868,blue,left,left,right,pick up the blue block,0,pregrasp,0,16,16,0.10256410256410256,0.0903954802259887,3,8,0.3,0.7,8,0.33582425117492676,0.3120822608470917,0.33582425117492676,0.3120822608470917,0.023741990327835083,-0.023741990327835083,0.36759650707244873,0.02888830192387104,0.4837019145488739
2026_08_18_00_41_27_880068_L1_left_C2,L1,C2,4.0,0.3389097514813868,blue,left,left,right,pick up the blue block,0,pregrasp,0,16,16,0.10256410256410256,0.0903954802259887,4,8,0.3,0.7,8,0.35610562562942505,0.3363916575908661,0.35610562562942505,0.3363916575908661,0.01971396803855896,-0.01971396803855896,0.36759650707244873,0.02888830192387104,0.4837019145488739
2026_08_18_00_41_27_880068_L1_left_C2,L1,C2,4.0,0.3389097514813868,blue,left,left,right,pick up the blue block,0,pregrasp,0,16,16,0.10256410256410256,0.0903954802259887,5,8,0.3,0.7,8,0.21700873970985413,0.20899216830730438,0.21700873970985413,0.20899216830730438,0.008016571402549744,-0.008016571402549744,0.36759650707244873,0.02888830192387104,0.4837019145488739
2026_08_18_00_41_27_880068_L1_left_C2,L1,C2,4.0,0.3389097514813868,blue,left,left,right,pick up the blue block,0,pregrasp,0,16,16,0.10256410256410256,0.0903954802259887,6,8,0.3,0.7,8,0.3858902156352997,0.36318156123161316,0.3858902156352997,0.36318156123161316,0.022708654403686523,-0.022708654403686523,0.36759650707244873,0.02888830192387104,0.4837019145488739
2026_08_18_00_41_27_880068_L1_left_C2,L1,C2,4.0,0.3389097514813868,blue,left,left,right,pick up the blue block,0,pregrasp,0,16,16,0.10256410256410256,0.0903954802259887,7,8,0.3,0.7,8,0.22767868638038635,0.2057226449251175,0.22767868638038635,0.2057226449251175,0.02195604145526886,-0.02195604145526886,0.36759650707244873,0.02888830192387104,0.4837019145488739
2026_08_18_00_41_27_880068_L1_left_C2,L1,C2,4.0,0.3389097514813868,blue,left,left,right,pick up the blue block,0,pregrasp,0,16,16,0.10256410256410256,0.0903954802259887,8,8,0.3,0.7,8,0.24415189027786255,0.23054452240467072,0.24415189027786255,0.23054452240467072,0.013607367873191833,-0.013607367873191833,0.36759650707244873,0.02888830192387104,0.4837019145488739
2026_08_18_00_41_27_880068_L1_left_C2,L1,C2,4.0,0.3389097514813868,blue,left,left,right,pick up the blue block,0,pregrasp,0,16,16,0.10256410256410256,0.0903954802259887,9,8,0.3,0.7,8,0.27564191818237305,0.25879189372062683,0.27564191818237305,0.25879189372062683,0.016850024461746216,-0.016850024461746216,0.36759650707244873,0.02888830192387104,0.4837019145488739
2026_08_18_00_41_27_880068_L1_left_C2,L1,C2,4.0,0.3389097514813868,blue,left,left,right,pick up the blue block,1,pregrasp,16,32,16,0.20512820512820512,0.1807909604519774,0,8,0.3,0.7,8,0.3321217894554138,0.29724517464637756,0.3321217894554138,0.29724517464637756,0.034876614809036255,-0.034876614809036255,0.3805505037307739,0.09226934611797333,0.46029794216156006
2026_08_18_00_41_27_880068_L1_left_C2,L1,C2,4.0,0.3389097514813868,blue,left,left,right,pick up the blue block,1,pregrasp,16,32,16,0.20512820512820512,0.1807909604519774,1,8,0.3,0.7,8,0.2976921498775482,0.25483447313308716,0.2976921498775482,0.25483447313308716,0.04285767674446106,-0.04285767674446106,0.3805505037307739,0.09226934611797333,0.46029794216156006
2026_08_18_00_41_27_880068_L1_left_C2,L1,C2,4.0,0.3389097514813868,blue,left,left,right,pick up the blue block,1,pregrasp,16,32,16,0.20512820512820512,0.1807909604519774,2,8,0.3,0.7,8,0.3661929965019226,0.3263992667198181,0.3661929965019226,0.3263992667198181,0.03979372978210449,-0.03979372978210449,0.3805505037307739,0.09226934611797333,0.46029794216156006
2026_08_18_00_41_27_880068_L1_left_C2,L1,C2,4.0,0.3389097514813868,blue,left,left,right,pick up the blue block,1,pregrasp,16,32,16,0.20512820512820512,0.1807909604519774,3,8,0.3,0.7,8,0.2898786664009094,0.264900267124176,0.2898786664009094,0.264900267124176,0.0249783992767334,-0.0249783992767334,0.3805505037307739,0.09226934611797333,0.46029794216156006
2026_08_18_00_41_27_880068_L1_left_C2,L1,C2,4.0,0.3389097514813868,blue,left,left,right,pick up the blue block,1,pregrasp,16,32,16,0.20512820512820512,0.1807909604519774,4,8,0.3,0.7,8,0.274847149848938,0.2409273236989975,0.274847149848938,0.2409273236989975,0.03391982614994049,-0.03391982614994049,0.3805505037307739,0.09226934611797333,0.46029794216156006
2026_08_18_00_41_27_880068_L1_left_C2,L1,C2,4.0,0.3389097514813868,blue,left,left,right,pick up the blue block,1,pregrasp,16,32,16,0.20512820512820512,0.1807909604519774,5,8,0.3,0.7,8,0.2689008414745331,0.22509993612766266,0.2689008414745331,0.22509993612766266,0.04380090534687042,-0.04380090534687042,0.3805505037307739,0.09226934611797333,0.46029794216156006
2026_08_18_00_41_27_880068_L1_left_C2,L1,C2,4.0,0.3389097514813868,blue,left,left,right,pick up the blue block,1,pregrasp,16,32,16,0.20512820512820512,0.1807909604519774,6,8,0.3,0.7,8,0.27977314591407776,0.258062481880188,0.27977314591407776,0.258062481880188,0.02171066403388977,-0.02171066403388977,0.3805505037307739,0.09226934611797333,0.46029794216156006
2026_08_18_00_41_27_880068_L1_left_C2,L1,C2,4.0,0.3389097514813868,blue,left,left,right,pick up the blue block,1,pregrasp,16,32,16,0.20512820512820512,0.1807909604519774,7,8,0.3,0.7,8,0.3279467225074768,0.2733502984046936,0.3279467225074768,0.2733502984046936,0.0545964241027832,-0.0545964241027832,0.3805505037307739,0.09226934611797333,0.46029794216156006
2026_08_18_00_41_27_880068_L1_left_C2,L1,C2,4.0,0.3389097514813868,blue,left,left,right,pick up the blue block,1,pregrasp,16,32,16,0.20512820512820512,0.1807909604519774,8,8,0.3,0.7,8,0.2776612937450409,0.23754125833511353,0.2776612937450409,0.23754125833511353,0.04012003540992737,-0.04012003540992737,0.3805505037307739,0.09226934611797333,0.46029794216156006
2026_08_18_00_41_27_880068_L1_left_C2,L1,C2,4.0,0.3389097514813868,blue,left,left,right,pick up the blue block,1,pregrasp,16,32,16,0.20512820512820512,0.1807909604519774,9,8,0.3,0.7,8,0.3516848683357239,0.2982027530670166,0.3516848683357239,0.2982027530670166,0.053482115268707275,-0.053482115268707275,0.3805505037307739,0.09226934611797333,0.46029794216156006
2026_08_18_00_41_27_880068_L1_left_C2,L1,C2,4.0,0.3389097514813868,blue,left,left,right,pick up the blue block,2,pregrasp,32,48,16,0.3076923076923077,0.2711864406779661,0,8,0.3,0.7,8,0.2464272528886795,0.20265847444534302,0.2464272528886795,0.20265847444534302,0.04376877844333649,-0.04376877844333649,0.4057614803314209,0.15066082775592804,0.4343278408050537
2026_08_18_00_41_27_880068_L1_left_C2,L1,C2,4.0,0.3389097514813868,blue,left,left,right,pick up the blue block,2,pregrasp,32,48,16,0.3076923076923077,0.2711864406779661,1,8,0.3,0.7,8,0.21270260214805603,0.19160684943199158,0.21270260214805603,0.19160684943199158,0.021095752716064453,-0.021095752716064453,0.4057614803314209,0.15066082775592804,0.4343278408050537
2026_08_18_00_41_27_880068_L1_left_C2,L1,C2,4.0,0.3389097514813868,blue,left,left,right,pick up the blue block,2,pregrasp,32,48,16,0.3076923076923077,0.2711864406779661,2,8,0.3,0.7,8,0.30382221937179565,0.26699841022491455,0.30382221937179565,0.26699841022491455,0.036823809146881104,-0.036823809146881104,0.4057614803314209,0.15066082775592804,0.4343278408050537
2026_08_18_00_41_27_880068_L1_left_C2,L1,C2,4.0,0.3389097514813868,blue,left,left,right,pick up the blue block,2,pregrasp,32,48,16,0.3076923076923077,0.2711864406779661,3,8,0.3,0.7,8,0.23417465388774872,0.20707738399505615,0.23417465388774872,0.20707738399505615,0.027097269892692566,-0.027097269892692566,0.4057614803314209,0.15066082775592804,0.4343278408050537
2026_08_18_00_41_27_880068_L1_left_C2,L1,C2,4.0,0.3389097514813868,blue,left,left,right,pick up the blue block,2,pregrasp,32,48,16,0.3076923076923077,0.2711864406779661,4,8,0.3,0.7,8,0.35920262336730957,0.31152310967445374,0.35920262336730957,0.31152310967445374,0.047679513692855835,-0.047679513692855835,0.4057614803314209,0.15066082775592804,0.4343278408050537
2026_08_18_00_41_27_880068_L1_left_C2,L1,C2,4.0,0.3389097514813868,blue,left,left,right,pick up the blue block,2,pregrasp,32,48,16,0.3076923076923077,0.2711864406779661,5,8,0.3,0.7,8,0.3149774670600891,0.29846787452697754,0.3149774670600891,0.29846787452697754,0.016509592533111572,-0.016509592533111572,0.4057614803314209,0.15066082775592804,0.4343278408050537
2026_08_18_00_41_27_880068_L1_left_C2,L1,C2,4.0,0.3389097514813868,blue,left,left,right,pick up the blue block,2,pregrasp,32,48,16,0.3076923076923077,0.2711864406779661,6,8,0.3,0.7,8,0.3302987515926361,0.3037254512310028,0.3302987515926361,0.3037254512310028,0.0265733003616333,-0.0265733003616333,0.4057614803314209,0.15066082775592804,0.4343278408050537
2026_08_18_00_41_27_880068_L1_left_C2,L1,C2,4.0,0.3389097514813868,blue,left,left,right,pick up the blue block,2,pregrasp,32,48,16,0.3076923076923077,0.2711864406779661,7,8,0.3,0.7,8,0.32716506719589233,0.2894696593284607,0.32716506719589233,0.2894696593284607,0.03769540786743164,-0.03769540786743164,0.4057614803314209,0.15066082775592804,0.4343278408050537
2026_08_18_00_41_27_880068_L1_left_C2,L1,C2,4.0,0.3389097514813868,blue,left,left,right,pick up the blue block,2,pregrasp,32,48,16,0.3076923076923077,0.2711864406779661,8,8,0.3,0.7,8,0.289115846157074,0.2651119530200958,0.289115846157074,0.2651119530200958,0.02400389313697815,-0.02400389313697815,0.4057614803314209,0.15066082775592804,0.4343278408050537
2026_08_18_00_41_27_880068_L1_left_C2,L1,C2,4.0,0.3389097514813868,blue,left,left,right,pick up the blue block,2,pregrasp,32,48,16,0.3076923076923077,0.2711864406779661,9,8,0.3,0.7,8,0.24144645035266876,0.22557403147220612,0.24144645035266876,0.22557403147220612,0.015872418880462646,-0.015872418880462646,0.4057614803314209,0.15066082775592804,0.4343278408050537
2026_08_18_00_41_27_880068_L1_left_C2,L1,C2,4.0,0.3389097514813868,blue,left,left,right,pick up the blue block,3,pregrasp,48,64,16,0.41025641025641024,0.3615819209039548,0,8,0.3,0.7,8,0.2857677936553955,0.2596137821674347,0.2857677936553955,0.2596137821674347,0.026154011487960815,-0.026154011487960815,0.4428104758262634,0.19503237307071686,0.3963809311389923
2026_08_18_00_41_27_880068_L1_left_C2,L1,C2,4.0,0.3389097514813868,blue,left,left,right,pick up the blue block,3,pregrasp,48,64,16,0.41025641025641024,0.3615819209039548,1,8,0.3,0.7,8,0.22248879075050354,0.20405586063861847,0.22248879075050354,0.20405586063861847,0.01843293011188507,-0.01843293011188507,0.4428104758262634,0.19503237307071686,0.3963809311389923
2026_08_18_00_41_27_880068_L1_left_C2,L1,C2,4.0,0.3389097514813868,blue,left,left,right,pick up the blue block,3,pregrasp,48,64,16,0.41025641025641024,0.3615819209039548,2,8,0.3,0.7,8,0.44266432523727417,0.4304700195789337,0.44266432523727417,0.4304700195789337,0.012194305658340454,-0.012194305658340454,0.4428104758262634,0.19503237307071686,0.3963809311389923
2026_08_18_00_41_27_880068_L1_left_C2,L1,C2,4.0,0.3389097514813868,blue,left,left,right,pick up the blue block,3,pregrasp,48,64,16,0.41025641025641024,0.3615819209039548,3,8,0.3,0.7,8,0.3066871166229248,0.2925017774105072,0.3066871166229248,0.2925017774105072,0.014185339212417603,-0.014185339212417603,0.4428104758262634,0.19503237307071686,0.3963809311389923
2026_08_18_00_41_27_880068_L1_left_C2,L1,C2,4.0,0.3389097514813868,blue,left,left,right,pick up the blue block,3,pregrasp,48,64,16,0.41025641025641024,0.3615819209039548,4,8,0.3,0.7,8,0.3152989149093628,0.2978922128677368,0.3152989149093628,0.2978922128677368,0.017406702041625977,-0.017406702041625977,0.4428104758262634,0.19503237307071686,0.3963809311389923
2026_08_18_00_41_27_880068_L1_left_C2,L1,C2,4.0,0.3389097514813868,blue,left,left,right,pick up the blue block,3,pregrasp,48,64,16,0.41025641025641024,0.3615819209039548,5,8,0.3,0.7,8,0.22066250443458557,0.21268583834171295,0.22066250443458557,0.21268583834171295,0.00797666609287262,-0.00797666609287262,0.4428104758262634,0.19503237307071686,0.3963809311389923
2026_08_18_00_41_27_880068_L1_left_C2,L1,C2,4.0,0.3389097514813868,blue,left,left,right,pick up the blue block,3,pregrasp,48,64,16,0.41025641025641024,0.3615819209039548,6,8,0.3,0.7,8,0.35959771275520325,0.33460769057273865,0.35959771275520325,0.33460769057273865,0.0249900221824646,-0.0249900221824646,0.4428104758262634,0.19503237307071686,0.3963809311389923
2026_08_18_00_41_27_880068_L1_left_C2,L1,C2,4.0,0.3389097514813868,blue,left,left,right,pick up the blue block,3,pregrasp,48,64,16,0.41025641025641024,0.3615819209039548,7,8,0.3,0.7,8,0.3204984664916992,0.3059277832508087,0.3204984664916992,0.3059277832508087,0.014570683240890503,-0.014570683240890503,0.4428104758262634,0.19503237307071686,0.3963809311389923
2026_08_18_00_41_27_880068_L1_left_C2,L1,C2,4.0,0.3389097514813868,blue,left,left,right,pick up the blue block,3,pregrasp,48,64,16,0.41025641025641024,0.3615819209039548,8,8,0.3,0.7,8,0.276743084192276,0.26073136925697327,0.276743084192276,0.26073136925697327,0.016011714935302734,-0.016011714935302734,0.4428104758262634,0.19503237307071686,0.3963809311389923
2026_08_18_00_41_27_880068_L1_left_C2,L1,C2,4.0,0.3389097514813868,blue,left,left,right,pick up the blue block,3,pregrasp,48,64,16,0.41025641025641024,0.3615819209039548,9,8,0.3,0.7,8,0.3046515882015228,0.2846642732620239,0.3046515882015228,0.2846642732620239,0.0199873149394989,-0.0199873149394989,0.4428104758262634,0.19503237307071686,0.3963809311389923
2026_08_18_00_41_27_880068_L1_left_C2,L1,C2,4.0,0.3389097514813868,blue,left,left,right,pick up the blue block,4,pregrasp,64,80,16,0.5128205128205128,0.4519774011299435,0,8,0.3,0.7,8,0.2856809198856354,0.3224083185195923,0.2856809198856354,0.3224083185195923,-0.03672739863395691,0.03672739863395691,0.48838263750076294,0.20613457262516022,0.3470667600631714
2026_08_18_00_41_27_880068_L1_left_C2,L1,C2,4.0,0.3389097514813868,blue,left,left,right,pick up the blue block,4,pregrasp,64,80,16,0.5128205128205128,0.4519774011299435,1,8,0.3,0.7,8,0.48000675439834595,0.48221808671951294,0.48000675439834595,0.48221808671951294,-0.002211332321166992,0.002211332321166992,0.48838263750076294,0.20613457262516022,0.3470667600631714
2026_08_18_00_41_27_880068_L1_left_C2,L1,C2,4.0,0.3389097514813868,blue,left,left,right,pick up the blue block,4,pregrasp,64,80,16,0.5128205128205128,0.4519774011299435,2,8,0.3,0.7,8,0.3467467725276947,0.3727826476097107,0.3467467725276947,0.3727826476097107,-0.02603587508201599,0.02603587508201599,0.48838263750076294,0.20613457262516022,0.3470667600631714
2026_08_18_00_41_27_880068_L1_left_C2,L1,C2,4.0,0.3389097514813868,blue,left,left,right,pick up the blue block,4,pregrasp,64,80,16,0.5128205128205128,0.4519774011299435,3,8,0.3,0.7,8,0.3622582256793976,0.3806499242782593,0.3622582256793976,0.3806499242782593,-0.018391698598861694,0.018391698598861694,0.48838263750076294,0.20613457262516022,0.3470667600631714
2026_08_18_00_41_27_880068_L1_left_C2,L1,C2,4.0,0.3389097514813868,blue,left,left,right,pick up the blue block,4,pregrasp,64,80,16,0.5128205128205128,0.4519774011299435,4,8,0.3,0.7,8,0.30668631196022034,0.32156652212142944,0.30668631196022034,0.32156652212142944,-0.014880210161209106,0.014880210161209106,0.48838263750076294,0.20613457262516022,0.3470667600631714
2026_08_18_00_41_27_880068_L1_left_C2,L1,C2,4.0,0.3389097514813868,blue,left,left,right,pick up the blue block,4,pregrasp,64,80,16,0.5128205128205128,0.4519774011299435,5,8,0.3,0.7,8,0.26896849274635315,0.2809385061264038,0.26896849274635315,0.2809385061264038,-0.01197001338005066,0.01197001338005066,0.48838263750076294,0.20613457262516022,0.3470667600631714
2026_08_18_00_41_27_880068_L1_left_C2,L1,C2,4.0,0.3389097514813868,blue,left,left,right,pick up the blue block,4,pregrasp,64,80,16,0.5128205128205128,0.4519774011299435,6,8,0.3,0.7,8,0.24695444107055664,0.28708428144454956,0.24695444107055664,0.28708428144454956,-0.04012984037399292,0.04012984037399292,0.48838263750076294,0.20613457262516022,0.3470667600631714
2026_08_18_00_41_27_880068_L1_left_C2,L1,C2,4.0,0.3389097514813868,blue,left,left,right,pick up the blue block,4,pregrasp,64,80,16,0.5128205128205128,0.4519774011299435,7,8,0.3,0.7,8,0.3099466860294342,0.3326120972633362,0.3099466860294342,0.3326120972633362,-0.022665411233901978,0.022665411233901978,0.48838263750076294,0.20613457262516022,0.3470667600631714
2026_08_18_00_41_27_880068_L1_left_C2,L1,C2,4.0,0.3389097514813868,blue,left,left,right,pick up the blue block,4,pregrasp,64,80,16,0.5128205128205128,0.4519774011299435,8,8,0.3,0.7,8,0.42324766516685486,0.43988943099975586,0.42324766516685486,0.43988943099975586,-0.016641765832901,0.016641765832901,0.48838263750076294,0.20613457262516022,0.3470667600631714
2026_08_18_00_41_27_880068_L1_left_C2,L1,C2,4.0,0.3389097514813868,blue,left,left,right,pick up the blue block,4,pregrasp,64,80,16,0.5128205128205128,0.4519774011299435,9,8,0.3,0.7,8,0.3122134208679199,0.33384567499160767,0.3122134208679199,0.33384567499160767,-0.021632254123687744,0.021632254123687744,0.48838263750076294,0.20613457262516022,0.3470667600631714
2026_08_18_00_41_27_880068_L1_left_C2,L1,C2,4.0,0.3389097514813868,blue,left,left,right,pick up the blue block,5,pregrasp,80,96,16,0.6153846153846154,0.5423728813559322,0,8,0.3,0.7,8,0.13174307346343994,0.1515568345785141,0.13174307346343994,0.1515568345785141,-0.019813761115074158,0.019813761115074158,0.5324440598487854,0.18101727962493896,0.30137336254119873
2026_08_18_00_41_27_880068_L1_left_C2,L1,C2,4.0,0.3389097514813868,blue,left,left,right,pick up the blue block,5,pregrasp,80,96,16,0.6153846153846154,0.5423728813559322,1,8,0.3,0.7,8,0.27113765478134155,0.28890690207481384,0.27113765478134155,0.28890690207481384,-0.01776924729347229,0.01776924729347229,0.5324440598487854,0.18101727962493896,0.30137336254119873
2026_08_18_00_41_27_880068_L1_left_C2,L1,C2,4.0,0.3389097514813868,blue,left,left,right,pick up the blue block,5,pregrasp,80,96,16,0.6153846153846154,0.5423728813559322,2,8,0.3,0.7,8,0.30146634578704834,0.30956101417541504,0.30146634578704834,0.30956101417541504,-0.0080946683883667,0.0080946683883667,0.5324440598487854,0.18101727962493896,0.30137336254119873
2026_08_18_00_41_27_880068_L1_left_C2,L1,C2,4.0,0.3389097514813868,blue,left,left,right,pick up the blue block,5,pregrasp,80,96,16,0.6153846153846154,0.5423728813559322,3,8,0.3,0.7,8,0.32257431745529175,0.3298127353191376,0.32257431745529175,0.3298127353191376,-0.007238417863845825,0.007238417863845825,0.5324440598487854,0.18101727962493896,0.30137336254119873
2026_08_18_00_41_27_880068_L1_left_C2,L1,C2,4.0,0.3389097514813868,blue,left,left,right,pick up the blue block,5,pregrasp,80,96,16,0.6153846153846154,0.5423728813559322,4,8,0.3,0.7,8,0.3215590715408325,0.3356143534183502,0.3215590715408325,0.3356143534183502,-0.0140552818775177,0.0140552818775177,0.5324440598487854,0.18101727962493896,0.30137336254119873
2026_08_18_00_41_27_880068_L1_left_C2,L1,C2,4.0,0.3389097514813868,blue,left,left,right,pick up the blue block,5,pregrasp,80,96,16,0.6153846153846154,0.5423728813559322,5,8,0.3,0.7,8,0.31948980689048767,0.3273707628250122,0.31948980689048767,0.3273707628250122,-0.007880955934524536,0.007880955934524536,0.5324440598487854,0.18101727962493896,0.30137336254119873
2026_08_18_00_41_27_880068_L1_left_C2,L1,C2,4.0,0.3389097514813868,blue,left,left,right,pick up the blue block,5,pregrasp,80,96,16,0.6153846153846154,0.5423728813559322,6,8,0.3,0.7,8,0.20222488045692444,0.2099190056324005,0.20222488045692444,0.2099190056324005,-0.007694125175476074,0.007694125175476074,0.5324440598487854,0.18101727962493896,0.30137336254119873
2026_08_18_00_41_27_880068_L1_left_C2,L1,C2,4.0,0.3389097514813868,blue,left,left,right,pick up the blue block,5,pregrasp,80,96,16,0.6153846153846154,0.5423728813559322,7,8,0.3,0.7,8,0.2294146567583084,0.2343878448009491,0.2294146567583084,0.2343878448009491,-0.004973188042640686,0.004973188042640686,0.5324440598487854,0.18101727962493896,0.30137336254119873
2026_08_18_00_41_27_880068_L1_left_C2,L1,C2,4.0,0.3389097514813868,blue,left,left,right,pick up the blue block,5,pregrasp,80,96,16,0.6153846153846154,0.5423728813559322,8,8,0.3,0.7,8,0.21848911046981812,0.23007091879844666,0.21848911046981812,0.23007091879844666,-0.01158180832862854,0.01158180832862854,0.5324440598487854,0.18101727962493896,0.30137336254119873
2026_08_18_00_41_27_880068_L1_left_C2,L1,C2,4.0,0.3389097514813868,blue,left,left,right,pick up the blue block,5,pregrasp,80,96,16,0.6153846153846154,0.5423728813559322,9,8,0.3,0.7,8,0.36491408944129944,0.37376299500465393,0.36491408944129944,0.37376299500465393,-0.008848905563354492,0.008848905563354492,0.5324440598487854,0.18101727962493896,0.30137336254119873
2026_08_18_00_41_27_880068_L1_left_C2,L1,C2,4.0,0.3389097514813868,blue,left,left,right,pick up the blue block,6,pregrasp,96,112,16,0.717948717948718,0.632768361581921,0,8,0.3,0.7,8,0.19113565981388092,0.22321975231170654,0.19113565981388092,0.22321975231170654,-0.03208409249782562,0.03208409249782562,0.5720928311347961,0.13920675218105316,0.2614020109176636
2026_08_18_00_41_27_880068_L1_left_C2,L1,C2,4.0,0.3389097514813868,blue,left,left,right,pick up the blue block,6,pregrasp,96,112,16,0.717948717948718,0.632768361581921,1,8,0.3,0.7,8,0.23509551584720612,0.267691969871521,0.23509551584720612,0.267691969871521,-0.03259645402431488,0.03259645402431488,0.5720928311347961,0.13920675218105316,0.2614020109176636
2026_08_18_00_41_27_880068_L1_left_C2,L1,C2,4.0,0.3389097514813868,blue,left,left,right,pick up the blue block,6,pregrasp,96,112,16,0.717948717948718,0.632768361581921,2,8,0.3,0.7,8,0.2922462224960327,0.32540416717529297,0.2922462224960327,0.32540416717529297,-0.033157944679260254,0.033157944679260254,0.5720928311347961,0.13920675218105316,0.2614020109176636
2026_08_18_00_41_27_880068_L1_left_C2,L1,C2,4.0,0.3389097514813868,blue,left,left,right,pick up the blue block,6,pregrasp,96,112,16,0.717948717948718,0.632768361581921,3,8,0.3,0.7,8,0.2807002663612366,0.3130638599395752,0.2807002663612366,0.3130638599395752,-0.03236359357833862,0.03236359357833862,0.5720928311347961,0.13920675218105316,0.2614020109176636
2026_08_18_00_41_27_880068_L1_left_C2,L1,C2,4.0,0.3389097514813868,blue,left,left,right,pick up the blue block,6,pregrasp,96,112,16,0.717948717948718,0.632768361581921,4,8,0.3,0.7,8,0.1717405617237091,0.207017183303833,0.1717405617237091,0.207017183303833,-0.0352766215801239,0.0352766215801239,0.5720928311347961,0.13920675218105316,0.2614020109176636
2026_08_18_00_41_27_880068_L1_left_C2,L1,C2,4.0,0.3389097514813868,blue,left,left,right,pick up the blue block,6,pregrasp,96,112,16,0.717948717948718,0.632768361581921,5,8,0.3,0.7,8,0.25856688618659973,0.2936301827430725,0.25856688618659973,0.2936301827430725,-0.03506329655647278,0.03506329655647278,0.5720928311347961,0.13920675218105316,0.2614020109176636
2026_08_18_00_41_27_880068_L1_left_C2,L1,C2,4.0,0.3389097514813868,blue,left,left,right,pick up the blue block,6,pregrasp,96,112,16,0.717948717948718,0.632768361581921,6,8,0.3,0.7,8,0.2612902820110321,0.29206395149230957,0.2612902820110321,0.29206395149230957,-0.030773669481277466,0.030773669481277466,0.5720928311347961,0.13920675218105316,0.2614020109176636
2026_08_18_00_41_27_880068_L1_left_C2,L1,C2,4.0,0.3389097514813868,blue,left,left,right,pick up the blue block,6,pregrasp,96,112,16,0.717948717948718,0.632768361581921,7,8,0.3,0.7,8,0.303893506526947,0.3351866602897644,0.303893506526947,0.3351866602897644,-0.03129315376281738,0.03129315376281738,0.5720928311347961,0.13920675218105316,0.2614020109176636
2026_08_18_00_41_27_880068_L1_left_C2,L1,C2,4.0,0.3389097514813868,blue,left,left,right,pick up the blue block,6,pregrasp,96,112,16,0.717948717948718,0.632768361581921,8,8,0.3,0.7,8,0.3050857484340668,0.33937138319015503,0.3050857484340668,0.33937138319015503,-0.03428563475608826,0.03428563475608826,0.5720928311347961,0.13920675218105316,0.2614020109176636
2026_08_18_00_41_27_880068_L1_left_C2,L1,C2,4.0,0.3389097514813868,blue,left,left,right,pick up the blue block,6,pregrasp,96,112,16,0.717948717948718,0.632768361581921,9,8,0.3,0.7,8,0.24555157124996185,0.2752908766269684,0.24555157124996185,0.2752908766269684,-0.02973930537700653,0.02973930537700653,0.5720928311347961,0.13920675218105316,0.2614020109176636
2026_08_18_00_41_27_880068_L1_left_C2,L1,C2,4.0,0.3389097514813868,blue,left,left,right,pick up the blue block,7,pregrasp,112,128,16,0.8205128205128205,0.7231638418079096,0,8,0.3,0.7,8,0.44211065769195557,0.4728737771511078,0.44211065769195557,0.4728737771511078,-0.03076311945915222,0.03076311945915222,0.6079201102256775,0.09196759760379791,0.22485566139221191
2026_08_18_00_41_27_880068_L1_left_C2,L1,C2,4.0,0.3389097514813868,blue,left,left,right,pick up the blue block,7,pregrasp,112,128,16,0.8205128205128205,0.7231638418079096,1,8,0.3,0.7,8,0.25536757707595825,0.31083303689956665,0.25536757707595825,0.31083303689956665,-0.0554654598236084,0.0554654598236084,0.6079201102256775,0.09196759760379791,0.22485566139221191
2026_08_18_00_41_27_880068_L1_left_C2,L1,C2,4.0,0.3389097514813868,blue,left,left,right,pick up the blue block,7,pregrasp,112,128,16,0.8205128205128205,0.7231638418079096,2,8,0.3,0.7,8,0.40683555603027344,0.4367072582244873,0.40683555603027344,0.4367072582244873,-0.029871702194213867,0.029871702194213867,0.6079201102256775,0.09196759760379791,0.22485566139221191
2026_08_18_00_41_27_880068_L1_left_C2,L1,C2,4.0,0.3389097514813868,blue,left,left,right,pick up the blue block,7,pregrasp,112,128,16,0.8205128205128205,0.7231638418079096,3,8,0.3,0.7,8,0.2382807433605194,0.2995515465736389,0.2382807433605194,0.2995515465736389,-0.06127080321311951,0.06127080321311951,0.6079201102256775,0.09196759760379791,0.22485566139221191
2026_08_18_00_41_27_880068_L1_left_C2,L1,C2,4.0,0.3389097514813868,blue,left,left,right,pick up the blue block,7,pregrasp,112,128,16,0.8205128205128205,0.7231638418079096,4,8,0.3,0.7,8,0.1911143660545349,0.23811554908752441,0.1911143660545349,0.23811554908752441,-0.0470011830329895,0.0470011830329895,0.6079201102256775,0.09196759760379791,0.22485566139221191
2026_08_18_00_41_27_880068_L1_left_C2,L1,C2,4.0,0.3389097514813868,blue,left,left,right,pick up the blue block,7,pregrasp,112,128,16,0.8205128205128205,0.7231638418079096,5,8,0.3,0.7,8,0.21884021162986755,0.29532575607299805,0.21884021162986755,0.29532575607299805,-0.0764855444431305,0.0764855444431305,0.6079201102256775,0.09196759760379791,0.22485566139221191
2026_08_18_00_41_27_880068_L1_left_C2,L1,C2,4.0,0.3389097514813868,blue,left,left,right,pick up the blue block,7,pregrasp,112,128,16,0.8205128205128205,0.7231638418079096,6,8,0.3,0.7,8,0.35576313734054565,0.4000391960144043,0.35576313734054565,0.4000391960144043,-0.04427605867385864,0.04427605867385864,0.6079201102256775,0.09196759760379791,0.22485566139221191
2026_08_18_00_41_27_880068_L1_left_C2,L1,C2,4.0,0.3389097514813868,blue,left,left,right,pick up the blue block,7,pregrasp,112,128,16,0.8205128205128205,0.7231638418079096,7,8,0.3,0.7,8,0.20984360575675964,0.26001495122909546,0.20984360575675964,0.26001495122909546,-0.050171345472335815,0.050171345472335815,0.6079201102256775,0.09196759760379791,0.22485566139221191
2026_08_18_00_41_27_880068_L1_left_C2,L1,C2,4.0,0.3389097514813868,blue,left,left,right,pick up the blue block,7,pregrasp,112,128,16,0.8205128205128205,0.7231638418079096,8,8,0.3,0.7,8,0.2812843918800354,0.3283378481864929,0.2812843918800354,0.3283378481864929,-0.04705345630645752,0.04705345630645752,0.6079201102256775,0.09196759760379791,0.22485566139221191
2026_08_18_00_41_27_880068_L1_left_C2,L1,C2,4.0,0.3389097514813868,blue,left,left,right,pick up the blue block,7,pregrasp,112,128,16,0.8205128205128205,0.7231638418079096,9,8,0.3,0.7,8,0.34377434849739075,0.3760317265987396,0.34377434849739075,0.3760317265987396,-0.03225737810134888,0.03225737810134888,0.6079201102256775,0.09196759760379791,0.22485566139221191
2026_08_18_00_41_27_880068_L1_left_C2,L1,C2,4.0,0.3389097514813868,blue,left,left,right,pick up the blue block,8,pregrasp,128,144,16,0.9230769230769231,0.8135593220338984,0,8,0.3,0.7,8,0.2503305673599243,0.3338167369365692,0.2503305673599243,0.3338167369365692,-0.0834861695766449,0.0834861695766449,0.6397852897644043,0.046662308275699615,0.19193053245544434
2026_08_18_00_41_27_880068_L1_left_C2,L1,C2,4.0,0.3389097514813868,blue,left,left,right,pick up the blue block,8,pregrasp,128,144,16,0.9230769230769231,0.8135593220338984,1,8,0.3,0.7,8,0.2426583468914032,0.3182695806026459,0.2426583468914032,0.3182695806026459,-0.07561123371124268,0.07561123371124268,0.6397852897644043,0.046662308275699615,0.19193053245544434
2026_08_18_00_41_27_880068_L1_left_C2,L1,C2,4.0,0.3389097514813868,blue,left,left,right,pick up the blue block,8,pregrasp,128,144,16,0.9230769230769231,0.8135593220338984,2,8,0.3,0.7,8,0.3321346938610077,0.4187362492084503,0.3321346938610077,0.4187362492084503,-0.08660155534744263,0.08660155534744263,0.6397852897644043,0.046662308275699615,0.19193053245544434
2026_08_18_00_41_27_880068_L1_left_C2,L1,C2,4.0,0.3389097514813868,blue,left,left,right,pick up the blue block,8,pregrasp,128,144,16,0.9230769230769231,0.8135593220338984,3,8,0.3,0.7,8,0.2717113494873047,0.36202356219291687,0.2717113494873047,0.36202356219291687,-0.09031221270561218,0.09031221270561218,0.6397852897644043,0.046662308275699615,0.19193053245544434
2026_08_18_00_41_27_880068_L1_left_C2,L1,C2,4.0,0.3389097514813868,blue,left,left,right,pick up the blue block,8,pregrasp,128,144,16,0.9230769230769231,0.8135593220338984,4,8,0.3,0.7,8,0.2550019323825836,0.33968350291252136,0.2550019323825836,0.33968350291252136,-0.08468157052993774,0.08468157052993774,0.6397852897644043,0.046662308275699615,0.19193053245544434
2026_08_18_00_41_27_880068_L1_left_C2,L1,C2,4.0,0.3389097514813868,blue,left,left,right,pick up the blue block,8,pregrasp,128,144,16,0.9230769230769231,0.8135593220338984,5,8,0.3,0.7,8,0.3286706507205963,0.4154810905456543,0.3286706507205963,0.4154810905456543,-0.08681043982505798,0.08681043982505798,0.6397852897644043,0.046662308275699615,0.19193053245544434
2026_08_18_00_41_27_880068_L1_left_C2,L1,C2,4.0,0.3389097514813868,blue,left,left,right,pick up the blue block,8,pregrasp,128,144,16,0.9230769230769231,0.8135593220338984,6,8,0.3,0.7,8,0.23560142517089844,0.3358629047870636,0.23560142517089844,0.3358629047870636,-0.10026147961616516,0.10026147961616516,0.6397852897644043,0.046662308275699615,0.19193053245544434
2026_08_18_00_41_27_880068_L1_left_C2,L1,C2,4.0,0.3389097514813868,blue,left,left,right,pick up the blue block,8,pregrasp,128,144,16,0.9230769230769231,0.8135593220338984,7,8,0.3,0.7,8,0.34000059962272644,0.43362993001937866,0.34000059962272644,0.43362993001937866,-0.09362933039665222,0.09362933039665222,0.6397852897644043,0.046662308275699615,0.19193053245544434
2026_08_18_00_41_27_880068_L1_left_C2,L1,C2,4.0,0.3389097514813868,blue,left,left,right,pick up the blue block,8,pregrasp,128,144,16,0.9230769230769231,0.8135593220338984,8,8,0.3,0.7,8,0.2529992461204529,0.36593949794769287,0.2529992461204529,0.36593949794769287,-0.11294025182723999,0.11294025182723999,0.6397852897644043,0.046662308275699615,0.19193053245544434
2026_08_18_00_41_27_880068_L1_left_C2,L1,C2,4.0,0.3389097514813868,blue,left,left,right,pick up the blue block,8,pregrasp,128,144,16,0.9230769230769231,0.8135593220338984,9,8,0.3,0.7,8,0.2644762396812439,0.3498278260231018,0.2644762396812439,0.3498278260231018,-0.08535158634185791,0.08535158634185791,0.6397852897644043,0.046662308275699615,0.19193053245544434
2026_08_18_00_41_27_880068_L1_left_C2,L1,C2,4.0,0.3389097514813868,blue,left,left,right,pick up the blue block,9,pregrasp,144,156,12,1.0,0.8813559322033898,0,8,0.3,0.7,8,0.17738720774650574,0.19661477208137512,0.17738720774650574,0.19661477208137512,-0.019227564334869385,0.019227564334869385,0.6416018009185791,0.0453813299536705,0.18999965488910675
2026_08_18_00_41_27_880068_L1_left_C2,L1,C2,4.0,0.3389097514813868,blue,left,left,right,pick up the blue block,9,pregrasp,144,156,12,1.0,0.8813559322033898,1,8,0.3,0.7,8,0.21646398305892944,0.2316703498363495,0.21646398305892944,0.2316703498363495,-0.015206366777420044,0.015206366777420044,0.6416018009185791,0.0453813299536705,0.18999965488910675
2026_08_18_00_41_27_880068_L1_left_C2,L1,C2,4.0,0.3389097514813868,blue,left,left,right,pick up the blue block,9,pregrasp,144,156,12,1.0,0.8813559322033898,2,8,0.3,0.7,8,0.2678605318069458,0.27123019099235535,0.2678605318069458,0.27123019099235535,-0.003369659185409546,0.003369659185409546,0.6416018009185791,0.0453813299536705,0.18999965488910675
2026_08_18_00_41_27_880068_L1_left_C2,L1,C2,4.0,0.3389097514813868,blue,left,left,right,pick up the blue block,9,pregrasp,144,156,12,1.0,0.8813559322033898,3,8,0.3,0.7,8,0.21145936846733093,0.22156377136707306,0.21145936846733093,0.22156377136707306,-0.010104402899742126,0.010104402899742126,0.6416018009185791,0.0453813299536705,0.18999965488910675
2026_08_18_00_41_27_880068_L1_left_C2,L1,C2,4.0,0.3389097514813868,blue,left,left,right,pick up the blue block,9,pregrasp,144,156,12,1.0,0.8813559322033898,4,8,0.3,0.7,8,0.20925207436084747,0.22102104127407074,0.20925207436084747,0.22102104127407074,-0.011768966913223267,0.011768966913223267,0.6416018009185791,0.0453813299536705,0.18999965488910675
2026_08_18_00_41_27_880068_L1_left_C2,L1,C2,4.0,0.3389097514813868,blue,left,left,right,pick up the blue block,9,pregrasp,144,156,12,1.0,0.8813559322033898,5,8,0.3,0.7,8,0.19216245412826538,0.20166465640068054,0.19216245412826538,0.20166465640068054,-0.009502202272415161,0.009502202272415161,0.6416018009185791,0.0453813299536705,0.18999965488910675
2026_08_18_00_41_27_880068_L1_left_C2,L1,C2,4.0,0.3389097514813868,blue,left,left,right,pick up the blue block,9,pregrasp,144,156,12,1.0,0.8813559322033898,6,8,0.3,0.7,8,0.2715676426887512,0.2750181555747986,0.2715676426887512,0.2750181555747986,-0.0034505128860473633,0.0034505128860473633,0.6416018009185791,0.0453813299536705,0.18999965488910675
2026_08_18_00_41_27_880068_L1_left_C2,L1,C2,4.0,0.3389097514813868,blue,left,left,right,pick up the blue block,9,pregrasp,144,156,12,1.0,0.8813559322033898,7,8,0.3,0.7,8,0.2674786150455475,0.27053776383399963,0.2674786150455475,0.27053776383399963,-0.0030591487884521484,0.0030591487884521484,0.6416018009185791,0.0453813299536705,0.18999965488910675
2026_08_18_00_41_27_880068_L1_left_C2,L1,C2,4.0,0.3389097514813868,blue,left,left,right,pick up the blue block,9,pregrasp,144,156,12,1.0,0.8813559322033898,8,8,0.3,0.7,8,0.3588758111000061,0.3515901565551758,0.3588758111000061,0.3515901565551758,0.007285654544830322,-0.007285654544830322,0.6416018009185791,0.0453813299536705,0.18999965488910675
2026_08_18_00_41_27_880068_L1_left_C2,L1,C2,4.0,0.3389097514813868,blue,left,left,right,pick up the blue block,9,pregrasp,144,156,12,1.0,0.8813559322033898,9,8,0.3,0.7,8,0.1600184589624405,0.17701590061187744,0.1600184589624405,0.17701590061187744,-0.01699744164943695,0.01699744164943695,0.6416018009185791,0.0453813299536705,0.18999965488910675
2026_08_18_00_41_27_880068_L1_left_C2,L1,C2,4.0,0.3389097514813868,blue,left,left,right,pick up the blue block,10,postgrasp,156,172,16,1.0,0.9717514124293786,0,8,0.3,0.7,8,0.3357801139354706,0.32901713252067566,0.3357801139354706,0.32901713252067566,0.006762981414794922,-0.006762981414794922,0.6420590281486511,0.04509197548031807,0.19043219089508057
2026_08_18_00_41_27_880068_L1_left_C2,L1,C2,4.0,0.3389097514813868,blue,left,left,right,pick up the blue block,10,postgrasp,156,172,16,1.0,0.9717514124293786,1,8,0.3,0.7,8,0.3145456910133362,0.3137892186641693,0.3145456910133362,0.3137892186641693,0.0007564723491668701,-0.0007564723491668701,0.6420590281486511,0.04509197548031807,0.19043219089508057
2026_08_18_00_41_27_880068_L1_left_C2,L1,C2,4.0,0.3389097514813868,blue,left,left,right,pick up the blue block,10,postgrasp,156,172,16,1.0,0.9717514124293786,2,8,0.3,0.7,8,0.35899320244789124,0.3657790422439575,0.35899320244789124,0.3657790422439575,-0.006785839796066284,0.006785839796066284,0.6420590281486511,0.04509197548031807,0.19043219089508057
2026_08_18_00_41_27_880068_L1_left_C2,L1,C2,4.0,0.3389097514813868,blue,left,left,right,pick up the blue block,10,postgrasp,156,172,16,1.0,0.9717514124293786,3,8,0.3,0.7,8,0.3039746880531311,0.3305268883705139,0.3039746880531311,0.3305268883705139,-0.026552200317382812,0.026552200317382812,0.6420590281486511,0.04509197548031807,0.19043219089508057
2026_08_18_00_41_27_880068_L1_left_C2,L1,C2,4.0,0.3389097514813868,blue,left,left,right,pick up the blue block,10,postgrasp,156,172,16,1.0,0.9717514124293786,4,8,0.3,0.7,8,0.2925202548503876,0.28579241037368774,0.2925202548503876,0.28579241037368774,0.006727844476699829,-0.006727844476699829,0.6420590281486511,0.04509197548031807,0.19043219089508057
2026_08_18_00_41_27_880068_L1_left_C2,L1,C2,4.0,0.3389097514813868,blue,left,left,right,pick up the blue block,10,postgrasp,156,172,16,1.0,0.9717514124293786,5,8,0.3,0.7,8,0.3853802978992462,0.39240381121635437,0.3853802978992462,0.39240381121635437,-0.007023513317108154,0.007023513317108154,0.6420590281486511,0.04509197548031807,0.19043219089508057
2026_08_18_00_41_27_880068_L1_left_C2,L1,C2,4.0,0.3389097514813868,blue,left,left,right,pick up the blue block,10,postgrasp,156,172,16,1.0,0.9717514124293786,6,8,0.3,0.7,8,0.27461373805999756,0.2808271050453186,0.27461373805999756,0.2808271050453186,-0.006213366985321045,0.006213366985321045,0.6420590281486511,0.04509197548031807,0.19043219089508057
2026_08_18_00_41_27_880068_L1_left_C2,L1,C2,4.0,0.3389097514813868,blue,left,left,right,pick up the blue block,10,postgrasp,156,172,16,1.0,0.9717514124293786,7,8,0.3,0.7,8,0.34420326352119446,0.3577771782875061,0.34420326352119446,0.3577771782875061,-0.013573914766311646,0.013573914766311646,0.6420590281486511,0.04509197548031807,0.19043219089508057
2026_08_18_00_41_27_880068_L1_left_C2,L1,C2,4.0,0.3389097514813868,blue,left,left,right,pick up the blue block,10,postgrasp,156,172,16,1.0,0.9717514124293786,8,8,0.3,0.7,8,0.321810245513916,0.32721269130706787,0.321810245513916,0.32721269130706787,-0.0054024457931518555,0.0054024457931518555,0.6420590281486511,0.04509197548031807,0.19043219089508057
2026_08_18_00_41_27_880068_L1_left_C2,L1,C2,4.0,0.3389097514813868,blue,left,left,right,pick up the blue block,10,postgrasp,156,172,16,1.0,0.9717514124293786,9,8,0.3,0.7,8,0.3571772575378418,0.34221601486206055,0.3571772575378418,0.34221601486206055,0.01496124267578125,-0.01496124267578125,0.6420590281486511,0.04509197548031807,0.19043219089508057
2026_08_18_00_41_27_880068_L1_left_C2,L1,C2,4.0,0.3389097514813868,blue,left,left,right,pick up the blue block,11,postgrasp,172,177,5,1.0,1.0,0,8,0.3,0.7,8,0.444561243057251,0.3685937523841858,0.444561243057251,0.3685937523841858,0.07596749067306519,-0.07596749067306519,0.6420595645904541,0.04509175196290016,0.19043156504631042
2026_08_18_00_41_27_880068_L1_left_C2,L1,C2,4.0,0.3389097514813868,blue,left,left,right,pick up the blue block,11,postgrasp,172,177,5,1.0,1.0,1,8,0.3,0.7,8,0.41852667927742004,0.37029072642326355,0.41852667927742004,0.37029072642326355,0.048235952854156494,-0.048235952854156494,0.6420595645904541,0.04509175196290016,0.19043156504631042
2026_08_18_00_41_27_880068_L1_left_C2,L1,C2,4.0,0.3389097514813868,blue,left,left,right,pick up the blue block,11,postgrasp,172,177,5,1.0,1.0,2,8,0.3,0.7,8,0.40337321162223816,0.35698747634887695,0.40337321162223816,0.35698747634887695,0.046385735273361206,-0.046385735273361206,0.6420595645904541,0.04509175196290016,0.19043156504631042
2026_08_18_00_41_27_880068_L1_left_C2,L1,C2,4.0,0.3389097514813868,blue,left,left,right,pick up the blue block,11,postgrasp,172,177,5,1.0,1.0,3,8,0.3,0.7,8,0.35752245783805847,0.2847203016281128,0.35752245783805847,0.2847203016281128,0.07280215620994568,-0.07280215620994568,0.6420595645904541,0.04509175196290016,0.19043156504631042
2026_08_18_00_41_27_880068_L1_left_C2,L1,C2,4.0,0.3389097514813868,blue,left,left,right,pick up the blue block,11,postgrasp,172,177,5,1.0,1.0,4,8,0.3,0.7,8,0.3780174255371094,0.3261668086051941,0.3780174255371094,0.3261668086051941,0.05185061693191528,-0.05185061693191528,0.6420595645904541,0.04509175196290016,0.19043156504631042
2026_08_18_00_41_27_880068_L1_left_C2,L1,C2,4.0,0.3389097514813868,blue,left,left,right,pick up the blue block,11,postgrasp,172,177,5,1.0,1.0,5,8,0.3,0.7,8,0.5283598899841309,0.440294086933136,0.5283598899841309,0.440294086933136,0.08806580305099487,-0.08806580305099487,0.6420595645904541,0.04509175196290016,0.19043156504631042
2026_08_18_00_41_27_880068_L1_left_C2,L1,C2,4.0,0.3389097514813868,blue,left,left,right,pick up the blue block,11,postgrasp,172,177,5,1.0,1.0,6,8,0.3,0.7,8,0.5167125463485718,0.4678281843662262,0.5167125463485718,0.4678281843662262,0.04888436198234558,-0.04888436198234558,0.6420595645904541,0.04509175196290016,0.19043156504631042
2026_08_18_00_41_27_880068_L1_left_C2,L1,C2,4.0,0.3389097514813868,blue,left,left,right,pick up the blue block,11,postgrasp,172,177,5,1.0,1.0,7,8,0.3,0.7,8,0.3430379629135132,0.29522815346717834,0.3430379629135132,0.29522815346717834,0.04780980944633484,-0.04780980944633484,0.6420595645904541,0.04509175196290016,0.19043156504631042
2026_08_18_00_41_27_880068_L1_left_C2,L1,C2,4.0,0.3389097514813868,blue,left,left,right,pick up the blue block,11,postgrasp,172,177,5,1.0,1.0,8,8,0.3,0.7,8,0.421027272939682,0.37882763147354126,0.421027272939682,0.37882763147354126,0.04219964146614075,-0.04219964146614075,0.6420595645904541,0.04509175196290016,0.19043156504631042
2026_08_18_00_41_27_880068_L1_left_C2,L1,C2,4.0,0.3389097514813868,blue,left,left,right,pick up the blue block,11,postgrasp,172,177,5,1.0,1.0,9,8,0.3,0.7,8,0.30546674132347107,0.2702074646949768,0.30546674132347107,0.2702074646949768,0.03525927662849426,-0.03525927662849426,0.6420595645904541,0.04509175196290016,0.19043156504631042
2026_08_18_00_45_28_073578_L1_right_C0,L1,C0,0.0,0.0,red,right,left,right,pick up the red block,0,pregrasp,0,16,16,0.13793103448275862,0.11678832116788321,0,8,0.3,0.7,8,0.26097309589385986,0.2581500709056854,0.2581500709056854,0.26097309589385986,0.0028230249881744385,0.0028230249881744385,0.3815579116344452,0.00301348976790905,0.4665829539299011
2026_08_18_00_45_28_073578_L1_right_C0,L1,C0,0.0,0.0,red,right,left,right,pick up the red block,0,pregrasp,0,16,16,0.13793103448275862,0.11678832116788321,1,8,0.3,0.7,8,0.2074393630027771,0.19405682384967804,0.19405682384967804,0.2074393630027771,0.01338253915309906,0.01338253915309906,0.3815579116344452,0.00301348976790905,0.4665829539299011
2026_08_18_00_45_28_073578_L1_right_C0,L1,C0,0.0,0.0,red,right,left,right,pick up the red block,0,pregrasp,0,16,16,0.13793103448275862,0.11678832116788321,2,8,0.3,0.7,8,0.17912088334560394,0.17064428329467773,0.17064428329467773,0.17912088334560394,0.008476600050926208,0.008476600050926208,0.3815579116344452,0.00301348976790905,0.4665829539299011
2026_08_18_00_45_28_073578_L1_right_C0,L1,C0,0.0,0.0,red,right,left,right,pick up the red block,0,pregrasp,0,16,16,0.13793103448275862,0.11678832116788321,3,8,0.3,0.7,8,0.3371104300022125,0.31867897510528564,0.31867897510528564,0.3371104300022125,0.01843145489692688,0.01843145489692688,0.3815579116344452,0.00301348976790905,0.4665829539299011
2026_08_18_00_45_28_073578_L1_right_C0,L1,C0,0.0,0.0,red,right,left,right,pick up the red block,0,pregrasp,0,16,16,0.13793103448275862,0.11678832116788321,4,8,0.3,0.7,8,0.37046998739242554,0.35511285066604614,0.35511285066604614,0.37046998739242554,0.015357136726379395,0.015357136726379395,0.3815579116344452,0.00301348976790905,0.4665829539299011
2026_08_18_00_45_28_073578_L1_right_C0,L1,C0,0.0,0.0,red,right,left,right,pick up the red block,0,pregrasp,0,16,16,0.13793103448275862,0.11678832116788321,5,8,0.3,0.7,8,0.19417768716812134,0.18694356083869934,0.18694356083869934,0.19417768716812134,0.007234126329421997,0.007234126329421997,0.3815579116344452,0.00301348976790905,0.4665829539299011
2026_08_18_00_45_28_073578_L1_right_C0,L1,C0,0.0,0.0,red,right,left,right,pick up the red block,0,pregrasp,0,16,16,0.13793103448275862,0.11678832116788321,6,8,0.3,0.7,8,0.19676941633224487,0.19745419919490814,0.19745419919490814,0.19676941633224487,-0.000684782862663269,-0.000684782862663269,0.3815579116344452,0.00301348976790905,0.4665829539299011
2026_08_18_00_45_28_073578_L1_right_C0,L1,C0,0.0,0.0,red,right,left,right,pick up the red block,0,pregrasp,0,16,16,0.13793103448275862,0.11678832116788321,7,8,0.3,0.7,8,0.21924829483032227,0.2211446762084961,0.2211446762084961,0.21924829483032227,-0.0018963813781738281,-0.0018963813781738281,0.3815579116344452,0.00301348976790905,0.4665829539299011
2026_08_18_00_45_28_073578_L1_right_C0,L1,C0,0.0,0.0,red,right,left,right,pick up the red block,0,pregrasp,0,16,16,0.13793103448275862,0.11678832116788321,8,8,0.3,0.7,8,0.1819102019071579,0.18093915283679962,0.18093915283679962,0.1819102019071579,0.0009710490703582764,0.0009710490703582764,0.3815579116344452,0.00301348976790905,0.4665829539299011
2026_08_18_00_45_28_073578_L1_right_C0,L1,C0,0.0,0.0,red,right,left,right,pick up the red block,0,pregrasp,0,16,16,0.13793103448275862,0.11678832116788321,9,8,0.3,0.7,8,0.3404272198677063,0.31794533133506775,0.31794533133506775,0.3404272198677063,0.02248188853263855,0.02248188853263855,0.3815579116344452,0.00301348976790905,0.4665829539299011
2026_08_18_00_45_28_073578_L1_right_C0,L1,C0,0.0,0.0,red,right,left,right,pick up the red block,1,pregrasp,16,32,16,0.27586206896551724,0.23357664233576642,0,8,0.3,0.7,8,0.36576882004737854,0.36668118834495544,0.36668118834495544,0.36576882004737854,-0.0009123682975769043,-0.0009123682975769043,0.4242797791957855,-0.005438078194856644,0.41251233220100403
2026_08_18_00_45_28_073578_L1_right_C0,L1,C0,0.0,0.0,red,right,left,right,pick up the red block,1,pregrasp,16,32,16,0.27586206896551724,0.23357664233576642,1,8,0.3,0.7,8,0.23498399555683136,0.23792336881160736,0.23792336881160736,0.23498399555683136,-0.002939373254776001,-0.002939373254776001,0.4242797791957855,-0.005438078194856644,0.41251233220100403
2026_08_18_00_45_28_073578_L1_right_C0,L1,C0,0.0,0.0,red,right,left,right,pick up the red block,1,pregrasp,16,32,16,0.27586206896551724,0.23357664233576642,2,8,0.3,0.7,8,0.31880539655685425,0.31585365533828735,0.31585365533828735,0.31880539655685425,0.0029517412185668945,0.0029517412185668945,0.4242797791957855,-0.005438078194856644,0.41251233220100403
2026_08_18_00_45_28_073578_L1_right_C0,L1,C0,0.0,0.0,red,right,left,right,pick up the red block,1,pregrasp,16,32,16,0.27586206896551724,0.23357664233576642,3,8,0.3,0.7,8,0.21819442510604858,0.21834152936935425,0.21834152936935425,0.21819442510604858,-0.00014710426330566406,-0.00014710426330566406,0.4242797791957855,-0.005438078194856644,0.41251233220100403
2026_08_18_00_45_28_073578_L1_right_C0,L1,C0,0.0,0.0,red,right,left,right,pick up the red block,1,pregrasp,16,32,16,0.27586206896551724,0.23357664233576642,4,8,0.3,0.7,8,0.35188496112823486,0.3352438509464264,0.3352438509464264,0.35188496112823486,0.01664111018180847,0.01664111018180847,0.4242797791957855,-0.005438078194856644,0.41251233220100403
2026_08_18_00_45_28_073578_L1_right_C0,L1,C0,0.0,0.0,red,right,left,right,pick up the red block,1,pregrasp,16,32,16,0.27586206896551724,0.23357664233576642,5,8,0.3,0.7,8,0.2503524720668793,0.2501026391983032,0.2501026391983032,0.2503524720668793,0.0002498328685760498,0.0002498328685760498,0.4242797791957855,-0.005438078194856644,0.41251233220100403
2026_08_18_00_45_28_073578_L1_right_C0,L1,C0,0.0,0.0,red,right,left,right,pick up the red block,1,pregrasp,16,32,16,0.27586206896551724,0.23357664233576642,6,8,0.3,0.7,8,0.23953783512115479,0.24032801389694214,0.24032801389694214,0.23953783512115479,-0.0007901787757873535,-0.0007901787757873535,0.4242797791957855,-0.005438078194856644,0.41251233220100403
2026_08_18_00_45_28_073578_L1_right_C0,L1,C0,0.0,0.0,red,right,left,right,pick up the red block,1,pregrasp,16,32,16,0.27586206896551724,0.23357664233576642,7,8,0.3,0.7,8,0.27225401997566223,0.28250548243522644,0.28250548243522644,0.27225401997566223,-0.010251462459564209,-0.010251462459564209,0.4242797791957855,-0.005438078194856644,0.41251233220100403
2026_08_18_00_45_28_073578_L1_right_C0,L1,C0,0.0,0.0,red,right,left,right,pick up the red block,1,pregrasp,16,32,16,0.27586206896551724,0.23357664233576642,8,8,0.3,0.7,8,0.300469309091568,0.29636210203170776,0.29636210203170776,0.300469309091568,0.0041072070598602295,0.0041072070598602295,0.4242797791957855,-0.005438078194856644,0.41251233220100403
2026_08_18_00_45_28_073578_L1_right_C0,L1,C0,0.0,0.0,red,right,left,right,pick up the red block,1,pregrasp,16,32,16,0.27586206896551724,0.23357664233576642,9,8,0.3,0.7,8,0.23097482323646545,0.23798269033432007,0.23798269033432007,0.23097482323646545,-0.007007867097854614,-0.007007867097854614,0.4242797791957855,-0.005438078194856644,0.41251233220100403
2026_08_18_00_45_28_073578_L1_right_C0,L1,C0,0.0,0.0,red,right,left,right,pick up the red block,2,pregrasp,32,48,16,0.41379310344827586,0.35036496350364965,0,8,0.3,0.7,8,0.2356615662574768,0.2642824649810791,0.2642824649810791,0.2356615662574768,-0.028620898723602295,-0.028620898723602295,0.47261476516723633,-0.012407111003994942,0.3632495403289795
2026_08_18_00_45_28_073578_L1_right_C0,L1,C0,0.0,0.0,red,right,left,right,pick up the red block,2,pregrasp,32,48,16,0.41379310344827586,0.35036496350364965,1,8,0.3,0.7,8,0.25027626752853394,0.3096027672290802,0.3096027672290802,0.25027626752853394,-0.059326499700546265,-0.059326499700546265,0.47261476516723633,-0.012407111003994942,0.3632495403289795
2026_08_18_00_45_28_073578_L1_right_C0,L1,C0,0.0,0.0,red,right,left,right,pick up the red block,2,pregrasp,32,48,16,0.41379310344827586,0.35036496350364965,2,8,0.3,0.7,8,0.2594378888607025,0.27279937267303467,0.27279937267303467,0.2594378888607025,-0.013361483812332153,-0.013361483812332153,0.47261476516723633,-0.012407111003994942,0.3632495403289795
2026_08_18_00_45_28_073578_L1_right_C0,L1,C0,0.0,0.0,red,right,left,right,pick up the red block,2,pregrasp,32,48,16,0.41379310344827586,0.35036496350364965,3,8,0.3,0.7,8,0.22175265848636627,0.263348251581192,0.263348251581192,0.22175265848636627,-0.041595593094825745,-0.041595593094825745,0.47261476516723633,-0.012407111003994942,0.3632495403289795
2026_08_18_00_45_28_073578_L1_right_C0,L1,C0,0.0,0.0,red,right,left,right,pick up the red block,2,pregrasp,32,48,16,0.41379310344827586,0.35036496350364965,4,8,0.3,0.7,8,0.3165150582790375,0.32642731070518494,0.32642731070518494,0.3165150582790375,-0.009912252426147461,-0.009912252426147461,0.47261476516723633,-0.012407111003994942,0.3632495403289795
2026_08_18_00_45_28_073578_L1_right_C0,L1,C0,0.0,0.0,red,right,left,right,pick up the red block,2,pregrasp,32,48,16,0.41379310344827586,0.35036496350364965,5,8,0.3,0.7,8,0.24087321758270264,0.27270710468292236,0.27270710468292236,0.24087321758270264,-0.03183388710021973,-0.03183388710021973,0.47261476516723633,-0.012407111003994942,0.3632495403289795
2026_08_18_00_45_28_073578_L1_right_C0,L1,C0,0.0,0.0,red,right,left,right,pick up the red block,2,pregrasp,32,48,16,0.41379310344827586,0.35036496350364965,6,8,0.3,0.7,8,0.14477401971817017,0.1622796505689621,0.1622796505689621,0.14477401971817017,-0.01750563085079193,-0.01750563085079193,0.47261476516723633,-0.012407111003994942,0.3632495403289795
2026_08_18_00_45_28_073578_L1_right_C0,L1,C0,0.0,0.0,red,right,left,right,pick up the red block,2,pregrasp,32,48,16,0.41379310344827586,0.35036496350364965,7,8,0.3,0.7,8,0.19360622763633728,0.19814306497573853,0.19814306497573853,0.19360622763633728,-0.004536837339401245,-0.004536837339401245,0.47261476516723633,-0.012407111003994942,0.3632495403289795
2026_08_18_00_45_28_073578_L1_right_C0,L1,C0,0.0,0.0,red,right,left,right,pick up the red block,2,pregrasp,32,48,16,0.41379310344827586,0.35036496350364965,8,8,0.3,0.7,8,0.29550349712371826,0.2874603867530823,0.2874603867530823,0.29550349712371826,0.008043110370635986,0.008043110370635986,0.47261476516723633,-0.012407111003994942,0.3632495403289795
2026_08_18_00_45_28_073578_L1_right_C0,L1,C0,0.0,0.0,red,right,left,right,pick up the red block,2,pregrasp,32,48,16,0.41379310344827586,0.35036496350364965,9,8,0.3,0.7,8,0.19239696860313416,0.21733778715133667,0.21733778715133667,0.19239696860313416,-0.024940818548202515,-0.024940818548202515,0.47261476516723633,-0.012407111003994942,0.3632495403289795
2026_08_18_00_45_28_073578_L1_right_C0,L1,C0,0.0,0.0,red,right,left,right,pick up the red block,3,pregrasp,48,64,16,0.5517241379310345,0.46715328467153283,0,8,0.3,0.7,8,0.16328588128089905,0.18062332272529602,0.18062332272529602,0.16328588128089905,-0.017337441444396973,-0.017337441444396973,0.5210484862327576,-0.01958276890218258,0.31362223625183105
2026_08_18_00_45_28_073578_L1_right_C0,L1,C0,0.0,0.0,red,right,left,right,pick up the red block,3,pregrasp,48,64,16,0.5517241379310345,0.46715328467153283,1,8,0.3,0.7,8,0.21746599674224854,0.23994000256061554,0.23994000256061554,0.21746599674224854,-0.022474005818367004,-0.022474005818367004,0.5210484862327576,-0.01958276890218258,0.31362223625183105
2026_08_18_00_45_28_073578_L1_right_C0,L1,C0,0.0,0.0,red,right,left,right,pick up the red block,3,pregrasp,48,64,16,0.5517241379310345,0.46715328467153283,2,8,0.3,0.7,8,0.27134865522384644,0.2964678704738617,0.2964678704738617,0.27134865522384644,-0.02511921525001526,-0.02511921525001526,0.5210484862327576,-0.01958276890218258,0.31362223625183105
2026_08_18_00_45_28_073578_L1_right_C0,L1,C0,0.0,0.0,red,right,left,right,pick up the red block,3,pregrasp,48,64,16,0.5517241379310345,0.46715328467153283,3,8,0.3,0.7,8,0.24505501985549927,0.2556987702846527,0.2556987702846527,0.24505501985549927,-0.010643750429153442,-0.010643750429153442,0.5210484862327576,-0.01958276890218258,0.31362223625183105
2026_08_18_00_45_28_073578_L1_right_C0,L1,C0,0.0,0.0,red,right,left,right,pick up the red block,3,pregrasp,48,64,16,0.5517241379310345,0.46715328467153283,4,8,0.3,0.7,8,0.174848273396492,0.2218582183122635,0.2218582183122635,0.174848273396492,-0.047009944915771484,-0.047009944915771484,0.5210484862327576,-0.01958276890218258,0.31362223625183105
2026_08_18_00_45_28_073578_L1_right_C0,L1,C0,0.0,0.0,red,right,left,right,pick up the red block,3,pregrasp,48,64,16,0.5517241379310345,0.46715328467153283,5,8,0.3,0.7,8,0.24223221838474274,0.2713751792907715,0.2713751792907715,0.24223221838474274,-0.029142960906028748,-0.029142960906028748,0.5210484862327576,-0.01958276890218258,0.31362223625183105
2026_08_18_00_45_28_073578_L1_right_C0,L1,C0,0.0,0.0,red,right,left,right,pick up the red block,3,pregrasp,48,64,16,0.5517241379310345,0.46715328467153283,6,8,0.3,0.7,8,0.171067476272583,0.21322886645793915,0.21322886645793915,0.171067476272583,-0.04216139018535614,-0.04216139018535614,0.5210484862327576,-0.01958276890218258,0.31362223625183105
2026_08_18_00_45_28_073578_L1_right_C0,L1,C0,0.0,0.0,red,right,left,right,pick up the red block,3,pregrasp,48,64,16,0.5517241379310345,0.46715328467153283,7,8,0.3,0.7,8,0.219504714012146,0.2587621510028839,0.2587621510028839,0.219504714012146,-0.039257436990737915,-0.039257436990737915,0.5210484862327576,-0.01958276890218258,0.31362223625183105
2026_08_18_00_45_28_073578_L1_right_C0,L1,C0,0.0,0.0,red,right,left,right,pick up the red block,3,pregrasp,48,64,16,0.5517241379310345,0.46715328467153283,8,8,0.3,0.7,8,0.2120554894208908,0.24305394291877747,0.24305394291877747,0.2120554894208908,-0.030998453497886658,-0.030998453497886658,0.5210484862327576,-0.01958276890218258,0.31362223625183105
2026_08_18_00_45_28_073578_L1_right_C0,L1,C0,0.0,0.0,red,right,left,right,pick up the red block,3,pregrasp,48,64,16,0.5517241379310345,0.46715328467153283,9,8,0.3,0.7,8,0.21365825831890106,0.23807787895202637,0.23807787895202637,0.21365825831890106,-0.024419620633125305,-0.024419620633125305,0.5210484862327576,-0.01958276890218258,0.31362223625183105
2026_08_18_00_45_28_073578_L1_right_C0,L1,C0,0.0,0.0,red,right,left,right,pick up the red block,4,pregrasp,64,80,16,0.6896551724137931,0.583941605839416,0,8,0.3,0.7,8,0.18895874917507172,0.19696606695652008,0.19696606695652008,0.18895874917507172,-0.008007317781448364,-0.008007317781448364,0.569607675075531,-0.027412086725234985,0.2638426423072815
2026_08_18_00_45_28_073578_L1_right_C0,L1,C0,0.0,0.0,red,right,left,right,pick up the red block,4,pregrasp,64,80,16,0.6896551724137931,0.583941605839416,1,8,0.3,0.7,8,0.22884325683116913,0.24207040667533875,0.24207040667533875,0.22884325683116913,-0.013227149844169617,-0.013227149844169617,0.569607675075531,-0.027412086725234985,0.2638426423072815
2026_08_18_00_45_28_073578_L1_right_C0,L1,C0,0.0,0.0,red,right,left,right,pick up the red block,4,pregrasp,64,80,16,0.6896551724137931,0.583941605839416,2,8,0.3,0.7,8,0.3297555148601532,0.34513458609580994,0.34513458609580994,0.3297555148601532,-0.015379071235656738,-0.015379071235656738,0.569607675075531,-0.027412086725234985,0.2638426423072815
2026_08_18_00_45_28_073578_L1_right_C0,L1,C0,0.0,0.0,red,right,left,right,pick up the red block,4,pregrasp,64,80,16,0.6896551724137931,0.583941605839416,3,8,0.3,0.7,8,0.30672597885131836,0.32638901472091675,0.32638901472091675,0.30672597885131836,-0.01966303586959839,-0.01966303586959839,0.569607675075531,-0.027412086725234985,0.2638426423072815
2026_08_18_00_45_28_073578_L1_right_C0,L1,C0,0.0,0.0,red,right,left,right,pick up the red block,4,pregrasp,64,80,16,0.6896551724137931,0.583941605839416,4,8,0.3,0.7,8,0.1203557476401329,0.11920773983001709,0.11920773983001709,0.1203557476401329,0.0011480078101158142,0.0011480078101158142,0.569607675075531,-0.027412086725234985,0.2638426423072815
2026_08_18_00_45_28_073578_L1_right_C0,L1,C0,0.0,0.0,red,right,left,right,pick up the red block,4,pregrasp,64,80,16,0.6896551724137931,0.583941605839416,5,8,0.3,0.7,8,0.19449938833713531,0.19585412740707397,0.19585412740707397,0.19449938833713531,-0.0013547390699386597,-0.0013547390699386597,0.569607675075531,-0.027412086725234985,0.2638426423072815
2026_08_18_00_45_28_073578_L1_right_C0,L1,C0,0.0,0.0,red,right,left,right,pick up the red block,4,pregrasp,64,80,16,0.6896551724137931,0.583941605839416,6,8,0.3,0.7,8,0.24700739979743958,0.26557457447052,0.26557457447052,0.24700739979743958,-0.018567174673080444,-0.018567174673080444,0.569607675075531,-0.027412086725234985,0.2638426423072815
2026_08_18_00_45_28_073578_L1_right_C0,L1,C0,0.0,0.0,red,right,left,right,pick up the red block,4,pregrasp,64,80,16,0.6896551724137931,0.583941605839416,7,8,0.3,0.7,8,0.20154313743114471,0.20267631113529205,0.20267631113529205,0.20154313743114471,-0.0011331737041473389,-0.0011331737041473389,0.569607675075531,-0.027412086725234985,0.2638426423072815
2026_08_18_00_45_28_073578_L1_right_C0,L1,C0,0.0,0.0,red,right,left,right,pick up the red block,4,pregrasp,64,80,16,0.6896551724137931,0.583941605839416,8,8,0.3,0.7,8,0.1694345325231552,0.16433873772621155,0.16433873772621155,0.1694345325231552,0.0050957947969436646,0.0050957947969436646,0.569607675075531,-0.027412086725234985,0.2638426423072815
2026_08_18_00_45_28_073578_L1_right_C0,L1,C0,0.0,0.0,red,right,left,right,pick up the red block,4,pregrasp,64,80,16,0.6896551724137931,0.583941605839416,9,8,0.3,0.7,8,0.23747213184833527,0.2547735571861267,0.2547735571861267,0.23747213184833527,-0.017301425337791443,-0.017301425337791443,0.569607675075531,-0.027412086725234985,0.2638426423072815
2026_08_18_00_45_28_073578_L1_right_C0,L1,C0,0.0,0.0,red,right,left,right,pick up the red block,5,pregrasp,80,96,16,0.8275862068965517,0.7007299270072993,0,8,0.3,0.7,8,0.3526035249233246,0.30751293897628784,0.30751293897628784,0.3526035249233246,0.04509058594703674,0.04509058594703674,0.6180645823478699,-0.036204639822244644,0.21442626416683197
2026_08_18_00_45_28_073578_L1_right_C0,L1,C0,0.0,0.0,red,right,left,right,pick up the red block,5,pregrasp,80,96,16,0.8275862068965517,0.7007299270072993,1,8,0.3,0.7,8,0.28053516149520874,0.25141146779060364,0.25141146779060364,0.28053516149520874,0.029123693704605103,0.029123693704605103,0.6180645823478699,-0.036204639822244644,0.21442626416683197
2026_08_18_00_45_28_073578_L1_right_C0,L1,C0,0.0,0.0,red,right,left,right,pick up the red block,5,pregrasp,80,96,16,0.8275862068965517,0.7007299270072993,2,8,0.3,0.7,8,0.29457956552505493,0.26614901423454285,0.26614901423454285,0.29457956552505493,0.028430551290512085,0.028430551290512085,0.6180645823478699,-0.036204639822244644,0.21442626416683197
2026_08_18_00_45_28_073578_L1_right_C0,L1,C0,0.0,0.0,red,right,left,right,pick up the red block,5,pregrasp,80,96,16,0.8275862068965517,0.7007299270072993,3,8,0.3,0.7,8,0.3944949507713318,0.34858787059783936,0.34858787059783936,0.3944949507713318,0.04590708017349243,0.04590708017349243,0.6180645823478699,-0.036204639822244644,0.21442626416683197
2026_08_18_00_45_28_073578_L1_right_C0,L1,C0,0.0,0.0,red,right,left,right,pick up the red block,5,pregrasp,80,96,16,0.8275862068965517,0.7007299270072993,4,8,0.3,0.7,8,0.2650911211967468,0.22659432888031006,0.22659432888031006,0.2650911211967468,0.03849679231643677,0.03849679231643677,0.6180645823478699,-0.036204639822244644,0.21442626416683197
2026_08_18_00_45_28_073578_L1_right_C0,L1,C0,0.0,0.0,red,right,left,right,pick up the red block,5,pregrasp,80,96,16,0.8275862068965517,0.7007299270072993,5,8,0.3,0.7,8,0.2814474105834961,0.25483641028404236,0.25483641028404236,0.2814474105834961,0.026611000299453735,0.026611000299453735,0.6180645823478699,-0.036204639822244644,0.21442626416683197
2026_08_18_00_45_28_073578_L1_right_C0,L1,C0,0.0,0.0,red,right,left,right,pick up the red block,5,pregrasp,80,96,16,0.8275862068965517,0.7007299270072993,6,8,0.3,0.7,8,0.25057682394981384,0.21966229379177094,0.21966229379177094,0.25057682394981384,0.030914530158042908,0.030914530158042908,0.6180645823478699,-0.036204639822244644,0.21442626416683197
2026_08_18_00_45_28_073578_L1_right_C0,L1,C0,0.0,0.0,red,right,left,right,pick up the red block,5,pregrasp,80,96,16,0.8275862068965517,0.7007299270072993,7,8,0.3,0.7,8,0.2923581600189209,0.2578624486923218,0.2578624486923218,0.2923581600189209,0.03449571132659912,0.03449571132659912,0.6180645823478699,-0.036204639822244644,0.21442626416683197
2026_08_18_00_45_28_073578_L1_right_C0,L1,C0,0.0,0.0,red,right,left,right,pick up the red block,5,pregrasp,80,96,16,0.8275862068965517,0.7007299270072993,8,8,0.3,0.7,8,0.3281570076942444,0.2935689389705658,0.2935689389705658,0.3281570076942444,0.03458806872367859,0.03458806872367859,0.6180645823478699,-0.036204639822244644,0.21442626416683197
2026_08_18_00_45_28_073578_L1_right_C0,L1,C0,0.0,0.0,red,right,left,right,pick up the red block,5,pregrasp,80,96,16,0.8275862068965517,0.7007299270072993,9,8,0.3,0.7,8,0.28143128752708435,0.2427559792995453,0.2427559792995453,0.28143128752708435,0.03867530822753906,0.03867530822753906,0.6180645823478699,-0.036204639822244644,0.21442626416683197
2026_08_18_00_45_28_073578_L1_right_C0,L1,C0,0.0,0.0,red,right,left,right,pick up the red block,6,pregrasp,96,112,16,0.9655172413793104,0.8175182481751825,0,8,0.3,0.7,8,0.2341715395450592,0.21202342212200165,0.21202342212200165,0.2341715395450592,0.022148117423057556,0.022148117423057556,0.6416376829147339,-0.03995240107178688,0.18963845074176788
2026_08_18_00_45_28_073578_L1_right_C0,L1,C0,0.0,0.0,red,right,left,right,pick up the red block,6,pregrasp,96,112,16,0.9655172413793104,0.8175182481751825,1,8,0.3,0.7,8,0.2359122633934021,0.1969185322523117,0.1969185322523117,0.2359122633934021,0.03899373114109039,0.03899373114109039,0.6416376829147339,-0.03995240107178688,0.18963845074176788
2026_08_18_00_45_28_073578_L1_right_C0,L1,C0,0.0,0.0,red,right,left,right,pick up the red block,6,pregrasp,96,112,16,0.9655172413793104,0.8175182481751825,2,8,0.3,0.7,8,0.2472590059041977,0.18950040638446808,0.18950040638446808,0.2472590059041977,0.057758599519729614,0.057758599519729614,0.6416376829147339,-0.03995240107178688,0.18963845074176788
2026_08_18_00_45_28_073578_L1_right_C0,L1,C0,0.0,0.0,red,right,left,right,pick up the red block,6,pregrasp,96,112,16,0.9655172413793104,0.8175182481751825,3,8,0.3,0.7,8,0.2051715850830078,0.15026021003723145,0.15026021003723145,0.2051715850830078,0.05491137504577637,0.05491137504577637,0.6416376829147339,-0.03995240107178688,0.18963845074176788
2026_08_18_00_45_28_073578_L1_right_C0,L1,C0,0.0,0.0,red,right,left,right,pick up the red block,6,pregrasp,96,112,16,0.9655172413793104,0.8175182481751825,4,8,0.3,0.7,8,0.15173716843128204,0.10037121921777725,0.10037121921777725,0.15173716843128204,0.05136594921350479,0.05136594921350479,0.6416376829147339,-0.03995240107178688,0.18963845074176788
2026_08_18_00_45_28_073578_L1_right_C0,L1,C0,0.0,0.0,red,right,left,right,pick up the red block,6,pregrasp,96,112,16,0.9655172413793104,0.8175182481751825,5,8,0.3,0.7,8,0.22248852252960205,0.19202139973640442,0.19202139973640442,0.22248852252960205,0.030467122793197632,0.030467122793197632,0.6416376829147339,-0.03995240107178688,0.18963845074176788
2026_08_18_00_45_28_073578_L1_right_C0,L1,C0,0.0,0.0,red,right,left,right,pick up the red block,6,pregrasp,96,112,16,0.9655172413793104,0.8175182481751825,6,8,0.3,0.7,8,0.25259506702423096,0.2252212017774582,0.2252212017774582,0.25259506702423096,0.027373865246772766,0.027373865246772766,0.6416376829147339,-0.03995240107178688,0.18963845074176788
2026_08_18_00_45_28_073578_L1_right_C0,L1,C0,0.0,0.0,red,right,left,right,pick up the red block,6,pregrasp,96,112,16,0.9655172413793104,0.8175182481751825,7,8,0.3,0.7,8,0.2213432341814041,0.1707107126712799,0.1707107126712799,0.2213432341814041,0.05063252151012421,0.05063252151012421,0.6416376829147339,-0.03995240107178688,0.18963845074176788
2026_08_18_00_45_28_073578_L1_right_C0,L1,C0,0.0,0.0,red,right,left,right,pick up the red block,6,pregrasp,96,112,16,0.9655172413793104,0.8175182481751825,8,8,0.3,0.7,8,0.25857630372047424,0.2244749665260315,0.2244749665260315,0.25857630372047424,0.03410133719444275,0.03410133719444275,0.6416376829147339,-0.03995240107178688,0.18963845074176788
2026_08_18_00_45_28_073578_L1_right_C0,L1,C0,0.0,0.0,red,right,left,right,pick up the red block,6,pregrasp,96,112,16,0.9655172413793104,0.8175182481751825,9,8,0.3,0.7,8,0.25446566939353943,0.21157167851924896,0.21157167851924896,0.25446566939353943,0.042893990874290466,0.042893990874290466,0.6416376829147339,-0.03995240107178688,0.18963845074176788
2026_08_18_00_45_28_073578_L1_right_C0,L1,C0,0.0,0.0,red,right,left,right,pick up the red block,7,pregrasp,112,116,4,1.0,0.8467153284671532,0,8,0.3,0.7,8,0.3114294707775116,0.2687584161758423,0.2687584161758423,0.3114294707775116,0.04267105460166931,0.04267105460166931,0.6416584253311157,-0.03996574133634567,0.18965685367584229
2026_08_18_00_45_28_073578_L1_right_C0,L1,C0,0.0,0.0,red,right,left,right,pick up the red block,7,pregrasp,112,116,4,1.0,0.8467153284671532,1,8,0.3,0.7,8,0.29758769273757935,0.240251824259758,0.240251824259758,0.29758769273757935,0.05733586847782135,0.05733586847782135,0.6416584253311157,-0.03996574133634567,0.18965685367584229
2026_08_18_00_45_28_073578_L1_right_C0,L1,C0,0.0,0.0,red,right,left,right,pick up the red block,7,pregrasp,112,116,4,1.0,0.8467153284671532,2,8,0.3,0.7,8,0.28433293104171753,0.20974956452846527,0.20974956452846527,0.28433293104171753,0.07458336651325226,0.07458336651325226,0.6416584253311157,-0.03996574133634567,0.18965685367584229
2026_08_18_00_45_28_073578_L1_right_C0,L1,C0,0.0,0.0,red,right,left,right,pick up the red block,7,pregrasp,112,116,4,1.0,0.8467153284671532,3,8,0.3,0.7,8,0.24892915785312653,0.21676281094551086,0.21676281094551086,0.24892915785312653,0.03216634690761566,0.03216634690761566,0.6416584253311157,-0.03996574133634567,0.18965685367584229
2026_08_18_00_45_28_073578_L1_right_C0,L1,C0,0.0,0.0,red,right,left,right,pick up the red block,7,pregrasp,112,116,4,1.0,0.8467153284671532,4,8,0.3,0.7,8,0.26888561248779297,0.23606222867965698,0.23606222867965698,0.26888561248779297,0.032823383808135986,0.032823383808135986,0.6416584253311157,-0.03996574133634567,0.18965685367584229
2026_08_18_00_45_28_073578_L1_right_C0,L1,C0,0.0,0.0,red,right,left,right,pick up the red block,7,pregrasp,112,116,4,1.0,0.8467153284671532,5,8,0.3,0.7,8,0.24550899863243103,0.1855350285768509,0.1855350285768509,0.24550899863243103,0.05997397005558014,0.05997397005558014,0.6416584253311157,-0.03996574133634567,0.18965685367584229
2026_08_18_00_45_28_073578_L1_right_C0,L1,C0,0.0,0.0,red,right,left,right,pick up the red block,7,pregrasp,112,116,4,1.0,0.8467153284671532,6,8,0.3,0.7,8,0.22920003533363342,0.17102864384651184,0.17102864384651184,0.22920003533363342,0.05817139148712158,0.05817139148712158,0.6416584253311157,-0.03996574133634567,0.18965685367584229
2026_08_18_00_45_28_073578_L1_right_C0,L1,C0,0.0,0.0,red,right,left,right,pick up the red block,7,pregrasp,112,116,4,1.0,0.8467153284671532,7,8,0.3,0.7,8,0.1826203316450119,0.1417957842350006,0.1417957842350006,0.1826203316450119,0.04082454741001129,0.04082454741001129,0.6416584253311157,-0.03996574133634567,0.18965685367584229
2026_08_18_00_45_28_073578_L1_right_C0,L1,C0,0.0,0.0,red,right,left,right,pick up the red block,7,pregrasp,112,116,4,1.0,0.8467153284671532,8,8,0.3,0.7,8,0.20413248240947723,0.14224033057689667,0.14224033057689667,0.20413248240947723,0.061892151832580566,0.061892151832580566,0.6416584253311157,-0.03996574133634567,0.18965685367584229
2026_08_18_00_45_28_073578_L1_right_C0,L1,C0,0.0,0.0,red,right,left,right,pick up the red block,7,pregrasp,112,116,4,1.0,0.8467153284671532,9,8,0.3,0.7,8,0.20067864656448364,0.14054346084594727,0.14054346084594727,0.20067864656448364,0.06013518571853638,0.06013518571853638,0.6416584253311157,-0.03996574133634567,0.18965685367584229
2026_08_18_00_45_28_073578_L1_right_C0,L1,C0,0.0,0.0,red,right,left,right,pick up the red block,8,postgrasp,116,132,16,1.0,0.9635036496350365,0,8,0.3,0.7,8,0.28959861397743225,0.3068920373916626,0.3068920373916626,0.28959861397743225,-0.017293423414230347,-0.017293423414230347,0.6421687006950378,-0.039915841072797775,0.1901026964187622
2026_08_18_00_45_28_073578_L1_right_C0,L1,C0,0.0,0.0,red,right,left,right,pick up the red block,8,postgrasp,116,132,16,1.0,0.9635036496350365,1,8,0.3,0.7,8,0.36376145482063293,0.4083747863769531,0.4083747863769531,0.36376145482063293,-0.04461333155632019,-0.04461333155632019,0.6421687006950378,-0.039915841072797775,0.1901026964187622
2026_08_18_00_45_28_073578_L1_right_C0,L1,C0,0.0,0.0,red,right,left,right,pick up the red block,8,postgrasp,116,132,16,1.0,0.9635036496350365,2,8,0.3,0.7,8,0.2835894525051117,0.32331591844558716,0.32331591844558716,0.2835894525051117,-0.039726465940475464,-0.039726465940475464,0.6421687006950378,-0.039915841072797775,0.1901026964187622
2026_08_18_00_45_28_073578_L1_right_C0,L1,C0,0.0,0.0,red,right,left,right,pick up the red block,8,postgrasp,116,132,16,1.0,0.9635036496350365,3,8,0.3,0.7,8,0.2863752841949463,0.32262250781059265,0.32262250781059265,0.2863752841949463,-0.03624722361564636,-0.03624722361564636,0.6421687006950378,-0.039915841072797775,0.1901026964187622
2026_08_18_00_45_28_073578_L1_right_C0,L1,C0,0.0,0.0,red,right,left,right,pick up the red block,8,postgrasp,116,132,16,1.0,0.9635036496350365,4,8,0.3,0.7,8,0.27909258008003235,0.28673428297042847,0.28673428297042847,0.27909258008003235,-0.007641702890396118,-0.007641702890396118,0.6421687006950378,-0.039915841072797775,0.1901026964187622
2026_08_18_00_45_28_073578_L1_right_C0,L1,C0,0.0,0.0,red,right,left,right,pick up the red block,8,postgrasp,116,132,16,1.0,0.9635036496350365,5,8,0.3,0.7,8,0.27776873111724854,0.3443123400211334,0.3443123400211334,0.27776873111724854,-0.06654360890388489,-0.06654360890388489,0.6421687006950378,-0.039915841072797775,0.1901026964187622
2026_08_18_00_45_28_073578_L1_right_C0,L1,C0,0.0,0.0,red,right,left,right,pick up the red block,8,postgrasp,116,132,16,1.0,0.9635036496350365,6,8,0.3,0.7,8,0.30295100808143616,0.36439943313598633,0.36439943313598633,0.30295100808143616,-0.06144842505455017,-0.06144842505455017,0.6421687006950378,-0.039915841072797775,0.1901026964187622
2026_08_18_00_45_28_073578_L1_right_C0,L1,C0,0.0,0.0,red,right,left,right,pick up the red block,8,postgrasp,116,132,16,1.0,0.9635036496350365,7,8,0.3,0.7,8,0.25275710225105286,0.2733215093612671,0.2733215093612671,0.25275710225105286,-0.020564407110214233,-0.020564407110214233,0.6421687006950378,-0.039915841072797775,0.1901026964187622
2026_08_18_00_45_28_073578_L1_right_C0,L1,C0,0.0,0.0,red,right,left,right,pick up the red block,8,postgrasp,116,132,16,1.0,0.9635036496350365,8,8,0.3,0.7,8,0.2597624957561493,0.2730029821395874,0.2730029821395874,0.2597624957561493,-0.01324048638343811,-0.01324048638343811,0.6421687006950378,-0.039915841072797775,0.1901026964187622
2026_08_18_00_45_28_073578_L1_right_C0,L1,C0,0.0,0.0,red,right,left,right,pick up the red block,8,postgrasp,116,132,16,1.0,0.9635036496350365,9,8,0.3,0.7,8,0.32560864090919495,0.3721383512020111,0.3721383512020111,0.32560864090919495,-0.04652971029281616,-0.04652971029281616,0.6421687006950378,-0.039915841072797775,0.1901026964187622
2026_08_18_00_45_28_073578_L1_right_C0,L1,C0,0.0,0.0,red,right,left,right,pick up the red block,9,postgrasp,132,137,5,1.0,1.0,0,8,0.3,0.7,8,0.4111337661743164,0.3781532645225525,0.3781532645225525,0.4111337661743164,0.032980501651763916,0.032980501651763916,0.6421684622764587,-0.03992612287402153,0.1901024580001831
2026_08_18_00_45_28_073578_L1_right_C0,L1,C0,0.0,0.0,red,right,left,right,pick up the red block,9,postgrasp,132,137,5,1.0,1.0,1,8,0.3,0.7,8,0.28148654103279114,0.23289181292057037,0.23289181292057037,0.28148654103279114,0.048594728112220764,0.048594728112220764,0.6421684622764587,-0.03992612287402153,0.1901024580001831
2026_08_18_00_45_28_073578_L1_right_C0,L1,C0,0.0,0.0,red,right,left,right,pick up the red block,9,postgrasp,132,137,5,1.0,1.0,2,8,0.3,0.7,8,0.30077654123306274,0.27544960379600525,0.27544960379600525,0.30077654123306274,0.025326937437057495,0.025326937437057495,0.6421684622764587,-0.03992612287402153,0.1901024580001831
2026_08_18_00_45_28_073578_L1_right_C0,L1,C0,0.0,0.0,red,right,left,right,pick up the red block,9,postgrasp,132,137,5,1.0,1.0,3,8,0.3,0.7,8,0.2898141145706177,0.26776212453842163,0.26776212453842163,0.2898141145706177,0.022051990032196045,0.022051990032196045,0.6421684622764587,-0.03992612287402153,0.1901024580001831
2026_08_18_00_45_28_073578_L1_right_C0,L1,C0,0.0,0.0,red,right,left,right,pick up the red block,9,postgrasp,132,137,5,1.0,1.0,4,8,0.3,0.7,8,0.2814394533634186,0.24600613117218018,0.24600613117218018,0.2814394533634186,0.0354333221912384,0.0354333221912384,0.6421684622764587,-0.03992612287402153,0.1901024580001831
2026_08_18_00_45_28_073578_L1_right_C0,L1,C0,0.0,0.0,red,right,left,right,pick up the red block,9,postgrasp,132,137,5,1.0,1.0,5,8,0.3,0.7,8,0.3216356337070465,0.31192219257354736,0.31192219257354736,0.3216356337070465,0.009713441133499146,0.009713441133499146,0.6421684622764587,-0.03992612287402153,0.1901024580001831
2026_08_18_00_45_28_073578_L1_right_C0,L1,C0,0.0,0.0,red,right,left,right,pick up the red block,9,postgrasp,132,137,5,1.0,1.0,6,8,0.3,0.7,8,0.2669987678527832,0.2476097196340561,0.2476097196340561,0.2669987678527832,0.019389048218727112,0.019389048218727112,0.6421684622764587,-0.03992612287402153,0.1901024580001831
2026_08_18_00_45_28_073578_L1_right_C0,L1,C0,0.0,0.0,red,right,left,right,pick up the red block,9,postgrasp,132,137,5,1.0,1.0,7,8,0.3,0.7,8,0.2486969232559204,0.26115891337394714,0.26115891337394714,0.2486969232559204,-0.012461990118026733,-0.012461990118026733,0.6421684622764587,-0.03992612287402153,0.1901024580001831
2026_08_18_00_45_28_073578_L1_right_C0,L1,C0,0.0,0.0,red,right,left,right,pick up the red block,9,postgrasp,132,137,5,1.0,1.0,8,8,0.3,0.7,8,0.2786734998226166,0.271759569644928,0.271759569644928,0.2786734998226166,0.006913930177688599,0.006913930177688599,0.6421684622764587,-0.03992612287402153,0.1901024580001831
2026_08_18_00_45_28_073578_L1_right_C0,L1,C0,0.0,0.0,red,right,left,right,pick up the red block,9,postgrasp,132,137,5,1.0,1.0,9,8,0.3,0.7,8,0.30477821826934814,0.30018049478530884,0.30018049478530884,0.30477821826934814,0.004597723484039307,0.004597723484039307,0.6421684622764587,-0.03992612287402153,0.1901024580001831
2026_08_18_00_45_56_961481_L1_right_C1,L1,C1,2.0,0.1694548757406934,red,right,left,right,pick up the red block,0,pregrasp,0,16,16,0.125,0.10738255033557047,0,8,0.3,0.7,8,0.43768924474716187,0.42641907930374146,0.42641907930374146,0.43768924474716187,0.01127016544342041,0.01127016544342041,0.37176749110221863,-0.025389662012457848,0.4780493378639221
2026_08_18_00_45_56_961481_L1_right_C1,L1,C1,2.0,0.1694548757406934,red,right,left,right,pick up the red block,0,pregrasp,0,16,16,0.125,0.10738255033557047,1,8,0.3,0.7,8,0.40078005194664,0.3855067789554596,0.3855067789554596,0.40078005194664,0.01527327299118042,0.01527327299118042,0.37176749110221863,-0.025389662012457848,0.4780493378639221
2026_08_18_00_45_56_961481_L1_right_C1,L1,C1,2.0,0.1694548757406934,red,right,left,right,pick up the red block,0,pregrasp,0,16,16,0.125,0.10738255033557047,2,8,0.3,0.7,8,0.2951233386993408,0.2712711691856384,0.2712711691856384,0.2951233386993408,0.023852169513702393,0.023852169513702393,0.37176749110221863,-0.025389662012457848,0.4780493378639221
2026_08_18_00_45_56_961481_L1_right_C1,L1,C1,2.0,0.1694548757406934,red,right,left,right,pick up the red block,0,pregrasp,0,16,16,0.125,0.10738255033557047,3,8,0.3,0.7,8,0.466802716255188,0.435292512178421,0.435292512178421,0.466802716255188,0.03151020407676697,0.03151020407676697,0.37176749110221863,-0.025389662012457848,0.4780493378639221
2026_08_18_00_45_56_961481_L1_right_C1,L1,C1,2.0,0.1694548757406934,red,right,left,right,pick up the red block,0,pregrasp,0,16,16,0.125,0.10738255033557047,4,8,0.3,0.7,8,0.3118487298488617,0.3294292688369751,0.3294292688369751,0.3118487298488617,-0.017580538988113403,-0.017580538988113403,0.37176749110221863,-0.025389662012457848,0.4780493378639221
2026_08_18_00_45_56_961481_L1_right_C1,L1,C1,2.0,0.1694548757406934,red,right,left,right,pick up the red block,0,pregrasp,0,16,16,0.125,0.10738255033557047,5,8,0.3,0.7,8,0.4216529130935669,0.37259048223495483,0.37259048223495483,0.4216529130935669,0.04906243085861206,0.04906243085861206,0.37176749110221863,-0.025389662012457848,0.4780493378639221
2026_08_18_00_45_56_961481_L1_right_C1,L1,C1,2.0,0.1694548757406934,red,right,left,right,pick up the red block,0,pregrasp,0,16,16,0.125,0.10738255033557047,6,8,0.3,0.7,8,0.35662102699279785,0.31010258197784424,0.31010258197784424,0.35662102699279785,0.04651844501495361,0.04651844501495361,0.37176749110221863,-0.025389662012457848,0.4780493378639221
2026_08_18_00_45_56_961481_L1_right_C1,L1,C1,2.0,0.1694548757406934,red,right,left,right,pick up the red block,0,pregrasp,0,16,16,0.125,0.10738255033557047,7,8,0.3,0.7,8,0.36177992820739746,0.32826805114746094,0.32826805114746094,0.36177992820739746,0.03351187705993652,0.03351187705993652,0.37176749110221863,-0.025389662012457848,0.4780493378639221
2026_08_18_00_45_56_961481_L1_right_C1,L1,C1,2.0,0.1694548757406934,red,right,left,right,pick up the red block,0,pregrasp,0,16,16,0.125,0.10738255033557047,8,8,0.3,0.7,8,0.29414448142051697,0.30871742963790894,0.30871742963790894,0.29414448142051697,-0.014572948217391968,-0.014572948217391968,0.37176749110221863,-0.025389662012457848,0.4780493378639221
2026_08_18_00_45_56_961481_L1_right_C1,L1,C1,2.0,0.1694548757406934,red,right,left,right,pick up the red block,0,pregrasp,0,16,16,0.125,0.10738255033557047,9,8,0.3,0.7,8,0.29701462388038635,0.27776747941970825,0.27776747941970825,0.29701462388038635,0.0192471444606781,0.0192471444606781,0.37176749110221863,-0.025389662012457848,0.4780493378639221
2026_08_18_00_45_56_961481_L1_right_C1,L1,C1,2.0,0.1694548757406934,red,right,left,right,pick up the red block,1,pregrasp,16,32,16,0.25,0.21476510067114093,0,8,0.3,0.7,8,0.321184366941452,0.300210177898407,0.300210177898407,0.321184366941452,0.020974189043045044,0.020974189043045044,0.4009931981563568,-0.0735330581665039,0.4381452202796936
2026_08_18_00_45_56_961481_L1_right_C1,L1,C1,2.0,0.1694548757406934,red,right,left,right,pick up the red block,1,pregrasp,16,32,16,0.25,0.21476510067114093,1,8,0.3,0.7,8,0.36272841691970825,0.3317647874355316,0.3317647874355316,0.36272841691970825,0.030963629484176636,0.030963629484176636,0.4009931981563568,-0.0735330581665039,0.4381452202796936
2026_08_18_00_45_56_961481_L1_right_C1,L1,C1,2.0,0.1694548757406934,red,right,left,right,pick up the red block,1,pregrasp,16,32,16,0.25,0.21476510067114093,2,8,0.3,0.7,8,0.3972019553184509,0.3653515875339508,0.3653515875339508,0.3972019553184509,0.03185036778450012,0.03185036778450012,0.4009931981563568,-0.0735330581665039,0.4381452202796936
2026_08_18_00_45_56_961481_L1_right_C1,L1,C1,2.0,0.1694548757406934,red,right,left,right,pick up the red block,1,pregrasp,16,32,16,0.25,0.21476510067114093,3,8,0.3,0.7,8,0.2607078552246094,0.21124686300754547,0.21124686300754547,0.2607078552246094,0.049460992217063904,0.049460992217063904,0.4009931981563568,-0.0735330581665039,0.4381452202796936
2026_08_18_00_45_56_961481_L1_right_C1,L1,C1,2.0,0.1694548757406934,red,right,left,right,pick up the red block,1,pregrasp,16,32,16,0.25,0.21476510067114093,4,8,0.3,0.7,8,0.41258126497268677,0.37713468074798584,0.37713468074798584,0.41258126497268677,0.03544658422470093,0.03544658422470093,0.4009931981563568,-0.0735330581665039,0.4381452202796936
2026_08_18_00_45_56_961481_L1_right_C1,L1,C1,2.0,0.1694548757406934,red,right,left,right,pick up the red block,1,pregrasp,16,32,16,0.25,0.21476510067114093,5,8,0.3,0.7,8,0.3621983528137207,0.35362693667411804,0.35362693667411804,0.3621983528137207,0.008571416139602661,0.008571416139602661,0.4009931981563568,-0.0735330581665039,0.4381452202796936
2026_08_18_00_45_56_961481_L1_right_C1,L1,C1,2.0,0.1694548757406934,red,right,left,right,pick up the red block,1,pregrasp,16,32,16,0.25,0.21476510067114093,6,8,0.3,0.7,8,0.33328258991241455,0.324175626039505,0.324175626039505,0.33328258991241455,0.009106963872909546,0.009106963872909546,0.4009931981563568,-0.0735330581665039,0.4381452202796936
2026_08_18_00_45_56_961481_L1_right_C1,L1,C1,2.0,0.1694548757406934,red,right,left,right,pick up the red block,1,pregrasp,16,32,16,0.25,0.21476510067114093,7,8,0.3,0.7,8,0.2918824851512909,0.27033960819244385,0.27033960819244385,0.2918824851512909,0.021542876958847046,0.021542876958847046,0.4009931981563568,-0.0735330581665039,0.4381452202796936
2026_08_18_00_45_56_961481_L1_right_C1,L1,C1,2.0,0.1694548757406934,red,right,left,right,pick up the red block,1,pregrasp,16,32,16,0.25,0.21476510067114093,8,8,0.3,0.7,8,0.3092692494392395,0.26444211602211,0.26444211602211,0.3092692494392395,0.04482713341712952,0.04482713341712952,0.4009931981563568,-0.0735330581665039,0.4381452202796936
2026_08_18_00_45_56_961481_L1_right_C1,L1,C1,2.0,0.1694548757406934,red,right,left,right,pick up the red block,1,pregrasp,16,32,16,0.25,0.21476510067114093,9,8,0.3,0.7,8,0.2077542394399643,0.20946985483169556,0.20946985483169556,0.2077542394399643,-0.0017156153917312622,-0.0017156153917312622,0.4009931981563568,-0.0735330581665039,0.4381452202796936
2026_08_18_00_45_56_961481_L1_right_C1,L1,C1,2.0,0.1694548757406934,red,right,left,right,pick up the red block,2,pregrasp,32,48,16,0.375,0.3221476510067114,0,8,0.3,0.7,8,0.2597571313381195,0.2713257968425751,0.2713257968425751,0.2597571313381195,-0.011568665504455566,-0.011568665504455566,0.44442063570022583,-0.10294272005558014,0.3929865062236786
2026_08_18_00_45_56_961481_L1_right_C1,L1,C1,2.0,0.1694548757406934,red,right,left,right,pick up the red block,2,pregrasp,32,48,16,0.375,0.3221476510067114,1,8,0.3,0.7,8,0.34735241532325745,0.34323492646217346,0.34323492646217346,0.34735241532325745,0.004117488861083984,0.004117488861083984,0.44442063570022583,-0.10294272005558014,0.3929865062236786
2026_08_18_00_45_56_961481_L1_right_C1,L1,C1,2.0,0.1694548757406934,red,right,left,right,pick up the red block,2,pregrasp,32,48,16,0.375,0.3221476510067114,2,8,0.3,0.7,8,0.2026272416114807,0.2437284290790558,0.2437284290790558,0.2026272416114807,-0.04110118746757507,-0.04110118746757507,0.44442063570022583,-0.10294272005558014,0.3929865062236786
2026_08_18_00_45_56_961481_L1_right_C1,L1,C1,2.0,0.1694548757406934,red,right,left,right,pick up the red block,2,pregrasp,32,48,16,0.375,0.3221476510067114,3,8,0.3,0.7,8,0.1531192660331726,0.16252049803733826,0.16252049803733826,0.1531192660331726,-0.00940123200416565,-0.00940123200416565,0.44442063570022583,-0.10294272005558014,0.3929865062236786
2026_08_18_00_45_56_961481_L1_right_C1,L1,C1,2.0,0.1694548757406934,red,right,left,right,pick up the red block,2,pregrasp,32,48,16,0.375,0.3221476510067114,4,8,0.3,0.7,8,0.1780594438314438,0.18221750855445862,0.18221750855445862,0.1780594438314438,-0.0041580647230148315,-0.0041580647230148315,0.44442063570022583,-0.10294272005558014,0.3929865062236786
2026_08_18_00_45_56_961481_L1_right_C1,L1,C1,2.0,0.1694548757406934,red,right,left,right,pick up the red block,2,pregrasp,32,48,16,0.375,0.3221476510067114,5,8,0.3,0.7,8,0.38275155425071716,0.4204727113246918,0.4204727113246918,0.38275155425071716,-0.03772115707397461,-0.03772115707397461,0.44442063570022583,-0.10294272005558014,0.3929865062236786
2026_08_18_00_45_56_961481_L1_right_C1,L1,C1,2.0,0.1694548757406934,red,right,left,right,pick up the red block,2,pregrasp,32,48,16,0.375,0.3221476510067114,6,8,0.3,0.7,8,0.2360413372516632,0.2550315856933594,0.2550315856933594,0.2360413372516632,-0.018990248441696167,-0.018990248441696167,0.44442063570022583,-0.10294272005558014,0.3929865062236786
2026_08_18_00_45_56_961481_L1_right_C1,L1,C1,2.0,0.1694548757406934,red,right,left,right,pick up the red block,2,pregrasp,32,48,16,0.375,0.3221476510067114,7,8,0.3,0.7,8,0.30361372232437134,0.31579482555389404,0.31579482555389404,0.30361372232437134,-0.012181103229522705,-0.012181103229522705,0.44442063570022583,-0.10294272005558014,0.3929865062236786
2026_08_18_00_45_56_961481_L1_right_C1,L1,C1,2.0,0.1694548757406934,red,right,left,right,pick up the red block,2,pregrasp,32,48,16,0.375,0.3221476510067114,8,8,0.3,0.7,8,0.3357556164264679,0.3308149576187134,0.3308149576187134,0.3357556164264679,0.004940658807754517,0.004940658807754517,0.44442063570022583,-0.10294272005558014,0.3929865062236786
2026_08_18_00_45_56_961481_L1_right_C1,L1,C1,2.0,0.1694548757406934,red,right,left,right,pick up the red block,2,pregrasp,32,48,16,0.375,0.3221476510067114,9,8,0.3,0.7,8,0.2786617577075958,0.2782241106033325,0.2782241106033325,0.2786617577075958,0.00043764710426330566,0.00043764710426330566,0.44442063570022583,-0.10294272005558014,0.3929865062236786
2026_08_18_00_45_56_961481_L1_right_C1,L1,C1,2.0,0.1694548757406934,red,right,left,right,pick up the red block,3,pregrasp,48,64,16,0.5,0.42953020134228187,0,8,0.3,0.7,8,0.19235506653785706,0.19738487899303436,0.19738487899303436,0.19235506653785706,-0.005029812455177307,-0.005029812455177307,0.49173206090927124,-0.11223915219306946,0.3433775007724762
2026_08_18_00_45_56_961481_L1_right_C1,L1,C1,2.0,0.1694548757406934,red,right,left,right,pick up the red block,3,pregrasp,48,64,16,0.5,0.42953020134228187,1,8,0.3,0.7,8,0.19710448384284973,0.19464939832687378,0.19464939832687378,0.19710448384284973,0.002455085515975952,0.002455085515975952,0.49173206090927124,-0.11223915219306946,0.3433775007724762
2026_08_18_00_45_56_961481_L1_right_C1,L1,C1,2.0,0.1694548757406934,red,right,left,right,pick up the red block,3,pregrasp,48,64,16,0.5,0.42953020134228187,2,8,0.3,0.7,8,0.2574115991592407,0.25343263149261475,0.25343263149261475,0.2574115991592407,0.0039789676666259766,0.0039789676666259766,0.49173206090927124,-0.11223915219306946,0.3433775007724762
2026_08_18_00_45_56_961481_L1_right_C1,L1,C1,2.0,0.1694548757406934,red,right,left,right,pick up the red block,3,pregrasp,48,64,16,0.5,0.42953020134228187,3,8,0.3,0.7,8,0.237635999917984,0.23117029666900635,0.23117029666900635,0.237635999917984,0.006465703248977661,0.006465703248977661,0.49173206090927124,-0.11223915219306946,0.3433775007724762
2026_08_18_00_45_56_961481_L1_right_C1,L1,C1,2.0,0.1694548757406934,red,right,left,right,pick up the red block,3,pregrasp,48,64,16,0.5,0.42953020134228187,4,8,0.3,0.7,8,0.19101949036121368,0.18957412242889404,0.18957412242889404,0.19101949036121368,0.0014453679323196411,0.0014453679323196411,0.49173206090927124,-0.11223915219306946,0.3433775007724762
2026_08_18_00_45_56_961481_L1_right_C1,L1,C1,2.0,0.1694548757406934,red,right,left,right,pick up the red block,3,pregrasp,48,64,16,0.5,0.42953020134228187,5,8,0.3,0.7,8,0.28076744079589844,0.2734858989715576,0.2734858989715576,0.28076744079589844,0.00728154182434082,0.00728154182434082,0.49173206090927124,-0.11223915219306946,0.3433775007724762
2026_08_18_00_45_56_961481_L1_right_C1,L1,C1,2.0,0.1694548757406934,red,right,left,right,pick up the red block,3,pregrasp,48,64,16,0.5,0.42953020134228187,6,8,0.3,0.7,8,0.221781387925148,0.2231416255235672,0.2231416255235672,0.221781387925148,-0.0013602375984191895,-0.0013602375984191895,0.49173206090927124,-0.11223915219306946,0.3433775007724762
2026_08_18_00_45_56_961481_L1_right_C1,L1,C1,2.0,0.1694548757406934,red,right,left,right,pick up the red block,3,pregrasp,48,64,16,0.5,0.42953020134228187,7,8,0.3,0.7,8,0.1900932937860489,0.19819316267967224,0.19819316267967224,0.1900932937860489,-0.008099868893623352,-0.008099868893623352,0.49173206090927124,-0.11223915219306946,0.3433775007724762
2026_08_18_00_45_56_961481_L1_right_C1,L1,C1,2.0,0.1694548757406934,red,right,left,right,pick up the red block,3,pregrasp,48,64,16,0.5,0.42953020134228187,8,8,0.3,0.7,8,0.18428635597229004,0.1864493489265442,0.1864493489265442,0.18428635597229004,-0.0021629929542541504,-0.0021629929542541504,0.49173206090927124,-0.11223915219306946,0.3433775007724762
2026_08_18_00_45_56_961481_L1_right_C1,L1,C1,2.0,0.1694548757406934,red,right,left,right,pick up the red block,3,pregrasp,48,64,16,0.5,0.42953020134228187,9,8,0.3,0.7,8,0.16136138141155243,0.16838696599006653,0.16838696599006653,0.16136138141155243,-0.007025584578514099,-0.007025584578514099,0.49173206090927124,-0.11223915219306946,0.3433775007724762
2026_08_18_00_45_56_961481_L1_right_C1,L1,C1,2.0,0.1694548757406934,red,right,left,right,pick up the red block,4,pregrasp,64,80,16,0.625,0.5369127516778524,0,8,0.3,0.7,8,0.27204594016075134,0.28409767150878906,0.28409767150878906,0.27204594016075134,-0.01205173134803772,-0.01205173134803772,0.5397832989692688,-0.10080736130475998,0.29439255595207214
2026_08_18_00_45_56_961481_L1_right_C1,L1,C1,2.0,0.1694548757406934,red,right,left,right,pick up the red block,4,pregrasp,64,80,16,0.625,0.5369127516778524,1,8,0.3,0.7,8,0.22773168981075287,0.2299712896347046,0.2299712896347046,0.22773168981075287,-0.002239599823951721,-0.002239599823951721,0.5397832989692688,-0.10080736130475998,0.29439255595207214
2026_08_18_00_45_56_961481_L1_right_C1,L1,C1,2.0,0.1694548757406934,red,right,left,right,pick up the red block,4,pregrasp,64,80,16,0.625,0.5369127516778524,2,8,0.3,0.7,8,0.24654829502105713,0.24243734776973724,0.24243734776973724,0.24654829502105713,0.004110947251319885,0.004110947251319885,0.5397832989692688,-0.10080736130475998,0.29439255595207214
2026_08_18_00_45_56_961481_L1_right_C1,L1,C1,2.0,0.1694548757406934,red,right,left,right,pick up the red block,4,pregrasp,64,80,16,0.625,0.5369127516778524,3,8,0.3,0.7,8,0.30224382877349854,0.31573864817619324,0.31573864817619324,0.30224382877349854,-0.013494819402694702,-0.013494819402694702,0.5397832989692688,-0.10080736130475998,0.29439255595207214
2026_08_18_00_45_56_961481_L1_right_C1,L1,C1,2.0,0.1694548757406934,red,right,left,right,pick up the red block,4,pregrasp,64,80,16,0.625,0.5369127516778524,4,8,0.3,0.7,8,0.20727479457855225,0.21324418485164642,0.21324418485164642,0.20727479457855225,-0.005969390273094177,-0.005969390273094177,0.5397832989692688,-0.10080736130475998,0.29439255595207214
2026_08_18_00_45_56_961481_L1_right_C1,L1,C1,2.0,0.1694548757406934,red,right,left,right,pick up the red block,4,pregrasp,64,80,16,0.625,0.5369127516778524,5,8,0.3,0.7,8,0.37776893377304077,0.37400731444358826,0.37400731444358826,0.37776893377304077,0.0037616193294525146,0.0037616193294525146,0.5397832989692688,-0.10080736130475998,0.29439255595207214
2026_08_18_00_45_56_961481_L1_right_C1,L1,C1,2.0,0.1694548757406934,red,right,left,right,pick up the red block,4,pregrasp,64,80,16,0.625,0.5369127516778524,6,8,0.3,0.7,8,0.332068532705307,0.32302817702293396,0.32302817702293396,0.332068532705307,0.009040355682373047,0.009040355682373047,0.5397832989692688,-0.10080736130475998,0.29439255595207214
2026_08_18_00_45_56_961481_L1_right_C1,L1,C1,2.0,0.1694548757406934,red,right,left,right,pick up the red block,4,pregrasp,64,80,16,0.625,0.5369127516778524,7,8,0.3,0.7,8,0.3385850787162781,0.3349134027957916,0.3349134027957916,0.3385850787162781,0.00367167592048645,0.00367167592048645,0.5397832989692688,-0.10080736130475998,0.29439255595207214
2026_08_18_00_45_56_961481_L1_right_C1,L1,C1,2.0,0.1694548757406934,red,right,left,right,pick up the red block,4,pregrasp,64,80,16,0.625,0.5369127516778524,8,8,0.3,0.7,8,0.25470995903015137,0.2735348343849182,0.2735348343849182,0.25470995903015137,-0.018824875354766846,-0.018824875354766846,0.5397832989692688,-0.10080736130475998,0.29439255595207214
2026_08_18_00_45_56_961481_L1_right_C1,L1,C1,2.0,0.1694548757406934,red,right,left,right,pick up the red block,4,pregrasp,64,80,16,0.625,0.5369127516778524,9,8,0.3,0.7,8,0.2940729260444641,0.30028006434440613,0.30028006434440613,0.2940729260444641,-0.006207138299942017,-0.006207138299942017,0.5397832989692688,-0.10080736130475998,0.29439255595207214
2026_08_18_00_45_56_961481_L1_right_C1,L1,C1,2.0,0.1694548757406934,red,right,left,right,pick up the red block,5,pregrasp,80,96,16,0.75,0.6442953020134228,0,8,0.3,0.7,8,0.3300515413284302,0.25321194529533386,0.25321194529533386,0.3300515413284302,0.07683959603309631,0.07683959603309631,0.5860573053359985,-0.07847654819488525,0.24711860716342926
2026_08_18_00_45_56_961481_L1_right_C1,L1,C1,2.0,0.1694548757406934,red,right,left,right,pick up the red block,5,pregrasp,80,96,16,0.75,0.6442953020134228,1,8,0.3,0.7,8,0.2787788212299347,0.21366295218467712,0.21366295218467712,0.2787788212299347,0.06511586904525757,0.06511586904525757,0.5860573053359985,-0.07847654819488525,0.24711860716342926
2026_08_18_00_45_56_961481_L1_right_C1,L1,C1,2.0,0.1694548757406934,red,right,left,right,pick up the red block,5,pregrasp,80,96,16,0.75,0.6442953020134228,2,8,0.3,0.7,8,0.2868267595767975,0.21911484003067017,0.21911484003067017,0.2868267595767975,0.06771191954612732,0.06771191954612732,0.5860573053359985,-0.07847654819488525,0.24711860716342926
2026_08_18_00_45_56_961481_L1_right_C1,L1,C1,2.0,0.1694548757406934,red,right,left,right,pick up the red block,5,pregrasp,80,96,16,0.75,0.6442953020134228,3,8,0.3,0.7,8,0.2658522427082062,0.19726182520389557,0.19726182520389557,0.2658522427082062,0.06859041750431061,0.06859041750431061,0.5860573053359985,-0.07847654819488525,0.24711860716342926
2026_08_18_00_45_56_961481_L1_right_C1,L1,C1,2.0,0.1694548757406934,red,right,left,right,pick up the red block,5,pregrasp,80,96,16,0.75,0.6442953020134228,4,8,0.3,0.7,8,0.33059951663017273,0.25315988063812256,0.25315988063812256,0.33059951663017273,0.07743963599205017,0.07743963599205017,0.5860573053359985,-0.07847654819488525,0.24711860716342926
2026_08_18_00_45_56_961481_L1_right_C1,L1,C1,2.0,0.1694548757406934,red,right,left,right,pick up the red block,5,pregrasp,80,96,16,0.75,0.6442953020134228,5,8,0.3,0.7,8,0.4380844235420227,0.34167301654815674,0.34167301654815674,0.4380844235420227,0.09641140699386597,0.09641140699386597,0.5860573053359985,-0.07847654819488525,0.24711860716342926
2026_08_18_00_45_56_961481_L1_right_C1,L1,C1,2.0,0.1694548757406934,red,right,left,right,pick up the red block,5,pregrasp,80,96,16,0.75,0.6442953020134228,6,8,0.3,0.7,8,0.38016560673713684,0.29482826590538025,0.29482826590538025,0.38016560673713684,0.08533734083175659,0.08533734083175659,0.5860573053359985,-0.07847654819488525,0.24711860716342926
2026_08_18_00_45_56_961481_L1_right_C1,L1,C1,2.0,0.1694548757406934,red,right,left,right,pick up the red block,5,pregrasp,80,96,16,0.75,0.6442953020134228,7,8,0.3,0.7,8,0.21032147109508514,0.15603606402873993,0.15603606402873993,0.21032147109508514,0.054285407066345215,0.054285407066345215,0.5860573053359985,-0.07847654819488525,0.24711860716342926
2026_08_18_00_45_56_961481_L1_right_C1,L1,C1,2.0,0.1694548757406934,red,right,left,right,pick up the red block,5,pregrasp,80,96,16,0.75,0.6442953020134228,8,8,0.3,0.7,8,0.453775554895401,0.3497999310493469,0.3497999310493469,0.453775554895401,0.10397562384605408,0.10397562384605408,0.5860573053359985,-0.07847654819488525,0.24711860716342926
2026_08_18_00_45_56_961481_L1_right_C1,L1,C1,2.0,0.1694548757406934,red,right,left,right,pick up the red block,5,pregrasp,80,96,16,0.75,0.6442953020134228,9,8,0.3,0.7,8,0.2397938370704651,0.18441252410411835,0.18441252410411835,0.2397938370704651,0.05538131296634674,0.05538131296634674,0.5860573053359985,-0.07847654819488525,0.24711860716342926
2026_08_18_00_45_56_961481_L1_right_C1,L1,C1,2.0,0.1694548757406934,red,right,left,right,pick up the red block,6,pregrasp,96,112,16,0.875,0.7516778523489933,0,8,0.3,0.7,8,0.40318337082862854,0.30750665068626404,0.30750665068626404,0.40318337082862854,0.0956767201423645,0.0956767201423645,0.6305427551269531,-0.05105021968483925,0.20064526796340942
2026_08_18_00_45_56_961481_L1_right_C1,L1,C1,2.0,0.1694548757406934,red,right,left,right,pick up the red block,6,pregrasp,96,112,16,0.875,0.7516778523489933,1,8,0.3,0.7,8,0.3016233444213867,0.20259596407413483,0.20259596407413483,0.3016233444213867,0.09902738034725189,0.09902738034725189,0.6305427551269531,-0.05105021968483925,0.20064526796340942
2026_08_18_00_45_56_961481_L1_right_C1,L1,C1,2.0,0.1694548757406934,red,right,left,right,pick up the red block,6,pregrasp,96,112,16,0.875,0.7516778523489933,2,8,0.3,0.7,8,0.41776156425476074,0.3187534809112549,0.3187534809112549,0.41776156425476074,0.09900808334350586,0.09900808334350586,0.6305427551269531,-0.05105021968483925,0.20064526796340942
2026_08_18_00_45_56_961481_L1_right_C1,L1,C1,2.0,0.1694548757406934,red,right,left,right,pick up the red block,6,pregrasp,96,112,16,0.875,0.7516778523489933,3,8,0.3,0.7,8,0.3657187819480896,0.26562368869781494,0.26562368869781494,0.3657187819480896,0.10009509325027466,0.10009509325027466,0.6305427551269531,-0.05105021968483925,0.20064526796340942
2026_08_18_00_45_56_961481_L1_right_C1,L1,C1,2.0,0.1694548757406934,red,right,left,right,pick up the red block,6,pregrasp,96,112,16,0.875,0.7516778523489933,4,8,0.3,0.7,8,0.34300827980041504,0.24366633594036102,0.24366633594036102,0.34300827980041504,0.09934194386005402,0.09934194386005402,0.6305427551269531,-0.05105021968483925,0.20064526796340942
2026_08_18_00_45_56_961481_L1_right_C1,L1,C1,2.0,0.1694548757406934,red,right,left,right,pick up the red block,6,pregrasp,96,112,16,0.875,0.7516778523489933,5,8,0.3,0.7,8,0.2738294303417206,0.1962202787399292,0.1962202787399292,0.2738294303417206,0.07760915160179138,0.07760915160179138,0.6305427551269531,-0.05105021968483925,0.20064526796340942
2026_08_18_00_45_56_961481_L1_right_C1,L1,C1,2.0,0.1694548757406934,red,right,left,right,pick up the red block,6,pregrasp,96,112,16,0.875,0.7516778523489933,6,8,0.3,0.7,8,0.21251429617404938,0.1441950500011444,0.1441950500011444,0.21251429617404938,0.06831924617290497,0.06831924617290497,0.6305427551269531,-0.05105021968483925,0.20064526796340942
2026_08_18_00_45_56_961481_L1_right_C1,L1,C1,2.0,0.1694548757406934,red,right,left,right,pick up the red block,6,pregrasp,96,112,16,0.875,0.7516778523489933,7,8,0.3,0.7,8,0.2661798596382141,0.18403995037078857,0.18403995037078857,0.2661798596382141,0.08213990926742554,0.08213990926742554,0.6305427551269531,-0.05105021968483925,0.20064526796340942
2026_08_18_00_45_56_961481_L1_right_C1,L1,C1,2.0,0.1694548757406934,red,right,left,right,pick up the red block,6,pregrasp,96,112,16,0.875,0.7516778523489933,8,8,0.3,0.7,8,0.37021759152412415,0.27933269739151,0.27933269739151,0.37021759152412415,0.09088489413261414,0.09088489413261414,0.6305427551269531,-0.05105021968483925,0.20064526796340942
2026_08_18_00_45_56_961481_L1_right_C1,L1,C1,2.0,0.1694548757406934,red,right,left,right,pick up the red block,6,pregrasp,96,112,16,0.875,0.7516778523489933,9,8,0.3,0.7,8,0.29939067363739014,0.21156606078147888,0.21156606078147888,0.29939067363739014,0.08782461285591125,0.08782461285591125,0.6305427551269531,-0.05105021968483925,0.20064526796340942
2026_08_18_00_45_56_961481_L1_right_C1,L1,C1,2.0,0.1694548757406934,red,right,left,right,pick up the red block,7,pregrasp,112,128,16,1.0,0.8590604026845637,0,8,0.3,0.7,8,0.27299264073371887,0.21205706894397736,0.21205706894397736,0.27299264073371887,0.060935571789741516,0.060935571789741516,0.6410517692565918,-0.04576745629310608,0.1900249719619751
2026_08_18_00_45_56_961481_L1_right_C1,L1,C1,2.0,0.1694548757406934,red,right,left,right,pick up the red block,7,pregrasp,112,128,16,1.0,0.8590604026845637,1,8,0.3,0.7,8,0.36417877674102783,0.3073127269744873,0.3073127269744873,0.36417877674102783,0.05686604976654053,0.05686604976654053,0.6410517692565918,-0.04576745629310608,0.1900249719619751
2026_08_18_00_45_56_961481_L1_right_C1,L1,C1,2.0,0.1694548757406934,red,right,left,right,pick up the red block,7,pregrasp,112,128,16,1.0,0.8590604026845637,2,8,0.3,0.7,8,0.35981500148773193,0.29900923371315,0.29900923371315,0.35981500148773193,0.06080576777458191,0.06080576777458191,0.6410517692565918,-0.04576745629310608,0.1900249719619751
2026_08_18_00_45_56_961481_L1_right_C1,L1,C1,2.0,0.1694548757406934,red,right,left,right,pick up the red block,7,pregrasp,112,128,16,1.0,0.8590604026845637,3,8,0.3,0.7,8,0.25377902388572693,0.18130597472190857,0.18130597472190857,0.25377902388572693,0.07247304916381836,0.07247304916381836,0.6410517692565918,-0.04576745629310608,0.1900249719619751
2026_08_18_00_45_56_961481_L1_right_C1,L1,C1,2.0,0.1694548757406934,red,right,left,right,pick up the red block,7,pregrasp,112,128,16,1.0,0.8590604026845637,4,8,0.3,0.7,8,0.23027406632900238,0.1802118569612503,0.1802118569612503,0.23027406632900238,0.050062209367752075,0.050062209367752075,0.6410517692565918,-0.04576745629310608,0.1900249719619751
2026_08_18_00_45_56_961481_L1_right_C1,L1,C1,2.0,0.1694548757406934,red,right,left,right,pick up the red block,7,pregrasp,112,128,16,1.0,0.8590604026845637,5,8,0.3,0.7,8,0.254349946975708,0.2003379464149475,0.2003379464149475,0.254349946975708,0.0540120005607605,0.0540120005607605,0.6410517692565918,-0.04576745629310608,0.1900249719619751
2026_08_18_00_45_56_961481_L1_right_C1,L1,C1,2.0,0.1694548757406934,red,right,left,right,pick up the red block,7,pregrasp,112,128,16,1.0,0.8590604026845637,6,8,0.3,0.7,8,0.3058437705039978,0.2524700462818146,0.2524700462818146,0.3058437705039978,0.05337372422218323,0.05337372422218323,0.6410517692565918,-0.04576745629310608,0.1900249719619751
2026_08_18_00_45_56_961481_L1_right_C1,L1,C1,2.0,0.1694548757406934,red,right,left,right,pick up the red block,7,pregrasp,112,128,16,1.0,0.8590604026845637,7,8,0.3,0.7,8,0.2692220211029053,0.23283524811267853,0.23283524811267853,0.2692220211029053,0.036386772990226746,0.036386772990226746,0.6410517692565918,-0.04576745629310608,0.1900249719619751
2026_08_18_00_45_56_961481_L1_right_C1,L1,C1,2.0,0.1694548757406934,red,right,left,right,pick up the red block,7,pregrasp,112,128,16,1.0,0.8590604026845637,8,8,0.3,0.7,8,0.21809712052345276,0.17388345301151276,0.17388345301151276,0.21809712052345276,0.04421366751194,0.04421366751194,0.6410517692565918,-0.04576745629310608,0.1900249719619751
2026_08_18_00_45_56_961481_L1_right_C1,L1,C1,2.0,0.1694548757406934,red,right,left,right,pick up the red block,7,pregrasp,112,128,16,1.0,0.8590604026845637,9,8,0.3,0.7,8,0.2469136267900467,0.2053198516368866,0.2053198516368866,0.2469136267900467,0.041593775153160095,0.041593775153160095,0.6410517692565918,-0.04576745629310608,0.1900249719619751
2026_08_18_00_45_56_961481_L1_right_C1,L1,C1,2.0,0.1694548757406934,red,right,left,right,pick up the red block,8,postgrasp,128,144,16,1.0,0.9664429530201343,0,8,0.3,0.7,8,0.25852465629577637,0.33263909816741943,0.33263909816741943,0.25852465629577637,-0.07411444187164307,-0.07411444187164307,0.641520082950592,-0.04573749750852585,0.1904522329568863
2026_08_18_00_45_56_961481_L1_right_C1,L1,C1,2.0,0.1694548757406934,red,right,left,right,pick up the red block,8,postgrasp,128,144,16,1.0,0.9664429530201343,1,8,0.3,0.7,8,0.38682690262794495,0.4466695487499237,0.4466695487499237,0.38682690262794495,-0.05984264612197876,-0.05984264612197876,0.641520082950592,-0.04573749750852585,0.1904522329568863
2026_08_18_00_45_56_961481_L1_right_C1,L1,C1,2.0,0.1694548757406934,red,right,left,right,pick up the red block,8,postgrasp,128,144,16,1.0,0.9664429530201343,2,8,0.3,0.7,8,0.3504299223423004,0.3915732800960541,0.3915732800960541,0.3504299223423004,-0.04114335775375366,-0.04114335775375366,0.641520082950592,-0.04573749750852585,0.1904522329568863
2026_08_18_00_45_56_961481_L1_right_C1,L1,C1,2.0,0.1694548757406934,red,right,left,right,pick up the red block,8,postgrasp,128,144,16,1.0,0.9664429530201343,3,8,0.3,0.7,8,0.3518715798854828,0.42813944816589355,0.42813944816589355,0.3518715798854828,-0.07626786828041077,-0.07626786828041077,0.641520082950592,-0.04573749750852585,0.1904522329568863
2026_08_18_00_45_56_961481_L1_right_C1,L1,C1,2.0,0.1694548757406934,red,right,left,right,pick up the red block,8,postgrasp,128,144,16,1.0,0.9664429530201343,4,8,0.3,0.7,8,0.28847095370292664,0.35689011216163635,0.35689011216163635,0.28847095370292664,-0.06841915845870972,-0.06841915845870972,0.641520082950592,-0.04573749750852585,0.1904522329568863
2026_08_18_00_45_56_961481_L1_right_C1,L1,C1,2.0,0.1694548757406934,red,right,left,right,pick up the red block,8,postgrasp,128,144,16,1.0,0.9664429530201343,5,8,0.3,0.7,8,0.3552788496017456,0.4302575886249542,0.4302575886249542,0.3552788496017456,-0.07497873902320862,-0.07497873902320862,0.641520082950592,-0.04573749750852585,0.1904522329568863
2026_08_18_00_45_56_961481_L1_right_C1,L1,C1,2.0,0.1694548757406934,red,right,left,right,pick up the red block,8,postgrasp,128,144,16,1.0,0.9664429530201343,6,8,0.3,0.7,8,0.317173033952713,0.3855513334274292,0.3855513334274292,0.317173033952713,-0.06837829947471619,-0.06837829947471619,0.641520082950592,-0.04573749750852585,0.1904522329568863
2026_08_18_00_45_56_961481_L1_right_C1,L1,C1,2.0,0.1694548757406934,red,right,left,right,pick up the red block,8,postgrasp,128,144,16,1.0,0.9664429530201343,7,8,0.3,0.7,8,0.3116346597671509,0.34736451506614685,0.34736451506614685,0.3116346597671509,-0.03572985529899597,-0.03572985529899597,0.641520082950592,-0.04573749750852585,0.1904522329568863
2026_08_18_00_45_56_961481_L1_right_C1,L1,C1,2.0,0.1694548757406934,red,right,left,right,pick up the red block,8,postgrasp,128,144,16,1.0,0.9664429530201343,8,8,0.3,0.7,8,0.3658946454524994,0.43833446502685547,0.43833446502685547,0.3658946454524994,-0.07243981957435608,-0.07243981957435608,0.641520082950592,-0.04573749750852585,0.1904522329568863
2026_08_18_00_45_56_961481_L1_right_C1,L1,C1,2.0,0.1694548757406934,red,right,left,right,pick up the red block,8,postgrasp,128,144,16,1.0,0.9664429530201343,9,8,0.3,0.7,8,0.2717548906803131,0.32425200939178467,0.32425200939178467,0.2717548906803131,-0.05249711871147156,-0.05249711871147156,0.641520082950592,-0.04573749750852585,0.1904522329568863
2026_08_18_00_45_56_961481_L1_right_C1,L1,C1,2.0,0.1694548757406934,red,right,left,right,pick up the red block,9,postgrasp,144,149,5,1.0,1.0,0,8,0.3,0.7,8,0.22601643204689026,0.23708820343017578,0.23708820343017578,0.22601643204689026,-0.011071771383285522,-0.011071771383285522,0.641523003578186,-0.045738592743873596,0.19045324623584747
2026_08_18_00_45_56_961481_L1_right_C1,L1,C1,2.0,0.1694548757406934,red,right,left,right,pick up the red block,9,postgrasp,144,149,5,1.0,1.0,1,8,0.3,0.7,8,0.31530898809432983,0.3370305001735687,0.3370305001735687,0.31530898809432983,-0.02172151207923889,-0.02172151207923889,0.641523003578186,-0.045738592743873596,0.19045324623584747
2026_08_18_00_45_56_961481_L1_right_C1,L1,C1,2.0,0.1694548757406934,red,right,left,right,pick up the red block,9,postgrasp,144,149,5,1.0,1.0,2,8,0.3,0.7,8,0.21030376851558685,0.21735507249832153,0.21735507249832153,0.21030376851558685,-0.00705130398273468,-0.00705130398273468,0.641523003578186,-0.045738592743873596,0.19045324623584747
2026_08_18_00_45_56_961481_L1_right_C1,L1,C1,2.0,0.1694548757406934,red,right,left,right,pick up the red block,9,postgrasp,144,149,5,1.0,1.0,3,8,0.3,0.7,8,0.26312896609306335,0.2836450934410095,0.2836450934410095,0.26312896609306335,-0.020516127347946167,-0.020516127347946167,0.641523003578186,-0.045738592743873596,0.19045324623584747
2026_08_18_00_45_56_961481_L1_right_C1,L1,C1,2.0,0.1694548757406934,red,right,left,right,pick up the red block,9,postgrasp,144,149,5,1.0,1.0,4,8,0.3,0.7,8,0.26401010155677795,0.2645935118198395,0.2645935118198395,0.26401010155677795,-0.0005834102630615234,-0.0005834102630615234,0.641523003578186,-0.045738592743873596,0.19045324623584747
2026_08_18_00_45_56_961481_L1_right_C1,L1,C1,2.0,0.1694548757406934,red,right,left,right,pick up the red block,9,postgrasp,144,149,5,1.0,1.0,5,8,0.3,0.7,8,0.40412238240242004,0.41813406348228455,0.41813406348228455,0.40412238240242004,-0.014011681079864502,-0.014011681079864502,0.641523003578186,-0.045738592743873596,0.19045324623584747
2026_08_18_00_45_56_961481_L1_right_C1,L1,C1,2.0,0.1694548757406934,red,right,left,right,pick up the red block,9,postgrasp,144,149,5,1.0,1.0,6,8,0.3,0.7,8,0.2610628306865692,0.2682499587535858,0.2682499587535858,0.2610628306865692,-0.0071871280670166016,-0.0071871280670166016,0.641523003578186,-0.045738592743873596,0.19045324623584747
2026_08_18_00_45_56_961481_L1_right_C1,L1,C1,2.0,0.1694548757406934,red,right,left,right,pick up the red block,9,postgrasp,144,149,5,1.0,1.0,7,8,0.3,0.7,8,0.2900131642818451,0.294626384973526,0.294626384973526,0.2900131642818451,-0.004613220691680908,-0.004613220691680908,0.641523003578186,-0.045738592743873596,0.19045324623584747
2026_08_18_00_45_56_961481_L1_right_C1,L1,C1,2.0,0.1694548757406934,red,right,left,right,pick up the red block,9,postgrasp,144,149,5,1.0,1.0,8,8,0.3,0.7,8,0.34791746735572815,0.3734542727470398,0.3734542727470398,0.34791746735572815,-0.025536805391311646,-0.025536805391311646,0.641523003578186,-0.045738592743873596,0.19045324623584747
2026_08_18_00_45_56_961481_L1_right_C1,L1,C1,2.0,0.1694548757406934,red,right,left,right,pick up the red block,9,postgrasp,144,149,5,1.0,1.0,9,8,0.3,0.7,8,0.2583688199520111,0.26071956753730774,0.26071956753730774,0.2583688199520111,-0.002350747585296631,-0.002350747585296631,0.641523003578186,-0.045738592743873596,0.19045324623584747
2026_08_18_00_46_25_193744_L1_right_C2,L1,C2,4.0,0.3389097514813868,red,right,left,right,pick up the red block,0,pregrasp,0,16,16,0.10256410256410256,0.0903954802259887,0,8,0.3,0.7,8,0.29530254006385803,0.2958871126174927,0.2958871126174927,0.29530254006385803,-0.0005845725536346436,-0.0005845725536346436,0.3676310181617737,-0.029366036877036095,0.4838156998157501
2026_08_18_00_46_25_193744_L1_right_C2,L1,C2,4.0,0.3389097514813868,red,right,left,right,pick up the red block,0,pregrasp,0,16,16,0.10256410256410256,0.0903954802259887,1,8,0.3,0.7,8,0.4363081157207489,0.3916877508163452,0.3916877508163452,0.4363081157207489,0.044620364904403687,0.044620364904403687,0.3676310181617737,-0.029366036877036095,0.4838156998157501
2026_08_18_00_46_25_193744_L1_right_C2,L1,C2,4.0,0.3389097514813868,red,right,left,right,pick up the red block,0,pregrasp,0,16,16,0.10256410256410256,0.0903954802259887,2,8,0.3,0.7,8,0.42550963163375854,0.3909013569355011,0.3909013569355011,0.42550963163375854,0.034608274698257446,0.034608274698257446,0.3676310181617737,-0.029366036877036095,0.4838156998157501
2026_08_18_00_46_25_193744_L1_right_C2,L1,C2,4.0,0.3389097514813868,red,right,left,right,pick up the red block,0,pregrasp,0,16,16,0.10256410256410256,0.0903954802259887,3,8,0.3,0.7,8,0.535152792930603,0.46663209795951843,0.46663209795951843,0.535152792930603,0.0685206949710846,0.0685206949710846,0.3676310181617737,-0.029366036877036095,0.4838156998157501
2026_08_18_00_46_25_193744_L1_right_C2,L1,C2,4.0,0.3389097514813868,red,right,left,right,pick up the red block,0,pregrasp,0,16,16,0.10256410256410256,0.0903954802259887,4,8,0.3,0.7,8,0.37870368361473083,0.3507609963417053,0.3507609963417053,0.37870368361473083,0.027942687273025513,0.027942687273025513,0.3676310181617737,-0.029366036877036095,0.4838156998157501
2026_08_18_00_46_25_193744_L1_right_C2,L1,C2,4.0,0.3389097514813868,red,right,left,right,pick up the red block,0,pregrasp,0,16,16,0.10256410256410256,0.0903954802259887,5,8,0.3,0.7,8,0.35900506377220154,0.3659365475177765,0.3659365475177765,0.35900506377220154,-0.006931483745574951,-0.006931483745574951,0.3676310181617737,-0.029366036877036095,0.4838156998157501
2026_08_18_00_46_25_193744_L1_right_C2,L1,C2,4.0,0.3389097514813868,red,right,left,right,pick up the red block,0,pregrasp,0,16,16,0.10256410256410256,0.0903954802259887,6,8,0.3,0.7,8,0.38244253396987915,0.343819797039032,0.343819797039032,0.38244253396987915,0.03862273693084717,0.03862273693084717,0.3676310181617737,-0.029366036877036095,0.4838156998157501
2026_08_18_00_46_25_193744_L1_right_C2,L1,C2,4.0,0.3389097514813868,red,right,left,right,pick up the red block,0,pregrasp,0,16,16,0.10256410256410256,0.0903954802259887,7,8,0.3,0.7,8,0.3865461051464081,0.32364845275878906,0.32364845275878906,0.3865461051464081,0.06289765238761902,0.06289765238761902,0.3676310181617737,-0.029366036877036095,0.4838156998157501
2026_08_18_00_46_25_193744_L1_right_C2,L1,C2,4.0,0.3389097514813868,red,right,left,right,pick up the red block,0,pregrasp,0,16,16,0.10256410256410256,0.0903954802259887,8,8,0.3,0.7,8,0.3309178948402405,0.2978159487247467,0.2978159487247467,0.3309178948402405,0.033101946115493774,0.033101946115493774,0.3676310181617737,-0.029366036877036095,0.4838156998157501
2026_08_18_00_46_25_193744_L1_right_C2,L1,C2,4.0,0.3389097514813868,red,right,left,right,pick up the red block,0,pregrasp,0,16,16,0.10256410256410256,0.0903954802259887,9,8,0.3,0.7,8,0.39494413137435913,0.3569611608982086,0.3569611608982086,0.39494413137435913,0.03798297047615051,0.03798297047615051,0.3676310181617737,-0.029366036877036095,0.4838156998157501
2026_08_18_00_46_25_193744_L1_right_C2,L1,C2,4.0,0.3389097514813868,red,right,left,right,pick up the red block,1,pregrasp,16,32,16,0.20512820512820512,0.1807909604519774,0,8,0.3,0.7,8,0.2813655436038971,0.271603524684906,0.271603524684906,0.2813655436038971,0.009762018918991089,0.009762018918991089,0.3803401589393616,-0.0928531363606453,0.46030691266059875
2026_08_18_00_46_25_193744_L1_right_C2,L1,C2,4.0,0.3389097514813868,red,right,left,right,pick up the red block,1,pregrasp,16,32,16,0.20512820512820512,0.1807909604519774,1,8,0.3,0.7,8,0.3168613016605377,0.28711774945259094,0.28711774945259094,0.3168613016605377,0.029743552207946777,0.029743552207946777,0.3803401589393616,-0.0928531363606453,0.46030691266059875
2026_08_18_00_46_25_193744_L1_right_C2,L1,C2,4.0,0.3389097514813868,red,right,left,right,pick up the red block,1,pregrasp,16,32,16,0.20512820512820512,0.1807909604519774,2,8,0.3,0.7,8,0.33992207050323486,0.30772876739501953,0.30772876739501953,0.33992207050323486,0.03219330310821533,0.03219330310821533,0.3803401589393616,-0.0928531363606453,0.46030691266059875
2026_08_18_00_46_25_193744_L1_right_C2,L1,C2,4.0,0.3389097514813868,red,right,left,right,pick up the red block,1,pregrasp,16,32,16,0.20512820512820512,0.1807909604519774,3,8,0.3,0.7,8,0.27520132064819336,0.25833213329315186,0.25833213329315186,0.27520132064819336,0.016869187355041504,0.016869187355041504,0.3803401589393616,-0.0928531363606453,0.46030691266059875
2026_08_18_00_46_25_193744_L1_right_C2,L1,C2,4.0,0.3389097514813868,red,right,left,right,pick up the red block,1,pregrasp,16,32,16,0.20512820512820512,0.1807909604519774,4,8,0.3,0.7,8,0.18607166409492493,0.2132607400417328,0.2132607400417328,0.18607166409492493,-0.02718907594680786,-0.02718907594680786,0.3803401589393616,-0.0928531363606453,0.46030691266059875
2026_08_18_00_46_25_193744_L1_right_C2,L1,C2,4.0,0.3389097514813868,red,right,left,right,pick up the red block,1,pregrasp,16,32,16,0.20512820512820512,0.1807909604519774,5,8,0.3,0.7,8,0.33357328176498413,0.3163203001022339,0.3163203001022339,0.33357328176498413,0.017252981662750244,0.017252981662750244,0.3803401589393616,-0.0928531363606453,0.46030691266059875
2026_08_18_00_46_25_193744_L1_right_C2,L1,C2,4.0,0.3389097514813868,red,right,left,right,pick up the red block,1,pregrasp,16,32,16,0.20512820512820512,0.1807909604519774,6,8,0.3,0.7,8,0.2183336615562439,0.23078712821006775,0.23078712821006775,0.2183336615562439,-0.012453466653823853,-0.012453466653823853,0.3803401589393616,-0.0928531363606453,0.46030691266059875
2026_08_18_00_46_25_193744_L1_right_C2,L1,C2,4.0,0.3389097514813868,red,right,left,right,pick up the red block,1,pregrasp,16,32,16,0.20512820512820512,0.1807909604519774,7,8,0.3,0.7,8,0.41235828399658203,0.3834696412086487,0.3834696412086487,0.41235828399658203,0.02888864278793335,0.02888864278793335,0.3803401589393616,-0.0928531363606453,0.46030691266059875
2026_08_18_00_46_25_193744_L1_right_C2,L1,C2,4.0,0.3389097514813868,red,right,left,right,pick up the red block,1,pregrasp,16,32,16,0.20512820512820512,0.1807909604519774,8,8,0.3,0.7,8,0.3287011384963989,0.3046903610229492,0.3046903610229492,0.3287011384963989,0.024010777473449707,0.024010777473449707,0.3803401589393616,-0.0928531363606453,0.46030691266059875
2026_08_18_00_46_25_193744_L1_right_C2,L1,C2,4.0,0.3389097514813868,red,right,left,right,pick up the red block,1,pregrasp,16,32,16,0.20512820512820512,0.1807909604519774,9,8,0.3,0.7,8,0.27022016048431396,0.26595377922058105,0.26595377922058105,0.27022016048431396,0.00426638126373291,0.00426638126373291,0.3803401589393616,-0.0928531363606453,0.46030691266059875
2026_08_18_00_46_25_193744_L1_right_C2,L1,C2,4.0,0.3389097514813868,red,right,left,right,pick up the red block,2,pregrasp,32,48,16,0.3076923076923077,0.2711864406779661,0,8,0.3,0.7,8,0.3047417998313904,0.309691458940506,0.309691458940506,0.3047417998313904,-0.004949659109115601,-0.004949659109115601,0.40507301688194275,-0.15204323828220367,0.4344693720340729
2026_08_18_00_46_25_193744_L1_right_C2,L1,C2,4.0,0.3389097514813868,red,right,left,right,pick up the red block,2,pregrasp,32,48,16,0.3076923076923077,0.2711864406779661,1,8,0.3,0.7,8,0.36459317803382874,0.3644813895225525,0.3644813895225525,0.36459317803382874,0.00011178851127624512,0.00011178851127624512,0.40507301688194275,-0.15204323828220367,0.4344693720340729
2026_08_18_00_46_25_193744_L1_right_C2,L1,C2,4.0,0.3389097514813868,red,right,left,right,pick up the red block,2,pregrasp,32,48,16,0.3076923076923077,0.2711864406779661,2,8,0.3,0.7,8,0.27277567982673645,0.2833518981933594,0.2833518981933594,0.27277567982673645,-0.010576218366622925,-0.010576218366622925,0.40507301688194275,-0.15204323828220367,0.4344693720340729
2026_08_18_00_46_25_193744_L1_right_C2,L1,C2,4.0,0.3389097514813868,red,right,left,right,pick up the red block,2,pregrasp,32,48,16,0.3076923076923077,0.2711864406779661,3,8,0.3,0.7,8,0.16407273709774017,0.1898672878742218,0.1898672878742218,0.16407273709774017,-0.02579455077648163,-0.02579455077648163,0.40507301688194275,-0.15204323828220367,0.4344693720340729
2026_08_18_00_46_25_193744_L1_right_C2,L1,C2,4.0,0.3389097514813868,red,right,left,right,pick up the red block,2,pregrasp,32,48,16,0.3076923076923077,0.2711864406779661,4,8,0.3,0.7,8,0.19168919324874878,0.20253027975559235,0.20253027975559235,0.19168919324874878,-0.010841086506843567,-0.010841086506843567,0.40507301688194275,-0.15204323828220367,0.4344693720340729
2026_08_18_00_46_25_193744_L1_right_C2,L1,C2,4.0,0.3389097514813868,red,right,left,right,pick up the red block,2,pregrasp,32,48,16,0.3076923076923077,0.2711864406779661,5,8,0.3,0.7,8,0.25975167751312256,0.27235692739486694,0.27235692739486694,0.25975167751312256,-0.012605249881744385,-0.012605249881744385,0.40507301688194275,-0.15204323828220367,0.4344693720340729
2026_08_18_00_46_25_193744_L1_right_C2,L1,C2,4.0,0.3389097514813868,red,right,left,right,pick up the red block,2,pregrasp,32,48,16,0.3076923076923077,0.2711864406779661,6,8,0.3,0.7,8,0.26229867339134216,0.2734675407409668,0.2734675407409668,0.26229867339134216,-0.011168867349624634,-0.011168867349624634,0.40507301688194275,-0.15204323828220367,0.4344693720340729
2026_08_18_00_46_25_193744_L1_right_C2,L1,C2,4.0,0.3389097514813868,red,right,left,right,pick up the red block,2,pregrasp,32,48,16,0.3076923076923077,0.2711864406779661,7,8,0.3,0.7,8,0.14887776970863342,0.16660021245479584,0.16660021245479584,0.14887776970863342,-0.017722442746162415,-0.017722442746162415,0.40507301688194275,-0.15204323828220367,0.4344693720340729
2026_08_18_00_46_25_193744_L1_right_C2,L1,C2,4.0,0.3389097514813868,red,right,left,right,pick up the red block,2,pregrasp,32,48,16,0.3076923076923077,0.2711864406779661,8,8,0.3,0.7,8,0.20044246315956116,0.21348702907562256,0.21348702907562256,0.20044246315956116,-0.013044565916061401,-0.013044565916061401,0.40507301688194275,-0.15204323828220367,0.4344693720340729
2026_08_18_00_46_25_193744_L1_right_C2,L1,C2,4.0,0.3389097514813868,red,right,left,right,pick up the red block,2,pregrasp,32,48,16,0.3076923076923077,0.2711864406779661,9,8,0.3,0.7,8,0.28609123826026917,0.30290859937667847,0.30290859937667847,0.28609123826026917,-0.016817361116409302,-0.016817361116409302,0.40507301688194275,-0.15204323828220367,0.4344693720340729
2026_08_18_00_46_25_193744_L1_right_C2,L1,C2,4.0,0.3389097514813868,red,right,left,right,pick up the red block,3,pregrasp,48,64,16,0.41025641025641024,0.3615819209039548,0,8,0.3,0.7,8,0.15290521085262299,0.1802433431148529,0.1802433431148529,0.15290521085262299,-0.02733813226222992,-0.02733813226222992,0.442139595746994,-0.19614888727664948,0.3963421881198883
2026_08_18_00_46_25_193744_L1_right_C2,L1,C2,4.0,0.3389097514813868,red,right,left,right,pick up the red block,3,pregrasp,48,64,16,0.41025641025641024,0.3615819209039548,1,8,0.3,0.7,8,0.22273960709571838,0.2292887568473816,0.2292887568473816,0.22273960709571838,-0.006549149751663208,-0.006549149751663208,0.442139595746994,-0.19614888727664948,0.3963421881198883
2026_08_18_00_46_25_193744_L1_right_C2,L1,C2,4.0,0.3389097514813868,red,right,left,right,pick up the red block,3,pregrasp,48,64,16,0.41025641025641024,0.3615819209039548,2,8,0.3,0.7,8,0.20391185581684113,0.2157817780971527,0.2157817780971527,0.20391185581684113,-0.011869922280311584,-0.011869922280311584,0.442139595746994,-0.19614888727664948,0.3963421881198883
2026_08_18_00_46_25_193744_L1_right_C2,L1,C2,4.0,0.3389097514813868,red,right,left,right,pick up the red block,3,pregrasp,48,64,16,0.41025641025641024,0.3615819209039548,3,8,0.3,0.7,8,0.24415048956871033,0.25468191504478455,0.25468191504478455,0.24415048956871033,-0.010531425476074219,-0.010531425476074219,0.442139595746994,-0.19614888727664948,0.3963421881198883
2026_08_18_00_46_25_193744_L1_right_C2,L1,C2,4.0,0.3389097514813868,red,right,left,right,pick up the red block,3,pregrasp,48,64,16,0.41025641025641024,0.3615819209039548,4,8,0.3,0.7,8,0.1949605643749237,0.2004716992378235,0.2004716992378235,0.1949605643749237,-0.00551113486289978,-0.00551113486289978,0.442139595746994,-0.19614888727664948,0.3963421881198883
2026_08_18_00_46_25_193744_L1_right_C2,L1,C2,4.0,0.3389097514813868,red,right,left,right,pick up the red block,3,pregrasp,48,64,16,0.41025641025641024,0.3615819209039548,5,8,0.3,0.7,8,0.32968851923942566,0.3207969665527344,0.3207969665527344,0.32968851923942566,0.008891552686691284,0.008891552686691284,0.442139595746994,-0.19614888727664948,0.3963421881198883
2026_08_18_00_46_25_193744_L1_right_C2,L1,C2,4.0,0.3389097514813868,red,right,left,right,pick up the red block,3,pregrasp,48,64,16,0.41025641025641024,0.3615819209039548,6,8,0.3,0.7,8,0.16444087028503418,0.1656225472688675,0.1656225472688675,0.16444087028503418,-0.001181676983833313,-0.001181676983833313,0.442139595746994,-0.19614888727664948,0.3963421881198883
2026_08_18_00_46_25_193744_L1_right_C2,L1,C2,4.0,0.3389097514813868,red,right,left,right,pick up the red block,3,pregrasp,48,64,16,0.41025641025641024,0.3615819209039548,7,8,0.3,0.7,8,0.1817486584186554,0.2044605016708374,0.2044605016708374,0.1817486584186554,-0.022711843252182007,-0.022711843252182007,0.442139595746994,-0.19614888727664948,0.3963421881198883
2026_08_18_00_46_25_193744_L1_right_C2,L1,C2,4.0,0.3389097514813868,red,right,left,right,pick up the red block,3,pregrasp,48,64,16,0.41025641025641024,0.3615819209039548,8,8,0.3,0.7,8,0.25361883640289307,0.25388258695602417,0.25388258695602417,0.25361883640289307,-0.0002637505531311035,-0.0002637505531311035,0.442139595746994,-0.19614888727664948,0.3963421881198883
2026_08_18_00_46_25_193744_L1_right_C2,L1,C2,4.0,0.3389097514813868,red,right,left,right,pick up the red block,3,pregrasp,48,64,16,0.41025641025641024,0.3615819209039548,9,8,0.3,0.7,8,0.15273185074329376,0.17365702986717224,0.17365702986717224,0.15273185074329376,-0.02092517912387848,-0.02092517912387848,0.442139595746994,-0.19614888727664948,0.3963421881198883
2026_08_18_00_46_25_193744_L1_right_C2,L1,C2,4.0,0.3389097514813868,red,right,left,right,pick up the red block,4,pregrasp,64,80,16,0.5128205128205128,0.4519774011299435,0,8,0.3,0.7,8,0.19388142228126526,0.20714214444160461,0.20714214444160461,0.19388142228126526,-0.013260722160339355,-0.013260722160339355,0.48802003264427185,-0.20639817416667938,0.3474438786506653
2026_08_18_00_46_25_193744_L1_right_C2,L1,C2,4.0,0.3389097514813868,red,right,left,right,pick up the red block,4,pregrasp,64,80,16,0.5128205128205128,0.4519774011299435,1,8,0.3,0.7,8,0.3096751868724823,0.30993229150772095,0.30993229150772095,0.3096751868724823,-0.00025710463523864746,-0.00025710463523864746,0.48802003264427185,-0.20639817416667938,0.3474438786506653
2026_08_18_00_46_25_193744_L1_right_C2,L1,C2,4.0,0.3389097514813868,red,right,left,right,pick up the red block,4,pregrasp,64,80,16,0.5128205128205128,0.4519774011299435,2,8,0.3,0.7,8,0.2524227797985077,0.2559903562068939,0.2559903562068939,0.2524227797985077,-0.0035675764083862305,-0.0035675764083862305,0.48802003264427185,-0.20639817416667938,0.3474438786506653
2026_08_18_00_46_25_193744_L1_right_C2,L1,C2,4.0,0.3389097514813868,red,right,left,right,pick up the red block,4,pregrasp,64,80,16,0.5128205128205128,0.4519774011299435,3,8,0.3,0.7,8,0.20075708627700806,0.19866159558296204,0.19866159558296204,0.20075708627700806,0.0020954906940460205,0.0020954906940460205,0.48802003264427185,-0.20639817416667938,0.3474438786506653
2026_08_18_00_46_25_193744_L1_right_C2,L1,C2,4.0,0.3389097514813868,red,right,left,right,pick up the red block,4,pregrasp,64,80,16,0.5128205128205128,0.4519774011299435,4,8,0.3,0.7,8,0.33702221512794495,0.33986711502075195,0.33986711502075195,0.33702221512794495,-0.002844899892807007,-0.002844899892807007,0.48802003264427185,-0.20639817416667938,0.3474438786506653
2026_08_18_00_46_25_193744_L1_right_C2,L1,C2,4.0,0.3389097514813868,red,right,left,right,pick up the red block,4,pregrasp,64,80,16,0.5128205128205128,0.4519774011299435,5,8,0.3,0.7,8,0.28555893898010254,0.2893679738044739,0.2893679738044739,0.28555893898010254,-0.003809034824371338,-0.003809034824371338,0.48802003264427185,-0.20639817416667938,0.3474438786506653
2026_08_18_00_46_25_193744_L1_right_C2,L1,C2,4.0,0.3389097514813868,red,right,left,right,pick up the red block,4,pregrasp,64,80,16,0.5128205128205128,0.4519774011299435,6,8,0.3,0.7,8,0.28419771790504456,0.2842261493206024,0.2842261493206024,0.28419771790504456,-2.8431415557861328e-05,-2.8431415557861328e-05,0.48802003264427185,-0.20639817416667938,0.3474438786506653
2026_08_18_00_46_25_193744_L1_right_C2,L1,C2,4.0,0.3389097514813868,red,right,left,right,pick up the red block,4,pregrasp,64,80,16,0.5128205128205128,0.4519774011299435,7,8,0.3,0.7,8,0.33212724328041077,0.32922297716140747,0.32922297716140747,0.33212724328041077,0.002904266119003296,0.002904266119003296,0.48802003264427185,-0.20639817416667938,0.3474438786506653
2026_08_18_00_46_25_193744_L1_right_C2,L1,C2,4.0,0.3389097514813868,red,right,left,right,pick up the red block,4,pregrasp,64,80,16,0.5128205128205128,0.4519774011299435,8,8,0.3,0.7,8,0.35822439193725586,0.3523823618888855,0.3523823618888855,0.35822439193725586,0.005842030048370361,0.005842030048370361,0.48802003264427185,-0.20639817416667938,0.3474438786506653
2026_08_18_00_46_25_193744_L1_right_C2,L1,C2,4.0,0.3389097514813868,red,right,left,right,pick up the red block,4,pregrasp,64,80,16,0.5128205128205128,0.4519774011299435,9,8,0.3,0.7,8,0.276606023311615,0.28270867466926575,0.28270867466926575,0.276606023311615,-0.006102651357650757,-0.006102651357650757,0.48802003264427185,-0.20639817416667938,0.3474438786506653
2026_08_18_00_46_25_193744_L1_right_C2,L1,C2,4.0,0.3389097514813868,red,right,left,right,pick up the red block,5,pregrasp,80,96,16,0.6153846153846154,0.5423728813559322,0,8,0.3,0.7,8,0.3999001681804657,0.4186595678329468,0.4186595678329468,0.3999001681804657,-0.01875939965248108,-0.01875939965248108,0.5325983762741089,-0.18009647727012634,0.30127134919166565
2026_08_18_00_46_25_193744_L1_right_C2,L1,C2,4.0,0.3389097514813868,red,right,left,right,pick up the red block,5,pregrasp,80,96,16,0.6153846153846154,0.5423728813559322,1,8,0.3,0.7,8,0.36078837513923645,0.3808950185775757,0.3808950185775757,0.36078837513923645,-0.020106643438339233,-0.020106643438339233,0.5325983762741089,-0.18009647727012634,0.30127134919166565
2026_08_18_00_46_25_193744_L1_right_C2,L1,C2,4.0,0.3389097514813868,red,right,left,right,pick up the red block,5,pregrasp,80,96,16,0.6153846153846154,0.5423728813559322,2,8,0.3,0.7,8,0.3172457218170166,0.34438061714172363,0.34438061714172363,0.3172457218170166,-0.02713489532470703,-0.02713489532470703,0.5325983762741089,-0.18009647727012634,0.30127134919166565
2026_08_18_00_46_25_193744_L1_right_C2,L1,C2,4.0,0.3389097514813868,red,right,left,right,pick up the red block,5,pregrasp,80,96,16,0.6153846153846154,0.5423728813559322,3,8,0.3,0.7,8,0.26863494515419006,0.28889381885528564,0.28889381885528564,0.26863494515419006,-0.02025887370109558,-0.02025887370109558,0.5325983762741089,-0.18009647727012634,0.30127134919166565
2026_08_18_00_46_25_193744_L1_right_C2,L1,C2,4.0,0.3389097514813868,red,right,left,right,pick up the red block,5,pregrasp,80,96,16,0.6153846153846154,0.5423728813559322,4,8,0.3,0.7,8,0.35159537196159363,0.3679494857788086,0.3679494857788086,0.35159537196159363,-0.016354113817214966,-0.016354113817214966,0.5325983762741089,-0.18009647727012634,0.30127134919166565
2026_08_18_00_46_25_193744_L1_right_C2,L1,C2,4.0,0.3389097514813868,red,right,left,right,pick up the red block,5,pregrasp,80,96,16,0.6153846153846154,0.5423728813559322,5,8,0.3,0.7,8,0.4259355068206787,0.4386468231678009,0.4386468231678009,0.4259355068206787,-0.012711316347122192,-0.012711316347122192,0.5325983762741089,-0.18009647727012634,0.30127134919166565
2026_08_18_00_46_25_193744_L1_right_C2,L1,C2,4.0,0.3389097514813868,red,right,left,right,pick up the red block,5,pregrasp,80,96,16,0.6153846153846154,0.5423728813559322,6,8,0.3,0.7,8,0.33861228823661804,0.3581499457359314,0.3581499457359314,0.33861228823661804,-0.019537657499313354,-0.019537657499313354,0.5325983762741089,-0.18009647727012634,0.30127134919166565
2026_08_18_00_46_25_193744_L1_right_C2,L1,C2,4.0,0.3389097514813868,red,right,left,right,pick up the red block,5,pregrasp,80,96,16,0.6153846153846154,0.5423728813559322,7,8,0.3,0.7,8,0.3693999648094177,0.4074826240539551,0.4074826240539551,0.3693999648094177,-0.038082659244537354,-0.038082659244537354,0.5325983762741089,-0.18009647727012634,0.30127134919166565
2026_08_18_00_46_25_193744_L1_right_C2,L1,C2,4.0,0.3389097514813868,red,right,left,right,pick up the red block,5,pregrasp,80,96,16,0.6153846153846154,0.5423728813559322,8,8,0.3,0.7,8,0.3919917345046997,0.4038429260253906,0.4038429260253906,0.3919917345046997,-0.011851191520690918,-0.011851191520690918,0.5325983762741089,-0.18009647727012634,0.30127134919166565
2026_08_18_00_46_25_193744_L1_right_C2,L1,C2,4.0,0.3389097514813868,red,right,left,right,pick up the red block,5,pregrasp,80,96,16,0.6153846153846154,0.5423728813559322,9,8,0.3,0.7,8,0.350943386554718,0.36729902029037476,0.36729902029037476,0.350943386554718,-0.01635563373565674,-0.01635563373565674,0.5325983762741089,-0.18009647727012634,0.30127134919166565
2026_08_18_00_46_25_193744_L1_right_C2,L1,C2,4.0,0.3389097514813868,red,right,left,right,pick up the red block,6,pregrasp,96,112,16,0.717948717948718,0.632768361581921,0,8,0.3,0.7,8,0.4101935625076294,0.3896627426147461,0.3896627426147461,0.4101935625076294,0.0205308198928833,0.0205308198928833,0.5713520050048828,-0.1405704915523529,0.26136112213134766
2026_08_18_00_46_25_193744_L1_right_C2,L1,C2,4.0,0.3389097514813868,red,right,left,right,pick up the red block,6,pregrasp,96,112,16,0.717948717948718,0.632768361581921,1,8,0.3,0.7,8,0.38480812311172485,0.36606860160827637,0.36606860160827637,0.38480812311172485,0.018739521503448486,0.018739521503448486,0.5713520050048828,-0.1405704915523529,0.26136112213134766
2026_08_18_00_46_25_193744_L1_right_C2,L1,C2,4.0,0.3389097514813868,red,right,left,right,pick up the red block,6,pregrasp,96,112,16,0.717948717948718,0.632768361581921,2,8,0.3,0.7,8,0.32039356231689453,0.3109591007232666,0.3109591007232666,0.32039356231689453,0.00943446159362793,0.00943446159362793,0.5713520050048828,-0.1405704915523529,0.26136112213134766
2026_08_18_00_46_25_193744_L1_right_C2,L1,C2,4.0,0.3389097514813868,red,right,left,right,pick up the red block,6,pregrasp,96,112,16,0.717948717948718,0.632768361581921,3,8,0.3,0.7,8,0.3042548894882202,0.2958585321903229,0.2958585321903229,0.3042548894882202,0.008396357297897339,0.008396357297897339,0.5713520050048828,-0.1405704915523529,0.26136112213134766
2026_08_18_00_46_25_193744_L1_right_C2,L1,C2,4.0,0.3389097514813868,red,right,left,right,pick up the red block,6,pregrasp,96,112,16,0.717948717948718,0.632768361581921,4,8,0.3,0.7,8,0.34176555275917053,0.327590674161911,0.327590674161911,0.34176555275917053,0.014174878597259521,0.014174878597259521,0.5713520050048828,-0.1405704915523529,0.26136112213134766
2026_08_18_00_46_25_193744_L1_right_C2,L1,C2,4.0,0.3389097514813868,red,right,left,right,pick up the red block,6,pregrasp,96,112,16,0.717948717948718,0.632768361581921,5,8,0.3,0.7,8,0.2934722304344177,0.2881375849246979,0.2881375849246979,0.2934722304344177,0.005334645509719849,0.005334645509719849,0.5713520050048828,-0.1405704915523529,0.26136112213134766
2026_08_18_00_46_25_193744_L1_right_C2,L1,C2,4.0,0.3389097514813868,red,right,left,right,pick up the red block,6,pregrasp,96,112,16,0.717948717948718,0.632768361581921,6,8,0.3,0.7,8,0.4211121201515198,0.40207329392433167,0.40207329392433167,0.4211121201515198,0.01903882622718811,0.01903882622718811,0.5713520050048828,-0.1405704915523529,0.26136112213134766
2026_08_18_00_46_25_193744_L1_right_C2,L1,C2,4.0,0.3389097514813868,red,right,left,right,pick up the red block,6,pregrasp,96,112,16,0.717948717948718,0.632768361581921,7,8,0.3,0.7,8,0.3422052264213562,0.32078832387924194,0.32078832387924194,0.3422052264213562,0.021416902542114258,0.021416902542114258,0.5713520050048828,-0.1405704915523529,0.26136112213134766
2026_08_18_00_46_25_193744_L1_right_C2,L1,C2,4.0,0.3389097514813868,red,right,left,right,pick up the red block,6,pregrasp,96,112,16,0.717948717948718,0.632768361581921,8,8,0.3,0.7,8,0.3180239200592041,0.3030499815940857,0.3030499815940857,0.3180239200592041,0.014973938465118408,0.014973938465118408,0.5713520050048828,-0.1405704915523529,0.26136112213134766
2026_08_18_00_46_25_193744_L1_right_C2,L1,C2,4.0,0.3389097514813868,red,right,left,right,pick up the red block,6,pregrasp,96,112,16,0.717948717948718,0.632768361581921,9,8,0.3,0.7,8,0.3514600396156311,0.3392580449581146,0.3392580449581146,0.3514600396156311,0.01220199465751648,0.01220199465751648,0.5713520050048828,-0.1405704915523529,0.26136112213134766
2026_08_18_00_46_25_193744_L1_right_C2,L1,C2,4.0,0.3389097514813868,red,right,left,right,pick up the red block,7,pregrasp,112,128,16,0.8205128205128205,0.7231638418079096,0,8,0.3,0.7,8,0.2859521508216858,0.2946503758430481,0.2946503758430481,0.2859521508216858,-0.008698225021362305,-0.008698225021362305,0.6075618267059326,-0.09266570210456848,0.22456377744674683
2026_08_18_00_46_25_193744_L1_right_C2,L1,C2,4.0,0.3389097514813868,red,right,left,right,pick up the red block,7,pregrasp,112,128,16,0.8205128205128205,0.7231638418079096,1,8,0.3,0.7,8,0.3051823675632477,0.30852025747299194,0.30852025747299194,0.3051823675632477,-0.0033378899097442627,-0.0033378899097442627,0.6075618267059326,-0.09266570210456848,0.22456377744674683
2026_08_18_00_46_25_193744_L1_right_C2,L1,C2,4.0,0.3389097514813868,red,right,left,right,pick up the red block,7,pregrasp,112,128,16,0.8205128205128205,0.7231638418079096,2,8,0.3,0.7,8,0.24807870388031006,0.2570042014122009,0.2570042014122009,0.24807870388031006,-0.00892549753189087,-0.00892549753189087,0.6075618267059326,-0.09266570210456848,0.22456377744674683
2026_08_18_00_46_25_193744_L1_right_C2,L1,C2,4.0,0.3389097514813868,red,right,left,right,pick up the red block,7,pregrasp,112,128,16,0.8205128205128205,0.7231638418079096,3,8,0.3,0.7,8,0.3524923324584961,0.3451944887638092,0.3451944887638092,0.3524923324584961,0.00729784369468689,0.00729784369468689,0.6075618267059326,-0.09266570210456848,0.22456377744674683
2026_08_18_00_46_25_193744_L1_right_C2,L1,C2,4.0,0.3389097514813868,red,right,left,right,pick up the red block,7,pregrasp,112,128,16,0.8205128205128205,0.7231638418079096,4,8,0.3,0.7,8,0.40734803676605225,0.38355857133865356,0.38355857133865356,0.40734803676605225,0.02378946542739868,0.02378946542739868,0.6075618267059326,-0.09266570210456848,0.22456377744674683
2026_08_18_00_46_25_193744_L1_right_C2,L1,C2,4.0,0.3389097514813868,red,right,left,right,pick up the red block,7,pregrasp,112,128,16,0.8205128205128205,0.7231638418079096,5,8,0.3,0.7,8,0.41406235098838806,0.3998714089393616,0.3998714089393616,0.41406235098838806,0.01419094204902649,0.01419094204902649,0.6075618267059326,-0.09266570210456848,0.22456377744674683
2026_08_18_00_46_25_193744_L1_right_C2,L1,C2,4.0,0.3389097514813868,red,right,left,right,pick up the red block,7,pregrasp,112,128,16,0.8205128205128205,0.7231638418079096,6,8,0.3,0.7,8,0.3128754794597626,0.3078107535839081,0.3078107535839081,0.3128754794597626,0.005064725875854492,0.005064725875854492,0.6075618267059326,-0.09266570210456848,0.22456377744674683
2026_08_18_00_46_25_193744_L1_right_C2,L1,C2,4.0,0.3389097514813868,red,right,left,right,pick up the red block,7,pregrasp,112,128,16,0.8205128205128205,0.7231638418079096,7,8,0.3,0.7,8,0.36999207735061646,0.3506130874156952,0.3506130874156952,0.36999207735061646,0.019378989934921265,0.019378989934921265,0.6075618267059326,-0.09266570210456848,0.22456377744674683
2026_08_18_00_46_25_193744_L1_right_C2,L1,C2,4.0,0.3389097514813868,red,right,left,right,pick up the red block,7,pregrasp,112,128,16,0.8205128205128205,0.7231638418079096,8,8,0.3,0.7,8,0.39239978790283203,0.35618874430656433,0.35618874430656433,0.39239978790283203,0.0362110435962677,0.0362110435962677,0.6075618267059326,-0.09266570210456848,0.22456377744674683
2026_08_18_00_46_25_193744_L1_right_C2,L1,C2,4.0,0.3389097514813868,red,right,left,right,pick up the red block,7,pregrasp,112,128,16,0.8205128205128205,0.7231638418079096,9,8,0.3,0.7,8,0.38915228843688965,0.362585186958313,0.362585186958313,0.38915228843688965,0.02656710147857666,0.02656710147857666,0.6075618267059326,-0.09266570210456848,0.22456377744674683
2026_08_18_00_46_25_193744_L1_right_C2,L1,C2,4.0,0.3389097514813868,red,right,left,right,pick up the red block,8,pregrasp,128,144,16,0.9230769230769231,0.8135593220338984,0,8,0.3,0.7,8,0.42744675278663635,0.34999382495880127,0.34999382495880127,0.42744675278663635,0.07745292782783508,0.07745292782783508,0.6394017934799194,-0.04755653813481331,0.19201499223709106
2026_08_18_00_46_25_193744_L1_right_C2,L1,C2,4.0,0.3389097514813868,red,right,left,right,pick up the red block,8,pregrasp,128,144,16,0.9230769230769231,0.8135593220338984,1,8,0.3,0.7,8,0.49247169494628906,0.38462960720062256,0.38462960720062256,0.49247169494628906,0.1078420877456665,0.1078420877456665,0.6394017934799194,-0.04755653813481331,0.19201499223709106
2026_08_18_00_46_25_193744_L1_right_C2,L1,C2,4.0,0.3389097514813868,red,right,left,right,pick up the red block,8,pregrasp,128,144,16,0.9230769230769231,0.8135593220338984,2,8,0.3,0.7,8,0.421182781457901,0.3376314043998718,0.3376314043998718,0.421182781457901,0.08355137705802917,0.08355137705802917,0.6394017934799194,-0.04755653813481331,0.19201499223709106
2026_08_18_00_46_25_193744_L1_right_C2,L1,C2,4.0,0.3389097514813868,red,right,left,right,pick up the red block,8,pregrasp,128,144,16,0.9230769230769231,0.8135593220338984,3,8,0.3,0.7,8,0.39265891909599304,0.31305065751075745,0.31305065751075745,0.39265891909599304,0.0796082615852356,0.0796082615852356,0.6394017934799194,-0.04755653813481331,0.19201499223709106
2026_08_18_00_46_25_193744_L1_right_C2,L1,C2,4.0,0.3389097514813868,red,right,left,right,pick up the red block,8,pregrasp,128,144,16,0.9230769230769231,0.8135593220338984,4,8,0.3,0.7,8,0.4034777581691742,0.3161066770553589,0.3161066770553589,0.4034777581691742,0.08737108111381531,0.08737108111381531,0.6394017934799194,-0.04755653813481331,0.19201499223709106
2026_08_18_00_46_25_193744_L1_right_C2,L1,C2,4.0,0.3389097514813868,red,right,left,right,pick up the red block,8,pregrasp,128,144,16,0.9230769230769231,0.8135593220338984,5,8,0.3,0.7,8,0.3021968901157379,0.23635205626487732,0.23635205626487732,0.3021968901157379,0.0658448338508606,0.0658448338508606,0.6394017934799194,-0.04755653813481331,0.19201499223709106
2026_08_18_00_46_25_193744_L1_right_C2,L1,C2,4.0,0.3389097514813868,red,right,left,right,pick up the red block,8,pregrasp,128,144,16,0.9230769230769231,0.8135593220338984,6,8,0.3,0.7,8,0.4241313636302948,0.3353468179702759,0.3353468179702759,0.4241313636302948,0.08878454566001892,0.08878454566001892,0.6394017934799194,-0.04755653813481331,0.19201499223709106
2026_08_18_00_46_25_193744_L1_right_C2,L1,C2,4.0,0.3389097514813868,red,right,left,right,pick up the red block,8,pregrasp,128,144,16,0.9230769230769231,0.8135593220338984,7,8,0.3,0.7,8,0.3414574861526489,0.27415236830711365,0.27415236830711365,0.3414574861526489,0.06730511784553528,0.06730511784553528,0.6394017934799194,-0.04755653813481331,0.19201499223709106
2026_08_18_00_46_25_193744_L1_right_C2,L1,C2,4.0,0.3389097514813868,red,right,left,right,pick up the red block,8,pregrasp,128,144,16,0.9230769230769231,0.8135593220338984,8,8,0.3,0.7,8,0.3480451703071594,0.2720712125301361,0.2720712125301361,0.3480451703071594,0.07597395777702332,0.07597395777702332,0.6394017934799194,-0.04755653813481331,0.19201499223709106
2026_08_18_00_46_25_193744_L1_right_C2,L1,C2,4.0,0.3389097514813868,red,right,left,right,pick up the red block,8,pregrasp,128,144,16,0.9230769230769231,0.8135593220338984,9,8,0.3,0.7,8,0.4407077133655548,0.3469786047935486,0.3469786047935486,0.4407077133655548,0.09372910857200623,0.09372910857200623,0.6394017934799194,-0.04755653813481331,0.19201499223709106
2026_08_18_00_46_25_193744_L1_right_C2,L1,C2,4.0,0.3389097514813868,red,right,left,right,pick up the red block,9,pregrasp,144,156,12,1.0,0.8813559322033898,0,8,0.3,0.7,8,0.31655415892601013,0.3048042356967926,0.3048042356967926,0.31655415892601013,0.01174992322921753,0.01174992322921753,0.6410431861877441,-0.04583834111690521,0.18990619480609894
2026_08_18_00_46_25_193744_L1_right_C2,L1,C2,4.0,0.3389097514813868,red,right,left,right,pick up the red block,9,pregrasp,144,156,12,1.0,0.8813559322033898,1,8,0.3,0.7,8,0.315324068069458,0.31417375802993774,0.31417375802993774,0.315324068069458,0.0011503100395202637,0.0011503100395202637,0.6410431861877441,-0.04583834111690521,0.18990619480609894
2026_08_18_00_46_25_193744_L1_right_C2,L1,C2,4.0,0.3389097514813868,red,right,left,right,pick up the red block,9,pregrasp,144,156,12,1.0,0.8813559322033898,2,8,0.3,0.7,8,0.25743556022644043,0.2519843876361847,0.2519843876361847,0.25743556022644043,0.005451172590255737,0.005451172590255737,0.6410431861877441,-0.04583834111690521,0.18990619480609894
2026_08_18_00_46_25_193744_L1_right_C2,L1,C2,4.0,0.3389097514813868,red,right,left,right,pick up the red block,9,pregrasp,144,156,12,1.0,0.8813559322033898,3,8,0.3,0.7,8,0.36267906427383423,0.34243953227996826,0.34243953227996826,0.36267906427383423,0.020239531993865967,0.020239531993865967,0.6410431861877441,-0.04583834111690521,0.18990619480609894
2026_08_18_00_46_25_193744_L1_right_C2,L1,C2,4.0,0.3389097514813868,red,right,left,right,pick up the red block,9,pregrasp,144,156,12,1.0,0.8813559322033898,4,8,0.3,0.7,8,0.2805268466472626,0.268836110830307,0.268836110830307,0.2805268466472626,0.011690735816955566,0.011690735816955566,0.6410431861877441,-0.04583834111690521,0.18990619480609894
2026_08_18_00_46_25_193744_L1_right_C2,L1,C2,4.0,0.3389097514813868,red,right,left,right,pick up the red block,9,pregrasp,144,156,12,1.0,0.8813559322033898,5,8,0.3,0.7,8,0.3093634843826294,0.2999231517314911,0.2999231517314911,0.3093634843826294,0.009440332651138306,0.009440332651138306,0.6410431861877441,-0.04583834111690521,0.18990619480609894
2026_08_18_00_46_25_193744_L1_right_C2,L1,C2,4.0,0.3389097514813868,red,right,left,right,pick up the red block,9,pregrasp,144,156,12,1.0,0.8813559322033898,6,8,0.3,0.7,8,0.27189669013023376,0.26080945134162903,0.26080945134162903,0.27189669013023376,0.011087238788604736,0.011087238788604736,0.6410431861877441,-0.04583834111690521,0.18990619480609894
2026_08_18_00_46_25_193744_L1_right_C2,L1,C2,4.0,0.3389097514813868,red,right,left,right,pick up the red block,9,pregrasp,144,156,12,1.0,0.8813559322033898,7,8,0.3,0.7,8,0.43170326948165894,0.4089871346950531,0.4089871346950531,0.43170326948165894,0.022716134786605835,0.022716134786605835,0.6410431861877441,-0.04583834111690521,0.18990619480609894
2026_08_18_00_46_25_193744_L1_right_C2,L1,C2,4.0,0.3389097514813868,red,right,left,right,pick up the red block,9,pregrasp,144,156,12,1.0,0.8813559322033898,8,8,0.3,0.7,8,0.31230446696281433,0.2906619906425476,0.2906619906425476,0.31230446696281433,0.021642476320266724,0.021642476320266724,0.6410431861877441,-0.04583834111690521,0.18990619480609894
2026_08_18_00_46_25_193744_L1_right_C2,L1,C2,4.0,0.3389097514813868,red,right,left,right,pick up the red block,9,pregrasp,144,156,12,1.0,0.8813559322033898,9,8,0.3,0.7,8,0.41321030259132385,0.40431156754493713,0.40431156754493713,0.41321030259132385,0.008898735046386719,0.008898735046386719,0.6410431861877441,-0.04583834111690521,0.18990619480609894
2026_08_18_00_46_25_193744_L1_right_C2,L1,C2,4.0,0.3389097514813868,red,right,left,right,pick up the red block,10,postgrasp,156,172,16,1.0,0.9717514124293786,0,8,0.3,0.7,8,0.42186906933784485,0.44138672947883606,0.44138672947883606,0.42186906933784485,-0.01951766014099121,-0.01951766014099121,0.6414803266525269,-0.04582304507493973,0.19030790030956268
2026_08_18_00_46_25_193744_L1_right_C2,L1,C2,4.0,0.3389097514813868,red,right,left,right,pick up the red block,10,postgrasp,156,172,16,1.0,0.9717514124293786,1,8,0.3,0.7,8,0.42568281292915344,0.45930176973342896,0.45930176973342896,0.42568281292915344,-0.03361895680427551,-0.03361895680427551,0.6414803266525269,-0.04582304507493973,0.19030790030956268
2026_08_18_00_46_25_193744_L1_right_C2,L1,C2,4.0,0.3389097514813868,red,right,left,right,pick up the red block,10,postgrasp,156,172,16,1.0,0.9717514124293786,2,8,0.3,0.7,8,0.41339144110679626,0.5069766044616699,0.5069766044616699,0.41339144110679626,-0.09358516335487366,-0.09358516335487366,0.6414803266525269,-0.04582304507493973,0.19030790030956268
2026_08_18_00_46_25_193744_L1_right_C2,L1,C2,4.0,0.3389097514813868,red,right,left,right,pick up the red block,10,postgrasp,156,172,16,1.0,0.9717514124293786,3,8,0.3,0.7,8,0.44411519169807434,0.5101364850997925,0.5101364850997925,0.44411519169807434,-0.06602129340171814,-0.06602129340171814,0.6414803266525269,-0.04582304507493973,0.19030790030956268
2026_08_18_00_46_25_193744_L1_right_C2,L1,C2,4.0,0.3389097514813868,red,right,left,right,pick up the red block,10,postgrasp,156,172,16,1.0,0.9717514124293786,4,8,0.3,0.7,8,0.3691446781158447,0.42579197883605957,0.42579197883605957,0.3691446781158447,-0.056647300720214844,-0.056647300720214844,0.6414803266525269,-0.04582304507493973,0.19030790030956268
2026_08_18_00_46_25_193744_L1_right_C2,L1,C2,4.0,0.3389097514813868,red,right,left,right,pick up the red block,10,postgrasp,156,172,16,1.0,0.9717514124293786,5,8,0.3,0.7,8,0.3916889429092407,0.4590207636356354,0.4590207636356354,0.3916889429092407,-0.06733182072639465,-0.06733182072639465,0.6414803266525269,-0.04582304507493973,0.19030790030956268
2026_08_18_00_46_25_193744_L1_right_C2,L1,C2,4.0,0.3389097514813868,red,right,left,right,pick up the red block,10,postgrasp,156,172,16,1.0,0.9717514124293786,6,8,0.3,0.7,8,0.3679181933403015,0.40704694390296936,0.40704694390296936,0.3679181933403015,-0.03912875056266785,-0.03912875056266785,0.6414803266525269,-0.04582304507493973,0.19030790030956268
2026_08_18_00_46_25_193744_L1_right_C2,L1,C2,4.0,0.3389097514813868,red,right,left,right,pick up the red block,10,postgrasp,156,172,16,1.0,0.9717514124293786,7,8,0.3,0.7,8,0.3793163597583771,0.4080788195133209,0.4080788195133209,0.3793163597583771,-0.028762459754943848,-0.028762459754943848,0.6414803266525269,-0.04582304507493973,0.19030790030956268
2026_08_18_00_46_25_193744_L1_right_C2,L1,C2,4.0,0.3389097514813868,red,right,left,right,pick up the red block,10,postgrasp,156,172,16,1.0,0.9717514124293786,8,8,0.3,0.7,8,0.370657742023468,0.4408040940761566,0.4408040940761566,0.370657742023468,-0.0701463520526886,-0.0701463520526886,0.6414803266525269,-0.04582304507493973,0.19030790030956268
2026_08_18_00_46_25_193744_L1_right_C2,L1,C2,4.0,0.3389097514813868,red,right,left,right,pick up the red block,10,postgrasp,156,172,16,1.0,0.9717514124293786,9,8,0.3,0.7,8,0.44452226161956787,0.5000464916229248,0.5000464916229248,0.44452226161956787,-0.055524230003356934,-0.055524230003356934,0.6414803266525269,-0.04582304507493973,0.19030790030956268
2026_08_18_00_46_25_193744_L1_right_C2,L1,C2,4.0,0.3389097514813868,red,right,left,right,pick up the red block,11,postgrasp,172,177,5,1.0,1.0,0,8,0.3,0.7,8,0.40150803327560425,0.40394890308380127,0.40394890308380127,0.40150803327560425,-0.0024408698081970215,-0.0024408698081970215,0.6414818167686462,-0.04582320526242256,0.19030863046646118
2026_08_18_00_46_25_193744_L1_right_C2,L1,C2,4.0,0.3389097514813868,red,right,left,right,pick up the red block,11,postgrasp,172,177,5,1.0,1.0,1,8,0.3,0.7,8,0.3854368329048157,0.39019617438316345,0.39019617438316345,0.3854368329048157,-0.004759341478347778,-0.004759341478347778,0.6414818167686462,-0.04582320526242256,0.19030863046646118
2026_08_18_00_46_25_193744_L1_right_C2,L1,C2,4.0,0.3389097514813868,red,right,left,right,pick up the red block,11,postgrasp,172,177,5,1.0,1.0,2,8,0.3,0.7,8,0.3668786883354187,0.369118332862854,0.369118332862854,0.3668786883354187,-0.0022396445274353027,-0.0022396445274353027,0.6414818167686462,-0.04582320526242256,0.19030863046646118
2026_08_18_00_46_25_193744_L1_right_C2,L1,C2,4.0,0.3389097514813868,red,right,left,right,pick up the red block,11,postgrasp,172,177,5,1.0,1.0,3,8,0.3,0.7,8,0.2782752811908722,0.2893158793449402,0.2893158793449402,0.2782752811908722,-0.011040598154067993,-0.011040598154067993,0.6414818167686462,-0.04582320526242256,0.19030863046646118
2026_08_18_00_46_25_193744_L1_right_C2,L1,C2,4.0,0.3389097514813868,red,right,left,right,pick up the red block,11,postgrasp,172,177,5,1.0,1.0,4,8,0.3,0.7,8,0.3559223711490631,0.3587552011013031,0.3587552011013031,0.3559223711490631,-0.0028328299522399902,-0.0028328299522399902,0.6414818167686462,-0.04582320526242256,0.19030863046646118
2026_08_18_00_46_25_193744_L1_right_C2,L1,C2,4.0,0.3389097514813868,red,right,left,right,pick up the red block,11,postgrasp,172,177,5,1.0,1.0,5,8,0.3,0.7,8,0.44541192054748535,0.47949907183647156,0.47949907183647156,0.44541192054748535,-0.034087151288986206,-0.034087151288986206,0.6414818167686462,-0.04582320526242256,0.19030863046646118
2026_08_18_00_46_25_193744_L1_right_C2,L1,C2,4.0,0.3389097514813868,red,right,left,right,pick up the red block,11,postgrasp,172,177,5,1.0,1.0,6,8,0.3,0.7,8,0.34221237897872925,0.357448011636734,0.357448011636734,0.34221237897872925,-0.01523563265800476,-0.01523563265800476,0.6414818167686462,-0.04582320526242256,0.19030863046646118
2026_08_18_00_46_25_193744_L1_right_C2,L1,C2,4.0,0.3389097514813868,red,right,left,right,pick up the red block,11,postgrasp,172,177,5,1.0,1.0,7,8,0.3,0.7,8,0.3315456509590149,0.3507651686668396,0.3507651686668396,0.3315456509590149,-0.019219517707824707,-0.019219517707824707,0.6414818167686462,-0.04582320526242256,0.19030863046646118
2026_08_18_00_46_25_193744_L1_right_C2,L1,C2,4.0,0.3389097514813868,red,right,left,right,pick up the red block,11,postgrasp,172,177,5,1.0,1.0,8,8,0.3,0.7,8,0.29404976963996887,0.2974480390548706,0.2974480390548706,0.29404976963996887,-0.0033982694149017334,-0.0033982694149017334,0.6414818167686462,-0.04582320526242256,0.19030863046646118
2026_08_18_00_46_25_193744_L1_right_C2,L1,C2,4.0,0.3389097514813868,red,right,left,right,pick up the red block,11,postgrasp,172,177,5,1.0,1.0,9,8,0.3,0.7,8,0.3776564598083496,0.3848108649253845,0.3848108649253845,0.3776564598083496,-0.007154405117034912,-0.007154405117034912,0.6414818167686462,-0.04582320526242256,0.19030863046646118
2026_08_18_00_48_13_457980_L1_left_C0,L1,C0,0.0,0.0,red,left,right,left,pick up the red block,0,pregrasp,0,16,16,0.13793103448275862,0.11678832116788321,0,8,0.3,0.7,8,0.33053556084632874,0.3216692805290222,0.3216692805290222,0.33053556084632874,0.008866280317306519,0.008866280317306519,0.38151416182518005,-0.0034299236722290516,0.46659812331199646
2026_08_18_00_48_13_457980_L1_left_C0,L1,C0,0.0,0.0,red,left,right,left,pick up the red block,0,pregrasp,0,16,16,0.13793103448275862,0.11678832116788321,1,8,0.3,0.7,8,0.4576350450515747,0.4495844841003418,0.4495844841003418,0.4576350450515747,0.00805056095123291,0.00805056095123291,0.38151416182518005,-0.0034299236722290516,0.46659812331199646
2026_08_18_00_48_13_457980_L1_left_C0,L1,C0,0.0,0.0,red,left,right,left,pick up the red block,0,pregrasp,0,16,16,0.13793103448275862,0.11678832116788321,2,8,0.3,0.7,8,0.3037104606628418,0.30009958148002625,0.30009958148002625,0.3037104606628418,0.0036108791828155518,0.0036108791828155518,0.38151416182518005,-0.0034299236722290516,0.46659812331199646
2026_08_18_00_48_13_457980_L1_left_C0,L1,C0,0.0,0.0,red,left,right,left,pick up the red block,0,pregrasp,0,16,16,0.13793103448275862,0.11678832116788321,3,8,0.3,0.7,8,0.3077643811702728,0.29106950759887695,0.29106950759887695,0.3077643811702728,0.016694873571395874,0.016694873571395874,0.38151416182518005,-0.0034299236722290516,0.46659812331199646
2026_08_18_00_48_13_457980_L1_left_C0,L1,C0,0.0,0.0,red,left,right,left,pick up the red block,0,pregrasp,0,16,16,0.13793103448275862,0.11678832116788321,4,8,0.3,0.7,8,0.3718589246273041,0.3693907558917999,0.3693907558917999,0.3718589246273041,0.0024681687355041504,0.0024681687355041504,0.38151416182518005,-0.0034299236722290516,0.46659812331199646
2026_08_18_00_48_13_457980_L1_left_C0,L1,C0,0.0,0.0,red,left,right,left,pick up the red block,0,pregrasp,0,16,16,0.13793103448275862,0.11678832116788321,5,8,0.3,0.7,8,0.3024385869503021,0.33975598216056824,0.33975598216056824,0.3024385869503021,-0.03731739521026611,-0.03731739521026611,0.38151416182518005,-0.0034299236722290516,0.46659812331199646
2026_08_18_00_48_13_457980_L1_left_C0,L1,C0,0.0,0.0,red,left,right,left,pick up the red block,0,pregrasp,0,16,16,0.13793103448275862,0.11678832116788321,6,8,0.3,0.7,8,0.30747753381729126,0.26915690302848816,0.26915690302848816,0.30747753381729126,0.0383206307888031,0.0383206307888031,0.38151416182518005,-0.0034299236722290516,0.46659812331199646
2026_08_18_00_48_13_457980_L1_left_C0,L1,C0,0.0,0.0,red,left,right,left,pick up the red block,0,pregrasp,0,16,16,0.13793103448275862,0.11678832116788321,7,8,0.3,0.7,8,0.3572123646736145,0.40211236476898193,0.40211236476898193,0.3572123646736145,-0.04490000009536743,-0.04490000009536743,0.38151416182518005,-0.0034299236722290516,0.46659812331199646
2026_08_18_00_48_13_457980_L1_left_C0,L1,C0,0.0,0.0,red,left,right,left,pick up the red block,0,pregrasp,0,16,16,0.13793103448275862,0.11678832116788321,8,8,0.3,0.7,8,0.38318875432014465,0.4070139229297638,0.4070139229297638,0.38318875432014465,-0.02382516860961914,-0.02382516860961914,0.38151416182518005,-0.0034299236722290516,0.46659812331199646
2026_08_18_00_48_13_457980_L1_left_C0,L1,C0,0.0,0.0,red,left,right,left,pick up the red block,0,pregrasp,0,16,16,0.13793103448275862,0.11678832116788321,9,8,0.3,0.7,8,0.4387258291244507,0.44439852237701416,0.44439852237701416,0.4387258291244507,-0.0056726932525634766,-0.0056726932525634766,0.38151416182518005,-0.0034299236722290516,0.46659812331199646
2026_08_18_00_48_13_457980_L1_left_C0,L1,C0,0.0,0.0,red,left,right,left,pick up the red block,1,pregrasp,16,32,16,0.27586206896551724,0.23357664233576642,0,8,0.3,0.7,8,0.32977792620658875,0.272942453622818,0.272942453622818,0.32977792620658875,0.05683547258377075,0.05683547258377075,0.4242289662361145,0.003223566571250558,0.41246289014816284
2026_08_18_00_48_13_457980_L1_left_C0,L1,C0,0.0,0.0,red,left,right,left,pick up the red block,1,pregrasp,16,32,16,0.27586206896551724,0.23357664233576642,1,8,0.3,0.7,8,0.45903250575065613,0.41439080238342285,0.41439080238342285,0.45903250575065613,0.044641703367233276,0.044641703367233276,0.4242289662361145,0.003223566571250558,0.41246289014816284
2026_08_18_00_48_13_457980_L1_left_C0,L1,C0,0.0,0.0,red,left,right,left,pick up the red block,1,pregrasp,16,32,16,0.27586206896551724,0.23357664233576642,2,8,0.3,0.7,8,0.3908765912055969,0.32719889283180237,0.32719889283180237,0.3908765912055969,0.06367769837379456,0.06367769837379456,0.4242289662361145,0.003223566571250558,0.41246289014816284
2026_08_18_00_48_13_457980_L1_left_C0,L1,C0,0.0,0.0,red,left,right,left,pick up the red block,1,pregrasp,16,32,16,0.27586206896551724,0.23357664233576642,3,8,0.3,0.7,8,0.3199298679828644,0.28910237550735474,0.28910237550735474,0.3199298679828644,0.030827492475509644,0.030827492475509644,0.4242289662361145,0.003223566571250558,0.41246289014816284
2026_08_18_00_48_13_457980_L1_left_C0,L1,C0,0.0,0.0,red,left,right,left,pick up the red block,1,pregrasp,16,32,16,0.27586206896551724,0.23357664233576642,4,8,0.3,0.7,8,0.26784342527389526,0.243355855345726,0.243355855345726,0.26784342527389526,0.02448756992816925,0.02448756992816925,0.4242289662361145,0.003223566571250558,0.41246289014816284
2026_08_18_00_48_13_457980_L1_left_C0,L1,C0,0.0,0.0,red,left,right,left,pick up the red block,1,pregrasp,16,32,16,0.27586206896551724,0.23357664233576642,5,8,0.3,0.7,8,0.3943046033382416,0.37851682305336,0.37851682305336,0.3943046033382416,0.015787780284881592,0.015787780284881592,0.4242289662361145,0.003223566571250558,0.41246289014816284
2026_08_18_00_48_13_457980_L1_left_C0,L1,C0,0.0,0.0,red,left,right,left,pick up the red block,1,pregrasp,16,32,16,0.27586206896551724,0.23357664233576642,6,8,0.3,0.7,8,0.33770984411239624,0.2782454490661621,0.2782454490661621,0.33770984411239624,0.05946439504623413,0.05946439504623413,0.4242289662361145,0.003223566571250558,0.41246289014816284
2026_08_18_00_48_13_457980_L1_left_C0,L1,C0,0.0,0.0,red,left,right,left,pick up the red block,1,pregrasp,16,32,16,0.27586206896551724,0.23357664233576642,7,8,0.3,0.7,8,0.26857858896255493,0.23016515374183655,0.23016515374183655,0.26857858896255493,0.038413435220718384,0.038413435220718384,0.4242289662361145,0.003223566571250558,0.41246289014816284
2026_08_18_00_48_13_457980_L1_left_C0,L1,C0,0.0,0.0,red,left,right,left,pick up the red block,1,pregrasp,16,32,16,0.27586206896551724,0.23357664233576642,8,8,0.3,0.7,8,0.289334774017334,0.22680717706680298,0.22680717706680298,0.289334774017334,0.062527596950531,0.062527596950531,0.4242289662361145,0.003223566571250558,0.41246289014816284
2026_08_18_00_48_13_457980_L1_left_C0,L1,C0,0.0,0.0,red,left,right,left,pick up the red block,1,pregrasp,16,32,16,0.27586206896551724,0.23357664233576642,9,8,0.3,0.7,8,0.3280906677246094,0.2331908941268921,0.2331908941268921,0.3280906677246094,0.09489977359771729,0.09489977359771729,0.4242289662361145,0.003223566571250558,0.41246289014816284
2026_08_18_00_48_13_457980_L1_left_C0,L1,C0,0.0,0.0,red,left,right,left,pick up the red block,2,pregrasp,32,48,16,0.41379310344827586,0.35036496350364965,0,8,0.3,0.7,8,0.24623465538024902,0.2484428584575653,0.2484428584575653,0.24623465538024902,-0.002208203077316284,-0.002208203077316284,0.472877562046051,0.010629075579345226,0.3630729913711548
2026_08_18_00_48_13_457980_L1_left_C0,L1,C0,0.0,0.0,red,left,right,left,pick up the red block,2,pregrasp,32,48,16,0.41379310344827586,0.35036496350364965,1,8,0.3,0.7,8,0.21077078580856323,0.21002927422523499,0.21002927422523499,0.21077078580856323,0.0007415115833282471,0.0007415115833282471,0.472877562046051,0.010629075579345226,0.3630729913711548
2026_08_18_00_48_13_457980_L1_left_C0,L1,C0,0.0,0.0,red,left,right,left,pick up the red block,2,pregrasp,32,48,16,0.41379310344827586,0.35036496350364965,2,8,0.3,0.7,8,0.35537999868392944,0.35421714186668396,0.35421714186668396,0.35537999868392944,0.0011628568172454834,0.0011628568172454834,0.472877562046051,0.010629075579345226,0.3630729913711548
2026_08_18_00_48_13_457980_L1_left_C0,L1,C0,0.0,0.0,red,left,right,left,pick up the red block,2,pregrasp,32,48,16,0.41379310344827586,0.35036496350364965,3,8,0.3,0.7,8,0.33352214097976685,0.3242828845977783,0.3242828845977783,0.33352214097976685,0.009239256381988525,0.009239256381988525,0.472877562046051,0.010629075579345226,0.3630729913711548
2026_08_18_00_48_13_457980_L1_left_C0,L1,C0,0.0,0.0,red,left,right,left,pick up the red block,2,pregrasp,32,48,16,0.41379310344827586,0.35036496350364965,4,8,0.3,0.7,8,0.3197498023509979,0.32070815563201904,0.32070815563201904,0.3197498023509979,-0.0009583532810211182,-0.0009583532810211182,0.472877562046051,0.010629075579345226,0.3630729913711548
2026_08_18_00_48_13_457980_L1_left_C0,L1,C0,0.0,0.0,red,left,right,left,pick up the red block,2,pregrasp,32,48,16,0.41379310344827586,0.35036496350364965,5,8,0.3,0.7,8,0.2865622341632843,0.2852233350276947,0.2852233350276947,0.2865622341632843,0.0013388991355895996,0.0013388991355895996,0.472877562046051,0.010629075579345226,0.3630729913711548
2026_08_18_00_48_13_457980_L1_left_C0,L1,C0,0.0,0.0,red,left,right,left,pick up the red block,2,pregrasp,32,48,16,0.41379310344827586,0.35036496350364965,6,8,0.3,0.7,8,0.30002373456954956,0.2996131479740143,0.2996131479740143,0.30002373456954956,0.0004105865955352783,0.0004105865955352783,0.472877562046051,0.010629075579345226,0.3630729913711548
2026_08_18_00_48_13_457980_L1_left_C0,L1,C0,0.0,0.0,red,left,right,left,pick up the red block,2,pregrasp,32,48,16,0.41379310344827586,0.35036496350364965,7,8,0.3,0.7,8,0.29841336607933044,0.3022940158843994,0.3022940158843994,0.29841336607933044,-0.0038806498050689697,-0.0038806498050689697,0.472877562046051,0.010629075579345226,0.3630729913711548
2026_08_18_00_48_13_457980_L1_left_C0,L1,C0,0.0,0.0,red,left,right,left,pick up the red block,2,pregrasp,32,48,16,0.41379310344827586,0.35036496350364965,8,8,0.3,0.7,8,0.2344447374343872,0.236358642578125,0.236358642578125,0.2344447374343872,-0.001913905143737793,-0.001913905143737793,0.472877562046051,0.010629075579345226,0.3630729913711548
2026_08_18_00_48_13_457980_L1_left_C0,L1,C0,0.0,0.0,red,left,right,left,pick up the red block,2,pregrasp,32,48,16,0.41379310344827586,0.35036496350364965,9,8,0.3,0.7,8,0.364490270614624,0.3779938519001007,0.3779938519001007,0.364490270614624,-0.013503581285476685,-0.013503581285476685,0.472877562046051,0.010629075579345226,0.3630729913711548
2026_08_18_00_48_13_457980_L1_left_C0,L1,C0,0.0,0.0,red,left,right,left,pick up the red block,3,pregrasp,48,64,16,0.5517241379310345,0.46715328467153283,0,8,0.3,0.7,8,0.30615541338920593,0.2901753783226013,0.2901753783226013,0.30615541338920593,0.015980035066604614,0.015980035066604614,0.521206259727478,0.018230615183711052,0.3134201467037201
2026_08_18_00_48_13_457980_L1_left_C0,L1,C0,0.0,0.0,red,left,right,left,pick up the red block,3,pregrasp,48,64,16,0.5517241379310345,0.46715328467153283,1,8,0.3,0.7,8,0.2754433751106262,0.25184524059295654,0.25184524059295654,0.2754433751106262,0.023598134517669678,0.023598134517669678,0.521206259727478,0.018230615183711052,0.3134201467037201
2026_08_18_00_48_13_457980_L1_left_C0,L1,C0,0.0,0.0,red,left,right,left,pick up the red block,3,pregrasp,48,64,16,0.5517241379310345,0.46715328467153283,2,8,0.3,0.7,8,0.28223827481269836,0.27067840099334717,0.27067840099334717,0.28223827481269836,0.011559873819351196,0.011559873819351196,0.521206259727478,0.018230615183711052,0.3134201467037201
2026_08_18_00_48_13_457980_L1_left_C0,L1,C0,0.0,0.0,red,left,right,left,pick up the red block,3,pregrasp,48,64,16,0.5517241379310345,0.46715328467153283,3,8,0.3,0.7,8,0.17214679718017578,0.13583660125732422,0.13583660125732422,0.17214679718017578,0.03631019592285156,0.03631019592285156,0.521206259727478,0.018230615183711052,0.3134201467037201
2026_08_18_00_48_13_457980_L1_left_C0,L1,C0,0.0,0.0,red,left,right,left,pick up the red block,3,pregrasp,48,64,16,0.5517241379310345,0.46715328467153283,4,8,0.3,0.7,8,0.1433996856212616,0.1208275705575943,0.1208275705575943,0.1433996856212616,0.022572115063667297,0.022572115063667297,0.521206259727478,0.018230615183711052,0.3134201467037201
2026_08_18_00_48_13_457980_L1_left_C0,L1,C0,0.0,0.0,red,left,right,left,pick up the red block,3,pregrasp,48,64,16,0.5517241379310345,0.46715328467153283,5,8,0.3,0.7,8,0.21126672625541687,0.18517786264419556,0.18517786264419556,0.21126672625541687,0.026088863611221313,0.026088863611221313,0.521206259727478,0.018230615183711052,0.3134201467037201
2026_08_18_00_48_13_457980_L1_left_C0,L1,C0,0.0,0.0,red,left,right,left,pick up the red block,3,pregrasp,48,64,16,0.5517241379310345,0.46715328467153283,6,8,0.3,0.7,8,0.36082881689071655,0.3266293406486511,0.3266293406486511,0.36082881689071655,0.03419947624206543,0.03419947624206543,0.521206259727478,0.018230615183711052,0.3134201467037201
2026_08_18_00_48_13_457980_L1_left_C0,L1,C0,0.0,0.0,red,left,right,left,pick up the red block,3,pregrasp,48,64,16,0.5517241379310345,0.46715328467153283,7,8,0.3,0.7,8,0.26079460978507996,0.23062226176261902,0.23062226176261902,0.26079460978507996,0.030172348022460938,0.030172348022460938,0.521206259727478,0.018230615183711052,0.3134201467037201
2026_08_18_00_48_13_457980_L1_left_C0,L1,C0,0.0,0.0,red,left,right,left,pick up the red block,3,pregrasp,48,64,16,0.5517241379310345,0.46715328467153283,8,8,0.3,0.7,8,0.358611136674881,0.3492717444896698,0.3492717444896698,0.358611136674881,0.009339392185211182,0.009339392185211182,0.521206259727478,0.018230615183711052,0.3134201467037201
2026_08_18_00_48_13_457980_L1_left_C0,L1,C0,0.0,0.0,red,left,right,left,pick up the red block,3,pregrasp,48,64,16,0.5517241379310345,0.46715328467153283,9,8,0.3,0.7,8,0.18960119783878326,0.16745392978191376,0.16745392978191376,0.18960119783878326,0.022147268056869507,0.022147268056869507,0.521206259727478,0.018230615183711052,0.3134201467037201
2026_08_18_00_48_13_457980_L1_left_C0,L1,C0,0.0,0.0,red,left,right,left,pick up the red block,4,pregrasp,64,80,16,0.6896551724137931,0.583941605839416,0,8,0.3,0.7,8,0.2471620738506317,0.18723361194133759,0.18723361194133759,0.2471620738506317,0.05992846190929413,0.05992846190929413,0.5696132183074951,0.026158731430768967,0.26392096281051636
2026_08_18_00_48_13_457980_L1_left_C0,L1,C0,0.0,0.0,red,left,right,left,pick up the red block,4,pregrasp,64,80,16,0.6896551724137931,0.583941605839416,1,8,0.3,0.7,8,0.24080297350883484,0.19061018526554108,0.19061018526554108,0.24080297350883484,0.05019278824329376,0.05019278824329376,0.5696132183074951,0.026158731430768967,0.26392096281051636
2026_08_18_00_48_13_457980_L1_left_C0,L1,C0,0.0,0.0,red,left,right,left,pick up the red block,4,pregrasp,64,80,16,0.6896551724137931,0.583941605839416,2,8,0.3,0.7,8,0.23922428488731384,0.20002241432666779,0.20002241432666779,0.23922428488731384,0.03920187056064606,0.03920187056064606,0.5696132183074951,0.026158731430768967,0.26392096281051636
2026_08_18_00_48_13_457980_L1_left_C0,L1,C0,0.0,0.0,red,left,right,left,pick up the red block,4,pregrasp,64,80,16,0.6896551724137931,0.583941605839416,3,8,0.3,0.7,8,0.27438080310821533,0.2336072027683258,0.2336072027683258,0.27438080310821533,0.040773600339889526,0.040773600339889526,0.5696132183074951,0.026158731430768967,0.26392096281051636
2026_08_18_00_48_13_457980_L1_left_C0,L1,C0,0.0,0.0,red,left,right,left,pick up the red block,4,pregrasp,64,80,16,0.6896551724137931,0.583941605839416,4,8,0.3,0.7,8,0.2751031219959259,0.22402292490005493,0.22402292490005493,0.2751031219959259,0.05108019709587097,0.05108019709587097,0.5696132183074951,0.026158731430768967,0.26392096281051636
2026_08_18_00_48_13_457980_L1_left_C0,L1,C0,0.0,0.0,red,left,right,left,pick up the red block,4,pregrasp,64,80,16,0.6896551724137931,0.583941605839416,5,8,0.3,0.7,8,0.2810019254684448,0.2134217917919159,0.2134217917919159,0.2810019254684448,0.06758013367652893,0.06758013367652893,0.5696132183074951,0.026158731430768967,0.26392096281051636
2026_08_18_00_48_13_457980_L1_left_C0,L1,C0,0.0,0.0,red,left,right,left,pick up the red block,4,pregrasp,64,80,16,0.6896551724137931,0.583941605839416,6,8,0.3,0.7,8,0.2952475845813751,0.2450438141822815,0.2450438141822815,0.2952475845813751,0.05020377039909363,0.05020377039909363,0.5696132183074951,0.026158731430768967,0.26392096281051636
2026_08_18_00_48_13_457980_L1_left_C0,L1,C0,0.0,0.0,red,left,right,left,pick up the red block,4,pregrasp,64,80,16,0.6896551724137931,0.583941605839416,7,8,0.3,0.7,8,0.15660397708415985,0.0960935726761818,0.0960935726761818,0.15660397708415985,0.06051040440797806,0.06051040440797806,0.5696132183074951,0.026158731430768967,0.26392096281051636
2026_08_18_00_48_13_457980_L1_left_C0,L1,C0,0.0,0.0,red,left,right,left,pick up the red block,4,pregrasp,64,80,16,0.6896551724137931,0.583941605839416,8,8,0.3,0.7,8,0.16666853427886963,0.12584756314754486,0.12584756314754486,0.16666853427886963,0.04082097113132477,0.04082097113132477,0.5696132183074951,0.026158731430768967,0.26392096281051636
2026_08_18_00_48_13_457980_L1_left_C0,L1,C0,0.0,0.0,red,left,right,left,pick up the red block,4,pregrasp,64,80,16,0.6896551724137931,0.583941605839416,9,8,0.3,0.7,8,0.1393185555934906,0.10175714641809464,0.10175714641809464,0.1393185555934906,0.037561409175395966,0.037561409175395966,0.5696132183074951,0.026158731430768967,0.26392096281051636
2026_08_18_00_48_13_457980_L1_left_C0,L1,C0,0.0,0.0,red,left,right,left,pick up the red block,5,pregrasp,80,96,16,0.8275862068965517,0.7007299270072993,0,8,0.3,0.7,8,0.3062034845352173,0.2712298035621643,0.2712298035621643,0.3062034845352173,0.03497368097305298,0.03497368097305298,0.6183848977088928,0.03343290090560913,0.21400782465934753
2026_08_18_00_48_13_457980_L1_left_C0,L1,C0,0.0,0.0,red,left,right,left,pick up the red block,5,pregrasp,80,96,16,0.8275862068965517,0.7007299270072993,1,8,0.3,0.7,8,0.15093517303466797,0.135157510638237,0.135157510638237,0.15093517303466797,0.01577766239643097,0.01577766239643097,0.6183848977088928,0.03343290090560913,0.21400782465934753
2026_08_18_00_48_13_457980_L1_left_C0,L1,C0,0.0,0.0,red,left,right,left,pick up the red block,5,pregrasp,80,96,16,0.8275862068965517,0.7007299270072993,2,8,0.3,0.7,8,0.16624106466770172,0.1418956220149994,0.1418956220149994,0.16624106466770172,0.02434544265270233,0.02434544265270233,0.6183848977088928,0.03343290090560913,0.21400782465934753
2026_08_18_00_48_13_457980_L1_left_C0,L1,C0,0.0,0.0,red,left,right,left,pick up the red block,5,pregrasp,80,96,16,0.8275862068965517,0.7007299270072993,3,8,0.3,0.7,8,0.2679647207260132,0.23728406429290771,0.23728406429290771,0.2679647207260132,0.03068065643310547,0.03068065643310547,0.6183848977088928,0.03343290090560913,0.21400782465934753
2026_08_18_00_48_13_457980_L1_left_C0,L1,C0,0.0,0.0,red,left,right,left,pick up the red block,5,pregrasp,80,96,16,0.8275862068965517,0.7007299270072993,4,8,0.3,0.7,8,0.29450538754463196,0.26645976305007935,0.26645976305007935,0.29450538754463196,0.028045624494552612,0.028045624494552612,0.6183848977088928,0.03343290090560913,0.21400782465934753
2026_08_18_00_48_13_457980_L1_left_C0,L1,C0,0.0,0.0,red,left,right,left,pick up the red block,5,pregrasp,80,96,16,0.8275862068965517,0.7007299270072993,5,8,0.3,0.7,8,0.2002945840358734,0.17451444268226624,0.17451444268226624,0.2002945840358734,0.025780141353607178,0.025780141353607178,0.6183848977088928,0.03343290090560913,0.21400782465934753
2026_08_18_00_48_13_457980_L1_left_C0,L1,C0,0.0,0.0,red,left,right,left,pick up the red block,5,pregrasp,80,96,16,0.8275862068965517,0.7007299270072993,6,8,0.3,0.7,8,0.3093476891517639,0.27637773752212524,0.27637773752212524,0.3093476891517639,0.03296995162963867,0.03296995162963867,0.6183848977088928,0.03343290090560913,0.21400782465934753
2026_08_18_00_48_13_457980_L1_left_C0,L1,C0,0.0,0.0,red,left,right,left,pick up the red block,5,pregrasp,80,96,16,0.8275862068965517,0.7007299270072993,7,8,0.3,0.7,8,0.21861453354358673,0.1970478892326355,0.1970478892326355,0.21861453354358673,0.021566644310951233,0.021566644310951233,0.6183848977088928,0.03343290090560913,0.21400782465934753
2026_08_18_00_48_13_457980_L1_left_C0,L1,C0,0.0,0.0,red,left,right,left,pick up the red block,5,pregrasp,80,96,16,0.8275862068965517,0.7007299270072993,8,8,0.3,0.7,8,0.15555302798748016,0.13783252239227295,0.13783252239227295,0.15555302798748016,0.017720505595207214,0.017720505595207214,0.6183848977088928,0.03343290090560913,0.21400782465934753
2026_08_18_00_48_13_457980_L1_left_C0,L1,C0,0.0,0.0,red,left,right,left,pick up the red block,5,pregrasp,80,96,16,0.8275862068965517,0.7007299270072993,9,8,0.3,0.7,8,0.2076122909784317,0.17835737764835358,0.17835737764835358,0.2076122909784317,0.029254913330078125,0.029254913330078125,0.6183848977088928,0.03343290090560913,0.21400782465934753
2026_08_18_00_48_13_457980_L1_left_C0,L1,C0,0.0,0.0,red,left,right,left,pick up the red block,6,pregrasp,96,112,16,0.9655172413793104,0.8175182481751825,0,8,0.3,0.7,8,0.25458329916000366,0.2358664572238922,0.2358664572238922,0.25458329916000366,0.01871684193611145,0.01871684193611145,0.6422836184501648,0.03716021031141281,0.1893698126077652
2026_08_18_00_48_13_457980_L1_left_C0,L1,C0,0.0,0.0,red,left,right,left,pick up the red block,6,pregrasp,96,112,16,0.9655172413793104,0.8175182481751825,1,8,0.3,0.7,8,0.2110223025083542,0.20778094232082367,0.20778094232082367,0.2110223025083542,0.0032413601875305176,0.0032413601875305176,0.6422836184501648,0.03716021031141281,0.1893698126077652
2026_08_18_00_48_13_457980_L1_left_C0,L1,C0,0.0,0.0,red,left,right,left,pick up the red block,6,pregrasp,96,112,16,0.9655172413793104,0.8175182481751825,2,8,0.3,0.7,8,0.21112704277038574,0.19346685707569122,0.19346685707569122,0.21112704277038574,0.01766018569469452,0.01766018569469452,0.6422836184501648,0.03716021031141281,0.1893698126077652
2026_08_18_00_48_13_457980_L1_left_C0,L1,C0,0.0,0.0,red,left,right,left,pick up the red block,6,pregrasp,96,112,16,0.9655172413793104,0.8175182481751825,3,8,0.3,0.7,8,0.237201526761055,0.22128966450691223,0.22128966450691223,0.237201526761055,0.01591186225414276,0.01591186225414276,0.6422836184501648,0.03716021031141281,0.1893698126077652
2026_08_18_00_48_13_457980_L1_left_C0,L1,C0,0.0,0.0,red,left,right,left,pick up the red block,6,pregrasp,96,112,16,0.9655172413793104,0.8175182481751825,4,8,0.3,0.7,8,0.28258687257766724,0.2778702974319458,0.2778702974319458,0.28258687257766724,0.0047165751457214355,0.0047165751457214355,0.6422836184501648,0.03716021031141281,0.1893698126077652
2026_08_18_00_48_13_457980_L1_left_C0,L1,C0,0.0,0.0,red,left,right,left,pick up the red block,6,pregrasp,96,112,16,0.9655172413793104,0.8175182481751825,5,8,0.3,0.7,8,0.20682159066200256,0.17667749524116516,0.17667749524116516,0.20682159066200256,0.030144095420837402,0.030144095420837402,0.6422836184501648,0.03716021031141281,0.1893698126077652
2026_08_18_00_48_13_457980_L1_left_C0,L1,C0,0.0,0.0,red,left,right,left,pick up the red block,6,pregrasp,96,112,16,0.9655172413793104,0.8175182481751825,6,8,0.3,0.7,8,0.15130400657653809,0.13581718504428864,0.13581718504428864,0.15130400657653809,0.01548682153224945,0.01548682153224945,0.6422836184501648,0.03716021031141281,0.1893698126077652
2026_08_18_00_48_13_457980_L1_left_C0,L1,C0,0.0,0.0,red,left,right,left,pick up the red block,6,pregrasp,96,112,16,0.9655172413793104,0.8175182481751825,7,8,0.3,0.7,8,0.27009251713752747,0.24187897145748138,0.24187897145748138,0.27009251713752747,0.02821354568004608,0.02821354568004608,0.6422836184501648,0.03716021031141281,0.1893698126077652
2026_08_18_00_48_13_457980_L1_left_C0,L1,C0,0.0,0.0,red,left,right,left,pick up the red block,6,pregrasp,96,112,16,0.9655172413793104,0.8175182481751825,8,8,0.3,0.7,8,0.2933884263038635,0.27247166633605957,0.27247166633605957,0.2933884263038635,0.020916759967803955,0.020916759967803955,0.6422836184501648,0.03716021031141281,0.1893698126077652
2026_08_18_00_48_13_457980_L1_left_C0,L1,C0,0.0,0.0,red,left,right,left,pick up the red block,6,pregrasp,96,112,16,0.9655172413793104,0.8175182481751825,9,8,0.3,0.7,8,0.31107038259506226,0.2769037187099457,0.2769037187099457,0.31107038259506226,0.03416666388511658,0.03416666388511658,0.6422836184501648,0.03716021031141281,0.1893698126077652
2026_08_18_00_48_13_457980_L1_left_C0,L1,C0,0.0,0.0,red,left,right,left,pick up the red block,7,pregrasp,112,116,4,1.0,0.8467153284671532,0,8,0.3,0.7,8,0.23650485277175903,0.2128893882036209,0.2128893882036209,0.23650485277175903,0.023615464568138123,0.023615464568138123,0.6422896385192871,0.037183549255132675,0.18937361240386963
2026_08_18_00_48_13_457980_L1_left_C0,L1,C0,0.0,0.0,red,left,right,left,pick up the red block,7,pregrasp,112,116,4,1.0,0.8467153284671532,1,8,0.3,0.7,8,0.31454595923423767,0.30568042397499084,0.30568042397499084,0.31454595923423767,0.008865535259246826,0.008865535259246826,0.6422896385192871,0.037183549255132675,0.18937361240386963
2026_08_18_00_48_13_457980_L1_left_C0,L1,C0,0.0,0.0,red,left,right,left,pick up the red block,7,pregrasp,112,116,4,1.0,0.8467153284671532,2,8,0.3,0.7,8,0.29996800422668457,0.299751341342926,0.299751341342926,0.29996800422668457,0.00021666288375854492,0.00021666288375854492,0.6422896385192871,0.037183549255132675,0.18937361240386963
2026_08_18_00_48_13_457980_L1_left_C0,L1,C0,0.0,0.0,red,left,right,left,pick up the red block,7,pregrasp,112,116,4,1.0,0.8467153284671532,3,8,0.3,0.7,8,0.23676776885986328,0.2078505903482437,0.2078505903482437,0.23676776885986328,0.028917178511619568,0.028917178511619568,0.6422896385192871,0.037183549255132675,0.18937361240386963
2026_08_18_00_48_13_457980_L1_left_C0,L1,C0,0.0,0.0,red,left,right,left,pick up the red block,7,pregrasp,112,116,4,1.0,0.8467153284671532,4,8,0.3,0.7,8,0.1950417309999466,0.1818971335887909,0.1818971335887909,0.1950417309999466,0.0131445974111557,0.0131445974111557,0.6422896385192871,0.037183549255132675,0.18937361240386963
2026_08_18_00_48_13_457980_L1_left_C0,L1,C0,0.0,0.0,red,left,right,left,pick up the red block,7,pregrasp,112,116,4,1.0,0.8467153284671532,5,8,0.3,0.7,8,0.23013901710510254,0.22055365145206451,0.22055365145206451,0.23013901710510254,0.009585365653038025,0.009585365653038025,0.6422896385192871,0.037183549255132675,0.18937361240386963
2026_08_18_00_48_13_457980_L1_left_C0,L1,C0,0.0,0.0,red,left,right,left,pick up the red block,7,pregrasp,112,116,4,1.0,0.8467153284671532,6,8,0.3,0.7,8,0.3521036207675934,0.3441466987133026,0.3441466987133026,0.3521036207675934,0.007956922054290771,0.007956922054290771,0.6422896385192871,0.037183549255132675,0.18937361240386963
2026_08_18_00_48_13_457980_L1_left_C0,L1,C0,0.0,0.0,red,left,right,left,pick up the red block,7,pregrasp,112,116,4,1.0,0.8467153284671532,7,8,0.3,0.7,8,0.1956682652235031,0.1751054972410202,0.1751054972410202,0.1956682652235031,0.02056276798248291,0.02056276798248291,0.6422896385192871,0.037183549255132675,0.18937361240386963
2026_08_18_00_48_13_457980_L1_left_C0,L1,C0,0.0,0.0,red,left,right,left,pick up the red block,7,pregrasp,112,116,4,1.0,0.8467153284671532,8,8,0.3,0.7,8,0.27962762117385864,0.28015151619911194,0.28015151619911194,0.27962762117385864,-0.0005238950252532959,-0.0005238950252532959,0.6422896385192871,0.037183549255132675,0.18937361240386963
2026_08_18_00_48_13_457980_L1_left_C0,L1,C0,0.0,0.0,red,left,right,left,pick up the red block,7,pregrasp,112,116,4,1.0,0.8467153284671532,9,8,0.3,0.7,8,0.3004988729953766,0.27801960706710815,0.27801960706710815,0.3004988729953766,0.022479265928268433,0.022479265928268433,0.6422896385192871,0.037183549255132675,0.18937361240386963
2026_08_18_00_48_13_457980_L1_left_C0,L1,C0,0.0,0.0,red,left,right,left,pick up the red block,8,postgrasp,116,132,16,1.0,0.9635036496350365,0,8,0.3,0.7,8,0.4389634132385254,0.38330918550491333,0.38330918550491333,0.4389634132385254,0.05565422773361206,0.05565422773361206,0.6426848769187927,0.037345100194215775,0.18979571759700775
2026_08_18_00_48_13_457980_L1_left_C0,L1,C0,0.0,0.0,red,left,right,left,pick up the red block,8,postgrasp,116,132,16,1.0,0.9635036496350365,1,8,0.3,0.7,8,0.33677998185157776,0.3065797984600067,0.3065797984600067,0.33677998185157776,0.030200183391571045,0.030200183391571045,0.6426848769187927,0.037345100194215775,0.18979571759700775
2026_08_18_00_48_13_457980_L1_left_C0,L1,C0,0.0,0.0,red,left,right,left,pick up the red block,8,postgrasp,116,132,16,1.0,0.9635036496350365,2,8,0.3,0.7,8,0.4315864145755768,0.35368815064430237,0.35368815064430237,0.4315864145755768,0.07789826393127441,0.07789826393127441,0.6426848769187927,0.037345100194215775,0.18979571759700775
2026_08_18_00_48_13_457980_L1_left_C0,L1,C0,0.0,0.0,red,left,right,left,pick up the red block,8,postgrasp,116,132,16,1.0,0.9635036496350365,3,8,0.3,0.7,8,0.3944900929927826,0.35864508152008057,0.35864508152008057,0.3944900929927826,0.035845011472702026,0.035845011472702026,0.6426848769187927,0.037345100194215775,0.18979571759700775
2026_08_18_00_48_13_457980_L1_left_C0,L1,C0,0.0,0.0,red,left,right,left,pick up the red block,8,postgrasp,116,132,16,1.0,0.9635036496350365,4,8,0.3,0.7,8,0.4026932716369629,0.34772706031799316,0.34772706031799316,0.4026932716369629,0.05496621131896973,0.05496621131896973,0.6426848769187927,0.037345100194215775,0.18979571759700775
2026_08_18_00_48_13_457980_L1_left_C0,L1,C0,0.0,0.0,red,left,right,left,pick up the red block,8,postgrasp,116,132,16,1.0,0.9635036496350365,5,8,0.3,0.7,8,0.365435928106308,0.33751460909843445,0.33751460909843445,0.365435928106308,0.027921319007873535,0.027921319007873535,0.6426848769187927,0.037345100194215775,0.18979571759700775
2026_08_18_00_48_13_457980_L1_left_C0,L1,C0,0.0,0.0,red,left,right,left,pick up the red block,8,postgrasp,116,132,16,1.0,0.9635036496350365,6,8,0.3,0.7,8,0.3973369598388672,0.35409116744995117,0.35409116744995117,0.3973369598388672,0.043245792388916016,0.043245792388916016,0.6426848769187927,0.037345100194215775,0.18979571759700775
2026_08_18_00_48_13_457980_L1_left_C0,L1,C0,0.0,0.0,red,left,right,left,pick up the red block,8,postgrasp,116,132,16,1.0,0.9635036496350365,7,8,0.3,0.7,8,0.36986416578292847,0.33355581760406494,0.33355581760406494,0.36986416578292847,0.036308348178863525,0.036308348178863525,0.6426848769187927,0.037345100194215775,0.18979571759700775
2026_08_18_00_48_13_457980_L1_left_C0,L1,C0,0.0,0.0,red,left,right,left,pick up the red block,8,postgrasp,116,132,16,1.0,0.9635036496350365,8,8,0.3,0.7,8,0.45062148571014404,0.3978181779384613,0.3978181779384613,0.45062148571014404,0.05280330777168274,0.05280330777168274,0.6426848769187927,0.037345100194215775,0.18979571759700775
2026_08_18_00_48_13_457980_L1_left_C0,L1,C0,0.0,0.0,red,left,right,left,pick up the red block,8,postgrasp,116,132,16,1.0,0.9635036496350365,9,8,0.3,0.7,8,0.385423481464386,0.34723812341690063,0.34723812341690063,0.385423481464386,0.03818535804748535,0.03818535804748535,0.6426848769187927,0.037345100194215775,0.18979571759700775
2026_08_18_00_48_13_457980_L1_left_C0,L1,C0,0.0,0.0,red,left,right,left,pick up the red block,9,postgrasp,132,137,5,1.0,1.0,0,8,0.3,0.7,8,0.3912028670310974,0.3513433039188385,0.3513433039188385,0.3912028670310974,0.03985956311225891,0.03985956311225891,0.6426860690116882,0.037343382835388184,0.18979614973068237
2026_08_18_00_48_13_457980_L1_left_C0,L1,C0,0.0,0.0,red,left,right,left,pick up the red block,9,postgrasp,132,137,5,1.0,1.0,1,8,0.3,0.7,8,0.3503670394420624,0.28838998079299927,0.28838998079299927,0.3503670394420624,0.06197705864906311,0.06197705864906311,0.6426860690116882,0.037343382835388184,0.18979614973068237
2026_08_18_00_48_13_457980_L1_left_C0,L1,C0,0.0,0.0,red,left,right,left,pick up the red block,9,postgrasp,132,137,5,1.0,1.0,2,8,0.3,0.7,8,0.27883270382881165,0.27868664264678955,0.27868664264678955,0.27883270382881165,0.00014606118202209473,0.00014606118202209473,0.6426860690116882,0.037343382835388184,0.18979614973068237
2026_08_18_00_48_13_457980_L1_left_C0,L1,C0,0.0,0.0,red,left,right,left,pick up the red block,9,postgrasp,132,137,5,1.0,1.0,3,8,0.3,0.7,8,0.2856631577014923,0.25529545545578003,0.25529545545578003,0.2856631577014923,0.03036770224571228,0.03036770224571228,0.6426860690116882,0.037343382835388184,0.18979614973068237
2026_08_18_00_48_13_457980_L1_left_C0,L1,C0,0.0,0.0,red,left,right,left,pick up the red block,9,postgrasp,132,137,5,1.0,1.0,4,8,0.3,0.7,8,0.32119086384773254,0.2954009473323822,0.2954009473323822,0.32119086384773254,0.025789916515350342,0.025789916515350342,0.6426860690116882,0.037343382835388184,0.18979614973068237
2026_08_18_00_48_13_457980_L1_left_C0,L1,C0,0.0,0.0,red,left,right,left,pick up the red block,9,postgrasp,132,137,5,1.0,1.0,5,8,0.3,0.7,8,0.3341344892978668,0.31436532735824585,0.31436532735824585,0.3341344892978668,0.01976916193962097,0.01976916193962097,0.6426860690116882,0.037343382835388184,0.18979614973068237
2026_08_18_00_48_13_457980_L1_left_C0,L1,C0,0.0,0.0,red,left,right,left,pick up the red block,9,postgrasp,132,137,5,1.0,1.0,6,8,0.3,0.7,8,0.32669565081596375,0.31432652473449707,0.31432652473449707,0.32669565081596375,0.012369126081466675,0.012369126081466675,0.6426860690116882,0.037343382835388184,0.18979614973068237
2026_08_18_00_48_13_457980_L1_left_C0,L1,C0,0.0,0.0,red,left,right,left,pick up the red block,9,postgrasp,132,137,5,1.0,1.0,7,8,0.3,0.7,8,0.3416137397289276,0.3490435779094696,0.3490435779094696,0.3416137397289276,-0.007429838180541992,-0.007429838180541992,0.6426860690116882,0.037343382835388184,0.18979614973068237
2026_08_18_00_48_13_457980_L1_left_C0,L1,C0,0.0,0.0,red,left,right,left,pick up the red block,9,postgrasp,132,137,5,1.0,1.0,8,8,0.3,0.7,8,0.3547897934913635,0.33704325556755066,0.33704325556755066,0.3547897934913635,0.017746537923812866,0.017746537923812866,0.6426860690116882,0.037343382835388184,0.18979614973068237
2026_08_18_00_48_13_457980_L1_left_C0,L1,C0,0.0,0.0,red,left,right,left,pick up the red block,9,postgrasp,132,137,5,1.0,1.0,9,8,0.3,0.7,8,0.4009617567062378,0.39028283953666687,0.39028283953666687,0.4009617567062378,0.010678917169570923,0.010678917169570923,0.6426860690116882,0.037343382835388184,0.18979614973068237
2026_08_18_00_49_05_482404_L1_left_C1,L1,C1,2.0,0.1694548757406934,red,left,right,left,pick up the red block,0,pregrasp,0,16,16,0.125,0.10738255033557047,0,8,0.3,0.7,8,0.39843326807022095,0.41962799429893494,0.41962799429893494,0.39843326807022095,-0.02119472622871399,-0.02119472622871399,0.37190815806388855,0.024228157475590706,0.47812944650650024
2026_08_18_00_49_05_482404_L1_left_C1,L1,C1,2.0,0.1694548757406934,red,left,right,left,pick up the red block,0,pregrasp,0,16,16,0.125,0.10738255033557047,1,8,0.3,0.7,8,0.3333980143070221,0.34600552916526794,0.34600552916526794,0.3333980143070221,-0.01260751485824585,-0.01260751485824585,0.37190815806388855,0.024228157475590706,0.47812944650650024
2026_08_18_00_49_05_482404_L1_left_C1,L1,C1,2.0,0.1694548757406934,red,left,right,left,pick up the red block,0,pregrasp,0,16,16,0.125,0.10738255033557047,2,8,0.3,0.7,8,0.3427642583847046,0.38011956214904785,0.38011956214904785,0.3427642583847046,-0.03735530376434326,-0.03735530376434326,0.37190815806388855,0.024228157475590706,0.47812944650650024
2026_08_18_00_49_05_482404_L1_left_C1,L1,C1,2.0,0.1694548757406934,red,left,right,left,pick up the red block,0,pregrasp,0,16,16,0.125,0.10738255033557047,3,8,0.3,0.7,8,0.46028462052345276,0.4874499440193176,0.4874499440193176,0.46028462052345276,-0.027165323495864868,-0.027165323495864868,0.37190815806388855,0.024228157475590706,0.47812944650650024
2026_08_18_00_49_05_482404_L1_left_C1,L1,C1,2.0,0.1694548757406934,red,left,right,left,pick up the red block,0,pregrasp,0,16,16,0.125,0.10738255033557047,4,8,0.3,0.7,8,0.36714500188827515,0.368539422750473,0.368539422750473,0.36714500188827515,-0.001394420862197876,-0.001394420862197876,0.37190815806388855,0.024228157475590706,0.47812944650650024
2026_08_18_00_49_05_482404_L1_left_C1,L1,C1,2.0,0.1694548757406934,red,left,right,left,pick up the red block,0,pregrasp,0,16,16,0.125,0.10738255033557047,5,8,0.3,0.7,8,0.40750566124916077,0.38306987285614014,0.38306987285614014,0.40750566124916077,0.02443578839302063,0.02443578839302063,0.37190815806388855,0.024228157475590706,0.47812944650650024
2026_08_18_00_49_05_482404_L1_left_C1,L1,C1,2.0,0.1694548757406934,red,left,right,left,pick up the red block,0,pregrasp,0,16,16,0.125,0.10738255033557047,6,8,0.3,0.7,8,0.3883845806121826,0.4111461937427521,0.4111461937427521,0.3883845806121826,-0.022761613130569458,-0.022761613130569458,0.37190815806388855,0.024228157475590706,0.47812944650650024
2026_08_18_00_49_05_482404_L1_left_C1,L1,C1,2.0,0.1694548757406934,red,left,right,left,pick up the red block,0,pregrasp,0,16,16,0.125,0.10738255033557047,7,8,0.3,0.7,8,0.3873620629310608,0.42844003438949585,0.42844003438949585,0.3873620629310608,-0.04107797145843506,-0.04107797145843506,0.37190815806388855,0.024228157475590706,0.47812944650650024
2026_08_18_00_49_05_482404_L1_left_C1,L1,C1,2.0,0.1694548757406934,red,left,right,left,pick up the red block,0,pregrasp,0,16,16,0.125,0.10738255033557047,8,8,0.3,0.7,8,0.4527166485786438,0.47175154089927673,0.47175154089927673,0.4527166485786438,-0.019034892320632935,-0.019034892320632935,0.37190815806388855,0.024228157475590706,0.47812944650650024
2026_08_18_00_49_05_482404_L1_left_C1,L1,C1,2.0,0.1694548757406934,red,left,right,left,pick up the red block,0,pregrasp,0,16,16,0.125,0.10738255033557047,9,8,0.3,0.7,8,0.3734430968761444,0.363102525472641,0.363102525472641,0.3734430968761444,0.010340571403503418,0.010340571403503418,0.37190815806388855,0.024228157475590706,0.47812944650650024
2026_08_18_00_49_05_482404_L1_left_C1,L1,C1,2.0,0.1694548757406934,red,left,right,left,pick up the red block,1,pregrasp,16,32,16,0.25,0.21476510067114093,0,8,0.3,0.7,8,0.3899386525154114,0.37851059436798096,0.37851059436798096,0.3899386525154114,0.01142805814743042,0.01142805814743042,0.4013439118862152,0.07198596000671387,0.4381139874458313
2026_08_18_00_49_05_482404_L1_left_C1,L1,C1,2.0,0.1694548757406934,red,left,right,left,pick up the red block,1,pregrasp,16,32,16,0.25,0.21476510067114093,1,8,0.3,0.7,8,0.30862587690353394,0.28329113125801086,0.28329113125801086,0.30862587690353394,0.02533474564552307,0.02533474564552307,0.4013439118862152,0.07198596000671387,0.4381139874458313
2026_08_18_00_49_05_482404_L1_left_C1,L1,C1,2.0,0.1694548757406934,red,left,right,left,pick up the red block,1,pregrasp,16,32,16,0.25,0.21476510067114093,2,8,0.3,0.7,8,0.366060346364975,0.3741825222969055,0.3741825222969055,0.366060346364975,-0.008122175931930542,-0.008122175931930542,0.4013439118862152,0.07198596000671387,0.4381139874458313
2026_08_18_00_49_05_482404_L1_left_C1,L1,C1,2.0,0.1694548757406934,red,left,right,left,pick up the red block,1,pregrasp,16,32,16,0.25,0.21476510067114093,3,8,0.3,0.7,8,0.27129459381103516,0.2592761516571045,0.2592761516571045,0.27129459381103516,0.012018442153930664,0.012018442153930664,0.4013439118862152,0.07198596000671387,0.4381139874458313
2026_08_18_00_49_05_482404_L1_left_C1,L1,C1,2.0,0.1694548757406934,red,left,right,left,pick up the red block,1,pregrasp,16,32,16,0.25,0.21476510067114093,4,8,0.3,0.7,8,0.3084185719490051,0.3242653012275696,0.3242653012275696,0.3084185719490051,-0.015846729278564453,-0.015846729278564453,0.4013439118862152,0.07198596000671387,0.4381139874458313
2026_08_18_00_49_05_482404_L1_left_C1,L1,C1,2.0,0.1694548757406934,red,left,right,left,pick up the red block,1,pregrasp,16,32,16,0.25,0.21476510067114093,5,8,0.3,0.7,8,0.28595274686813354,0.2576650381088257,0.2576650381088257,0.28595274686813354,0.02828770875930786,0.02828770875930786,0.4013439118862152,0.07198596000671387,0.4381139874458313
2026_08_18_00_49_05_482404_L1_left_C1,L1,C1,2.0,0.1694548757406934,red,left,right,left,pick up the red block,1,pregrasp,16,32,16,0.25,0.21476510067114093,6,8,0.3,0.7,8,0.335862934589386,0.33346933126449585,0.33346933126449585,0.335862934589386,0.0023936033248901367,0.0023936033248901367,0.4013439118862152,0.07198596000671387,0.4381139874458313
2026_08_18_00_49_05_482404_L1_left_C1,L1,C1,2.0,0.1694548757406934,red,left,right,left,pick up the red block,1,pregrasp,16,32,16,0.25,0.21476510067114093,7,8,0.3,0.7,8,0.36475202441215515,0.3870256543159485,0.3870256543159485,0.36475202441215515,-0.022273629903793335,-0.022273629903793335,0.4013439118862152,0.07198596000671387,0.4381139874458313
2026_08_18_00_49_05_482404_L1_left_C1,L1,C1,2.0,0.1694548757406934,red,left,right,left,pick up the red block,1,pregrasp,16,32,16,0.25,0.21476510067114093,8,8,0.3,0.7,8,0.25846540927886963,0.25501567125320435,0.25501567125320435,0.25846540927886963,0.003449738025665283,0.003449738025665283,0.4013439118862152,0.07198596000671387,0.4381139874458313
2026_08_18_00_49_05_482404_L1_left_C1,L1,C1,2.0,0.1694548757406934,red,left,right,left,pick up the red block,1,pregrasp,16,32,16,0.25,0.21476510067114093,9,8,0.3,0.7,8,0.29910528659820557,0.2907823920249939,0.2907823920249939,0.29910528659820557,0.00832289457321167,0.00832289457321167,0.4013439118862152,0.07198596000671387,0.4381139874458313
2026_08_18_00_49_05_482404_L1_left_C1,L1,C1,2.0,0.1694548757406934,red,left,right,left,pick up the red block,2,pregrasp,32,48,16,0.375,0.3221476510067114,0,8,0.3,0.7,8,0.19615893065929413,0.2688404321670532,0.2688404321670532,0.19615893065929413,-0.0726815015077591,-0.0726815015077591,0.44480031728744507,0.10165869444608688,0.3927192687988281
2026_08_18_00_49_05_482404_L1_left_C1,L1,C1,2.0,0.1694548757406934,red,left,right,left,pick up the red block,2,pregrasp,32,48,16,0.375,0.3221476510067114,1,8,0.3,0.7,8,0.1709461808204651,0.22718167304992676,0.22718167304992676,0.1709461808204651,-0.05623549222946167,-0.05623549222946167,0.44480031728744507,0.10165869444608688,0.3927192687988281
2026_08_18_00_49_05_482404_L1_left_C1,L1,C1,2.0,0.1694548757406934,red,left,right,left,pick up the red block,2,pregrasp,32,48,16,0.375,0.3221476510067114,2,8,0.3,0.7,8,0.22600841522216797,0.29050150513648987,0.29050150513648987,0.22600841522216797,-0.0644930899143219,-0.0644930899143219,0.44480031728744507,0.10165869444608688,0.3927192687988281
2026_08_18_00_49_05_482404_L1_left_C1,L1,C1,2.0,0.1694548757406934,red,left,right,left,pick up the red block,2,pregrasp,32,48,16,0.375,0.3221476510067114,3,8,0.3,0.7,8,0.15966686606407166,0.22773247957229614,0.22773247957229614,0.15966686606407166,-0.06806561350822449,-0.06806561350822449,0.44480031728744507,0.10165869444608688,0.3927192687988281
2026_08_18_00_49_05_482404_L1_left_C1,L1,C1,2.0,0.1694548757406934,red,left,right,left,pick up the red block,2,pregrasp,32,48,16,0.375,0.3221476510067114,4,8,0.3,0.7,8,0.19034269452095032,0.24432609975337982,0.24432609975337982,0.19034269452095032,-0.053983405232429504,-0.053983405232429504,0.44480031728744507,0.10165869444608688,0.3927192687988281
2026_08_18_00_49_05_482404_L1_left_C1,L1,C1,2.0,0.1694548757406934,red,left,right,left,pick up the red block,2,pregrasp,32,48,16,0.375,0.3221476510067114,5,8,0.3,0.7,8,0.23329025506973267,0.2979010045528412,0.2979010045528412,0.23329025506973267,-0.06461074948310852,-0.06461074948310852,0.44480031728744507,0.10165869444608688,0.3927192687988281
2026_08_18_00_49_05_482404_L1_left_C1,L1,C1,2.0,0.1694548757406934,red,left,right,left,pick up the red block,2,pregrasp,32,48,16,0.375,0.3221476510067114,6,8,0.3,0.7,8,0.21670466661453247,0.2926569879055023,0.2926569879055023,0.21670466661453247,-0.07595232129096985,-0.07595232129096985,0.44480031728744507,0.10165869444608688,0.3927192687988281
2026_08_18_00_49_05_482404_L1_left_C1,L1,C1,2.0,0.1694548757406934,red,left,right,left,pick up the red block,2,pregrasp,32,48,16,0.375,0.3221476510067114,7,8,0.3,0.7,8,0.31854885816574097,0.38994792103767395,0.38994792103767395,0.31854885816574097,-0.07139906287193298,-0.07139906287193298,0.44480031728744507,0.10165869444608688,0.3927192687988281
2026_08_18_00_49_05_482404_L1_left_C1,L1,C1,2.0,0.1694548757406934,red,left,right,left,pick up the red block,2,pregrasp,32,48,16,0.375,0.3221476510067114,8,8,0.3,0.7,8,0.19593822956085205,0.26482874155044556,0.26482874155044556,0.19593822956085205,-0.0688905119895935,-0.0688905119895935,0.44480031728744507,0.10165869444608688,0.3927192687988281
2026_08_18_00_49_05_482404_L1_left_C1,L1,C1,2.0,0.1694548757406934,red,left,right,left,pick up the red block,2,pregrasp,32,48,16,0.375,0.3221476510067114,9,8,0.3,0.7,8,0.23779837787151337,0.3185485005378723,0.3185485005378723,0.23779837787151337,-0.08075012266635895,-0.08075012266635895,0.44480031728744507,0.10165869444608688,0.3927192687988281
2026_08_18_00_49_05_482404_L1_left_C1,L1,C1,2.0,0.1694548757406934,red,left,right,left,pick up the red block,3,pregrasp,48,64,16,0.5,0.42953020134228187,0,8,0.3,0.7,8,0.21413174271583557,0.2877001166343689,0.2877001166343689,0.21413174271583557,-0.07356837391853333,-0.07356837391853333,0.4923834204673767,0.1113203763961792,0.3430558443069458
2026_08_18_00_49_05_482404_L1_left_C1,L1,C1,2.0,0.1694548757406934,red,left,right,left,pick up the red block,3,pregrasp,48,64,16,0.5,0.42953020134228187,1,8,0.3,0.7,8,0.2558037042617798,0.31783315539360046,0.31783315539360046,0.2558037042617798,-0.06202945113182068,-0.06202945113182068,0.4923834204673767,0.1113203763961792,0.3430558443069458
2026_08_18_00_49_05_482404_L1_left_C1,L1,C1,2.0,0.1694548757406934,red,left,right,left,pick up the red block,3,pregrasp,48,64,16,0.5,0.42953020134228187,2,8,0.3,0.7,8,0.27015209197998047,0.3290964961051941,0.3290964961051941,0.27015209197998047,-0.05894440412521362,-0.05894440412521362,0.4923834204673767,0.1113203763961792,0.3430558443069458
2026_08_18_00_49_05_482404_L1_left_C1,L1,C1,2.0,0.1694548757406934,red,left,right,left,pick up the red block,3,pregrasp,48,64,16,0.5,0.42953020134228187,3,8,0.3,0.7,8,0.278263121843338,0.34912699460983276,0.34912699460983276,0.278263121843338,-0.07086387276649475,-0.07086387276649475,0.4923834204673767,0.1113203763961792,0.3430558443069458
2026_08_18_00_49_05_482404_L1_left_C1,L1,C1,2.0,0.1694548757406934,red,left,right,left,pick up the red block,3,pregrasp,48,64,16,0.5,0.42953020134228187,4,8,0.3,0.7,8,0.17601989209651947,0.2293672412633896,0.2293672412633896,0.17601989209651947,-0.05334734916687012,-0.05334734916687012,0.4923834204673767,0.1113203763961792,0.3430558443069458
2026_08_18_00_49_05_482404_L1_left_C1,L1,C1,2.0,0.1694548757406934,red,left,right,left,pick up the red block,3,pregrasp,48,64,16,0.5,0.42953020134228187,5,8,0.3,0.7,8,0.1745033860206604,0.1882420778274536,0.1882420778274536,0.1745033860206604,-0.013738691806793213,-0.013738691806793213,0.4923834204673767,0.1113203763961792,0.3430558443069458
2026_08_18_00_49_05_482404_L1_left_C1,L1,C1,2.0,0.1694548757406934,red,left,right,left,pick up the red block,3,pregrasp,48,64,16,0.5,0.42953020134228187,6,8,0.3,0.7,8,0.25518321990966797,0.31289243698120117,0.31289243698120117,0.25518321990966797,-0.0577092170715332,-0.0577092170715332,0.4923834204673767,0.1113203763961792,0.3430558443069458
2026_08_18_00_49_05_482404_L1_left_C1,L1,C1,2.0,0.1694548757406934,red,left,right,left,pick up the red block,3,pregrasp,48,64,16,0.5,0.42953020134228187,7,8,0.3,0.7,8,0.26572683453559875,0.3137877583503723,0.3137877583503723,0.26572683453559875,-0.04806092381477356,-0.04806092381477356,0.4923834204673767,0.1113203763961792,0.3430558443069458
2026_08_18_00_49_05_482404_L1_left_C1,L1,C1,2.0,0.1694548757406934,red,left,right,left,pick up the red block,3,pregrasp,48,64,16,0.5,0.42953020134228187,8,8,0.3,0.7,8,0.16360855102539062,0.2096712738275528,0.2096712738275528,0.16360855102539062,-0.04606272280216217,-0.04606272280216217,0.4923834204673767,0.1113203763961792,0.3430558443069458
2026_08_18_00_49_05_482404_L1_left_C1,L1,C1,2.0,0.1694548757406934,red,left,right,left,pick up the red block,3,pregrasp,48,64,16,0.5,0.42953020134228187,9,8,0.3,0.7,8,0.28587791323661804,0.3314652442932129,0.3314652442932129,0.28587791323661804,-0.04558733105659485,-0.04558733105659485,0.4923834204673767,0.1113203763961792,0.3430558443069458
2026_08_18_00_49_05_482404_L1_left_C1,L1,C1,2.0,0.1694548757406934,red,left,right,left,pick up the red block,4,pregrasp,64,80,16,0.625,0.5369127516778524,0,8,0.3,0.7,8,0.16671222448349,0.20598481595516205,0.20598481595516205,0.16671222448349,-0.03927259147167206,-0.03927259147167206,0.5400069952011108,0.10113848000764847,0.2943987548351288
2026_08_18_00_49_05_482404_L1_left_C1,L1,C1,2.0,0.1694548757406934,red,left,right,left,pick up the red block,4,pregrasp,64,80,16,0.625,0.5369127516778524,1,8,0.3,0.7,8,0.1866399645805359,0.2310992330312729,0.2310992330312729,0.1866399645805359,-0.044459268450737,-0.044459268450737,0.5400069952011108,0.10113848000764847,0.2943987548351288
2026_08_18_00_49_05_482404_L1_left_C1,L1,C1,2.0,0.1694548757406934,red,left,right,left,pick up the red block,4,pregrasp,64,80,16,0.625,0.5369127516778524,2,8,0.3,0.7,8,0.2807525396347046,0.31538060307502747,0.31538060307502747,0.2807525396347046,-0.034628063440322876,-0.034628063440322876,0.5400069952011108,0.10113848000764847,0.2943987548351288
2026_08_18_00_49_05_482404_L1_left_C1,L1,C1,2.0,0.1694548757406934,red,left,right,left,pick up the red block,4,pregrasp,64,80,16,0.625,0.5369127516778524,3,8,0.3,0.7,8,0.2340940535068512,0.27198314666748047,0.27198314666748047,0.2340940535068512,-0.03788909316062927,-0.03788909316062927,0.5400069952011108,0.10113848000764847,0.2943987548351288
2026_08_18_00_49_05_482404_L1_left_C1,L1,C1,2.0,0.1694548757406934,red,left,right,left,pick up the red block,4,pregrasp,64,80,16,0.625,0.5369127516778524,4,8,0.3,0.7,8,0.20141294598579407,0.23455139994621277,0.23455139994621277,0.20141294598579407,-0.0331384539604187,-0.0331384539604187,0.5400069952011108,0.10113848000764847,0.2943987548351288
2026_08_18_00_49_05_482404_L1_left_C1,L1,C1,2.0,0.1694548757406934,red,left,right,left,pick up the red block,4,pregrasp,64,80,16,0.625,0.5369127516778524,5,8,0.3,0.7,8,0.15523675084114075,0.18928080797195435,0.18928080797195435,0.15523675084114075,-0.0340440571308136,-0.0340440571308136,0.5400069952011108,0.10113848000764847,0.2943987548351288
2026_08_18_00_49_05_482404_L1_left_C1,L1,C1,2.0,0.1694548757406934,red,left,right,left,pick up the red block,4,pregrasp,64,80,16,0.625,0.5369127516778524,6,8,0.3,0.7,8,0.20259791612625122,0.23761653900146484,0.23761653900146484,0.20259791612625122,-0.03501862287521362,-0.03501862287521362,0.5400069952011108,0.10113848000764847,0.2943987548351288
2026_08_18_00_49_05_482404_L1_left_C1,L1,C1,2.0,0.1694548757406934,red,left,right,left,pick up the red block,4,pregrasp,64,80,16,0.625,0.5369127516778524,7,8,0.3,0.7,8,0.13509011268615723,0.17381025850772858,0.17381025850772858,0.13509011268615723,-0.03872014582157135,-0.03872014582157135,0.5400069952011108,0.10113848000764847,0.2943987548351288
2026_08_18_00_49_05_482404_L1_left_C1,L1,C1,2.0,0.1694548757406934,red,left,right,left,pick up the red block,4,pregrasp,64,80,16,0.625,0.5369127516778524,8,8,0.3,0.7,8,0.24752599000930786,0.299958199262619,0.299958199262619,0.24752599000930786,-0.05243220925331116,-0.05243220925331116,0.5400069952011108,0.10113848000764847,0.2943987548351288
2026_08_18_00_49_05_482404_L1_left_C1,L1,C1,2.0,0.1694548757406934,red,left,right,left,pick up the red block,4,pregrasp,64,80,16,0.625,0.5369127516778524,9,8,0.3,0.7,8,0.2420448362827301,0.287981241941452,0.287981241941452,0.2420448362827301,-0.045936405658721924,-0.045936405658721924,0.5400069952011108,0.10113848000764847,0.2943987548351288
2026_08_18_00_49_05_482404_L1_left_C1,L1,C1,2.0,0.1694548757406934,red,left,right,left,pick up the red block,5,pregrasp,80,96,16,0.75,0.6442953020134228,0,8,0.3,0.7,8,0.28823646903038025,0.3238829970359802,0.3238829970359802,0.28823646903038025,-0.035646528005599976,-0.035646528005599976,0.5861552953720093,0.07894449681043625,0.2469707876443863
2026_08_18_00_49_05_482404_L1_left_C1,L1,C1,2.0,0.1694548757406934,red,left,right,left,pick up the red block,5,pregrasp,80,96,16,0.75,0.6442953020134228,1,8,0.3,0.7,8,0.24148501455783844,0.2651243805885315,0.2651243805885315,0.24148501455783844,-0.023639366030693054,-0.023639366030693054,0.5861552953720093,0.07894449681043625,0.2469707876443863
2026_08_18_00_49_05_482404_L1_left_C1,L1,C1,2.0,0.1694548757406934,red,left,right,left,pick up the red block,5,pregrasp,80,96,16,0.75,0.6442953020134228,2,8,0.3,0.7,8,0.17575043439865112,0.20533809065818787,0.20533809065818787,0.17575043439865112,-0.029587656259536743,-0.029587656259536743,0.5861552953720093,0.07894449681043625,0.2469707876443863
2026_08_18_00_49_05_482404_L1_left_C1,L1,C1,2.0,0.1694548757406934,red,left,right,left,pick up the red block,5,pregrasp,80,96,16,0.75,0.6442953020134228,3,8,0.3,0.7,8,0.25377655029296875,0.28374502062797546,0.28374502062797546,0.25377655029296875,-0.029968470335006714,-0.029968470335006714,0.5861552953720093,0.07894449681043625,0.2469707876443863
2026_08_18_00_49_05_482404_L1_left_C1,L1,C1,2.0,0.1694548757406934,red,left,right,left,pick up the red block,5,pregrasp,80,96,16,0.75,0.6442953020134228,4,8,0.3,0.7,8,0.2765902280807495,0.3079708218574524,0.3079708218574524,0.2765902280807495,-0.03138059377670288,-0.03138059377670288,0.5861552953720093,0.07894449681043625,0.2469707876443863
2026_08_18_00_49_05_482404_L1_left_C1,L1,C1,2.0,0.1694548757406934,red,left,right,left,pick up the red block,5,pregrasp,80,96,16,0.75,0.6442953020134228,5,8,0.3,0.7,8,0.2400854527950287,0.27365127205848694,0.27365127205848694,0.2400854527950287,-0.03356581926345825,-0.03356581926345825,0.5861552953720093,0.07894449681043625,0.2469707876443863
2026_08_18_00_49_05_482404_L1_left_C1,L1,C1,2.0,0.1694548757406934,red,left,right,left,pick up the red block,5,pregrasp,80,96,16,0.75,0.6442953020134228,6,8,0.3,0.7,8,0.24268126487731934,0.2654535174369812,0.2654535174369812,0.24268126487731934,-0.022772252559661865,-0.022772252559661865,0.5861552953720093,0.07894449681043625,0.2469707876443863
2026_08_18_00_49_05_482404_L1_left_C1,L1,C1,2.0,0.1694548757406934,red,left,right,left,pick up the red block,5,pregrasp,80,96,16,0.75,0.6442953020134228,7,8,0.3,0.7,8,0.18833905458450317,0.2134196162223816,0.2134196162223816,0.18833905458450317,-0.025080561637878418,-0.025080561637878418,0.5861552953720093,0.07894449681043625,0.2469707876443863
2026_08_18_00_49_05_482404_L1_left_C1,L1,C1,2.0,0.1694548757406934,red,left,right,left,pick up the red block,5,pregrasp,80,96,16,0.75,0.6442953020134228,8,8,0.3,0.7,8,0.24700219929218292,0.2733447849750519,0.2733447849750519,0.24700219929218292,-0.026342585682868958,-0.026342585682868958,0.5861552953720093,0.07894449681043625,0.2469707876443863
2026_08_18_00_49_05_482404_L1_left_C1,L1,C1,2.0,0.1694548757406934,red,left,right,left,pick up the red block,5,pregrasp,80,96,16,0.75,0.6442953020134228,9,8,0.3,0.7,8,0.29271015524864197,0.3206228017807007,0.3206228017807007,0.29271015524864197,-0.027912646532058716,-0.027912646532058716,0.5861552953720093,0.07894449681043625,0.2469707876443863
2026_08_18_00_49_05_482404_L1_left_C1,L1,C1,2.0,0.1694548757406934,red,left,right,left,pick up the red block,6,pregrasp,96,112,16,0.875,0.7516778523489933,0,8,0.3,0.7,8,0.19498443603515625,0.1577347069978714,0.1577347069978714,0.19498443603515625,0.03724972903728485,0.03724972903728485,0.6308416724205017,0.05090685561299324,0.20045655965805054
2026_08_18_00_49_05_482404_L1_left_C1,L1,C1,2.0,0.1694548757406934,red,left,right,left,pick up the red block,6,pregrasp,96,112,16,0.875,0.7516778523489933,1,8,0.3,0.7,8,0.19410569965839386,0.16166500747203827,0.16166500747203827,0.19410569965839386,0.03244069218635559,0.03244069218635559,0.6308416724205017,0.05090685561299324,0.20045655965805054
2026_08_18_00_49_05_482404_L1_left_C1,L1,C1,2.0,0.1694548757406934,red,left,right,left,pick up the red block,6,pregrasp,96,112,16,0.875,0.7516778523489933,2,8,0.3,0.7,8,0.25770848989486694,0.23442959785461426,0.23442959785461426,0.25770848989486694,0.023278892040252686,0.023278892040252686,0.6308416724205017,0.05090685561299324,0.20045655965805054
2026_08_18_00_49_05_482404_L1_left_C1,L1,C1,2.0,0.1694548757406934,red,left,right,left,pick up the red block,6,pregrasp,96,112,16,0.875,0.7516778523489933,3,8,0.3,0.7,8,0.31950971484184265,0.29128971695899963,0.29128971695899963,0.31950971484184265,0.028219997882843018,0.028219997882843018,0.6308416724205017,0.05090685561299324,0.20045655965805054
2026_08_18_00_49_05_482404_L1_left_C1,L1,C1,2.0,0.1694548757406934,red,left,right,left,pick up the red block,6,pregrasp,96,112,16,0.875,0.7516778523489933,4,8,0.3,0.7,8,0.25061580538749695,0.22485649585723877,0.22485649585723877,0.25061580538749695,0.02575930953025818,0.02575930953025818,0.6308416724205017,0.05090685561299324,0.20045655965805054
2026_08_18_00_49_05_482404_L1_left_C1,L1,C1,2.0,0.1694548757406934,red,left,right,left,pick up the red block,6,pregrasp,96,112,16,0.875,0.7516778523489933,5,8,0.3,0.7,8,0.19656488299369812,0.1681707203388214,0.1681707203388214,0.19656488299369812,0.02839416265487671,0.02839416265487671,0.6308416724205017,0.05090685561299324,0.20045655965805054
2026_08_18_00_49_05_482404_L1_left_C1,L1,C1,2.0,0.1694548757406934,red,left,right,left,pick up the red block,6,pregrasp,96,112,16,0.875,0.7516778523489933,6,8,0.3,0.7,8,0.2420690655708313,0.21402907371520996,0.21402907371520996,0.2420690655708313,0.028039991855621338,0.028039991855621338,0.6308416724205017,0.05090685561299324,0.20045655965805054
2026_08_18_00_49_05_482404_L1_left_C1,L1,C1,2.0,0.1694548757406934,red,left,right,left,pick up the red block,6,pregrasp,96,112,16,0.875,0.7516778523489933,7,8,0.3,0.7,8,0.31971275806427,0.28971996903419495,0.28971996903419495,0.31971275806427,0.029992789030075073,0.029992789030075073,0.6308416724205017,0.05090685561299324,0.20045655965805054
2026_08_18_00_49_05_482404_L1_left_C1,L1,C1,2.0,0.1694548757406934,red,left,right,left,pick up the red block,6,pregrasp,96,112,16,0.875,0.7516778523489933,8,8,0.3,0.7,8,0.2929641008377075,0.25902801752090454,0.25902801752090454,0.2929641008377075,0.03393608331680298,0.03393608331680298,0.6308416724205017,0.05090685561299324,0.20045655965805054
2026_08_18_00_49_05_482404_L1_left_C1,L1,C1,2.0,0.1694548757406934,red,left,right,left,pick up the red block,6,pregrasp,96,112,16,0.875,0.7516778523489933,9,8,0.3,0.7,8,0.29776251316070557,0.267288476228714,0.267288476228714,0.29776251316070557,0.030474036931991577,0.030474036931991577,0.6308416724205017,0.05090685561299324,0.20045655965805054
2026_08_18_00_49_05_482404_L1_left_C1,L1,C1,2.0,0.1694548757406934,red,left,right,left,pick up the red block,7,pregrasp,112,128,16,1.0,0.8590604026845637,0,8,0.3,0.7,8,0.3653750419616699,0.3410921096801758,0.3410921096801758,0.3653750419616699,0.02428293228149414,0.02428293228149414,0.6417425274848938,0.045230433344841,0.18949002027511597
2026_08_18_00_49_05_482404_L1_left_C1,L1,C1,2.0,0.1694548757406934,red,left,right,left,pick up the red block,7,pregrasp,112,128,16,1.0,0.8590604026845637,1,8,0.3,0.7,8,0.2113794982433319,0.19404679536819458,0.19404679536819458,0.2113794982433319,0.01733270287513733,0.01733270287513733,0.6417425274848938,0.045230433344841,0.18949002027511597
2026_08_18_00_49_05_482404_L1_left_C1,L1,C1,2.0,0.1694548757406934,red,left,right,left,pick up the red block,7,pregrasp,112,128,16,1.0,0.8590604026845637,2,8,0.3,0.7,8,0.23352521657943726,0.21612893044948578,0.21612893044948578,0.23352521657943726,0.017396286129951477,0.017396286129951477,0.6417425274848938,0.045230433344841,0.18949002027511597
2026_08_18_00_49_05_482404_L1_left_C1,L1,C1,2.0,0.1694548757406934,red,left,right,left,pick up the red block,7,pregrasp,112,128,16,1.0,0.8590604026845637,3,8,0.3,0.7,8,0.24536611139774323,0.2217644304037094,0.2217644304037094,0.24536611139774323,0.023601680994033813,0.023601680994033813,0.6417425274848938,0.045230433344841,0.18949002027511597
2026_08_18_00_49_05_482404_L1_left_C1,L1,C1,2.0,0.1694548757406934,red,left,right,left,pick up the red block,7,pregrasp,112,128,16,1.0,0.8590604026845637,4,8,0.3,0.7,8,0.1672031134366989,0.15662135183811188,0.15662135183811188,0.1672031134366989,0.010581761598587036,0.010581761598587036,0.6417425274848938,0.045230433344841,0.18949002027511597
2026_08_18_00_49_05_482404_L1_left_C1,L1,C1,2.0,0.1694548757406934,red,left,right,left,pick up the red block,7,pregrasp,112,128,16,1.0,0.8590604026845637,5,8,0.3,0.7,8,0.2247072011232376,0.1989154815673828,0.1989154815673828,0.2247072011232376,0.025791719555854797,0.025791719555854797,0.6417425274848938,0.045230433344841,0.18949002027511597
2026_08_18_00_49_05_482404_L1_left_C1,L1,C1,2.0,0.1694548757406934,red,left,right,left,pick up the red block,7,pregrasp,112,128,16,1.0,0.8590604026845637,6,8,0.3,0.7,8,0.24935679137706757,0.22174444794654846,0.22174444794654846,0.24935679137706757,0.027612343430519104,0.027612343430519104,0.6417425274848938,0.045230433344841,0.18949002027511597
2026_08_18_00_49_05_482404_L1_left_C1,L1,C1,2.0,0.1694548757406934,red,left,right,left,pick up the red block,7,pregrasp,112,128,16,1.0,0.8590604026845637,7,8,0.3,0.7,8,0.34725016355514526,0.3242048919200897,0.3242048919200897,0.34725016355514526,0.023045271635055542,0.023045271635055542,0.6417425274848938,0.045230433344841,0.18949002027511597
2026_08_18_00_49_05_482404_L1_left_C1,L1,C1,2.0,0.1694548757406934,red,left,right,left,pick up the red block,7,pregrasp,112,128,16,1.0,0.8590604026845637,8,8,0.3,0.7,8,0.31949087977409363,0.29633745551109314,0.29633745551109314,0.31949087977409363,0.02315342426300049,0.02315342426300049,0.6417425274848938,0.045230433344841,0.18949002027511597
2026_08_18_00_49_05_482404_L1_left_C1,L1,C1,2.0,0.1694548757406934,red,left,right,left,pick up the red block,7,pregrasp,112,128,16,1.0,0.8590604026845637,9,8,0.3,0.7,8,0.25690606236457825,0.2276967316865921,0.2276967316865921,0.25690606236457825,0.029209330677986145,0.029209330677986145,0.6417425274848938,0.045230433344841,0.18949002027511597
2026_08_18_00_49_05_482404_L1_left_C1,L1,C1,2.0,0.1694548757406934,red,left,right,left,pick up the red block,8,postgrasp,128,144,16,1.0,0.9664429530201343,0,8,0.3,0.7,8,0.3101712465286255,0.25074371695518494,0.25074371695518494,0.3101712465286255,0.05942752957344055,0.05942752957344055,0.6422327756881714,0.044940099120140076,0.18995924293994904
2026_08_18_00_49_05_482404_L1_left_C1,L1,C1,2.0,0.1694548757406934,red,left,right,left,pick up the red block,8,postgrasp,128,144,16,1.0,0.9664429530201343,1,8,0.3,0.7,8,0.3876878619194031,0.350826621055603,0.350826621055603,0.3876878619194031,0.03686124086380005,0.03686124086380005,0.6422327756881714,0.044940099120140076,0.18995924293994904
2026_08_18_00_49_05_482404_L1_left_C1,L1,C1,2.0,0.1694548757406934,red,left,right,left,pick up the red block,8,postgrasp,128,144,16,1.0,0.9664429530201343,2,8,0.3,0.7,8,0.3755320906639099,0.3409331440925598,0.3409331440925598,0.3755320906639099,0.0345989465713501,0.0345989465713501,0.6422327756881714,0.044940099120140076,0.18995924293994904
2026_08_18_00_49_05_482404_L1_left_C1,L1,C1,2.0,0.1694548757406934,red,left,right,left,pick up the red block,8,postgrasp,128,144,16,1.0,0.9664429530201343,3,8,0.3,0.7,8,0.3954641819000244,0.345173716545105,0.345173716545105,0.3954641819000244,0.050290465354919434,0.050290465354919434,0.6422327756881714,0.044940099120140076,0.18995924293994904
2026_08_18_00_49_05_482404_L1_left_C1,L1,C1,2.0,0.1694548757406934,red,left,right,left,pick up the red block,8,postgrasp,128,144,16,1.0,0.9664429530201343,4,8,0.3,0.7,8,0.3857753872871399,0.36340105533599854,0.36340105533599854,0.3857753872871399,0.022374331951141357,0.022374331951141357,0.6422327756881714,0.044940099120140076,0.18995924293994904
2026_08_18_00_49_05_482404_L1_left_C1,L1,C1,2.0,0.1694548757406934,red,left,right,left,pick up the red block,8,postgrasp,128,144,16,1.0,0.9664429530201343,5,8,0.3,0.7,8,0.3432651162147522,0.30266672372817993,0.30266672372817993,0.3432651162147522,0.040598392486572266,0.040598392486572266,0.6422327756881714,0.044940099120140076,0.18995924293994904
2026_08_18_00_49_05_482404_L1_left_C1,L1,C1,2.0,0.1694548757406934,red,left,right,left,pick up the red block,8,postgrasp,128,144,16,1.0,0.9664429530201343,6,8,0.3,0.7,8,0.32886385917663574,0.3088286221027374,0.3088286221027374,0.32886385917663574,0.020035237073898315,0.020035237073898315,0.6422327756881714,0.044940099120140076,0.18995924293994904
2026_08_18_00_49_05_482404_L1_left_C1,L1,C1,2.0,0.1694548757406934,red,left,right,left,pick up the red block,8,postgrasp,128,144,16,1.0,0.9664429530201343,7,8,0.3,0.7,8,0.357124388217926,0.3312404155731201,0.3312404155731201,0.357124388217926,0.025883972644805908,0.025883972644805908,0.6422327756881714,0.044940099120140076,0.18995924293994904
2026_08_18_00_49_05_482404_L1_left_C1,L1,C1,2.0,0.1694548757406934,red,left,right,left,pick up the red block,8,postgrasp,128,144,16,1.0,0.9664429530201343,8,8,0.3,0.7,8,0.3813077509403229,0.3474127948284149,0.3474127948284149,0.3813077509403229,0.03389495611190796,0.03389495611190796,0.6422327756881714,0.044940099120140076,0.18995924293994904
2026_08_18_00_49_05_482404_L1_left_C1,L1,C1,2.0,0.1694548757406934,red,left,right,left,pick up the red block,8,postgrasp,128,144,16,1.0,0.9664429530201343,9,8,0.3,0.7,8,0.33771175146102905,0.300611674785614,0.300611674785614,0.33771175146102905,0.03710007667541504,0.03710007667541504,0.6422327756881714,0.044940099120140076,0.18995924293994904
2026_08_18_00_49_05_482404_L1_left_C1,L1,C1,2.0,0.1694548757406934,red,left,right,left,pick up the red block,9,postgrasp,144,149,5,1.0,1.0,0,8,0.3,0.7,8,0.35002031922340393,0.39638829231262207,0.39638829231262207,0.35002031922340393,-0.04636797308921814,-0.04636797308921814,0.6422335505485535,0.044936083257198334,0.18995819985866547
2026_08_18_00_49_05_482404_L1_left_C1,L1,C1,2.0,0.1694548757406934,red,left,right,left,pick up the red block,9,postgrasp,144,149,5,1.0,1.0,1,8,0.3,0.7,8,0.3246545195579529,0.3014224171638489,0.3014224171638489,0.3246545195579529,0.023232102394104004,0.023232102394104004,0.6422335505485535,0.044936083257198334,0.18995819985866547
2026_08_18_00_49_05_482404_L1_left_C1,L1,C1,2.0,0.1694548757406934,red,left,right,left,pick up the red block,9,postgrasp,144,149,5,1.0,1.0,2,8,0.3,0.7,8,0.34626826643943787,0.3567853569984436,0.3567853569984436,0.34626826643943787,-0.010517090559005737,-0.010517090559005737,0.6422335505485535,0.044936083257198334,0.18995819985866547
2026_08_18_00_49_05_482404_L1_left_C1,L1,C1,2.0,0.1694548757406934,red,left,right,left,pick up the red block,9,postgrasp,144,149,5,1.0,1.0,3,8,0.3,0.7,8,0.2666657567024231,0.3070766031742096,0.3070766031742096,0.2666657567024231,-0.0404108464717865,-0.0404108464717865,0.6422335505485535,0.044936083257198334,0.18995819985866547
2026_08_18_00_49_05_482404_L1_left_C1,L1,C1,2.0,0.1694548757406934,red,left,right,left,pick up the red block,9,postgrasp,144,149,5,1.0,1.0,4,8,0.3,0.7,8,0.3708217144012451,0.3764626681804657,0.3764626681804657,0.3708217144012451,-0.005640953779220581,-0.005640953779220581,0.6422335505485535,0.044936083257198334,0.18995819985866547
2026_08_18_00_49_05_482404_L1_left_C1,L1,C1,2.0,0.1694548757406934,red,left,right,left,pick up the red block,9,postgrasp,144,149,5,1.0,1.0,5,8,0.3,0.7,8,0.3354436755180359,0.3699517846107483,0.3699517846107483,0.3354436755180359,-0.0345081090927124,-0.0345081090927124,0.6422335505485535,0.044936083257198334,0.18995819985866547
2026_08_18_00_49_05_482404_L1_left_C1,L1,C1,2.0,0.1694548757406934,red,left,right,left,pick up the red block,9,postgrasp,144,149,5,1.0,1.0,6,8,0.3,0.7,8,0.3747524619102478,0.41995590925216675,0.41995590925216675,0.3747524619102478,-0.045203447341918945,-0.045203447341918945,0.6422335505485535,0.044936083257198334,0.18995819985866547
2026_08_18_00_49_05_482404_L1_left_C1,L1,C1,2.0,0.1694548757406934,red,left,right,left,pick up the red block,9,postgrasp,144,149,5,1.0,1.0,7,8,0.3,0.7,8,0.30854249000549316,0.3223104476928711,0.3223104476928711,0.30854249000549316,-0.01376795768737793,-0.01376795768737793,0.6422335505485535,0.044936083257198334,0.18995819985866547
2026_08_18_00_49_05_482404_L1_left_C1,L1,C1,2.0,0.1694548757406934,red,left,right,left,pick up the red block,9,postgrasp,144,149,5,1.0,1.0,8,8,0.3,0.7,8,0.2897354066371918,0.3179875314235687,0.3179875314235687,0.2897354066371918,-0.028252124786376953,-0.028252124786376953,0.6422335505485535,0.044936083257198334,0.18995819985866547
2026_08_18_00_49_05_482404_L1_left_C1,L1,C1,2.0,0.1694548757406934,red,left,right,left,pick up the red block,9,postgrasp,144,149,5,1.0,1.0,9,8,0.3,0.7,8,0.25918155908584595,0.28800255060195923,0.28800255060195923,0.25918155908584595,-0.02882099151611328,-0.02882099151611328,0.6422335505485535,0.044936083257198334,0.18995819985866547
2026_08_18_00_49_36_378126_L1_left_C2,L1,C2,4.0,0.3389097514813868,red,left,right,left,pick up the red block,0,pregrasp,0,16,16,0.10256410256410256,0.0903954802259887,0,8,0.3,0.7,8,0.39479032158851624,0.3919507563114166,0.3919507563114166,0.39479032158851624,0.0028395652770996094,0.0028395652770996094,0.36764010787010193,0.028943616896867752,0.4836997389793396
2026_08_18_00_49_36_378126_L1_left_C2,L1,C2,4.0,0.3389097514813868,red,left,right,left,pick up the red block,0,pregrasp,0,16,16,0.10256410256410256,0.0903954802259887,1,8,0.3,0.7,8,0.39598703384399414,0.3952624201774597,0.3952624201774597,0.39598703384399414,0.0007246136665344238,0.0007246136665344238,0.36764010787010193,0.028943616896867752,0.4836997389793396
2026_08_18_00_49_36_378126_L1_left_C2,L1,C2,4.0,0.3389097514813868,red,left,right,left,pick up the red block,0,pregrasp,0,16,16,0.10256410256410256,0.0903954802259887,2,8,0.3,0.7,8,0.2961258292198181,0.29648759961128235,0.29648759961128235,0.2961258292198181,-0.0003617703914642334,-0.0003617703914642334,0.36764010787010193,0.028943616896867752,0.4836997389793396
2026_08_18_00_49_36_378126_L1_left_C2,L1,C2,4.0,0.3389097514813868,red,left,right,left,pick up the red block,0,pregrasp,0,16,16,0.10256410256410256,0.0903954802259887,3,8,0.3,0.7,8,0.37587326765060425,0.37628960609436035,0.37628960609436035,0.37587326765060425,-0.0004163384437561035,-0.0004163384437561035,0.36764010787010193,0.028943616896867752,0.4836997389793396
2026_08_18_00_49_36_378126_L1_left_C2,L1,C2,4.0,0.3389097514813868,red,left,right,left,pick up the red block,0,pregrasp,0,16,16,0.10256410256410256,0.0903954802259887,4,8,0.3,0.7,8,0.28477057814598083,0.2503623366355896,0.2503623366355896,0.28477057814598083,0.034408241510391235,0.034408241510391235,0.36764010787010193,0.028943616896867752,0.4836997389793396
2026_08_18_00_49_36_378126_L1_left_C2,L1,C2,4.0,0.3389097514813868,red,left,right,left,pick up the red block,0,pregrasp,0,16,16,0.10256410256410256,0.0903954802259887,5,8,0.3,0.7,8,0.3340468108654022,0.3541743755340576,0.3541743755340576,0.3340468108654022,-0.020127564668655396,-0.020127564668655396,0.36764010787010193,0.028943616896867752,0.4836997389793396
2026_08_18_00_49_36_378126_L1_left_C2,L1,C2,4.0,0.3389097514813868,red,left,right,left,pick up the red block,0,pregrasp,0,16,16,0.10256410256410256,0.0903954802259887,6,8,0.3,0.7,8,0.35366958379745483,0.39321836829185486,0.39321836829185486,0.35366958379745483,-0.039548784494400024,-0.039548784494400024,0.36764010787010193,0.028943616896867752,0.4836997389793396
2026_08_18_00_49_36_378126_L1_left_C2,L1,C2,4.0,0.3389097514813868,red,left,right,left,pick up the red block,0,pregrasp,0,16,16,0.10256410256410256,0.0903954802259887,7,8,0.3,0.7,8,0.3782511353492737,0.34802451729774475,0.34802451729774475,0.3782511353492737,0.03022661805152893,0.03022661805152893,0.36764010787010193,0.028943616896867752,0.4836997389793396
2026_08_18_00_49_36_378126_L1_left_C2,L1,C2,4.0,0.3389097514813868,red,left,right,left,pick up the red block,0,pregrasp,0,16,16,0.10256410256410256,0.0903954802259887,8,8,0.3,0.7,8,0.4248446822166443,0.4132881462574005,0.4132881462574005,0.4248446822166443,0.011556535959243774,0.011556535959243774,0.36764010787010193,0.028943616896867752,0.4836997389793396
2026_08_18_00_49_36_378126_L1_left_C2,L1,C2,4.0,0.3389097514813868,red,left,right,left,pick up the red block,0,pregrasp,0,16,16,0.10256410256410256,0.0903954802259887,9,8,0.3,0.7,8,0.4051491618156433,0.4220915138721466,0.4220915138721466,0.4051491618156433,-0.016942352056503296,-0.016942352056503296,0.36764010787010193,0.028943616896867752,0.4836997389793396
2026_08_18_00_49_36_378126_L1_left_C2,L1,C2,4.0,0.3389097514813868,red,left,right,left,pick up the red block,1,pregrasp,16,32,16,0.20512820512820512,0.1807909604519774,0,8,0.3,0.7,8,0.191697359085083,0.217886283993721,0.217886283993721,0.191697359085083,-0.026188924908638,-0.026188924908638,0.3805083632469177,0.092417873442173,0.4602198004722595
2026_08_18_00_49_36_378126_L1_left_C2,L1,C2,4.0,0.3389097514813868,red,left,right,left,pick up the red block,1,pregrasp,16,32,16,0.20512820512820512,0.1807909604519774,1,8,0.3,0.7,8,0.2912795841693878,0.3148651123046875,0.3148651123046875,0.2912795841693878,-0.023585528135299683,-0.023585528135299683,0.3805083632469177,0.092417873442173,0.4602198004722595
2026_08_18_00_49_36_378126_L1_left_C2,L1,C2,4.0,0.3389097514813868,red,left,right,left,pick up the red block,1,pregrasp,16,32,16,0.20512820512820512,0.1807909604519774,2,8,0.3,0.7,8,0.3363542854785919,0.36517736315727234,0.36517736315727234,0.3363542854785919,-0.02882307767868042,-0.02882307767868042,0.3805083632469177,0.092417873442173,0.4602198004722595
2026_08_18_00_49_36_378126_L1_left_C2,L1,C2,4.0,0.3389097514813868,red,left,right,left,pick up the red block,1,pregrasp,16,32,16,0.20512820512820512,0.1807909604519774,3,8,0.3,0.7,8,0.2988273799419403,0.29812300205230713,0.29812300205230713,0.2988273799419403,0.0007043778896331787,0.0007043778896331787,0.3805083632469177,0.092417873442173,0.4602198004722595
2026_08_18_00_49_36_378126_L1_left_C2,L1,C2,4.0,0.3389097514813868,red,left,right,left,pick up the red block,1,pregrasp,16,32,16,0.20512820512820512,0.1807909604519774,4,8,0.3,0.7,8,0.2500125467777252,0.27771222591400146,0.27771222591400146,0.2500125467777252,-0.027699679136276245,-0.027699679136276245,0.3805083632469177,0.092417873442173,0.4602198004722595
2026_08_18_00_49_36_378126_L1_left_C2,L1,C2,4.0,0.3389097514813868,red,left,right,left,pick up the red block,1,pregrasp,16,32,16,0.20512820512820512,0.1807909604519774,5,8,0.3,0.7,8,0.25922513008117676,0.27991122007369995,0.27991122007369995,0.25922513008117676,-0.020686089992523193,-0.020686089992523193,0.3805083632469177,0.092417873442173,0.4602198004722595
2026_08_18_00_49_36_378126_L1_left_C2,L1,C2,4.0,0.3389097514813868,red,left,right,left,pick up the red block,1,pregrasp,16,32,16,0.20512820512820512,0.1807909604519774,6,8,0.3,0.7,8,0.20344139635562897,0.2194909006357193,0.2194909006357193,0.20344139635562897,-0.016049504280090332,-0.016049504280090332,0.3805083632469177,0.092417873442173,0.4602198004722595
2026_08_18_00_49_36_378126_L1_left_C2,L1,C2,4.0,0.3389097514813868,red,left,right,left,pick up the red block,1,pregrasp,16,32,16,0.20512820512820512,0.1807909604519774,7,8,0.3,0.7,8,0.2521219849586487,0.2884227931499481,0.2884227931499481,0.2521219849586487,-0.03630080819129944,-0.03630080819129944,0.3805083632469177,0.092417873442173,0.4602198004722595
2026_08_18_00_49_36_378126_L1_left_C2,L1,C2,4.0,0.3389097514813868,red,left,right,left,pick up the red block,1,pregrasp,16,32,16,0.20512820512820512,0.1807909604519774,8,8,0.3,0.7,8,0.29882150888442993,0.32214730978012085,0.32214730978012085,0.29882150888442993,-0.023325800895690918,-0.023325800895690918,0.3805083632469177,0.092417873442173,0.4602198004722595
2026_08_18_00_49_36_378126_L1_left_C2,L1,C2,4.0,0.3389097514813868,red,left,right,left,pick up the red block,1,pregrasp,16,32,16,0.20512820512820512,0.1807909604519774,9,8,0.3,0.7,8,0.3323316276073456,0.365273118019104,0.365273118019104,0.3323316276073456,-0.03294149041175842,-0.03294149041175842,0.3805083632469177,0.092417873442173,0.4602198004722595
2026_08_18_00_49_36_378126_L1_left_C2,L1,C2,4.0,0.3389097514813868,red,left,right,left,pick up the red block,2,pregrasp,32,48,16,0.3076923076923077,0.2711864406779661,0,8,0.3,0.7,8,0.16083930432796478,0.18457801640033722,0.18457801640033722,0.16083930432796478,-0.023738712072372437,-0.023738712072372437,0.4057500660419464,0.15086424350738525,0.43432676792144775
2026_08_18_00_49_36_378126_L1_left_C2,L1,C2,4.0,0.3389097514813868,red,left,right,left,pick up the red block,2,pregrasp,32,48,16,0.3076923076923077,0.2711864406779661,1,8,0.3,0.7,8,0.22648102045059204,0.2651134133338928,0.2651134133338928,0.22648102045059204,-0.03863239288330078,-0.03863239288330078,0.4057500660419464,0.15086424350738525,0.43432676792144775
2026_08_18_00_49_36_378126_L1_left_C2,L1,C2,4.0,0.3389097514813868,red,left,right,left,pick up the red block,2,pregrasp,32,48,16,0.3076923076923077,0.2711864406779661,2,8,0.3,0.7,8,0.23430879414081573,0.258807510137558,0.258807510137558,0.23430879414081573,-0.02449871599674225,-0.02449871599674225,0.4057500660419464,0.15086424350738525,0.43432676792144775
2026_08_18_00_49_36_378126_L1_left_C2,L1,C2,4.0,0.3389097514813868,red,left,right,left,pick up the red block,2,pregrasp,32,48,16,0.3076923076923077,0.2711864406779661,3,8,0.3,0.7,8,0.29512640833854675,0.3310917913913727,0.3310917913913727,0.29512640833854675,-0.03596538305282593,-0.03596538305282593,0.4057500660419464,0.15086424350738525,0.43432676792144775
2026_08_18_00_49_36_378126_L1_left_C2,L1,C2,4.0,0.3389097514813868,red,left,right,left,pick up the red block,2,pregrasp,32,48,16,0.3076923076923077,0.2711864406779661,4,8,0.3,0.7,8,0.20186284184455872,0.22557471692562103,0.22557471692562103,0.20186284184455872,-0.023711875081062317,-0.023711875081062317,0.4057500660419464,0.15086424350738525,0.43432676792144775
2026_08_18_00_49_36_378126_L1_left_C2,L1,C2,4.0,0.3389097514813868,red,left,right,left,pick up the red block,2,pregrasp,32,48,16,0.3076923076923077,0.2711864406779661,5,8,0.3,0.7,8,0.17388780415058136,0.19883710145950317,0.19883710145950317,0.17388780415058136,-0.024949297308921814,-0.024949297308921814,0.4057500660419464,0.15086424350738525,0.43432676792144775
2026_08_18_00_49_36_378126_L1_left_C2,L1,C2,4.0,0.3389097514813868,red,left,right,left,pick up the red block,2,pregrasp,32,48,16,0.3076923076923077,0.2711864406779661,6,8,0.3,0.7,8,0.22102685272693634,0.24783864617347717,0.24783864617347717,0.22102685272693634,-0.026811793446540833,-0.026811793446540833,0.4057500660419464,0.15086424350738525,0.43432676792144775
2026_08_18_00_49_36_378126_L1_left_C2,L1,C2,4.0,0.3389097514813868,red,left,right,left,pick up the red block,2,pregrasp,32,48,16,0.3076923076923077,0.2711864406779661,7,8,0.3,0.7,8,0.26853692531585693,0.3042222261428833,0.3042222261428833,0.26853692531585693,-0.03568530082702637,-0.03568530082702637,0.4057500660419464,0.15086424350738525,0.43432676792144775
2026_08_18_00_49_36_378126_L1_left_C2,L1,C2,4.0,0.3389097514813868,red,left,right,left,pick up the red block,2,pregrasp,32,48,16,0.3076923076923077,0.2711864406779661,8,8,0.3,0.7,8,0.29785001277923584,0.32983580231666565,0.32983580231666565,0.29785001277923584,-0.03198578953742981,-0.03198578953742981,0.4057500660419464,0.15086424350738525,0.43432676792144775
2026_08_18_00_49_36_378126_L1_left_C2,L1,C2,4.0,0.3389097514813868,red,left,right,left,pick up the red block,2,pregrasp,32,48,16,0.3076923076923077,0.2711864406779661,9,8,0.3,0.7,8,0.16151446104049683,0.18493075668811798,0.18493075668811798,0.16151446104049683,-0.023416295647621155,-0.023416295647621155,0.4057500660419464,0.15086424350738525,0.43432676792144775
2026_08_18_00_49_36_378126_L1_left_C2,L1,C2,4.0,0.3389097514813868,red,left,right,left,pick up the red block,3,pregrasp,48,64,16,0.41025641025641024,0.3615819209039548,0,8,0.3,0.7,8,0.2902587354183197,0.27390193939208984,0.27390193939208984,0.2902587354183197,0.01635679602622986,0.01635679602622986,0.44288989901542664,0.19522489607334137,0.3961678445339203
2026_08_18_00_49_36_378126_L1_left_C2,L1,C2,4.0,0.3389097514813868,red,left,right,left,pick up the red block,3,pregrasp,48,64,16,0.41025641025641024,0.3615819209039548,1,8,0.3,0.7,8,0.20346422493457794,0.1974116861820221,0.1974116861820221,0.20346422493457794,0.006052538752555847,0.006052538752555847,0.44288989901542664,0.19522489607334137,0.3961678445339203
2026_08_18_00_49_36_378126_L1_left_C2,L1,C2,4.0,0.3389097514813868,red,left,right,left,pick up the red block,3,pregrasp,48,64,16,0.41025641025641024,0.3615819209039548,2,8,0.3,0.7,8,0.27941930294036865,0.2364383041858673,0.2364383041858673,0.27941930294036865,0.04298099875450134,0.04298099875450134,0.44288989901542664,0.19522489607334137,0.3961678445339203
2026_08_18_00_49_36_378126_L1_left_C2,L1,C2,4.0,0.3389097514813868,red,left,right,left,pick up the red block,3,pregrasp,48,64,16,0.41025641025641024,0.3615819209039548,3,8,0.3,0.7,8,0.180730938911438,0.17370468378067017,0.17370468378067017,0.180730938911438,0.007026255130767822,0.007026255130767822,0.44288989901542664,0.19522489607334137,0.3961678445339203
2026_08_18_00_49_36_378126_L1_left_C2,L1,C2,4.0,0.3389097514813868,red,left,right,left,pick up the red block,3,pregrasp,48,64,16,0.41025641025641024,0.3615819209039548,4,8,0.3,0.7,8,0.26914775371551514,0.24179953336715698,0.24179953336715698,0.26914775371551514,0.027348220348358154,0.027348220348358154,0.44288989901542664,0.19522489607334137,0.3961678445339203
2026_08_18_00_49_36_378126_L1_left_C2,L1,C2,4.0,0.3389097514813868,red,left,right,left,pick up the red block,3,pregrasp,48,64,16,0.41025641025641024,0.3615819209039548,5,8,0.3,0.7,8,0.3089827001094818,0.2980991303920746,0.2980991303920746,0.3089827001094818,0.010883569717407227,0.010883569717407227,0.44288989901542664,0.19522489607334137,0.3961678445339203
2026_08_18_00_49_36_378126_L1_left_C2,L1,C2,4.0,0.3389097514813868,red,left,right,left,pick up the red block,3,pregrasp,48,64,16,0.41025641025641024,0.3615819209039548,6,8,0.3,0.7,8,0.2532595694065094,0.2219419777393341,0.2219419777393341,0.2532595694065094,0.03131759166717529,0.03131759166717529,0.44288989901542664,0.19522489607334137,0.3961678445339203
2026_08_18_00_49_36_378126_L1_left_C2,L1,C2,4.0,0.3389097514813868,red,left,right,left,pick up the red block,3,pregrasp,48,64,16,0.41025641025641024,0.3615819209039548,7,8,0.3,0.7,8,0.2607688009738922,0.2600591778755188,0.2600591778755188,0.2607688009738922,0.0007096230983734131,0.0007096230983734131,0.44288989901542664,0.19522489607334137,0.3961678445339203
2026_08_18_00_49_36_378126_L1_left_C2,L1,C2,4.0,0.3389097514813868,red,left,right,left,pick up the red block,3,pregrasp,48,64,16,0.41025641025641024,0.3615819209039548,8,8,0.3,0.7,8,0.19357040524482727,0.20907483994960785,0.20907483994960785,0.19357040524482727,-0.015504434704780579,-0.015504434704780579,0.44288989901542664,0.19522489607334137,0.3961678445339203
2026_08_18_00_49_36_378126_L1_left_C2,L1,C2,4.0,0.3389097514813868,red,left,right,left,pick up the red block,3,pregrasp,48,64,16,0.41025641025641024,0.3615819209039548,9,8,0.3,0.7,8,0.41895443201065063,0.39056500792503357,0.39056500792503357,0.41895443201065063,0.028389424085617065,0.028389424085617065,0.44288989901542664,0.19522489607334137,0.3961678445339203
2026_08_18_00_49_36_378126_L1_left_C2,L1,C2,4.0,0.3389097514813868,red,left,right,left,pick up the red block,4,pregrasp,64,80,16,0.5128205128205128,0.4519774011299435,0,8,0.3,0.7,8,0.2733791470527649,0.27490800619125366,0.27490800619125366,0.2733791470527649,-0.0015288591384887695,-0.0015288591384887695,0.4886716604232788,0.20574116706848145,0.3469110131263733
2026_08_18_00_49_36_378126_L1_left_C2,L1,C2,4.0,0.3389097514813868,red,left,right,left,pick up the red block,4,pregrasp,64,80,16,0.5128205128205128,0.4519774011299435,1,8,0.3,0.7,8,0.34305262565612793,0.32872283458709717,0.32872283458709717,0.34305262565612793,0.014329791069030762,0.014329791069030762,0.4886716604232788,0.20574116706848145,0.3469110131263733
2026_08_18_00_49_36_378126_L1_left_C2,L1,C2,4.0,0.3389097514813868,red,left,right,left,pick up the red block,4,pregrasp,64,80,16,0.5128205128205128,0.4519774011299435,2,8,0.3,0.7,8,0.2677243649959564,0.25890833139419556,0.25890833139419556,0.2677243649959564,0.008816033601760864,0.008816033601760864,0.4886716604232788,0.20574116706848145,0.3469110131263733
2026_08_18_00_49_36_378126_L1_left_C2,L1,C2,4.0,0.3389097514813868,red,left,right,left,pick up the red block,4,pregrasp,64,80,16,0.5128205128205128,0.4519774011299435,3,8,0.3,0.7,8,0.3055979013442993,0.29994142055511475,0.29994142055511475,0.3055979013442993,0.00565648078918457,0.00565648078918457,0.4886716604232788,0.20574116706848145,0.3469110131263733
2026_08_18_00_49_36_378126_L1_left_C2,L1,C2,4.0,0.3389097514813868,red,left,right,left,pick up the red block,4,pregrasp,64,80,16,0.5128205128205128,0.4519774011299435,4,8,0.3,0.7,8,0.2530491054058075,0.24957861006259918,0.24957861006259918,0.2530491054058075,0.003470495343208313,0.003470495343208313,0.4886716604232788,0.20574116706848145,0.3469110131263733
2026_08_18_00_49_36_378126_L1_left_C2,L1,C2,4.0,0.3389097514813868,red,left,right,left,pick up the red block,4,pregrasp,64,80,16,0.5128205128205128,0.4519774011299435,5,8,0.3,0.7,8,0.3598904311656952,0.3494798243045807,0.3494798243045807,0.3598904311656952,0.010410606861114502,0.010410606861114502,0.4886716604232788,0.20574116706848145,0.3469110131263733
2026_08_18_00_49_36_378126_L1_left_C2,L1,C2,4.0,0.3389097514813868,red,left,right,left,pick up the red block,4,pregrasp,64,80,16,0.5128205128205128,0.4519774011299435,6,8,0.3,0.7,8,0.20714734494686127,0.19801783561706543,0.19801783561706543,0.20714734494686127,0.009129509329795837,0.009129509329795837,0.4886716604232788,0.20574116706848145,0.3469110131263733
2026_08_18_00_49_36_378126_L1_left_C2,L1,C2,4.0,0.3389097514813868,red,left,right,left,pick up the red block,4,pregrasp,64,80,16,0.5128205128205128,0.4519774011299435,7,8,0.3,0.7,8,0.3274141848087311,0.3253791928291321,0.3253791928291321,0.3274141848087311,0.002034991979598999,0.002034991979598999,0.4886716604232788,0.20574116706848145,0.3469110131263733
2026_08_18_00_49_36_378126_L1_left_C2,L1,C2,4.0,0.3389097514813868,red,left,right,left,pick up the red block,4,pregrasp,64,80,16,0.5128205128205128,0.4519774011299435,8,8,0.3,0.7,8,0.35534214973449707,0.3421000838279724,0.3421000838279724,0.35534214973449707,0.013242065906524658,0.013242065906524658,0.4886716604232788,0.20574116706848145,0.3469110131263733
2026_08_18_00_49_36_378126_L1_left_C2,L1,C2,4.0,0.3389097514813868,red,left,right,left,pick up the red block,4,pregrasp,64,80,16,0.5128205128205128,0.4519774011299435,9,8,0.3,0.7,8,0.3036649823188782,0.29281482100486755,0.29281482100486755,0.3036649823188782,0.01085016131401062,0.01085016131401062,0.4886716604232788,0.20574116706848145,0.3469110131263733
2026_08_18_00_49_36_378126_L1_left_C2,L1,C2,4.0,0.3389097514813868,red,left,right,left,pick up the red block,5,pregrasp,80,96,16,0.6153846153846154,0.5423728813559322,0,8,0.3,0.7,8,0.35723814368247986,0.35470932722091675,0.35470932722091675,0.35723814368247986,0.0025288164615631104,0.0025288164615631104,0.532691240310669,0.18066371977329254,0.3011900782585144
2026_08_18_00_49_36_378126_L1_left_C2,L1,C2,4.0,0.3389097514813868,red,left,right,left,pick up the red block,5,pregrasp,80,96,16,0.6153846153846154,0.5423728813559322,1,8,0.3,0.7,8,0.28150802850723267,0.2798968255519867,0.2798968255519867,0.28150802850723267,0.0016112029552459717,0.0016112029552459717,0.532691240310669,0.18066371977329254,0.3011900782585144
2026_08_18_00_49_36_378126_L1_left_C2,L1,C2,4.0,0.3389097514813868,red,left,right,left,pick up the red block,5,pregrasp,80,96,16,0.6153846153846154,0.5423728813559322,2,8,0.3,0.7,8,0.2551844120025635,0.25743189454078674,0.25743189454078674,0.2551844120025635,-0.0022474825382232666,-0.0022474825382232666,0.532691240310669,0.18066371977329254,0.3011900782585144
2026_08_18_00_49_36_378126_L1_left_C2,L1,C2,4.0,0.3389097514813868,red,left,right,left,pick up the red block,5,pregrasp,80,96,16,0.6153846153846154,0.5423728813559322,3,8,0.3,0.7,8,0.23116864264011383,0.22496965527534485,0.22496965527534485,0.23116864264011383,0.006198987364768982,0.006198987364768982,0.532691240310669,0.18066371977329254,0.3011900782585144
2026_08_18_00_49_36_378126_L1_left_C2,L1,C2,4.0,0.3389097514813868,red,left,right,left,pick up the red block,5,pregrasp,80,96,16,0.6153846153846154,0.5423728813559322,4,8,0.3,0.7,8,0.23256529867649078,0.22047269344329834,0.22047269344329834,0.23256529867649078,0.012092605233192444,0.012092605233192444,0.532691240310669,0.18066371977329254,0.3011900782585144
2026_08_18_00_49_36_378126_L1_left_C2,L1,C2,4.0,0.3389097514813868,red,left,right,left,pick up the red block,5,pregrasp,80,96,16,0.6153846153846154,0.5423728813559322,5,8,0.3,0.7,8,0.31261396408081055,0.3060044050216675,0.3060044050216675,0.31261396408081055,0.006609559059143066,0.006609559059143066,0.532691240310669,0.18066371977329254,0.3011900782585144
2026_08_18_00_49_36_378126_L1_left_C2,L1,C2,4.0,0.3389097514813868,red,left,right,left,pick up the red block,5,pregrasp,80,96,16,0.6153846153846154,0.5423728813559322,6,8,0.3,0.7,8,0.2155153453350067,0.20728415250778198,0.20728415250778198,0.2155153453350067,0.008231192827224731,0.008231192827224731,0.532691240310669,0.18066371977329254,0.3011900782585144
2026_08_18_00_49_36_378126_L1_left_C2,L1,C2,4.0,0.3389097514813868,red,left,right,left,pick up the red block,5,pregrasp,80,96,16,0.6153846153846154,0.5423728813559322,7,8,0.3,0.7,8,0.3158101439476013,0.3102445602416992,0.3102445602416992,0.3158101439476013,0.0055655837059021,0.0055655837059021,0.532691240310669,0.18066371977329254,0.3011900782585144
2026_08_18_00_49_36_378126_L1_left_C2,L1,C2,4.0,0.3389097514813868,red,left,right,left,pick up the red block,5,pregrasp,80,96,16,0.6153846153846154,0.5423728813559322,8,8,0.3,0.7,8,0.24936574697494507,0.24036023020744324,0.24036023020744324,0.24936574697494507,0.009005516767501831,0.009005516767501831,0.532691240310669,0.18066371977329254,0.3011900782585144
2026_08_18_00_49_36_378126_L1_left_C2,L1,C2,4.0,0.3389097514813868,red,left,right,left,pick up the red block,5,pregrasp,80,96,16,0.6153846153846154,0.5423728813559322,9,8,0.3,0.7,8,0.1716114580631256,0.15770921111106873,0.15770921111106873,0.1716114580631256,0.013902246952056885,0.013902246952056885,0.532691240310669,0.18066371977329254,0.3011900782585144
2026_08_18_00_49_36_378126_L1_left_C2,L1,C2,4.0,0.3389097514813868,red,left,right,left,pick up the red block,6,pregrasp,96,112,16,0.717948717948718,0.632768361581921,0,8,0.3,0.7,8,0.24657119810581207,0.2708427608013153,0.2708427608013153,0.24657119810581207,-0.024271562695503235,-0.024271562695503235,0.5720626711845398,0.13909949362277985,0.2613275647163391
2026_08_18_00_49_36_378126_L1_left_C2,L1,C2,4.0,0.3389097514813868,red,left,right,left,pick up the red block,6,pregrasp,96,112,16,0.717948717948718,0.632768361581921,1,8,0.3,0.7,8,0.24079671502113342,0.2745610475540161,0.2745610475540161,0.24079671502113342,-0.03376433253288269,-0.03376433253288269,0.5720626711845398,0.13909949362277985,0.2613275647163391
2026_08_18_00_49_36_378126_L1_left_C2,L1,C2,4.0,0.3389097514813868,red,left,right,left,pick up the red block,6,pregrasp,96,112,16,0.717948717948718,0.632768361581921,2,8,0.3,0.7,8,0.24931515753269196,0.272427499294281,0.272427499294281,0.24931515753269196,-0.02311234176158905,-0.02311234176158905,0.5720626711845398,0.13909949362277985,0.2613275647163391
2026_08_18_00_49_36_378126_L1_left_C2,L1,C2,4.0,0.3389097514813868,red,left,right,left,pick up the red block,6,pregrasp,96,112,16,0.717948717948718,0.632768361581921,3,8,0.3,0.7,8,0.1994151473045349,0.2245749682188034,0.2245749682188034,0.1994151473045349,-0.025159820914268494,-0.025159820914268494,0.5720626711845398,0.13909949362277985,0.2613275647163391
2026_08_18_00_49_36_378126_L1_left_C2,L1,C2,4.0,0.3389097514813868,red,left,right,left,pick up the red block,6,pregrasp,96,112,16,0.717948717948718,0.632768361581921,4,8,0.3,0.7,8,0.25407466292381287,0.2831146717071533,0.2831146717071533,0.25407466292381287,-0.029040008783340454,-0.029040008783340454,0.5720626711845398,0.13909949362277985,0.2613275647163391
2026_08_18_00_49_36_378126_L1_left_C2,L1,C2,4.0,0.3389097514813868,red,left,right,left,pick up the red block,6,pregrasp,96,112,16,0.717948717948718,0.632768361581921,5,8,0.3,0.7,8,0.30583032965660095,0.3272321820259094,0.3272321820259094,0.30583032965660095,-0.02140185236930847,-0.02140185236930847,0.5720626711845398,0.13909949362277985,0.2613275647163391
2026_08_18_00_49_36_378126_L1_left_C2,L1,C2,4.0,0.3389097514813868,red,left,right,left,pick up the red block,6,pregrasp,96,112,16,0.717948717948718,0.632768361581921,6,8,0.3,0.7,8,0.2472125142812729,0.27751463651657104,0.27751463651657104,0.2472125142812729,-0.030302122235298157,-0.030302122235298157,0.5720626711845398,0.13909949362277985,0.2613275647163391
2026_08_18_00_49_36_378126_L1_left_C2,L1,C2,4.0,0.3389097514813868,red,left,right,left,pick up the red block,6,pregrasp,96,112,16,0.717948717948718,0.632768361581921,7,8,0.3,0.7,8,0.18168742954730988,0.20212547481060028,0.20212547481060028,0.18168742954730988,-0.020438045263290405,-0.020438045263290405,0.5720626711845398,0.13909949362277985,0.2613275647163391
2026_08_18_00_49_36_378126_L1_left_C2,L1,C2,4.0,0.3389097514813868,red,left,right,left,pick up the red block,6,pregrasp,96,112,16,0.717948717948718,0.632768361581921,8,8,0.3,0.7,8,0.25887444615364075,0.2875957489013672,0.2875957489013672,0.25887444615364075,-0.02872130274772644,-0.02872130274772644,0.5720626711845398,0.13909949362277985,0.2613275647163391
2026_08_18_00_49_36_378126_L1_left_C2,L1,C2,4.0,0.3389097514813868,red,left,right,left,pick up the red block,6,pregrasp,96,112,16,0.717948717948718,0.632768361581921,9,8,0.3,0.7,8,0.1785394847393036,0.2010694295167923,0.2010694295167923,0.1785394847393036,-0.02252994477748871,-0.02252994477748871,0.5720626711845398,0.13909949362277985,0.2613275647163391
2026_08_18_00_49_36_378126_L1_left_C2,L1,C2,4.0,0.3389097514813868,red,left,right,left,pick up the red block,7,pregrasp,112,128,16,0.8205128205128205,0.7231638418079096,0,8,0.3,0.7,8,0.33543482422828674,0.3017405569553375,0.3017405569553375,0.33543482422828674,0.03369426727294922,0.03369426727294922,0.6079145073890686,0.09179355949163437,0.22480329871177673
2026_08_18_00_49_36_378126_L1_left_C2,L1,C2,4.0,0.3389097514813868,red,left,right,left,pick up the red block,7,pregrasp,112,128,16,0.8205128205128205,0.7231638418079096,1,8,0.3,0.7,8,0.3532056212425232,0.3288569450378418,0.3288569450378418,0.3532056212425232,0.024348676204681396,0.024348676204681396,0.6079145073890686,0.09179355949163437,0.22480329871177673
2026_08_18_00_49_36_378126_L1_left_C2,L1,C2,4.0,0.3389097514813868,red,left,right,left,pick up the red block,7,pregrasp,112,128,16,0.8205128205128205,0.7231638418079096,2,8,0.3,0.7,8,0.36499813199043274,0.3466285467147827,0.3466285467147827,0.36499813199043274,0.018369585275650024,0.018369585275650024,0.6079145073890686,0.09179355949163437,0.22480329871177673
2026_08_18_00_49_36_378126_L1_left_C2,L1,C2,4.0,0.3389097514813868,red,left,right,left,pick up the red block,7,pregrasp,112,128,16,0.8205128205128205,0.7231638418079096,3,8,0.3,0.7,8,0.296286404132843,0.27422982454299927,0.27422982454299927,0.296286404132843,0.02205657958984375,0.02205657958984375,0.6079145073890686,0.09179355949163437,0.22480329871177673
2026_08_18_00_49_36_378126_L1_left_C2,L1,C2,4.0,0.3389097514813868,red,left,right,left,pick up the red block,7,pregrasp,112,128,16,0.8205128205128205,0.7231638418079096,4,8,0.3,0.7,8,0.3404058516025543,0.312549352645874,0.312549352645874,0.3404058516025543,0.027856498956680298,0.027856498956680298,0.6079145073890686,0.09179355949163437,0.22480329871177673
2026_08_18_00_49_36_378126_L1_left_C2,L1,C2,4.0,0.3389097514813868,red,left,right,left,pick up the red block,7,pregrasp,112,128,16,0.8205128205128205,0.7231638418079096,5,8,0.3,0.7,8,0.4216070771217346,0.40071916580200195,0.40071916580200195,0.4216070771217346,0.020887911319732666,0.020887911319732666,0.6079145073890686,0.09179355949163437,0.22480329871177673
2026_08_18_00_49_36_378126_L1_left_C2,L1,C2,4.0,0.3389097514813868,red,left,right,left,pick up the red block,7,pregrasp,112,128,16,0.8205128205128205,0.7231638418079096,6,8,0.3,0.7,8,0.3138962984085083,0.27979984879493713,0.27979984879493713,0.3138962984085083,0.03409644961357117,0.03409644961357117,0.6079145073890686,0.09179355949163437,0.22480329871177673
2026_08_18_00_49_36_378126_L1_left_C2,L1,C2,4.0,0.3389097514813868,red,left,right,left,pick up the red block,7,pregrasp,112,128,16,0.8205128205128205,0.7231638418079096,7,8,0.3,0.7,8,0.3456697165966034,0.31477969884872437,0.31477969884872437,0.3456697165966034,0.03089001774787903,0.03089001774787903,0.6079145073890686,0.09179355949163437,0.22480329871177673
2026_08_18_00_49_36_378126_L1_left_C2,L1,C2,4.0,0.3389097514813868,red,left,right,left,pick up the red block,7,pregrasp,112,128,16,0.8205128205128205,0.7231638418079096,8,8,0.3,0.7,8,0.24361015856266022,0.2240755558013916,0.2240755558013916,0.24361015856266022,0.019534602761268616,0.019534602761268616,0.6079145073890686,0.09179355949163437,0.22480329871177673
2026_08_18_00_49_36_378126_L1_left_C2,L1,C2,4.0,0.3389097514813868,red,left,right,left,pick up the red block,7,pregrasp,112,128,16,0.8205128205128205,0.7231638418079096,9,8,0.3,0.7,8,0.37381166219711304,0.35899823904037476,0.35899823904037476,0.37381166219711304,0.014813423156738281,0.014813423156738281,0.6079145073890686,0.09179355949163437,0.22480329871177673
2026_08_18_00_49_36_378126_L1_left_C2,L1,C2,4.0,0.3389097514813868,red,left,right,left,pick up the red block,8,pregrasp,128,144,16,0.9230769230769231,0.8135593220338984,0,8,0.3,0.7,8,0.4562751054763794,0.4196471869945526,0.4196471869945526,0.4562751054763794,0.03662791848182678,0.03662791848182678,0.6397051811218262,0.04648291692137718,0.19202855229377747
2026_08_18_00_49_36_378126_L1_left_C2,L1,C2,4.0,0.3389097514813868,red,left,right,left,pick up the red block,8,pregrasp,128,144,16,0.9230769230769231,0.8135593220338984,1,8,0.3,0.7,8,0.4166545867919922,0.37686872482299805,0.37686872482299805,0.4166545867919922,0.03978586196899414,0.03978586196899414,0.6397051811218262,0.04648291692137718,0.19202855229377747
2026_08_18_00_49_36_378126_L1_left_C2,L1,C2,4.0,0.3389097514813868,red,left,right,left,pick up the red block,8,pregrasp,128,144,16,0.9230769230769231,0.8135593220338984,2,8,0.3,0.7,8,0.42624375224113464,0.38187822699546814,0.38187822699546814,0.42624375224113464,0.044365525245666504,0.044365525245666504,0.6397051811218262,0.04648291692137718,0.19202855229377747
2026_08_18_00_49_36_378126_L1_left_C2,L1,C2,4.0,0.3389097514813868,red,left,right,left,pick up the red block,8,pregrasp,128,144,16,0.9230769230769231,0.8135593220338984,3,8,0.3,0.7,8,0.4004668593406677,0.3567061424255371,0.3567061424255371,0.4004668593406677,0.043760716915130615,0.043760716915130615,0.6397051811218262,0.04648291692137718,0.19202855229377747
2026_08_18_00_49_36_378126_L1_left_C2,L1,C2,4.0,0.3389097514813868,red,left,right,left,pick up the red block,8,pregrasp,128,144,16,0.9230769230769231,0.8135593220338984,4,8,0.3,0.7,8,0.398399293422699,0.353843629360199,0.353843629360199,0.398399293422699,0.0445556640625,0.0445556640625,0.6397051811218262,0.04648291692137718,0.19202855229377747
2026_08_18_00_49_36_378126_L1_left_C2,L1,C2,4.0,0.3389097514813868,red,left,right,left,pick up the red block,8,pregrasp,128,144,16,0.9230769230769231,0.8135593220338984,5,8,0.3,0.7,8,0.46599337458610535,0.42880237102508545,0.42880237102508545,0.46599337458610535,0.0371910035610199,0.0371910035610199,0.6397051811218262,0.04648291692137718,0.19202855229377747
2026_08_18_00_49_36_378126_L1_left_C2,L1,C2,4.0,0.3389097514813868,red,left,right,left,pick up the red block,8,pregrasp,128,144,16,0.9230769230769231,0.8135593220338984,6,8,0.3,0.7,8,0.3761783838272095,0.32871103286743164,0.32871103286743164,0.3761783838272095,0.04746735095977783,0.04746735095977783,0.6397051811218262,0.04648291692137718,0.19202855229377747
2026_08_18_00_49_36_378126_L1_left_C2,L1,C2,4.0,0.3389097514813868,red,left,right,left,pick up the red block,8,pregrasp,128,144,16,0.9230769230769231,0.8135593220338984,7,8,0.3,0.7,8,0.3159582316875458,0.26787957549095154,0.26787957549095154,0.3159582316875458,0.04807865619659424,0.04807865619659424,0.6397051811218262,0.04648291692137718,0.19202855229377747
2026_08_18_00_49_36_378126_L1_left_C2,L1,C2,4.0,0.3389097514813868,red,left,right,left,pick up the red block,8,pregrasp,128,144,16,0.9230769230769231,0.8135593220338984,8,8,0.3,0.7,8,0.38495543599128723,0.3445887267589569,0.3445887267589569,0.38495543599128723,0.04036670923233032,0.04036670923233032,0.6397051811218262,0.04648291692137718,0.19202855229377747
2026_08_18_00_49_36_378126_L1_left_C2,L1,C2,4.0,0.3389097514813868,red,left,right,left,pick up the red block,8,pregrasp,128,144,16,0.9230769230769231,0.8135593220338984,9,8,0.3,0.7,8,0.45261314511299133,0.41100871562957764,0.41100871562957764,0.45261314511299133,0.041604429483413696,0.041604429483413696,0.6397051811218262,0.04648291692137718,0.19202855229377747
2026_08_18_00_49_36_378126_L1_left_C2,L1,C2,4.0,0.3389097514813868,red,left,right,left,pick up the red block,9,pregrasp,144,156,12,1.0,0.8813559322033898,0,8,0.3,0.7,8,0.301399827003479,0.26773422956466675,0.26773422956466675,0.301399827003479,0.033665597438812256,0.033665597438812256,0.6414268016815186,0.045219603925943375,0.19022321701049805
2026_08_18_00_49_36_378126_L1_left_C2,L1,C2,4.0,0.3389097514813868,red,left,right,left,pick up the red block,9,pregrasp,144,156,12,1.0,0.8813559322033898,1,8,0.3,0.7,8,0.2410585880279541,0.23535573482513428,0.23535573482513428,0.2410585880279541,0.005702853202819824,0.005702853202819824,0.6414268016815186,0.045219603925943375,0.19022321701049805
2026_08_18_00_49_36_378126_L1_left_C2,L1,C2,4.0,0.3389097514813868,red,left,right,left,pick up the red block,9,pregrasp,144,156,12,1.0,0.8813559322033898,2,8,0.3,0.7,8,0.374528169631958,0.35638222098350525,0.35638222098350525,0.374528169631958,0.01814594864845276,0.01814594864845276,0.6414268016815186,0.045219603925943375,0.19022321701049805
2026_08_18_00_49_36_378126_L1_left_C2,L1,C2,4.0,0.3389097514813868,red,left,right,left,pick up the red block,9,pregrasp,144,156,12,1.0,0.8813559322033898,3,8,0.3,0.7,8,0.22404466569423676,0.20798751711845398,0.20798751711845398,0.22404466569423676,0.016057148575782776,0.016057148575782776,0.6414268016815186,0.045219603925943375,0.19022321701049805
2026_08_18_00_49_36_378126_L1_left_C2,L1,C2,4.0,0.3389097514813868,red,left,right,left,pick up the red block,9,pregrasp,144,156,12,1.0,0.8813559322033898,4,8,0.3,0.7,8,0.34911850094795227,0.3185126781463623,0.3185126781463623,0.34911850094795227,0.030605822801589966,0.030605822801589966,0.6414268016815186,0.045219603925943375,0.19022321701049805
2026_08_18_00_49_36_378126_L1_left_C2,L1,C2,4.0,0.3389097514813868,red,left,right,left,pick up the red block,9,pregrasp,144,156,12,1.0,0.8813559322033898,5,8,0.3,0.7,8,0.2192552089691162,0.19858205318450928,0.19858205318450928,0.2192552089691162,0.020673155784606934,0.020673155784606934,0.6414268016815186,0.045219603925943375,0.19022321701049805
2026_08_18_00_49_36_378126_L1_left_C2,L1,C2,4.0,0.3389097514813868,red,left,right,left,pick up the red block,9,pregrasp,144,156,12,1.0,0.8813559322033898,6,8,0.3,0.7,8,0.23973996937274933,0.214498832821846,0.214498832821846,0.23973996937274933,0.02524113655090332,0.02524113655090332,0.6414268016815186,0.045219603925943375,0.19022321701049805
2026_08_18_00_49_36_378126_L1_left_C2,L1,C2,4.0,0.3389097514813868,red,left,right,left,pick up the red block,9,pregrasp,144,156,12,1.0,0.8813559322033898,7,8,0.3,0.7,8,0.2833169400691986,0.2595961391925812,0.2595961391925812,0.2833169400691986,0.02372080087661743,0.02372080087661743,0.6414268016815186,0.045219603925943375,0.19022321701049805
2026_08_18_00_49_36_378126_L1_left_C2,L1,C2,4.0,0.3389097514813868,red,left,right,left,pick up the red block,9,pregrasp,144,156,12,1.0,0.8813559322033898,8,8,0.3,0.7,8,0.20289203524589539,0.18967649340629578,0.18967649340629578,0.20289203524589539,0.01321554183959961,0.01321554183959961,0.6414268016815186,0.045219603925943375,0.19022321701049805
2026_08_18_00_49_36_378126_L1_left_C2,L1,C2,4.0,0.3389097514813868,red,left,right,left,pick up the red block,9,pregrasp,144,156,12,1.0,0.8813559322033898,9,8,0.3,0.7,8,0.25962698459625244,0.2391781061887741,0.2391781061887741,0.25962698459625244,0.020448878407478333,0.020448878407478333,0.6414268016815186,0.045219603925943375,0.19022321701049805
2026_08_18_00_49_36_378126_L1_left_C2,L1,C2,4.0,0.3389097514813868,red,left,right,left,pick up the red block,10,postgrasp,156,172,16,1.0,0.9717514124293786,0,8,0.3,0.7,8,0.34664613008499146,0.3090909421443939,0.3090909421443939,0.34664613008499146,0.037555187940597534,0.037555187940597534,0.641834020614624,0.04516230896115303,0.19066476821899414
2026_08_18_00_49_36_378126_L1_left_C2,L1,C2,4.0,0.3389097514813868,red,left,right,left,pick up the red block,10,postgrasp,156,172,16,1.0,0.9717514124293786,1,8,0.3,0.7,8,0.3677594065666199,0.32617536187171936,0.32617536187171936,0.3677594065666199,0.04158404469490051,0.04158404469490051,0.641834020614624,0.04516230896115303,0.19066476821899414
2026_08_18_00_49_36_378126_L1_left_C2,L1,C2,4.0,0.3389097514813868,red,left,right,left,pick up the red block,10,postgrasp,156,172,16,1.0,0.9717514124293786,2,8,0.3,0.7,8,0.3898981511592865,0.33658093214035034,0.33658093214035034,0.3898981511592865,0.05331721901893616,0.05331721901893616,0.641834020614624,0.04516230896115303,0.19066476821899414
2026_08_18_00_49_36_378126_L1_left_C2,L1,C2,4.0,0.3389097514813868,red,left,right,left,pick up the red block,10,postgrasp,156,172,16,1.0,0.9717514124293786,3,8,0.3,0.7,8,0.3524962365627289,0.3106738030910492,0.3106738030910492,0.3524962365627289,0.04182243347167969,0.04182243347167969,0.641834020614624,0.04516230896115303,0.19066476821899414
2026_08_18_00_49_36_378126_L1_left_C2,L1,C2,4.0,0.3389097514813868,red,left,right,left,pick up the red block,10,postgrasp,156,172,16,1.0,0.9717514124293786,4,8,0.3,0.7,8,0.366593599319458,0.3192092180252075,0.3192092180252075,0.366593599319458,0.04738438129425049,0.04738438129425049,0.641834020614624,0.04516230896115303,0.19066476821899414
2026_08_18_00_49_36_378126_L1_left_C2,L1,C2,4.0,0.3389097514813868,red,left,right,left,pick up the red block,10,postgrasp,156,172,16,1.0,0.9717514124293786,5,8,0.3,0.7,8,0.43848711252212524,0.3846210241317749,0.3846210241317749,0.43848711252212524,0.05386608839035034,0.05386608839035034,0.641834020614624,0.04516230896115303,0.19066476821899414
2026_08_18_00_49_36_378126_L1_left_C2,L1,C2,4.0,0.3389097514813868,red,left,right,left,pick up the red block,10,postgrasp,156,172,16,1.0,0.9717514124293786,6,8,0.3,0.7,8,0.3358651101589203,0.2923569679260254,0.2923569679260254,0.3358651101589203,0.0435081422328949,0.0435081422328949,0.641834020614624,0.04516230896115303,0.19066476821899414
2026_08_18_00_49_36_378126_L1_left_C2,L1,C2,4.0,0.3389097514813868,red,left,right,left,pick up the red block,10,postgrasp,156,172,16,1.0,0.9717514124293786,7,8,0.3,0.7,8,0.3214525878429413,0.2941247522830963,0.2941247522830963,0.3214525878429413,0.02732783555984497,0.02732783555984497,0.641834020614624,0.04516230896115303,0.19066476821899414
2026_08_18_00_49_36_378126_L1_left_C2,L1,C2,4.0,0.3389097514813868,red,left,right,left,pick up the red block,10,postgrasp,156,172,16,1.0,0.9717514124293786,8,8,0.3,0.7,8,0.36226898431777954,0.33890366554260254,0.33890366554260254,0.36226898431777954,0.023365318775177002,0.023365318775177002,0.641834020614624,0.04516230896115303,0.19066476821899414
2026_08_18_00_49_36_378126_L1_left_C2,L1,C2,4.0,0.3389097514813868,red,left,right,left,pick up the red block,10,postgrasp,156,172,16,1.0,0.9717514124293786,9,8,0.3,0.7,8,0.45263350009918213,0.4284343123435974,0.4284343123435974,0.45263350009918213,0.024199187755584717,0.024199187755584717,0.641834020614624,0.04516230896115303,0.19066476821899414
2026_08_18_00_49_36_378126_L1_left_C2,L1,C2,4.0,0.3389097514813868,red,left,right,left,pick up the red block,11,postgrasp,172,177,5,1.0,1.0,0,8,0.3,0.7,8,0.356552392244339,0.44369736313819885,0.44369736313819885,0.356552392244339,-0.08714497089385986,-0.08714497089385986,0.6418346166610718,0.045163847506046295,0.19066457450389862
2026_08_18_00_49_36_378126_L1_left_C2,L1,C2,4.0,0.3389097514813868,red,left,right,left,pick up the red block,11,postgrasp,172,177,5,1.0,1.0,1,8,0.3,0.7,8,0.3812471032142639,0.46489807963371277,0.46489807963371277,0.3812471032142639,-0.08365097641944885,-0.08365097641944885,0.6418346166610718,0.045163847506046295,0.19066457450389862
2026_08_18_00_49_36_378126_L1_left_C2,L1,C2,4.0,0.3389097514813868,red,left,right,left,pick up the red block,11,postgrasp,172,177,5,1.0,1.0,2,8,0.3,0.7,8,0.3237711787223816,0.3916977047920227,0.3916977047920227,0.3237711787223816,-0.06792652606964111,-0.06792652606964111,0.6418346166610718,0.045163847506046295,0.19066457450389862
2026_08_18_00_49_36_378126_L1_left_C2,L1,C2,4.0,0.3389097514813868,red,left,right,left,pick up the red block,11,postgrasp,172,177,5,1.0,1.0,3,8,0.3,0.7,8,0.2845093905925751,0.34024468064308167,0.34024468064308167,0.2845093905925751,-0.05573529005050659,-0.05573529005050659,0.6418346166610718,0.045163847506046295,0.19066457450389862
2026_08_18_00_49_36_378126_L1_left_C2,L1,C2,4.0,0.3389097514813868,red,left,right,left,pick up the red block,11,postgrasp,172,177,5,1.0,1.0,4,8,0.3,0.7,8,0.34891995787620544,0.4005529582500458,0.4005529582500458,0.34891995787620544,-0.05163300037384033,-0.05163300037384033,0.6418346166610718,0.045163847506046295,0.19066457450389862
2026_08_18_00_49_36_378126_L1_left_C2,L1,C2,4.0,0.3389097514813868,red,left,right,left,pick up the red block,11,postgrasp,172,177,5,1.0,1.0,5,8,0.3,0.7,8,0.32135388255119324,0.39005351066589355,0.39005351066589355,0.32135388255119324,-0.06869962811470032,-0.06869962811470032,0.6418346166610718,0.045163847506046295,0.19066457450389862
2026_08_18_00_49_36_378126_L1_left_C2,L1,C2,4.0,0.3389097514813868,red,left,right,left,pick up the red block,11,postgrasp,172,177,5,1.0,1.0,6,8,0.3,0.7,8,0.34673836827278137,0.46304696798324585,0.46304696798324585,0.34673836827278137,-0.11630859971046448,-0.11630859971046448,0.6418346166610718,0.045163847506046295,0.19066457450389862
2026_08_18_00_49_36_378126_L1_left_C2,L1,C2,4.0,0.3389097514813868,red,left,right,left,pick up the red block,11,postgrasp,172,177,5,1.0,1.0,7,8,0.3,0.7,8,0.30397099256515503,0.3980032205581665,0.3980032205581665,0.30397099256515503,-0.09403222799301147,-0.09403222799301147,0.6418346166610718,0.045163847506046295,0.19066457450389862
2026_08_18_00_49_36_378126_L1_left_C2,L1,C2,4.0,0.3389097514813868,red,left,right,left,pick up the red block,11,postgrasp,172,177,5,1.0,1.0,8,8,0.3,0.7,8,0.29970186948776245,0.34750232100486755,0.34750232100486755,0.29970186948776245,-0.0478004515171051,-0.0478004515171051,0.6418346166610718,0.045163847506046295,0.19066457450389862
2026_08_18_00_49_36_378126_L1_left_C2,L1,C2,4.0,0.3389097514813868,red,left,right,left,pick up the red block,11,postgrasp,172,177,5,1.0,1.0,9,8,0.3,0.7,8,0.28634247183799744,0.37905067205429077,0.37905067205429077,0.28634247183799744,-0.09270820021629333,-0.09270820021629333,0.6418346166610718,0.045163847506046295,0.19066457450389862
2026_08_18_00_50_22_202653_L1_right_C0,L1,C0,0.0,0.0,blue,right,right,left,pick up the blue block,0,pregrasp,0,16,16,0.13793103448275862,0.11678832116788321,0,8,0.3,0.7,8,0.2922200858592987,0.3265950381755829,0.2922200858592987,0.3265950381755829,-0.03437495231628418,0.03437495231628418,0.3815431296825409,0.0024544214829802513,0.46649065613746643
2026_08_18_00_50_22_202653_L1_right_C0,L1,C0,0.0,0.0,blue,right,right,left,pick up the blue block,0,pregrasp,0,16,16,0.13793103448275862,0.11678832116788321,1,8,0.3,0.7,8,0.3113941550254822,0.34219253063201904,0.3113941550254822,0.34219253063201904,-0.030798375606536865,0.030798375606536865,0.3815431296825409,0.0024544214829802513,0.46649065613746643
2026_08_18_00_50_22_202653_L1_right_C0,L1,C0,0.0,0.0,blue,right,right,left,pick up the blue block,0,pregrasp,0,16,16,0.13793103448275862,0.11678832116788321,2,8,0.3,0.7,8,0.26996928453445435,0.30325546860694885,0.26996928453445435,0.30325546860694885,-0.03328618407249451,0.03328618407249451,0.3815431296825409,0.0024544214829802513,0.46649065613746643
2026_08_18_00_50_22_202653_L1_right_C0,L1,C0,0.0,0.0,blue,right,right,left,pick up the blue block,0,pregrasp,0,16,16,0.13793103448275862,0.11678832116788321,3,8,0.3,0.7,8,0.3451409935951233,0.36184898018836975,0.3451409935951233,0.36184898018836975,-0.01670798659324646,0.01670798659324646,0.3815431296825409,0.0024544214829802513,0.46649065613746643
2026_08_18_00_50_22_202653_L1_right_C0,L1,C0,0.0,0.0,blue,right,right,left,pick up the blue block,0,pregrasp,0,16,16,0.13793103448275862,0.11678832116788321,4,8,0.3,0.7,8,0.20075350999832153,0.24176976084709167,0.20075350999832153,0.24176976084709167,-0.04101625084877014,0.04101625084877014,0.3815431296825409,0.0024544214829802513,0.46649065613746643
2026_08_18_00_50_22_202653_L1_right_C0,L1,C0,0.0,0.0,blue,right,right,left,pick up the blue block,0,pregrasp,0,16,16,0.13793103448275862,0.11678832116788321,5,8,0.3,0.7,8,0.3805992901325226,0.4261090159416199,0.3805992901325226,0.4261090159416199,-0.04550972580909729,0.04550972580909729,0.3815431296825409,0.0024544214829802513,0.46649065613746643
2026_08_18_00_50_22_202653_L1_right_C0,L1,C0,0.0,0.0,blue,right,right,left,pick up the blue block,0,pregrasp,0,16,16,0.13793103448275862,0.11678832116788321,6,8,0.3,0.7,8,0.2553199529647827,0.3018700182437897,0.2553199529647827,0.3018700182437897,-0.04655006527900696,0.04655006527900696,0.3815431296825409,0.0024544214829802513,0.46649065613746643
2026_08_18_00_50_22_202653_L1_right_C0,L1,C0,0.0,0.0,blue,right,right,left,pick up the blue block,0,pregrasp,0,16,16,0.13793103448275862,0.11678832116788321,7,8,0.3,0.7,8,0.24710416793823242,0.27682191133499146,0.24710416793823242,0.27682191133499146,-0.029717743396759033,0.029717743396759033,0.3815431296825409,0.0024544214829802513,0.46649065613746643
2026_08_18_00_50_22_202653_L1_right_C0,L1,C0,0.0,0.0,blue,right,right,left,pick up the blue block,0,pregrasp,0,16,16,0.13793103448275862,0.11678832116788321,8,8,0.3,0.7,8,0.26986536383628845,0.3170754611492157,0.26986536383628845,0.3170754611492157,-0.047210097312927246,0.047210097312927246,0.3815431296825409,0.0024544214829802513,0.46649065613746643
2026_08_18_00_50_22_202653_L1_right_C0,L1,C0,0.0,0.0,blue,right,right,left,pick up the blue block,0,pregrasp,0,16,16,0.13793103448275862,0.11678832116788321,9,8,0.3,0.7,8,0.2768727242946625,0.3108677864074707,0.2768727242946625,0.3108677864074707,-0.03399506211280823,0.03399506211280823,0.3815431296825409,0.0024544214829802513,0.46649065613746643
2026_08_18_00_50_22_202653_L1_right_C0,L1,C0,0.0,0.0,blue,right,right,left,pick up the blue block,1,pregrasp,16,32,16,0.27586206896551724,0.23357664233576642,0,8,0.3,0.7,8,0.2714155912399292,0.23959293961524963,0.2714155912399292,0.23959293961524963,0.031822651624679565,-0.031822651624679565,0.4242618978023529,-0.005617888178676367,0.41255897283554077
2026_08_18_00_50_22_202653_L1_right_C0,L1,C0,0.0,0.0,blue,right,right,left,pick up the blue block,1,pregrasp,16,32,16,0.27586206896551724,0.23357664233576642,1,8,0.3,0.7,8,0.2524493336677551,0.20254704356193542,0.2524493336677551,0.20254704356193542,0.0499022901058197,-0.0499022901058197,0.4242618978023529,-0.005617888178676367,0.41255897283554077
2026_08_18_00_50_22_202653_L1_right_C0,L1,C0,0.0,0.0,blue,right,right,left,pick up the blue block,1,pregrasp,16,32,16,0.27586206896551724,0.23357664233576642,2,8,0.3,0.7,8,0.26485416293144226,0.23273146152496338,0.26485416293144226,0.23273146152496338,0.03212270140647888,-0.03212270140647888,0.4242618978023529,-0.005617888178676367,0.41255897283554077
2026_08_18_00_50_22_202653_L1_right_C0,L1,C0,0.0,0.0,blue,right,right,left,pick up the blue block,1,pregrasp,16,32,16,0.27586206896551724,0.23357664233576642,3,8,0.3,0.7,8,0.2808988094329834,0.26891735196113586,0.2808988094329834,0.26891735196113586,0.011981457471847534,-0.011981457471847534,0.4242618978023529,-0.005617888178676367,0.41255897283554077
2026_08_18_00_50_22_202653_L1_right_C0,L1,C0,0.0,0.0,blue,right,right,left,pick up the blue block,1,pregrasp,16,32,16,0.27586206896551724,0.23357664233576642,4,8,0.3,0.7,8,0.33959925174713135,0.3227540850639343,0.33959925174713135,0.3227540850639343,0.01684516668319702,-0.01684516668319702,0.4242618978023529,-0.005617888178676367,0.41255897283554077
2026_08_18_00_50_22_202653_L1_right_C0,L1,C0,0.0,0.0,blue,right,right,left,pick up the blue block,1,pregrasp,16,32,16,0.27586206896551724,0.23357664233576642,5,8,0.3,0.7,8,0.2096165418624878,0.1995958685874939,0.2096165418624878,0.1995958685874939,0.010020673274993896,-0.010020673274993896,0.4242618978023529,-0.005617888178676367,0.41255897283554077
2026_08_18_00_50_22_202653_L1_right_C0,L1,C0,0.0,0.0,blue,right,right,left,pick up the blue block,1,pregrasp,16,32,16,0.27586206896551724,0.23357664233576642,6,8,0.3,0.7,8,0.2494283765554428,0.21637339890003204,0.2494283765554428,0.21637339890003204,0.03305497765541077,-0.03305497765541077,0.4242618978023529,-0.005617888178676367,0.41255897283554077
2026_08_18_00_50_22_202653_L1_right_C0,L1,C0,0.0,0.0,blue,right,right,left,pick up the blue block,1,pregrasp,16,32,16,0.27586206896551724,0.23357664233576642,7,8,0.3,0.7,8,0.3741679787635803,0.3681814968585968,0.3741679787635803,0.3681814968585968,0.0059864819049835205,-0.0059864819049835205,0.4242618978023529,-0.005617888178676367,0.41255897283554077
2026_08_18_00_50_22_202653_L1_right_C0,L1,C0,0.0,0.0,blue,right,right,left,pick up the blue block,1,pregrasp,16,32,16,0.27586206896551724,0.23357664233576642,8,8,0.3,0.7,8,0.25250500440597534,0.21012896299362183,0.25250500440597534,0.21012896299362183,0.042376041412353516,-0.042376041412353516,0.4242618978023529,-0.005617888178676367,0.41255897283554077
2026_08_18_00_50_22_202653_L1_right_C0,L1,C0,0.0,0.0,blue,right,right,left,pick up the blue block,1,pregrasp,16,32,16,0.27586206896551724,0.23357664233576642,9,8,0.3,0.7,8,0.3327864408493042,0.30073636770248413,0.3327864408493042,0.30073636770248413,0.03205007314682007,-0.03205007314682007,0.4242618978023529,-0.005617888178676367,0.41255897283554077
2026_08_18_00_50_22_202653_L1_right_C0,L1,C0,0.0,0.0,blue,right,right,left,pick up the blue block,2,pregrasp,32,48,16,0.41379310344827586,0.35036496350364965,0,8,0.3,0.7,8,0.37797480821609497,0.3062077462673187,0.37797480821609497,0.3062077462673187,0.07176706194877625,-0.07176706194877625,0.47278204560279846,-0.012620783410966396,0.3630843460559845
2026_08_18_00_50_22_202653_L1_right_C0,L1,C0,0.0,0.0,blue,right,right,left,pick up the blue block,2,pregrasp,32,48,16,0.41379310344827586,0.35036496350364965,1,8,0.3,0.7,8,0.29962074756622314,0.23152220249176025,0.29962074756622314,0.23152220249176025,0.06809854507446289,-0.06809854507446289,0.47278204560279846,-0.012620783410966396,0.3630843460559845
2026_08_18_00_50_22_202653_L1_right_C0,L1,C0,0.0,0.0,blue,right,right,left,pick up the blue block,2,pregrasp,32,48,16,0.41379310344827586,0.35036496350364965,2,8,0.3,0.7,8,0.3252929449081421,0.26509353518486023,0.3252929449081421,0.26509353518486023,0.06019940972328186,-0.06019940972328186,0.47278204560279846,-0.012620783410966396,0.3630843460559845
2026_08_18_00_50_22_202653_L1_right_C0,L1,C0,0.0,0.0,blue,right,right,left,pick up the blue block,2,pregrasp,32,48,16,0.41379310344827586,0.35036496350364965,3,8,0.3,0.7,8,0.34572285413742065,0.2616547644138336,0.34572285413742065,0.2616547644138336,0.08406808972358704,-0.08406808972358704,0.47278204560279846,-0.012620783410966396,0.3630843460559845
2026_08_18_00_50_22_202653_L1_right_C0,L1,C0,0.0,0.0,blue,right,right,left,pick up the blue block,2,pregrasp,32,48,16,0.41379310344827586,0.35036496350364965,4,8,0.3,0.7,8,0.31218355894088745,0.22378674149513245,0.31218355894088745,0.22378674149513245,0.088396817445755,-0.088396817445755,0.47278204560279846,-0.012620783410966396,0.3630843460559845
2026_08_18_00_50_22_202653_L1_right_C0,L1,C0,0.0,0.0,blue,right,right,left,pick up the blue block,2,pregrasp,32,48,16,0.41379310344827586,0.35036496350364965,5,8,0.3,0.7,8,0.40013888478279114,0.3092743158340454,0.40013888478279114,0.3092743158340454,0.09086456894874573,-0.09086456894874573,0.47278204560279846,-0.012620783410966396,0.3630843460559845
2026_08_18_00_50_22_202653_L1_right_C0,L1,C0,0.0,0.0,blue,right,right,left,pick up the blue block,2,pregrasp,32,48,16,0.41379310344827586,0.35036496350364965,6,8,0.3,0.7,8,0.23220179975032806,0.16763116419315338,0.23220179975032806,0.16763116419315338,0.06457063555717468,-0.06457063555717468,0.47278204560279846,-0.012620783410966396,0.3630843460559845
2026_08_18_00_50_22_202653_L1_right_C0,L1,C0,0.0,0.0,blue,right,right,left,pick up the blue block,2,pregrasp,32,48,16,0.41379310344827586,0.35036496350364965,7,8,0.3,0.7,8,0.31383001804351807,0.23749452829360962,0.31383001804351807,0.23749452829360962,0.07633548974990845,-0.07633548974990845,0.47278204560279846,-0.012620783410966396,0.3630843460559845
2026_08_18_00_50_22_202653_L1_right_C0,L1,C0,0.0,0.0,blue,right,right,left,pick up the blue block,2,pregrasp,32,48,16,0.41379310344827586,0.35036496350364965,8,8,0.3,0.7,8,0.3634808361530304,0.2842569649219513,0.3634808361530304,0.2842569649219513,0.0792238712310791,-0.0792238712310791,0.47278204560279846,-0.012620783410966396,0.3630843460559845
2026_08_18_00_50_22_202653_L1_right_C0,L1,C0,0.0,0.0,blue,right,right,left,pick up the blue block,2,pregrasp,32,48,16,0.41379310344827586,0.35036496350364965,9,8,0.3,0.7,8,0.34746211767196655,0.26844820380210876,0.34746211767196655,0.26844820380210876,0.07901391386985779,-0.07901391386985779,0.47278204560279846,-0.012620783410966396,0.3630843460559845
2026_08_18_00_50_22_202653_L1_right_C0,L1,C0,0.0,0.0,blue,right,right,left,pick up the blue block,3,pregrasp,48,64,16,0.5517241379310345,0.46715328467153283,0,8,0.3,0.7,8,0.3299486041069031,0.258432000875473,0.3299486041069031,0.258432000875473,0.07151660323143005,-0.07151660323143005,0.5209628939628601,-0.019593114033341408,0.31371989846229553
2026_08_18_00_50_22_202653_L1_right_C0,L1,C0,0.0,0.0,blue,right,right,left,pick up the blue block,3,pregrasp,48,64,16,0.5517241379310345,0.46715328467153283,1,8,0.3,0.7,8,0.30139032006263733,0.23510529100894928,0.30139032006263733,0.23510529100894928,0.06628502905368805,-0.06628502905368805,0.5209628939628601,-0.019593114033341408,0.31371989846229553
2026_08_18_00_50_22_202653_L1_right_C0,L1,C0,0.0,0.0,blue,right,right,left,pick up the blue block,3,pregrasp,48,64,16,0.5517241379310345,0.46715328467153283,2,8,0.3,0.7,8,0.3229544460773468,0.2588100731372833,0.3229544460773468,0.2588100731372833,0.06414437294006348,-0.06414437294006348,0.5209628939628601,-0.019593114033341408,0.31371989846229553
2026_08_18_00_50_22_202653_L1_right_C0,L1,C0,0.0,0.0,blue,right,right,left,pick up the blue block,3,pregrasp,48,64,16,0.5517241379310345,0.46715328467153283,3,8,0.3,0.7,8,0.2616634666919708,0.17136824131011963,0.2616634666919708,0.17136824131011963,0.0902952253818512,-0.0902952253818512,0.5209628939628601,-0.019593114033341408,0.31371989846229553
2026_08_18_00_50_22_202653_L1_right_C0,L1,C0,0.0,0.0,blue,right,right,left,pick up the blue block,3,pregrasp,48,64,16,0.5517241379310345,0.46715328467153283,4,8,0.3,0.7,8,0.2245132178068161,0.15216505527496338,0.2245132178068161,0.15216505527496338,0.07234816253185272,-0.07234816253185272,0.5209628939628601,-0.019593114033341408,0.31371989846229553
2026_08_18_00_50_22_202653_L1_right_C0,L1,C0,0.0,0.0,blue,right,right,left,pick up the blue block,3,pregrasp,48,64,16,0.5517241379310345,0.46715328467153283,5,8,0.3,0.7,8,0.2712235748767853,0.20417387783527374,0.2712235748767853,0.20417387783527374,0.06704969704151154,-0.06704969704151154,0.5209628939628601,-0.019593114033341408,0.31371989846229553
2026_08_18_00_50_22_202653_L1_right_C0,L1,C0,0.0,0.0,blue,right,right,left,pick up the blue block,3,pregrasp,48,64,16,0.5517241379310345,0.46715328467153283,6,8,0.3,0.7,8,0.2540646493434906,0.18559785187244415,0.2540646493434906,0.18559785187244415,0.06846679747104645,-0.06846679747104645,0.5209628939628601,-0.019593114033341408,0.31371989846229553
2026_08_18_00_50_22_202653_L1_right_C0,L1,C0,0.0,0.0,blue,right,right,left,pick up the blue block,3,pregrasp,48,64,16,0.5517241379310345,0.46715328467153283,7,8,0.3,0.7,8,0.3504033386707306,0.26759073138237,0.3504033386707306,0.26759073138237,0.0828126072883606,-0.0828126072883606,0.5209628939628601,-0.019593114033341408,0.31371989846229553
2026_08_18_00_50_22_202653_L1_right_C0,L1,C0,0.0,0.0,blue,right,right,left,pick up the blue block,3,pregrasp,48,64,16,0.5517241379310345,0.46715328467153283,8,8,0.3,0.7,8,0.2551501393318176,0.18285667896270752,0.2551501393318176,0.18285667896270752,0.07229346036911011,-0.07229346036911011,0.5209628939628601,-0.019593114033341408,0.31371989846229553
2026_08_18_00_50_22_202653_L1_right_C0,L1,C0,0.0,0.0,blue,right,right,left,pick up the blue block,3,pregrasp,48,64,16,0.5517241379310345,0.46715328467153283,9,8,0.3,0.7,8,0.253479927778244,0.17451131343841553,0.253479927778244,0.17451131343841553,0.07896861433982849,-0.07896861433982849,0.5209628939628601,-0.019593114033341408,0.31371989846229553
2026_08_18_00_50_22_202653_L1_right_C0,L1,C0,0.0,0.0,blue,right,right,left,pick up the blue block,4,pregrasp,64,80,16,0.6896551724137931,0.583941605839416,0,8,0.3,0.7,8,0.28040289878845215,0.2575635313987732,0.28040289878845215,0.2575635313987732,0.022839367389678955,-0.022839367389678955,0.5696231722831726,-0.027578232809901237,0.2638162672519684
2026_08_18_00_50_22_202653_L1_right_C0,L1,C0,0.0,0.0,blue,right,right,left,pick up the blue block,4,pregrasp,64,80,16,0.6896551724137931,0.583941605839416,1,8,0.3,0.7,8,0.22262386977672577,0.20305362343788147,0.22262386977672577,0.20305362343788147,0.0195702463388443,-0.0195702463388443,0.5696231722831726,-0.027578232809901237,0.2638162672519684
2026_08_18_00_50_22_202653_L1_right_C0,L1,C0,0.0,0.0,blue,right,right,left,pick up the blue block,4,pregrasp,64,80,16,0.6896551724137931,0.583941605839416,2,8,0.3,0.7,8,0.34114307165145874,0.30888283252716064,0.34114307165145874,0.30888283252716064,0.032260239124298096,-0.032260239124298096,0.5696231722831726,-0.027578232809901237,0.2638162672519684
2026_08_18_00_50_22_202653_L1_right_C0,L1,C0,0.0,0.0,blue,right,right,left,pick up the blue block,4,pregrasp,64,80,16,0.6896551724137931,0.583941605839416,3,8,0.3,0.7,8,0.24572868645191193,0.21650902926921844,0.24572868645191193,0.21650902926921844,0.02921965718269348,-0.02921965718269348,0.5696231722831726,-0.027578232809901237,0.2638162672519684
2026_08_18_00_50_22_202653_L1_right_C0,L1,C0,0.0,0.0,blue,right,right,left,pick up the blue block,4,pregrasp,64,80,16,0.6896551724137931,0.583941605839416,4,8,0.3,0.7,8,0.22699013352394104,0.2179919332265854,0.22699013352394104,0.2179919332265854,0.008998200297355652,-0.008998200297355652,0.5696231722831726,-0.027578232809901237,0.2638162672519684
2026_08_18_00_50_22_202653_L1_right_C0,L1,C0,0.0,0.0,blue,right,right,left,pick up the blue block,4,pregrasp,64,80,16,0.6896551724137931,0.583941605839416,5,8,0.3,0.7,8,0.15487849712371826,0.15696020424365997,0.15487849712371826,0.15696020424365997,-0.0020817071199417114,0.0020817071199417114,0.5696231722831726,-0.027578232809901237,0.2638162672519684
2026_08_18_00_50_22_202653_L1_right_C0,L1,C0,0.0,0.0,blue,right,right,left,pick up the blue block,4,pregrasp,64,80,16,0.6896551724137931,0.583941605839416,6,8,0.3,0.7,8,0.3070893883705139,0.27437281608581543,0.3070893883705139,0.27437281608581543,0.032716572284698486,-0.032716572284698486,0.5696231722831726,-0.027578232809901237,0.2638162672519684
2026_08_18_00_50_22_202653_L1_right_C0,L1,C0,0.0,0.0,blue,right,right,left,pick up the blue block,4,pregrasp,64,80,16,0.6896551724137931,0.583941605839416,7,8,0.3,0.7,8,0.191456139087677,0.19004672765731812,0.191456139087677,0.19004672765731812,0.0014094114303588867,-0.0014094114303588867,0.5696231722831726,-0.027578232809901237,0.2638162672519684
2026_08_18_00_50_22_202653_L1_right_C0,L1,C0,0.0,0.0,blue,right,right,left,pick up the blue block,4,pregrasp,64,80,16,0.6896551724137931,0.583941605839416,8,8,0.3,0.7,8,0.19692039489746094,0.18253999948501587,0.19692039489746094,0.18253999948501587,0.014380395412445068,-0.014380395412445068,0.5696231722831726,-0.027578232809901237,0.2638162672519684
2026_08_18_00_50_22_202653_L1_right_C0,L1,C0,0.0,0.0,blue,right,right,left,pick up the blue block,4,pregrasp,64,80,16,0.6896551724137931,0.583941605839416,9,8,0.3,0.7,8,0.24413424730300903,0.22777491807937622,0.24413424730300903,0.22777491807937622,0.016359329223632812,-0.016359329223632812,0.5696231722831726,-0.027578232809901237,0.2638162672519684
2026_08_18_00_50_22_202653_L1_right_C0,L1,C0,0.0,0.0,blue,right,right,left,pick up the blue block,5,pregrasp,80,96,16,0.8275862068965517,0.7007299270072993,0,8,0.3,0.7,8,0.16086500883102417,0.21560555696487427,0.16086500883102417,0.21560555696487427,-0.0547405481338501,0.0547405481338501,0.6181697845458984,-0.03614483401179314,0.21427927911281586
2026_08_18_00_50_22_202653_L1_right_C0,L1,C0,0.0,0.0,blue,right,right,left,pick up the blue block,5,pregrasp,80,96,16,0.8275862068965517,0.7007299270072993,1,8,0.3,0.7,8,0.12855996191501617,0.16745124757289886,0.12855996191501617,0.16745124757289886,-0.03889128565788269,0.03889128565788269,0.6181697845458984,-0.03614483401179314,0.21427927911281586
2026_08_18_00_50_22_202653_L1_right_C0,L1,C0,0.0,0.0,blue,right,right,left,pick up the blue block,5,pregrasp,80,96,16,0.8275862068965517,0.7007299270072993,2,8,0.3,0.7,8,0.1969987154006958,0.2587149441242218,0.1969987154006958,0.2587149441242218,-0.061716228723526,0.061716228723526,0.6181697845458984,-0.03614483401179314,0.21427927911281586
2026_08_18_00_50_22_202653_L1_right_C0,L1,C0,0.0,0.0,blue,right,right,left,pick up the blue block,5,pregrasp,80,96,16,0.8275862068965517,0.7007299270072993,3,8,0.3,0.7,8,0.20891782641410828,0.27306222915649414,0.20891782641410828,0.27306222915649414,-0.06414440274238586,0.06414440274238586,0.6181697845458984,-0.03614483401179314,0.21427927911281586
2026_08_18_00_50_22_202653_L1_right_C0,L1,C0,0.0,0.0,blue,right,right,left,pick up the blue block,5,pregrasp,80,96,16,0.8275862068965517,0.7007299270072993,4,8,0.3,0.7,8,0.1974387764930725,0.2557498812675476,0.1974387764930725,0.2557498812675476,-0.0583111047744751,0.0583111047744751,0.6181697845458984,-0.03614483401179314,0.21427927911281586
2026_08_18_00_50_22_202653_L1_right_C0,L1,C0,0.0,0.0,blue,right,right,left,pick up the blue block,5,pregrasp,80,96,16,0.8275862068965517,0.7007299270072993,5,8,0.3,0.7,8,0.2900322675704956,0.3485407531261444,0.2900322675704956,0.3485407531261444,-0.058508485555648804,0.058508485555648804,0.6181697845458984,-0.03614483401179314,0.21427927911281586
2026_08_18_00_50_22_202653_L1_right_C0,L1,C0,0.0,0.0,blue,right,right,left,pick up the blue block,5,pregrasp,80,96,16,0.8275862068965517,0.7007299270072993,6,8,0.3,0.7,8,0.24241772294044495,0.2966901659965515,0.24241772294044495,0.2966901659965515,-0.05427244305610657,0.05427244305610657,0.6181697845458984,-0.03614483401179314,0.21427927911281586
2026_08_18_00_50_22_202653_L1_right_C0,L1,C0,0.0,0.0,blue,right,right,left,pick up the blue block,5,pregrasp,80,96,16,0.8275862068965517,0.7007299270072993,7,8,0.3,0.7,8,0.20291897654533386,0.27337953448295593,0.20291897654533386,0.27337953448295593,-0.07046055793762207,0.07046055793762207,0.6181697845458984,-0.03614483401179314,0.21427927911281586
2026_08_18_00_50_22_202653_L1_right_C0,L1,C0,0.0,0.0,blue,right,right,left,pick up the blue block,5,pregrasp,80,96,16,0.8275862068965517,0.7007299270072993,8,8,0.3,0.7,8,0.2625243067741394,0.3361786901950836,0.2625243067741394,0.3361786901950836,-0.07365438342094421,0.07365438342094421,0.6181697845458984,-0.03614483401179314,0.21427927911281586
2026_08_18_00_50_22_202653_L1_right_C0,L1,C0,0.0,0.0,blue,right,right,left,pick up the blue block,5,pregrasp,80,96,16,0.8275862068965517,0.7007299270072993,9,8,0.3,0.7,8,0.21855716407299042,0.27571165561676025,0.21855716407299042,0.27571165561676025,-0.057154491543769836,0.057154491543769836,0.6181697845458984,-0.03614483401179314,0.21427927911281586
2026_08_18_00_50_22_202653_L1_right_C0,L1,C0,0.0,0.0,blue,right,right,left,pick up the blue block,6,pregrasp,96,112,16,0.9655172413793104,0.8175182481751825,0,8,0.3,0.7,8,0.2396925389766693,0.24822747707366943,0.2396925389766693,0.24822747707366943,-0.008534938097000122,0.008534938097000122,0.6416962146759033,-0.03999587520956993,0.18962059915065765
2026_08_18_00_50_22_202653_L1_right_C0,L1,C0,0.0,0.0,blue,right,right,left,pick up the blue block,6,pregrasp,96,112,16,0.9655172413793104,0.8175182481751825,1,8,0.3,0.7,8,0.282505065202713,0.296629935503006,0.282505065202713,0.296629935503006,-0.014124870300292969,0.014124870300292969,0.6416962146759033,-0.03999587520956993,0.18962059915065765
2026_08_18_00_50_22_202653_L1_right_C0,L1,C0,0.0,0.0,blue,right,right,left,pick up the blue block,6,pregrasp,96,112,16,0.9655172413793104,0.8175182481751825,2,8,0.3,0.7,8,0.1857338398694992,0.1848381906747818,0.1857338398694992,0.1848381906747818,0.0008956491947174072,-0.0008956491947174072,0.6416962146759033,-0.03999587520956993,0.18962059915065765
2026_08_18_00_50_22_202653_L1_right_C0,L1,C0,0.0,0.0,blue,right,right,left,pick up the blue block,6,pregrasp,96,112,16,0.9655172413793104,0.8175182481751825,3,8,0.3,0.7,8,0.12757021188735962,0.1372121125459671,0.12757021188735962,0.1372121125459671,-0.009641900658607483,0.009641900658607483,0.6416962146759033,-0.03999587520956993,0.18962059915065765
2026_08_18_00_50_22_202653_L1_right_C0,L1,C0,0.0,0.0,blue,right,right,left,pick up the blue block,6,pregrasp,96,112,16,0.9655172413793104,0.8175182481751825,4,8,0.3,0.7,8,0.2324095368385315,0.23865655064582825,0.2324095368385315,0.23865655064582825,-0.006247013807296753,0.006247013807296753,0.6416962146759033,-0.03999587520956993,0.18962059915065765
2026_08_18_00_50_22_202653_L1_right_C0,L1,C0,0.0,0.0,blue,right,right,left,pick up the blue block,6,pregrasp,96,112,16,0.9655172413793104,0.8175182481751825,5,8,0.3,0.7,8,0.192152202129364,0.19684669375419617,0.192152202129364,0.19684669375419617,-0.004694491624832153,0.004694491624832153,0.6416962146759033,-0.03999587520956993,0.18962059915065765
2026_08_18_00_50_22_202653_L1_right_C0,L1,C0,0.0,0.0,blue,right,right,left,pick up the blue block,6,pregrasp,96,112,16,0.9655172413793104,0.8175182481751825,6,8,0.3,0.7,8,0.18962514400482178,0.1949315369129181,0.18962514400482178,0.1949315369129181,-0.0053063929080963135,0.0053063929080963135,0.6416962146759033,-0.03999587520956993,0.18962059915065765
2026_08_18_00_50_22_202653_L1_right_C0,L1,C0,0.0,0.0,blue,right,right,left,pick up the blue block,6,pregrasp,96,112,16,0.9655172413793104,0.8175182481751825,7,8,0.3,0.7,8,0.20072001218795776,0.20715686678886414,0.20072001218795776,0.20715686678886414,-0.006436854600906372,0.006436854600906372,0.6416962146759033,-0.03999587520956993,0.18962059915065765
2026_08_18_00_50_22_202653_L1_right_C0,L1,C0,0.0,0.0,blue,right,right,left,pick up the blue block,6,pregrasp,96,112,16,0.9655172413793104,0.8175182481751825,8,8,0.3,0.7,8,0.17952917516231537,0.18692922592163086,0.17952917516231537,0.18692922592163086,-0.007400050759315491,0.007400050759315491,0.6416962146759033,-0.03999587520956993,0.18962059915065765
2026_08_18_00_50_22_202653_L1_right_C0,L1,C0,0.0,0.0,blue,right,right,left,pick up the blue block,6,pregrasp,96,112,16,0.9655172413793104,0.8175182481751825,9,8,0.3,0.7,8,0.20551300048828125,0.20370636880397797,0.20551300048828125,0.20370636880397797,0.0018066316843032837,-0.0018066316843032837,0.6416962146759033,-0.03999587520956993,0.18962059915065765
2026_08_18_00_50_22_202653_L1_right_C0,L1,C0,0.0,0.0,blue,right,right,left,pick up the blue block,7,pregrasp,112,116,4,1.0,0.8467153284671532,0,8,0.3,0.7,8,0.22620874643325806,0.2519727945327759,0.22620874643325806,0.2519727945327759,-0.025764048099517822,0.025764048099517822,0.6417282819747925,-0.03998956084251404,0.18965116143226624
2026_08_18_00_50_22_202653_L1_right_C0,L1,C0,0.0,0.0,blue,right,right,left,pick up the blue block,7,pregrasp,112,116,4,1.0,0.8467153284671532,1,8,0.3,0.7,8,0.2074536681175232,0.23485390841960907,0.2074536681175232,0.23485390841960907,-0.027400240302085876,0.027400240302085876,0.6417282819747925,-0.03998956084251404,0.18965116143226624
2026_08_18_00_50_22_202653_L1_right_C0,L1,C0,0.0,0.0,blue,right,right,left,pick up the blue block,7,pregrasp,112,116,4,1.0,0.8467153284671532,2,8,0.3,0.7,8,0.31831759214401245,0.3460661470890045,0.31831759214401245,0.3460661470890045,-0.027748554944992065,0.027748554944992065,0.6417282819747925,-0.03998956084251404,0.18965116143226624
2026_08_18_00_50_22_202653_L1_right_C0,L1,C0,0.0,0.0,blue,right,right,left,pick up the blue block,7,pregrasp,112,116,4,1.0,0.8467153284671532,3,8,0.3,0.7,8,0.1672559529542923,0.18941034376621246,0.1672559529542923,0.18941034376621246,-0.022154390811920166,0.022154390811920166,0.6417282819747925,-0.03998956084251404,0.18965116143226624
2026_08_18_00_50_22_202653_L1_right_C0,L1,C0,0.0,0.0,blue,right,right,left,pick up the blue block,7,pregrasp,112,116,4,1.0,0.8467153284671532,4,8,0.3,0.7,8,0.219248965382576,0.24046599864959717,0.219248965382576,0.24046599864959717,-0.02121703326702118,0.02121703326702118,0.6417282819747925,-0.03998956084251404,0.18965116143226624
2026_08_18_00_50_22_202653_L1_right_C0,L1,C0,0.0,0.0,blue,right,right,left,pick up the blue block,7,pregrasp,112,116,4,1.0,0.8467153284671532,5,8,0.3,0.7,8,0.1529323160648346,0.16954882442951202,0.1529323160648346,0.16954882442951202,-0.01661650836467743,0.01661650836467743,0.6417282819747925,-0.03998956084251404,0.18965116143226624
2026_08_18_00_50_22_202653_L1_right_C0,L1,C0,0.0,0.0,blue,right,right,left,pick up the blue block,7,pregrasp,112,116,4,1.0,0.8467153284671532,6,8,0.3,0.7,8,0.26441818475723267,0.28777816891670227,0.26441818475723267,0.28777816891670227,-0.023359984159469604,0.023359984159469604,0.6417282819747925,-0.03998956084251404,0.18965116143226624
2026_08_18_00_50_22_202653_L1_right_C0,L1,C0,0.0,0.0,blue,right,right,left,pick up the blue block,7,pregrasp,112,116,4,1.0,0.8467153284671532,7,8,0.3,0.7,8,0.2465837597846985,0.2665579319000244,0.2465837597846985,0.2665579319000244,-0.019974172115325928,0.019974172115325928,0.6417282819747925,-0.03998956084251404,0.18965116143226624
2026_08_18_00_50_22_202653_L1_right_C0,L1,C0,0.0,0.0,blue,right,right,left,pick up the blue block,7,pregrasp,112,116,4,1.0,0.8467153284671532,8,8,0.3,0.7,8,0.1649920791387558,0.18724879622459412,0.1649920791387558,0.18724879622459412,-0.022256717085838318,0.022256717085838318,0.6417282819747925,-0.03998956084251404,0.18965116143226624
2026_08_18_00_50_22_202653_L1_right_C0,L1,C0,0.0,0.0,blue,right,right,left,pick up the blue block,7,pregrasp,112,116,4,1.0,0.8467153284671532,9,8,0.3,0.7,8,0.269589900970459,0.2993253171443939,0.269589900970459,0.2993253171443939,-0.029735416173934937,0.029735416173934937,0.6417282819747925,-0.03998956084251404,0.18965116143226624
2026_08_18_00_50_22_202653_L1_right_C0,L1,C0,0.0,0.0,blue,right,right,left,pick up the blue block,8,postgrasp,116,132,16,1.0,0.9635036496350365,0,8,0.3,0.7,8,0.24774278700351715,0.26248976588249207,0.24774278700351715,0.26248976588249207,-0.014746978878974915,0.014746978878974915,0.6422008275985718,-0.04016907513141632,0.19009041786193848
2026_08_18_00_50_22_202653_L1_right_C0,L1,C0,0.0,0.0,blue,right,right,left,pick up the blue block,8,postgrasp,116,132,16,1.0,0.9635036496350365,1,8,0.3,0.7,8,0.259698748588562,0.2711326479911804,0.259698748588562,0.2711326479911804,-0.011433899402618408,0.011433899402618408,0.6422008275985718,-0.04016907513141632,0.19009041786193848
2026_08_18_00_50_22_202653_L1_right_C0,L1,C0,0.0,0.0,blue,right,right,left,pick up the blue block,8,postgrasp,116,132,16,1.0,0.9635036496350365,2,8,0.3,0.7,8,0.2753129005432129,0.29441508650779724,0.2753129005432129,0.29441508650779724,-0.01910218596458435,0.01910218596458435,0.6422008275985718,-0.04016907513141632,0.19009041786193848
2026_08_18_00_50_22_202653_L1_right_C0,L1,C0,0.0,0.0,blue,right,right,left,pick up the blue block,8,postgrasp,116,132,16,1.0,0.9635036496350365,3,8,0.3,0.7,8,0.22754552960395813,0.2240353375673294,0.22754552960395813,0.2240353375673294,0.003510192036628723,-0.003510192036628723,0.6422008275985718,-0.04016907513141632,0.19009041786193848
2026_08_18_00_50_22_202653_L1_right_C0,L1,C0,0.0,0.0,blue,right,right,left,pick up the blue block,8,postgrasp,116,132,16,1.0,0.9635036496350365,4,8,0.3,0.7,8,0.2766494154930115,0.2765117287635803,0.2766494154930115,0.2765117287635803,0.00013768672943115234,-0.00013768672943115234,0.6422008275985718,-0.04016907513141632,0.19009041786193848
2026_08_18_00_50_22_202653_L1_right_C0,L1,C0,0.0,0.0,blue,right,right,left,pick up the blue block,8,postgrasp,116,132,16,1.0,0.9635036496350365,5,8,0.3,0.7,8,0.29941120743751526,0.30874451994895935,0.29941120743751526,0.30874451994895935,-0.009333312511444092,0.009333312511444092,0.6422008275985718,-0.04016907513141632,0.19009041786193848
2026_08_18_00_50_22_202653_L1_right_C0,L1,C0,0.0,0.0,blue,right,right,left,pick up the blue block,8,postgrasp,116,132,16,1.0,0.9635036496350365,6,8,0.3,0.7,8,0.2587515115737915,0.26965200901031494,0.2587515115737915,0.26965200901031494,-0.010900497436523438,0.010900497436523438,0.6422008275985718,-0.04016907513141632,0.19009041786193848
2026_08_18_00_50_22_202653_L1_right_C0,L1,C0,0.0,0.0,blue,right,right,left,pick up the blue block,8,postgrasp,116,132,16,1.0,0.9635036496350365,7,8,0.3,0.7,8,0.2824596166610718,0.2943248450756073,0.2824596166610718,0.2943248450756073,-0.011865228414535522,0.011865228414535522,0.6422008275985718,-0.04016907513141632,0.19009041786193848
2026_08_18_00_50_22_202653_L1_right_C0,L1,C0,0.0,0.0,blue,right,right,left,pick up the blue block,8,postgrasp,116,132,16,1.0,0.9635036496350365,8,8,0.3,0.7,8,0.25451186299324036,0.2636006474494934,0.25451186299324036,0.2636006474494934,-0.009088784456253052,0.009088784456253052,0.6422008275985718,-0.04016907513141632,0.19009041786193848
2026_08_18_00_50_22_202653_L1_right_C0,L1,C0,0.0,0.0,blue,right,right,left,pick up the blue block,8,postgrasp,116,132,16,1.0,0.9635036496350365,9,8,0.3,0.7,8,0.28210270404815674,0.2922592759132385,0.28210270404815674,0.2922592759132385,-0.010156571865081787,0.010156571865081787,0.6422008275985718,-0.04016907513141632,0.19009041786193848
2026_08_18_00_50_22_202653_L1_right_C0,L1,C0,0.0,0.0,blue,right,right,left,pick up the blue block,9,postgrasp,132,137,5,1.0,1.0,0,8,0.3,0.7,8,0.31464195251464844,0.3131210505962372,0.31464195251464844,0.3131210505962372,0.0015209019184112549,-0.0015209019184112549,0.6422070860862732,-0.04016834869980812,0.1900949776172638
2026_08_18_00_50_22_202653_L1_right_C0,L1,C0,0.0,0.0,blue,right,right,left,pick up the blue block,9,postgrasp,132,137,5,1.0,1.0,1,8,0.3,0.7,8,0.2625214457511902,0.24862174689769745,0.2625214457511902,0.24862174689769745,0.013899698853492737,-0.013899698853492737,0.6422070860862732,-0.04016834869980812,0.1900949776172638
2026_08_18_00_50_22_202653_L1_right_C0,L1,C0,0.0,0.0,blue,right,right,left,pick up the blue block,9,postgrasp,132,137,5,1.0,1.0,2,8,0.3,0.7,8,0.23556944727897644,0.23132863640785217,0.23556944727897644,0.23132863640785217,0.004240810871124268,-0.004240810871124268,0.6422070860862732,-0.04016834869980812,0.1900949776172638
2026_08_18_00_50_22_202653_L1_right_C0,L1,C0,0.0,0.0,blue,right,right,left,pick up the blue block,9,postgrasp,132,137,5,1.0,1.0,3,8,0.3,0.7,8,0.2460978478193283,0.24485422670841217,0.2460978478193283,0.24485422670841217,0.0012436211109161377,-0.0012436211109161377,0.6422070860862732,-0.04016834869980812,0.1900949776172638
2026_08_18_00_50_22_202653_L1_right_C0,L1,C0,0.0,0.0,blue,right,right,left,pick up the blue block,9,postgrasp,132,137,5,1.0,1.0,4,8,0.3,0.7,8,0.3425065279006958,0.3410494923591614,0.3425065279006958,0.3410494923591614,0.0014570355415344238,-0.0014570355415344238,0.6422070860862732,-0.04016834869980812,0.1900949776172638
2026_08_18_00_50_22_202653_L1_right_C0,L1,C0,0.0,0.0,blue,right,right,left,pick up the blue block,9,postgrasp,132,137,5,1.0,1.0,5,8,0.3,0.7,8,0.2772134244441986,0.25524139404296875,0.2772134244441986,0.25524139404296875,0.02197203040122986,-0.02197203040122986,0.6422070860862732,-0.04016834869980812,0.1900949776172638
2026_08_18_00_50_22_202653_L1_right_C0,L1,C0,0.0,0.0,blue,right,right,left,pick up the blue block,9,postgrasp,132,137,5,1.0,1.0,6,8,0.3,0.7,8,0.2265598475933075,0.21509996056556702,0.2265598475933075,0.21509996056556702,0.011459887027740479,-0.011459887027740479,0.6422070860862732,-0.04016834869980812,0.1900949776172638
2026_08_18_00_50_22_202653_L1_right_C0,L1,C0,0.0,0.0,blue,right,right,left,pick up the blue block,9,postgrasp,132,137,5,1.0,1.0,7,8,0.3,0.7,8,0.24020661413669586,0.2241963893175125,0.24020661413669586,0.2241963893175125,0.01601022481918335,-0.01601022481918335,0.6422070860862732,-0.04016834869980812,0.1900949776172638
2026_08_18_00_50_22_202653_L1_right_C0,L1,C0,0.0,0.0,blue,right,right,left,pick up the blue block,9,postgrasp,132,137,5,1.0,1.0,8,8,0.3,0.7,8,0.19575658440589905,0.19498464465141296,0.19575658440589905,0.19498464465141296,0.000771939754486084,-0.000771939754486084,0.6422070860862732,-0.04016834869980812,0.1900949776172638
2026_08_18_00_50_22_202653_L1_right_C0,L1,C0,0.0,0.0,blue,right,right,left,pick up the blue block,9,postgrasp,132,137,5,1.0,1.0,9,8,0.3,0.7,8,0.19566380977630615,0.19384123384952545,0.19566380977630615,0.19384123384952545,0.0018225759267807007,-0.0018225759267807007,0.6422070860862732,-0.04016834869980812,0.1900949776172638
2026_08_18_00_50_52_802516_L1_right_C1,L1,C1,2.0,0.1694548757406934,blue,right,right,left,pick up the blue block,0,pregrasp,0,16,16,0.125,0.10738255033557047,0,8,0.3,0.7,8,0.3189946413040161,0.3216618001461029,0.3189946413040161,0.3216618001461029,-0.002667158842086792,0.002667158842086792,0.3719290494918823,-0.02554915100336075,0.47799262404441833
2026_08_18_00_50_52_802516_L1_right_C1,L1,C1,2.0,0.1694548757406934,blue,right,right,left,pick up the blue block,0,pregrasp,0,16,16,0.125,0.10738255033557047,1,8,0.3,0.7,8,0.3370370864868164,0.3551037907600403,0.3370370864868164,0.3551037907600403,-0.018066704273223877,0.018066704273223877,0.3719290494918823,-0.02554915100336075,0.47799262404441833
2026_08_18_00_50_52_802516_L1_right_C1,L1,C1,2.0,0.1694548757406934,blue,right,right,left,pick up the blue block,0,pregrasp,0,16,16,0.125,0.10738255033557047,2,8,0.3,0.7,8,0.3842617869377136,0.42367488145828247,0.3842617869377136,0.42367488145828247,-0.03941309452056885,0.03941309452056885,0.3719290494918823,-0.02554915100336075,0.47799262404441833
2026_08_18_00_50_52_802516_L1_right_C1,L1,C1,2.0,0.1694548757406934,blue,right,right,left,pick up the blue block,0,pregrasp,0,16,16,0.125,0.10738255033557047,3,8,0.3,0.7,8,0.31893855333328247,0.3165440857410431,0.31893855333328247,0.3165440857410431,0.00239446759223938,-0.00239446759223938,0.3719290494918823,-0.02554915100336075,0.47799262404441833
2026_08_18_00_50_52_802516_L1_right_C1,L1,C1,2.0,0.1694548757406934,blue,right,right,left,pick up the blue block,0,pregrasp,0,16,16,0.125,0.10738255033557047,4,8,0.3,0.7,8,0.3365222215652466,0.34866923093795776,0.3365222215652466,0.34866923093795776,-0.012147009372711182,0.012147009372711182,0.3719290494918823,-0.02554915100336075,0.47799262404441833
2026_08_18_00_50_52_802516_L1_right_C1,L1,C1,2.0,0.1694548757406934,blue,right,right,left,pick up the blue block,0,pregrasp,0,16,16,0.125,0.10738255033557047,5,8,0.3,0.7,8,0.3253927528858185,0.33065497875213623,0.3253927528858185,0.33065497875213623,-0.005262225866317749,0.005262225866317749,0.3719290494918823,-0.02554915100336075,0.47799262404441833
2026_08_18_00_50_52_802516_L1_right_C1,L1,C1,2.0,0.1694548757406934,blue,right,right,left,pick up the blue block,0,pregrasp,0,16,16,0.125,0.10738255033557047,6,8,0.3,0.7,8,0.3688964247703552,0.38317787647247314,0.3688964247703552,0.38317787647247314,-0.01428145170211792,0.01428145170211792,0.3719290494918823,-0.02554915100336075,0.47799262404441833
2026_08_18_00_50_52_802516_L1_right_C1,L1,C1,2.0,0.1694548757406934,blue,right,right,left,pick up the blue block,0,pregrasp,0,16,16,0.125,0.10738255033557047,7,8,0.3,0.7,8,0.39056000113487244,0.4328913390636444,0.39056000113487244,0.4328913390636444,-0.04233133792877197,0.04233133792877197,0.3719290494918823,-0.02554915100336075,0.47799262404441833
2026_08_18_00_50_52_802516_L1_right_C1,L1,C1,2.0,0.1694548757406934,blue,right,right,left,pick up the blue block,0,pregrasp,0,16,16,0.125,0.10738255033557047,8,8,0.3,0.7,8,0.2757834792137146,0.3051263689994812,0.2757834792137146,0.3051263689994812,-0.0293428897857666,0.0293428897857666,0.3719290494918823,-0.02554915100336075,0.47799262404441833
2026_08_18_00_50_52_802516_L1_right_C1,L1,C1,2.0,0.1694548757406934,blue,right,right,left,pick up the blue block,0,pregrasp,0,16,16,0.125,0.10738255033557047,9,8,0.3,0.7,8,0.39685994386672974,0.4164435863494873,0.39685994386672974,0.4164435863494873,-0.01958364248275757,0.01958364248275757,0.3719290494918823,-0.02554915100336075,0.47799262404441833
2026_08_18_00_50_52_802516_L1_right_C1,L1,C1,2.0,0.1694548757406934,blue,right,right,left,pick up the blue block,1,pregrasp,16,32,16,0.25,0.21476510067114093,0,8,0.3,0.7,8,0.22343337535858154,0.160599023103714,0.22343337535858154,0.160599023103714,0.06283435225486755,-0.06283435225486755,0.4010154902935028,-0.07378287613391876,0.4381638169288635
2026_08_18_00_50_52_802516_L1_right_C1,L1,C1,2.0,0.1694548757406934,blue,right,right,left,pick up the blue block,1,pregrasp,16,32,16,0.25,0.21476510067114093,1,8,0.3,0.7,8,0.3144615888595581,0.27198076248168945,0.3144615888595581,0.27198076248168945,0.04248082637786865,-0.04248082637786865,0.4010154902935028,-0.07378287613391876,0.4381638169288635
2026_08_18_00_50_52_802516_L1_right_C1,L1,C1,2.0,0.1694548757406934,blue,right,right,left,pick up the blue block,1,pregrasp,16,32,16,0.25,0.21476510067114093,2,8,0.3,0.7,8,0.31393927335739136,0.270446240901947,0.31393927335739136,0.270446240901947,0.043493032455444336,-0.043493032455444336,0.4010154902935028,-0.07378287613391876,0.4381638169288635
2026_08_18_00_50_52_802516_L1_right_C1,L1,C1,2.0,0.1694548757406934,blue,right,right,left,pick up the blue block,1,pregrasp,16,32,16,0.25,0.21476510067114093,3,8,0.3,0.7,8,0.30773138999938965,0.2790871262550354,0.30773138999938965,0.2790871262550354,0.028644263744354248,-0.028644263744354248,0.4010154902935028,-0.07378287613391876,0.4381638169288635
2026_08_18_00_50_52_802516_L1_right_C1,L1,C1,2.0,0.1694548757406934,blue,right,right,left,pick up the blue block,1,pregrasp,16,32,16,0.25,0.21476510067114093,4,8,0.3,0.7,8,0.25602349638938904,0.20317649841308594,0.25602349638938904,0.20317649841308594,0.0528469979763031,-0.0528469979763031,0.4010154902935028,-0.07378287613391876,0.4381638169288635
2026_08_18_00_50_52_802516_L1_right_C1,L1,C1,2.0,0.1694548757406934,blue,right,right,left,pick up the blue block,1,pregrasp,16,32,16,0.25,0.21476510067114093,5,8,0.3,0.7,8,0.2719460129737854,0.20256534218788147,0.2719460129737854,0.20256534218788147,0.06938067078590393,-0.06938067078590393,0.4010154902935028,-0.07378287613391876,0.4381638169288635
2026_08_18_00_50_52_802516_L1_right_C1,L1,C1,2.0,0.1694548757406934,blue,right,right,left,pick up the blue block,1,pregrasp,16,32,16,0.25,0.21476510067114093,6,8,0.3,0.7,8,0.25855207443237305,0.19483104348182678,0.25855207443237305,0.19483104348182678,0.06372103095054626,-0.06372103095054626,0.4010154902935028,-0.07378287613391876,0.4381638169288635
2026_08_18_00_50_52_802516_L1_right_C1,L1,C1,2.0,0.1694548757406934,blue,right,right,left,pick up the blue block,1,pregrasp,16,32,16,0.25,0.21476510067114093,7,8,0.3,0.7,8,0.23055268824100494,0.18992570042610168,0.23055268824100494,0.18992570042610168,0.04062698781490326,-0.04062698781490326,0.4010154902935028,-0.07378287613391876,0.4381638169288635
2026_08_18_00_50_52_802516_L1_right_C1,L1,C1,2.0,0.1694548757406934,blue,right,right,left,pick up the blue block,1,pregrasp,16,32,16,0.25,0.21476510067114093,8,8,0.3,0.7,8,0.34493008255958557,0.30144232511520386,0.34493008255958557,0.30144232511520386,0.043487757444381714,-0.043487757444381714,0.4010154902935028,-0.07378287613391876,0.4381638169288635
2026_08_18_00_50_52_802516_L1_right_C1,L1,C1,2.0,0.1694548757406934,blue,right,right,left,pick up the blue block,1,pregrasp,16,32,16,0.25,0.21476510067114093,9,8,0.3,0.7,8,0.3070201575756073,0.25214433670043945,0.3070201575756073,0.25214433670043945,0.05487582087516785,-0.05487582087516785,0.4010154902935028,-0.07378287613391876,0.4381638169288635
2026_08_18_00_50_52_802516_L1_right_C1,L1,C1,2.0,0.1694548757406934,blue,right,right,left,pick up the blue block,2,pregrasp,32,48,16,0.375,0.3221476510067114,0,8,0.3,0.7,8,0.30994901061058044,0.2860676348209381,0.30994901061058044,0.2860676348209381,0.023881375789642334,-0.023881375789642334,0.4444747567176819,-0.10329410433769226,0.39292797446250916
2026_08_18_00_50_52_802516_L1_right_C1,L1,C1,2.0,0.1694548757406934,blue,right,right,left,pick up the blue block,2,pregrasp,32,48,16,0.375,0.3221476510067114,1,8,0.3,0.7,8,0.2594342529773712,0.2334108203649521,0.2594342529773712,0.2334108203649521,0.02602343261241913,-0.02602343261241913,0.4444747567176819,-0.10329410433769226,0.39292797446250916
2026_08_18_00_50_52_802516_L1_right_C1,L1,C1,2.0,0.1694548757406934,blue,right,right,left,pick up the blue block,2,pregrasp,32,48,16,0.375,0.3221476510067114,2,8,0.3,0.7,8,0.22099176049232483,0.19435416162014008,0.22099176049232483,0.19435416162014008,0.026637598872184753,-0.026637598872184753,0.4444747567176819,-0.10329410433769226,0.39292797446250916
2026_08_18_00_50_52_802516_L1_right_C1,L1,C1,2.0,0.1694548757406934,blue,right,right,left,pick up the blue block,2,pregrasp,32,48,16,0.375,0.3221476510067114,3,8,0.3,0.7,8,0.36628538370132446,0.3330917954444885,0.36628538370132446,0.3330917954444885,0.03319358825683594,-0.03319358825683594,0.4444747567176819,-0.10329410433769226,0.39292797446250916
2026_08_18_00_50_52_802516_L1_right_C1,L1,C1,2.0,0.1694548757406934,blue,right,right,left,pick up the blue block,2,pregrasp,32,48,16,0.375,0.3221476510067114,4,8,0.3,0.7,8,0.2922956347465515,0.2648959755897522,0.2922956347465515,0.2648959755897522,0.027399659156799316,-0.027399659156799316,0.4444747567176819,-0.10329410433769226,0.39292797446250916
2026_08_18_00_50_52_802516_L1_right_C1,L1,C1,2.0,0.1694548757406934,blue,right,right,left,pick up the blue block,2,pregrasp,32,48,16,0.375,0.3221476510067114,5,8,0.3,0.7,8,0.27492114901542664,0.2428264170885086,0.27492114901542664,0.2428264170885086,0.03209473192691803,-0.03209473192691803,0.4444747567176819,-0.10329410433769226,0.39292797446250916
2026_08_18_00_50_52_802516_L1_right_C1,L1,C1,2.0,0.1694548757406934,blue,right,right,left,pick up the blue block,2,pregrasp,32,48,16,0.375,0.3221476510067114,6,8,0.3,0.7,8,0.22865942120552063,0.19679290056228638,0.22865942120552063,0.19679290056228638,0.03186652064323425,-0.03186652064323425,0.4444747567176819,-0.10329410433769226,0.39292797446250916
2026_08_18_00_50_52_802516_L1_right_C1,L1,C1,2.0,0.1694548757406934,blue,right,right,left,pick up the blue block,2,pregrasp,32,48,16,0.375,0.3221476510067114,7,8,0.3,0.7,8,0.29890039563179016,0.2694724202156067,0.29890039563179016,0.2694724202156067,0.02942797541618347,-0.02942797541618347,0.4444747567176819,-0.10329410433769226,0.39292797446250916
2026_08_18_00_50_52_802516_L1_right_C1,L1,C1,2.0,0.1694548757406934,blue,right,right,left,pick up the blue block,2,pregrasp,32,48,16,0.375,0.3221476510067114,8,8,0.3,0.7,8,0.2522919178009033,0.2247810959815979,0.2522919178009033,0.2247810959815979,0.02751082181930542,-0.02751082181930542,0.4444747567176819,-0.10329410433769226,0.39292797446250916
2026_08_18_00_50_52_802516_L1_right_C1,L1,C1,2.0,0.1694548757406934,blue,right,right,left,pick up the blue block,2,pregrasp,32,48,16,0.375,0.3221476510067114,9,8,0.3,0.7,8,0.3616460859775543,0.3223796784877777,0.3616460859775543,0.3223796784877777,0.03926640748977661,-0.03926640748977661,0.4444747567176819,-0.10329410433769226,0.39292797446250916
2026_08_18_00_50_52_802516_L1_right_C1,L1,C1,2.0,0.1694548757406934,blue,right,right,left,pick up the blue block,3,pregrasp,48,64,16,0.5,0.42953020134228187,0,8,0.3,0.7,8,0.2274627387523651,0.20519955456256866,0.2274627387523651,0.20519955456256866,0.022263184189796448,-0.022263184189796448,0.49170392751693726,-0.11220402270555496,0.3432888984680176
2026_08_18_00_50_52_802516_L1_right_C1,L1,C1,2.0,0.1694548757406934,blue,right,right,left,pick up the blue block,3,pregrasp,48,64,16,0.5,0.42953020134228187,1,8,0.3,0.7,8,0.3351948857307434,0.30626946687698364,0.3351948857307434,0.30626946687698364,0.028925418853759766,-0.028925418853759766,0.49170392751693726,-0.11220402270555496,0.3432888984680176
2026_08_18_00_50_52_802516_L1_right_C1,L1,C1,2.0,0.1694548757406934,blue,right,right,left,pick up the blue block,3,pregrasp,48,64,16,0.5,0.42953020134228187,2,8,0.3,0.7,8,0.2728912830352783,0.2386094331741333,0.2728912830352783,0.2386094331741333,0.03428184986114502,-0.03428184986114502,0.49170392751693726,-0.11220402270555496,0.3432888984680176
2026_08_18_00_50_52_802516_L1_right_C1,L1,C1,2.0,0.1694548757406934,blue,right,right,left,pick up the blue block,3,pregrasp,48,64,16,0.5,0.42953020134228187,3,8,0.3,0.7,8,0.26735666394233704,0.24242568016052246,0.26735666394233704,0.24242568016052246,0.024930983781814575,-0.024930983781814575,0.49170392751693726,-0.11220402270555496,0.3432888984680176
2026_08_18_00_50_52_802516_L1_right_C1,L1,C1,2.0,0.1694548757406934,blue,right,right,left,pick up the blue block,3,pregrasp,48,64,16,0.5,0.42953020134228187,4,8,0.3,0.7,8,0.24108374118804932,0.21870453655719757,0.24108374118804932,0.21870453655719757,0.022379204630851746,-0.022379204630851746,0.49170392751693726,-0.11220402270555496,0.3432888984680176
2026_08_18_00_50_52_802516_L1_right_C1,L1,C1,2.0,0.1694548757406934,blue,right,right,left,pick up the blue block,3,pregrasp,48,64,16,0.5,0.42953020134228187,5,8,0.3,0.7,8,0.25062304735183716,0.22892917692661285,0.25062304735183716,0.22892917692661285,0.021693870425224304,-0.021693870425224304,0.49170392751693726,-0.11220402270555496,0.3432888984680176
2026_08_18_00_50_52_802516_L1_right_C1,L1,C1,2.0,0.1694548757406934,blue,right,right,left,pick up the blue block,3,pregrasp,48,64,16,0.5,0.42953020134228187,6,8,0.3,0.7,8,0.3165130317211151,0.2888471782207489,0.3165130317211151,0.2888471782207489,0.02766585350036621,-0.02766585350036621,0.49170392751693726,-0.11220402270555496,0.3432888984680176
2026_08_18_00_50_52_802516_L1_right_C1,L1,C1,2.0,0.1694548757406934,blue,right,right,left,pick up the blue block,3,pregrasp,48,64,16,0.5,0.42953020134228187,7,8,0.3,0.7,8,0.2585171163082123,0.2347632348537445,0.2585171163082123,0.2347632348537445,0.023753881454467773,-0.023753881454467773,0.49170392751693726,-0.11220402270555496,0.3432888984680176
2026_08_18_00_50_52_802516_L1_right_C1,L1,C1,2.0,0.1694548757406934,blue,right,right,left,pick up the blue block,3,pregrasp,48,64,16,0.5,0.42953020134228187,8,8,0.3,0.7,8,0.243755042552948,0.21509943902492523,0.243755042552948,0.21509943902492523,0.028655603528022766,-0.028655603528022766,0.49170392751693726,-0.11220402270555496,0.3432888984680176
2026_08_18_00_50_52_802516_L1_right_C1,L1,C1,2.0,0.1694548757406934,blue,right,right,left,pick up the blue block,3,pregrasp,48,64,16,0.5,0.42953020134228187,9,8,0.3,0.7,8,0.22661392390727997,0.20328465104103088,0.22661392390727997,0.20328465104103088,0.023329272866249084,-0.023329272866249084,0.49170392751693726,-0.11220402270555496,0.3432888984680176
2026_08_18_00_50_52_802516_L1_right_C1,L1,C1,2.0,0.1694548757406934,blue,right,right,left,pick up the blue block,4,pregrasp,64,80,16,0.625,0.5369127516778524,0,8,0.3,0.7,8,0.23163610696792603,0.25716614723205566,0.23163610696792603,0.25716614723205566,-0.02553004026412964,0.02553004026412964,0.5398674607276917,-0.10062642395496368,0.294189989566803
2026_08_18_00_50_52_802516_L1_right_C1,L1,C1,2.0,0.1694548757406934,blue,right,right,left,pick up the blue block,4,pregrasp,64,80,16,0.625,0.5369127516778524,1,8,0.3,0.7,8,0.23445135354995728,0.250126451253891,0.23445135354995728,0.250126451253891,-0.015675097703933716,0.015675097703933716,0.5398674607276917,-0.10062642395496368,0.294189989566803
2026_08_18_00_50_52_802516_L1_right_C1,L1,C1,2.0,0.1694548757406934,blue,right,right,left,pick up the blue block,4,pregrasp,64,80,16,0.625,0.5369127516778524,2,8,0.3,0.7,8,0.27920857071876526,0.3038594126701355,0.27920857071876526,0.3038594126701355,-0.02465084195137024,0.02465084195137024,0.5398674607276917,-0.10062642395496368,0.294189989566803
2026_08_18_00_50_52_802516_L1_right_C1,L1,C1,2.0,0.1694548757406934,blue,right,right,left,pick up the blue block,4,pregrasp,64,80,16,0.625,0.5369127516778524,3,8,0.3,0.7,8,0.22949719429016113,0.24990449845790863,0.22949719429016113,0.24990449845790863,-0.020407304167747498,0.020407304167747498,0.5398674607276917,-0.10062642395496368,0.294189989566803
2026_08_18_00_50_52_802516_L1_right_C1,L1,C1,2.0,0.1694548757406934,blue,right,right,left,pick up the blue block,4,pregrasp,64,80,16,0.625,0.5369127516778524,4,8,0.3,0.7,8,0.23766785860061646,0.260799378156662,0.23766785860061646,0.260799378156662,-0.023131519556045532,0.023131519556045532,0.5398674607276917,-0.10062642395496368,0.294189989566803
2026_08_18_00_50_52_802516_L1_right_C1,L1,C1,2.0,0.1694548757406934,blue,right,right,left,pick up the blue block,4,pregrasp,64,80,16,0.625,0.5369127516778524,5,8,0.3,0.7,8,0.20258267223834991,0.22213798761367798,0.20258267223834991,0.22213798761367798,-0.019555315375328064,0.019555315375328064,0.5398674607276917,-0.10062642395496368,0.294189989566803
2026_08_18_00_50_52_802516_L1_right_C1,L1,C1,2.0,0.1694548757406934,blue,right,right,left,pick up the blue block,4,pregrasp,64,80,16,0.625,0.5369127516778524,6,8,0.3,0.7,8,0.24078170955181122,0.2671220004558563,0.24078170955181122,0.2671220004558563,-0.026340290904045105,0.026340290904045105,0.5398674607276917,-0.10062642395496368,0.294189989566803
2026_08_18_00_50_52_802516_L1_right_C1,L1,C1,2.0,0.1694548757406934,blue,right,right,left,pick up the blue block,4,pregrasp,64,80,16,0.625,0.5369127516778524,7,8,0.3,0.7,8,0.2682478427886963,0.2962249219417572,0.2682478427886963,0.2962249219417572,-0.027977079153060913,0.027977079153060913,0.5398674607276917,-0.10062642395496368,0.294189989566803
2026_08_18_00_50_52_802516_L1_right_C1,L1,C1,2.0,0.1694548757406934,blue,right,right,left,pick up the blue block,4,pregrasp,64,80,16,0.625,0.5369127516778524,8,8,0.3,0.7,8,0.3107057511806488,0.33958670496940613,0.3107057511806488,0.33958670496940613,-0.028880953788757324,0.028880953788757324,0.5398674607276917,-0.10062642395496368,0.294189989566803
2026_08_18_00_50_52_802516_L1_right_C1,L1,C1,2.0,0.1694548757406934,blue,right,right,left,pick up the blue block,4,pregrasp,64,80,16,0.625,0.5369127516778524,9,8,0.3,0.7,8,0.24217988550662994,0.2668260633945465,0.24217988550662994,0.2668260633945465,-0.024646177887916565,0.024646177887916565,0.5398674607276917,-0.10062642395496368,0.294189989566803
2026_08_18_00_50_52_802516_L1_right_C1,L1,C1,2.0,0.1694548757406934,blue,right,right,left,pick up the blue block,5,pregrasp,80,96,16,0.75,0.6442953020134228,0,8,0.3,0.7,8,0.36873072385787964,0.4543320834636688,0.36873072385787964,0.4543320834636688,-0.08560135960578918,0.08560135960578918,0.586178719997406,-0.07832471281290054,0.24674560129642487
2026_08_18_00_50_52_802516_L1_right_C1,L1,C1,2.0,0.1694548757406934,blue,right,right,left,pick up the blue block,5,pregrasp,80,96,16,0.75,0.6442953020134228,1,8,0.3,0.7,8,0.1763955056667328,0.218594029545784,0.1763955056667328,0.218594029545784,-0.04219852387905121,0.04219852387905121,0.586178719997406,-0.07832471281290054,0.24674560129642487
2026_08_18_00_50_52_802516_L1_right_C1,L1,C1,2.0,0.1694548757406934,blue,right,right,left,pick up the blue block,5,pregrasp,80,96,16,0.75,0.6442953020134228,2,8,0.3,0.7,8,0.2420116364955902,0.30859115719795227,0.2420116364955902,0.30859115719795227,-0.06657952070236206,0.06657952070236206,0.586178719997406,-0.07832471281290054,0.24674560129642487
2026_08_18_00_50_52_802516_L1_right_C1,L1,C1,2.0,0.1694548757406934,blue,right,right,left,pick up the blue block,5,pregrasp,80,96,16,0.75,0.6442953020134228,3,8,0.3,0.7,8,0.21685835719108582,0.2691965699195862,0.21685835719108582,0.2691965699195862,-0.052338212728500366,0.052338212728500366,0.586178719997406,-0.07832471281290054,0.24674560129642487
2026_08_18_00_50_52_802516_L1_right_C1,L1,C1,2.0,0.1694548757406934,blue,right,right,left,pick up the blue block,5,pregrasp,80,96,16,0.75,0.6442953020134228,4,8,0.3,0.7,8,0.23522089421749115,0.3081223666667938,0.23522089421749115,0.3081223666667938,-0.07290147244930267,0.07290147244930267,0.586178719997406,-0.07832471281290054,0.24674560129642487
2026_08_18_00_50_52_802516_L1_right_C1,L1,C1,2.0,0.1694548757406934,blue,right,right,left,pick up the blue block,5,pregrasp,80,96,16,0.75,0.6442953020134228,5,8,0.3,0.7,8,0.18002980947494507,0.24591675400733948,0.18002980947494507,0.24591675400733948,-0.06588694453239441,0.06588694453239441,0.586178719997406,-0.07832471281290054,0.24674560129642487
2026_08_18_00_50_52_802516_L1_right_C1,L1,C1,2.0,0.1694548757406934,blue,right,right,left,pick up the blue block,5,pregrasp,80,96,16,0.75,0.6442953020134228,6,8,0.3,0.7,8,0.34613147377967834,0.4230755865573883,0.34613147377967834,0.4230755865573883,-0.07694411277770996,0.07694411277770996,0.586178719997406,-0.07832471281290054,0.24674560129642487
2026_08_18_00_50_52_802516_L1_right_C1,L1,C1,2.0,0.1694548757406934,blue,right,right,left,pick up the blue block,5,pregrasp,80,96,16,0.75,0.6442953020134228,7,8,0.3,0.7,8,0.18078261613845825,0.23180440068244934,0.18078261613845825,0.23180440068244934,-0.05102178454399109,0.05102178454399109,0.586178719997406,-0.07832471281290054,0.24674560129642487
2026_08_18_00_50_52_802516_L1_right_C1,L1,C1,2.0,0.1694548757406934,blue,right,right,left,pick up the blue block,5,pregrasp,80,96,16,0.75,0.6442953020134228,8,8,0.3,0.7,8,0.2532356083393097,0.3170420825481415,0.2532356083393097,0.3170420825481415,-0.06380647420883179,0.06380647420883179,0.586178719997406,-0.07832471281290054,0.24674560129642487
2026_08_18_00_50_52_802516_L1_right_C1,L1,C1,2.0,0.1694548757406934,blue,right,right,left,pick up the blue block,5,pregrasp,80,96,16,0.75,0.6442953020134228,9,8,0.3,0.7,8,0.31868037581443787,0.39255449175834656,0.31868037581443787,0.39255449175834656,-0.07387411594390869,0.07387411594390869,0.586178719997406,-0.07832471281290054,0.24674560129642487
2026_08_18_00_50_52_802516_L1_right_C1,L1,C1,2.0,0.1694548757406934,blue,right,right,left,pick up the blue block,6,pregrasp,96,112,16,0.875,0.7516778523489933,0,8,0.3,0.7,8,0.2825118899345398,0.32968994975090027,0.2825118899345398,0.32968994975090027,-0.047178059816360474,0.047178059816360474,0.6305158138275146,-0.05102887377142906,0.20061933994293213
2026_08_18_00_50_52_802516_L1_right_C1,L1,C1,2.0,0.1694548757406934,blue,right,right,left,pick up the blue block,6,pregrasp,96,112,16,0.875,0.7516778523489933,1,8,0.3,0.7,8,0.14623475074768066,0.19354942440986633,0.14623475074768066,0.19354942440986633,-0.04731467366218567,0.04731467366218567,0.6305158138275146,-0.05102887377142906,0.20061933994293213
2026_08_18_00_50_52_802516_L1_right_C1,L1,C1,2.0,0.1694548757406934,blue,right,right,left,pick up the blue block,6,pregrasp,96,112,16,0.875,0.7516778523489933,2,8,0.3,0.7,8,0.23521354794502258,0.28116530179977417,0.23521354794502258,0.28116530179977417,-0.04595175385475159,0.04595175385475159,0.6305158138275146,-0.05102887377142906,0.20061933994293213
2026_08_18_00_50_52_802516_L1_right_C1,L1,C1,2.0,0.1694548757406934,blue,right,right,left,pick up the blue block,6,pregrasp,96,112,16,0.875,0.7516778523489933,3,8,0.3,0.7,8,0.2006341964006424,0.2556563913822174,0.2006341964006424,0.2556563913822174,-0.05502219498157501,0.05502219498157501,0.6305158138275146,-0.05102887377142906,0.20061933994293213
2026_08_18_00_50_52_802516_L1_right_C1,L1,C1,2.0,0.1694548757406934,blue,right,right,left,pick up the blue block,6,pregrasp,96,112,16,0.875,0.7516778523489933,4,8,0.3,0.7,8,0.2496262490749359,0.30353736877441406,0.2496262490749359,0.30353736877441406,-0.05391111969947815,0.05391111969947815,0.6305158138275146,-0.05102887377142906,0.20061933994293213
2026_08_18_00_50_52_802516_L1_right_C1,L1,C1,2.0,0.1694548757406934,blue,right,right,left,pick up the blue block,6,pregrasp,96,112,16,0.875,0.7516778523489933,5,8,0.3,0.7,8,0.2732304036617279,0.3287169337272644,0.2732304036617279,0.3287169337272644,-0.0554865300655365,0.0554865300655365,0.6305158138275146,-0.05102887377142906,0.20061933994293213
2026_08_18_00_50_52_802516_L1_right_C1,L1,C1,2.0,0.1694548757406934,blue,right,right,left,pick up the blue block,6,pregrasp,96,112,16,0.875,0.7516778523489933,6,8,0.3,0.7,8,0.22295725345611572,0.2792606055736542,0.22295725345611572,0.2792606055736542,-0.05630335211753845,0.05630335211753845,0.6305158138275146,-0.05102887377142906,0.20061933994293213
2026_08_18_00_50_52_802516_L1_right_C1,L1,C1,2.0,0.1694548757406934,blue,right,right,left,pick up the blue block,6,pregrasp,96,112,16,0.875,0.7516778523489933,7,8,0.3,0.7,8,0.19267037510871887,0.24478574097156525,0.19267037510871887,0.24478574097156525,-0.052115365862846375,0.052115365862846375,0.6305158138275146,-0.05102887377142906,0.20061933994293213
2026_08_18_00_50_52_802516_L1_right_C1,L1,C1,2.0,0.1694548757406934,blue,right,right,left,pick up the blue block,6,pregrasp,96,112,16,0.875,0.7516778523489933,8,8,0.3,0.7,8,0.3029573857784271,0.3614349365234375,0.3029573857784271,0.3614349365234375,-0.058477550745010376,0.058477550745010376,0.6305158138275146,-0.05102887377142906,0.20061933994293213
2026_08_18_00_50_52_802516_L1_right_C1,L1,C1,2.0,0.1694548757406934,blue,right,right,left,pick up the blue block,6,pregrasp,96,112,16,0.875,0.7516778523489933,9,8,0.3,0.7,8,0.2169303596019745,0.2675960063934326,0.2169303596019745,0.2675960063934326,-0.05066564679145813,0.05066564679145813,0.6305158138275146,-0.05102887377142906,0.20061933994293213
2026_08_18_00_50_52_802516_L1_right_C1,L1,C1,2.0,0.1694548757406934,blue,right,right,left,pick up the blue block,7,pregrasp,112,128,16,1.0,0.8590604026845637,0,8,0.3,0.7,8,0.23413673043251038,0.2740200459957123,0.23413673043251038,0.2740200459957123,-0.039883315563201904,0.039883315563201904,0.641058087348938,-0.04564709961414337,0.1898973286151886
2026_08_18_00_50_52_802516_L1_right_C1,L1,C1,2.0,0.1694548757406934,blue,right,right,left,pick up the blue block,7,pregrasp,112,128,16,1.0,0.8590604026845637,1,8,0.3,0.7,8,0.17072078585624695,0.1977597028017044,0.17072078585624695,0.1977597028017044,-0.02703891694545746,0.02703891694545746,0.641058087348938,-0.04564709961414337,0.1898973286151886
2026_08_18_00_50_52_802516_L1_right_C1,L1,C1,2.0,0.1694548757406934,blue,right,right,left,pick up the blue block,7,pregrasp,112,128,16,1.0,0.8590604026845637,2,8,0.3,0.7,8,0.216244637966156,0.25291258096694946,0.216244637966156,0.25291258096694946,-0.03666794300079346,0.03666794300079346,0.641058087348938,-0.04564709961414337,0.1898973286151886
2026_08_18_00_50_52_802516_L1_right_C1,L1,C1,2.0,0.1694548757406934,blue,right,right,left,pick up the blue block,7,pregrasp,112,128,16,1.0,0.8590604026845637,3,8,0.3,0.7,8,0.26676663756370544,0.29597216844558716,0.26676663756370544,0.29597216844558716,-0.029205530881881714,0.029205530881881714,0.641058087348938,-0.04564709961414337,0.1898973286151886
2026_08_18_00_50_52_802516_L1_right_C1,L1,C1,2.0,0.1694548757406934,blue,right,right,left,pick up the blue block,7,pregrasp,112,128,16,1.0,0.8590604026845637,4,8,0.3,0.7,8,0.2079828381538391,0.23531624674797058,0.2079828381538391,0.23531624674797058,-0.02733340859413147,0.02733340859413147,0.641058087348938,-0.04564709961414337,0.1898973286151886
2026_08_18_00_50_52_802516_L1_right_C1,L1,C1,2.0,0.1694548757406934,blue,right,right,left,pick up the blue block,7,pregrasp,112,128,16,1.0,0.8590604026845637,5,8,0.3,0.7,8,0.29288890957832336,0.3355976939201355,0.29288890957832336,0.3355976939201355,-0.042708784341812134,0.042708784341812134,0.641058087348938,-0.04564709961414337,0.1898973286151886
2026_08_18_00_50_52_802516_L1_right_C1,L1,C1,2.0,0.1694548757406934,blue,right,right,left,pick up the blue block,7,pregrasp,112,128,16,1.0,0.8590604026845637,6,8,0.3,0.7,8,0.27097809314727783,0.3010064363479614,0.27097809314727783,0.3010064363479614,-0.030028343200683594,0.030028343200683594,0.641058087348938,-0.04564709961414337,0.1898973286151886
2026_08_18_00_50_52_802516_L1_right_C1,L1,C1,2.0,0.1694548757406934,blue,right,right,left,pick up the blue block,7,pregrasp,112,128,16,1.0,0.8590604026845637,7,8,0.3,0.7,8,0.24240444600582123,0.27209383249282837,0.24240444600582123,0.27209383249282837,-0.02968938648700714,0.02968938648700714,0.641058087348938,-0.04564709961414337,0.1898973286151886
2026_08_18_00_50_52_802516_L1_right_C1,L1,C1,2.0,0.1694548757406934,blue,right,right,left,pick up the blue block,7,pregrasp,112,128,16,1.0,0.8590604026845637,8,8,0.3,0.7,8,0.2555985450744629,0.281389981508255,0.2555985450744629,0.281389981508255,-0.025791436433792114,0.025791436433792114,0.641058087348938,-0.04564709961414337,0.1898973286151886
2026_08_18_00_50_52_802516_L1_right_C1,L1,C1,2.0,0.1694548757406934,blue,right,right,left,pick up the blue block,7,pregrasp,112,128,16,1.0,0.8590604026845637,9,8,0.3,0.7,8,0.19723951816558838,0.22130225598812103,0.19723951816558838,0.22130225598812103,-0.024062737822532654,0.024062737822532654,0.641058087348938,-0.04564709961414337,0.1898973286151886
2026_08_18_00_50_52_802516_L1_right_C1,L1,C1,2.0,0.1694548757406934,blue,right,right,left,pick up the blue block,8,postgrasp,128,144,16,1.0,0.9664429530201343,0,8,0.3,0.7,8,0.37060895562171936,0.34662216901779175,0.37060895562171936,0.34662216901779175,0.023986786603927612,-0.023986786603927612,0.6415480375289917,-0.04559824615716934,0.19032856822013855
2026_08_18_00_50_52_802516_L1_right_C1,L1,C1,2.0,0.1694548757406934,blue,right,right,left,pick up the blue block,8,postgrasp,128,144,16,1.0,0.9664429530201343,1,8,0.3,0.7,8,0.36515557765960693,0.33386173844337463,0.36515557765960693,0.33386173844337463,0.0312938392162323,-0.0312938392162323,0.6415480375289917,-0.04559824615716934,0.19032856822013855
2026_08_18_00_50_52_802516_L1_right_C1,L1,C1,2.0,0.1694548757406934,blue,right,right,left,pick up the blue block,8,postgrasp,128,144,16,1.0,0.9664429530201343,2,8,0.3,0.7,8,0.35335075855255127,0.3170199394226074,0.35335075855255127,0.3170199394226074,0.03633081912994385,-0.03633081912994385,0.6415480375289917,-0.04559824615716934,0.19032856822013855
2026_08_18_00_50_52_802516_L1_right_C1,L1,C1,2.0,0.1694548757406934,blue,right,right,left,pick up the blue block,8,postgrasp,128,144,16,1.0,0.9664429530201343,3,8,0.3,0.7,8,0.33731627464294434,0.3121567368507385,0.33731627464294434,0.3121567368507385,0.02515953779220581,-0.02515953779220581,0.6415480375289917,-0.04559824615716934,0.19032856822013855
2026_08_18_00_50_52_802516_L1_right_C1,L1,C1,2.0,0.1694548757406934,blue,right,right,left,pick up the blue block,8,postgrasp,128,144,16,1.0,0.9664429530201343,4,8,0.3,0.7,8,0.3422445058822632,0.3114981949329376,0.3422445058822632,0.3114981949329376,0.03074631094932556,-0.03074631094932556,0.6415480375289917,-0.04559824615716934,0.19032856822013855
2026_08_18_00_50_52_802516_L1_right_C1,L1,C1,2.0,0.1694548757406934,blue,right,right,left,pick up the blue block,8,postgrasp,128,144,16,1.0,0.9664429530201343,5,8,0.3,0.7,8,0.32578471302986145,0.2971192002296448,0.32578471302986145,0.2971192002296448,0.028665512800216675,-0.028665512800216675,0.6415480375289917,-0.04559824615716934,0.19032856822013855
2026_08_18_00_50_52_802516_L1_right_C1,L1,C1,2.0,0.1694548757406934,blue,right,right,left,pick up the blue block,8,postgrasp,128,144,16,1.0,0.9664429530201343,6,8,0.3,0.7,8,0.3064121603965759,0.28510740399360657,0.3064121603965759,0.28510740399360657,0.02130475640296936,-0.02130475640296936,0.6415480375289917,-0.04559824615716934,0.19032856822013855
2026_08_18_00_50_52_802516_L1_right_C1,L1,C1,2.0,0.1694548757406934,blue,right,right,left,pick up the blue block,8,postgrasp,128,144,16,1.0,0.9664429530201343,7,8,0.3,0.7,8,0.297189861536026,0.2608119547367096,0.297189861536026,0.2608119547367096,0.036377906799316406,-0.036377906799316406,0.6415480375289917,-0.04559824615716934,0.19032856822013855
2026_08_18_00_50_52_802516_L1_right_C1,L1,C1,2.0,0.1694548757406934,blue,right,right,left,pick up the blue block,8,postgrasp,128,144,16,1.0,0.9664429530201343,8,8,0.3,0.7,8,0.3596903383731842,0.3276028037071228,0.3596903383731842,0.3276028037071228,0.0320875346660614,-0.0320875346660614,0.6415480375289917,-0.04559824615716934,0.19032856822013855
2026_08_18_00_50_52_802516_L1_right_C1,L1,C1,2.0,0.1694548757406934,blue,right,right,left,pick up the blue block,8,postgrasp,128,144,16,1.0,0.9664429530201343,9,8,0.3,0.7,8,0.33802902698516846,0.30292803049087524,0.33802902698516846,0.30292803049087524,0.03510099649429321,-0.03510099649429321,0.6415480375289917,-0.04559824615716934,0.19032856822013855
2026_08_18_00_50_52_802516_L1_right_C1,L1,C1,2.0,0.1694548757406934,blue,right,right,left,pick up the blue block,9,postgrasp,144,149,5,1.0,1.0,0,8,0.3,0.7,8,0.31507059931755066,0.27816271781921387,0.31507059931755066,0.27816271781921387,0.03690788149833679,-0.03690788149833679,0.6415497064590454,-0.04560047388076782,0.1903260201215744
2026_08_18_00_50_52_802516_L1_right_C1,L1,C1,2.0,0.1694548757406934,blue,right,right,left,pick up the blue block,9,postgrasp,144,149,5,1.0,1.0,1,8,0.3,0.7,8,0.2348800003528595,0.2028086632490158,0.2348800003528595,0.2028086632490158,0.03207133710384369,-0.03207133710384369,0.6415497064590454,-0.04560047388076782,0.1903260201215744
2026_08_18_00_50_52_802516_L1_right_C1,L1,C1,2.0,0.1694548757406934,blue,right,right,left,pick up the blue block,9,postgrasp,144,149,5,1.0,1.0,2,8,0.3,0.7,8,0.2900902330875397,0.2722594141960144,0.2900902330875397,0.2722594141960144,0.01783081889152527,-0.01783081889152527,0.6415497064590454,-0.04560047388076782,0.1903260201215744
2026_08_18_00_50_52_802516_L1_right_C1,L1,C1,2.0,0.1694548757406934,blue,right,right,left,pick up the blue block,9,postgrasp,144,149,5,1.0,1.0,3,8,0.3,0.7,8,0.23247036337852478,0.21115030348300934,0.23247036337852478,0.21115030348300934,0.021320059895515442,-0.021320059895515442,0.6415497064590454,-0.04560047388076782,0.1903260201215744
2026_08_18_00_50_52_802516_L1_right_C1,L1,C1,2.0,0.1694548757406934,blue,right,right,left,pick up the blue block,9,postgrasp,144,149,5,1.0,1.0,4,8,0.3,0.7,8,0.201426163315773,0.17563870549201965,0.201426163315773,0.17563870549201965,0.025787457823753357,-0.025787457823753357,0.6415497064590454,-0.04560047388076782,0.1903260201215744
2026_08_18_00_50_52_802516_L1_right_C1,L1,C1,2.0,0.1694548757406934,blue,right,right,left,pick up the blue block,9,postgrasp,144,149,5,1.0,1.0,5,8,0.3,0.7,8,0.2555254399776459,0.2411973625421524,0.2555254399776459,0.2411973625421524,0.01432807743549347,-0.01432807743549347,0.6415497064590454,-0.04560047388076782,0.1903260201215744
2026_08_18_00_50_52_802516_L1_right_C1,L1,C1,2.0,0.1694548757406934,blue,right,right,left,pick up the blue block,9,postgrasp,144,149,5,1.0,1.0,6,8,0.3,0.7,8,0.24646835029125214,0.1954772025346756,0.24646835029125214,0.1954772025346756,0.05099114775657654,-0.05099114775657654,0.6415497064590454,-0.04560047388076782,0.1903260201215744
2026_08_18_00_50_52_802516_L1_right_C1,L1,C1,2.0,0.1694548757406934,blue,right,right,left,pick up the blue block,9,postgrasp,144,149,5,1.0,1.0,7,8,0.3,0.7,8,0.31225746870040894,0.3048514723777771,0.31225746870040894,0.3048514723777771,0.007405996322631836,-0.007405996322631836,0.6415497064590454,-0.04560047388076782,0.1903260201215744
2026_08_18_00_50_52_802516_L1_right_C1,L1,C1,2.0,0.1694548757406934,blue,right,right,left,pick up the blue block,9,postgrasp,144,149,5,1.0,1.0,8,8,0.3,0.7,8,0.2295021265745163,0.2110166996717453,0.2295021265745163,0.2110166996717453,0.018485426902770996,-0.018485426902770996,0.6415497064590454,-0.04560047388076782,0.1903260201215744
2026_08_18_00_50_52_802516_L1_right_C1,L1,C1,2.0,0.1694548757406934,blue,right,right,left,pick up the blue block,9,postgrasp,144,149,5,1.0,1.0,9,8,0.3,0.7,8,0.3081352710723877,0.29362428188323975,0.3081352710723877,0.29362428188323975,0.01451098918914795,-0.01451098918914795,0.6415497064590454,-0.04560047388076782,0.1903260201215744
2026_08_18_00_51_25_610649_L1_right_C2,L1,C2,4.0,0.3389097514813868,blue,right,right,left,pick up the blue block,0,pregrasp,0,16,16,0.10256410256410256,0.0903954802259887,0,8,0.3,0.7,8,0.27512767910957336,0.23605883121490479,0.27512767910957336,0.23605883121490479,0.03906884789466858,-0.03906884789466858,0.3679506182670593,-0.029477335512638092,0.48429223895072937
2026_08_18_00_51_25_610649_L1_right_C2,L1,C2,4.0,0.3389097514813868,blue,right,right,left,pick up the blue block,0,pregrasp,0,16,16,0.10256410256410256,0.0903954802259887,1,8,0.3,0.7,8,0.26632797718048096,0.23132401704788208,0.26632797718048096,0.23132401704788208,0.03500396013259888,-0.03500396013259888,0.3679506182670593,-0.029477335512638092,0.48429223895072937
2026_08_18_00_51_25_610649_L1_right_C2,L1,C2,4.0,0.3389097514813868,blue,right,right,left,pick up the blue block,0,pregrasp,0,16,16,0.10256410256410256,0.0903954802259887,2,8,0.3,0.7,8,0.36096417903900146,0.34049731492996216,0.36096417903900146,0.34049731492996216,0.020466864109039307,-0.020466864109039307,0.3679506182670593,-0.029477335512638092,0.48429223895072937
2026_08_18_00_51_25_610649_L1_right_C2,L1,C2,4.0,0.3389097514813868,blue,right,right,left,pick up the blue block,0,pregrasp,0,16,16,0.10256410256410256,0.0903954802259887,3,8,0.3,0.7,8,0.23445437848567963,0.19962096214294434,0.23445437848567963,0.19962096214294434,0.03483341634273529,-0.03483341634273529,0.3679506182670593,-0.029477335512638092,0.48429223895072937
2026_08_18_00_51_25_610649_L1_right_C2,L1,C2,4.0,0.3389097514813868,blue,right,right,left,pick up the blue block,0,pregrasp,0,16,16,0.10256410256410256,0.0903954802259887,4,8,0.3,0.7,8,0.3067322373390198,0.24346518516540527,0.3067322373390198,0.24346518516540527,0.0632670521736145,-0.0632670521736145,0.3679506182670593,-0.029477335512638092,0.48429223895072937
2026_08_18_00_51_25_610649_L1_right_C2,L1,C2,4.0,0.3389097514813868,blue,right,right,left,pick up the blue block,0,pregrasp,0,16,16,0.10256410256410256,0.0903954802259887,5,8,0.3,0.7,8,0.3767516016960144,0.36147716641426086,0.3767516016960144,0.36147716641426086,0.01527443528175354,-0.01527443528175354,0.3679506182670593,-0.029477335512638092,0.48429223895072937
2026_08_18_00_51_25_610649_L1_right_C2,L1,C2,4.0,0.3389097514813868,blue,right,right,left,pick up the blue block,0,pregrasp,0,16,16,0.10256410256410256,0.0903954802259887,6,8,0.3,0.7,8,0.26277658343315125,0.2053680419921875,0.26277658343315125,0.2053680419921875,0.057408541440963745,-0.057408541440963745,0.3679506182670593,-0.029477335512638092,0.48429223895072937
2026_08_18_00_51_25_610649_L1_right_C2,L1,C2,4.0,0.3389097514813868,blue,right,right,left,pick up the blue block,0,pregrasp,0,16,16,0.10256410256410256,0.0903954802259887,7,8,0.3,0.7,8,0.32759737968444824,0.2832607626914978,0.32759737968444824,0.2832607626914978,0.04433661699295044,-0.04433661699295044,0.3679506182670593,-0.029477335512638092,0.48429223895072937
2026_08_18_00_51_25_610649_L1_right_C2,L1,C2,4.0,0.3389097514813868,blue,right,right,left,pick up the blue block,0,pregrasp,0,16,16,0.10256410256410256,0.0903954802259887,8,8,0.3,0.7,8,0.3261377513408661,0.2829471230506897,0.3261377513408661,0.2829471230506897,0.04319062829017639,-0.04319062829017639,0.3679506182670593,-0.029477335512638092,0.48429223895072937
2026_08_18_00_51_25_610649_L1_right_C2,L1,C2,4.0,0.3389097514813868,blue,right,right,left,pick up the blue block,0,pregrasp,0,16,16,0.10256410256410256,0.0903954802259887,9,8,0.3,0.7,8,0.31928426027297974,0.2407873421907425,0.31928426027297974,0.2407873421907425,0.07849691808223724,-0.07849691808223724,0.3679506182670593,-0.029477335512638092,0.48429223895072937
2026_08_18_00_51_25_610649_L1_right_C2,L1,C2,4.0,0.3389097514813868,blue,right,right,left,pick up the blue block,1,pregrasp,16,32,16,0.20512820512820512,0.1807909604519774,0,8,0.3,0.7,8,0.3691977858543396,0.38899898529052734,0.3691977858543396,0.38899898529052734,-0.019801199436187744,0.019801199436187744,0.3804990351200104,-0.09288474172353745,0.4602116346359253
2026_08_18_00_51_25_610649_L1_right_C2,L1,C2,4.0,0.3389097514813868,blue,right,right,left,pick up the blue block,1,pregrasp,16,32,16,0.20512820512820512,0.1807909604519774,1,8,0.3,0.7,8,0.22219054400920868,0.19570274651050568,0.22219054400920868,0.19570274651050568,0.026487797498703003,-0.026487797498703003,0.3804990351200104,-0.09288474172353745,0.4602116346359253
2026_08_18_00_51_25_610649_L1_right_C2,L1,C2,4.0,0.3389097514813868,blue,right,right,left,pick up the blue block,1,pregrasp,16,32,16,0.20512820512820512,0.1807909604519774,2,8,0.3,0.7,8,0.28775641322135925,0.29162612557411194,0.28775641322135925,0.29162612557411194,-0.0038697123527526855,0.0038697123527526855,0.3804990351200104,-0.09288474172353745,0.4602116346359253
2026_08_18_00_51_25_610649_L1_right_C2,L1,C2,4.0,0.3389097514813868,blue,right,right,left,pick up the blue block,1,pregrasp,16,32,16,0.20512820512820512,0.1807909604519774,3,8,0.3,0.7,8,0.33082839846611023,0.3375149965286255,0.33082839846611023,0.3375149965286255,-0.006686598062515259,0.006686598062515259,0.3804990351200104,-0.09288474172353745,0.4602116346359253
2026_08_18_00_51_25_610649_L1_right_C2,L1,C2,4.0,0.3389097514813868,blue,right,right,left,pick up the blue block,1,pregrasp,16,32,16,0.20512820512820512,0.1807909604519774,4,8,0.3,0.7,8,0.19303244352340698,0.18496370315551758,0.19303244352340698,0.18496370315551758,0.008068740367889404,-0.008068740367889404,0.3804990351200104,-0.09288474172353745,0.4602116346359253
2026_08_18_00_51_25_610649_L1_right_C2,L1,C2,4.0,0.3389097514813868,blue,right,right,left,pick up the blue block,1,pregrasp,16,32,16,0.20512820512820512,0.1807909604519774,5,8,0.3,0.7,8,0.3197852373123169,0.3197532892227173,0.3197852373123169,0.3197532892227173,3.1948089599609375e-05,-3.1948089599609375e-05,0.3804990351200104,-0.09288474172353745,0.4602116346359253
2026_08_18_00_51_25_610649_L1_right_C2,L1,C2,4.0,0.3389097514813868,blue,right,right,left,pick up the blue block,1,pregrasp,16,32,16,0.20512820512820512,0.1807909604519774,6,8,0.3,0.7,8,0.24383562803268433,0.22216951847076416,0.24383562803268433,0.22216951847076416,0.021666109561920166,-0.021666109561920166,0.3804990351200104,-0.09288474172353745,0.4602116346359253
2026_08_18_00_51_25_610649_L1_right_C2,L1,C2,4.0,0.3389097514813868,blue,right,right,left,pick up the blue block,1,pregrasp,16,32,16,0.20512820512820512,0.1807909604519774,7,8,0.3,0.7,8,0.258430540561676,0.26410698890686035,0.258430540561676,0.26410698890686035,-0.005676448345184326,0.005676448345184326,0.3804990351200104,-0.09288474172353745,0.4602116346359253
2026_08_18_00_51_25_610649_L1_right_C2,L1,C2,4.0,0.3389097514813868,blue,right,right,left,pick up the blue block,1,pregrasp,16,32,16,0.20512820512820512,0.1807909604519774,8,8,0.3,0.7,8,0.21775823831558228,0.20715142786502838,0.21775823831558228,0.20715142786502838,0.010606810450553894,-0.010606810450553894,0.3804990351200104,-0.09288474172353745,0.4602116346359253
2026_08_18_00_51_25_610649_L1_right_C2,L1,C2,4.0,0.3389097514813868,blue,right,right,left,pick up the blue block,1,pregrasp,16,32,16,0.20512820512820512,0.1807909604519774,9,8,0.3,0.7,8,0.2252197116613388,0.22129102051258087,0.2252197116613388,0.22129102051258087,0.003928691148757935,-0.003928691148757935,0.3804990351200104,-0.09288474172353745,0.4602116346359253
2026_08_18_00_51_25_610649_L1_right_C2,L1,C2,4.0,0.3389097514813868,blue,right,right,left,pick up the blue block,2,pregrasp,32,48,16,0.3076923076923077,0.2711864406779661,0,8,0.3,0.7,8,0.26172736287117004,0.2405693680047989,0.26172736287117004,0.2405693680047989,0.021157994866371155,-0.021157994866371155,0.405178040266037,-0.152251198887825,0.43441298604011536
2026_08_18_00_51_25_610649_L1_right_C2,L1,C2,4.0,0.3389097514813868,blue,right,right,left,pick up the blue block,2,pregrasp,32,48,16,0.3076923076923077,0.2711864406779661,1,8,0.3,0.7,8,0.3150847852230072,0.2936226725578308,0.3150847852230072,0.2936226725578308,0.02146211266517639,-0.02146211266517639,0.405178040266037,-0.152251198887825,0.43441298604011536
2026_08_18_00_51_25_610649_L1_right_C2,L1,C2,4.0,0.3389097514813868,blue,right,right,left,pick up the blue block,2,pregrasp,32,48,16,0.3076923076923077,0.2711864406779661,2,8,0.3,0.7,8,0.2552027404308319,0.24882012605667114,0.2552027404308319,0.24882012605667114,0.006382614374160767,-0.006382614374160767,0.405178040266037,-0.152251198887825,0.43441298604011536
2026_08_18_00_51_25_610649_L1_right_C2,L1,C2,4.0,0.3389097514813868,blue,right,right,left,pick up the blue block,2,pregrasp,32,48,16,0.3076923076923077,0.2711864406779661,3,8,0.3,0.7,8,0.3529391884803772,0.3302733302116394,0.3529391884803772,0.3302733302116394,0.022665858268737793,-0.022665858268737793,0.405178040266037,-0.152251198887825,0.43441298604011536
2026_08_18_00_51_25_610649_L1_right_C2,L1,C2,4.0,0.3389097514813868,blue,right,right,left,pick up the blue block,2,pregrasp,32,48,16,0.3076923076923077,0.2711864406779661,4,8,0.3,0.7,8,0.3441630005836487,0.31325119733810425,0.3441630005836487,0.31325119733810425,0.030911803245544434,-0.030911803245544434,0.405178040266037,-0.152251198887825,0.43441298604011536
2026_08_18_00_51_25_610649_L1_right_C2,L1,C2,4.0,0.3389097514813868,blue,right,right,left,pick up the blue block,2,pregrasp,32,48,16,0.3076923076923077,0.2711864406779661,5,8,0.3,0.7,8,0.47650861740112305,0.46993038058280945,0.47650861740112305,0.46993038058280945,0.006578236818313599,-0.006578236818313599,0.405178040266037,-0.152251198887825,0.43441298604011536
2026_08_18_00_51_25_610649_L1_right_C2,L1,C2,4.0,0.3389097514813868,blue,right,right,left,pick up the blue block,2,pregrasp,32,48,16,0.3076923076923077,0.2711864406779661,6,8,0.3,0.7,8,0.32474642992019653,0.29784831404685974,0.32474642992019653,0.29784831404685974,0.026898115873336792,-0.026898115873336792,0.405178040266037,-0.152251198887825,0.43441298604011536
2026_08_18_00_51_25_610649_L1_right_C2,L1,C2,4.0,0.3389097514813868,blue,right,right,left,pick up the blue block,2,pregrasp,32,48,16,0.3076923076923077,0.2711864406779661,7,8,0.3,0.7,8,0.27921533584594727,0.24924296140670776,0.27921533584594727,0.24924296140670776,0.029972374439239502,-0.029972374439239502,0.405178040266037,-0.152251198887825,0.43441298604011536
2026_08_18_00_51_25_610649_L1_right_C2,L1,C2,4.0,0.3389097514813868,blue,right,right,left,pick up the blue block,2,pregrasp,32,48,16,0.3076923076923077,0.2711864406779661,8,8,0.3,0.7,8,0.31490737199783325,0.29735028743743896,0.31490737199783325,0.29735028743743896,0.017557084560394287,-0.017557084560394287,0.405178040266037,-0.152251198887825,0.43441298604011536
2026_08_18_00_51_25_610649_L1_right_C2,L1,C2,4.0,0.3389097514813868,blue,right,right,left,pick up the blue block,2,pregrasp,32,48,16,0.3076923076923077,0.2711864406779661,9,8,0.3,0.7,8,0.3299002945423126,0.3105008900165558,0.3299002945423126,0.3105008900165558,0.019399404525756836,-0.019399404525756836,0.405178040266037,-0.152251198887825,0.43441298604011536
2026_08_18_00_51_25_610649_L1_right_C2,L1,C2,4.0,0.3389097514813868,blue,right,right,left,pick up the blue block,3,pregrasp,48,64,16,0.41025641025641024,0.3615819209039548,0,8,0.3,0.7,8,0.30715805292129517,0.2888686954975128,0.30715805292129517,0.2888686954975128,0.01828935742378235,-0.01828935742378235,0.4423517882823944,-0.19606880843639374,0.3962516486644745
2026_08_18_00_51_25_610649_L1_right_C2,L1,C2,4.0,0.3389097514813868,blue,right,right,left,pick up the blue block,3,pregrasp,48,64,16,0.41025641025641024,0.3615819209039548,1,8,0.3,0.7,8,0.31071361899375916,0.2911980152130127,0.31071361899375916,0.2911980152130127,0.01951560378074646,-0.01951560378074646,0.4423517882823944,-0.19606880843639374,0.3962516486644745
2026_08_18_00_51_25_610649_L1_right_C2,L1,C2,4.0,0.3389097514813868,blue,right,right,left,pick up the blue block,3,pregrasp,48,64,16,0.41025641025641024,0.3615819209039548,2,8,0.3,0.7,8,0.3050481081008911,0.29334592819213867,0.3050481081008911,0.29334592819213867,0.011702179908752441,-0.011702179908752441,0.4423517882823944,-0.19606880843639374,0.3962516486644745
2026_08_18_00_51_25_610649_L1_right_C2,L1,C2,4.0,0.3389097514813868,blue,right,right,left,pick up the blue block,3,pregrasp,48,64,16,0.41025641025641024,0.3615819209039548,3,8,0.3,0.7,8,0.34532609581947327,0.3364124596118927,0.34532609581947327,0.3364124596118927,0.008913636207580566,-0.008913636207580566,0.4423517882823944,-0.19606880843639374,0.3962516486644745
2026_08_18_00_51_25_610649_L1_right_C2,L1,C2,4.0,0.3389097514813868,blue,right,right,left,pick up the blue block,3,pregrasp,48,64,16,0.41025641025641024,0.3615819209039548,4,8,0.3,0.7,8,0.2742222547531128,0.2743251621723175,0.2742222547531128,0.2743251621723175,-0.00010290741920471191,0.00010290741920471191,0.4423517882823944,-0.19606880843639374,0.3962516486644745
2026_08_18_00_51_25_610649_L1_right_C2,L1,C2,4.0,0.3389097514813868,blue,right,right,left,pick up the blue block,3,pregrasp,48,64,16,0.41025641025641024,0.3615819209039548,5,8,0.3,0.7,8,0.2582210898399353,0.23173163831233978,0.2582210898399353,0.23173163831233978,0.02648945152759552,-0.02648945152759552,0.4423517882823944,-0.19606880843639374,0.3962516486644745
2026_08_18_00_51_25_610649_L1_right_C2,L1,C2,4.0,0.3389097514813868,blue,right,right,left,pick up the blue block,3,pregrasp,48,64,16,0.41025641025641024,0.3615819209039548,6,8,0.3,0.7,8,0.30938994884490967,0.29950591921806335,0.30938994884490967,0.29950591921806335,0.009884029626846313,-0.009884029626846313,0.4423517882823944,-0.19606880843639374,0.3962516486644745
2026_08_18_00_51_25_610649_L1_right_C2,L1,C2,4.0,0.3389097514813868,blue,right,right,left,pick up the blue block,3,pregrasp,48,64,16,0.41025641025641024,0.3615819209039548,7,8,0.3,0.7,8,0.34833648800849915,0.3399038016796112,0.34833648800849915,0.3399038016796112,0.00843268632888794,-0.00843268632888794,0.4423517882823944,-0.19606880843639374,0.3962516486644745
2026_08_18_00_51_25_610649_L1_right_C2,L1,C2,4.0,0.3389097514813868,blue,right,right,left,pick up the blue block,3,pregrasp,48,64,16,0.41025641025641024,0.3615819209039548,8,8,0.3,0.7,8,0.2636886537075043,0.2605951726436615,0.2636886537075043,0.2605951726436615,0.0030934810638427734,-0.0030934810638427734,0.4423517882823944,-0.19606880843639374,0.3962516486644745
2026_08_18_00_51_25_610649_L1_right_C2,L1,C2,4.0,0.3389097514813868,blue,right,right,left,pick up the blue block,3,pregrasp,48,64,16,0.41025641025641024,0.3615819209039548,9,8,0.3,0.7,8,0.30678683519363403,0.3103848099708557,0.30678683519363403,0.3103848099708557,-0.0035979747772216797,0.0035979747772216797,0.4423517882823944,-0.19606880843639374,0.3962516486644745
2026_08_18_00_51_25_610649_L1_right_C2,L1,C2,4.0,0.3389097514813868,blue,right,right,left,pick up the blue block,4,pregrasp,64,80,16,0.5128205128205128,0.4519774011299435,0,8,0.3,0.7,8,0.20168522000312805,0.17188426852226257,0.20168522000312805,0.17188426852226257,0.02980095148086548,-0.02980095148086548,0.48799917101860046,-0.20648501813411713,0.3474779725074768
2026_08_18_00_51_25_610649_L1_right_C2,L1,C2,4.0,0.3389097514813868,blue,right,right,left,pick up the blue block,4,pregrasp,64,80,16,0.5128205128205128,0.4519774011299435,1,8,0.3,0.7,8,0.3529326319694519,0.324665367603302,0.3529326319694519,0.324665367603302,0.028267264366149902,-0.028267264366149902,0.48799917101860046,-0.20648501813411713,0.3474779725074768
2026_08_18_00_51_25_610649_L1_right_C2,L1,C2,4.0,0.3389097514813868,blue,right,right,left,pick up the blue block,4,pregrasp,64,80,16,0.5128205128205128,0.4519774011299435,2,8,0.3,0.7,8,0.3083823025226593,0.2615472078323364,0.3083823025226593,0.2615472078323364,0.046835094690322876,-0.046835094690322876,0.48799917101860046,-0.20648501813411713,0.3474779725074768
2026_08_18_00_51_25_610649_L1_right_C2,L1,C2,4.0,0.3389097514813868,blue,right,right,left,pick up the blue block,4,pregrasp,64,80,16,0.5128205128205128,0.4519774011299435,3,8,0.3,0.7,8,0.2765290141105652,0.24989333748817444,0.2765290141105652,0.24989333748817444,0.026635676622390747,-0.026635676622390747,0.48799917101860046,-0.20648501813411713,0.3474779725074768
2026_08_18_00_51_25_610649_L1_right_C2,L1,C2,4.0,0.3389097514813868,blue,right,right,left,pick up the blue block,4,pregrasp,64,80,16,0.5128205128205128,0.4519774011299435,4,8,0.3,0.7,8,0.3995758295059204,0.36053842306137085,0.3995758295059204,0.36053842306137085,0.03903740644454956,-0.03903740644454956,0.48799917101860046,-0.20648501813411713,0.3474779725074768
2026_08_18_00_51_25_610649_L1_right_C2,L1,C2,4.0,0.3389097514813868,blue,right,right,left,pick up the blue block,4,pregrasp,64,80,16,0.5128205128205128,0.4519774011299435,5,8,0.3,0.7,8,0.2882707118988037,0.24588051438331604,0.2882707118988037,0.24588051438331604,0.04239019751548767,-0.04239019751548767,0.48799917101860046,-0.20648501813411713,0.3474779725074768
2026_08_18_00_51_25_610649_L1_right_C2,L1,C2,4.0,0.3389097514813868,blue,right,right,left,pick up the blue block,4,pregrasp,64,80,16,0.5128205128205128,0.4519774011299435,6,8,0.3,0.7,8,0.26318833231925964,0.2337651550769806,0.26318833231925964,0.2337651550769806,0.029423177242279053,-0.029423177242279053,0.48799917101860046,-0.20648501813411713,0.3474779725074768
2026_08_18_00_51_25_610649_L1_right_C2,L1,C2,4.0,0.3389097514813868,blue,right,right,left,pick up the blue block,4,pregrasp,64,80,16,0.5128205128205128,0.4519774011299435,7,8,0.3,0.7,8,0.3425210416316986,0.300372838973999,0.3425210416316986,0.300372838973999,0.042148202657699585,-0.042148202657699585,0.48799917101860046,-0.20648501813411713,0.3474779725074768
2026_08_18_00_51_25_610649_L1_right_C2,L1,C2,4.0,0.3389097514813868,blue,right,right,left,pick up the blue block,4,pregrasp,64,80,16,0.5128205128205128,0.4519774011299435,8,8,0.3,0.7,8,0.23713122308254242,0.205503448843956,0.23713122308254242,0.205503448843956,0.031627774238586426,-0.031627774238586426,0.48799917101860046,-0.20648501813411713,0.3474779725074768
2026_08_18_00_51_25_610649_L1_right_C2,L1,C2,4.0,0.3389097514813868,blue,right,right,left,pick up the blue block,4,pregrasp,64,80,16,0.5128205128205128,0.4519774011299435,9,8,0.3,0.7,8,0.2360016256570816,0.2059483677148819,0.2360016256570816,0.2059483677148819,0.030053257942199707,-0.030053257942199707,0.48799917101860046,-0.20648501813411713,0.3474779725074768
2026_08_18_00_51_25_610649_L1_right_C2,L1,C2,4.0,0.3389097514813868,blue,right,right,left,pick up the blue block,5,pregrasp,80,96,16,0.6153846153846154,0.5423728813559322,0,8,0.3,0.7,8,0.3081800937652588,0.332893431186676,0.3081800937652588,0.332893431186676,-0.024713337421417236,0.024713337421417236,0.5325865745544434,-0.18019579350948334,0.3013336658477783
2026_08_18_00_51_25_610649_L1_right_C2,L1,C2,4.0,0.3389097514813868,blue,right,right,left,pick up the blue block,5,pregrasp,80,96,16,0.6153846153846154,0.5423728813559322,1,8,0.3,0.7,8,0.24340759217739105,0.2636195123195648,0.24340759217739105,0.2636195123195648,-0.020211920142173767,0.020211920142173767,0.5325865745544434,-0.18019579350948334,0.3013336658477783
2026_08_18_00_51_25_610649_L1_right_C2,L1,C2,4.0,0.3389097514813868,blue,right,right,left,pick up the blue block,5,pregrasp,80,96,16,0.6153846153846154,0.5423728813559322,2,8,0.3,0.7,8,0.3428676128387451,0.35926058888435364,0.3428676128387451,0.35926058888435364,-0.01639297604560852,0.01639297604560852,0.5325865745544434,-0.18019579350948334,0.3013336658477783
2026_08_18_00_51_25_610649_L1_right_C2,L1,C2,4.0,0.3389097514813868,blue,right,right,left,pick up the blue block,5,pregrasp,80,96,16,0.6153846153846154,0.5423728813559322,3,8,0.3,0.7,8,0.39476001262664795,0.41195082664489746,0.39476001262664795,0.41195082664489746,-0.01719081401824951,0.01719081401824951,0.5325865745544434,-0.18019579350948334,0.3013336658477783
2026_08_18_00_51_25_610649_L1_right_C2,L1,C2,4.0,0.3389097514813868,blue,right,right,left,pick up the blue block,5,pregrasp,80,96,16,0.6153846153846154,0.5423728813559322,4,8,0.3,0.7,8,0.18831992149353027,0.20731016993522644,0.18831992149353027,0.20731016993522644,-0.018990248441696167,0.018990248441696167,0.5325865745544434,-0.18019579350948334,0.3013336658477783
2026_08_18_00_51_25_610649_L1_right_C2,L1,C2,4.0,0.3389097514813868,blue,right,right,left,pick up the blue block,5,pregrasp,80,96,16,0.6153846153846154,0.5423728813559322,5,8,0.3,0.7,8,0.2980709671974182,0.31691473722457886,0.2980709671974182,0.31691473722457886,-0.018843770027160645,0.018843770027160645,0.5325865745544434,-0.18019579350948334,0.3013336658477783
2026_08_18_00_51_25_610649_L1_right_C2,L1,C2,4.0,0.3389097514813868,blue,right,right,left,pick up the blue block,5,pregrasp,80,96,16,0.6153846153846154,0.5423728813559322,6,8,0.3,0.7,8,0.3798445761203766,0.39950552582740784,0.3798445761203766,0.39950552582740784,-0.01966094970703125,0.01966094970703125,0.5325865745544434,-0.18019579350948334,0.3013336658477783
2026_08_18_00_51_25_610649_L1_right_C2,L1,C2,4.0,0.3389097514813868,blue,right,right,left,pick up the blue block,5,pregrasp,80,96,16,0.6153846153846154,0.5423728813559322,7,8,0.3,0.7,8,0.28725263476371765,0.3021393120288849,0.28725263476371765,0.3021393120288849,-0.014886677265167236,0.014886677265167236,0.5325865745544434,-0.18019579350948334,0.3013336658477783
2026_08_18_00_51_25_610649_L1_right_C2,L1,C2,4.0,0.3389097514813868,blue,right,right,left,pick up the blue block,5,pregrasp,80,96,16,0.6153846153846154,0.5423728813559322,8,8,0.3,0.7,8,0.2861613631248474,0.3049353361129761,0.2861613631248474,0.3049353361129761,-0.018773972988128662,0.018773972988128662,0.5325865745544434,-0.18019579350948334,0.3013336658477783
2026_08_18_00_51_25_610649_L1_right_C2,L1,C2,4.0,0.3389097514813868,blue,right,right,left,pick up the blue block,5,pregrasp,80,96,16,0.6153846153846154,0.5423728813559322,9,8,0.3,0.7,8,0.31868478655815125,0.324983686208725,0.31868478655815125,0.324983686208725,-0.0062988996505737305,0.0062988996505737305,0.5325865745544434,-0.18019579350948334,0.3013336658477783
2026_08_18_00_51_25_610649_L1_right_C2,L1,C2,4.0,0.3389097514813868,blue,right,right,left,pick up the blue block,6,pregrasp,96,112,16,0.717948717948718,0.632768361581921,0,8,0.3,0.7,8,0.26246514916419983,0.31638798117637634,0.26246514916419983,0.31638798117637634,-0.053922832012176514,0.053922832012176514,0.5714296698570251,-0.14055313169956207,0.2613590955734253
2026_08_18_00_51_25_610649_L1_right_C2,L1,C2,4.0,0.3389097514813868,blue,right,right,left,pick up the blue block,6,pregrasp,96,112,16,0.717948717948718,0.632768361581921,1,8,0.3,0.7,8,0.26577988266944885,0.3400503396987915,0.26577988266944885,0.3400503396987915,-0.07427045702934265,0.07427045702934265,0.5714296698570251,-0.14055313169956207,0.2613590955734253
2026_08_18_00_51_25_610649_L1_right_C2,L1,C2,4.0,0.3389097514813868,blue,right,right,left,pick up the blue block,6,pregrasp,96,112,16,0.717948717948718,0.632768361581921,2,8,0.3,0.7,8,0.3189363181591034,0.3838166296482086,0.3189363181591034,0.3838166296482086,-0.06488031148910522,0.06488031148910522,0.5714296698570251,-0.14055313169956207,0.2613590955734253
2026_08_18_00_51_25_610649_L1_right_C2,L1,C2,4.0,0.3389097514813868,blue,right,right,left,pick up the blue block,6,pregrasp,96,112,16,0.717948717948718,0.632768361581921,3,8,0.3,0.7,8,0.28421029448509216,0.34258854389190674,0.28421029448509216,0.34258854389190674,-0.058378249406814575,0.058378249406814575,0.5714296698570251,-0.14055313169956207,0.2613590955734253
2026_08_18_00_51_25_610649_L1_right_C2,L1,C2,4.0,0.3389097514813868,blue,right,right,left,pick up the blue block,6,pregrasp,96,112,16,0.717948717948718,0.632768361581921,4,8,0.3,0.7,8,0.2862985134124756,0.3632028102874756,0.2862985134124756,0.3632028102874756,-0.076904296875,0.076904296875,0.5714296698570251,-0.14055313169956207,0.2613590955734253
2026_08_18_00_51_25_610649_L1_right_C2,L1,C2,4.0,0.3389097514813868,blue,right,right,left,pick up the blue block,6,pregrasp,96,112,16,0.717948717948718,0.632768361581921,5,8,0.3,0.7,8,0.2804725766181946,0.3519384264945984,0.2804725766181946,0.3519384264945984,-0.07146584987640381,0.07146584987640381,0.5714296698570251,-0.14055313169956207,0.2613590955734253
2026_08_18_00_51_25_610649_L1_right_C2,L1,C2,4.0,0.3389097514813868,blue,right,right,left,pick up the blue block,6,pregrasp,96,112,16,0.717948717948718,0.632768361581921,6,8,0.3,0.7,8,0.344540536403656,0.4264458417892456,0.344540536403656,0.4264458417892456,-0.0819053053855896,0.0819053053855896,0.5714296698570251,-0.14055313169956207,0.2613590955734253
2026_08_18_00_51_25_610649_L1_right_C2,L1,C2,4.0,0.3389097514813868,blue,right,right,left,pick up the blue block,6,pregrasp,96,112,16,0.717948717948718,0.632768361581921,7,8,0.3,0.7,8,0.2940129339694977,0.35910865664482117,0.2940129339694977,0.35910865664482117,-0.06509572267532349,0.06509572267532349,0.5714296698570251,-0.14055313169956207,0.2613590955734253
2026_08_18_00_51_25_610649_L1_right_C2,L1,C2,4.0,0.3389097514813868,blue,right,right,left,pick up the blue block,6,pregrasp,96,112,16,0.717948717948718,0.632768361581921,8,8,0.3,0.7,8,0.2113114595413208,0.26223719120025635,0.2113114595413208,0.26223719120025635,-0.05092573165893555,0.05092573165893555,0.5714296698570251,-0.14055313169956207,0.2613590955734253
2026_08_18_00_51_25_610649_L1_right_C2,L1,C2,4.0,0.3389097514813868,blue,right,right,left,pick up the blue block,6,pregrasp,96,112,16,0.717948717948718,0.632768361581921,9,8,0.3,0.7,8,0.24904389679431915,0.29775726795196533,0.24904389679431915,0.29775726795196533,-0.04871337115764618,0.04871337115764618,0.5714296698570251,-0.14055313169956207,0.2613590955734253
2026_08_18_00_51_25_610649_L1_right_C2,L1,C2,4.0,0.3389097514813868,blue,right,right,left,pick up the blue block,7,pregrasp,112,128,16,0.8205128205128205,0.7231638418079096,0,8,0.3,0.7,8,0.33678296208381653,0.41822928190231323,0.33678296208381653,0.41822928190231323,-0.0814463198184967,0.0814463198184967,0.6076999306678772,-0.09273279458284378,0.2242932766675949
2026_08_18_00_51_25_610649_L1_right_C2,L1,C2,4.0,0.3389097514813868,blue,right,right,left,pick up the blue block,7,pregrasp,112,128,16,0.8205128205128205,0.7231638418079096,1,8,0.3,0.7,8,0.27553826570510864,0.33182135224342346,0.27553826570510864,0.33182135224342346,-0.05628308653831482,0.05628308653831482,0.6076999306678772,-0.09273279458284378,0.2242932766675949
2026_08_18_00_51_25_610649_L1_right_C2,L1,C2,4.0,0.3389097514813868,blue,right,right,left,pick up the blue block,7,pregrasp,112,128,16,0.8205128205128205,0.7231638418079096,2,8,0.3,0.7,8,0.30952227115631104,0.36077404022216797,0.30952227115631104,0.36077404022216797,-0.051251769065856934,0.051251769065856934,0.6076999306678772,-0.09273279458284378,0.2242932766675949
2026_08_18_00_51_25_610649_L1_right_C2,L1,C2,4.0,0.3389097514813868,blue,right,right,left,pick up the blue block,7,pregrasp,112,128,16,0.8205128205128205,0.7231638418079096,3,8,0.3,0.7,8,0.26888859272003174,0.3254140615463257,0.26888859272003174,0.3254140615463257,-0.056525468826293945,0.056525468826293945,0.6076999306678772,-0.09273279458284378,0.2242932766675949
2026_08_18_00_51_25_610649_L1_right_C2,L1,C2,4.0,0.3389097514813868,blue,right,right,left,pick up the blue block,7,pregrasp,112,128,16,0.8205128205128205,0.7231638418079096,4,8,0.3,0.7,8,0.36315417289733887,0.4327280819416046,0.36315417289733887,0.4327280819416046,-0.06957390904426575,0.06957390904426575,0.6076999306678772,-0.09273279458284378,0.2242932766675949
2026_08_18_00_51_25_610649_L1_right_C2,L1,C2,4.0,0.3389097514813868,blue,right,right,left,pick up the blue block,7,pregrasp,112,128,16,0.8205128205128205,0.7231638418079096,5,8,0.3,0.7,8,0.2902156114578247,0.33965933322906494,0.2902156114578247,0.33965933322906494,-0.049443721771240234,0.049443721771240234,0.6076999306678772,-0.09273279458284378,0.2242932766675949
2026_08_18_00_51_25_610649_L1_right_C2,L1,C2,4.0,0.3389097514813868,blue,right,right,left,pick up the blue block,7,pregrasp,112,128,16,0.8205128205128205,0.7231638418079096,6,8,0.3,0.7,8,0.35245564579963684,0.41206783056259155,0.35245564579963684,0.41206783056259155,-0.05961218476295471,0.05961218476295471,0.6076999306678772,-0.09273279458284378,0.2242932766675949
2026_08_18_00_51_25_610649_L1_right_C2,L1,C2,4.0,0.3389097514813868,blue,right,right,left,pick up the blue block,7,pregrasp,112,128,16,0.8205128205128205,0.7231638418079096,7,8,0.3,0.7,8,0.2528440058231354,0.2936781644821167,0.2528440058231354,0.2936781644821167,-0.04083415865898132,0.04083415865898132,0.6076999306678772,-0.09273279458284378,0.2242932766675949
2026_08_18_00_51_25_610649_L1_right_C2,L1,C2,4.0,0.3389097514813868,blue,right,right,left,pick up the blue block,7,pregrasp,112,128,16,0.8205128205128205,0.7231638418079096,8,8,0.3,0.7,8,0.3216513693332672,0.3876001834869385,0.3216513693332672,0.3876001834869385,-0.06594881415367126,0.06594881415367126,0.6076999306678772,-0.09273279458284378,0.2242932766675949
2026_08_18_00_51_25_610649_L1_right_C2,L1,C2,4.0,0.3389097514813868,blue,right,right,left,pick up the blue block,7,pregrasp,112,128,16,0.8205128205128205,0.7231638418079096,9,8,0.3,0.7,8,0.26807379722595215,0.32316824793815613,0.26807379722595215,0.32316824793815613,-0.05509445071220398,0.05509445071220398,0.6076999306678772,-0.09273279458284378,0.2242932766675949
2026_08_18_00_51_25_610649_L1_right_C2,L1,C2,4.0,0.3389097514813868,blue,right,right,left,pick up the blue block,8,pregrasp,128,144,16,0.9230769230769231,0.8135593220338984,0,8,0.3,0.7,8,0.3569495677947998,0.47052982449531555,0.3569495677947998,0.47052982449531555,-0.11358025670051575,0.11358025670051575,0.6395211815834045,-0.04772467538714409,0.19178694486618042
2026_08_18_00_51_25_610649_L1_right_C2,L1,C2,4.0,0.3389097514813868,blue,right,right,left,pick up the blue block,8,pregrasp,128,144,16,0.9230769230769231,0.8135593220338984,1,8,0.3,0.7,8,0.2855614721775055,0.3903954327106476,0.2855614721775055,0.3903954327106476,-0.10483396053314209,0.10483396053314209,0.6395211815834045,-0.04772467538714409,0.19178694486618042
2026_08_18_00_51_25_610649_L1_right_C2,L1,C2,4.0,0.3389097514813868,blue,right,right,left,pick up the blue block,8,pregrasp,128,144,16,0.9230769230769231,0.8135593220338984,2,8,0.3,0.7,8,0.2616465985774994,0.3555542528629303,0.2616465985774994,0.3555542528629303,-0.09390765428543091,0.09390765428543091,0.6395211815834045,-0.04772467538714409,0.19178694486618042
2026_08_18_00_51_25_610649_L1_right_C2,L1,C2,4.0,0.3389097514813868,blue,right,right,left,pick up the blue block,8,pregrasp,128,144,16,0.9230769230769231,0.8135593220338984,3,8,0.3,0.7,8,0.27498525381088257,0.35449615120887756,0.27498525381088257,0.35449615120887756,-0.079510897397995,0.079510897397995,0.6395211815834045,-0.04772467538714409,0.19178694486618042
2026_08_18_00_51_25_610649_L1_right_C2,L1,C2,4.0,0.3389097514813868,blue,right,right,left,pick up the blue block,8,pregrasp,128,144,16,0.9230769230769231,0.8135593220338984,4,8,0.3,0.7,8,0.2917744815349579,0.3991908133029938,0.2917744815349579,0.3991908133029938,-0.10741633176803589,0.10741633176803589,0.6395211815834045,-0.04772467538714409,0.19178694486618042
2026_08_18_00_51_25_610649_L1_right_C2,L1,C2,4.0,0.3389097514813868,blue,right,right,left,pick up the blue block,8,pregrasp,128,144,16,0.9230769230769231,0.8135593220338984,5,8,0.3,0.7,8,0.2792135179042816,0.3777729570865631,0.2792135179042816,0.3777729570865631,-0.0985594391822815,0.0985594391822815,0.6395211815834045,-0.04772467538714409,0.19178694486618042
2026_08_18_00_51_25_610649_L1_right_C2,L1,C2,4.0,0.3389097514813868,blue,right,right,left,pick up the blue block,8,pregrasp,128,144,16,0.9230769230769231,0.8135593220338984,6,8,0.3,0.7,8,0.442328542470932,0.5650923848152161,0.442328542470932,0.5650923848152161,-0.12276384234428406,0.12276384234428406,0.6395211815834045,-0.04772467538714409,0.19178694486618042
2026_08_18_00_51_25_610649_L1_right_C2,L1,C2,4.0,0.3389097514813868,blue,right,right,left,pick up the blue block,8,pregrasp,128,144,16,0.9230769230769231,0.8135593220338984,7,8,0.3,0.7,8,0.25933340191841125,0.3437252342700958,0.25933340191841125,0.3437252342700958,-0.08439183235168457,0.08439183235168457,0.6395211815834045,-0.04772467538714409,0.19178694486618042
2026_08_18_00_51_25_610649_L1_right_C2,L1,C2,4.0,0.3389097514813868,blue,right,right,left,pick up the blue block,8,pregrasp,128,144,16,0.9230769230769231,0.8135593220338984,8,8,0.3,0.7,8,0.33468717336654663,0.4515441060066223,0.33468717336654663,0.4515441060066223,-0.11685693264007568,0.11685693264007568,0.6395211815834045,-0.04772467538714409,0.19178694486618042
2026_08_18_00_51_25_610649_L1_right_C2,L1,C2,4.0,0.3389097514813868,blue,right,right,left,pick up the blue block,8,pregrasp,128,144,16,0.9230769230769231,0.8135593220338984,9,8,0.3,0.7,8,0.2638569176197052,0.36255887150764465,0.2638569176197052,0.36255887150764465,-0.09870195388793945,0.09870195388793945,0.6395211815834045,-0.04772467538714409,0.19178694486618042
2026_08_18_00_51_25_610649_L1_right_C2,L1,C2,4.0,0.3389097514813868,blue,right,right,left,pick up the blue block,9,pregrasp,144,156,12,1.0,0.8813559322033898,0,8,0.3,0.7,8,0.29240521788597107,0.31006020307540894,0.29240521788597107,0.31006020307540894,-0.017654985189437866,0.017654985189437866,0.6412416696548462,-0.04586173593997955,0.18990445137023926
2026_08_18_00_51_25_610649_L1_right_C2,L1,C2,4.0,0.3389097514813868,blue,right,right,left,pick up the blue block,9,pregrasp,144,156,12,1.0,0.8813559322033898,1,8,0.3,0.7,8,0.25497424602508545,0.2725072503089905,0.25497424602508545,0.2725072503089905,-0.01753300428390503,0.01753300428390503,0.6412416696548462,-0.04586173593997955,0.18990445137023926
2026_08_18_00_51_25_610649_L1_right_C2,L1,C2,4.0,0.3389097514813868,blue,right,right,left,pick up the blue block,9,pregrasp,144,156,12,1.0,0.8813559322033898,2,8,0.3,0.7,8,0.4052537679672241,0.4220676124095917,0.4052537679672241,0.4220676124095917,-0.016813844442367554,0.016813844442367554,0.6412416696548462,-0.04586173593997955,0.18990445137023926
2026_08_18_00_51_25_610649_L1_right_C2,L1,C2,4.0,0.3389097514813868,blue,right,right,left,pick up the blue block,9,pregrasp,144,156,12,1.0,0.8813559322033898,3,8,0.3,0.7,8,0.27705448865890503,0.28768157958984375,0.27705448865890503,0.28768157958984375,-0.01062709093093872,0.01062709093093872,0.6412416696548462,-0.04586173593997955,0.18990445137023926
2026_08_18_00_51_25_610649_L1_right_C2,L1,C2,4.0,0.3389097514813868,blue,right,right,left,pick up the blue block,9,pregrasp,144,156,12,1.0,0.8813559322033898,4,8,0.3,0.7,8,0.2941757142543793,0.3024619221687317,0.2941757142543793,0.3024619221687317,-0.008286207914352417,0.008286207914352417,0.6412416696548462,-0.04586173593997955,0.18990445137023926
2026_08_18_00_51_25_610649_L1_right_C2,L1,C2,4.0,0.3389097514813868,blue,right,right,left,pick up the blue block,9,pregrasp,144,156,12,1.0,0.8813559322033898,5,8,0.3,0.7,8,0.3771607577800751,0.39378413558006287,0.3771607577800751,0.39378413558006287,-0.016623377799987793,0.016623377799987793,0.6412416696548462,-0.04586173593997955,0.18990445137023926
2026_08_18_00_51_25_610649_L1_right_C2,L1,C2,4.0,0.3389097514813868,blue,right,right,left,pick up the blue block,9,pregrasp,144,156,12,1.0,0.8813559322033898,6,8,0.3,0.7,8,0.30667760968208313,0.3236580789089203,0.30667760968208313,0.3236580789089203,-0.016980469226837158,0.016980469226837158,0.6412416696548462,-0.04586173593997955,0.18990445137023926
2026_08_18_00_51_25_610649_L1_right_C2,L1,C2,4.0,0.3389097514813868,blue,right,right,left,pick up the blue block,9,pregrasp,144,156,12,1.0,0.8813559322033898,7,8,0.3,0.7,8,0.4523087739944458,0.47514936327934265,0.4523087739944458,0.47514936327934265,-0.02284058928489685,0.02284058928489685,0.6412416696548462,-0.04586173593997955,0.18990445137023926
2026_08_18_00_51_25_610649_L1_right_C2,L1,C2,4.0,0.3389097514813868,blue,right,right,left,pick up the blue block,9,pregrasp,144,156,12,1.0,0.8813559322033898,8,8,0.3,0.7,8,0.3302379548549652,0.3590147793292999,0.3302379548549652,0.3590147793292999,-0.028776824474334717,0.028776824474334717,0.6412416696548462,-0.04586173593997955,0.18990445137023926
2026_08_18_00_51_25_610649_L1_right_C2,L1,C2,4.0,0.3389097514813868,blue,right,right,left,pick up the blue block,9,pregrasp,144,156,12,1.0,0.8813559322033898,9,8,0.3,0.7,8,0.3110406994819641,0.3259739875793457,0.3110406994819641,0.3259739875793457,-0.014933288097381592,0.014933288097381592,0.6412416696548462,-0.04586173593997955,0.18990445137023926
2026_08_18_00_51_25_610649_L1_right_C2,L1,C2,4.0,0.3389097514813868,blue,right,right,left,pick up the blue block,10,postgrasp,156,172,16,1.0,0.9717514124293786,0,8,0.3,0.7,8,0.4227140247821808,0.42643940448760986,0.4227140247821808,0.42643940448760986,-0.003725379705429077,0.003725379705429077,0.6417006850242615,-0.04586632549762726,0.19033783674240112
2026_08_18_00_51_25_610649_L1_right_C2,L1,C2,4.0,0.3389097514813868,blue,right,right,left,pick up the blue block,10,postgrasp,156,172,16,1.0,0.9717514124293786,1,8,0.3,0.7,8,0.43139469623565674,0.4374842941761017,0.43139469623565674,0.4374842941761017,-0.006089597940444946,0.006089597940444946,0.6417006850242615,-0.04586632549762726,0.19033783674240112
2026_08_18_00_51_25_610649_L1_right_C2,L1,C2,4.0,0.3389097514813868,blue,right,right,left,pick up the blue block,10,postgrasp,156,172,16,1.0,0.9717514124293786,2,8,0.3,0.7,8,0.4402858018875122,0.4187558889389038,0.4402858018875122,0.4187558889389038,0.0215299129486084,-0.0215299129486084,0.6417006850242615,-0.04586632549762726,0.19033783674240112
2026_08_18_00_51_25_610649_L1_right_C2,L1,C2,4.0,0.3389097514813868,blue,right,right,left,pick up the blue block,10,postgrasp,156,172,16,1.0,0.9717514124293786,3,8,0.3,0.7,8,0.4976798892021179,0.47124090790748596,0.4976798892021179,0.47124090790748596,0.026438981294631958,-0.026438981294631958,0.6417006850242615,-0.04586632549762726,0.19033783674240112
2026_08_18_00_51_25_610649_L1_right_C2,L1,C2,4.0,0.3389097514813868,blue,right,right,left,pick up the blue block,10,postgrasp,156,172,16,1.0,0.9717514124293786,4,8,0.3,0.7,8,0.41973504424095154,0.4164828062057495,0.41973504424095154,0.4164828062057495,0.0032522380352020264,-0.0032522380352020264,0.6417006850242615,-0.04586632549762726,0.19033783674240112
2026_08_18_00_51_25_610649_L1_right_C2,L1,C2,4.0,0.3389097514813868,blue,right,right,left,pick up the blue block,10,postgrasp,156,172,16,1.0,0.9717514124293786,5,8,0.3,0.7,8,0.3865511417388916,0.3764365315437317,0.3865511417388916,0.3764365315437317,0.010114610195159912,-0.010114610195159912,0.6417006850242615,-0.04586632549762726,0.19033783674240112
2026_08_18_00_51_25_610649_L1_right_C2,L1,C2,4.0,0.3389097514813868,blue,right,right,left,pick up the blue block,10,postgrasp,156,172,16,1.0,0.9717514124293786,6,8,0.3,0.7,8,0.44812121987342834,0.45435458421707153,0.44812121987342834,0.45435458421707153,-0.0062333643436431885,0.0062333643436431885,0.6417006850242615,-0.04586632549762726,0.19033783674240112
2026_08_18_00_51_25_610649_L1_right_C2,L1,C2,4.0,0.3389097514813868,blue,right,right,left,pick up the blue block,10,postgrasp,156,172,16,1.0,0.9717514124293786,7,8,0.3,0.7,8,0.43731316924095154,0.42443379759788513,0.43731316924095154,0.42443379759788513,0.012879371643066406,-0.012879371643066406,0.6417006850242615,-0.04586632549762726,0.19033783674240112
2026_08_18_00_51_25_610649_L1_right_C2,L1,C2,4.0,0.3389097514813868,blue,right,right,left,pick up the blue block,10,postgrasp,156,172,16,1.0,0.9717514124293786,8,8,0.3,0.7,8,0.44525405764579773,0.4706757962703705,0.44525405764579773,0.4706757962703705,-0.025421738624572754,0.025421738624572754,0.6417006850242615,-0.04586632549762726,0.19033783674240112
2026_08_18_00_51_25_610649_L1_right_C2,L1,C2,4.0,0.3389097514813868,blue,right,right,left,pick up the blue block,10,postgrasp,156,172,16,1.0,0.9717514124293786,9,8,0.3,0.7,8,0.40201130509376526,0.39419883489608765,0.40201130509376526,0.39419883489608765,0.007812470197677612,-0.007812470197677612,0.6417006850242615,-0.04586632549762726,0.19033783674240112
2026_08_18_00_51_25_610649_L1_right_C2,L1,C2,4.0,0.3389097514813868,blue,right,right,left,pick up the blue block,11,postgrasp,172,177,5,1.0,1.0,0,8,0.3,0.7,8,0.5298022031784058,0.5187489986419678,0.5298022031784058,0.5187489986419678,0.011053204536437988,-0.011053204536437988,0.6417030096054077,-0.045870404690504074,0.19034066796302795
2026_08_18_00_51_25_610649_L1_right_C2,L1,C2,4.0,0.3389097514813868,blue,right,right,left,pick up the blue block,11,postgrasp,172,177,5,1.0,1.0,1,8,0.3,0.7,8,0.40641945600509644,0.3853747844696045,0.40641945600509644,0.3853747844696045,0.021044671535491943,-0.021044671535491943,0.6417030096054077,-0.045870404690504074,0.19034066796302795
2026_08_18_00_51_25_610649_L1_right_C2,L1,C2,4.0,0.3389097514813868,blue,right,right,left,pick up the blue block,11,postgrasp,172,177,5,1.0,1.0,2,8,0.3,0.7,8,0.3943026065826416,0.36578309535980225,0.3943026065826416,0.36578309535980225,0.028519511222839355,-0.028519511222839355,0.6417030096054077,-0.045870404690504074,0.19034066796302795
2026_08_18_00_51_25_610649_L1_right_C2,L1,C2,4.0,0.3389097514813868,blue,right,right,left,pick up the blue block,11,postgrasp,172,177,5,1.0,1.0,3,8,0.3,0.7,8,0.4146344065666199,0.4014665484428406,0.4146344065666199,0.4014665484428406,0.013167858123779297,-0.013167858123779297,0.6417030096054077,-0.045870404690504074,0.19034066796302795
2026_08_18_00_51_25_610649_L1_right_C2,L1,C2,4.0,0.3389097514813868,blue,right,right,left,pick up the blue block,11,postgrasp,172,177,5,1.0,1.0,4,8,0.3,0.7,8,0.5011007189750671,0.46535399556159973,0.5011007189750671,0.46535399556159973,0.03574672341346741,-0.03574672341346741,0.6417030096054077,-0.045870404690504074,0.19034066796302795
2026_08_18_00_51_25_610649_L1_right_C2,L1,C2,4.0,0.3389097514813868,blue,right,right,left,pick up the blue block,11,postgrasp,172,177,5,1.0,1.0,5,8,0.3,0.7,8,0.41874611377716064,0.38476648926734924,0.41874611377716064,0.38476648926734924,0.0339796245098114,-0.0339796245098114,0.6417030096054077,-0.045870404690504074,0.19034066796302795
2026_08_18_00_51_25_610649_L1_right_C2,L1,C2,4.0,0.3389097514813868,blue,right,right,left,pick up the blue block,11,postgrasp,172,177,5,1.0,1.0,6,8,0.3,0.7,8,0.3854239583015442,0.35676175355911255,0.3854239583015442,0.35676175355911255,0.02866220474243164,-0.02866220474243164,0.6417030096054077,-0.045870404690504074,0.19034066796302795
2026_08_18_00_51_25_610649_L1_right_C2,L1,C2,4.0,0.3389097514813868,blue,right,right,left,pick up the blue block,11,postgrasp,172,177,5,1.0,1.0,7,8,0.3,0.7,8,0.4312121570110321,0.41238921880722046,0.4312121570110321,0.41238921880722046,0.018822938203811646,-0.018822938203811646,0.6417030096054077,-0.045870404690504074,0.19034066796302795
2026_08_18_00_51_25_610649_L1_right_C2,L1,C2,4.0,0.3389097514813868,blue,right,right,left,pick up the blue block,11,postgrasp,172,177,5,1.0,1.0,8,8,0.3,0.7,8,0.3524133265018463,0.33109161257743835,0.3524133265018463,0.33109161257743835,0.02132171392440796,-0.02132171392440796,0.6417030096054077,-0.045870404690504074,0.19034066796302795
2026_08_18_00_51_25_610649_L1_right_C2,L1,C2,4.0,0.3389097514813868,blue,right,right,left,pick up the blue block,11,postgrasp,172,177,5,1.0,1.0,9,8,0.3,0.7,8,0.3980809152126312,0.3815872073173523,0.3980809152126312,0.3815872073173523,0.01649370789527893,-0.01649370789527893,0.6417030096054077,-0.045870404690504074,0.19034066796302795
2026_08_18_00_52_54_907596_L3_right_C0,L3,C0,0.0,0.0,blue,right,right,left,pick up the blue block,0,pregrasp,0,16,16,0.1322314049586777,0.11267605633802817,0,8,0.3,0.7,8,0.38545575737953186,0.2827370762825012,0.38545575737953186,0.2827370762825012,0.10271868109703064,-0.10271868109703064,0.3827056288719177,-0.00551261892542243,0.467118501663208
2026_08_18_00_52_54_907596_L3_right_C0,L3,C0,0.0,0.0,blue,right,right,left,pick up the blue block,0,pregrasp,0,16,16,0.1322314049586777,0.11267605633802817,1,8,0.3,0.7,8,0.31516802310943604,0.2658357620239258,0.31516802310943604,0.2658357620239258,0.049332261085510254,-0.049332261085510254,0.3827056288719177,-0.00551261892542243,0.467118501663208
2026_08_18_00_52_54_907596_L3_right_C0,L3,C0,0.0,0.0,blue,right,right,left,pick up the blue block,0,pregrasp,0,16,16,0.1322314049586777,0.11267605633802817,2,8,0.3,0.7,8,0.2683432698249817,0.23600037395954132,0.2683432698249817,0.23600037395954132,0.03234289586544037,-0.03234289586544037,0.3827056288719177,-0.00551261892542243,0.467118501663208
2026_08_18_00_52_54_907596_L3_right_C0,L3,C0,0.0,0.0,blue,right,right,left,pick up the blue block,0,pregrasp,0,16,16,0.1322314049586777,0.11267605633802817,3,8,0.3,0.7,8,0.34198233485221863,0.2807365655899048,0.34198233485221863,0.2807365655899048,0.06124576926231384,-0.06124576926231384,0.3827056288719177,-0.00551261892542243,0.467118501663208
2026_08_18_00_52_54_907596_L3_right_C0,L3,C0,0.0,0.0,blue,right,right,left,pick up the blue block,0,pregrasp,0,16,16,0.1322314049586777,0.11267605633802817,4,8,0.3,0.7,8,0.330672025680542,0.28315526247024536,0.330672025680542,0.28315526247024536,0.04751676321029663,-0.04751676321029663,0.3827056288719177,-0.00551261892542243,0.467118501663208
2026_08_18_00_52_54_907596_L3_right_C0,L3,C0,0.0,0.0,blue,right,right,left,pick up the blue block,0,pregrasp,0,16,16,0.1322314049586777,0.11267605633802817,5,8,0.3,0.7,8,0.34899768233299255,0.31611040234565735,0.34899768233299255,0.31611040234565735,0.032887279987335205,-0.032887279987335205,0.3827056288719177,-0.00551261892542243,0.467118501663208
2026_08_18_00_52_54_907596_L3_right_C0,L3,C0,0.0,0.0,blue,right,right,left,pick up the blue block,0,pregrasp,0,16,16,0.1322314049586777,0.11267605633802817,6,8,0.3,0.7,8,0.34963899850845337,0.24569258093833923,0.34963899850845337,0.24569258093833923,0.10394641757011414,-0.10394641757011414,0.3827056288719177,-0.00551261892542243,0.467118501663208
2026_08_18_00_52_54_907596_L3_right_C0,L3,C0,0.0,0.0,blue,right,right,left,pick up the blue block,0,pregrasp,0,16,16,0.1322314049586777,0.11267605633802817,7,8,0.3,0.7,8,0.22780841588974,0.15272490680217743,0.22780841588974,0.15272490680217743,0.07508350908756256,-0.07508350908756256,0.3827056288719177,-0.00551261892542243,0.467118501663208
2026_08_18_00_52_54_907596_L3_right_C0,L3,C0,0.0,0.0,blue,right,right,left,pick up the blue block,0,pregrasp,0,16,16,0.1322314049586777,0.11267605633802817,8,8,0.3,0.7,8,0.3675450384616852,0.3400295078754425,0.3675450384616852,0.3400295078754425,0.027515530586242676,-0.027515530586242676,0.3827056288719177,-0.00551261892542243,0.467118501663208
2026_08_18_00_52_54_907596_L3_right_C0,L3,C0,0.0,0.0,blue,right,right,left,pick up the blue block,0,pregrasp,0,16,16,0.1322314049586777,0.11267605633802817,9,8,0.3,0.7,8,0.297224760055542,0.2736092805862427,0.297224760055542,0.2736092805862427,0.023615479469299316,-0.023615479469299316,0.3827056288719177,-0.00551261892542243,0.467118501663208
2026_08_18_00_52_54_907596_L3_right_C0,L3,C0,0.0,0.0,blue,right,right,left,pick up the blue block,1,pregrasp,16,32,16,0.2644628099173554,0.22535211267605634,0,8,0.3,0.7,8,0.3071158826351166,0.28041523694992065,0.3071158826351166,0.28041523694992065,0.026700645685195923,-0.026700645685195923,0.4273110330104828,-0.009605331346392632,0.4150272309780121
2026_08_18_00_52_54_907596_L3_right_C0,L3,C0,0.0,0.0,blue,right,right,left,pick up the blue block,1,pregrasp,16,32,16,0.2644628099173554,0.22535211267605634,1,8,0.3,0.7,8,0.1580519676208496,0.12572413682937622,0.1580519676208496,0.12572413682937622,0.03232783079147339,-0.03232783079147339,0.4273110330104828,-0.009605331346392632,0.4150272309780121
2026_08_18_00_52_54_907596_L3_right_C0,L3,C0,0.0,0.0,blue,right,right,left,pick up the blue block,1,pregrasp,16,32,16,0.2644628099173554,0.22535211267605634,2,8,0.3,0.7,8,0.24872419238090515,0.22077280282974243,0.24872419238090515,0.22077280282974243,0.02795138955116272,-0.02795138955116272,0.4273110330104828,-0.009605331346392632,0.4150272309780121
2026_08_18_00_52_54_907596_L3_right_C0,L3,C0,0.0,0.0,blue,right,right,left,pick up the blue block,1,pregrasp,16,32,16,0.2644628099173554,0.22535211267605634,3,8,0.3,0.7,8,0.24487105011940002,0.2349054515361786,0.24487105011940002,0.2349054515361786,0.009965598583221436,-0.009965598583221436,0.4273110330104828,-0.009605331346392632,0.4150272309780121
2026_08_18_00_52_54_907596_L3_right_C0,L3,C0,0.0,0.0,blue,right,right,left,pick up the blue block,1,pregrasp,16,32,16,0.2644628099173554,0.22535211267605634,4,8,0.3,0.7,8,0.2896505296230316,0.27937647700309753,0.2896505296230316,0.27937647700309753,0.010274052619934082,-0.010274052619934082,0.4273110330104828,-0.009605331346392632,0.4150272309780121
2026_08_18_00_52_54_907596_L3_right_C0,L3,C0,0.0,0.0,blue,right,right,left,pick up the blue block,1,pregrasp,16,32,16,0.2644628099173554,0.22535211267605634,5,8,0.3,0.7,8,0.2588861286640167,0.22601886093616486,0.2588861286640167,0.22601886093616486,0.03286726772785187,-0.03286726772785187,0.4273110330104828,-0.009605331346392632,0.4150272309780121
2026_08_18_00_52_54_907596_L3_right_C0,L3,C0,0.0,0.0,blue,right,right,left,pick up the blue block,1,pregrasp,16,32,16,0.2644628099173554,0.22535211267605634,6,8,0.3,0.7,8,0.3822706937789917,0.3686632513999939,0.3822706937789917,0.3686632513999939,0.013607442378997803,-0.013607442378997803,0.4273110330104828,-0.009605331346392632,0.4150272309780121
2026_08_18_00_52_54_907596_L3_right_C0,L3,C0,0.0,0.0,blue,right,right,left,pick up the blue block,1,pregrasp,16,32,16,0.2644628099173554,0.22535211267605634,7,8,0.3,0.7,8,0.3684777021408081,0.3581552505493164,0.3684777021408081,0.3581552505493164,0.0103224515914917,-0.0103224515914917,0.4273110330104828,-0.009605331346392632,0.4150272309780121
2026_08_18_00_52_54_907596_L3_right_C0,L3,C0,0.0,0.0,blue,right,right,left,pick up the blue block,1,pregrasp,16,32,16,0.2644628099173554,0.22535211267605634,8,8,0.3,0.7,8,0.3355104923248291,0.3182624280452728,0.3355104923248291,0.3182624280452728,0.017248064279556274,-0.017248064279556274,0.4273110330104828,-0.009605331346392632,0.4150272309780121
2026_08_18_00_52_54_907596_L3_right_C0,L3,C0,0.0,0.0,blue,right,right,left,pick up the blue block,1,pregrasp,16,32,16,0.2644628099173554,0.22535211267605634,9,8,0.3,0.7,8,0.2830629050731659,0.27291902899742126,0.2830629050731659,0.27291902899742126,0.010143876075744629,-0.010143876075744629,0.4273110330104828,-0.009605331346392632,0.4150272309780121
2026_08_18_00_52_54_907596_L3_right_C0,L3,C0,0.0,0.0,blue,right,right,left,pick up the blue block,2,pregrasp,32,48,16,0.39669421487603307,0.3380281690140845,0,8,0.3,0.7,8,0.3684581518173218,0.3491969704627991,0.3684581518173218,0.3491969704627991,0.019261181354522705,-0.019261181354522705,0.47765353322029114,-0.015066616237163544,0.367693156003952
2026_08_18_00_52_54_907596_L3_right_C0,L3,C0,0.0,0.0,blue,right,right,left,pick up the blue block,2,pregrasp,32,48,16,0.39669421487603307,0.3380281690140845,1,8,0.3,0.7,8,0.2261301726102829,0.20738011598587036,0.2261301726102829,0.20738011598587036,0.018750056624412537,-0.018750056624412537,0.47765353322029114,-0.015066616237163544,0.367693156003952
2026_08_18_00_52_54_907596_L3_right_C0,L3,C0,0.0,0.0,blue,right,right,left,pick up the blue block,2,pregrasp,32,48,16,0.39669421487603307,0.3380281690140845,2,8,0.3,0.7,8,0.2798175811767578,0.25461891293525696,0.2798175811767578,0.25461891293525696,0.025198668241500854,-0.025198668241500854,0.47765353322029114,-0.015066616237163544,0.367693156003952
2026_08_18_00_52_54_907596_L3_right_C0,L3,C0,0.0,0.0,blue,right,right,left,pick up the blue block,2,pregrasp,32,48,16,0.39669421487603307,0.3380281690140845,3,8,0.3,0.7,8,0.2965223789215088,0.2772420048713684,0.2965223789215088,0.2772420048713684,0.01928037405014038,-0.01928037405014038,0.47765353322029114,-0.015066616237163544,0.367693156003952
2026_08_18_00_52_54_907596_L3_right_C0,L3,C0,0.0,0.0,blue,right,right,left,pick up the blue block,2,pregrasp,32,48,16,0.39669421487603307,0.3380281690140845,4,8,0.3,0.7,8,0.3555915951728821,0.33940884470939636,0.3555915951728821,0.33940884470939636,0.016182750463485718,-0.016182750463485718,0.47765353322029114,-0.015066616237163544,0.367693156003952
2026_08_18_00_52_54_907596_L3_right_C0,L3,C0,0.0,0.0,blue,right,right,left,pick up the blue block,2,pregrasp,32,48,16,0.39669421487603307,0.3380281690140845,5,8,0.3,0.7,8,0.2950269281864166,0.27418839931488037,0.2950269281864166,0.27418839931488037,0.020838528871536255,-0.020838528871536255,0.47765353322029114,-0.015066616237163544,0.367693156003952
2026_08_18_00_52_54_907596_L3_right_C0,L3,C0,0.0,0.0,blue,right,right,left,pick up the blue block,2,pregrasp,32,48,16,0.39669421487603307,0.3380281690140845,6,8,0.3,0.7,8,0.27984121441841125,0.27087709307670593,0.27984121441841125,0.27087709307670593,0.008964121341705322,-0.008964121341705322,0.47765353322029114,-0.015066616237163544,0.367693156003952
2026_08_18_00_52_54_907596_L3_right_C0,L3,C0,0.0,0.0,blue,right,right,left,pick up the blue block,2,pregrasp,32,48,16,0.39669421487603307,0.3380281690140845,7,8,0.3,0.7,8,0.22003883123397827,0.20539991557598114,0.22003883123397827,0.20539991557598114,0.014638915657997131,-0.014638915657997131,0.47765353322029114,-0.015066616237163544,0.367693156003952
2026_08_18_00_52_54_907596_L3_right_C0,L3,C0,0.0,0.0,blue,right,right,left,pick up the blue block,2,pregrasp,32,48,16,0.39669421487603307,0.3380281690140845,8,8,0.3,0.7,8,0.268098384141922,0.25268054008483887,0.268098384141922,0.25268054008483887,0.01541784405708313,-0.01541784405708313,0.47765353322029114,-0.015066616237163544,0.367693156003952
2026_08_18_00_52_54_907596_L3_right_C0,L3,C0,0.0,0.0,blue,right,right,left,pick up the blue block,2,pregrasp,32,48,16,0.39669421487603307,0.3380281690140845,9,8,0.3,0.7,8,0.2932778298854828,0.27312201261520386,0.2932778298854828,0.27312201261520386,0.02015581727027893,-0.02015581727027893,0.47765353322029114,-0.015066616237163544,0.367693156003952
2026_08_18_00_52_54_907596_L3_right_C0,L3,C0,0.0,0.0,blue,right,right,left,pick up the blue block,3,pregrasp,48,64,16,0.5289256198347108,0.4507042253521127,0,8,0.3,0.7,8,0.19465965032577515,0.15526382625102997,0.19465965032577515,0.15526382625102997,0.03939582407474518,-0.03939582407474518,0.5282787680625916,-0.02036115899682045,0.32054778933525085
2026_08_18_00_52_54_907596_L3_right_C0,L3,C0,0.0,0.0,blue,right,right,left,pick up the blue block,3,pregrasp,48,64,16,0.5289256198347108,0.4507042253521127,1,8,0.3,0.7,8,0.2357834428548813,0.21584326028823853,0.2357834428548813,0.21584326028823853,0.01994018256664276,-0.01994018256664276,0.5282787680625916,-0.02036115899682045,0.32054778933525085
2026_08_18_00_52_54_907596_L3_right_C0,L3,C0,0.0,0.0,blue,right,right,left,pick up the blue block,3,pregrasp,48,64,16,0.5289256198347108,0.4507042253521127,2,8,0.3,0.7,8,0.26588666439056396,0.23027107119560242,0.26588666439056396,0.23027107119560242,0.03561559319496155,-0.03561559319496155,0.5282787680625916,-0.02036115899682045,0.32054778933525085
2026_08_18_00_52_54_907596_L3_right_C0,L3,C0,0.0,0.0,blue,right,right,left,pick up the blue block,3,pregrasp,48,64,16,0.5289256198347108,0.4507042253521127,3,8,0.3,0.7,8,0.254133939743042,0.23462416231632233,0.254133939743042,0.23462416231632233,0.019509777426719666,-0.019509777426719666,0.5282787680625916,-0.02036115899682045,0.32054778933525085
2026_08_18_00_52_54_907596_L3_right_C0,L3,C0,0.0,0.0,blue,right,right,left,pick up the blue block,3,pregrasp,48,64,16,0.5289256198347108,0.4507042253521127,4,8,0.3,0.7,8,0.26504194736480713,0.26790010929107666,0.26504194736480713,0.26790010929107666,-0.0028581619262695312,0.0028581619262695312,0.5282787680625916,-0.02036115899682045,0.32054778933525085
2026_08_18_00_52_54_907596_L3_right_C0,L3,C0,0.0,0.0,blue,right,right,left,pick up the blue block,3,pregrasp,48,64,16,0.5289256198347108,0.4507042253521127,5,8,0.3,0.7,8,0.2774810194969177,0.2343161255121231,0.2774810194969177,0.2343161255121231,0.04316489398479462,-0.04316489398479462,0.5282787680625916,-0.02036115899682045,0.32054778933525085
2026_08_18_00_52_54_907596_L3_right_C0,L3,C0,0.0,0.0,blue,right,right,left,pick up the blue block,3,pregrasp,48,64,16,0.5289256198347108,0.4507042253521127,6,8,0.3,0.7,8,0.21002110838890076,0.1717175841331482,0.21002110838890076,0.1717175841331482,0.038303524255752563,-0.038303524255752563,0.5282787680625916,-0.02036115899682045,0.32054778933525085
2026_08_18_00_52_54_907596_L3_right_C0,L3,C0,0.0,0.0,blue,right,right,left,pick up the blue block,3,pregrasp,48,64,16,0.5289256198347108,0.4507042253521127,7,8,0.3,0.7,8,0.20660191774368286,0.1625354290008545,0.20660191774368286,0.1625354290008545,0.04406648874282837,-0.04406648874282837,0.5282787680625916,-0.02036115899682045,0.32054778933525085
2026_08_18_00_52_54_907596_L3_right_C0,L3,C0,0.0,0.0,blue,right,right,left,pick up the blue block,3,pregrasp,48,64,16,0.5289256198347108,0.4507042253521127,8,8,0.3,0.7,8,0.2712087631225586,0.25448355078697205,0.2712087631225586,0.25448355078697205,0.016725212335586548,-0.016725212335586548,0.5282787680625916,-0.02036115899682045,0.32054778933525085
2026_08_18_00_52_54_907596_L3_right_C0,L3,C0,0.0,0.0,blue,right,right,left,pick up the blue block,3,pregrasp,48,64,16,0.5289256198347108,0.4507042253521127,9,8,0.3,0.7,8,0.3031758964061737,0.2789931893348694,0.3031758964061737,0.2789931893348694,0.02418270707130432,-0.02418270707130432,0.5282787680625916,-0.02036115899682045,0.32054778933525085
2026_08_18_00_52_54_907596_L3_right_C0,L3,C0,0.0,0.0,blue,right,right,left,pick up the blue block,4,pregrasp,64,80,16,0.6611570247933884,0.5633802816901409,0,8,0.3,0.7,8,0.3471560478210449,0.30208754539489746,0.3471560478210449,0.30208754539489746,0.04506850242614746,-0.04506850242614746,0.5789158940315247,-0.026969198137521744,0.2729451656341553
2026_08_18_00_52_54_907596_L3_right_C0,L3,C0,0.0,0.0,blue,right,right,left,pick up the blue block,4,pregrasp,64,80,16,0.6611570247933884,0.5633802816901409,1,8,0.3,0.7,8,0.3445133864879608,0.28935953974723816,0.3445133864879608,0.28935953974723816,0.055153846740722656,-0.055153846740722656,0.5789158940315247,-0.026969198137521744,0.2729451656341553
2026_08_18_00_52_54_907596_L3_right_C0,L3,C0,0.0,0.0,blue,right,right,left,pick up the blue block,4,pregrasp,64,80,16,0.6611570247933884,0.5633802816901409,2,8,0.3,0.7,8,0.26002031564712524,0.22121043503284454,0.26002031564712524,0.22121043503284454,0.0388098806142807,-0.0388098806142807,0.5789158940315247,-0.026969198137521744,0.2729451656341553
2026_08_18_00_52_54_907596_L3_right_C0,L3,C0,0.0,0.0,blue,right,right,left,pick up the blue block,4,pregrasp,64,80,16,0.6611570247933884,0.5633802816901409,3,8,0.3,0.7,8,0.3024117052555084,0.251995712518692,0.3024117052555084,0.251995712518692,0.050415992736816406,-0.050415992736816406,0.5789158940315247,-0.026969198137521744,0.2729451656341553
2026_08_18_00_52_54_907596_L3_right_C0,L3,C0,0.0,0.0,blue,right,right,left,pick up the blue block,4,pregrasp,64,80,16,0.6611570247933884,0.5633802816901409,4,8,0.3,0.7,8,0.25366342067718506,0.21163399517536163,0.25366342067718506,0.21163399517536163,0.042029425501823425,-0.042029425501823425,0.5789158940315247,-0.026969198137521744,0.2729451656341553
2026_08_18_00_52_54_907596_L3_right_C0,L3,C0,0.0,0.0,blue,right,right,left,pick up the blue block,4,pregrasp,64,80,16,0.6611570247933884,0.5633802816901409,5,8,0.3,0.7,8,0.18619795143604279,0.16001425683498383,0.18619795143604279,0.16001425683498383,0.02618369460105896,-0.02618369460105896,0.5789158940315247,-0.026969198137521744,0.2729451656341553
2026_08_18_00_52_54_907596_L3_right_C0,L3,C0,0.0,0.0,blue,right,right,left,pick up the blue block,4,pregrasp,64,80,16,0.6611570247933884,0.5633802816901409,6,8,0.3,0.7,8,0.2262926697731018,0.1821049153804779,0.2262926697731018,0.1821049153804779,0.0441877543926239,-0.0441877543926239,0.5789158940315247,-0.026969198137521744,0.2729451656341553
2026_08_18_00_52_54_907596_L3_right_C0,L3,C0,0.0,0.0,blue,right,right,left,pick up the blue block,4,pregrasp,64,80,16,0.6611570247933884,0.5633802816901409,7,8,0.3,0.7,8,0.2707900404930115,0.2321837842464447,0.2707900404930115,0.2321837842464447,0.03860625624656677,-0.03860625624656677,0.5789158940315247,-0.026969198137521744,0.2729451656341553
2026_08_18_00_52_54_907596_L3_right_C0,L3,C0,0.0,0.0,blue,right,right,left,pick up the blue block,4,pregrasp,64,80,16,0.6611570247933884,0.5633802816901409,8,8,0.3,0.7,8,0.10208222270011902,0.09209960699081421,0.10208222270011902,0.09209960699081421,0.00998261570930481,-0.00998261570930481,0.5789158940315247,-0.026969198137521744,0.2729451656341553
2026_08_18_00_52_54_907596_L3_right_C0,L3,C0,0.0,0.0,blue,right,right,left,pick up the blue block,4,pregrasp,64,80,16,0.6611570247933884,0.5633802816901409,9,8,0.3,0.7,8,0.1457938551902771,0.1240878626704216,0.1457938551902771,0.1240878626704216,0.0217059925198555,-0.0217059925198555,0.5789158940315247,-0.026969198137521744,0.2729451656341553
2026_08_18_00_52_54_907596_L3_right_C0,L3,C0,0.0,0.0,blue,right,right,left,pick up the blue block,5,pregrasp,80,96,16,0.7933884297520661,0.676056338028169,0,8,0.3,0.7,8,0.3274686932563782,0.34985387325286865,0.3274686932563782,0.34985387325286865,-0.02238517999649048,0.02238517999649048,0.6296064257621765,-0.03465106710791588,0.2246462106704712
2026_08_18_00_52_54_907596_L3_right_C0,L3,C0,0.0,0.0,blue,right,right,left,pick up the blue block,5,pregrasp,80,96,16,0.7933884297520661,0.676056338028169,1,8,0.3,0.7,8,0.20346872508525848,0.21459877490997314,0.20346872508525848,0.21459877490997314,-0.01113004982471466,0.01113004982471466,0.6296064257621765,-0.03465106710791588,0.2246462106704712
2026_08_18_00_52_54_907596_L3_right_C0,L3,C0,0.0,0.0,blue,right,right,left,pick up the blue block,5,pregrasp,80,96,16,0.7933884297520661,0.676056338028169,2,8,0.3,0.7,8,0.31798526644706726,0.32351136207580566,0.31798526644706726,0.32351136207580566,-0.005526095628738403,0.005526095628738403,0.6296064257621765,-0.03465106710791588,0.2246462106704712
2026_08_18_00_52_54_907596_L3_right_C0,L3,C0,0.0,0.0,blue,right,right,left,pick up the blue block,5,pregrasp,80,96,16,0.7933884297520661,0.676056338028169,3,8,0.3,0.7,8,0.21626834571361542,0.23204544186592102,0.21626834571361542,0.23204544186592102,-0.015777096152305603,0.015777096152305603,0.6296064257621765,-0.03465106710791588,0.2246462106704712
2026_08_18_00_52_54_907596_L3_right_C0,L3,C0,0.0,0.0,blue,right,right,left,pick up the blue block,5,pregrasp,80,96,16,0.7933884297520661,0.676056338028169,4,8,0.3,0.7,8,0.21938937902450562,0.2433951199054718,0.21938937902450562,0.2433951199054718,-0.024005740880966187,0.024005740880966187,0.6296064257621765,-0.03465106710791588,0.2246462106704712
2026_08_18_00_52_54_907596_L3_right_C0,L3,C0,0.0,0.0,blue,right,right,left,pick up the blue block,5,pregrasp,80,96,16,0.7933884297520661,0.676056338028169,5,8,0.3,0.7,8,0.2035290151834488,0.22641350328922272,0.2035290151834488,0.22641350328922272,-0.022884488105773926,0.022884488105773926,0.6296064257621765,-0.03465106710791588,0.2246462106704712
2026_08_18_00_52_54_907596_L3_right_C0,L3,C0,0.0,0.0,blue,right,right,left,pick up the blue block,5,pregrasp,80,96,16,0.7933884297520661,0.676056338028169,6,8,0.3,0.7,8,0.23732678592205048,0.2650291621685028,0.23732678592205048,0.2650291621685028,-0.02770237624645233,0.02770237624645233,0.6296064257621765,-0.03465106710791588,0.2246462106704712
2026_08_18_00_52_54_907596_L3_right_C0,L3,C0,0.0,0.0,blue,right,right,left,pick up the blue block,5,pregrasp,80,96,16,0.7933884297520661,0.676056338028169,7,8,0.3,0.7,8,0.14307308197021484,0.16238975524902344,0.14307308197021484,0.16238975524902344,-0.019316673278808594,0.019316673278808594,0.6296064257621765,-0.03465106710791588,0.2246462106704712
2026_08_18_00_52_54_907596_L3_right_C0,L3,C0,0.0,0.0,blue,right,right,left,pick up the blue block,5,pregrasp,80,96,16,0.7933884297520661,0.676056338028169,8,8,0.3,0.7,8,0.21131794154644012,0.23500514030456543,0.21131794154644012,0.23500514030456543,-0.023687198758125305,0.023687198758125305,0.6296064257621765,-0.03465106710791588,0.2246462106704712
2026_08_18_00_52_54_907596_L3_right_C0,L3,C0,0.0,0.0,blue,right,right,left,pick up the blue block,5,pregrasp,80,96,16,0.7933884297520661,0.676056338028169,9,8,0.3,0.7,8,0.19588235020637512,0.20982322096824646,0.19588235020637512,0.20982322096824646,-0.013940870761871338,0.013940870761871338,0.6296064257621765,-0.03465106710791588,0.2246462106704712
2026_08_18_00_52_54_907596_L3_right_C0,L3,C0,0.0,0.0,blue,right,right,left,pick up the blue block,6,pregrasp,96,112,16,0.9256198347107438,0.7887323943661971,0,8,0.3,0.7,8,0.1834997683763504,0.20268003642559052,0.1834997683763504,0.20268003642559052,-0.019180268049240112,0.019180268049240112,0.6667183637619019,-0.039860013872385025,0.18885362148284912
2026_08_18_00_52_54_907596_L3_right_C0,L3,C0,0.0,0.0,blue,right,right,left,pick up the blue block,6,pregrasp,96,112,16,0.9256198347107438,0.7887323943661971,1,8,0.3,0.7,8,0.2516837418079376,0.29527392983436584,0.2516837418079376,0.29527392983436584,-0.04359018802642822,0.04359018802642822,0.6667183637619019,-0.039860013872385025,0.18885362148284912
2026_08_18_00_52_54_907596_L3_right_C0,L3,C0,0.0,0.0,blue,right,right,left,pick up the blue block,6,pregrasp,96,112,16,0.9256198347107438,0.7887323943661971,2,8,0.3,0.7,8,0.1136854812502861,0.15351733565330505,0.1136854812502861,0.15351733565330505,-0.03983185440301895,0.03983185440301895,0.6667183637619019,-0.039860013872385025,0.18885362148284912
2026_08_18_00_52_54_907596_L3_right_C0,L3,C0,0.0,0.0,blue,right,right,left,pick up the blue block,6,pregrasp,96,112,16,0.9256198347107438,0.7887323943661971,3,8,0.3,0.7,8,0.15300831198692322,0.17691655457019806,0.15300831198692322,0.17691655457019806,-0.02390824258327484,0.02390824258327484,0.6667183637619019,-0.039860013872385025,0.18885362148284912
2026_08_18_00_52_54_907596_L3_right_C0,L3,C0,0.0,0.0,blue,right,right,left,pick up the blue block,6,pregrasp,96,112,16,0.9256198347107438,0.7887323943661971,4,8,0.3,0.7,8,0.15429767966270447,0.20789358019828796,0.15429767966270447,0.20789358019828796,-0.053595900535583496,0.053595900535583496,0.6667183637619019,-0.039860013872385025,0.18885362148284912
2026_08_18_00_52_54_907596_L3_right_C0,L3,C0,0.0,0.0,blue,right,right,left,pick up the blue block,6,pregrasp,96,112,16,0.9256198347107438,0.7887323943661971,5,8,0.3,0.7,8,0.15683281421661377,0.17779934406280518,0.15683281421661377,0.17779934406280518,-0.020966529846191406,0.020966529846191406,0.6667183637619019,-0.039860013872385025,0.18885362148284912
2026_08_18_00_52_54_907596_L3_right_C0,L3,C0,0.0,0.0,blue,right,right,left,pick up the blue block,6,pregrasp,96,112,16,0.9256198347107438,0.7887323943661971,6,8,0.3,0.7,8,0.17022979259490967,0.19394874572753906,0.17022979259490967,0.19394874572753906,-0.023718953132629395,0.023718953132629395,0.6667183637619019,-0.039860013872385025,0.18885362148284912
2026_08_18_00_52_54_907596_L3_right_C0,L3,C0,0.0,0.0,blue,right,right,left,pick up the blue block,6,pregrasp,96,112,16,0.9256198347107438,0.7887323943661971,7,8,0.3,0.7,8,0.15273866057395935,0.2114287167787552,0.15273866057395935,0.2114287167787552,-0.05869005620479584,0.05869005620479584,0.6667183637619019,-0.039860013872385025,0.18885362148284912
2026_08_18_00_52_54_907596_L3_right_C0,L3,C0,0.0,0.0,blue,right,right,left,pick up the blue block,6,pregrasp,96,112,16,0.9256198347107438,0.7887323943661971,8,8,0.3,0.7,8,0.1459120661020279,0.184585303068161,0.1459120661020279,0.184585303068161,-0.03867323696613312,0.03867323696613312,0.6667183637619019,-0.039860013872385025,0.18885362148284912
2026_08_18_00_52_54_907596_L3_right_C0,L3,C0,0.0,0.0,blue,right,right,left,pick up the blue block,6,pregrasp,96,112,16,0.9256198347107438,0.7887323943661971,9,8,0.3,0.7,8,0.14211535453796387,0.17479278147220612,0.14211535453796387,0.17479278147220612,-0.03267742693424225,0.03267742693424225,0.6667183637619019,-0.039860013872385025,0.18885362148284912
2026_08_18_00_52_54_907596_L3_right_C0,L3,C0,0.0,0.0,blue,right,right,left,pick up the blue block,7,pregrasp,112,121,9,1.0,0.852112676056338,0,8,0.3,0.7,8,0.20581145584583282,0.22930914163589478,0.20581145584583282,0.22930914163589478,-0.02349768579006195,0.02349768579006195,0.6672957539558411,-0.03988920524716377,0.1888081133365631
2026_08_18_00_52_54_907596_L3_right_C0,L3,C0,0.0,0.0,blue,right,right,left,pick up the blue block,7,pregrasp,112,121,9,1.0,0.852112676056338,1,8,0.3,0.7,8,0.27417224645614624,0.28901466727256775,0.27417224645614624,0.28901466727256775,-0.014842420816421509,0.014842420816421509,0.6672957539558411,-0.03988920524716377,0.1888081133365631
2026_08_18_00_52_54_907596_L3_right_C0,L3,C0,0.0,0.0,blue,right,right,left,pick up the blue block,7,pregrasp,112,121,9,1.0,0.852112676056338,2,8,0.3,0.7,8,0.24082621932029724,0.25889572501182556,0.24082621932029724,0.25889572501182556,-0.01806950569152832,0.01806950569152832,0.6672957539558411,-0.03988920524716377,0.1888081133365631
2026_08_18_00_52_54_907596_L3_right_C0,L3,C0,0.0,0.0,blue,right,right,left,pick up the blue block,7,pregrasp,112,121,9,1.0,0.852112676056338,3,8,0.3,0.7,8,0.251497358083725,0.2650536596775055,0.251497358083725,0.2650536596775055,-0.013556301593780518,0.013556301593780518,0.6672957539558411,-0.03988920524716377,0.1888081133365631
2026_08_18_00_52_54_907596_L3_right_C0,L3,C0,0.0,0.0,blue,right,right,left,pick up the blue block,7,pregrasp,112,121,9,1.0,0.852112676056338,4,8,0.3,0.7,8,0.14890526235103607,0.1646794229745865,0.14890526235103607,0.1646794229745865,-0.015774160623550415,0.015774160623550415,0.6672957539558411,-0.03988920524716377,0.1888081133365631
2026_08_18_00_52_54_907596_L3_right_C0,L3,C0,0.0,0.0,blue,right,right,left,pick up the blue block,7,pregrasp,112,121,9,1.0,0.852112676056338,5,8,0.3,0.7,8,0.20988604426383972,0.23485270142555237,0.20988604426383972,0.23485270142555237,-0.024966657161712646,0.024966657161712646,0.6672957539558411,-0.03988920524716377,0.1888081133365631
2026_08_18_00_52_54_907596_L3_right_C0,L3,C0,0.0,0.0,blue,right,right,left,pick up the blue block,7,pregrasp,112,121,9,1.0,0.852112676056338,6,8,0.3,0.7,8,0.21976885199546814,0.24107612669467926,0.21976885199546814,0.24107612669467926,-0.02130727469921112,0.02130727469921112,0.6672957539558411,-0.03988920524716377,0.1888081133365631
2026_08_18_00_52_54_907596_L3_right_C0,L3,C0,0.0,0.0,blue,right,right,left,pick up the blue block,7,pregrasp,112,121,9,1.0,0.852112676056338,7,8,0.3,0.7,8,0.1612861603498459,0.1832510232925415,0.1612861603498459,0.1832510232925415,-0.021964862942695618,0.021964862942695618,0.6672957539558411,-0.03988920524716377,0.1888081133365631
2026_08_18_00_52_54_907596_L3_right_C0,L3,C0,0.0,0.0,blue,right,right,left,pick up the blue block,7,pregrasp,112,121,9,1.0,0.852112676056338,8,8,0.3,0.7,8,0.19749324023723602,0.20726875960826874,0.19749324023723602,0.20726875960826874,-0.009775519371032715,0.009775519371032715,0.6672957539558411,-0.03988920524716377,0.1888081133365631
2026_08_18_00_52_54_907596_L3_right_C0,L3,C0,0.0,0.0,blue,right,right,left,pick up the blue block,7,pregrasp,112,121,9,1.0,0.852112676056338,9,8,0.3,0.7,8,0.22724546492099762,0.2473401129245758,0.22724546492099762,0.2473401129245758,-0.020094648003578186,0.020094648003578186,0.6672957539558411,-0.03988920524716377,0.1888081133365631
2026_08_18_00_52_54_907596_L3_right_C0,L3,C0,0.0,0.0,blue,right,right,left,pick up the blue block,8,postgrasp,121,137,16,1.0,0.9647887323943662,0,8,0.3,0.7,8,0.28029659390449524,0.2769090235233307,0.28029659390449524,0.2769090235233307,0.0033875703811645508,-0.0033875703811645508,0.6678454875946045,-0.04000682383775711,0.18919846415519714
2026_08_18_00_52_54_907596_L3_right_C0,L3,C0,0.0,0.0,blue,right,right,left,pick up the blue block,8,postgrasp,121,137,16,1.0,0.9647887323943662,1,8,0.3,0.7,8,0.28676918148994446,0.2749215364456177,0.28676918148994446,0.2749215364456177,0.011847645044326782,-0.011847645044326782,0.6678454875946045,-0.04000682383775711,0.18919846415519714
2026_08_18_00_52_54_907596_L3_right_C0,L3,C0,0.0,0.0,blue,right,right,left,pick up the blue block,8,postgrasp,121,137,16,1.0,0.9647887323943662,2,8,0.3,0.7,8,0.31806519627571106,0.31878384947776794,0.31806519627571106,0.31878384947776794,-0.0007186532020568848,0.0007186532020568848,0.6678454875946045,-0.04000682383775711,0.18919846415519714
2026_08_18_00_52_54_907596_L3_right_C0,L3,C0,0.0,0.0,blue,right,right,left,pick up the blue block,8,postgrasp,121,137,16,1.0,0.9647887323943662,3,8,0.3,0.7,8,0.2535412907600403,0.2467394769191742,0.2535412907600403,0.2467394769191742,0.006801813840866089,-0.006801813840866089,0.6678454875946045,-0.04000682383775711,0.18919846415519714
2026_08_18_00_52_54_907596_L3_right_C0,L3,C0,0.0,0.0,blue,right,right,left,pick up the blue block,8,postgrasp,121,137,16,1.0,0.9647887323943662,4,8,0.3,0.7,8,0.3025391101837158,0.2936541438102722,0.3025391101837158,0.2936541438102722,0.008884966373443604,-0.008884966373443604,0.6678454875946045,-0.04000682383775711,0.18919846415519714
2026_08_18_00_52_54_907596_L3_right_C0,L3,C0,0.0,0.0,blue,right,right,left,pick up the blue block,8,postgrasp,121,137,16,1.0,0.9647887323943662,5,8,0.3,0.7,8,0.2946213483810425,0.2893800437450409,0.2946213483810425,0.2893800437450409,0.005241304636001587,-0.005241304636001587,0.6678454875946045,-0.04000682383775711,0.18919846415519714
2026_08_18_00_52_54_907596_L3_right_C0,L3,C0,0.0,0.0,blue,right,right,left,pick up the blue block,8,postgrasp,121,137,16,1.0,0.9647887323943662,6,8,0.3,0.7,8,0.24885359406471252,0.24225091934204102,0.24885359406471252,0.24225091934204102,0.006602674722671509,-0.006602674722671509,0.6678454875946045,-0.04000682383775711,0.18919846415519714
2026_08_18_00_52_54_907596_L3_right_C0,L3,C0,0.0,0.0,blue,right,right,left,pick up the blue block,8,postgrasp,121,137,16,1.0,0.9647887323943662,7,8,0.3,0.7,8,0.2871674597263336,0.2812485992908478,0.2871674597263336,0.2812485992908478,0.00591886043548584,-0.00591886043548584,0.6678454875946045,-0.04000682383775711,0.18919846415519714
2026_08_18_00_52_54_907596_L3_right_C0,L3,C0,0.0,0.0,blue,right,right,left,pick up the blue block,8,postgrasp,121,137,16,1.0,0.9647887323943662,8,8,0.3,0.7,8,0.32222214341163635,0.30903977155685425,0.32222214341163635,0.30903977155685425,0.013182371854782104,-0.013182371854782104,0.6678454875946045,-0.04000682383775711,0.18919846415519714
2026_08_18_00_52_54_907596_L3_right_C0,L3,C0,0.0,0.0,blue,right,right,left,pick up the blue block,8,postgrasp,121,137,16,1.0,0.9647887323943662,9,8,0.3,0.7,8,0.2819920778274536,0.27465134859085083,0.2819920778274536,0.27465134859085083,0.007340729236602783,-0.007340729236602783,0.6678454875946045,-0.04000682383775711,0.18919846415519714
2026_08_18_00_52_54_907596_L3_right_C0,L3,C0,0.0,0.0,blue,right,right,left,pick up the blue block,9,postgrasp,137,142,5,1.0,1.0,0,8,0.3,0.7,8,0.2406207174062729,0.2091183364391327,0.2406207174062729,0.2091183364391327,0.0315023809671402,-0.0315023809671402,0.6678566336631775,-0.04000662639737129,0.18920452892780304
2026_08_18_00_52_54_907596_L3_right_C0,L3,C0,0.0,0.0,blue,right,right,left,pick up the blue block,9,postgrasp,137,142,5,1.0,1.0,1,8,0.3,0.7,8,0.24806015193462372,0.23636586964130402,0.24806015193462372,0.23636586964130402,0.011694282293319702,-0.011694282293319702,0.6678566336631775,-0.04000662639737129,0.18920452892780304
2026_08_18_00_52_54_907596_L3_right_C0,L3,C0,0.0,0.0,blue,right,right,left,pick up the blue block,9,postgrasp,137,142,5,1.0,1.0,2,8,0.3,0.7,8,0.25824427604675293,0.2578257620334625,0.25824427604675293,0.2578257620334625,0.0004185140132904053,-0.0004185140132904053,0.6678566336631775,-0.04000662639737129,0.18920452892780304
2026_08_18_00_52_54_907596_L3_right_C0,L3,C0,0.0,0.0,blue,right,right,left,pick up the blue block,9,postgrasp,137,142,5,1.0,1.0,3,8,0.3,0.7,8,0.30945056676864624,0.3082292973995209,0.30945056676864624,0.3082292973995209,0.0012212693691253662,-0.0012212693691253662,0.6678566336631775,-0.04000662639737129,0.18920452892780304
2026_08_18_00_52_54_907596_L3_right_C0,L3,C0,0.0,0.0,blue,right,right,left,pick up the blue block,9,postgrasp,137,142,5,1.0,1.0,4,8,0.3,0.7,8,0.2116754651069641,0.21487383544445038,0.2116754651069641,0.21487383544445038,-0.003198370337486267,0.003198370337486267,0.6678566336631775,-0.04000662639737129,0.18920452892780304
2026_08_18_00_52_54_907596_L3_right_C0,L3,C0,0.0,0.0,blue,right,right,left,pick up the blue block,9,postgrasp,137,142,5,1.0,1.0,5,8,0.3,0.7,8,0.2081635296344757,0.1973157376050949,0.2081635296344757,0.1973157376050949,0.010847792029380798,-0.010847792029380798,0.6678566336631775,-0.04000662639737129,0.18920452892780304
2026_08_18_00_52_54_907596_L3_right_C0,L3,C0,0.0,0.0,blue,right,right,left,pick up the blue block,9,postgrasp,137,142,5,1.0,1.0,6,8,0.3,0.7,8,0.21343876421451569,0.19401533901691437,0.21343876421451569,0.19401533901691437,0.01942342519760132,-0.01942342519760132,0.6678566336631775,-0.04000662639737129,0.18920452892780304
2026_08_18_00_52_54_907596_L3_right_C0,L3,C0,0.0,0.0,blue,right,right,left,pick up the blue block,9,postgrasp,137,142,5,1.0,1.0,7,8,0.3,0.7,8,0.27522337436676025,0.27676087617874146,0.27522337436676025,0.27676087617874146,-0.0015375018119812012,0.0015375018119812012,0.6678566336631775,-0.04000662639737129,0.18920452892780304
2026_08_18_00_52_54_907596_L3_right_C0,L3,C0,0.0,0.0,blue,right,right,left,pick up the blue block,9,postgrasp,137,142,5,1.0,1.0,8,8,0.3,0.7,8,0.21136151254177094,0.21009191870689392,0.21136151254177094,0.21009191870689392,0.0012695938348770142,-0.0012695938348770142,0.6678566336631775,-0.04000662639737129,0.18920452892780304
2026_08_18_00_52_54_907596_L3_right_C0,L3,C0,0.0,0.0,blue,right,right,left,pick up the blue block,9,postgrasp,137,142,5,1.0,1.0,9,8,0.3,0.7,8,0.25224167108535767,0.2464900016784668,0.25224167108535767,0.2464900016784668,0.005751669406890869,-0.005751669406890869,0.6678566336631775,-0.04000662639737129,0.18920452892780304
2026_08_18_00_53_23_339528_L3_right_C1,L3,C1,2.0,0.1694548757406934,blue,right,right,left,pick up the blue block,0,pregrasp,0,16,16,0.12121212121212122,0.10457516339869281,0,8,0.3,0.7,8,0.2690213918685913,0.24176430702209473,0.2690213918685913,0.24176430702209473,0.027257084846496582,-0.027257084846496582,0.3730132579803467,-0.02570302225649357,0.47828108072280884
2026_08_18_00_53_23_339528_L3_right_C1,L3,C1,2.0,0.1694548757406934,blue,right,right,left,pick up the blue block,0,pregrasp,0,16,16,0.12121212121212122,0.10457516339869281,1,8,0.3,0.7,8,0.44832226634025574,0.4220696687698364,0.44832226634025574,0.4220696687698364,0.02625259757041931,-0.02625259757041931,0.3730132579803467,-0.02570302225649357,0.47828108072280884
2026_08_18_00_53_23_339528_L3_right_C1,L3,C1,2.0,0.1694548757406934,blue,right,right,left,pick up the blue block,0,pregrasp,0,16,16,0.12121212121212122,0.10457516339869281,2,8,0.3,0.7,8,0.4441308081150055,0.3865969777107239,0.4441308081150055,0.3865969777107239,0.057533830404281616,-0.057533830404281616,0.3730132579803467,-0.02570302225649357,0.47828108072280884
2026_08_18_00_53_23_339528_L3_right_C1,L3,C1,2.0,0.1694548757406934,blue,right,right,left,pick up the blue block,0,pregrasp,0,16,16,0.12121212121212122,0.10457516339869281,3,8,0.3,0.7,8,0.3398318290710449,0.31016695499420166,0.3398318290710449,0.31016695499420166,0.02966487407684326,-0.02966487407684326,0.3730132579803467,-0.02570302225649357,0.47828108072280884
2026_08_18_00_53_23_339528_L3_right_C1,L3,C1,2.0,0.1694548757406934,blue,right,right,left,pick up the blue block,0,pregrasp,0,16,16,0.12121212121212122,0.10457516339869281,4,8,0.3,0.7,8,0.32990849018096924,0.26604536175727844,0.32990849018096924,0.26604536175727844,0.0638631284236908,-0.0638631284236908,0.3730132579803467,-0.02570302225649357,0.47828108072280884
2026_08_18_00_53_23_339528_L3_right_C1,L3,C1,2.0,0.1694548757406934,blue,right,right,left,pick up the blue block,0,pregrasp,0,16,16,0.12121212121212122,0.10457516339869281,5,8,0.3,0.7,8,0.3250965178012848,0.2835114598274231,0.3250965178012848,0.2835114598274231,0.041585057973861694,-0.041585057973861694,0.3730132579803467,-0.02570302225649357,0.47828108072280884
2026_08_18_00_53_23_339528_L3_right_C1,L3,C1,2.0,0.1694548757406934,blue,right,right,left,pick up the blue block,0,pregrasp,0,16,16,0.12121212121212122,0.10457516339869281,6,8,0.3,0.7,8,0.3511844277381897,0.3501870334148407,0.3511844277381897,0.3501870334148407,0.000997394323348999,-0.000997394323348999,0.3730132579803467,-0.02570302225649357,0.47828108072280884
2026_08_18_00_53_23_339528_L3_right_C1,L3,C1,2.0,0.1694548757406934,blue,right,right,left,pick up the blue block,0,pregrasp,0,16,16,0.12121212121212122,0.10457516339869281,7,8,0.3,0.7,8,0.38641873002052307,0.29828447103500366,0.38641873002052307,0.29828447103500366,0.08813425898551941,-0.08813425898551941,0.3730132579803467,-0.02570302225649357,0.47828108072280884
2026_08_18_00_53_23_339528_L3_right_C1,L3,C1,2.0,0.1694548757406934,blue,right,right,left,pick up the blue block,0,pregrasp,0,16,16,0.12121212121212122,0.10457516339869281,8,8,0.3,0.7,8,0.4109891355037689,0.40429094433784485,0.4109891355037689,0.40429094433784485,0.006698191165924072,-0.006698191165924072,0.3730132579803467,-0.02570302225649357,0.47828108072280884
2026_08_18_00_53_23_339528_L3_right_C1,L3,C1,2.0,0.1694548757406934,blue,right,right,left,pick up the blue block,0,pregrasp,0,16,16,0.12121212121212122,0.10457516339869281,9,8,0.3,0.7,8,0.2618243992328644,0.2707345187664032,0.2618243992328644,0.2707345187664032,-0.008910119533538818,0.008910119533538818,0.3730132579803467,-0.02570302225649357,0.47828108072280884
2026_08_18_00_53_23_339528_L3_right_C1,L3,C1,2.0,0.1694548757406934,blue,right,right,left,pick up the blue block,1,pregrasp,16,32,16,0.24242424242424243,0.20915032679738563,0,8,0.3,0.7,8,0.22626563906669617,0.20608027279376984,0.22626563906669617,0.20608027279376984,0.02018536627292633,-0.02018536627292633,0.4035748541355133,-0.07267157733440399,0.4392050802707672
2026_08_18_00_53_23_339528_L3_right_C1,L3,C1,2.0,0.1694548757406934,blue,right,right,left,pick up the blue block,1,pregrasp,16,32,16,0.24242424242424243,0.20915032679738563,1,8,0.3,0.7,8,0.2924288809299469,0.24951878190040588,0.2924288809299469,0.24951878190040588,0.042910099029541016,-0.042910099029541016,0.4035748541355133,-0.07267157733440399,0.4392050802707672
2026_08_18_00_53_23_339528_L3_right_C1,L3,C1,2.0,0.1694548757406934,blue,right,right,left,pick up the blue block,1,pregrasp,16,32,16,0.24242424242424243,0.20915032679738563,2,8,0.3,0.7,8,0.2672572433948517,0.20956704020500183,0.2672572433948517,0.20956704020500183,0.057690203189849854,-0.057690203189849854,0.4035748541355133,-0.07267157733440399,0.4392050802707672
2026_08_18_00_53_23_339528_L3_right_C1,L3,C1,2.0,0.1694548757406934,blue,right,right,left,pick up the blue block,1,pregrasp,16,32,16,0.24242424242424243,0.20915032679738563,3,8,0.3,0.7,8,0.3467811942100525,0.3242502808570862,0.3467811942100525,0.3242502808570862,0.02253091335296631,-0.02253091335296631,0.4035748541355133,-0.07267157733440399,0.4392050802707672
2026_08_18_00_53_23_339528_L3_right_C1,L3,C1,2.0,0.1694548757406934,blue,right,right,left,pick up the blue block,1,pregrasp,16,32,16,0.24242424242424243,0.20915032679738563,4,8,0.3,0.7,8,0.33673012256622314,0.3033295273780823,0.33673012256622314,0.3033295273780823,0.03340059518814087,-0.03340059518814087,0.4035748541355133,-0.07267157733440399,0.4392050802707672
2026_08_18_00_53_23_339528_L3_right_C1,L3,C1,2.0,0.1694548757406934,blue,right,right,left,pick up the blue block,1,pregrasp,16,32,16,0.24242424242424243,0.20915032679738563,5,8,0.3,0.7,8,0.4395279884338379,0.4148653745651245,0.4395279884338379,0.4148653745651245,0.02466261386871338,-0.02466261386871338,0.4035748541355133,-0.07267157733440399,0.4392050802707672
2026_08_18_00_53_23_339528_L3_right_C1,L3,C1,2.0,0.1694548757406934,blue,right,right,left,pick up the blue block,1,pregrasp,16,32,16,0.24242424242424243,0.20915032679738563,6,8,0.3,0.7,8,0.38459140062332153,0.3616665303707123,0.38459140062332153,0.3616665303707123,0.022924870252609253,-0.022924870252609253,0.4035748541355133,-0.07267157733440399,0.4392050802707672
2026_08_18_00_53_23_339528_L3_right_C1,L3,C1,2.0,0.1694548757406934,blue,right,right,left,pick up the blue block,1,pregrasp,16,32,16,0.24242424242424243,0.20915032679738563,7,8,0.3,0.7,8,0.35577329993247986,0.31946611404418945,0.35577329993247986,0.31946611404418945,0.036307185888290405,-0.036307185888290405,0.4035748541355133,-0.07267157733440399,0.4392050802707672
2026_08_18_00_53_23_339528_L3_right_C1,L3,C1,2.0,0.1694548757406934,blue,right,right,left,pick up the blue block,1,pregrasp,16,32,16,0.24242424242424243,0.20915032679738563,8,8,0.3,0.7,8,0.21756909787654877,0.17837175726890564,0.21756909787654877,0.17837175726890564,0.03919734060764313,-0.03919734060764313,0.4035748541355133,-0.07267157733440399,0.4392050802707672
2026_08_18_00_53_23_339528_L3_right_C1,L3,C1,2.0,0.1694548757406934,blue,right,right,left,pick up the blue block,1,pregrasp,16,32,16,0.24242424242424243,0.20915032679738563,9,8,0.3,0.7,8,0.3082982003688812,0.2917803227901459,0.3082982003688812,0.2917803227901459,0.01651787757873535,-0.01651787757873535,0.4035748541355133,-0.07267157733440399,0.4392050802707672
2026_08_18_00_53_23_339528_L3_right_C1,L3,C1,2.0,0.1694548757406934,blue,right,right,left,pick up the blue block,2,pregrasp,32,48,16,0.36363636363636365,0.3137254901960784,0,8,0.3,0.7,8,0.17037713527679443,0.15925036370754242,0.17037713527679443,0.15925036370754242,0.011126771569252014,-0.011126771569252014,0.4488801956176758,-0.10245123505592346,0.3962406516075134
2026_08_18_00_53_23_339528_L3_right_C1,L3,C1,2.0,0.1694548757406934,blue,right,right,left,pick up the blue block,2,pregrasp,32,48,16,0.36363636363636365,0.3137254901960784,1,8,0.3,0.7,8,0.21515658497810364,0.21030466258525848,0.21515658497810364,0.21030466258525848,0.004851922392845154,-0.004851922392845154,0.4488801956176758,-0.10245123505592346,0.3962406516075134
2026_08_18_00_53_23_339528_L3_right_C1,L3,C1,2.0,0.1694548757406934,blue,right,right,left,pick up the blue block,2,pregrasp,32,48,16,0.36363636363636365,0.3137254901960784,2,8,0.3,0.7,8,0.2722640633583069,0.2591211497783661,0.2722640633583069,0.2591211497783661,0.013142913579940796,-0.013142913579940796,0.4488801956176758,-0.10245123505592346,0.3962406516075134
2026_08_18_00_53_23_339528_L3_right_C1,L3,C1,2.0,0.1694548757406934,blue,right,right,left,pick up the blue block,2,pregrasp,32,48,16,0.36363636363636365,0.3137254901960784,3,8,0.3,0.7,8,0.24795332551002502,0.2181573212146759,0.24795332551002502,0.2181573212146759,0.02979600429534912,-0.02979600429534912,0.4488801956176758,-0.10245123505592346,0.3962406516075134
2026_08_18_00_53_23_339528_L3_right_C1,L3,C1,2.0,0.1694548757406934,blue,right,right,left,pick up the blue block,2,pregrasp,32,48,16,0.36363636363636365,0.3137254901960784,4,8,0.3,0.7,8,0.17938442528247833,0.16501881182193756,0.17938442528247833,0.16501881182193756,0.014365613460540771,-0.014365613460540771,0.4488801956176758,-0.10245123505592346,0.3962406516075134
2026_08_18_00_53_23_339528_L3_right_C1,L3,C1,2.0,0.1694548757406934,blue,right,right,left,pick up the blue block,2,pregrasp,32,48,16,0.36363636363636365,0.3137254901960784,5,8,0.3,0.7,8,0.14469289779663086,0.1434473991394043,0.14469289779663086,0.1434473991394043,0.0012454986572265625,-0.0012454986572265625,0.4488801956176758,-0.10245123505592346,0.3962406516075134
2026_08_18_00_53_23_339528_L3_right_C1,L3,C1,2.0,0.1694548757406934,blue,right,right,left,pick up the blue block,2,pregrasp,32,48,16,0.36363636363636365,0.3137254901960784,6,8,0.3,0.7,8,0.11955542117357254,0.09304150938987732,0.11955542117357254,0.09304150938987732,0.02651391178369522,-0.02651391178369522,0.4488801956176758,-0.10245123505592346,0.3962406516075134
2026_08_18_00_53_23_339528_L3_right_C1,L3,C1,2.0,0.1694548757406934,blue,right,right,left,pick up the blue block,2,pregrasp,32,48,16,0.36363636363636365,0.3137254901960784,7,8,0.3,0.7,8,0.2816402018070221,0.28422805666923523,0.2816402018070221,0.28422805666923523,-0.0025878548622131348,0.0025878548622131348,0.4488801956176758,-0.10245123505592346,0.3962406516075134
2026_08_18_00_53_23_339528_L3_right_C1,L3,C1,2.0,0.1694548757406934,blue,right,right,left,pick up the blue block,2,pregrasp,32,48,16,0.36363636363636365,0.3137254901960784,8,8,0.3,0.7,8,0.2334526926279068,0.222721666097641,0.2334526926279068,0.222721666097641,0.010731026530265808,-0.010731026530265808,0.4488801956176758,-0.10245123505592346,0.3962406516075134
2026_08_18_00_53_23_339528_L3_right_C1,L3,C1,2.0,0.1694548757406934,blue,right,right,left,pick up the blue block,2,pregrasp,32,48,16,0.36363636363636365,0.3137254901960784,9,8,0.3,0.7,8,0.20248505473136902,0.20025551319122314,0.20248505473136902,0.20025551319122314,0.002229541540145874,-0.002229541540145874,0.4488801956176758,-0.10245123505592346,0.3962406516075134
2026_08_18_00_53_23_339528_L3_right_C1,L3,C1,2.0,0.1694548757406934,blue,right,right,left,pick up the blue block,3,pregrasp,48,64,16,0.48484848484848486,0.41830065359477125,0,8,0.3,0.7,8,0.3052293062210083,0.32291272282600403,0.3052293062210083,0.32291272282600403,-0.017683416604995728,0.017683416604995728,0.49823880195617676,-0.11249492317438126,0.3488485515117645
2026_08_18_00_53_23_339528_L3_right_C1,L3,C1,2.0,0.1694548757406934,blue,right,right,left,pick up the blue block,3,pregrasp,48,64,16,0.48484848484848486,0.41830065359477125,1,8,0.3,0.7,8,0.24555380642414093,0.2597642242908478,0.24555380642414093,0.2597642242908478,-0.014210417866706848,0.014210417866706848,0.49823880195617676,-0.11249492317438126,0.3488485515117645
2026_08_18_00_53_23_339528_L3_right_C1,L3,C1,2.0,0.1694548757406934,blue,right,right,left,pick up the blue block,3,pregrasp,48,64,16,0.48484848484848486,0.41830065359477125,2,8,0.3,0.7,8,0.33213508129119873,0.35786527395248413,0.33213508129119873,0.35786527395248413,-0.0257301926612854,0.0257301926612854,0.49823880195617676,-0.11249492317438126,0.3488485515117645
2026_08_18_00_53_23_339528_L3_right_C1,L3,C1,2.0,0.1694548757406934,blue,right,right,left,pick up the blue block,3,pregrasp,48,64,16,0.48484848484848486,0.41830065359477125,3,8,0.3,0.7,8,0.32008129358291626,0.34018102288246155,0.32008129358291626,0.34018102288246155,-0.020099729299545288,0.020099729299545288,0.49823880195617676,-0.11249492317438126,0.3488485515117645
2026_08_18_00_53_23_339528_L3_right_C1,L3,C1,2.0,0.1694548757406934,blue,right,right,left,pick up the blue block,3,pregrasp,48,64,16,0.48484848484848486,0.41830065359477125,4,8,0.3,0.7,8,0.35535675287246704,0.37885919213294983,0.35535675287246704,0.37885919213294983,-0.023502439260482788,0.023502439260482788,0.49823880195617676,-0.11249492317438126,0.3488485515117645
2026_08_18_00_53_23_339528_L3_right_C1,L3,C1,2.0,0.1694548757406934,blue,right,right,left,pick up the blue block,3,pregrasp,48,64,16,0.48484848484848486,0.41830065359477125,5,8,0.3,0.7,8,0.24635644257068634,0.26824402809143066,0.24635644257068634,0.26824402809143066,-0.021887585520744324,0.021887585520744324,0.49823880195617676,-0.11249492317438126,0.3488485515117645
2026_08_18_00_53_23_339528_L3_right_C1,L3,C1,2.0,0.1694548757406934,blue,right,right,left,pick up the blue block,3,pregrasp,48,64,16,0.48484848484848486,0.41830065359477125,6,8,0.3,0.7,8,0.2541695237159729,0.26392626762390137,0.2541695237159729,0.26392626762390137,-0.009756743907928467,0.009756743907928467,0.49823880195617676,-0.11249492317438126,0.3488485515117645
2026_08_18_00_53_23_339528_L3_right_C1,L3,C1,2.0,0.1694548757406934,blue,right,right,left,pick up the blue block,3,pregrasp,48,64,16,0.48484848484848486,0.41830065359477125,7,8,0.3,0.7,8,0.17078545689582825,0.17439734935760498,0.17078545689582825,0.17439734935760498,-0.0036118924617767334,0.0036118924617767334,0.49823880195617676,-0.11249492317438126,0.3488485515117645
2026_08_18_00_53_23_339528_L3_right_C1,L3,C1,2.0,0.1694548757406934,blue,right,right,left,pick up the blue block,3,pregrasp,48,64,16,0.48484848484848486,0.41830065359477125,8,8,0.3,0.7,8,0.20794981718063354,0.21557779610157013,0.20794981718063354,0.21557779610157013,-0.0076279789209365845,0.0076279789209365845,0.49823880195617676,-0.11249492317438126,0.3488485515117645
2026_08_18_00_53_23_339528_L3_right_C1,L3,C1,2.0,0.1694548757406934,blue,right,right,left,pick up the blue block,3,pregrasp,48,64,16,0.48484848484848486,0.41830065359477125,9,8,0.3,0.7,8,0.3234318792819977,0.3506108522415161,0.3234318792819977,0.3506108522415161,-0.027178972959518433,0.027178972959518433,0.49823880195617676,-0.11249492317438126,0.3488485515117645
2026_08_18_00_53_23_339528_L3_right_C1,L3,C1,2.0,0.1694548757406934,blue,right,right,left,pick up the blue block,4,pregrasp,64,80,16,0.6060606060606061,0.5228758169934641,0,8,0.3,0.7,8,0.3311000466346741,0.3295489549636841,0.3311000466346741,0.3295489549636841,0.0015510916709899902,-0.0015510916709899902,0.5478929877281189,-0.10410048812627792,0.3017898201942444
2026_08_18_00_53_23_339528_L3_right_C1,L3,C1,2.0,0.1694548757406934,blue,right,right,left,pick up the blue block,4,pregrasp,64,80,16,0.6060606060606061,0.5228758169934641,1,8,0.3,0.7,8,0.25684550404548645,0.25290870666503906,0.25684550404548645,0.25290870666503906,0.003936797380447388,-0.003936797380447388,0.5478929877281189,-0.10410048812627792,0.3017898201942444
2026_08_18_00_53_23_339528_L3_right_C1,L3,C1,2.0,0.1694548757406934,blue,right,right,left,pick up the blue block,4,pregrasp,64,80,16,0.6060606060606061,0.5228758169934641,2,8,0.3,0.7,8,0.19066160917282104,0.19498857855796814,0.19066160917282104,0.19498857855796814,-0.004326969385147095,0.004326969385147095,0.5478929877281189,-0.10410048812627792,0.3017898201942444
2026_08_18_00_53_23_339528_L3_right_C1,L3,C1,2.0,0.1694548757406934,blue,right,right,left,pick up the blue block,4,pregrasp,64,80,16,0.6060606060606061,0.5228758169934641,3,8,0.3,0.7,8,0.2099815458059311,0.21018017828464508,0.2099815458059311,0.21018017828464508,-0.00019863247871398926,0.00019863247871398926,0.5478929877281189,-0.10410048812627792,0.3017898201942444
2026_08_18_00_53_23_339528_L3_right_C1,L3,C1,2.0,0.1694548757406934,blue,right,right,left,pick up the blue block,4,pregrasp,64,80,16,0.6060606060606061,0.5228758169934641,4,8,0.3,0.7,8,0.32180070877075195,0.32902124524116516,0.32180070877075195,0.32902124524116516,-0.007220536470413208,0.007220536470413208,0.5478929877281189,-0.10410048812627792,0.3017898201942444
2026_08_18_00_53_23_339528_L3_right_C1,L3,C1,2.0,0.1694548757406934,blue,right,right,left,pick up the blue block,4,pregrasp,64,80,16,0.6060606060606061,0.5228758169934641,5,8,0.3,0.7,8,0.227299302816391,0.22898678481578827,0.227299302816391,0.22898678481578827,-0.0016874819993972778,0.0016874819993972778,0.5478929877281189,-0.10410048812627792,0.3017898201942444
2026_08_18_00_53_23_339528_L3_right_C1,L3,C1,2.0,0.1694548757406934,blue,right,right,left,pick up the blue block,4,pregrasp,64,80,16,0.6060606060606061,0.5228758169934641,6,8,0.3,0.7,8,0.2576565742492676,0.2637324631214142,0.2576565742492676,0.2637324631214142,-0.0060758888721466064,0.0060758888721466064,0.5478929877281189,-0.10410048812627792,0.3017898201942444
2026_08_18_00_53_23_339528_L3_right_C1,L3,C1,2.0,0.1694548757406934,blue,right,right,left,pick up the blue block,4,pregrasp,64,80,16,0.6060606060606061,0.5228758169934641,7,8,0.3,0.7,8,0.2723751664161682,0.274603009223938,0.2723751664161682,0.274603009223938,-0.0022278428077697754,0.0022278428077697754,0.5478929877281189,-0.10410048812627792,0.3017898201942444
2026_08_18_00_53_23_339528_L3_right_C1,L3,C1,2.0,0.1694548757406934,blue,right,right,left,pick up the blue block,4,pregrasp,64,80,16,0.6060606060606061,0.5228758169934641,8,8,0.3,0.7,8,0.21753081679344177,0.21788324415683746,0.21753081679344177,0.21788324415683746,-0.0003524273633956909,0.0003524273633956909,0.5478929877281189,-0.10410048812627792,0.3017898201942444
2026_08_18_00_53_23_339528_L3_right_C1,L3,C1,2.0,0.1694548757406934,blue,right,right,left,pick up the blue block,4,pregrasp,64,80,16,0.6060606060606061,0.5228758169934641,9,8,0.3,0.7,8,0.24909529089927673,0.24917413294315338,0.24909529089927673,0.24917413294315338,-7.884204387664795e-05,7.884204387664795e-05,0.5478929877281189,-0.10410048812627792,0.3017898201942444
2026_08_18_00_53_23_339528_L3_right_C1,L3,C1,2.0,0.1694548757406934,blue,right,right,left,pick up the blue block,5,pregrasp,80,96,16,0.7272727272727273,0.6274509803921569,0,8,0.3,0.7,8,0.2178747057914734,0.27419161796569824,0.2178747057914734,0.27419161796569824,-0.056316912174224854,0.056316912174224854,0.5967876315116882,-0.08384949713945389,0.25564685463905334
2026_08_18_00_53_23_339528_L3_right_C1,L3,C1,2.0,0.1694548757406934,blue,right,right,left,pick up the blue block,5,pregrasp,80,96,16,0.7272727272727273,0.6274509803921569,1,8,0.3,0.7,8,0.18502691388130188,0.22868850827217102,0.18502691388130188,0.22868850827217102,-0.04366159439086914,0.04366159439086914,0.5967876315116882,-0.08384949713945389,0.25564685463905334
2026_08_18_00_53_23_339528_L3_right_C1,L3,C1,2.0,0.1694548757406934,blue,right,right,left,pick up the blue block,5,pregrasp,80,96,16,0.7272727272727273,0.6274509803921569,2,8,0.3,0.7,8,0.30232781171798706,0.3696446716785431,0.30232781171798706,0.3696446716785431,-0.06731685996055603,0.06731685996055603,0.5967876315116882,-0.08384949713945389,0.25564685463905334
2026_08_18_00_53_23_339528_L3_right_C1,L3,C1,2.0,0.1694548757406934,blue,right,right,left,pick up the blue block,5,pregrasp,80,96,16,0.7272727272727273,0.6274509803921569,3,8,0.3,0.7,8,0.33351370692253113,0.40438419580459595,0.33351370692253113,0.40438419580459595,-0.07087048888206482,0.07087048888206482,0.5967876315116882,-0.08384949713945389,0.25564685463905334
2026_08_18_00_53_23_339528_L3_right_C1,L3,C1,2.0,0.1694548757406934,blue,right,right,left,pick up the blue block,5,pregrasp,80,96,16,0.7272727272727273,0.6274509803921569,4,8,0.3,0.7,8,0.1566433608531952,0.21185743808746338,0.1566433608531952,0.21185743808746338,-0.05521407723426819,0.05521407723426819,0.5967876315116882,-0.08384949713945389,0.25564685463905334
2026_08_18_00_53_23_339528_L3_right_C1,L3,C1,2.0,0.1694548757406934,blue,right,right,left,pick up the blue block,5,pregrasp,80,96,16,0.7272727272727273,0.6274509803921569,5,8,0.3,0.7,8,0.25444674491882324,0.3214191496372223,0.25444674491882324,0.3214191496372223,-0.06697240471839905,0.06697240471839905,0.5967876315116882,-0.08384949713945389,0.25564685463905334
2026_08_18_00_53_23_339528_L3_right_C1,L3,C1,2.0,0.1694548757406934,blue,right,right,left,pick up the blue block,5,pregrasp,80,96,16,0.7272727272727273,0.6274509803921569,6,8,0.3,0.7,8,0.22308415174484253,0.27442413568496704,0.22308415174484253,0.27442413568496704,-0.05133998394012451,0.05133998394012451,0.5967876315116882,-0.08384949713945389,0.25564685463905334
2026_08_18_00_53_23_339528_L3_right_C1,L3,C1,2.0,0.1694548757406934,blue,right,right,left,pick up the blue block,5,pregrasp,80,96,16,0.7272727272727273,0.6274509803921569,7,8,0.3,0.7,8,0.14787177741527557,0.21439790725708008,0.14787177741527557,0.21439790725708008,-0.0665261298418045,0.0665261298418045,0.5967876315116882,-0.08384949713945389,0.25564685463905334
2026_08_18_00_53_23_339528_L3_right_C1,L3,C1,2.0,0.1694548757406934,blue,right,right,left,pick up the blue block,5,pregrasp,80,96,16,0.7272727272727273,0.6274509803921569,8,8,0.3,0.7,8,0.1885337233543396,0.24574074149131775,0.1885337233543396,0.24574074149131775,-0.05720701813697815,0.05720701813697815,0.5967876315116882,-0.08384949713945389,0.25564685463905334
2026_08_18_00_53_23_339528_L3_right_C1,L3,C1,2.0,0.1694548757406934,blue,right,right,left,pick up the blue block,5,pregrasp,80,96,16,0.7272727272727273,0.6274509803921569,9,8,0.3,0.7,8,0.13711941242218018,0.18825021386146545,0.13711941242218018,0.18825021386146545,-0.05113080143928528,0.05113080143928528,0.5967876315116882,-0.08384949713945389,0.25564685463905334
2026_08_18_00_53_23_339528_L3_right_C1,L3,C1,2.0,0.1694548757406934,blue,right,right,left,pick up the blue block,6,pregrasp,96,112,16,0.8484848484848485,0.7320261437908496,0,8,0.3,0.7,8,0.29757246375083923,0.3439129590988159,0.29757246375083923,0.3439129590988159,-0.046340495347976685,0.046340495347976685,0.6437889337539673,-0.058531664311885834,0.21086159348487854
2026_08_18_00_53_23_339528_L3_right_C1,L3,C1,2.0,0.1694548757406934,blue,right,right,left,pick up the blue block,6,pregrasp,96,112,16,0.8484848484848485,0.7320261437908496,1,8,0.3,0.7,8,0.2789202630519867,0.3320998251438141,0.2789202630519867,0.3320998251438141,-0.05317956209182739,0.05317956209182739,0.6437889337539673,-0.058531664311885834,0.21086159348487854
2026_08_18_00_53_23_339528_L3_right_C1,L3,C1,2.0,0.1694548757406934,blue,right,right,left,pick up the blue block,6,pregrasp,96,112,16,0.8484848484848485,0.7320261437908496,2,8,0.3,0.7,8,0.20403851568698883,0.2461952418088913,0.20403851568698883,0.2461952418088913,-0.042156726121902466,0.042156726121902466,0.6437889337539673,-0.058531664311885834,0.21086159348487854
2026_08_18_00_53_23_339528_L3_right_C1,L3,C1,2.0,0.1694548757406934,blue,right,right,left,pick up the blue block,6,pregrasp,96,112,16,0.8484848484848485,0.7320261437908496,3,8,0.3,0.7,8,0.21477599442005157,0.26103246212005615,0.21477599442005157,0.26103246212005615,-0.04625646770000458,0.04625646770000458,0.6437889337539673,-0.058531664311885834,0.21086159348487854
2026_08_18_00_53_23_339528_L3_right_C1,L3,C1,2.0,0.1694548757406934,blue,right,right,left,pick up the blue block,6,pregrasp,96,112,16,0.8484848484848485,0.7320261437908496,4,8,0.3,0.7,8,0.2876187860965729,0.34036093950271606,0.2876187860965729,0.34036093950271606,-0.05274215340614319,0.05274215340614319,0.6437889337539673,-0.058531664311885834,0.21086159348487854
2026_08_18_00_53_23_339528_L3_right_C1,L3,C1,2.0,0.1694548757406934,blue,right,right,left,pick up the blue block,6,pregrasp,96,112,16,0.8484848484848485,0.7320261437908496,5,8,0.3,0.7,8,0.2325543314218521,0.2767050564289093,0.2325543314218521,0.2767050564289093,-0.04415072500705719,0.04415072500705719,0.6437889337539673,-0.058531664311885834,0.21086159348487854
2026_08_18_00_53_23_339528_L3_right_C1,L3,C1,2.0,0.1694548757406934,blue,right,right,left,pick up the blue block,6,pregrasp,96,112,16,0.8484848484848485,0.7320261437908496,6,8,0.3,0.7,8,0.28219074010849,0.3343279957771301,0.28219074010849,0.3343279957771301,-0.05213725566864014,0.05213725566864014,0.6437889337539673,-0.058531664311885834,0.21086159348487854
2026_08_18_00_53_23_339528_L3_right_C1,L3,C1,2.0,0.1694548757406934,blue,right,right,left,pick up the blue block,6,pregrasp,96,112,16,0.8484848484848485,0.7320261437908496,7,8,0.3,0.7,8,0.21372021734714508,0.26043859124183655,0.21372021734714508,0.26043859124183655,-0.04671837389469147,0.04671837389469147,0.6437889337539673,-0.058531664311885834,0.21086159348487854
2026_08_18_00_53_23_339528_L3_right_C1,L3,C1,2.0,0.1694548757406934,blue,right,right,left,pick up the blue block,6,pregrasp,96,112,16,0.8484848484848485,0.7320261437908496,8,8,0.3,0.7,8,0.32010242342948914,0.3707351088523865,0.32010242342948914,0.3707351088523865,-0.05063268542289734,0.05063268542289734,0.6437889337539673,-0.058531664311885834,0.21086159348487854
2026_08_18_00_53_23_339528_L3_right_C1,L3,C1,2.0,0.1694548757406934,blue,right,right,left,pick up the blue block,6,pregrasp,96,112,16,0.8484848484848485,0.7320261437908496,9,8,0.3,0.7,8,0.16733624041080475,0.2167317420244217,0.16733624041080475,0.2167317420244217,-0.04939550161361694,0.04939550161361694,0.6437889337539673,-0.058531664311885834,0.21086159348487854
2026_08_18_00_53_23_339528_L3_right_C1,L3,C1,2.0,0.1694548757406934,blue,right,right,left,pick up the blue block,7,pregrasp,112,128,16,0.9696969696969697,0.8366013071895425,0,8,0.3,0.7,8,0.20740869641304016,0.25853073596954346,0.20740869641304016,0.25853073596954346,-0.051122039556503296,0.051122039556503296,0.6667429208755493,-0.04603579267859459,0.18955957889556885
2026_08_18_00_53_23_339528_L3_right_C1,L3,C1,2.0,0.1694548757406934,blue,right,right,left,pick up the blue block,7,pregrasp,112,128,16,0.9696969696969697,0.8366013071895425,1,8,0.3,0.7,8,0.2430116981267929,0.2787550389766693,0.2430116981267929,0.2787550389766693,-0.035743340849876404,0.035743340849876404,0.6667429208755493,-0.04603579267859459,0.18955957889556885
2026_08_18_00_53_23_339528_L3_right_C1,L3,C1,2.0,0.1694548757406934,blue,right,right,left,pick up the blue block,7,pregrasp,112,128,16,0.9696969696969697,0.8366013071895425,2,8,0.3,0.7,8,0.2494121938943863,0.2756842374801636,0.2494121938943863,0.2756842374801636,-0.026272043585777283,0.026272043585777283,0.6667429208755493,-0.04603579267859459,0.18955957889556885
2026_08_18_00_53_23_339528_L3_right_C1,L3,C1,2.0,0.1694548757406934,blue,right,right,left,pick up the blue block,7,pregrasp,112,128,16,0.9696969696969697,0.8366013071895425,3,8,0.3,0.7,8,0.12077795714139938,0.15815170109272003,0.12077795714139938,0.15815170109272003,-0.03737374395132065,0.03737374395132065,0.6667429208755493,-0.04603579267859459,0.18955957889556885
2026_08_18_00_53_23_339528_L3_right_C1,L3,C1,2.0,0.1694548757406934,blue,right,right,left,pick up the blue block,7,pregrasp,112,128,16,0.9696969696969697,0.8366013071895425,4,8,0.3,0.7,8,0.17412610352039337,0.2099303901195526,0.17412610352039337,0.2099303901195526,-0.03580428659915924,0.03580428659915924,0.6667429208755493,-0.04603579267859459,0.18955957889556885
2026_08_18_00_53_23_339528_L3_right_C1,L3,C1,2.0,0.1694548757406934,blue,right,right,left,pick up the blue block,7,pregrasp,112,128,16,0.9696969696969697,0.8366013071895425,5,8,0.3,0.7,8,0.1726958453655243,0.22798404097557068,0.1726958453655243,0.22798404097557068,-0.05528819561004639,0.05528819561004639,0.6667429208755493,-0.04603579267859459,0.18955957889556885
2026_08_18_00_53_23_339528_L3_right_C1,L3,C1,2.0,0.1694548757406934,blue,right,right,left,pick up the blue block,7,pregrasp,112,128,16,0.9696969696969697,0.8366013071895425,6,8,0.3,0.7,8,0.20950947701931,0.24431802332401276,0.20950947701931,0.24431802332401276,-0.03480854630470276,0.03480854630470276,0.6667429208755493,-0.04603579267859459,0.18955957889556885
2026_08_18_00_53_23_339528_L3_right_C1,L3,C1,2.0,0.1694548757406934,blue,right,right,left,pick up the blue block,7,pregrasp,112,128,16,0.9696969696969697,0.8366013071895425,7,8,0.3,0.7,8,0.1923830807209015,0.2607479393482208,0.1923830807209015,0.2607479393482208,-0.06836485862731934,0.06836485862731934,0.6667429208755493,-0.04603579267859459,0.18955957889556885
2026_08_18_00_53_23_339528_L3_right_C1,L3,C1,2.0,0.1694548757406934,blue,right,right,left,pick up the blue block,7,pregrasp,112,128,16,0.9696969696969697,0.8366013071895425,8,8,0.3,0.7,8,0.1707802414894104,0.2235572338104248,0.1707802414894104,0.2235572338104248,-0.052776992321014404,0.052776992321014404,0.6667429208755493,-0.04603579267859459,0.18955957889556885
2026_08_18_00_53_23_339528_L3_right_C1,L3,C1,2.0,0.1694548757406934,blue,right,right,left,pick up the blue block,7,pregrasp,112,128,16,0.9696969696969697,0.8366013071895425,9,8,0.3,0.7,8,0.1646042764186859,0.21208350360393524,0.1646042764186859,0.21208350360393524,-0.04747922718524933,0.04747922718524933,0.6667429208755493,-0.04603579267859459,0.18955957889556885
2026_08_18_00_53_23_339528_L3_right_C1,L3,C1,2.0,0.1694548757406934,blue,right,right,left,pick up the blue block,8,pregrasp,128,132,4,1.0,0.8627450980392157,0,8,0.3,0.7,8,0.35788917541503906,0.37525391578674316,0.35788917541503906,0.37525391578674316,-0.0173647403717041,0.0173647403717041,0.6667590141296387,-0.046031128615140915,0.18956328928470612
2026_08_18_00_53_23_339528_L3_right_C1,L3,C1,2.0,0.1694548757406934,blue,right,right,left,pick up the blue block,8,pregrasp,128,132,4,1.0,0.8627450980392157,1,8,0.3,0.7,8,0.2982369661331177,0.31616973876953125,0.2982369661331177,0.31616973876953125,-0.017932772636413574,0.017932772636413574,0.6667590141296387,-0.046031128615140915,0.18956328928470612
2026_08_18_00_53_23_339528_L3_right_C1,L3,C1,2.0,0.1694548757406934,blue,right,right,left,pick up the blue block,8,pregrasp,128,132,4,1.0,0.8627450980392157,2,8,0.3,0.7,8,0.18368160724639893,0.19772730767726898,0.18368160724639893,0.19772730767726898,-0.014045700430870056,0.014045700430870056,0.6667590141296387,-0.046031128615140915,0.18956328928470612
2026_08_18_00_53_23_339528_L3_right_C1,L3,C1,2.0,0.1694548757406934,blue,right,right,left,pick up the blue block,8,pregrasp,128,132,4,1.0,0.8627450980392157,3,8,0.3,0.7,8,0.24623733758926392,0.2673541307449341,0.24623733758926392,0.2673541307449341,-0.021116793155670166,0.021116793155670166,0.6667590141296387,-0.046031128615140915,0.18956328928470612
2026_08_18_00_53_23_339528_L3_right_C1,L3,C1,2.0,0.1694548757406934,blue,right,right,left,pick up the blue block,8,pregrasp,128,132,4,1.0,0.8627450980392157,4,8,0.3,0.7,8,0.3438407778739929,0.3612716495990753,0.3438407778739929,0.3612716495990753,-0.017430871725082397,0.017430871725082397,0.6667590141296387,-0.046031128615140915,0.18956328928470612
2026_08_18_00_53_23_339528_L3_right_C1,L3,C1,2.0,0.1694548757406934,blue,right,right,left,pick up the blue block,8,pregrasp,128,132,4,1.0,0.8627450980392157,5,8,0.3,0.7,8,0.23458871245384216,0.24573871493339539,0.23458871245384216,0.24573871493339539,-0.011150002479553223,0.011150002479553223,0.6667590141296387,-0.046031128615140915,0.18956328928470612
2026_08_18_00_53_23_339528_L3_right_C1,L3,C1,2.0,0.1694548757406934,blue,right,right,left,pick up the blue block,8,pregrasp,128,132,4,1.0,0.8627450980392157,6,8,0.3,0.7,8,0.37860560417175293,0.3970288634300232,0.37860560417175293,0.3970288634300232,-0.018423259258270264,0.018423259258270264,0.6667590141296387,-0.046031128615140915,0.18956328928470612
2026_08_18_00_53_23_339528_L3_right_C1,L3,C1,2.0,0.1694548757406934,blue,right,right,left,pick up the blue block,8,pregrasp,128,132,4,1.0,0.8627450980392157,7,8,0.3,0.7,8,0.3975995182991028,0.4148246943950653,0.3975995182991028,0.4148246943950653,-0.017225176095962524,0.017225176095962524,0.6667590141296387,-0.046031128615140915,0.18956328928470612
2026_08_18_00_53_23_339528_L3_right_C1,L3,C1,2.0,0.1694548757406934,blue,right,right,left,pick up the blue block,8,pregrasp,128,132,4,1.0,0.8627450980392157,8,8,0.3,0.7,8,0.30849674344062805,0.3236197829246521,0.30849674344062805,0.3236197829246521,-0.015123039484024048,0.015123039484024048,0.6667590141296387,-0.046031128615140915,0.18956328928470612
2026_08_18_00_53_23_339528_L3_right_C1,L3,C1,2.0,0.1694548757406934,blue,right,right,left,pick up the blue block,8,pregrasp,128,132,4,1.0,0.8627450980392157,9,8,0.3,0.7,8,0.33464643359184265,0.35752689838409424,0.33464643359184265,0.35752689838409424,-0.022880464792251587,0.022880464792251587,0.6667590141296387,-0.046031128615140915,0.18956328928470612
2026_08_18_00_53_23_339528_L3_right_C1,L3,C1,2.0,0.1694548757406934,blue,right,right,left,pick up the blue block,9,postgrasp,132,148,16,1.0,0.9673202614379085,0,8,0.3,0.7,8,0.4281756281852722,0.3826289474964142,0.4281756281852722,0.3826289474964142,0.04554668068885803,-0.04554668068885803,0.6671655178070068,-0.046028316020965576,0.1899612843990326
2026_08_18_00_53_23_339528_L3_right_C1,L3,C1,2.0,0.1694548757406934,blue,right,right,left,pick up the blue block,9,postgrasp,132,148,16,1.0,0.9673202614379085,1,8,0.3,0.7,8,0.37233248353004456,0.33240801095962524,0.37233248353004456,0.33240801095962524,0.03992447257041931,-0.03992447257041931,0.6671655178070068,-0.046028316020965576,0.1899612843990326
2026_08_18_00_53_23_339528_L3_right_C1,L3,C1,2.0,0.1694548757406934,blue,right,right,left,pick up the blue block,9,postgrasp,132,148,16,1.0,0.9673202614379085,2,8,0.3,0.7,8,0.37624743580818176,0.35008370876312256,0.37624743580818176,0.35008370876312256,0.026163727045059204,-0.026163727045059204,0.6671655178070068,-0.046028316020965576,0.1899612843990326
2026_08_18_00_53_23_339528_L3_right_C1,L3,C1,2.0,0.1694548757406934,blue,right,right,left,pick up the blue block,9,postgrasp,132,148,16,1.0,0.9673202614379085,3,8,0.3,0.7,8,0.39794108271598816,0.348330557346344,0.39794108271598816,0.348330557346344,0.049610525369644165,-0.049610525369644165,0.6671655178070068,-0.046028316020965576,0.1899612843990326
2026_08_18_00_53_23_339528_L3_right_C1,L3,C1,2.0,0.1694548757406934,blue,right,right,left,pick up the blue block,9,postgrasp,132,148,16,1.0,0.9673202614379085,4,8,0.3,0.7,8,0.42547106742858887,0.39007705450057983,0.42547106742858887,0.39007705450057983,0.03539401292800903,-0.03539401292800903,0.6671655178070068,-0.046028316020965576,0.1899612843990326
2026_08_18_00_53_23_339528_L3_right_C1,L3,C1,2.0,0.1694548757406934,blue,right,right,left,pick up the blue block,9,postgrasp,132,148,16,1.0,0.9673202614379085,5,8,0.3,0.7,8,0.3714720606803894,0.3282724916934967,0.3714720606803894,0.3282724916934967,0.0431995689868927,-0.0431995689868927,0.6671655178070068,-0.046028316020965576,0.1899612843990326
2026_08_18_00_53_23_339528_L3_right_C1,L3,C1,2.0,0.1694548757406934,blue,right,right,left,pick up the blue block,9,postgrasp,132,148,16,1.0,0.9673202614379085,6,8,0.3,0.7,8,0.4347088038921356,0.36420994997024536,0.4347088038921356,0.36420994997024536,0.07049885392189026,-0.07049885392189026,0.6671655178070068,-0.046028316020965576,0.1899612843990326
2026_08_18_00_53_23_339528_L3_right_C1,L3,C1,2.0,0.1694548757406934,blue,right,right,left,pick up the blue block,9,postgrasp,132,148,16,1.0,0.9673202614379085,7,8,0.3,0.7,8,0.36654239892959595,0.3421982526779175,0.36654239892959595,0.3421982526779175,0.024344146251678467,-0.024344146251678467,0.6671655178070068,-0.046028316020965576,0.1899612843990326
2026_08_18_00_53_23_339528_L3_right_C1,L3,C1,2.0,0.1694548757406934,blue,right,right,left,pick up the blue block,9,postgrasp,132,148,16,1.0,0.9673202614379085,8,8,0.3,0.7,8,0.4664585590362549,0.4065079092979431,0.4664585590362549,0.4065079092979431,0.05995064973831177,-0.05995064973831177,0.6671655178070068,-0.046028316020965576,0.1899612843990326
2026_08_18_00_53_23_339528_L3_right_C1,L3,C1,2.0,0.1694548757406934,blue,right,right,left,pick up the blue block,9,postgrasp,132,148,16,1.0,0.9673202614379085,9,8,0.3,0.7,8,0.3777254521846771,0.3576800227165222,0.3777254521846771,0.3576800227165222,0.020045429468154907,-0.020045429468154907,0.6671655178070068,-0.046028316020965576,0.1899612843990326
2026_08_18_00_53_23_339528_L3_right_C1,L3,C1,2.0,0.1694548757406934,blue,right,right,left,pick up the blue block,10,postgrasp,148,153,5,1.0,1.0,0,8,0.3,0.7,8,0.3538346588611603,0.38188832998275757,0.3538346588611603,0.38188832998275757,-0.02805367112159729,0.02805367112159729,0.6671663522720337,-0.046025536954402924,0.1899595856666565
2026_08_18_00_53_23_339528_L3_right_C1,L3,C1,2.0,0.1694548757406934,blue,right,right,left,pick up the blue block,10,postgrasp,148,153,5,1.0,1.0,1,8,0.3,0.7,8,0.29342421889305115,0.3011569678783417,0.29342421889305115,0.3011569678783417,-0.007732748985290527,0.007732748985290527,0.6671663522720337,-0.046025536954402924,0.1899595856666565
2026_08_18_00_53_23_339528_L3_right_C1,L3,C1,2.0,0.1694548757406934,blue,right,right,left,pick up the blue block,10,postgrasp,148,153,5,1.0,1.0,2,8,0.3,0.7,8,0.3264572322368622,0.3301084339618683,0.3264572322368622,0.3301084339618683,-0.0036512017250061035,0.0036512017250061035,0.6671663522720337,-0.046025536954402924,0.1899595856666565
2026_08_18_00_53_23_339528_L3_right_C1,L3,C1,2.0,0.1694548757406934,blue,right,right,left,pick up the blue block,10,postgrasp,148,153,5,1.0,1.0,3,8,0.3,0.7,8,0.3798620104789734,0.3870755732059479,0.3798620104789734,0.3870755732059479,-0.007213562726974487,0.007213562726974487,0.6671663522720337,-0.046025536954402924,0.1899595856666565
2026_08_18_00_53_23_339528_L3_right_C1,L3,C1,2.0,0.1694548757406934,blue,right,right,left,pick up the blue block,10,postgrasp,148,153,5,1.0,1.0,4,8,0.3,0.7,8,0.383209228515625,0.3783752918243408,0.383209228515625,0.3783752918243408,0.00483393669128418,-0.00483393669128418,0.6671663522720337,-0.046025536954402924,0.1899595856666565
2026_08_18_00_53_23_339528_L3_right_C1,L3,C1,2.0,0.1694548757406934,blue,right,right,left,pick up the blue block,10,postgrasp,148,153,5,1.0,1.0,5,8,0.3,0.7,8,0.27537617087364197,0.27439194917678833,0.27537617087364197,0.27439194917678833,0.0009842216968536377,-0.0009842216968536377,0.6671663522720337,-0.046025536954402924,0.1899595856666565
2026_08_18_00_53_23_339528_L3_right_C1,L3,C1,2.0,0.1694548757406934,blue,right,right,left,pick up the blue block,10,postgrasp,148,153,5,1.0,1.0,6,8,0.3,0.7,8,0.2782578468322754,0.26045510172843933,0.2782578468322754,0.26045510172843933,0.01780274510383606,-0.01780274510383606,0.6671663522720337,-0.046025536954402924,0.1899595856666565
2026_08_18_00_53_23_339528_L3_right_C1,L3,C1,2.0,0.1694548757406934,blue,right,right,left,pick up the blue block,10,postgrasp,148,153,5,1.0,1.0,7,8,0.3,0.7,8,0.26454636454582214,0.2357616126537323,0.26454636454582214,0.2357616126537323,0.028784751892089844,-0.028784751892089844,0.6671663522720337,-0.046025536954402924,0.1899595856666565
2026_08_18_00_53_23_339528_L3_right_C1,L3,C1,2.0,0.1694548757406934,blue,right,right,left,pick up the blue block,10,postgrasp,148,153,5,1.0,1.0,8,8,0.3,0.7,8,0.3123554587364197,0.32227805256843567,0.3123554587364197,0.32227805256843567,-0.009922593832015991,0.009922593832015991,0.6671663522720337,-0.046025536954402924,0.1899595856666565
2026_08_18_00_53_23_339528_L3_right_C1,L3,C1,2.0,0.1694548757406934,blue,right,right,left,pick up the blue block,10,postgrasp,148,153,5,1.0,1.0,9,8,0.3,0.7,8,0.29437822103500366,0.27299997210502625,0.29437822103500366,0.27299997210502625,0.021378248929977417,-0.021378248929977417,0.6671663522720337,-0.046025536954402924,0.1899595856666565
2026_08_18_00_53_52_283658_L3_right_C2,L3,C2,4.0,0.3389097514813868,blue,right,right,left,pick up the blue block,0,pregrasp,0,16,16,0.10062893081761007,0.08888888888888889,0,8,0.3,0.7,8,0.32010358572006226,0.3365055024623871,0.32010358572006226,0.3365055024623871,-0.01640191674232483,0.01640191674232483,0.3686823546886444,-0.02927859127521515,0.48457416892051697
2026_08_18_00_53_52_283658_L3_right_C2,L3,C2,4.0,0.3389097514813868,blue,right,right,left,pick up the blue block,0,pregrasp,0,16,16,0.10062893081761007,0.08888888888888889,1,8,0.3,0.7,8,0.34553638100624084,0.3346007764339447,0.34553638100624084,0.3346007764339447,0.010935604572296143,-0.010935604572296143,0.3686823546886444,-0.02927859127521515,0.48457416892051697
2026_08_18_00_53_52_283658_L3_right_C2,L3,C2,4.0,0.3389097514813868,blue,right,right,left,pick up the blue block,0,pregrasp,0,16,16,0.10062893081761007,0.08888888888888889,2,8,0.3,0.7,8,0.32734960317611694,0.33253180980682373,0.32734960317611694,0.33253180980682373,-0.005182206630706787,0.005182206630706787,0.3686823546886444,-0.02927859127521515,0.48457416892051697
2026_08_18_00_53_52_283658_L3_right_C2,L3,C2,4.0,0.3389097514813868,blue,right,right,left,pick up the blue block,0,pregrasp,0,16,16,0.10062893081761007,0.08888888888888889,3,8,0.3,0.7,8,0.34085407853126526,0.31780973076820374,0.34085407853126526,0.31780973076820374,0.023044347763061523,-0.023044347763061523,0.3686823546886444,-0.02927859127521515,0.48457416892051697
2026_08_18_00_53_52_283658_L3_right_C2,L3,C2,4.0,0.3389097514813868,blue,right,right,left,pick up the blue block,0,pregrasp,0,16,16,0.10062893081761007,0.08888888888888889,4,8,0.3,0.7,8,0.2819504141807556,0.27136197686195374,0.2819504141807556,0.27136197686195374,0.01058843731880188,-0.01058843731880188,0.3686823546886444,-0.02927859127521515,0.48457416892051697
2026_08_18_00_53_52_283658_L3_right_C2,L3,C2,4.0,0.3389097514813868,blue,right,right,left,pick up the blue block,0,pregrasp,0,16,16,0.10062893081761007,0.08888888888888889,5,8,0.3,0.7,8,0.30694276094436646,0.3036782741546631,0.30694276094436646,0.3036782741546631,0.003264486789703369,-0.003264486789703369,0.3686823546886444,-0.02927859127521515,0.48457416892051697
2026_08_18_00_53_52_283658_L3_right_C2,L3,C2,4.0,0.3389097514813868,blue,right,right,left,pick up the blue block,0,pregrasp,0,16,16,0.10062893081761007,0.08888888888888889,6,8,0.3,0.7,8,0.33325761556625366,0.3212309181690216,0.33325761556625366,0.3212309181690216,0.012026697397232056,-0.012026697397232056,0.3686823546886444,-0.02927859127521515,0.48457416892051697
2026_08_18_00_53_52_283658_L3_right_C2,L3,C2,4.0,0.3389097514813868,blue,right,right,left,pick up the blue block,0,pregrasp,0,16,16,0.10062893081761007,0.08888888888888889,7,8,0.3,0.7,8,0.4069586396217346,0.3732224702835083,0.4069586396217346,0.3732224702835083,0.03373616933822632,-0.03373616933822632,0.3686823546886444,-0.02927859127521515,0.48457416892051697
2026_08_18_00_53_52_283658_L3_right_C2,L3,C2,4.0,0.3389097514813868,blue,right,right,left,pick up the blue block,0,pregrasp,0,16,16,0.10062893081761007,0.08888888888888889,8,8,0.3,0.7,8,0.2869984209537506,0.24049396812915802,0.2869984209537506,0.24049396812915802,0.04650445282459259,-0.04650445282459259,0.3686823546886444,-0.02927859127521515,0.48457416892051697
2026_08_18_00_53_52_283658_L3_right_C2,L3,C2,4.0,0.3389097514813868,blue,right,right,left,pick up the blue block,0,pregrasp,0,16,16,0.10062893081761007,0.08888888888888889,9,8,0.3,0.7,8,0.36778655648231506,0.3424972593784332,0.36778655648231506,0.3424972593784332,0.025289297103881836,-0.025289297103881836,0.3686823546886444,-0.02927859127521515,0.48457416892051697
2026_08_18_00_53_52_283658_L3_right_C2,L3,C2,4.0,0.3389097514813868,blue,right,right,left,pick up the blue block,1,pregrasp,16,32,16,0.20125786163522014,0.17777777777777778,0,8,0.3,0.7,8,0.46575695276260376,0.43936923146247864,0.46575695276260376,0.43936923146247864,0.026387721300125122,-0.026387721300125122,0.38226452469825745,-0.09243295341730118,0.46030721068382263
2026_08_18_00_53_52_283658_L3_right_C2,L3,C2,4.0,0.3389097514813868,blue,right,right,left,pick up the blue block,1,pregrasp,16,32,16,0.20125786163522014,0.17777777777777778,1,8,0.3,0.7,8,0.3231022357940674,0.3024131655693054,0.3231022357940674,0.3024131655693054,0.020689070224761963,-0.020689070224761963,0.38226452469825745,-0.09243295341730118,0.46030721068382263
2026_08_18_00_53_52_283658_L3_right_C2,L3,C2,4.0,0.3389097514813868,blue,right,right,left,pick up the blue block,1,pregrasp,16,32,16,0.20125786163522014,0.17777777777777778,2,8,0.3,0.7,8,0.26258108019828796,0.21460075676441193,0.26258108019828796,0.21460075676441193,0.04798032343387604,-0.04798032343387604,0.38226452469825745,-0.09243295341730118,0.46030721068382263
2026_08_18_00_53_52_283658_L3_right_C2,L3,C2,4.0,0.3389097514813868,blue,right,right,left,pick up the blue block,1,pregrasp,16,32,16,0.20125786163522014,0.17777777777777778,3,8,0.3,0.7,8,0.24038513004779816,0.17552946507930756,0.24038513004779816,0.17552946507930756,0.0648556649684906,-0.0648556649684906,0.38226452469825745,-0.09243295341730118,0.46030721068382263
2026_08_18_00_53_52_283658_L3_right_C2,L3,C2,4.0,0.3389097514813868,blue,right,right,left,pick up the blue block,1,pregrasp,16,32,16,0.20125786163522014,0.17777777777777778,4,8,0.3,0.7,8,0.272571861743927,0.23341767489910126,0.272571861743927,0.23341767489910126,0.039154186844825745,-0.039154186844825745,0.38226452469825745,-0.09243295341730118,0.46030721068382263
2026_08_18_00_53_52_283658_L3_right_C2,L3,C2,4.0,0.3389097514813868,blue,right,right,left,pick up the blue block,1,pregrasp,16,32,16,0.20125786163522014,0.17777777777777778,5,8,0.3,0.7,8,0.34850388765335083,0.2946339547634125,0.34850388765335083,0.2946339547634125,0.053869932889938354,-0.053869932889938354,0.38226452469825745,-0.09243295341730118,0.46030721068382263
2026_08_18_00_53_52_283658_L3_right_C2,L3,C2,4.0,0.3389097514813868,blue,right,right,left,pick up the blue block,1,pregrasp,16,32,16,0.20125786163522014,0.17777777777777778,6,8,0.3,0.7,8,0.33583295345306396,0.2695634663105011,0.33583295345306396,0.2695634663105011,0.06626948714256287,-0.06626948714256287,0.38226452469825745,-0.09243295341730118,0.46030721068382263
2026_08_18_00_53_52_283658_L3_right_C2,L3,C2,4.0,0.3389097514813868,blue,right,right,left,pick up the blue block,1,pregrasp,16,32,16,0.20125786163522014,0.17777777777777778,7,8,0.3,0.7,8,0.3068355917930603,0.24837127327919006,0.3068355917930603,0.24837127327919006,0.05846431851387024,-0.05846431851387024,0.38226452469825745,-0.09243295341730118,0.46030721068382263
2026_08_18_00_53_52_283658_L3_right_C2,L3,C2,4.0,0.3389097514813868,blue,right,right,left,pick up the blue block,1,pregrasp,16,32,16,0.20125786163522014,0.17777777777777778,8,8,0.3,0.7,8,0.37254059314727783,0.31625044345855713,0.37254059314727783,0.31625044345855713,0.0562901496887207,-0.0562901496887207,0.38226452469825745,-0.09243295341730118,0.46030721068382263
2026_08_18_00_53_52_283658_L3_right_C2,L3,C2,4.0,0.3389097514813868,blue,right,right,left,pick up the blue block,1,pregrasp,16,32,16,0.20125786163522014,0.17777777777777778,9,8,0.3,0.7,8,0.32111799716949463,0.30766263604164124,0.32111799716949463,0.30766263604164124,0.013455361127853394,-0.013455361127853394,0.38226452469825745,-0.09243295341730118,0.46030721068382263
2026_08_18_00_53_52_283658_L3_right_C2,L3,C2,4.0,0.3389097514813868,blue,right,right,left,pick up the blue block,2,pregrasp,32,48,16,0.3018867924528302,0.26666666666666666,0,8,0.3,0.7,8,0.24319086968898773,0.2291366159915924,0.24319086968898773,0.2291366159915924,0.014054253697395325,-0.014054253697395325,0.408988356590271,-0.15106774866580963,0.43517830967903137
2026_08_18_00_53_52_283658_L3_right_C2,L3,C2,4.0,0.3389097514813868,blue,right,right,left,pick up the blue block,2,pregrasp,32,48,16,0.3018867924528302,0.26666666666666666,1,8,0.3,0.7,8,0.2913497984409332,0.2883252203464508,0.2913497984409332,0.2883252203464508,0.003024578094482422,-0.003024578094482422,0.408988356590271,-0.15106774866580963,0.43517830967903137
2026_08_18_00_53_52_283658_L3_right_C2,L3,C2,4.0,0.3389097514813868,blue,right,right,left,pick up the blue block,2,pregrasp,32,48,16,0.3018867924528302,0.26666666666666666,2,8,0.3,0.7,8,0.3061099946498871,0.3030664324760437,0.3061099946498871,0.3030664324760437,0.003043562173843384,-0.003043562173843384,0.408988356590271,-0.15106774866580963,0.43517830967903137
2026_08_18_00_53_52_283658_L3_right_C2,L3,C2,4.0,0.3389097514813868,blue,right,right,left,pick up the blue block,2,pregrasp,32,48,16,0.3018867924528302,0.26666666666666666,3,8,0.3,0.7,8,0.3926473557949066,0.38834860920906067,0.3926473557949066,0.38834860920906067,0.004298746585845947,-0.004298746585845947,0.408988356590271,-0.15106774866580963,0.43517830967903137
2026_08_18_00_53_52_283658_L3_right_C2,L3,C2,4.0,0.3389097514813868,blue,right,right,left,pick up the blue block,2,pregrasp,32,48,16,0.3018867924528302,0.26666666666666666,4,8,0.3,0.7,8,0.260434627532959,0.24723656475543976,0.260434627532959,0.24723656475543976,0.013198062777519226,-0.013198062777519226,0.408988356590271,-0.15106774866580963,0.43517830967903137
2026_08_18_00_53_52_283658_L3_right_C2,L3,C2,4.0,0.3389097514813868,blue,right,right,left,pick up the blue block,2,pregrasp,32,48,16,0.3018867924528302,0.26666666666666666,5,8,0.3,0.7,8,0.276500403881073,0.25735434889793396,0.276500403881073,0.25735434889793396,0.019146054983139038,-0.019146054983139038,0.408988356590271,-0.15106774866580963,0.43517830967903137
2026_08_18_00_53_52_283658_L3_right_C2,L3,C2,4.0,0.3389097514813868,blue,right,right,left,pick up the blue block,2,pregrasp,32,48,16,0.3018867924528302,0.26666666666666666,6,8,0.3,0.7,8,0.2528908848762512,0.24297219514846802,0.2528908848762512,0.24297219514846802,0.009918689727783203,-0.009918689727783203,0.408988356590271,-0.15106774866580963,0.43517830967903137
2026_08_18_00_53_52_283658_L3_right_C2,L3,C2,4.0,0.3389097514813868,blue,right,right,left,pick up the blue block,2,pregrasp,32,48,16,0.3018867924528302,0.26666666666666666,7,8,0.3,0.7,8,0.2099190354347229,0.1970536857843399,0.2099190354347229,0.1970536857843399,0.012865349650382996,-0.012865349650382996,0.408988356590271,-0.15106774866580963,0.43517830967903137
2026_08_18_00_53_52_283658_L3_right_C2,L3,C2,4.0,0.3389097514813868,blue,right,right,left,pick up the blue block,2,pregrasp,32,48,16,0.3018867924528302,0.26666666666666666,8,8,0.3,0.7,8,0.27703285217285156,0.25980767607688904,0.27703285217285156,0.25980767607688904,0.017225176095962524,-0.017225176095962524,0.408988356590271,-0.15106774866580963,0.43517830967903137
2026_08_18_00_53_52_283658_L3_right_C2,L3,C2,4.0,0.3389097514813868,blue,right,right,left,pick up the blue block,2,pregrasp,32,48,16,0.3018867924528302,0.26666666666666666,9,8,0.3,0.7,8,0.1093163937330246,0.0971294492483139,0.1093163937330246,0.0971294492483139,0.012186944484710693,-0.012186944484710693,0.408988356590271,-0.15106774866580963,0.43517830967903137
2026_08_18_00_53_52_283658_L3_right_C2,L3,C2,4.0,0.3389097514813868,blue,right,right,left,pick up the blue block,3,pregrasp,48,64,16,0.4025157232704403,0.35555555555555557,0,8,0.3,0.7,8,0.21643579006195068,0.2275417447090149,0.21643579006195068,0.2275417447090149,-0.011105954647064209,0.011105954647064209,0.44790637493133545,-0.19493751227855682,0.39846518635749817
2026_08_18_00_53_52_283658_L3_right_C2,L3,C2,4.0,0.3389097514813868,blue,right,right,left,pick up the blue block,3,pregrasp,48,64,16,0.4025157232704403,0.35555555555555557,1,8,0.3,0.7,8,0.29507458209991455,0.31205838918685913,0.29507458209991455,0.31205838918685913,-0.01698380708694458,0.01698380708694458,0.44790637493133545,-0.19493751227855682,0.39846518635749817
2026_08_18_00_53_52_283658_L3_right_C2,L3,C2,4.0,0.3389097514813868,blue,right,right,left,pick up the blue block,3,pregrasp,48,64,16,0.4025157232704403,0.35555555555555557,2,8,0.3,0.7,8,0.23243601620197296,0.24524131417274475,0.23243601620197296,0.24524131417274475,-0.01280529797077179,0.01280529797077179,0.44790637493133545,-0.19493751227855682,0.39846518635749817
2026_08_18_00_53_52_283658_L3_right_C2,L3,C2,4.0,0.3389097514813868,blue,right,right,left,pick up the blue block,3,pregrasp,48,64,16,0.4025157232704403,0.35555555555555557,3,8,0.3,0.7,8,0.21109969913959503,0.2237187922000885,0.21109969913959503,0.2237187922000885,-0.01261909306049347,0.01261909306049347,0.44790637493133545,-0.19493751227855682,0.39846518635749817
2026_08_18_00_53_52_283658_L3_right_C2,L3,C2,4.0,0.3389097514813868,blue,right,right,left,pick up the blue block,3,pregrasp,48,64,16,0.4025157232704403,0.35555555555555557,4,8,0.3,0.7,8,0.18044842779636383,0.18968437612056732,0.18044842779636383,0.18968437612056732,-0.009235948324203491,0.009235948324203491,0.44790637493133545,-0.19493751227855682,0.39846518635749817
2026_08_18_00_53_52_283658_L3_right_C2,L3,C2,4.0,0.3389097514813868,blue,right,right,left,pick up the blue block,3,pregrasp,48,64,16,0.4025157232704403,0.35555555555555557,5,8,0.3,0.7,8,0.2268173098564148,0.23842789232730865,0.2268173098564148,0.23842789232730865,-0.01161058247089386,0.01161058247089386,0.44790637493133545,-0.19493751227855682,0.39846518635749817
2026_08_18_00_53_52_283658_L3_right_C2,L3,C2,4.0,0.3389097514813868,blue,right,right,left,pick up the blue block,3,pregrasp,48,64,16,0.4025157232704403,0.35555555555555557,6,8,0.3,0.7,8,0.15221993625164032,0.16604292392730713,0.15221993625164032,0.16604292392730713,-0.013822987675666809,0.013822987675666809,0.44790637493133545,-0.19493751227855682,0.39846518635749817
2026_08_18_00_53_52_283658_L3_right_C2,L3,C2,4.0,0.3389097514813868,blue,right,right,left,pick up the blue block,3,pregrasp,48,64,16,0.4025157232704403,0.35555555555555557,7,8,0.3,0.7,8,0.21290552616119385,0.21994934976100922,0.21290552616119385,0.21994934976100922,-0.007043823599815369,0.007043823599815369,0.44790637493133545,-0.19493751227855682,0.39846518635749817
2026_08_18_00_53_52_283658_L3_right_C2,L3,C2,4.0,0.3389097514813868,blue,right,right,left,pick up the blue block,3,pregrasp,48,64,16,0.4025157232704403,0.35555555555555557,8,8,0.3,0.7,8,0.1283930391073227,0.13368409872055054,0.1283930391073227,0.13368409872055054,-0.005291059613227844,0.005291059613227844,0.44790637493133545,-0.19493751227855682,0.39846518635749817
2026_08_18_00_53_52_283658_L3_right_C2,L3,C2,4.0,0.3389097514813868,blue,right,right,left,pick up the blue block,3,pregrasp,48,64,16,0.4025157232704403,0.35555555555555557,9,8,0.3,0.7,8,0.2949674427509308,0.31253811717033386,0.2949674427509308,0.31253811717033386,-0.017570674419403076,0.017570674419403076,0.44790637493133545,-0.19493751227855682,0.39846518635749817
2026_08_18_00_53_52_283658_L3_right_C2,L3,C2,4.0,0.3389097514813868,blue,right,right,left,pick up the blue block,4,pregrasp,64,80,16,0.5031446540880503,0.4444444444444444,0,8,0.3,0.7,8,0.1305292844772339,0.14798417687416077,0.1305292844772339,0.14798417687416077,-0.01745489239692688,0.01745489239692688,0.49585556983947754,-0.20765945315361023,0.35108646750450134
2026_08_18_00_53_52_283658_L3_right_C2,L3,C2,4.0,0.3389097514813868,blue,right,right,left,pick up the blue block,4,pregrasp,64,80,16,0.5031446540880503,0.4444444444444444,1,8,0.3,0.7,8,0.17442555725574493,0.19859559834003448,0.17442555725574493,0.19859559834003448,-0.02417004108428955,0.02417004108428955,0.49585556983947754,-0.20765945315361023,0.35108646750450134
2026_08_18_00_53_52_283658_L3_right_C2,L3,C2,4.0,0.3389097514813868,blue,right,right,left,pick up the blue block,4,pregrasp,64,80,16,0.5031446540880503,0.4444444444444444,2,8,0.3,0.7,8,0.34718313813209534,0.37726008892059326,0.34718313813209534,0.37726008892059326,-0.030076950788497925,0.030076950788497925,0.49585556983947754,-0.20765945315361023,0.35108646750450134
2026_08_18_00_53_52_283658_L3_right_C2,L3,C2,4.0,0.3389097514813868,blue,right,right,left,pick up the blue block,4,pregrasp,64,80,16,0.5031446540880503,0.4444444444444444,3,8,0.3,0.7,8,0.25735387206077576,0.2821827232837677,0.25735387206077576,0.2821827232837677,-0.024828851222991943,0.024828851222991943,0.49585556983947754,-0.20765945315361023,0.35108646750450134
2026_08_18_00_53_52_283658_L3_right_C2,L3,C2,4.0,0.3389097514813868,blue,right,right,left,pick up the blue block,4,pregrasp,64,80,16,0.5031446540880503,0.4444444444444444,4,8,0.3,0.7,8,0.239114910364151,0.2591020166873932,0.239114910364151,0.2591020166873932,-0.019987106323242188,0.019987106323242188,0.49585556983947754,-0.20765945315361023,0.35108646750450134
2026_08_18_00_53_52_283658_L3_right_C2,L3,C2,4.0,0.3389097514813868,blue,right,right,left,pick up the blue block,4,pregrasp,64,80,16,0.5031446540880503,0.4444444444444444,5,8,0.3,0.7,8,0.2333424687385559,0.2517865300178528,0.2333424687385559,0.2517865300178528,-0.018444061279296875,0.018444061279296875,0.49585556983947754,-0.20765945315361023,0.35108646750450134
2026_08_18_00_53_52_283658_L3_right_C2,L3,C2,4.0,0.3389097514813868,blue,right,right,left,pick up the blue block,4,pregrasp,64,80,16,0.5031446540880503,0.4444444444444444,6,8,0.3,0.7,8,0.2676845192909241,0.30671292543411255,0.2676845192909241,0.30671292543411255,-0.03902840614318848,0.03902840614318848,0.49585556983947754,-0.20765945315361023,0.35108646750450134
2026_08_18_00_53_52_283658_L3_right_C2,L3,C2,4.0,0.3389097514813868,blue,right,right,left,pick up the blue block,4,pregrasp,64,80,16,0.5031446540880503,0.4444444444444444,7,8,0.3,0.7,8,0.28673607110977173,0.3211567997932434,0.28673607110977173,0.3211567997932434,-0.03442072868347168,0.03442072868347168,0.49585556983947754,-0.20765945315361023,0.35108646750450134
2026_08_18_00_53_52_283658_L3_right_C2,L3,C2,4.0,0.3389097514813868,blue,right,right,left,pick up the blue block,4,pregrasp,64,80,16,0.5031446540880503,0.4444444444444444,8,8,0.3,0.7,8,0.2774113714694977,0.30395179986953735,0.2774113714694977,0.30395179986953735,-0.026540428400039673,0.026540428400039673,0.49585556983947754,-0.20765945315361023,0.35108646750450134
2026_08_18_00_53_52_283658_L3_right_C2,L3,C2,4.0,0.3389097514813868,blue,right,right,left,pick up the blue block,4,pregrasp,64,80,16,0.5031446540880503,0.4444444444444444,9,8,0.3,0.7,8,0.21741710603237152,0.2332330346107483,0.21741710603237152,0.2332330346107483,-0.01581592857837677,0.01581592857837677,0.49585556983947754,-0.20765945315361023,0.35108646750450134
2026_08_18_00_53_52_283658_L3_right_C2,L3,C2,4.0,0.3389097514813868,blue,right,right,left,pick up the blue block,5,pregrasp,80,96,16,0.6037735849056604,0.5333333333333333,0,8,0.3,0.7,8,0.3587850034236908,0.3502972722053528,0.3587850034236908,0.3502972722053528,0.008487731218338013,-0.008487731218338013,0.5433093309402466,-0.18448373675346375,0.3066089451313019
2026_08_18_00_53_52_283658_L3_right_C2,L3,C2,4.0,0.3389097514813868,blue,right,right,left,pick up the blue block,5,pregrasp,80,96,16,0.6037735849056604,0.5333333333333333,1,8,0.3,0.7,8,0.3072041869163513,0.30330321192741394,0.3072041869163513,0.30330321192741394,0.003900974988937378,-0.003900974988937378,0.5433093309402466,-0.18448373675346375,0.3066089451313019
2026_08_18_00_53_52_283658_L3_right_C2,L3,C2,4.0,0.3389097514813868,blue,right,right,left,pick up the blue block,5,pregrasp,80,96,16,0.6037735849056604,0.5333333333333333,2,8,0.3,0.7,8,0.31503474712371826,0.30949538946151733,0.31503474712371826,0.30949538946151733,0.005539357662200928,-0.005539357662200928,0.5433093309402466,-0.18448373675346375,0.3066089451313019
2026_08_18_00_53_52_283658_L3_right_C2,L3,C2,4.0,0.3389097514813868,blue,right,right,left,pick up the blue block,5,pregrasp,80,96,16,0.6037735849056604,0.5333333333333333,3,8,0.3,0.7,8,0.3604247570037842,0.350725382566452,0.3604247570037842,0.350725382566452,0.009699374437332153,-0.009699374437332153,0.5433093309402466,-0.18448373675346375,0.3066089451313019
2026_08_18_00_53_52_283658_L3_right_C2,L3,C2,4.0,0.3389097514813868,blue,right,right,left,pick up the blue block,5,pregrasp,80,96,16,0.6037735849056604,0.5333333333333333,4,8,0.3,0.7,8,0.4085061550140381,0.400407612323761,0.4085061550140381,0.400407612323761,0.0080985426902771,-0.0080985426902771,0.5433093309402466,-0.18448373675346375,0.3066089451313019
2026_08_18_00_53_52_283658_L3_right_C2,L3,C2,4.0,0.3389097514813868,blue,right,right,left,pick up the blue block,5,pregrasp,80,96,16,0.6037735849056604,0.5333333333333333,5,8,0.3,0.7,8,0.30294132232666016,0.2998451888561249,0.30294132232666016,0.2998451888561249,0.0030961334705352783,-0.0030961334705352783,0.5433093309402466,-0.18448373675346375,0.3066089451313019
2026_08_18_00_53_52_283658_L3_right_C2,L3,C2,4.0,0.3389097514813868,blue,right,right,left,pick up the blue block,5,pregrasp,80,96,16,0.6037735849056604,0.5333333333333333,6,8,0.3,0.7,8,0.27167409658432007,0.26813510060310364,0.27167409658432007,0.26813510060310364,0.0035389959812164307,-0.0035389959812164307,0.5433093309402466,-0.18448373675346375,0.3066089451313019
2026_08_18_00_53_52_283658_L3_right_C2,L3,C2,4.0,0.3389097514813868,blue,right,right,left,pick up the blue block,5,pregrasp,80,96,16,0.6037735849056604,0.5333333333333333,7,8,0.3,0.7,8,0.3726137578487396,0.3689504563808441,0.3726137578487396,0.3689504563808441,0.003663301467895508,-0.003663301467895508,0.5433093309402466,-0.18448373675346375,0.3066089451313019
2026_08_18_00_53_52_283658_L3_right_C2,L3,C2,4.0,0.3389097514813868,blue,right,right,left,pick up the blue block,5,pregrasp,80,96,16,0.6037735849056604,0.5333333333333333,8,8,0.3,0.7,8,0.2951318919658661,0.29151979088783264,0.2951318919658661,0.29151979088783264,0.0036121010780334473,-0.0036121010780334473,0.5433093309402466,-0.18448373675346375,0.3066089451313019
2026_08_18_00_53_52_283658_L3_right_C2,L3,C2,4.0,0.3389097514813868,blue,right,right,left,pick up the blue block,5,pregrasp,80,96,16,0.6037735849056604,0.5333333333333333,9,8,0.3,0.7,8,0.24559445679187775,0.24160973727703094,0.24559445679187775,0.24160973727703094,0.003984719514846802,-0.003984719514846802,0.5433093309402466,-0.18448373675346375,0.3066089451313019
2026_08_18_00_53_52_283658_L3_right_C2,L3,C2,4.0,0.3389097514813868,blue,right,right,left,pick up the blue block,6,pregrasp,96,112,16,0.7044025157232704,0.6222222222222222,0,8,0.3,0.7,8,0.40110525488853455,0.49278903007507324,0.40110525488853455,0.49278903007507324,-0.0916837751865387,0.0916837751865387,0.5849971175193787,-0.14623911678791046,0.2667476534843445
2026_08_18_00_53_52_283658_L3_right_C2,L3,C2,4.0,0.3389097514813868,blue,right,right,left,pick up the blue block,6,pregrasp,96,112,16,0.7044025157232704,0.6222222222222222,1,8,0.3,0.7,8,0.3178042471408844,0.3986285924911499,0.3178042471408844,0.3986285924911499,-0.0808243453502655,0.0808243453502655,0.5849971175193787,-0.14623911678791046,0.2667476534843445
2026_08_18_00_53_52_283658_L3_right_C2,L3,C2,4.0,0.3389097514813868,blue,right,right,left,pick up the blue block,6,pregrasp,96,112,16,0.7044025157232704,0.6222222222222222,2,8,0.3,0.7,8,0.22230631113052368,0.28440091013908386,0.22230631113052368,0.28440091013908386,-0.06209459900856018,0.06209459900856018,0.5849971175193787,-0.14623911678791046,0.2667476534843445
2026_08_18_00_53_52_283658_L3_right_C2,L3,C2,4.0,0.3389097514813868,blue,right,right,left,pick up the blue block,6,pregrasp,96,112,16,0.7044025157232704,0.6222222222222222,3,8,0.3,0.7,8,0.31991276144981384,0.40815699100494385,0.31991276144981384,0.40815699100494385,-0.08824422955513,0.08824422955513,0.5849971175193787,-0.14623911678791046,0.2667476534843445
2026_08_18_00_53_52_283658_L3_right_C2,L3,C2,4.0,0.3389097514813868,blue,right,right,left,pick up the blue block,6,pregrasp,96,112,16,0.7044025157232704,0.6222222222222222,4,8,0.3,0.7,8,0.24722275137901306,0.318146288394928,0.24722275137901306,0.318146288394928,-0.07092353701591492,0.07092353701591492,0.5849971175193787,-0.14623911678791046,0.2667476534843445
2026_08_18_00_53_52_283658_L3_right_C2,L3,C2,4.0,0.3389097514813868,blue,right,right,left,pick up the blue block,6,pregrasp,96,112,16,0.7044025157232704,0.6222222222222222,5,8,0.3,0.7,8,0.3345735967159271,0.4133853018283844,0.3345735967159271,0.4133853018283844,-0.07881170511245728,0.07881170511245728,0.5849971175193787,-0.14623911678791046,0.2667476534843445
2026_08_18_00_53_52_283658_L3_right_C2,L3,C2,4.0,0.3389097514813868,blue,right,right,left,pick up the blue block,6,pregrasp,96,112,16,0.7044025157232704,0.6222222222222222,6,8,0.3,0.7,8,0.25600945949554443,0.31323444843292236,0.25600945949554443,0.31323444843292236,-0.05722498893737793,0.05722498893737793,0.5849971175193787,-0.14623911678791046,0.2667476534843445
2026_08_18_00_53_52_283658_L3_right_C2,L3,C2,4.0,0.3389097514813868,blue,right,right,left,pick up the blue block,6,pregrasp,96,112,16,0.7044025157232704,0.6222222222222222,7,8,0.3,0.7,8,0.34283509850502014,0.43446892499923706,0.34283509850502014,0.43446892499923706,-0.09163382649421692,0.09163382649421692,0.5849971175193787,-0.14623911678791046,0.2667476534843445
2026_08_18_00_53_52_283658_L3_right_C2,L3,C2,4.0,0.3389097514813868,blue,right,right,left,pick up the blue block,6,pregrasp,96,112,16,0.7044025157232704,0.6222222222222222,8,8,0.3,0.7,8,0.2224794179201126,0.28200703859329224,0.2224794179201126,0.28200703859329224,-0.059527620673179626,0.059527620673179626,0.5849971175193787,-0.14623911678791046,0.2667476534843445
2026_08_18_00_53_52_283658_L3_right_C2,L3,C2,4.0,0.3389097514813868,blue,right,right,left,pick up the blue block,6,pregrasp,96,112,16,0.7044025157232704,0.6222222222222222,9,8,0.3,0.7,8,0.21697653830051422,0.26075366139411926,0.21697653830051422,0.26075366139411926,-0.04377712309360504,0.04377712309360504,0.5849971175193787,-0.14623911678791046,0.2667476534843445
2026_08_18_00_53_52_283658_L3_right_C2,L3,C2,4.0,0.3389097514813868,blue,right,right,left,pick up the blue block,7,pregrasp,112,128,16,0.8050314465408805,0.7111111111111111,0,8,0.3,0.7,8,0.29435598850250244,0.3249235153198242,0.29435598850250244,0.3249235153198242,-0.030567526817321777,0.030567526817321777,0.6234413385391235,-0.10154188424348831,0.2301008254289627
2026_08_18_00_53_52_283658_L3_right_C2,L3,C2,4.0,0.3389097514813868,blue,right,right,left,pick up the blue block,7,pregrasp,112,128,16,0.8050314465408805,0.7111111111111111,1,8,0.3,0.7,8,0.38743939995765686,0.4317469000816345,0.38743939995765686,0.4317469000816345,-0.04430750012397766,0.04430750012397766,0.6234413385391235,-0.10154188424348831,0.2301008254289627
2026_08_18_00_53_52_283658_L3_right_C2,L3,C2,4.0,0.3389097514813868,blue,right,right,left,pick up the blue block,7,pregrasp,112,128,16,0.8050314465408805,0.7111111111111111,2,8,0.3,0.7,8,0.25212574005126953,0.2663190960884094,0.25212574005126953,0.2663190960884094,-0.014193356037139893,0.014193356037139893,0.6234413385391235,-0.10154188424348831,0.2301008254289627
2026_08_18_00_53_52_283658_L3_right_C2,L3,C2,4.0,0.3389097514813868,blue,right,right,left,pick up the blue block,7,pregrasp,112,128,16,0.8050314465408805,0.7111111111111111,3,8,0.3,0.7,8,0.3290504813194275,0.35744354128837585,0.3290504813194275,0.35744354128837585,-0.028393059968948364,0.028393059968948364,0.6234413385391235,-0.10154188424348831,0.2301008254289627
2026_08_18_00_53_52_283658_L3_right_C2,L3,C2,4.0,0.3389097514813868,blue,right,right,left,pick up the blue block,7,pregrasp,112,128,16,0.8050314465408805,0.7111111111111111,4,8,0.3,0.7,8,0.3940895199775696,0.4213624596595764,0.3940895199775696,0.4213624596595764,-0.027272939682006836,0.027272939682006836,0.6234413385391235,-0.10154188424348831,0.2301008254289627
2026_08_18_00_53_52_283658_L3_right_C2,L3,C2,4.0,0.3389097514813868,blue,right,right,left,pick up the blue block,7,pregrasp,112,128,16,0.8050314465408805,0.7111111111111111,5,8,0.3,0.7,8,0.2760658264160156,0.29481613636016846,0.2760658264160156,0.29481613636016846,-0.018750309944152832,0.018750309944152832,0.6234413385391235,-0.10154188424348831,0.2301008254289627
2026_08_18_00_53_52_283658_L3_right_C2,L3,C2,4.0,0.3389097514813868,blue,right,right,left,pick up the blue block,7,pregrasp,112,128,16,0.8050314465408805,0.7111111111111111,6,8,0.3,0.7,8,0.3895920515060425,0.4185611605644226,0.3895920515060425,0.4185611605644226,-0.028969109058380127,0.028969109058380127,0.6234413385391235,-0.10154188424348831,0.2301008254289627
2026_08_18_00_53_52_283658_L3_right_C2,L3,C2,4.0,0.3389097514813868,blue,right,right,left,pick up the blue block,7,pregrasp,112,128,16,0.8050314465408805,0.7111111111111111,7,8,0.3,0.7,8,0.261226087808609,0.26506316661834717,0.261226087808609,0.26506316661834717,-0.003837078809738159,0.003837078809738159,0.6234413385391235,-0.10154188424348831,0.2301008254289627
2026_08_18_00_53_52_283658_L3_right_C2,L3,C2,4.0,0.3389097514813868,blue,right,right,left,pick up the blue block,7,pregrasp,112,128,16,0.8050314465408805,0.7111111111111111,8,8,0.3,0.7,8,0.3050641715526581,0.31629952788352966,0.3050641715526581,0.31629952788352966,-0.011235356330871582,0.011235356330871582,0.6234413385391235,-0.10154188424348831,0.2301008254289627
2026_08_18_00_53_52_283658_L3_right_C2,L3,C2,4.0,0.3389097514813868,blue,right,right,left,pick up the blue block,7,pregrasp,112,128,16,0.8050314465408805,0.7111111111111111,9,8,0.3,0.7,8,0.26400893926620483,0.27624601125717163,0.26400893926620483,0.27624601125717163,-0.012237071990966797,0.012237071990966797,0.6234413385391235,-0.10154188424348831,0.2301008254289627
2026_08_18_00_53_52_283658_L3_right_C2,L3,C2,4.0,0.3389097514813868,blue,right,right,left,pick up the blue block,8,pregrasp,128,144,16,0.9056603773584906,0.8,0,8,0.3,0.7,8,0.36563658714294434,0.4212567210197449,0.36563658714294434,0.4212567210197449,-0.05562013387680054,0.05562013387680054,0.6599169373512268,-0.053404904901981354,0.19558268785476685
2026_08_18_00_53_52_283658_L3_right_C2,L3,C2,4.0,0.3389097514813868,blue,right,right,left,pick up the blue block,8,pregrasp,128,144,16,0.9056603773584906,0.8,1,8,0.3,0.7,8,0.2952668368816376,0.33608582615852356,0.2952668368816376,0.33608582615852356,-0.040818989276885986,0.040818989276885986,0.6599169373512268,-0.053404904901981354,0.19558268785476685
2026_08_18_00_53_52_283658_L3_right_C2,L3,C2,4.0,0.3389097514813868,blue,right,right,left,pick up the blue block,8,pregrasp,128,144,16,0.9056603773584906,0.8,2,8,0.3,0.7,8,0.3349800109863281,0.38827431201934814,0.3349800109863281,0.38827431201934814,-0.05329430103302002,0.05329430103302002,0.6599169373512268,-0.053404904901981354,0.19558268785476685
2026_08_18_00_53_52_283658_L3_right_C2,L3,C2,4.0,0.3389097514813868,blue,right,right,left,pick up the blue block,8,pregrasp,128,144,16,0.9056603773584906,0.8,3,8,0.3,0.7,8,0.32419589161872864,0.3859313726425171,0.32419589161872864,0.3859313726425171,-0.06173548102378845,0.06173548102378845,0.6599169373512268,-0.053404904901981354,0.19558268785476685
2026_08_18_00_53_52_283658_L3_right_C2,L3,C2,4.0,0.3389097514813868,blue,right,right,left,pick up the blue block,8,pregrasp,128,144,16,0.9056603773584906,0.8,4,8,0.3,0.7,8,0.26140162348747253,0.31575125455856323,0.26140162348747253,0.31575125455856323,-0.0543496310710907,0.0543496310710907,0.6599169373512268,-0.053404904901981354,0.19558268785476685
2026_08_18_00_53_52_283658_L3_right_C2,L3,C2,4.0,0.3389097514813868,blue,right,right,left,pick up the blue block,8,pregrasp,128,144,16,0.9056603773584906,0.8,5,8,0.3,0.7,8,0.2825877368450165,0.34331214427948,0.2825877368450165,0.34331214427948,-0.0607244074344635,0.0607244074344635,0.6599169373512268,-0.053404904901981354,0.19558268785476685
2026_08_18_00_53_52_283658_L3_right_C2,L3,C2,4.0,0.3389097514813868,blue,right,right,left,pick up the blue block,8,pregrasp,128,144,16,0.9056603773584906,0.8,6,8,0.3,0.7,8,0.3969101309776306,0.45027124881744385,0.3969101309776306,0.45027124881744385,-0.05336111783981323,0.05336111783981323,0.6599169373512268,-0.053404904901981354,0.19558268785476685
2026_08_18_00_53_52_283658_L3_right_C2,L3,C2,4.0,0.3389097514813868,blue,right,right,left,pick up the blue block,8,pregrasp,128,144,16,0.9056603773584906,0.8,7,8,0.3,0.7,8,0.35291051864624023,0.4002576470375061,0.35291051864624023,0.4002576470375061,-0.04734712839126587,0.04734712839126587,0.6599169373512268,-0.053404904901981354,0.19558268785476685
2026_08_18_00_53_52_283658_L3_right_C2,L3,C2,4.0,0.3389097514813868,blue,right,right,left,pick up the blue block,8,pregrasp,128,144,16,0.9056603773584906,0.8,8,8,0.3,0.7,8,0.25182491540908813,0.3008836507797241,0.25182491540908813,0.3008836507797241,-0.049058735370635986,0.049058735370635986,0.6599169373512268,-0.053404904901981354,0.19558268785476685
2026_08_18_00_53_52_283658_L3_right_C2,L3,C2,4.0,0.3389097514813868,blue,right,right,left,pick up the blue block,8,pregrasp,128,144,16,0.9056603773584906,0.8,9,8,0.3,0.7,8,0.30306264758110046,0.3623659908771515,0.30306264758110046,0.3623659908771515,-0.059303343296051025,0.059303343296051025,0.6599169373512268,-0.053404904901981354,0.19558268785476685
2026_08_18_00_53_52_283658_L3_right_C2,L3,C2,4.0,0.3389097514813868,blue,right,right,left,pick up the blue block,9,pregrasp,144,159,15,1.0,0.8833333333333333,0,8,0.3,0.7,8,0.29266560077667236,0.3034091889858246,0.29266560077667236,0.3034091889858246,-0.010743588209152222,0.010743588209152222,0.666696310043335,-0.0466642752289772,0.18934473395347595
2026_08_18_00_53_52_283658_L3_right_C2,L3,C2,4.0,0.3389097514813868,blue,right,right,left,pick up the blue block,9,pregrasp,144,159,15,1.0,0.8833333333333333,1,8,0.3,0.7,8,0.2988806962966919,0.31303220987319946,0.2988806962966919,0.31303220987319946,-0.014151513576507568,0.014151513576507568,0.666696310043335,-0.0466642752289772,0.18934473395347595
2026_08_18_00_53_52_283658_L3_right_C2,L3,C2,4.0,0.3389097514813868,blue,right,right,left,pick up the blue block,9,pregrasp,144,159,15,1.0,0.8833333333333333,2,8,0.3,0.7,8,0.3405558168888092,0.3484787046909332,0.3405558168888092,0.3484787046909332,-0.007922887802124023,0.007922887802124023,0.666696310043335,-0.0466642752289772,0.18934473395347595
2026_08_18_00_53_52_283658_L3_right_C2,L3,C2,4.0,0.3389097514813868,blue,right,right,left,pick up the blue block,9,pregrasp,144,159,15,1.0,0.8833333333333333,3,8,0.3,0.7,8,0.3462671935558319,0.3658376932144165,0.3462671935558319,0.3658376932144165,-0.019570499658584595,0.019570499658584595,0.666696310043335,-0.0466642752289772,0.18934473395347595
2026_08_18_00_53_52_283658_L3_right_C2,L3,C2,4.0,0.3389097514813868,blue,right,right,left,pick up the blue block,9,pregrasp,144,159,15,1.0,0.8833333333333333,4,8,0.3,0.7,8,0.352181077003479,0.3632866442203522,0.352181077003479,0.3632866442203522,-0.011105567216873169,0.011105567216873169,0.666696310043335,-0.0466642752289772,0.18934473395347595
2026_08_18_00_53_52_283658_L3_right_C2,L3,C2,4.0,0.3389097514813868,blue,right,right,left,pick up the blue block,9,pregrasp,144,159,15,1.0,0.8833333333333333,5,8,0.3,0.7,8,0.41480863094329834,0.4349312484264374,0.41480863094329834,0.4349312484264374,-0.020122617483139038,0.020122617483139038,0.666696310043335,-0.0466642752289772,0.18934473395347595
2026_08_18_00_53_52_283658_L3_right_C2,L3,C2,4.0,0.3389097514813868,blue,right,right,left,pick up the blue block,9,pregrasp,144,159,15,1.0,0.8833333333333333,6,8,0.3,0.7,8,0.22041845321655273,0.23138606548309326,0.22041845321655273,0.23138606548309326,-0.010967612266540527,0.010967612266540527,0.666696310043335,-0.0466642752289772,0.18934473395347595
2026_08_18_00_53_52_283658_L3_right_C2,L3,C2,4.0,0.3389097514813868,blue,right,right,left,pick up the blue block,9,pregrasp,144,159,15,1.0,0.8833333333333333,7,8,0.3,0.7,8,0.3081791400909424,0.321686714887619,0.3081791400909424,0.321686714887619,-0.013507574796676636,0.013507574796676636,0.666696310043335,-0.0466642752289772,0.18934473395347595
2026_08_18_00_53_52_283658_L3_right_C2,L3,C2,4.0,0.3389097514813868,blue,right,right,left,pick up the blue block,9,pregrasp,144,159,15,1.0,0.8833333333333333,8,8,0.3,0.7,8,0.24777983129024506,0.2579614520072937,0.24777983129024506,0.2579614520072937,-0.010181620717048645,0.010181620717048645,0.666696310043335,-0.0466642752289772,0.18934473395347595
2026_08_18_00_53_52_283658_L3_right_C2,L3,C2,4.0,0.3389097514813868,blue,right,right,left,pick up the blue block,9,pregrasp,144,159,15,1.0,0.8833333333333333,9,8,0.3,0.7,8,0.3336184620857239,0.3500097393989563,0.3336184620857239,0.3500097393989563,-0.016391277313232422,0.016391277313232422,0.666696310043335,-0.0466642752289772,0.18934473395347595
2026_08_18_00_53_52_283658_L3_right_C2,L3,C2,4.0,0.3389097514813868,blue,right,right,left,pick up the blue block,10,postgrasp,159,175,16,1.0,0.9722222222222222,0,8,0.3,0.7,8,0.4630206227302551,0.46482935547828674,0.4630206227302551,0.46482935547828674,-0.0018087327480316162,0.0018087327480316162,0.6671448945999146,-0.046607907861471176,0.1897658407688141
2026_08_18_00_53_52_283658_L3_right_C2,L3,C2,4.0,0.3389097514813868,blue,right,right,left,pick up the blue block,10,postgrasp,159,175,16,1.0,0.9722222222222222,1,8,0.3,0.7,8,0.47760099172592163,0.46376633644104004,0.47760099172592163,0.46376633644104004,0.013834655284881592,-0.013834655284881592,0.6671448945999146,-0.046607907861471176,0.1897658407688141
2026_08_18_00_53_52_283658_L3_right_C2,L3,C2,4.0,0.3389097514813868,blue,right,right,left,pick up the blue block,10,postgrasp,159,175,16,1.0,0.9722222222222222,2,8,0.3,0.7,8,0.44174498319625854,0.4509015381336212,0.44174498319625854,0.4509015381336212,-0.009156554937362671,0.009156554937362671,0.6671448945999146,-0.046607907861471176,0.1897658407688141
2026_08_18_00_53_52_283658_L3_right_C2,L3,C2,4.0,0.3389097514813868,blue,right,right,left,pick up the blue block,10,postgrasp,159,175,16,1.0,0.9722222222222222,3,8,0.3,0.7,8,0.6255367398262024,0.608880341053009,0.6255367398262024,0.608880341053009,0.01665639877319336,-0.01665639877319336,0.6671448945999146,-0.046607907861471176,0.1897658407688141
2026_08_18_00_53_52_283658_L3_right_C2,L3,C2,4.0,0.3389097514813868,blue,right,right,left,pick up the blue block,10,postgrasp,159,175,16,1.0,0.9722222222222222,4,8,0.3,0.7,8,0.4535982608795166,0.45001915097236633,0.4535982608795166,0.45001915097236633,0.0035791099071502686,-0.0035791099071502686,0.6671448945999146,-0.046607907861471176,0.1897658407688141
2026_08_18_00_53_52_283658_L3_right_C2,L3,C2,4.0,0.3389097514813868,blue,right,right,left,pick up the blue block,10,postgrasp,159,175,16,1.0,0.9722222222222222,5,8,0.3,0.7,8,0.5607225894927979,0.5578078031539917,0.5607225894927979,0.5578078031539917,0.0029147863388061523,-0.0029147863388061523,0.6671448945999146,-0.046607907861471176,0.1897658407688141
2026_08_18_00_53_52_283658_L3_right_C2,L3,C2,4.0,0.3389097514813868,blue,right,right,left,pick up the blue block,10,postgrasp,159,175,16,1.0,0.9722222222222222,6,8,0.3,0.7,8,0.5222053527832031,0.5059566497802734,0.5222053527832031,0.5059566497802734,0.016248703002929688,-0.016248703002929688,0.6671448945999146,-0.046607907861471176,0.1897658407688141
2026_08_18_00_53_52_283658_L3_right_C2,L3,C2,4.0,0.3389097514813868,blue,right,right,left,pick up the blue block,10,postgrasp,159,175,16,1.0,0.9722222222222222,7,8,0.3,0.7,8,0.5606079697608948,0.5489315390586853,0.5606079697608948,0.5489315390586853,0.011676430702209473,-0.011676430702209473,0.6671448945999146,-0.046607907861471176,0.1897658407688141
2026_08_18_00_53_52_283658_L3_right_C2,L3,C2,4.0,0.3389097514813868,blue,right,right,left,pick up the blue block,10,postgrasp,159,175,16,1.0,0.9722222222222222,8,8,0.3,0.7,8,0.6109352111816406,0.5942438244819641,0.6109352111816406,0.5942438244819641,0.016691386699676514,-0.016691386699676514,0.6671448945999146,-0.046607907861471176,0.1897658407688141
2026_08_18_00_53_52_283658_L3_right_C2,L3,C2,4.0,0.3389097514813868,blue,right,right,left,pick up the blue block,10,postgrasp,159,175,16,1.0,0.9722222222222222,9,8,0.3,0.7,8,0.5026282668113708,0.4953303933143616,0.5026282668113708,0.4953303933143616,0.007297873497009277,-0.007297873497009277,0.6671448945999146,-0.046607907861471176,0.1897658407688141
2026_08_18_00_53_52_283658_L3_right_C2,L3,C2,4.0,0.3389097514813868,blue,right,right,left,pick up the blue block,11,postgrasp,175,180,5,1.0,1.0,0,8,0.3,0.7,8,0.5058070421218872,0.5063902139663696,0.5058070421218872,0.5063902139663696,-0.0005831718444824219,0.0005831718444824219,0.6671451926231384,-0.04661231115460396,0.1897638738155365
2026_08_18_00_53_52_283658_L3_right_C2,L3,C2,4.0,0.3389097514813868,blue,right,right,left,pick up the blue block,11,postgrasp,175,180,5,1.0,1.0,1,8,0.3,0.7,8,0.4215988218784332,0.4009377360343933,0.4215988218784332,0.4009377360343933,0.020661085844039917,-0.020661085844039917,0.6671451926231384,-0.04661231115460396,0.1897638738155365
2026_08_18_00_53_52_283658_L3_right_C2,L3,C2,4.0,0.3389097514813868,blue,right,right,left,pick up the blue block,11,postgrasp,175,180,5,1.0,1.0,2,8,0.3,0.7,8,0.3840559720993042,0.36619314551353455,0.3840559720993042,0.36619314551353455,0.017862826585769653,-0.017862826585769653,0.6671451926231384,-0.04661231115460396,0.1897638738155365
2026_08_18_00_53_52_283658_L3_right_C2,L3,C2,4.0,0.3389097514813868,blue,right,right,left,pick up the blue block,11,postgrasp,175,180,5,1.0,1.0,3,8,0.3,0.7,8,0.42265966534614563,0.4208654463291168,0.42265966534614563,0.4208654463291168,0.0017942190170288086,-0.0017942190170288086,0.6671451926231384,-0.04661231115460396,0.1897638738155365
2026_08_18_00_53_52_283658_L3_right_C2,L3,C2,4.0,0.3389097514813868,blue,right,right,left,pick up the blue block,11,postgrasp,175,180,5,1.0,1.0,4,8,0.3,0.7,8,0.436666339635849,0.43502163887023926,0.436666339635849,0.43502163887023926,0.0016447007656097412,-0.0016447007656097412,0.6671451926231384,-0.04661231115460396,0.1897638738155365
2026_08_18_00_53_52_283658_L3_right_C2,L3,C2,4.0,0.3389097514813868,blue,right,right,left,pick up the blue block,11,postgrasp,175,180,5,1.0,1.0,5,8,0.3,0.7,8,0.3711000382900238,0.36962035298347473,0.3711000382900238,0.36962035298347473,0.0014796853065490723,-0.0014796853065490723,0.6671451926231384,-0.04661231115460396,0.1897638738155365
2026_08_18_00_53_52_283658_L3_right_C2,L3,C2,4.0,0.3389097514813868,blue,right,right,left,pick up the blue block,11,postgrasp,175,180,5,1.0,1.0,6,8,0.3,0.7,8,0.4729095995426178,0.4663068354129791,0.4729095995426178,0.4663068354129791,0.006602764129638672,-0.006602764129638672,0.6671451926231384,-0.04661231115460396,0.1897638738155365
2026_08_18_00_53_52_283658_L3_right_C2,L3,C2,4.0,0.3389097514813868,blue,right,right,left,pick up the blue block,11,postgrasp,175,180,5,1.0,1.0,7,8,0.3,0.7,8,0.45922449231147766,0.4587516188621521,0.45922449231147766,0.4587516188621521,0.0004728734493255615,-0.0004728734493255615,0.6671451926231384,-0.04661231115460396,0.1897638738155365
2026_08_18_00_53_52_283658_L3_right_C2,L3,C2,4.0,0.3389097514813868,blue,right,right,left,pick up the blue block,11,postgrasp,175,180,5,1.0,1.0,8,8,0.3,0.7,8,0.4262925982475281,0.41155150532722473,0.4262925982475281,0.41155150532722473,0.014741092920303345,-0.014741092920303345,0.6671451926231384,-0.04661231115460396,0.1897638738155365
2026_08_18_00_53_52_283658_L3_right_C2,L3,C2,4.0,0.3389097514813868,blue,right,right,left,pick up the blue block,11,postgrasp,175,180,5,1.0,1.0,9,8,0.3,0.7,8,0.4336535334587097,0.415641188621521,0.4336535334587097,0.415641188621521,0.01801234483718872,-0.01801234483718872,0.6671451926231384,-0.04661231115460396,0.1897638738155365
2026_08_18_00_54_32_747715_L3_left_C0,L3,C0,0.0,0.0,red,left,right,left,pick up the red block,0,pregrasp,0,16,16,0.13333333333333333,0.11347517730496454,0,8,0.3,0.7,8,0.3774369955062866,0.41128939390182495,0.41128939390182495,0.3774369955062866,-0.03385239839553833,-0.03385239839553833,0.3826976716518402,-0.0033571694511920214,0.4674624800682068
2026_08_18_00_54_32_747715_L3_left_C0,L3,C0,0.0,0.0,red,left,right,left,pick up the red block,0,pregrasp,0,16,16,0.13333333333333333,0.11347517730496454,1,8,0.3,0.7,8,0.33051058650016785,0.34252867102622986,0.34252867102622986,0.33051058650016785,-0.012018084526062012,-0.012018084526062012,0.3826976716518402,-0.0033571694511920214,0.4674624800682068
2026_08_18_00_54_32_747715_L3_left_C0,L3,C0,0.0,0.0,red,left,right,left,pick up the red block,0,pregrasp,0,16,16,0.13333333333333333,0.11347517730496454,2,8,0.3,0.7,8,0.33924102783203125,0.35016316175460815,0.35016316175460815,0.33924102783203125,-0.010922133922576904,-0.010922133922576904,0.3826976716518402,-0.0033571694511920214,0.4674624800682068
2026_08_18_00_54_32_747715_L3_left_C0,L3,C0,0.0,0.0,red,left,right,left,pick up the red block,0,pregrasp,0,16,16,0.13333333333333333,0.11347517730496454,3,8,0.3,0.7,8,0.30317485332489014,0.30316248536109924,0.30316248536109924,0.30317485332489014,1.2367963790893555e-05,1.2367963790893555e-05,0.3826976716518402,-0.0033571694511920214,0.4674624800682068
2026_08_18_00_54_32_747715_L3_left_C0,L3,C0,0.0,0.0,red,left,right,left,pick up the red block,0,pregrasp,0,16,16,0.13333333333333333,0.11347517730496454,4,8,0.3,0.7,8,0.37313640117645264,0.39057502150535583,0.39057502150535583,0.37313640117645264,-0.017438620328903198,-0.017438620328903198,0.3826976716518402,-0.0033571694511920214,0.4674624800682068
2026_08_18_00_54_32_747715_L3_left_C0,L3,C0,0.0,0.0,red,left,right,left,pick up the red block,0,pregrasp,0,16,16,0.13333333333333333,0.11347517730496454,5,8,0.3,0.7,8,0.35332798957824707,0.41026467084884644,0.41026467084884644,0.35332798957824707,-0.056936681270599365,-0.056936681270599365,0.3826976716518402,-0.0033571694511920214,0.4674624800682068
2026_08_18_00_54_32_747715_L3_left_C0,L3,C0,0.0,0.0,red,left,right,left,pick up the red block,0,pregrasp,0,16,16,0.13333333333333333,0.11347517730496454,6,8,0.3,0.7,8,0.45727500319480896,0.4228689968585968,0.4228689968585968,0.45727500319480896,0.03440600633621216,0.03440600633621216,0.3826976716518402,-0.0033571694511920214,0.4674624800682068
2026_08_18_00_54_32_747715_L3_left_C0,L3,C0,0.0,0.0,red,left,right,left,pick up the red block,0,pregrasp,0,16,16,0.13333333333333333,0.11347517730496454,7,8,0.3,0.7,8,0.4492749571800232,0.4777226448059082,0.4777226448059082,0.4492749571800232,-0.02844768762588501,-0.02844768762588501,0.3826976716518402,-0.0033571694511920214,0.4674624800682068
2026_08_18_00_54_32_747715_L3_left_C0,L3,C0,0.0,0.0,red,left,right,left,pick up the red block,0,pregrasp,0,16,16,0.13333333333333333,0.11347517730496454,8,8,0.3,0.7,8,0.3575991690158844,0.3403559923171997,0.3403559923171997,0.3575991690158844,0.017243176698684692,0.017243176698684692,0.3826976716518402,-0.0033571694511920214,0.4674624800682068
2026_08_18_00_54_32_747715_L3_left_C0,L3,C0,0.0,0.0,red,left,right,left,pick up the red block,0,pregrasp,0,16,16,0.13333333333333333,0.11347517730496454,9,8,0.3,0.7,8,0.2908843755722046,0.2820569574832916,0.2820569574832916,0.2908843755722046,0.008827418088912964,0.008827418088912964,0.3826976716518402,-0.0033571694511920214,0.4674624800682068
2026_08_18_00_54_32_747715_L3_left_C0,L3,C0,0.0,0.0,red,left,right,left,pick up the red block,1,pregrasp,16,32,16,0.26666666666666666,0.22695035460992907,0,8,0.3,0.7,8,0.22450502216815948,0.23395892977714539,0.23395892977714539,0.22450502216815948,-0.009453907608985901,-0.009453907608985901,0.4272044003009796,0.002440511714667082,0.41521525382995605
2026_08_18_00_54_32_747715_L3_left_C0,L3,C0,0.0,0.0,red,left,right,left,pick up the red block,1,pregrasp,16,32,16,0.26666666666666666,0.22695035460992907,1,8,0.3,0.7,8,0.34610649943351746,0.38408219814300537,0.38408219814300537,0.34610649943351746,-0.037975698709487915,-0.037975698709487915,0.4272044003009796,0.002440511714667082,0.41521525382995605
2026_08_18_00_54_32_747715_L3_left_C0,L3,C0,0.0,0.0,red,left,right,left,pick up the red block,1,pregrasp,16,32,16,0.26666666666666666,0.22695035460992907,2,8,0.3,0.7,8,0.22113148868083954,0.22189612686634064,0.22189612686634064,0.22113148868083954,-0.0007646381855010986,-0.0007646381855010986,0.4272044003009796,0.002440511714667082,0.41521525382995605
2026_08_18_00_54_32_747715_L3_left_C0,L3,C0,0.0,0.0,red,left,right,left,pick up the red block,1,pregrasp,16,32,16,0.26666666666666666,0.22695035460992907,3,8,0.3,0.7,8,0.2579838037490845,0.26478180289268494,0.26478180289268494,0.2579838037490845,-0.006797999143600464,-0.006797999143600464,0.4272044003009796,0.002440511714667082,0.41521525382995605
2026_08_18_00_54_32_747715_L3_left_C0,L3,C0,0.0,0.0,red,left,right,left,pick up the red block,1,pregrasp,16,32,16,0.26666666666666666,0.22695035460992907,4,8,0.3,0.7,8,0.328372597694397,0.349476158618927,0.349476158618927,0.328372597694397,-0.02110356092453003,-0.02110356092453003,0.4272044003009796,0.002440511714667082,0.41521525382995605
2026_08_18_00_54_32_747715_L3_left_C0,L3,C0,0.0,0.0,red,left,right,left,pick up the red block,1,pregrasp,16,32,16,0.26666666666666666,0.22695035460992907,5,8,0.3,0.7,8,0.2879393994808197,0.3040066957473755,0.3040066957473755,0.2879393994808197,-0.016067296266555786,-0.016067296266555786,0.4272044003009796,0.002440511714667082,0.41521525382995605
2026_08_18_00_54_32_747715_L3_left_C0,L3,C0,0.0,0.0,red,left,right,left,pick up the red block,1,pregrasp,16,32,16,0.26666666666666666,0.22695035460992907,6,8,0.3,0.7,8,0.34063413739204407,0.36117440462112427,0.36117440462112427,0.34063413739204407,-0.0205402672290802,-0.0205402672290802,0.4272044003009796,0.002440511714667082,0.41521525382995605
2026_08_18_00_54_32_747715_L3_left_C0,L3,C0,0.0,0.0,red,left,right,left,pick up the red block,1,pregrasp,16,32,16,0.26666666666666666,0.22695035460992907,7,8,0.3,0.7,8,0.33539971709251404,0.3494824469089508,0.3494824469089508,0.33539971709251404,-0.014082729816436768,-0.014082729816436768,0.4272044003009796,0.002440511714667082,0.41521525382995605
2026_08_18_00_54_32_747715_L3_left_C0,L3,C0,0.0,0.0,red,left,right,left,pick up the red block,1,pregrasp,16,32,16,0.26666666666666666,0.22695035460992907,8,8,0.3,0.7,8,0.2801074981689453,0.30169478058815,0.30169478058815,0.2801074981689453,-0.021587282419204712,-0.021587282419204712,0.4272044003009796,0.002440511714667082,0.41521525382995605
2026_08_18_00_54_32_747715_L3_left_C0,L3,C0,0.0,0.0,red,left,right,left,pick up the red block,1,pregrasp,16,32,16,0.26666666666666666,0.22695035460992907,9,8,0.3,0.7,8,0.22546370327472687,0.2367219775915146,0.2367219775915146,0.22546370327472687,-0.01125827431678772,-0.01125827431678772,0.4272044003009796,0.002440511714667082,0.41521525382995605
2026_08_18_00_54_32_747715_L3_left_C0,L3,C0,0.0,0.0,red,left,right,left,pick up the red block,2,pregrasp,32,48,16,0.4,0.3404255319148936,0,8,0.3,0.7,8,0.35343819856643677,0.3821324110031128,0.3821324110031128,0.35343819856643677,-0.028694212436676025,-0.028694212436676025,0.47765612602233887,0.00974524300545454,0.36786404252052307
2026_08_18_00_54_32_747715_L3_left_C0,L3,C0,0.0,0.0,red,left,right,left,pick up the red block,2,pregrasp,32,48,16,0.4,0.3404255319148936,1,8,0.3,0.7,8,0.1896035373210907,0.20540596544742584,0.20540596544742584,0.1896035373210907,-0.015802428126335144,-0.015802428126335144,0.47765612602233887,0.00974524300545454,0.36786404252052307
2026_08_18_00_54_32_747715_L3_left_C0,L3,C0,0.0,0.0,red,left,right,left,pick up the red block,2,pregrasp,32,48,16,0.4,0.3404255319148936,2,8,0.3,0.7,8,0.22247660160064697,0.2502083480358124,0.2502083480358124,0.22247660160064697,-0.027731746435165405,-0.027731746435165405,0.47765612602233887,0.00974524300545454,0.36786404252052307
2026_08_18_00_54_32_747715_L3_left_C0,L3,C0,0.0,0.0,red,left,right,left,pick up the red block,2,pregrasp,32,48,16,0.4,0.3404255319148936,3,8,0.3,0.7,8,0.203937366604805,0.23223485052585602,0.23223485052585602,0.203937366604805,-0.028297483921051025,-0.028297483921051025,0.47765612602233887,0.00974524300545454,0.36786404252052307
2026_08_18_00_54_32_747715_L3_left_C0,L3,C0,0.0,0.0,red,left,right,left,pick up the red block,2,pregrasp,32,48,16,0.4,0.3404255319148936,4,8,0.3,0.7,8,0.2565576732158661,0.2816612720489502,0.2816612720489502,0.2565576732158661,-0.025103598833084106,-0.025103598833084106,0.47765612602233887,0.00974524300545454,0.36786404252052307
2026_08_18_00_54_32_747715_L3_left_C0,L3,C0,0.0,0.0,red,left,right,left,pick up the red block,2,pregrasp,32,48,16,0.4,0.3404255319148936,5,8,0.3,0.7,8,0.3595227599143982,0.39185142517089844,0.39185142517089844,0.3595227599143982,-0.032328665256500244,-0.032328665256500244,0.47765612602233887,0.00974524300545454,0.36786404252052307
2026_08_18_00_54_32_747715_L3_left_C0,L3,C0,0.0,0.0,red,left,right,left,pick up the red block,2,pregrasp,32,48,16,0.4,0.3404255319148936,6,8,0.3,0.7,8,0.309179425239563,0.31694716215133667,0.31694716215133667,0.309179425239563,-0.007767736911773682,-0.007767736911773682,0.47765612602233887,0.00974524300545454,0.36786404252052307
2026_08_18_00_54_32_747715_L3_left_C0,L3,C0,0.0,0.0,red,left,right,left,pick up the red block,2,pregrasp,32,48,16,0.4,0.3404255319148936,7,8,0.3,0.7,8,0.2845799922943115,0.3161523938179016,0.3161523938179016,0.2845799922943115,-0.03157240152359009,-0.03157240152359009,0.47765612602233887,0.00974524300545454,0.36786404252052307
2026_08_18_00_54_32_747715_L3_left_C0,L3,C0,0.0,0.0,red,left,right,left,pick up the red block,2,pregrasp,32,48,16,0.4,0.3404255319148936,8,8,0.3,0.7,8,0.259845107793808,0.2919759452342987,0.2919759452342987,0.259845107793808,-0.03213083744049072,-0.03213083744049072,0.47765612602233887,0.00974524300545454,0.36786404252052307
2026_08_18_00_54_32_747715_L3_left_C0,L3,C0,0.0,0.0,red,left,right,left,pick up the red block,2,pregrasp,32,48,16,0.4,0.3404255319148936,9,8,0.3,0.7,8,0.3307330906391144,0.3626475930213928,0.3626475930213928,0.3307330906391144,-0.03191450238227844,-0.03191450238227844,0.47765612602233887,0.00974524300545454,0.36786404252052307
2026_08_18_00_54_32_747715_L3_left_C0,L3,C0,0.0,0.0,red,left,right,left,pick up the red block,3,pregrasp,48,64,16,0.5333333333333333,0.45390070921985815,0,8,0.3,0.7,8,0.2993987798690796,0.2929089069366455,0.2929089069366455,0.2993987798690796,0.006489872932434082,0.006489872932434082,0.5285304188728333,0.016654228791594505,0.32051193714141846
2026_08_18_00_54_32_747715_L3_left_C0,L3,C0,0.0,0.0,red,left,right,left,pick up the red block,3,pregrasp,48,64,16,0.5333333333333333,0.45390070921985815,1,8,0.3,0.7,8,0.19158899784088135,0.18301093578338623,0.18301093578338623,0.19158899784088135,0.008578062057495117,0.008578062057495117,0.5285304188728333,0.016654228791594505,0.32051193714141846
2026_08_18_00_54_32_747715_L3_left_C0,L3,C0,0.0,0.0,red,left,right,left,pick up the red block,3,pregrasp,48,64,16,0.5333333333333333,0.45390070921985815,2,8,0.3,0.7,8,0.28137463331222534,0.2773429751396179,0.2773429751396179,0.28137463331222534,0.004031658172607422,0.004031658172607422,0.5285304188728333,0.016654228791594505,0.32051193714141846
2026_08_18_00_54_32_747715_L3_left_C0,L3,C0,0.0,0.0,red,left,right,left,pick up the red block,3,pregrasp,48,64,16,0.5333333333333333,0.45390070921985815,3,8,0.3,0.7,8,0.29493796825408936,0.28502118587493896,0.28502118587493896,0.29493796825408936,0.00991678237915039,0.00991678237915039,0.5285304188728333,0.016654228791594505,0.32051193714141846
2026_08_18_00_54_32_747715_L3_left_C0,L3,C0,0.0,0.0,red,left,right,left,pick up the red block,3,pregrasp,48,64,16,0.5333333333333333,0.45390070921985815,4,8,0.3,0.7,8,0.3519480228424072,0.34486162662506104,0.34486162662506104,0.3519480228424072,0.007086396217346191,0.007086396217346191,0.5285304188728333,0.016654228791594505,0.32051193714141846
2026_08_18_00_54_32_747715_L3_left_C0,L3,C0,0.0,0.0,red,left,right,left,pick up the red block,3,pregrasp,48,64,16,0.5333333333333333,0.45390070921985815,5,8,0.3,0.7,8,0.28522616624832153,0.28185680508613586,0.28185680508613586,0.28522616624832153,0.003369361162185669,0.003369361162185669,0.5285304188728333,0.016654228791594505,0.32051193714141846
2026_08_18_00_54_32_747715_L3_left_C0,L3,C0,0.0,0.0,red,left,right,left,pick up the red block,3,pregrasp,48,64,16,0.5333333333333333,0.45390070921985815,6,8,0.3,0.7,8,0.2613351345062256,0.24874252080917358,0.24874252080917358,0.2613351345062256,0.012592613697052002,0.012592613697052002,0.5285304188728333,0.016654228791594505,0.32051193714141846
2026_08_18_00_54_32_747715_L3_left_C0,L3,C0,0.0,0.0,red,left,right,left,pick up the red block,3,pregrasp,48,64,16,0.5333333333333333,0.45390070921985815,7,8,0.3,0.7,8,0.20664407312870026,0.20611000061035156,0.20611000061035156,0.20664407312870026,0.0005340725183486938,0.0005340725183486938,0.5285304188728333,0.016654228791594505,0.32051193714141846
2026_08_18_00_54_32_747715_L3_left_C0,L3,C0,0.0,0.0,red,left,right,left,pick up the red block,3,pregrasp,48,64,16,0.5333333333333333,0.45390070921985815,8,8,0.3,0.7,8,0.2524864971637726,0.256238728761673,0.256238728761673,0.2524864971637726,-0.0037522315979003906,-0.0037522315979003906,0.5285304188728333,0.016654228791594505,0.32051193714141846
2026_08_18_00_54_32_747715_L3_left_C0,L3,C0,0.0,0.0,red,left,right,left,pick up the red block,3,pregrasp,48,64,16,0.5333333333333333,0.45390070921985815,9,8,0.3,0.7,8,0.16469834744930267,0.15676672756671906,0.15676672756671906,0.16469834744930267,0.007931619882583618,0.007931619882583618,0.5285304188728333,0.016654228791594505,0.32051193714141846
2026_08_18_00_54_32_747715_L3_left_C0,L3,C0,0.0,0.0,red,left,right,left,pick up the red block,4,pregrasp,64,80,16,0.6666666666666666,0.5673758865248227,0,8,0.3,0.7,8,0.15802061557769775,0.13566675782203674,0.13566675782203674,0.15802061557769775,0.02235385775566101,0.02235385775566101,0.5793185234069824,0.024500800296664238,0.27272605895996094
2026_08_18_00_54_32_747715_L3_left_C0,L3,C0,0.0,0.0,red,left,right,left,pick up the red block,4,pregrasp,64,80,16,0.6666666666666666,0.5673758865248227,1,8,0.3,0.7,8,0.3173896074295044,0.28273966908454895,0.28273966908454895,0.3173896074295044,0.034649938344955444,0.034649938344955444,0.5793185234069824,0.024500800296664238,0.27272605895996094
2026_08_18_00_54_32_747715_L3_left_C0,L3,C0,0.0,0.0,red,left,right,left,pick up the red block,4,pregrasp,64,80,16,0.6666666666666666,0.5673758865248227,2,8,0.3,0.7,8,0.17794309556484222,0.15432438254356384,0.15432438254356384,0.17794309556484222,0.02361871302127838,0.02361871302127838,0.5793185234069824,0.024500800296664238,0.27272605895996094
2026_08_18_00_54_32_747715_L3_left_C0,L3,C0,0.0,0.0,red,left,right,left,pick up the red block,4,pregrasp,64,80,16,0.6666666666666666,0.5673758865248227,3,8,0.3,0.7,8,0.20267212390899658,0.17320765554904938,0.17320765554904938,0.20267212390899658,0.029464468359947205,0.029464468359947205,0.5793185234069824,0.024500800296664238,0.27272605895996094
2026_08_18_00_54_32_747715_L3_left_C0,L3,C0,0.0,0.0,red,left,right,left,pick up the red block,4,pregrasp,64,80,16,0.6666666666666666,0.5673758865248227,4,8,0.3,0.7,8,0.22752687335014343,0.19169127941131592,0.19169127941131592,0.22752687335014343,0.035835593938827515,0.035835593938827515,0.5793185234069824,0.024500800296664238,0.27272605895996094
2026_08_18_00_54_32_747715_L3_left_C0,L3,C0,0.0,0.0,red,left,right,left,pick up the red block,4,pregrasp,64,80,16,0.6666666666666666,0.5673758865248227,5,8,0.3,0.7,8,0.2508573830127716,0.21603775024414062,0.21603775024414062,0.2508573830127716,0.03481963276863098,0.03481963276863098,0.5793185234069824,0.024500800296664238,0.27272605895996094
2026_08_18_00_54_32_747715_L3_left_C0,L3,C0,0.0,0.0,red,left,right,left,pick up the red block,4,pregrasp,64,80,16,0.6666666666666666,0.5673758865248227,6,8,0.3,0.7,8,0.27648627758026123,0.22819283604621887,0.22819283604621887,0.27648627758026123,0.04829344153404236,0.04829344153404236,0.5793185234069824,0.024500800296664238,0.27272605895996094
2026_08_18_00_54_32_747715_L3_left_C0,L3,C0,0.0,0.0,red,left,right,left,pick up the red block,4,pregrasp,64,80,16,0.6666666666666666,0.5673758865248227,7,8,0.3,0.7,8,0.16691701114177704,0.14052531123161316,0.14052531123161316,0.16691701114177704,0.02639169991016388,0.02639169991016388,0.5793185234069824,0.024500800296664238,0.27272605895996094
2026_08_18_00_54_32_747715_L3_left_C0,L3,C0,0.0,0.0,red,left,right,left,pick up the red block,4,pregrasp,64,80,16,0.6666666666666666,0.5673758865248227,8,8,0.3,0.7,8,0.18930333852767944,0.1625470519065857,0.1625470519065857,0.18930333852767944,0.02675628662109375,0.02675628662109375,0.5793185234069824,0.024500800296664238,0.27272605895996094
2026_08_18_00_54_32_747715_L3_left_C0,L3,C0,0.0,0.0,red,left,right,left,pick up the red block,4,pregrasp,64,80,16,0.6666666666666666,0.5673758865248227,9,8,0.3,0.7,8,0.24788117408752441,0.21609249711036682,0.21609249711036682,0.24788117408752441,0.03178867697715759,0.03178867697715759,0.5793185234069824,0.024500800296664238,0.27272605895996094
2026_08_18_00_54_32_747715_L3_left_C0,L3,C0,0.0,0.0,red,left,right,left,pick up the red block,5,pregrasp,80,96,16,0.8,0.6808510638297872,0,8,0.3,0.7,8,0.2799321115016937,0.18953877687454224,0.18953877687454224,0.2799321115016937,0.09039333462715149,0.09039333462715149,0.6296406984329224,0.03180771693587303,0.22454507648944855
2026_08_18_00_54_32_747715_L3_left_C0,L3,C0,0.0,0.0,red,left,right,left,pick up the red block,5,pregrasp,80,96,16,0.8,0.6808510638297872,1,8,0.3,0.7,8,0.2992776930332184,0.23115266859531403,0.23115266859531403,0.2992776930332184,0.06812502443790436,0.06812502443790436,0.6296406984329224,0.03180771693587303,0.22454507648944855
2026_08_18_00_54_32_747715_L3_left_C0,L3,C0,0.0,0.0,red,left,right,left,pick up the red block,5,pregrasp,80,96,16,0.8,0.6808510638297872,2,8,0.3,0.7,8,0.3025069236755371,0.2240237593650818,0.2240237593650818,0.3025069236755371,0.07848316431045532,0.07848316431045532,0.6296406984329224,0.03180771693587303,0.22454507648944855
2026_08_18_00_54_32_747715_L3_left_C0,L3,C0,0.0,0.0,red,left,right,left,pick up the red block,5,pregrasp,80,96,16,0.8,0.6808510638297872,3,8,0.3,0.7,8,0.24487735331058502,0.15910503268241882,0.15910503268241882,0.24487735331058502,0.0857723206281662,0.0857723206281662,0.6296406984329224,0.03180771693587303,0.22454507648944855
2026_08_18_00_54_32_747715_L3_left_C0,L3,C0,0.0,0.0,red,left,right,left,pick up the red block,5,pregrasp,80,96,16,0.8,0.6808510638297872,4,8,0.3,0.7,8,0.26833969354629517,0.20712482929229736,0.20712482929229736,0.26833969354629517,0.0612148642539978,0.0612148642539978,0.6296406984329224,0.03180771693587303,0.22454507648944855
2026_08_18_00_54_32_747715_L3_left_C0,L3,C0,0.0,0.0,red,left,right,left,pick up the red block,5,pregrasp,80,96,16,0.8,0.6808510638297872,5,8,0.3,0.7,8,0.2968568503856659,0.23679769039154053,0.23679769039154053,0.2968568503856659,0.060059159994125366,0.060059159994125366,0.6296406984329224,0.03180771693587303,0.22454507648944855
2026_08_18_00_54_32_747715_L3_left_C0,L3,C0,0.0,0.0,red,left,right,left,pick up the red block,5,pregrasp,80,96,16,0.8,0.6808510638297872,6,8,0.3,0.7,8,0.26809006929397583,0.196635901927948,0.196635901927948,0.26809006929397583,0.07145416736602783,0.07145416736602783,0.6296406984329224,0.03180771693587303,0.22454507648944855
2026_08_18_00_54_32_747715_L3_left_C0,L3,C0,0.0,0.0,red,left,right,left,pick up the red block,5,pregrasp,80,96,16,0.8,0.6808510638297872,7,8,0.3,0.7,8,0.21855302155017853,0.1343071311712265,0.1343071311712265,0.21855302155017853,0.08424589037895203,0.08424589037895203,0.6296406984329224,0.03180771693587303,0.22454507648944855
2026_08_18_00_54_32_747715_L3_left_C0,L3,C0,0.0,0.0,red,left,right,left,pick up the red block,5,pregrasp,80,96,16,0.8,0.6808510638297872,8,8,0.3,0.7,8,0.22703517973423004,0.14142724871635437,0.14142724871635437,0.22703517973423004,0.08560793101787567,0.08560793101787567,0.6296406984329224,0.03180771693587303,0.22454507648944855
2026_08_18_00_54_32_747715_L3_left_C0,L3,C0,0.0,0.0,red,left,right,left,pick up the red block,5,pregrasp,80,96,16,0.8,0.6808510638297872,9,8,0.3,0.7,8,0.258087158203125,0.1791721135377884,0.1791721135377884,0.258087158203125,0.07891504466533661,0.07891504466533661,0.6296406984329224,0.03180771693587303,0.22454507648944855
2026_08_18_00_54_32_747715_L3_left_C0,L3,C0,0.0,0.0,red,left,right,left,pick up the red block,6,pregrasp,96,112,16,0.9333333333333333,0.7943262411347518,0,8,0.3,0.7,8,0.11830686032772064,0.11582563817501068,0.11582563817501068,0.11830686032772064,0.002481222152709961,0.002481222152709961,0.6669975519180298,0.03684023767709732,0.18876275420188904
2026_08_18_00_54_32_747715_L3_left_C0,L3,C0,0.0,0.0,red,left,right,left,pick up the red block,6,pregrasp,96,112,16,0.9333333333333333,0.7943262411347518,1,8,0.3,0.7,8,0.18277636170387268,0.17758403718471527,0.17758403718471527,0.18277636170387268,0.00519232451915741,0.00519232451915741,0.6669975519180298,0.03684023767709732,0.18876275420188904
2026_08_18_00_54_32_747715_L3_left_C0,L3,C0,0.0,0.0,red,left,right,left,pick up the red block,6,pregrasp,96,112,16,0.9333333333333333,0.7943262411347518,2,8,0.3,0.7,8,0.20330965518951416,0.20666058361530304,0.20666058361530304,0.20330965518951416,-0.0033509284257888794,-0.0033509284257888794,0.6669975519180298,0.03684023767709732,0.18876275420188904
2026_08_18_00_54_32_747715_L3_left_C0,L3,C0,0.0,0.0,red,left,right,left,pick up the red block,6,pregrasp,96,112,16,0.9333333333333333,0.7943262411347518,3,8,0.3,0.7,8,0.23645003139972687,0.2388719916343689,0.2388719916343689,0.23645003139972687,-0.002421960234642029,-0.002421960234642029,0.6669975519180298,0.03684023767709732,0.18876275420188904
2026_08_18_00_54_32_747715_L3_left_C0,L3,C0,0.0,0.0,red,left,right,left,pick up the red block,6,pregrasp,96,112,16,0.9333333333333333,0.7943262411347518,4,8,0.3,0.7,8,0.21283037960529327,0.21488246321678162,0.21488246321678162,0.21283037960529327,-0.0020520836114883423,-0.0020520836114883423,0.6669975519180298,0.03684023767709732,0.18876275420188904
2026_08_18_00_54_32_747715_L3_left_C0,L3,C0,0.0,0.0,red,left,right,left,pick up the red block,6,pregrasp,96,112,16,0.9333333333333333,0.7943262411347518,5,8,0.3,0.7,8,0.13408012688159943,0.13834424316883087,0.13834424316883087,0.13408012688159943,-0.004264116287231445,-0.004264116287231445,0.6669975519180298,0.03684023767709732,0.18876275420188904
2026_08_18_00_54_32_747715_L3_left_C0,L3,C0,0.0,0.0,red,left,right,left,pick up the red block,6,pregrasp,96,112,16,0.9333333333333333,0.7943262411347518,6,8,0.3,0.7,8,0.18114735186100006,0.17653816938400269,0.17653816938400269,0.18114735186100006,0.0046091824769973755,0.0046091824769973755,0.6669975519180298,0.03684023767709732,0.18876275420188904
2026_08_18_00_54_32_747715_L3_left_C0,L3,C0,0.0,0.0,red,left,right,left,pick up the red block,6,pregrasp,96,112,16,0.9333333333333333,0.7943262411347518,7,8,0.3,0.7,8,0.11985880136489868,0.11591441184282303,0.11591441184282303,0.11985880136489868,0.003944389522075653,0.003944389522075653,0.6669975519180298,0.03684023767709732,0.18876275420188904
2026_08_18_00_54_32_747715_L3_left_C0,L3,C0,0.0,0.0,red,left,right,left,pick up the red block,6,pregrasp,96,112,16,0.9333333333333333,0.7943262411347518,8,8,0.3,0.7,8,0.13315299153327942,0.1385369747877121,0.1385369747877121,0.13315299153327942,-0.005383983254432678,-0.005383983254432678,0.6669975519180298,0.03684023767709732,0.18876275420188904
2026_08_18_00_54_32_747715_L3_left_C0,L3,C0,0.0,0.0,red,left,right,left,pick up the red block,6,pregrasp,96,112,16,0.9333333333333333,0.7943262411347518,9,8,0.3,0.7,8,0.121981680393219,0.12485029548406601,0.12485029548406601,0.121981680393219,-0.0028686150908470154,-0.0028686150908470154,0.6669975519180298,0.03684023767709732,0.18876275420188904
2026_08_18_00_54_32_747715_L3_left_C0,L3,C0,0.0,0.0,red,left,right,left,pick up the red block,7,pregrasp,112,120,8,1.0,0.851063829787234,0,8,0.3,0.7,8,0.3313349783420563,0.2874009907245636,0.2874009907245636,0.3313349783420563,0.043933987617492676,0.043933987617492676,0.6673650741577148,0.03694906830787659,0.18875820934772491
2026_08_18_00_54_32_747715_L3_left_C0,L3,C0,0.0,0.0,red,left,right,left,pick up the red block,7,pregrasp,112,120,8,1.0,0.851063829787234,1,8,0.3,0.7,8,0.21298138797283173,0.1555062234401703,0.1555062234401703,0.21298138797283173,0.05747516453266144,0.05747516453266144,0.6673650741577148,0.03694906830787659,0.18875820934772491
2026_08_18_00_54_32_747715_L3_left_C0,L3,C0,0.0,0.0,red,left,right,left,pick up the red block,7,pregrasp,112,120,8,1.0,0.851063829787234,2,8,0.3,0.7,8,0.2149670124053955,0.16039009392261505,0.16039009392261505,0.2149670124053955,0.05457691848278046,0.05457691848278046,0.6673650741577148,0.03694906830787659,0.18875820934772491
2026_08_18_00_54_32_747715_L3_left_C0,L3,C0,0.0,0.0,red,left,right,left,pick up the red block,7,pregrasp,112,120,8,1.0,0.851063829787234,3,8,0.3,0.7,8,0.2725408673286438,0.23401422798633575,0.23401422798633575,0.2725408673286438,0.038526639342308044,0.038526639342308044,0.6673650741577148,0.03694906830787659,0.18875820934772491
2026_08_18_00_54_32_747715_L3_left_C0,L3,C0,0.0,0.0,red,left,right,left,pick up the red block,7,pregrasp,112,120,8,1.0,0.851063829787234,4,8,0.3,0.7,8,0.29627013206481934,0.24984830617904663,0.24984830617904663,0.29627013206481934,0.046421825885772705,0.046421825885772705,0.6673650741577148,0.03694906830787659,0.18875820934772491
2026_08_18_00_54_32_747715_L3_left_C0,L3,C0,0.0,0.0,red,left,right,left,pick up the red block,7,pregrasp,112,120,8,1.0,0.851063829787234,5,8,0.3,0.7,8,0.30037975311279297,0.24608126282691956,0.24608126282691956,0.30037975311279297,0.05429849028587341,0.05429849028587341,0.6673650741577148,0.03694906830787659,0.18875820934772491
2026_08_18_00_54_32_747715_L3_left_C0,L3,C0,0.0,0.0,red,left,right,left,pick up the red block,7,pregrasp,112,120,8,1.0,0.851063829787234,6,8,0.3,0.7,8,0.3020904064178467,0.24431324005126953,0.24431324005126953,0.3020904064178467,0.05777716636657715,0.05777716636657715,0.6673650741577148,0.03694906830787659,0.18875820934772491
2026_08_18_00_54_32_747715_L3_left_C0,L3,C0,0.0,0.0,red,left,right,left,pick up the red block,7,pregrasp,112,120,8,1.0,0.851063829787234,7,8,0.3,0.7,8,0.2730332314968109,0.22731426358222961,0.22731426358222961,0.2730332314968109,0.0457189679145813,0.0457189679145813,0.6673650741577148,0.03694906830787659,0.18875820934772491
2026_08_18_00_54_32_747715_L3_left_C0,L3,C0,0.0,0.0,red,left,right,left,pick up the red block,7,pregrasp,112,120,8,1.0,0.851063829787234,8,8,0.3,0.7,8,0.28003373742103577,0.23442192375659943,0.23442192375659943,0.28003373742103577,0.04561181366443634,0.04561181366443634,0.6673650741577148,0.03694906830787659,0.18875820934772491
2026_08_18_00_54_32_747715_L3_left_C0,L3,C0,0.0,0.0,red,left,right,left,pick up the red block,7,pregrasp,112,120,8,1.0,0.851063829787234,9,8,0.3,0.7,8,0.24678915739059448,0.208155557513237,0.208155557513237,0.24678915739059448,0.03863359987735748,0.03863359987735748,0.6673650741577148,0.03694906830787659,0.18875820934772491
2026_08_18_00_54_32_747715_L3_left_C0,L3,C0,0.0,0.0,red,left,right,left,pick up the red block,8,postgrasp,120,136,16,1.0,0.9645390070921985,0,8,0.3,0.7,8,0.3322422504425049,0.2712358236312866,0.2712358236312866,0.3322422504425049,0.06100642681121826,0.06100642681121826,0.6680166125297546,0.03757896646857262,0.18935321271419525
2026_08_18_00_54_32_747715_L3_left_C0,L3,C0,0.0,0.0,red,left,right,left,pick up the red block,8,postgrasp,120,136,16,1.0,0.9645390070921985,1,8,0.3,0.7,8,0.4685417711734772,0.3775271475315094,0.3775271475315094,0.4685417711734772,0.09101462364196777,0.09101462364196777,0.6680166125297546,0.03757896646857262,0.18935321271419525
2026_08_18_00_54_32_747715_L3_left_C0,L3,C0,0.0,0.0,red,left,right,left,pick up the red block,8,postgrasp,120,136,16,1.0,0.9645390070921985,2,8,0.3,0.7,8,0.3975045382976532,0.33539044857025146,0.33539044857025146,0.3975045382976532,0.06211408972740173,0.06211408972740173,0.6680166125297546,0.03757896646857262,0.18935321271419525
2026_08_18_00_54_32_747715_L3_left_C0,L3,C0,0.0,0.0,red,left,right,left,pick up the red block,8,postgrasp,120,136,16,1.0,0.9645390070921985,3,8,0.3,0.7,8,0.471790611743927,0.40404224395751953,0.40404224395751953,0.471790611743927,0.06774836778640747,0.06774836778640747,0.6680166125297546,0.03757896646857262,0.18935321271419525
2026_08_18_00_54_32_747715_L3_left_C0,L3,C0,0.0,0.0,red,left,right,left,pick up the red block,8,postgrasp,120,136,16,1.0,0.9645390070921985,4,8,0.3,0.7,8,0.3351368308067322,0.290425568819046,0.290425568819046,0.3351368308067322,0.04471126198768616,0.04471126198768616,0.6680166125297546,0.03757896646857262,0.18935321271419525
2026_08_18_00_54_32_747715_L3_left_C0,L3,C0,0.0,0.0,red,left,right,left,pick up the red block,8,postgrasp,120,136,16,1.0,0.9645390070921985,5,8,0.3,0.7,8,0.5365567207336426,0.39941853284835815,0.39941853284835815,0.5365567207336426,0.13713818788528442,0.13713818788528442,0.6680166125297546,0.03757896646857262,0.18935321271419525
2026_08_18_00_54_32_747715_L3_left_C0,L3,C0,0.0,0.0,red,left,right,left,pick up the red block,8,postgrasp,120,136,16,1.0,0.9645390070921985,6,8,0.3,0.7,8,0.28097254037857056,0.24126717448234558,0.24126717448234558,0.28097254037857056,0.039705365896224976,0.039705365896224976,0.6680166125297546,0.03757896646857262,0.18935321271419525
2026_08_18_00_54_32_747715_L3_left_C0,L3,C0,0.0,0.0,red,left,right,left,pick up the red block,8,postgrasp,120,136,16,1.0,0.9645390070921985,7,8,0.3,0.7,8,0.48785799741744995,0.3819234073162079,0.3819234073162079,0.48785799741744995,0.10593459010124207,0.10593459010124207,0.6680166125297546,0.03757896646857262,0.18935321271419525
2026_08_18_00_54_32_747715_L3_left_C0,L3,C0,0.0,0.0,red,left,right,left,pick up the red block,8,postgrasp,120,136,16,1.0,0.9645390070921985,8,8,0.3,0.7,8,0.4790274202823639,0.345363974571228,0.345363974571228,0.4790274202823639,0.13366344571113586,0.13366344571113586,0.6680166125297546,0.03757896646857262,0.18935321271419525
2026_08_18_00_54_32_747715_L3_left_C0,L3,C0,0.0,0.0,red,left,right,left,pick up the red block,8,postgrasp,120,136,16,1.0,0.9645390070921985,9,8,0.3,0.7,8,0.4435056447982788,0.36659204959869385,0.36659204959869385,0.4435056447982788,0.07691359519958496,0.07691359519958496,0.6680166125297546,0.03757896646857262,0.18935321271419525
2026_08_18_00_54_32_747715_L3_left_C0,L3,C0,0.0,0.0,red,left,right,left,pick up the red block,9,postgrasp,136,141,5,1.0,1.0,0,8,0.3,0.7,8,0.3119203746318817,0.26902732253074646,0.26902732253074646,0.3119203746318817,0.042893052101135254,0.042893052101135254,0.6680207848548889,0.037577804177999496,0.18935313820838928
2026_08_18_00_54_32_747715_L3_left_C0,L3,C0,0.0,0.0,red,left,right,left,pick up the red block,9,postgrasp,136,141,5,1.0,1.0,1,8,0.3,0.7,8,0.37896955013275146,0.25702324509620667,0.25702324509620667,0.37896955013275146,0.1219463050365448,0.1219463050365448,0.6680207848548889,0.037577804177999496,0.18935313820838928
2026_08_18_00_54_32_747715_L3_left_C0,L3,C0,0.0,0.0,red,left,right,left,pick up the red block,9,postgrasp,136,141,5,1.0,1.0,2,8,0.3,0.7,8,0.33306318521499634,0.27222639322280884,0.27222639322280884,0.33306318521499634,0.0608367919921875,0.0608367919921875,0.6680207848548889,0.037577804177999496,0.18935313820838928
2026_08_18_00_54_32_747715_L3_left_C0,L3,C0,0.0,0.0,red,left,right,left,pick up the red block,9,postgrasp,136,141,5,1.0,1.0,3,8,0.3,0.7,8,0.28545698523521423,0.18812404572963715,0.18812404572963715,0.28545698523521423,0.09733293950557709,0.09733293950557709,0.6680207848548889,0.037577804177999496,0.18935313820838928
2026_08_18_00_54_32_747715_L3_left_C0,L3,C0,0.0,0.0,red,left,right,left,pick up the red block,9,postgrasp,136,141,5,1.0,1.0,4,8,0.3,0.7,8,0.35496750473976135,0.30237600207328796,0.30237600207328796,0.35496750473976135,0.05259150266647339,0.05259150266647339,0.6680207848548889,0.037577804177999496,0.18935313820838928
2026_08_18_00_54_32_747715_L3_left_C0,L3,C0,0.0,0.0,red,left,right,left,pick up the red block,9,postgrasp,136,141,5,1.0,1.0,5,8,0.3,0.7,8,0.3531975746154785,0.25682729482650757,0.25682729482650757,0.3531975746154785,0.09637027978897095,0.09637027978897095,0.6680207848548889,0.037577804177999496,0.18935313820838928
2026_08_18_00_54_32_747715_L3_left_C0,L3,C0,0.0,0.0,red,left,right,left,pick up the red block,9,postgrasp,136,141,5,1.0,1.0,6,8,0.3,0.7,8,0.3320610821247101,0.3074987232685089,0.3074987232685089,0.3320610821247101,0.024562358856201172,0.024562358856201172,0.6680207848548889,0.037577804177999496,0.18935313820838928
2026_08_18_00_54_32_747715_L3_left_C0,L3,C0,0.0,0.0,red,left,right,left,pick up the red block,9,postgrasp,136,141,5,1.0,1.0,7,8,0.3,0.7,8,0.34826135635375977,0.30106398463249207,0.30106398463249207,0.34826135635375977,0.0471973717212677,0.0471973717212677,0.6680207848548889,0.037577804177999496,0.18935313820838928
2026_08_18_00_54_32_747715_L3_left_C0,L3,C0,0.0,0.0,red,left,right,left,pick up the red block,9,postgrasp,136,141,5,1.0,1.0,8,8,0.3,0.7,8,0.3594551384449005,0.325804203748703,0.325804203748703,0.3594551384449005,0.03365093469619751,0.03365093469619751,0.6680207848548889,0.037577804177999496,0.18935313820838928
2026_08_18_00_54_32_747715_L3_left_C0,L3,C0,0.0,0.0,red,left,right,left,pick up the red block,9,postgrasp,136,141,5,1.0,1.0,9,8,0.3,0.7,8,0.3328252136707306,0.2781655490398407,0.2781655490398407,0.3328252136707306,0.05465966463088989,0.05465966463088989,0.6680207848548889,0.037577804177999496,0.18935313820838928
2026_08_18_00_55_01_843645_L3_left_C1,L3,C1,2.0,0.1694548757406934,red,left,right,left,pick up the red block,0,pregrasp,0,16,16,0.12121212121212122,0.10457516339869281,0,8,0.3,0.7,8,0.40711522102355957,0.3987193703651428,0.3987193703651428,0.40711522102355957,0.008395850658416748,0.008395850658416748,0.37314075231552124,0.023768117651343346,0.4784599244594574
2026_08_18_00_55_01_843645_L3_left_C1,L3,C1,2.0,0.1694548757406934,red,left,right,left,pick up the red block,0,pregrasp,0,16,16,0.12121212121212122,0.10457516339869281,1,8,0.3,0.7,8,0.3422728478908539,0.30737221240997314,0.30737221240997314,0.3422728478908539,0.03490063548088074,0.03490063548088074,0.37314075231552124,0.023768117651343346,0.4784599244594574
2026_08_18_00_55_01_843645_L3_left_C1,L3,C1,2.0,0.1694548757406934,red,left,right,left,pick up the red block,0,pregrasp,0,16,16,0.12121212121212122,0.10457516339869281,2,8,0.3,0.7,8,0.43027061223983765,0.36311331391334534,0.36311331391334534,0.43027061223983765,0.06715729832649231,0.06715729832649231,0.37314075231552124,0.023768117651343346,0.4784599244594574
2026_08_18_00_55_01_843645_L3_left_C1,L3,C1,2.0,0.1694548757406934,red,left,right,left,pick up the red block,0,pregrasp,0,16,16,0.12121212121212122,0.10457516339869281,3,8,0.3,0.7,8,0.42696690559387207,0.36492910981178284,0.36492910981178284,0.42696690559387207,0.06203779578208923,0.06203779578208923,0.37314075231552124,0.023768117651343346,0.4784599244594574
2026_08_18_00_55_01_843645_L3_left_C1,L3,C1,2.0,0.1694548757406934,red,left,right,left,pick up the red block,0,pregrasp,0,16,16,0.12121212121212122,0.10457516339869281,4,8,0.3,0.7,8,0.4528813362121582,0.41815030574798584,0.41815030574798584,0.4528813362121582,0.03473103046417236,0.03473103046417236,0.37314075231552124,0.023768117651343346,0.4784599244594574
2026_08_18_00_55_01_843645_L3_left_C1,L3,C1,2.0,0.1694548757406934,red,left,right,left,pick up the red block,0,pregrasp,0,16,16,0.12121212121212122,0.10457516339869281,5,8,0.3,0.7,8,0.4233770966529846,0.41950303316116333,0.41950303316116333,0.4233770966529846,0.003874063491821289,0.003874063491821289,0.37314075231552124,0.023768117651343346,0.4784599244594574
2026_08_18_00_55_01_843645_L3_left_C1,L3,C1,2.0,0.1694548757406934,red,left,right,left,pick up the red block,0,pregrasp,0,16,16,0.12121212121212122,0.10457516339869281,6,8,0.3,0.7,8,0.36044928431510925,0.3519405126571655,0.3519405126571655,0.36044928431510925,0.008508771657943726,0.008508771657943726,0.37314075231552124,0.023768117651343346,0.4784599244594574
2026_08_18_00_55_01_843645_L3_left_C1,L3,C1,2.0,0.1694548757406934,red,left,right,left,pick up the red block,0,pregrasp,0,16,16,0.12121212121212122,0.10457516339869281,7,8,0.3,0.7,8,0.44247329235076904,0.3897954225540161,0.3897954225540161,0.44247329235076904,0.05267786979675293,0.05267786979675293,0.37314075231552124,0.023768117651343346,0.4784599244594574
2026_08_18_00_55_01_843645_L3_left_C1,L3,C1,2.0,0.1694548757406934,red,left,right,left,pick up the red block,0,pregrasp,0,16,16,0.12121212121212122,0.10457516339869281,8,8,0.3,0.7,8,0.41450247168540955,0.3691162168979645,0.3691162168979645,0.41450247168540955,0.04538625478744507,0.04538625478744507,0.37314075231552124,0.023768117651343346,0.4784599244594574
2026_08_18_00_55_01_843645_L3_left_C1,L3,C1,2.0,0.1694548757406934,red,left,right,left,pick up the red block,0,pregrasp,0,16,16,0.12121212121212122,0.10457516339869281,9,8,0.3,0.7,8,0.3924342691898346,0.3699650764465332,0.3699650764465332,0.3924342691898346,0.02246919274330139,0.02246919274330139,0.37314075231552124,0.023768117651343346,0.4784599244594574
2026_08_18_00_55_01_843645_L3_left_C1,L3,C1,2.0,0.1694548757406934,red,left,right,left,pick up the red block,1,pregrasp,16,32,16,0.24242424242424243,0.20915032679738563,0,8,0.3,0.7,8,0.32500550150871277,0.35534846782684326,0.35534846782684326,0.32500550150871277,-0.030342966318130493,-0.030342966318130493,0.4038473963737488,0.0703820139169693,0.43927133083343506
2026_08_18_00_55_01_843645_L3_left_C1,L3,C1,2.0,0.1694548757406934,red,left,right,left,pick up the red block,1,pregrasp,16,32,16,0.24242424242424243,0.20915032679738563,1,8,0.3,0.7,8,0.30354759097099304,0.322997510433197,0.322997510433197,0.30354759097099304,-0.01944991946220398,-0.01944991946220398,0.4038473963737488,0.0703820139169693,0.43927133083343506
2026_08_18_00_55_01_843645_L3_left_C1,L3,C1,2.0,0.1694548757406934,red,left,right,left,pick up the red block,1,pregrasp,16,32,16,0.24242424242424243,0.20915032679738563,2,8,0.3,0.7,8,0.33589982986450195,0.36030763387680054,0.36030763387680054,0.33589982986450195,-0.024407804012298584,-0.024407804012298584,0.4038473963737488,0.0703820139169693,0.43927133083343506
2026_08_18_00_55_01_843645_L3_left_C1,L3,C1,2.0,0.1694548757406934,red,left,right,left,pick up the red block,1,pregrasp,16,32,16,0.24242424242424243,0.20915032679738563,3,8,0.3,0.7,8,0.24176925420761108,0.25054705142974854,0.25054705142974854,0.24176925420761108,-0.008777797222137451,-0.008777797222137451,0.4038473963737488,0.0703820139169693,0.43927133083343506
2026_08_18_00_55_01_843645_L3_left_C1,L3,C1,2.0,0.1694548757406934,red,left,right,left,pick up the red block,1,pregrasp,16,32,16,0.24242424242424243,0.20915032679738563,4,8,0.3,0.7,8,0.2843957543373108,0.3188796043395996,0.3188796043395996,0.2843957543373108,-0.03448385000228882,-0.03448385000228882,0.4038473963737488,0.0703820139169693,0.43927133083343506
2026_08_18_00_55_01_843645_L3_left_C1,L3,C1,2.0,0.1694548757406934,red,left,right,left,pick up the red block,1,pregrasp,16,32,16,0.24242424242424243,0.20915032679738563,5,8,0.3,0.7,8,0.3129287362098694,0.3462548851966858,0.3462548851966858,0.3129287362098694,-0.033326148986816406,-0.033326148986816406,0.4038473963737488,0.0703820139169693,0.43927133083343506
2026_08_18_00_55_01_843645_L3_left_C1,L3,C1,2.0,0.1694548757406934,red,left,right,left,pick up the red block,1,pregrasp,16,32,16,0.24242424242424243,0.20915032679738563,6,8,0.3,0.7,8,0.1961420774459839,0.20230242609977722,0.20230242609977722,0.1961420774459839,-0.006160348653793335,-0.006160348653793335,0.4038473963737488,0.0703820139169693,0.43927133083343506
2026_08_18_00_55_01_843645_L3_left_C1,L3,C1,2.0,0.1694548757406934,red,left,right,left,pick up the red block,1,pregrasp,16,32,16,0.24242424242424243,0.20915032679738563,7,8,0.3,0.7,8,0.18197886645793915,0.2203727662563324,0.2203727662563324,0.18197886645793915,-0.03839389979839325,-0.03839389979839325,0.4038473963737488,0.0703820139169693,0.43927133083343506
2026_08_18_00_55_01_843645_L3_left_C1,L3,C1,2.0,0.1694548757406934,red,left,right,left,pick up the red block,1,pregrasp,16,32,16,0.24242424242424243,0.20915032679738563,8,8,0.3,0.7,8,0.34300997853279114,0.34569957852363586,0.34569957852363586,0.34300997853279114,-0.0026895999908447266,-0.0026895999908447266,0.4038473963737488,0.0703820139169693,0.43927133083343506
2026_08_18_00_55_01_843645_L3_left_C1,L3,C1,2.0,0.1694548757406934,red,left,right,left,pick up the red block,1,pregrasp,16,32,16,0.24242424242424243,0.20915032679738563,9,8,0.3,0.7,8,0.3301142454147339,0.36046460270881653,0.36046460270881653,0.3301142454147339,-0.03035035729408264,-0.03035035729408264,0.4038473963737488,0.0703820139169693,0.43927133083343506
2026_08_18_00_55_01_843645_L3_left_C1,L3,C1,2.0,0.1694548757406934,red,left,right,left,pick up the red block,2,pregrasp,32,48,16,0.36363636363636365,0.3137254901960784,0,8,0.3,0.7,8,0.2186591625213623,0.2542128264904022,0.2542128264904022,0.2186591625213623,-0.03555366396903992,-0.03555366396903992,0.44933807849884033,0.09989716112613678,0.3961505889892578
2026_08_18_00_55_01_843645_L3_left_C1,L3,C1,2.0,0.1694548757406934,red,left,right,left,pick up the red block,2,pregrasp,32,48,16,0.36363636363636365,0.3137254901960784,1,8,0.3,0.7,8,0.24383848905563354,0.27485063672065735,0.27485063672065735,0.24383848905563354,-0.031012147665023804,-0.031012147665023804,0.44933807849884033,0.09989716112613678,0.3961505889892578
2026_08_18_00_55_01_843645_L3_left_C1,L3,C1,2.0,0.1694548757406934,red,left,right,left,pick up the red block,2,pregrasp,32,48,16,0.36363636363636365,0.3137254901960784,2,8,0.3,0.7,8,0.21475373208522797,0.2634519934654236,0.2634519934654236,0.21475373208522797,-0.04869826138019562,-0.04869826138019562,0.44933807849884033,0.09989716112613678,0.3961505889892578
2026_08_18_00_55_01_843645_L3_left_C1,L3,C1,2.0,0.1694548757406934,red,left,right,left,pick up the red block,2,pregrasp,32,48,16,0.36363636363636365,0.3137254901960784,3,8,0.3,0.7,8,0.2713753879070282,0.28431928157806396,0.28431928157806396,0.2713753879070282,-0.012943893671035767,-0.012943893671035767,0.44933807849884033,0.09989716112613678,0.3961505889892578
2026_08_18_00_55_01_843645_L3_left_C1,L3,C1,2.0,0.1694548757406934,red,left,right,left,pick up the red block,2,pregrasp,32,48,16,0.36363636363636365,0.3137254901960784,4,8,0.3,0.7,8,0.23105327785015106,0.2622793912887573,0.2622793912887573,0.23105327785015106,-0.031226113438606262,-0.031226113438606262,0.44933807849884033,0.09989716112613678,0.3961505889892578
2026_08_18_00_55_01_843645_L3_left_C1,L3,C1,2.0,0.1694548757406934,red,left,right,left,pick up the red block,2,pregrasp,32,48,16,0.36363636363636365,0.3137254901960784,5,8,0.3,0.7,8,0.2151302546262741,0.26704108715057373,0.26704108715057373,0.2151302546262741,-0.05191083252429962,-0.05191083252429962,0.44933807849884033,0.09989716112613678,0.3961505889892578
2026_08_18_00_55_01_843645_L3_left_C1,L3,C1,2.0,0.1694548757406934,red,left,right,left,pick up the red block,2,pregrasp,32,48,16,0.36363636363636365,0.3137254901960784,6,8,0.3,0.7,8,0.1756562739610672,0.24005073308944702,0.24005073308944702,0.1756562739610672,-0.06439445912837982,-0.06439445912837982,0.44933807849884033,0.09989716112613678,0.3961505889892578
2026_08_18_00_55_01_843645_L3_left_C1,L3,C1,2.0,0.1694548757406934,red,left,right,left,pick up the red block,2,pregrasp,32,48,16,0.36363636363636365,0.3137254901960784,7,8,0.3,0.7,8,0.22773265838623047,0.23233437538146973,0.23233437538146973,0.22773265838623047,-0.004601716995239258,-0.004601716995239258,0.44933807849884033,0.09989716112613678,0.3961505889892578
2026_08_18_00_55_01_843645_L3_left_C1,L3,C1,2.0,0.1694548757406934,red,left,right,left,pick up the red block,2,pregrasp,32,48,16,0.36363636363636365,0.3137254901960784,8,8,0.3,0.7,8,0.245735764503479,0.2834279239177704,0.2834279239177704,0.245735764503479,-0.03769215941429138,-0.03769215941429138,0.44933807849884033,0.09989716112613678,0.3961505889892578
2026_08_18_00_55_01_843645_L3_left_C1,L3,C1,2.0,0.1694548757406934,red,left,right,left,pick up the red block,2,pregrasp,32,48,16,0.36363636363636365,0.3137254901960784,9,8,0.3,0.7,8,0.34085217118263245,0.3627994656562805,0.3627994656562805,0.34085217118263245,-0.02194729447364807,-0.02194729447364807,0.44933807849884033,0.09989716112613678,0.3961505889892578
2026_08_18_00_55_01_843645_L3_left_C1,L3,C1,2.0,0.1694548757406934,red,left,right,left,pick up the red block,3,pregrasp,48,64,16,0.48484848484848486,0.41830065359477125,0,8,0.3,0.7,8,0.28087276220321655,0.29832062125205994,0.29832062125205994,0.28087276220321655,-0.017447859048843384,-0.017447859048843384,0.4987024962902069,0.11113292723894119,0.3484199643135071
2026_08_18_00_55_01_843645_L3_left_C1,L3,C1,2.0,0.1694548757406934,red,left,right,left,pick up the red block,3,pregrasp,48,64,16,0.48484848484848486,0.41830065359477125,1,8,0.3,0.7,8,0.16940921545028687,0.21886393427848816,0.21886393427848816,0.16940921545028687,-0.049454718828201294,-0.049454718828201294,0.4987024962902069,0.11113292723894119,0.3484199643135071
2026_08_18_00_55_01_843645_L3_left_C1,L3,C1,2.0,0.1694548757406934,red,left,right,left,pick up the red block,3,pregrasp,48,64,16,0.48484848484848486,0.41830065359477125,2,8,0.3,0.7,8,0.17389525473117828,0.2321433573961258,0.2321433573961258,0.17389525473117828,-0.05824810266494751,-0.05824810266494751,0.4987024962902069,0.11113292723894119,0.3484199643135071
2026_08_18_00_55_01_843645_L3_left_C1,L3,C1,2.0,0.1694548757406934,red,left,right,left,pick up the red block,3,pregrasp,48,64,16,0.48484848484848486,0.41830065359477125,3,8,0.3,0.7,8,0.21141351759433746,0.25183752179145813,0.25183752179145813,0.21141351759433746,-0.040424004197120667,-0.040424004197120667,0.4987024962902069,0.11113292723894119,0.3484199643135071
2026_08_18_00_55_01_843645_L3_left_C1,L3,C1,2.0,0.1694548757406934,red,left,right,left,pick up the red block,3,pregrasp,48,64,16,0.48484848484848486,0.41830065359477125,4,8,0.3,0.7,8,0.2772926688194275,0.33432435989379883,0.33432435989379883,0.2772926688194275,-0.05703169107437134,-0.05703169107437134,0.4987024962902069,0.11113292723894119,0.3484199643135071
2026_08_18_00_55_01_843645_L3_left_C1,L3,C1,2.0,0.1694548757406934,red,left,right,left,pick up the red block,3,pregrasp,48,64,16,0.48484848484848486,0.41830065359477125,5,8,0.3,0.7,8,0.25459563732147217,0.3190385103225708,0.3190385103225708,0.25459563732147217,-0.06444287300109863,-0.06444287300109863,0.4987024962902069,0.11113292723894119,0.3484199643135071
2026_08_18_00_55_01_843645_L3_left_C1,L3,C1,2.0,0.1694548757406934,red,left,right,left,pick up the red block,3,pregrasp,48,64,16,0.48484848484848486,0.41830065359477125,6,8,0.3,0.7,8,0.2719026803970337,0.30332764983177185,0.30332764983177185,0.2719026803970337,-0.03142496943473816,-0.03142496943473816,0.4987024962902069,0.11113292723894119,0.3484199643135071
2026_08_18_00_55_01_843645_L3_left_C1,L3,C1,2.0,0.1694548757406934,red,left,right,left,pick up the red block,3,pregrasp,48,64,16,0.48484848484848486,0.41830065359477125,7,8,0.3,0.7,8,0.1985936462879181,0.24811944365501404,0.24811944365501404,0.1985936462879181,-0.04952579736709595,-0.04952579736709595,0.4987024962902069,0.11113292723894119,0.3484199643135071
2026_08_18_00_55_01_843645_L3_left_C1,L3,C1,2.0,0.1694548757406934,red,left,right,left,pick up the red block,3,pregrasp,48,64,16,0.48484848484848486,0.41830065359477125,8,8,0.3,0.7,8,0.2630835473537445,0.2907257378101349,0.2907257378101349,0.2630835473537445,-0.02764219045639038,-0.02764219045639038,0.4987024962902069,0.11113292723894119,0.3484199643135071
2026_08_18_00_55_01_843645_L3_left_C1,L3,C1,2.0,0.1694548757406934,red,left,right,left,pick up the red block,3,pregrasp,48,64,16,0.48484848484848486,0.41830065359477125,9,8,0.3,0.7,8,0.1494949460029602,0.24584364891052246,0.24584364891052246,0.1494949460029602,-0.09634870290756226,-0.09634870290756226,0.4987024962902069,0.11113292723894119,0.3484199643135071
2026_08_18_00_55_01_843645_L3_left_C1,L3,C1,2.0,0.1694548757406934,red,left,right,left,pick up the red block,4,pregrasp,64,80,16,0.6060606060606061,0.5228758169934641,0,8,0.3,0.7,8,0.230497345328331,0.252879798412323,0.252879798412323,0.230497345328331,-0.022382453083992004,-0.022382453083992004,0.5481463670730591,0.10383964329957962,0.3011757433414459
2026_08_18_00_55_01_843645_L3_left_C1,L3,C1,2.0,0.1694548757406934,red,left,right,left,pick up the red block,4,pregrasp,64,80,16,0.6060606060606061,0.5228758169934641,1,8,0.3,0.7,8,0.15312129259109497,0.1840357631444931,0.1840357631444931,0.15312129259109497,-0.030914470553398132,-0.030914470553398132,0.5481463670730591,0.10383964329957962,0.3011757433414459
2026_08_18_00_55_01_843645_L3_left_C1,L3,C1,2.0,0.1694548757406934,red,left,right,left,pick up the red block,4,pregrasp,64,80,16,0.6060606060606061,0.5228758169934641,2,8,0.3,0.7,8,0.1721630096435547,0.21800991892814636,0.21800991892814636,0.1721630096435547,-0.045846909284591675,-0.045846909284591675,0.5481463670730591,0.10383964329957962,0.3011757433414459
2026_08_18_00_55_01_843645_L3_left_C1,L3,C1,2.0,0.1694548757406934,red,left,right,left,pick up the red block,4,pregrasp,64,80,16,0.6060606060606061,0.5228758169934641,3,8,0.3,0.7,8,0.13670748472213745,0.1655096411705017,0.1655096411705017,0.13670748472213745,-0.028802156448364258,-0.028802156448364258,0.5481463670730591,0.10383964329957962,0.3011757433414459
2026_08_18_00_55_01_843645_L3_left_C1,L3,C1,2.0,0.1694548757406934,red,left,right,left,pick up the red block,4,pregrasp,64,80,16,0.6060606060606061,0.5228758169934641,4,8,0.3,0.7,8,0.2189977765083313,0.2641647160053253,0.2641647160053253,0.2189977765083313,-0.04516693949699402,-0.04516693949699402,0.5481463670730591,0.10383964329957962,0.3011757433414459
2026_08_18_00_55_01_843645_L3_left_C1,L3,C1,2.0,0.1694548757406934,red,left,right,left,pick up the red block,4,pregrasp,64,80,16,0.6060606060606061,0.5228758169934641,5,8,0.3,0.7,8,0.23915767669677734,0.2676217555999756,0.2676217555999756,0.23915767669677734,-0.028464078903198242,-0.028464078903198242,0.5481463670730591,0.10383964329957962,0.3011757433414459
2026_08_18_00_55_01_843645_L3_left_C1,L3,C1,2.0,0.1694548757406934,red,left,right,left,pick up the red block,4,pregrasp,64,80,16,0.6060606060606061,0.5228758169934641,6,8,0.3,0.7,8,0.15820366144180298,0.1947275847196579,0.1947275847196579,0.15820366144180298,-0.03652392327785492,-0.03652392327785492,0.5481463670730591,0.10383964329957962,0.3011757433414459
2026_08_18_00_55_01_843645_L3_left_C1,L3,C1,2.0,0.1694548757406934,red,left,right,left,pick up the red block,4,pregrasp,64,80,16,0.6060606060606061,0.5228758169934641,7,8,0.3,0.7,8,0.11567853391170502,0.16903053224086761,0.16903053224086761,0.11567853391170502,-0.0533519983291626,-0.0533519983291626,0.5481463670730591,0.10383964329957962,0.3011757433414459
2026_08_18_00_55_01_843645_L3_left_C1,L3,C1,2.0,0.1694548757406934,red,left,right,left,pick up the red block,4,pregrasp,64,80,16,0.6060606060606061,0.5228758169934641,8,8,0.3,0.7,8,0.31464824080467224,0.32721662521362305,0.32721662521362305,0.31464824080467224,-0.012568384408950806,-0.012568384408950806,0.5481463670730591,0.10383964329957962,0.3011757433414459
2026_08_18_00_55_01_843645_L3_left_C1,L3,C1,2.0,0.1694548757406934,red,left,right,left,pick up the red block,4,pregrasp,64,80,16,0.6060606060606061,0.5228758169934641,9,8,0.3,0.7,8,0.33766910433769226,0.3477381765842438,0.3477381765842438,0.33766910433769226,-0.010069072246551514,-0.010069072246551514,0.5481463670730591,0.10383964329957962,0.3011757433414459
2026_08_18_00_55_01_843645_L3_left_C1,L3,C1,2.0,0.1694548757406934,red,left,right,left,pick up the red block,5,pregrasp,80,96,16,0.7272727272727273,0.6274509803921569,0,8,0.3,0.7,8,0.2960525155067444,0.3382187783718109,0.3382187783718109,0.2960525155067444,-0.04216626286506653,-0.04216626286506653,0.596831738948822,0.08435702323913574,0.2551853358745575
2026_08_18_00_55_01_843645_L3_left_C1,L3,C1,2.0,0.1694548757406934,red,left,right,left,pick up the red block,5,pregrasp,80,96,16,0.7272727272727273,0.6274509803921569,1,8,0.3,0.7,8,0.21793504059314728,0.2440335601568222,0.2440335601568222,0.21793504059314728,-0.026098519563674927,-0.026098519563674927,0.596831738948822,0.08435702323913574,0.2551853358745575
2026_08_18_00_55_01_843645_L3_left_C1,L3,C1,2.0,0.1694548757406934,red,left,right,left,pick up the red block,5,pregrasp,80,96,16,0.7272727272727273,0.6274509803921569,2,8,0.3,0.7,8,0.18437491357326508,0.21235641837120056,0.21235641837120056,0.18437491357326508,-0.027981504797935486,-0.027981504797935486,0.596831738948822,0.08435702323913574,0.2551853358745575
2026_08_18_00_55_01_843645_L3_left_C1,L3,C1,2.0,0.1694548757406934,red,left,right,left,pick up the red block,5,pregrasp,80,96,16,0.7272727272727273,0.6274509803921569,3,8,0.3,0.7,8,0.3841235935688019,0.4023936986923218,0.4023936986923218,0.3841235935688019,-0.018270105123519897,-0.018270105123519897,0.596831738948822,0.08435702323913574,0.2551853358745575
2026_08_18_00_55_01_843645_L3_left_C1,L3,C1,2.0,0.1694548757406934,red,left,right,left,pick up the red block,5,pregrasp,80,96,16,0.7272727272727273,0.6274509803921569,4,8,0.3,0.7,8,0.3782709836959839,0.4095418453216553,0.4095418453216553,0.3782709836959839,-0.03127086162567139,-0.03127086162567139,0.596831738948822,0.08435702323913574,0.2551853358745575
2026_08_18_00_55_01_843645_L3_left_C1,L3,C1,2.0,0.1694548757406934,red,left,right,left,pick up the red block,5,pregrasp,80,96,16,0.7272727272727273,0.6274509803921569,5,8,0.3,0.7,8,0.1725815236568451,0.19473493099212646,0.19473493099212646,0.1725815236568451,-0.022153407335281372,-0.022153407335281372,0.596831738948822,0.08435702323913574,0.2551853358745575
2026_08_18_00_55_01_843645_L3_left_C1,L3,C1,2.0,0.1694548757406934,red,left,right,left,pick up the red block,5,pregrasp,80,96,16,0.7272727272727273,0.6274509803921569,6,8,0.3,0.7,8,0.24288655817508698,0.26816466450691223,0.26816466450691223,0.24288655817508698,-0.025278106331825256,-0.025278106331825256,0.596831738948822,0.08435702323913574,0.2551853358745575
2026_08_18_00_55_01_843645_L3_left_C1,L3,C1,2.0,0.1694548757406934,red,left,right,left,pick up the red block,5,pregrasp,80,96,16,0.7272727272727273,0.6274509803921569,7,8,0.3,0.7,8,0.3576849699020386,0.3796585202217102,0.3796585202217102,0.3576849699020386,-0.02197355031967163,-0.02197355031967163,0.596831738948822,0.08435702323913574,0.2551853358745575
2026_08_18_00_55_01_843645_L3_left_C1,L3,C1,2.0,0.1694548757406934,red,left,right,left,pick up the red block,5,pregrasp,80,96,16,0.7272727272727273,0.6274509803921569,8,8,0.3,0.7,8,0.36594414710998535,0.3804258108139038,0.3804258108139038,0.36594414710998535,-0.014481663703918457,-0.014481663703918457,0.596831738948822,0.08435702323913574,0.2551853358745575
2026_08_18_00_55_01_843645_L3_left_C1,L3,C1,2.0,0.1694548757406934,red,left,right,left,pick up the red block,5,pregrasp,80,96,16,0.7272727272727273,0.6274509803921569,9,8,0.3,0.7,8,0.27323782444000244,0.3022184371948242,0.3022184371948242,0.27323782444000244,-0.028980612754821777,-0.028980612754821777,0.596831738948822,0.08435702323913574,0.2551853358745575
2026_08_18_00_55_01_843645_L3_left_C1,L3,C1,2.0,0.1694548757406934,red,left,right,left,pick up the red block,6,pregrasp,96,112,16,0.8484848484848485,0.7320261437908496,0,8,0.3,0.7,8,0.4194895029067993,0.363377183675766,0.363377183675766,0.4194895029067993,0.056112319231033325,0.056112319231033325,0.6440654993057251,0.0575903058052063,0.2105741649866104
2026_08_18_00_55_01_843645_L3_left_C1,L3,C1,2.0,0.1694548757406934,red,left,right,left,pick up the red block,6,pregrasp,96,112,16,0.8484848484848485,0.7320261437908496,1,8,0.3,0.7,8,0.35219424962997437,0.29408302903175354,0.29408302903175354,0.35219424962997437,0.058111220598220825,0.058111220598220825,0.6440654993057251,0.0575903058052063,0.2105741649866104
2026_08_18_00_55_01_843645_L3_left_C1,L3,C1,2.0,0.1694548757406934,red,left,right,left,pick up the red block,6,pregrasp,96,112,16,0.8484848484848485,0.7320261437908496,2,8,0.3,0.7,8,0.2638094127178192,0.21692530810832977,0.21692530810832977,0.2638094127178192,0.04688410460948944,0.04688410460948944,0.6440654993057251,0.0575903058052063,0.2105741649866104
2026_08_18_00_55_01_843645_L3_left_C1,L3,C1,2.0,0.1694548757406934,red,left,right,left,pick up the red block,6,pregrasp,96,112,16,0.8484848484848485,0.7320261437908496,3,8,0.3,0.7,8,0.20987017452716827,0.15992924571037292,0.15992924571037292,0.20987017452716827,0.04994092881679535,0.04994092881679535,0.6440654993057251,0.0575903058052063,0.2105741649866104
2026_08_18_00_55_01_843645_L3_left_C1,L3,C1,2.0,0.1694548757406934,red,left,right,left,pick up the red block,6,pregrasp,96,112,16,0.8484848484848485,0.7320261437908496,4,8,0.3,0.7,8,0.3030909299850464,0.2542078197002411,0.2542078197002411,0.3030909299850464,0.0488831102848053,0.0488831102848053,0.6440654993057251,0.0575903058052063,0.2105741649866104
2026_08_18_00_55_01_843645_L3_left_C1,L3,C1,2.0,0.1694548757406934,red,left,right,left,pick up the red block,6,pregrasp,96,112,16,0.8484848484848485,0.7320261437908496,5,8,0.3,0.7,8,0.2195059359073639,0.16804371774196625,0.16804371774196625,0.2195059359073639,0.051462218165397644,0.051462218165397644,0.6440654993057251,0.0575903058052063,0.2105741649866104
2026_08_18_00_55_01_843645_L3_left_C1,L3,C1,2.0,0.1694548757406934,red,left,right,left,pick up the red block,6,pregrasp,96,112,16,0.8484848484848485,0.7320261437908496,6,8,0.3,0.7,8,0.3074832558631897,0.24979327619075775,0.24979327619075775,0.3074832558631897,0.057689979672431946,0.057689979672431946,0.6440654993057251,0.0575903058052063,0.2105741649866104
2026_08_18_00_55_01_843645_L3_left_C1,L3,C1,2.0,0.1694548757406934,red,left,right,left,pick up the red block,6,pregrasp,96,112,16,0.8484848484848485,0.7320261437908496,7,8,0.3,0.7,8,0.347903847694397,0.2948489189147949,0.2948489189147949,0.347903847694397,0.05305492877960205,0.05305492877960205,0.6440654993057251,0.0575903058052063,0.2105741649866104
2026_08_18_00_55_01_843645_L3_left_C1,L3,C1,2.0,0.1694548757406934,red,left,right,left,pick up the red block,6,pregrasp,96,112,16,0.8484848484848485,0.7320261437908496,8,8,0.3,0.7,8,0.34399211406707764,0.2873033285140991,0.2873033285140991,0.34399211406707764,0.056688785552978516,0.056688785552978516,0.6440654993057251,0.0575903058052063,0.2105741649866104
2026_08_18_00_55_01_843645_L3_left_C1,L3,C1,2.0,0.1694548757406934,red,left,right,left,pick up the red block,6,pregrasp,96,112,16,0.8484848484848485,0.7320261437908496,9,8,0.3,0.7,8,0.25787046551704407,0.20987066626548767,0.20987066626548767,0.25787046551704407,0.047999799251556396,0.047999799251556396,0.6440654993057251,0.0575903058052063,0.2105741649866104
2026_08_18_00_55_01_843645_L3_left_C1,L3,C1,2.0,0.1694548757406934,red,left,right,left,pick up the red block,7,pregrasp,112,128,16,0.9696969696969697,0.8366013071895425,0,8,0.3,0.7,8,0.24391789734363556,0.193555548787117,0.193555548787117,0.24391789734363556,0.050362348556518555,0.050362348556518555,0.666901707649231,0.0455833375453949,0.18924447894096375
2026_08_18_00_55_01_843645_L3_left_C1,L3,C1,2.0,0.1694548757406934,red,left,right,left,pick up the red block,7,pregrasp,112,128,16,0.9696969696969697,0.8366013071895425,1,8,0.3,0.7,8,0.353527694940567,0.31289198994636536,0.31289198994636536,0.353527694940567,0.04063570499420166,0.04063570499420166,0.666901707649231,0.0455833375453949,0.18924447894096375
2026_08_18_00_55_01_843645_L3_left_C1,L3,C1,2.0,0.1694548757406934,red,left,right,left,pick up the red block,7,pregrasp,112,128,16,0.9696969696969697,0.8366013071895425,2,8,0.3,0.7,8,0.29596152901649475,0.2521776854991913,0.2521776854991913,0.29596152901649475,0.04378384351730347,0.04378384351730347,0.666901707649231,0.0455833375453949,0.18924447894096375
2026_08_18_00_55_01_843645_L3_left_C1,L3,C1,2.0,0.1694548757406934,red,left,right,left,pick up the red block,7,pregrasp,112,128,16,0.9696969696969697,0.8366013071895425,3,8,0.3,0.7,8,0.24486353993415833,0.1744556725025177,0.1744556725025177,0.24486353993415833,0.07040786743164062,0.07040786743164062,0.666901707649231,0.0455833375453949,0.18924447894096375
2026_08_18_00_55_01_843645_L3_left_C1,L3,C1,2.0,0.1694548757406934,red,left,right,left,pick up the red block,7,pregrasp,112,128,16,0.9696969696969697,0.8366013071895425,4,8,0.3,0.7,8,0.25380125641822815,0.19563117623329163,0.19563117623329163,0.25380125641822815,0.05817008018493652,0.05817008018493652,0.666901707649231,0.0455833375453949,0.18924447894096375
2026_08_18_00_55_01_843645_L3_left_C1,L3,C1,2.0,0.1694548757406934,red,left,right,left,pick up the red block,7,pregrasp,112,128,16,0.9696969696969697,0.8366013071895425,5,8,0.3,0.7,8,0.25044119358062744,0.18907669186592102,0.18907669186592102,0.25044119358062744,0.06136450171470642,0.06136450171470642,0.666901707649231,0.0455833375453949,0.18924447894096375
2026_08_18_00_55_01_843645_L3_left_C1,L3,C1,2.0,0.1694548757406934,red,left,right,left,pick up the red block,7,pregrasp,112,128,16,0.9696969696969697,0.8366013071895425,6,8,0.3,0.7,8,0.2803763449192047,0.19747239351272583,0.19747239351272583,0.2803763449192047,0.08290395140647888,0.08290395140647888,0.666901707649231,0.0455833375453949,0.18924447894096375
2026_08_18_00_55_01_843645_L3_left_C1,L3,C1,2.0,0.1694548757406934,red,left,right,left,pick up the red block,7,pregrasp,112,128,16,0.9696969696969697,0.8366013071895425,7,8,0.3,0.7,8,0.2914932370185852,0.2339121252298355,0.2339121252298355,0.2914932370185852,0.057581111788749695,0.057581111788749695,0.666901707649231,0.0455833375453949,0.18924447894096375
2026_08_18_00_55_01_843645_L3_left_C1,L3,C1,2.0,0.1694548757406934,red,left,right,left,pick up the red block,7,pregrasp,112,128,16,0.9696969696969697,0.8366013071895425,8,8,0.3,0.7,8,0.21316269040107727,0.16150981187820435,0.16150981187820435,0.21316269040107727,0.051652878522872925,0.051652878522872925,0.666901707649231,0.0455833375453949,0.18924447894096375
2026_08_18_00_55_01_843645_L3_left_C1,L3,C1,2.0,0.1694548757406934,red,left,right,left,pick up the red block,7,pregrasp,112,128,16,0.9696969696969697,0.8366013071895425,9,8,0.3,0.7,8,0.3001220226287842,0.2694830298423767,0.2694830298423767,0.3001220226287842,0.03063899278640747,0.03063899278640747,0.666901707649231,0.0455833375453949,0.18924447894096375
2026_08_18_00_55_01_843645_L3_left_C1,L3,C1,2.0,0.1694548757406934,red,left,right,left,pick up the red block,8,pregrasp,128,132,4,1.0,0.8627450980392157,0,8,0.3,0.7,8,0.3669922947883606,0.30330657958984375,0.30330657958984375,0.3669922947883606,0.06368571519851685,0.06368571519851685,0.6669310331344604,0.04557722806930542,0.18925757706165314
2026_08_18_00_55_01_843645_L3_left_C1,L3,C1,2.0,0.1694548757406934,red,left,right,left,pick up the red block,8,pregrasp,128,132,4,1.0,0.8627450980392157,1,8,0.3,0.7,8,0.3084583282470703,0.25670573115348816,0.25670573115348816,0.3084583282470703,0.05175259709358215,0.05175259709358215,0.6669310331344604,0.04557722806930542,0.18925757706165314
2026_08_18_00_55_01_843645_L3_left_C1,L3,C1,2.0,0.1694548757406934,red,left,right,left,pick up the red block,8,pregrasp,128,132,4,1.0,0.8627450980392157,2,8,0.3,0.7,8,0.2089739888906479,0.17055417597293854,0.17055417597293854,0.2089739888906479,0.03841981291770935,0.03841981291770935,0.6669310331344604,0.04557722806930542,0.18925757706165314
2026_08_18_00_55_01_843645_L3_left_C1,L3,C1,2.0,0.1694548757406934,red,left,right,left,pick up the red block,8,pregrasp,128,132,4,1.0,0.8627450980392157,3,8,0.3,0.7,8,0.1616823822259903,0.11057676374912262,0.11057676374912262,0.1616823822259903,0.051105618476867676,0.051105618476867676,0.6669310331344604,0.04557722806930542,0.18925757706165314
2026_08_18_00_55_01_843645_L3_left_C1,L3,C1,2.0,0.1694548757406934,red,left,right,left,pick up the red block,8,pregrasp,128,132,4,1.0,0.8627450980392157,4,8,0.3,0.7,8,0.29122599959373474,0.27684175968170166,0.27684175968170166,0.29122599959373474,0.014384239912033081,0.014384239912033081,0.6669310331344604,0.04557722806930542,0.18925757706165314
2026_08_18_00_55_01_843645_L3_left_C1,L3,C1,2.0,0.1694548757406934,red,left,right,left,pick up the red block,8,pregrasp,128,132,4,1.0,0.8627450980392157,5,8,0.3,0.7,8,0.2544862926006317,0.19912409782409668,0.19912409782409668,0.2544862926006317,0.055362194776535034,0.055362194776535034,0.6669310331344604,0.04557722806930542,0.18925757706165314
2026_08_18_00_55_01_843645_L3_left_C1,L3,C1,2.0,0.1694548757406934,red,left,right,left,pick up the red block,8,pregrasp,128,132,4,1.0,0.8627450980392157,6,8,0.3,0.7,8,0.19587895274162292,0.10556510835886002,0.10556510835886002,0.19587895274162292,0.09031384438276291,0.09031384438276291,0.6669310331344604,0.04557722806930542,0.18925757706165314
2026_08_18_00_55_01_843645_L3_left_C1,L3,C1,2.0,0.1694548757406934,red,left,right,left,pick up the red block,8,pregrasp,128,132,4,1.0,0.8627450980392157,7,8,0.3,0.7,8,0.3082582950592041,0.23402073979377747,0.23402073979377747,0.3082582950592041,0.07423755526542664,0.07423755526542664,0.6669310331344604,0.04557722806930542,0.18925757706165314
2026_08_18_00_55_01_843645_L3_left_C1,L3,C1,2.0,0.1694548757406934,red,left,right,left,pick up the red block,8,pregrasp,128,132,4,1.0,0.8627450980392157,8,8,0.3,0.7,8,0.1993582546710968,0.1788734495639801,0.1788734495639801,0.1993582546710968,0.0204848051071167,0.0204848051071167,0.6669310331344604,0.04557722806930542,0.18925757706165314
2026_08_18_00_55_01_843645_L3_left_C1,L3,C1,2.0,0.1694548757406934,red,left,right,left,pick up the red block,8,pregrasp,128,132,4,1.0,0.8627450980392157,9,8,0.3,0.7,8,0.28999269008636475,0.26788294315338135,0.26788294315338135,0.28999269008636475,0.0221097469329834,0.0221097469329834,0.6669310331344604,0.04557722806930542,0.18925757706165314
2026_08_18_00_55_01_843645_L3_left_C1,L3,C1,2.0,0.1694548757406934,red,left,right,left,pick up the red block,9,postgrasp,132,148,16,1.0,0.9673202614379085,0,8,0.3,0.7,8,0.3533681631088257,0.3060718774795532,0.3060718774795532,0.3533681631088257,0.04729628562927246,0.04729628562927246,0.6674745678901672,0.04517792537808418,0.189780592918396
2026_08_18_00_55_01_843645_L3_left_C1,L3,C1,2.0,0.1694548757406934,red,left,right,left,pick up the red block,9,postgrasp,132,148,16,1.0,0.9673202614379085,1,8,0.3,0.7,8,0.3583957254886627,0.30874374508857727,0.30874374508857727,0.3583957254886627,0.04965198040008545,0.04965198040008545,0.6674745678901672,0.04517792537808418,0.189780592918396
2026_08_18_00_55_01_843645_L3_left_C1,L3,C1,2.0,0.1694548757406934,red,left,right,left,pick up the red block,9,postgrasp,132,148,16,1.0,0.9673202614379085,2,8,0.3,0.7,8,0.3655281066894531,0.2883531451225281,0.2883531451225281,0.3655281066894531,0.07717496156692505,0.07717496156692505,0.6674745678901672,0.04517792537808418,0.189780592918396
2026_08_18_00_55_01_843645_L3_left_C1,L3,C1,2.0,0.1694548757406934,red,left,right,left,pick up the red block,9,postgrasp,132,148,16,1.0,0.9673202614379085,3,8,0.3,0.7,8,0.40264710783958435,0.3180689215660095,0.3180689215660095,0.40264710783958435,0.08457818627357483,0.08457818627357483,0.6674745678901672,0.04517792537808418,0.189780592918396
2026_08_18_00_55_01_843645_L3_left_C1,L3,C1,2.0,0.1694548757406934,red,left,right,left,pick up the red block,9,postgrasp,132,148,16,1.0,0.9673202614379085,4,8,0.3,0.7,8,0.3304550349712372,0.2881982922554016,0.2881982922554016,0.3304550349712372,0.04225674271583557,0.04225674271583557,0.6674745678901672,0.04517792537808418,0.189780592918396
2026_08_18_00_55_01_843645_L3_left_C1,L3,C1,2.0,0.1694548757406934,red,left,right,left,pick up the red block,9,postgrasp,132,148,16,1.0,0.9673202614379085,5,8,0.3,0.7,8,0.3840116560459137,0.3292537033557892,0.3292537033557892,0.3840116560459137,0.05475795269012451,0.05475795269012451,0.6674745678901672,0.04517792537808418,0.189780592918396
2026_08_18_00_55_01_843645_L3_left_C1,L3,C1,2.0,0.1694548757406934,red,left,right,left,pick up the red block,9,postgrasp,132,148,16,1.0,0.9673202614379085,6,8,0.3,0.7,8,0.32468369603157043,0.269088476896286,0.269088476896286,0.32468369603157043,0.055595219135284424,0.055595219135284424,0.6674745678901672,0.04517792537808418,0.189780592918396
2026_08_18_00_55_01_843645_L3_left_C1,L3,C1,2.0,0.1694548757406934,red,left,right,left,pick up the red block,9,postgrasp,132,148,16,1.0,0.9673202614379085,7,8,0.3,0.7,8,0.3647209405899048,0.3011709749698639,0.3011709749698639,0.3647209405899048,0.0635499656200409,0.0635499656200409,0.6674745678901672,0.04517792537808418,0.189780592918396
2026_08_18_00_55_01_843645_L3_left_C1,L3,C1,2.0,0.1694548757406934,red,left,right,left,pick up the red block,9,postgrasp,132,148,16,1.0,0.9673202614379085,8,8,0.3,0.7,8,0.37633055448532104,0.3169746994972229,0.3169746994972229,0.37633055448532104,0.059355854988098145,0.059355854988098145,0.6674745678901672,0.04517792537808418,0.189780592918396
2026_08_18_00_55_01_843645_L3_left_C1,L3,C1,2.0,0.1694548757406934,red,left,right,left,pick up the red block,9,postgrasp,132,148,16,1.0,0.9673202614379085,9,8,0.3,0.7,8,0.3845486342906952,0.3339080214500427,0.3339080214500427,0.3845486342906952,0.050640612840652466,0.050640612840652466,0.6674745678901672,0.04517792537808418,0.189780592918396
2026_08_18_00_55_01_843645_L3_left_C1,L3,C1,2.0,0.1694548757406934,red,left,right,left,pick up the red block,10,postgrasp,148,153,5,1.0,1.0,0,8,0.3,0.7,8,0.26674097776412964,0.2749682068824768,0.2749682068824768,0.26674097776412964,-0.008227229118347168,-0.008227229118347168,0.6674746870994568,0.04517439752817154,0.18977776169776917
2026_08_18_00_55_01_843645_L3_left_C1,L3,C1,2.0,0.1694548757406934,red,left,right,left,pick up the red block,10,postgrasp,148,153,5,1.0,1.0,1,8,0.3,0.7,8,0.3177016079425812,0.31444403529167175,0.31444403529167175,0.3177016079425812,0.003257572650909424,0.003257572650909424,0.6674746870994568,0.04517439752817154,0.18977776169776917
2026_08_18_00_55_01_843645_L3_left_C1,L3,C1,2.0,0.1694548757406934,red,left,right,left,pick up the red block,10,postgrasp,148,153,5,1.0,1.0,2,8,0.3,0.7,8,0.3049865961074829,0.3183342516422272,0.3183342516422272,0.3049865961074829,-0.013347655534744263,-0.013347655534744263,0.6674746870994568,0.04517439752817154,0.18977776169776917
2026_08_18_00_55_01_843645_L3_left_C1,L3,C1,2.0,0.1694548757406934,red,left,right,left,pick up the red block,10,postgrasp,148,153,5,1.0,1.0,3,8,0.3,0.7,8,0.2877787947654724,0.2628664970397949,0.2628664970397949,0.2877787947654724,0.02491229772567749,0.02491229772567749,0.6674746870994568,0.04517439752817154,0.18977776169776917
2026_08_18_00_55_01_843645_L3_left_C1,L3,C1,2.0,0.1694548757406934,red,left,right,left,pick up the red block,10,postgrasp,148,153,5,1.0,1.0,4,8,0.3,0.7,8,0.3404519557952881,0.31747350096702576,0.31747350096702576,0.3404519557952881,0.02297845482826233,0.02297845482826233,0.6674746870994568,0.04517439752817154,0.18977776169776917
2026_08_18_00_55_01_843645_L3_left_C1,L3,C1,2.0,0.1694548757406934,red,left,right,left,pick up the red block,10,postgrasp,148,153,5,1.0,1.0,5,8,0.3,0.7,8,0.26524388790130615,0.31046268343925476,0.31046268343925476,0.26524388790130615,-0.04521879553794861,-0.04521879553794861,0.6674746870994568,0.04517439752817154,0.18977776169776917
2026_08_18_00_55_01_843645_L3_left_C1,L3,C1,2.0,0.1694548757406934,red,left,right,left,pick up the red block,10,postgrasp,148,153,5,1.0,1.0,6,8,0.3,0.7,8,0.32337644696235657,0.30873391032218933,0.30873391032218933,0.32337644696235657,0.014642536640167236,0.014642536640167236,0.6674746870994568,0.04517439752817154,0.18977776169776917
2026_08_18_00_55_01_843645_L3_left_C1,L3,C1,2.0,0.1694548757406934,red,left,right,left,pick up the red block,10,postgrasp,148,153,5,1.0,1.0,7,8,0.3,0.7,8,0.28844165802001953,0.3322545289993286,0.3322545289993286,0.28844165802001953,-0.04381287097930908,-0.04381287097930908,0.6674746870994568,0.04517439752817154,0.18977776169776917
2026_08_18_00_55_01_843645_L3_left_C1,L3,C1,2.0,0.1694548757406934,red,left,right,left,pick up the red block,10,postgrasp,148,153,5,1.0,1.0,8,8,0.3,0.7,8,0.2716510593891144,0.3784486949443817,0.3784486949443817,0.2716510593891144,-0.10679763555526733,-0.10679763555526733,0.6674746870994568,0.04517439752817154,0.18977776169776917
2026_08_18_00_55_01_843645_L3_left_C1,L3,C1,2.0,0.1694548757406934,red,left,right,left,pick up the red block,10,postgrasp,148,153,5,1.0,1.0,9,8,0.3,0.7,8,0.34736543893814087,0.43843308091163635,0.43843308091163635,0.34736543893814087,-0.09106764197349548,-0.09106764197349548,0.6674746870994568,0.04517439752817154,0.18977776169776917
2026_08_18_00_55_32_860317_L3_left_C2,L3,C2,4.0,0.3389097514813868,red,left,right,left,pick up the red block,0,pregrasp,0,16,16,0.09142857142857143,0.08163265306122448,0,8,0.3,0.7,8,0.29773837327957153,0.3424379825592041,0.3424379825592041,0.29773837327957153,-0.04469960927963257,-0.04469960927963257,0.36861270666122437,0.028996635228395462,0.48447126150131226
2026_08_18_00_55_32_860317_L3_left_C2,L3,C2,4.0,0.3389097514813868,red,left,right,left,pick up the red block,0,pregrasp,0,16,16,0.09142857142857143,0.08163265306122448,1,8,0.3,0.7,8,0.34798663854599,0.3001631200313568,0.3001631200313568,0.34798663854599,0.04782351851463318,0.04782351851463318,0.36861270666122437,0.028996635228395462,0.48447126150131226
2026_08_18_00_55_32_860317_L3_left_C2,L3,C2,4.0,0.3389097514813868,red,left,right,left,pick up the red block,0,pregrasp,0,16,16,0.09142857142857143,0.08163265306122448,2,8,0.3,0.7,8,0.45319509506225586,0.4220326840877533,0.4220326840877533,0.45319509506225586,0.031162410974502563,0.031162410974502563,0.36861270666122437,0.028996635228395462,0.48447126150131226
2026_08_18_00_55_32_860317_L3_left_C2,L3,C2,4.0,0.3389097514813868,red,left,right,left,pick up the red block,0,pregrasp,0,16,16,0.09142857142857143,0.08163265306122448,3,8,0.3,0.7,8,0.3762195110321045,0.39205580949783325,0.39205580949783325,0.3762195110321045,-0.01583629846572876,-0.01583629846572876,0.36861270666122437,0.028996635228395462,0.48447126150131226
2026_08_18_00_55_32_860317_L3_left_C2,L3,C2,4.0,0.3389097514813868,red,left,right,left,pick up the red block,0,pregrasp,0,16,16,0.09142857142857143,0.08163265306122448,4,8,0.3,0.7,8,0.35964667797088623,0.3622846007347107,0.3622846007347107,0.35964667797088623,-0.002637922763824463,-0.002637922763824463,0.36861270666122437,0.028996635228395462,0.48447126150131226
2026_08_18_00_55_32_860317_L3_left_C2,L3,C2,4.0,0.3389097514813868,red,left,right,left,pick up the red block,0,pregrasp,0,16,16,0.09142857142857143,0.08163265306122448,5,8,0.3,0.7,8,0.34875431656837463,0.31849923729896545,0.31849923729896545,0.34875431656837463,0.03025507926940918,0.03025507926940918,0.36861270666122437,0.028996635228395462,0.48447126150131226
2026_08_18_00_55_32_860317_L3_left_C2,L3,C2,4.0,0.3389097514813868,red,left,right,left,pick up the red block,0,pregrasp,0,16,16,0.09142857142857143,0.08163265306122448,6,8,0.3,0.7,8,0.392833411693573,0.4014270305633545,0.4014270305633545,0.392833411693573,-0.008593618869781494,-0.008593618869781494,0.36861270666122437,0.028996635228395462,0.48447126150131226
2026_08_18_00_55_32_860317_L3_left_C2,L3,C2,4.0,0.3389097514813868,red,left,right,left,pick up the red block,0,pregrasp,0,16,16,0.09142857142857143,0.08163265306122448,7,8,0.3,0.7,8,0.4173053801059723,0.42099589109420776,0.42099589109420776,0.4173053801059723,-0.0036905109882354736,-0.0036905109882354736,0.36861270666122437,0.028996635228395462,0.48447126150131226
2026_08_18_00_55_32_860317_L3_left_C2,L3,C2,4.0,0.3389097514813868,red,left,right,left,pick up the red block,0,pregrasp,0,16,16,0.09142857142857143,0.08163265306122448,8,8,0.3,0.7,8,0.41268712282180786,0.40569865703582764,0.40569865703582764,0.41268712282180786,0.006988465785980225,0.006988465785980225,0.36861270666122437,0.028996635228395462,0.48447126150131226
2026_08_18_00_55_32_860317_L3_left_C2,L3,C2,4.0,0.3389097514813868,red,left,right,left,pick up the red block,0,pregrasp,0,16,16,0.09142857142857143,0.08163265306122448,9,8,0.3,0.7,8,0.32494813203811646,0.27312225103378296,0.27312225103378296,0.32494813203811646,0.051825881004333496,0.051825881004333496,0.36861270666122437,0.028996635228395462,0.48447126150131226
2026_08_18_00_55_32_860317_L3_left_C2,L3,C2,4.0,0.3389097514813868,red,left,right,left,pick up the red block,1,pregrasp,16,32,16,0.18285714285714286,0.16326530612244897,0,8,0.3,0.7,8,0.3234354853630066,0.37141555547714233,0.37141555547714233,0.3234354853630066,-0.04798007011413574,-0.04798007011413574,0.38241538405418396,0.09175372123718262,0.46000251173973083
2026_08_18_00_55_32_860317_L3_left_C2,L3,C2,4.0,0.3389097514813868,red,left,right,left,pick up the red block,1,pregrasp,16,32,16,0.18285714285714286,0.16326530612244897,1,8,0.3,0.7,8,0.22642631828784943,0.242294579744339,0.242294579744339,0.22642631828784943,-0.015868261456489563,-0.015868261456489563,0.38241538405418396,0.09175372123718262,0.46000251173973083
2026_08_18_00_55_32_860317_L3_left_C2,L3,C2,4.0,0.3389097514813868,red,left,right,left,pick up the red block,1,pregrasp,16,32,16,0.18285714285714286,0.16326530612244897,2,8,0.3,0.7,8,0.23182842135429382,0.27013030648231506,0.27013030648231506,0.23182842135429382,-0.03830188512802124,-0.03830188512802124,0.38241538405418396,0.09175372123718262,0.46000251173973083
2026_08_18_00_55_32_860317_L3_left_C2,L3,C2,4.0,0.3389097514813868,red,left,right,left,pick up the red block,1,pregrasp,16,32,16,0.18285714285714286,0.16326530612244897,3,8,0.3,0.7,8,0.2731735110282898,0.31177955865859985,0.31177955865859985,0.2731735110282898,-0.03860604763031006,-0.03860604763031006,0.38241538405418396,0.09175372123718262,0.46000251173973083
2026_08_18_00_55_32_860317_L3_left_C2,L3,C2,4.0,0.3389097514813868,red,left,right,left,pick up the red block,1,pregrasp,16,32,16,0.18285714285714286,0.16326530612244897,4,8,0.3,0.7,8,0.27648279070854187,0.3163853585720062,0.3163853585720062,0.27648279070854187,-0.039902567863464355,-0.039902567863464355,0.38241538405418396,0.09175372123718262,0.46000251173973083
2026_08_18_00_55_32_860317_L3_left_C2,L3,C2,4.0,0.3389097514813868,red,left,right,left,pick up the red block,1,pregrasp,16,32,16,0.18285714285714286,0.16326530612244897,5,8,0.3,0.7,8,0.19910812377929688,0.2323298156261444,0.2323298156261444,0.19910812377929688,-0.033221691846847534,-0.033221691846847534,0.38241538405418396,0.09175372123718262,0.46000251173973083
2026_08_18_00_55_32_860317_L3_left_C2,L3,C2,4.0,0.3389097514813868,red,left,right,left,pick up the red block,1,pregrasp,16,32,16,0.18285714285714286,0.16326530612244897,6,8,0.3,0.7,8,0.2602449655532837,0.3087284564971924,0.3087284564971924,0.2602449655532837,-0.04848349094390869,-0.04848349094390869,0.38241538405418396,0.09175372123718262,0.46000251173973083
2026_08_18_00_55_32_860317_L3_left_C2,L3,C2,4.0,0.3389097514813868,red,left,right,left,pick up the red block,1,pregrasp,16,32,16,0.18285714285714286,0.16326530612244897,7,8,0.3,0.7,8,0.2994493246078491,0.3526785969734192,0.3526785969734192,0.2994493246078491,-0.05322927236557007,-0.05322927236557007,0.38241538405418396,0.09175372123718262,0.46000251173973083
2026_08_18_00_55_32_860317_L3_left_C2,L3,C2,4.0,0.3389097514813868,red,left,right,left,pick up the red block,1,pregrasp,16,32,16,0.18285714285714286,0.16326530612244897,8,8,0.3,0.7,8,0.29666298627853394,0.3387063443660736,0.3387063443660736,0.29666298627853394,-0.04204335808753967,-0.04204335808753967,0.38241538405418396,0.09175372123718262,0.46000251173973083
2026_08_18_00_55_32_860317_L3_left_C2,L3,C2,4.0,0.3389097514813868,red,left,right,left,pick up the red block,1,pregrasp,16,32,16,0.18285714285714286,0.16326530612244897,9,8,0.3,0.7,8,0.3026067018508911,0.351811945438385,0.351811945438385,0.3026067018508911,-0.049205243587493896,-0.049205243587493896,0.38241538405418396,0.09175372123718262,0.46000251173973083
2026_08_18_00_55_32_860317_L3_left_C2,L3,C2,4.0,0.3389097514813868,red,left,right,left,pick up the red block,2,pregrasp,32,48,16,0.2742857142857143,0.24489795918367346,0,8,0.3,0.7,8,0.26360541582107544,0.24893204867839813,0.24893204867839813,0.26360541582107544,0.014673367142677307,0.014673367142677307,0.40943393111228943,0.14951172471046448,0.4347926080226898
2026_08_18_00_55_32_860317_L3_left_C2,L3,C2,4.0,0.3389097514813868,red,left,right,left,pick up the red block,2,pregrasp,32,48,16,0.2742857142857143,0.24489795918367346,1,8,0.3,0.7,8,0.2564418911933899,0.23979055881500244,0.23979055881500244,0.2564418911933899,0.01665133237838745,0.01665133237838745,0.40943393111228943,0.14951172471046448,0.4347926080226898
2026_08_18_00_55_32_860317_L3_left_C2,L3,C2,4.0,0.3389097514813868,red,left,right,left,pick up the red block,2,pregrasp,32,48,16,0.2742857142857143,0.24489795918367346,2,8,0.3,0.7,8,0.267422080039978,0.25660738348960876,0.25660738348960876,0.267422080039978,0.010814696550369263,0.010814696550369263,0.40943393111228943,0.14951172471046448,0.4347926080226898
2026_08_18_00_55_32_860317_L3_left_C2,L3,C2,4.0,0.3389097514813868,red,left,right,left,pick up the red block,2,pregrasp,32,48,16,0.2742857142857143,0.24489795918367346,3,8,0.3,0.7,8,0.35690924525260925,0.33947256207466125,0.33947256207466125,0.35690924525260925,0.017436683177947998,0.017436683177947998,0.40943393111228943,0.14951172471046448,0.4347926080226898
2026_08_18_00_55_32_860317_L3_left_C2,L3,C2,4.0,0.3389097514813868,red,left,right,left,pick up the red block,2,pregrasp,32,48,16,0.2742857142857143,0.24489795918367346,4,8,0.3,0.7,8,0.25552642345428467,0.22781260311603546,0.22781260311603546,0.25552642345428467,0.027713820338249207,0.027713820338249207,0.40943393111228943,0.14951172471046448,0.4347926080226898
2026_08_18_00_55_32_860317_L3_left_C2,L3,C2,4.0,0.3389097514813868,red,left,right,left,pick up the red block,2,pregrasp,32,48,16,0.2742857142857143,0.24489795918367346,5,8,0.3,0.7,8,0.3023514747619629,0.29185211658477783,0.29185211658477783,0.3023514747619629,0.010499358177185059,0.010499358177185059,0.40943393111228943,0.14951172471046448,0.4347926080226898
2026_08_18_00_55_32_860317_L3_left_C2,L3,C2,4.0,0.3389097514813868,red,left,right,left,pick up the red block,2,pregrasp,32,48,16,0.2742857142857143,0.24489795918367346,6,8,0.3,0.7,8,0.34191015362739563,0.3275206685066223,0.3275206685066223,0.34191015362739563,0.014389485120773315,0.014389485120773315,0.40943393111228943,0.14951172471046448,0.4347926080226898
2026_08_18_00_55_32_860317_L3_left_C2,L3,C2,4.0,0.3389097514813868,red,left,right,left,pick up the red block,2,pregrasp,32,48,16,0.2742857142857143,0.24489795918367346,7,8,0.3,0.7,8,0.320425808429718,0.2840125262737274,0.2840125262737274,0.320425808429718,0.0364132821559906,0.0364132821559906,0.40943393111228943,0.14951172471046448,0.4347926080226898
2026_08_18_00_55_32_860317_L3_left_C2,L3,C2,4.0,0.3389097514813868,red,left,right,left,pick up the red block,2,pregrasp,32,48,16,0.2742857142857143,0.24489795918367346,8,8,0.3,0.7,8,0.1830713152885437,0.15668737888336182,0.15668737888336182,0.1830713152885437,0.026383936405181885,0.026383936405181885,0.40943393111228943,0.14951172471046448,0.4347926080226898
2026_08_18_00_55_32_860317_L3_left_C2,L3,C2,4.0,0.3389097514813868,red,left,right,left,pick up the red block,2,pregrasp,32,48,16,0.2742857142857143,0.24489795918367346,9,8,0.3,0.7,8,0.24419644474983215,0.22306279838085175,0.22306279838085175,0.24419644474983215,0.021133646368980408,0.021133646368980408,0.40943393111228943,0.14951172471046448,0.4347926080226898
2026_08_18_00_55_32_860317_L3_left_C2,L3,C2,4.0,0.3389097514813868,red,left,right,left,pick up the red block,3,pregrasp,48,64,16,0.3657142857142857,0.32653061224489793,0,8,0.3,0.7,8,0.29363876581192017,0.2324029505252838,0.2324029505252838,0.29363876581192017,0.06123581528663635,0.06123581528663635,0.44861117005348206,0.19357816874980927,0.39808720350265503
2026_08_18_00_55_32_860317_L3_left_C2,L3,C2,4.0,0.3389097514813868,red,left,right,left,pick up the red block,3,pregrasp,48,64,16,0.3657142857142857,0.32653061224489793,1,8,0.3,0.7,8,0.22756671905517578,0.20213760435581207,0.20213760435581207,0.22756671905517578,0.02542911469936371,0.02542911469936371,0.44861117005348206,0.19357816874980927,0.39808720350265503
2026_08_18_00_55_32_860317_L3_left_C2,L3,C2,4.0,0.3389097514813868,red,left,right,left,pick up the red block,3,pregrasp,48,64,16,0.3657142857142857,0.32653061224489793,2,8,0.3,0.7,8,0.35342174768447876,0.31460171937942505,0.31460171937942505,0.35342174768447876,0.03882002830505371,0.03882002830505371,0.44861117005348206,0.19357816874980927,0.39808720350265503
2026_08_18_00_55_32_860317_L3_left_C2,L3,C2,4.0,0.3389097514813868,red,left,right,left,pick up the red block,3,pregrasp,48,64,16,0.3657142857142857,0.32653061224489793,3,8,0.3,0.7,8,0.26552557945251465,0.21612504124641418,0.21612504124641418,0.26552557945251465,0.049400538206100464,0.049400538206100464,0.44861117005348206,0.19357816874980927,0.39808720350265503
2026_08_18_00_55_32_860317_L3_left_C2,L3,C2,4.0,0.3389097514813868,red,left,right,left,pick up the red block,3,pregrasp,48,64,16,0.3657142857142857,0.32653061224489793,4,8,0.3,0.7,8,0.390321284532547,0.3479773998260498,0.3479773998260498,0.390321284532547,0.04234388470649719,0.04234388470649719,0.44861117005348206,0.19357816874980927,0.39808720350265503
2026_08_18_00_55_32_860317_L3_left_C2,L3,C2,4.0,0.3389097514813868,red,left,right,left,pick up the red block,3,pregrasp,48,64,16,0.3657142857142857,0.32653061224489793,5,8,0.3,0.7,8,0.296708881855011,0.24645952880382538,0.24645952880382538,0.296708881855011,0.05024935305118561,0.05024935305118561,0.44861117005348206,0.19357816874980927,0.39808720350265503
2026_08_18_00_55_32_860317_L3_left_C2,L3,C2,4.0,0.3389097514813868,red,left,right,left,pick up the red block,3,pregrasp,48,64,16,0.3657142857142857,0.32653061224489793,6,8,0.3,0.7,8,0.2533654570579529,0.22009453177452087,0.22009453177452087,0.2533654570579529,0.03327092528343201,0.03327092528343201,0.44861117005348206,0.19357816874980927,0.39808720350265503
2026_08_18_00_55_32_860317_L3_left_C2,L3,C2,4.0,0.3389097514813868,red,left,right,left,pick up the red block,3,pregrasp,48,64,16,0.3657142857142857,0.32653061224489793,7,8,0.3,0.7,8,0.24950222671031952,0.2276790589094162,0.2276790589094162,0.24950222671031952,0.02182316780090332,0.02182316780090332,0.44861117005348206,0.19357816874980927,0.39808720350265503
2026_08_18_00_55_32_860317_L3_left_C2,L3,C2,4.0,0.3389097514813868,red,left,right,left,pick up the red block,3,pregrasp,48,64,16,0.3657142857142857,0.32653061224489793,8,8,0.3,0.7,8,0.19010108709335327,0.17146854102611542,0.17146854102611542,0.19010108709335327,0.018632546067237854,0.018632546067237854,0.44861117005348206,0.19357816874980927,0.39808720350265503
2026_08_18_00_55_32_860317_L3_left_C2,L3,C2,4.0,0.3389097514813868,red,left,right,left,pick up the red block,3,pregrasp,48,64,16,0.3657142857142857,0.32653061224489793,9,8,0.3,0.7,8,0.3180154860019684,0.26935914158821106,0.26935914158821106,0.3180154860019684,0.048656344413757324,0.048656344413757324,0.44861117005348206,0.19357816874980927,0.39808720350265503
2026_08_18_00_55_32_860317_L3_left_C2,L3,C2,4.0,0.3389097514813868,red,left,right,left,pick up the red block,4,pregrasp,64,80,16,0.45714285714285713,0.40816326530612246,0,8,0.3,0.7,8,0.29021963477134705,0.30251777172088623,0.30251777172088623,0.29021963477134705,-0.012298136949539185,-0.012298136949539185,0.4935399889945984,0.2071520984172821,0.35405904054641724
2026_08_18_00_55_32_860317_L3_left_C2,L3,C2,4.0,0.3389097514813868,red,left,right,left,pick up the red block,4,pregrasp,64,80,16,0.45714285714285713,0.40816326530612246,1,8,0.3,0.7,8,0.23105943202972412,0.28341418504714966,0.28341418504714966,0.23105943202972412,-0.05235475301742554,-0.05235475301742554,0.4935399889945984,0.2071520984172821,0.35405904054641724
2026_08_18_00_55_32_860317_L3_left_C2,L3,C2,4.0,0.3389097514813868,red,left,right,left,pick up the red block,4,pregrasp,64,80,16,0.45714285714285713,0.40816326530612246,2,8,0.3,0.7,8,0.32974475622177124,0.4328550696372986,0.4328550696372986,0.32974475622177124,-0.10311031341552734,-0.10311031341552734,0.4935399889945984,0.2071520984172821,0.35405904054641724
2026_08_18_00_55_32_860317_L3_left_C2,L3,C2,4.0,0.3389097514813868,red,left,right,left,pick up the red block,4,pregrasp,64,80,16,0.45714285714285713,0.40816326530612246,3,8,0.3,0.7,8,0.2531655728816986,0.3487967848777771,0.3487967848777771,0.2531655728816986,-0.09563121199607849,-0.09563121199607849,0.4935399889945984,0.2071520984172821,0.35405904054641724
2026_08_18_00_55_32_860317_L3_left_C2,L3,C2,4.0,0.3389097514813868,red,left,right,left,pick up the red block,4,pregrasp,64,80,16,0.45714285714285713,0.40816326530612246,4,8,0.3,0.7,8,0.19068598747253418,0.23824623227119446,0.23824623227119446,0.19068598747253418,-0.04756024479866028,-0.04756024479866028,0.4935399889945984,0.2071520984172821,0.35405904054641724
2026_08_18_00_55_32_860317_L3_left_C2,L3,C2,4.0,0.3389097514813868,red,left,right,left,pick up the red block,4,pregrasp,64,80,16,0.45714285714285713,0.40816326530612246,5,8,0.3,0.7,8,0.20032396912574768,0.2793140709400177,0.2793140709400177,0.20032396912574768,-0.07899010181427002,-0.07899010181427002,0.4935399889945984,0.2071520984172821,0.35405904054641724
2026_08_18_00_55_32_860317_L3_left_C2,L3,C2,4.0,0.3389097514813868,red,left,right,left,pick up the red block,4,pregrasp,64,80,16,0.45714285714285713,0.40816326530612246,6,8,0.3,0.7,8,0.2787807285785675,0.3241265118122101,0.3241265118122101,0.2787807285785675,-0.04534578323364258,-0.04534578323364258,0.4935399889945984,0.2071520984172821,0.35405904054641724
2026_08_18_00_55_32_860317_L3_left_C2,L3,C2,4.0,0.3389097514813868,red,left,right,left,pick up the red block,4,pregrasp,64,80,16,0.45714285714285713,0.40816326530612246,7,8,0.3,0.7,8,0.27322185039520264,0.2900574803352356,0.2900574803352356,0.27322185039520264,-0.01683562994003296,-0.01683562994003296,0.4935399889945984,0.2071520984172821,0.35405904054641724
2026_08_18_00_55_32_860317_L3_left_C2,L3,C2,4.0,0.3389097514813868,red,left,right,left,pick up the red block,4,pregrasp,64,80,16,0.45714285714285713,0.40816326530612246,8,8,0.3,0.7,8,0.28157317638397217,0.3356824815273285,0.3356824815273285,0.28157317638397217,-0.05410930514335632,-0.05410930514335632,0.4935399889945984,0.2071520984172821,0.35405904054641724
2026_08_18_00_55_32_860317_L3_left_C2,L3,C2,4.0,0.3389097514813868,red,left,right,left,pick up the red block,4,pregrasp,64,80,16,0.45714285714285713,0.40816326530612246,9,8,0.3,0.7,8,0.31431859731674194,0.4101901054382324,0.4101901054382324,0.31431859731674194,-0.09587150812149048,-0.09587150812149048,0.4935399889945984,0.2071520984172821,0.35405904054641724
2026_08_18_00_55_32_860317_L3_left_C2,L3,C2,4.0,0.3389097514813868,red,left,right,left,pick up the red block,5,pregrasp,80,96,16,0.5485714285714286,0.4897959183673469,0,8,0.3,0.7,8,0.22527442872524261,0.22289037704467773,0.22289037704467773,0.22527442872524261,0.0023840516805648804,0.0023840516805648804,0.540493905544281,0.1865803301334381,0.3085733652114868
2026_08_18_00_55_32_860317_L3_left_C2,L3,C2,4.0,0.3389097514813868,red,left,right,left,pick up the red block,5,pregrasp,80,96,16,0.5485714285714286,0.4897959183673469,1,8,0.3,0.7,8,0.150226891040802,0.15071579813957214,0.15071579813957214,0.150226891040802,-0.0004889070987701416,-0.0004889070987701416,0.540493905544281,0.1865803301334381,0.3085733652114868
2026_08_18_00_55_32_860317_L3_left_C2,L3,C2,4.0,0.3389097514813868,red,left,right,left,pick up the red block,5,pregrasp,80,96,16,0.5485714285714286,0.4897959183673469,2,8,0.3,0.7,8,0.2249709814786911,0.21975739300251007,0.21975739300251007,0.2249709814786911,0.00521358847618103,0.00521358847618103,0.540493905544281,0.1865803301334381,0.3085733652114868
2026_08_18_00_55_32_860317_L3_left_C2,L3,C2,4.0,0.3389097514813868,red,left,right,left,pick up the red block,5,pregrasp,80,96,16,0.5485714285714286,0.4897959183673469,3,8,0.3,0.7,8,0.3056401312351227,0.29551461338996887,0.29551461338996887,0.3056401312351227,0.010125517845153809,0.010125517845153809,0.540493905544281,0.1865803301334381,0.3085733652114868
2026_08_18_00_55_32_860317_L3_left_C2,L3,C2,4.0,0.3389097514813868,red,left,right,left,pick up the red block,5,pregrasp,80,96,16,0.5485714285714286,0.4897959183673469,4,8,0.3,0.7,8,0.2915930151939392,0.28450503945350647,0.28450503945350647,0.2915930151939392,0.007087975740432739,0.007087975740432739,0.540493905544281,0.1865803301334381,0.3085733652114868
2026_08_18_00_55_32_860317_L3_left_C2,L3,C2,4.0,0.3389097514813868,red,left,right,left,pick up the red block,5,pregrasp,80,96,16,0.5485714285714286,0.4897959183673469,5,8,0.3,0.7,8,0.22536472976207733,0.21750424802303314,0.21750424802303314,0.22536472976207733,0.00786048173904419,0.00786048173904419,0.540493905544281,0.1865803301334381,0.3085733652114868
2026_08_18_00_55_32_860317_L3_left_C2,L3,C2,4.0,0.3389097514813868,red,left,right,left,pick up the red block,5,pregrasp,80,96,16,0.5485714285714286,0.4897959183673469,6,8,0.3,0.7,8,0.2735145390033722,0.2684643864631653,0.2684643864631653,0.2735145390033722,0.005050152540206909,0.005050152540206909,0.540493905544281,0.1865803301334381,0.3085733652114868
2026_08_18_00_55_32_860317_L3_left_C2,L3,C2,4.0,0.3389097514813868,red,left,right,left,pick up the red block,5,pregrasp,80,96,16,0.5485714285714286,0.4897959183673469,7,8,0.3,0.7,8,0.2259601354598999,0.21538880467414856,0.21538880467414856,0.2259601354598999,0.010571330785751343,0.010571330785751343,0.540493905544281,0.1865803301334381,0.3085733652114868
2026_08_18_00_55_32_860317_L3_left_C2,L3,C2,4.0,0.3389097514813868,red,left,right,left,pick up the red block,5,pregrasp,80,96,16,0.5485714285714286,0.4897959183673469,8,8,0.3,0.7,8,0.21503682434558868,0.21176686882972717,0.21176686882972717,0.21503682434558868,0.0032699555158615112,0.0032699555158615112,0.540493905544281,0.1865803301334381,0.3085733652114868
2026_08_18_00_55_32_860317_L3_left_C2,L3,C2,4.0,0.3389097514813868,red,left,right,left,pick up the red block,5,pregrasp,80,96,16,0.5485714285714286,0.4897959183673469,9,8,0.3,0.7,8,0.30838218331336975,0.2962343096733093,0.2962343096733093,0.30838218331336975,0.012147873640060425,0.012147873640060425,0.540493905544281,0.1865803301334381,0.3085733652114868
2026_08_18_00_55_32_860317_L3_left_C2,L3,C2,4.0,0.3389097514813868,red,left,right,left,pick up the red block,6,pregrasp,96,112,16,0.64,0.5714285714285714,0,8,0.3,0.7,8,0.1271655559539795,0.16475939750671387,0.16475939750671387,0.1271655559539795,-0.037593841552734375,-0.037593841552734375,0.5829413533210754,0.1485113650560379,0.2686828374862671
2026_08_18_00_55_32_860317_L3_left_C2,L3,C2,4.0,0.3389097514813868,red,left,right,left,pick up the red block,6,pregrasp,96,112,16,0.64,0.5714285714285714,1,8,0.3,0.7,8,0.25988274812698364,0.27322715520858765,0.27322715520858765,0.25988274812698364,-0.013344407081604004,-0.013344407081604004,0.5829413533210754,0.1485113650560379,0.2686828374862671
2026_08_18_00_55_32_860317_L3_left_C2,L3,C2,4.0,0.3389097514813868,red,left,right,left,pick up the red block,6,pregrasp,96,112,16,0.64,0.5714285714285714,2,8,0.3,0.7,8,0.22071966528892517,0.24619275331497192,0.24619275331497192,0.22071966528892517,-0.025473088026046753,-0.025473088026046753,0.5829413533210754,0.1485113650560379,0.2686828374862671
2026_08_18_00_55_32_860317_L3_left_C2,L3,C2,4.0,0.3389097514813868,red,left,right,left,pick up the red block,6,pregrasp,96,112,16,0.64,0.5714285714285714,3,8,0.3,0.7,8,0.21968583762645721,0.23367343842983246,0.23367343842983246,0.21968583762645721,-0.013987600803375244,-0.013987600803375244,0.5829413533210754,0.1485113650560379,0.2686828374862671
2026_08_18_00_55_32_860317_L3_left_C2,L3,C2,4.0,0.3389097514813868,red,left,right,left,pick up the red block,6,pregrasp,96,112,16,0.64,0.5714285714285714,4,8,0.3,0.7,8,0.2960360646247864,0.3089262843132019,0.3089262843132019,0.2960360646247864,-0.012890219688415527,-0.012890219688415527,0.5829413533210754,0.1485113650560379,0.2686828374862671
2026_08_18_00_55_32_860317_L3_left_C2,L3,C2,4.0,0.3389097514813868,red,left,right,left,pick up the red block,6,pregrasp,96,112,16,0.64,0.5714285714285714,5,8,0.3,0.7,8,0.1760634332895279,0.19600221514701843,0.19600221514701843,0.1760634332895279,-0.01993878185749054,-0.01993878185749054,0.5829413533210754,0.1485113650560379,0.2686828374862671
2026_08_18_00_55_32_860317_L3_left_C2,L3,C2,4.0,0.3389097514813868,red,left,right,left,pick up the red block,6,pregrasp,96,112,16,0.64,0.5714285714285714,6,8,0.3,0.7,8,0.3515336513519287,0.3717397451400757,0.3717397451400757,0.3515336513519287,-0.020206093788146973,-0.020206093788146973,0.5829413533210754,0.1485113650560379,0.2686828374862671
2026_08_18_00_55_32_860317_L3_left_C2,L3,C2,4.0,0.3389097514813868,red,left,right,left,pick up the red block,6,pregrasp,96,112,16,0.64,0.5714285714285714,7,8,0.3,0.7,8,0.2238425314426422,0.24551869928836823,0.24551869928836823,0.2238425314426422,-0.021676167845726013,-0.021676167845726013,0.5829413533210754,0.1485113650560379,0.2686828374862671
2026_08_18_00_55_32_860317_L3_left_C2,L3,C2,4.0,0.3389097514813868,red,left,right,left,pick up the red block,6,pregrasp,96,112,16,0.64,0.5714285714285714,8,8,0.3,0.7,8,0.20982107520103455,0.22837914526462555,0.22837914526462555,0.20982107520103455,-0.018558070063591003,-0.018558070063591003,0.5829413533210754,0.1485113650560379,0.2686828374862671
2026_08_18_00_55_32_860317_L3_left_C2,L3,C2,4.0,0.3389097514813868,red,left,right,left,pick up the red block,6,pregrasp,96,112,16,0.64,0.5714285714285714,9,8,0.3,0.7,8,0.1717374324798584,0.19790659844875336,0.19790659844875336,0.1717374324798584,-0.02616916596889496,-0.02616916596889496,0.5829413533210754,0.1485113650560379,0.2686828374862671
2026_08_18_00_55_32_860317_L3_left_C2,L3,C2,4.0,0.3389097514813868,red,left,right,left,pick up the red block,7,pregrasp,112,128,16,0.7314285714285714,0.6530612244897959,0,8,0.3,0.7,8,0.366010844707489,0.35957130789756775,0.35957130789756775,0.366010844707489,0.006439536809921265,0.006439536809921265,0.621480405330658,0.1031448021531105,0.2324872761964798
2026_08_18_00_55_32_860317_L3_left_C2,L3,C2,4.0,0.3389097514813868,red,left,right,left,pick up the red block,7,pregrasp,112,128,16,0.7314285714285714,0.6530612244897959,1,8,0.3,0.7,8,0.345441997051239,0.35010653734207153,0.35010653734207153,0.345441997051239,-0.0046645402908325195,-0.0046645402908325195,0.621480405330658,0.1031448021531105,0.2324872761964798
2026_08_18_00_55_32_860317_L3_left_C2,L3,C2,4.0,0.3389097514813868,red,left,right,left,pick up the red block,7,pregrasp,112,128,16,0.7314285714285714,0.6530612244897959,2,8,0.3,0.7,8,0.3149147033691406,0.3118228316307068,0.3118228316307068,0.3149147033691406,0.003091871738433838,0.003091871738433838,0.621480405330658,0.1031448021531105,0.2324872761964798
2026_08_18_00_55_32_860317_L3_left_C2,L3,C2,4.0,0.3389097514813868,red,left,right,left,pick up the red block,7,pregrasp,112,128,16,0.7314285714285714,0.6530612244897959,3,8,0.3,0.7,8,0.21190455555915833,0.21008624136447906,0.21008624136447906,0.21190455555915833,0.0018183141946792603,0.0018183141946792603,0.621480405330658,0.1031448021531105,0.2324872761964798
2026_08_18_00_55_32_860317_L3_left_C2,L3,C2,4.0,0.3389097514813868,red,left,right,left,pick up the red block,7,pregrasp,112,128,16,0.7314285714285714,0.6530612244897959,4,8,0.3,0.7,8,0.27714797854423523,0.27050289511680603,0.27050289511680603,0.27714797854423523,0.006645083427429199,0.006645083427429199,0.621480405330658,0.1031448021531105,0.2324872761964798
2026_08_18_00_55_32_860317_L3_left_C2,L3,C2,4.0,0.3389097514813868,red,left,right,left,pick up the red block,7,pregrasp,112,128,16,0.7314285714285714,0.6530612244897959,5,8,0.3,0.7,8,0.2402205467224121,0.23802116513252258,0.23802116513252258,0.2402205467224121,0.0021993815898895264,0.0021993815898895264,0.621480405330658,0.1031448021531105,0.2324872761964798
2026_08_18_00_55_32_860317_L3_left_C2,L3,C2,4.0,0.3389097514813868,red,left,right,left,pick up the red block,7,pregrasp,112,128,16,0.7314285714285714,0.6530612244897959,6,8,0.3,0.7,8,0.29771798849105835,0.2878553867340088,0.2878553867340088,0.29771798849105835,0.00986260175704956,0.00986260175704956,0.621480405330658,0.1031448021531105,0.2324872761964798
2026_08_18_00_55_32_860317_L3_left_C2,L3,C2,4.0,0.3389097514813868,red,left,right,left,pick up the red block,7,pregrasp,112,128,16,0.7314285714285714,0.6530612244897959,7,8,0.3,0.7,8,0.19358092546463013,0.173630952835083,0.173630952835083,0.19358092546463013,0.01994997262954712,0.01994997262954712,0.621480405330658,0.1031448021531105,0.2324872761964798
2026_08_18_00_55_32_860317_L3_left_C2,L3,C2,4.0,0.3389097514813868,red,left,right,left,pick up the red block,7,pregrasp,112,128,16,0.7314285714285714,0.6530612244897959,8,8,0.3,0.7,8,0.26531654596328735,0.2597171366214752,0.2597171366214752,0.26531654596328735,0.005599409341812134,0.005599409341812134,0.621480405330658,0.1031448021531105,0.2324872761964798
2026_08_18_00_55_32_860317_L3_left_C2,L3,C2,4.0,0.3389097514813868,red,left,right,left,pick up the red block,7,pregrasp,112,128,16,0.7314285714285714,0.6530612244897959,9,8,0.3,0.7,8,0.30811774730682373,0.2968422770500183,0.2968422770500183,0.30811774730682373,0.01127547025680542,0.01127547025680542,0.621480405330658,0.1031448021531105,0.2324872761964798
2026_08_18_00_55_32_860317_L3_left_C2,L3,C2,4.0,0.3389097514813868,red,left,right,left,pick up the red block,8,pregrasp,128,144,16,0.8228571428571428,0.7346938775510204,0,8,0.3,0.7,8,0.30387935042381287,0.2732648551464081,0.2732648551464081,0.30387935042381287,0.030614495277404785,0.030614495277404785,0.6583803296089172,0.05492030456662178,0.1974526345729828
2026_08_18_00_55_32_860317_L3_left_C2,L3,C2,4.0,0.3389097514813868,red,left,right,left,pick up the red block,8,pregrasp,128,144,16,0.8228571428571428,0.7346938775510204,1,8,0.3,0.7,8,0.3273318111896515,0.3039461076259613,0.3039461076259613,0.3273318111896515,0.023385703563690186,0.023385703563690186,0.6583803296089172,0.05492030456662178,0.1974526345729828
2026_08_18_00_55_32_860317_L3_left_C2,L3,C2,4.0,0.3389097514813868,red,left,right,left,pick up the red block,8,pregrasp,128,144,16,0.8228571428571428,0.7346938775510204,2,8,0.3,0.7,8,0.40294334292411804,0.36708304286003113,0.36708304286003113,0.40294334292411804,0.035860300064086914,0.035860300064086914,0.6583803296089172,0.05492030456662178,0.1974526345729828
2026_08_18_00_55_32_860317_L3_left_C2,L3,C2,4.0,0.3389097514813868,red,left,right,left,pick up the red block,8,pregrasp,128,144,16,0.8228571428571428,0.7346938775510204,3,8,0.3,0.7,8,0.3904237449169159,0.36181870102882385,0.36181870102882385,0.3904237449169159,0.02860504388809204,0.02860504388809204,0.6583803296089172,0.05492030456662178,0.1974526345729828
2026_08_18_00_55_32_860317_L3_left_C2,L3,C2,4.0,0.3389097514813868,red,left,right,left,pick up the red block,8,pregrasp,128,144,16,0.8228571428571428,0.7346938775510204,4,8,0.3,0.7,8,0.4726744294166565,0.4455634653568268,0.4455634653568268,0.4726744294166565,0.027110964059829712,0.027110964059829712,0.6583803296089172,0.05492030456662178,0.1974526345729828
2026_08_18_00_55_32_860317_L3_left_C2,L3,C2,4.0,0.3389097514813868,red,left,right,left,pick up the red block,8,pregrasp,128,144,16,0.8228571428571428,0.7346938775510204,5,8,0.3,0.7,8,0.3053038418292999,0.281952440738678,0.281952440738678,0.3053038418292999,0.023351401090621948,0.023351401090621948,0.6583803296089172,0.05492030456662178,0.1974526345729828
2026_08_18_00_55_32_860317_L3_left_C2,L3,C2,4.0,0.3389097514813868,red,left,right,left,pick up the red block,8,pregrasp,128,144,16,0.8228571428571428,0.7346938775510204,6,8,0.3,0.7,8,0.4585174024105072,0.43326544761657715,0.43326544761657715,0.4585174024105072,0.025251954793930054,0.025251954793930054,0.6583803296089172,0.05492030456662178,0.1974526345729828
2026_08_18_00_55_32_860317_L3_left_C2,L3,C2,4.0,0.3389097514813868,red,left,right,left,pick up the red block,8,pregrasp,128,144,16,0.8228571428571428,0.7346938775510204,7,8,0.3,0.7,8,0.30551618337631226,0.2801322340965271,0.2801322340965271,0.30551618337631226,0.025383949279785156,0.025383949279785156,0.6583803296089172,0.05492030456662178,0.1974526345729828
2026_08_18_00_55_32_860317_L3_left_C2,L3,C2,4.0,0.3389097514813868,red,left,right,left,pick up the red block,8,pregrasp,128,144,16,0.8228571428571428,0.7346938775510204,8,8,0.3,0.7,8,0.422339528799057,0.39162081480026245,0.39162081480026245,0.422339528799057,0.030718713998794556,0.030718713998794556,0.6583803296089172,0.05492030456662178,0.1974526345729828
2026_08_18_00_55_32_860317_L3_left_C2,L3,C2,4.0,0.3389097514813868,red,left,right,left,pick up the red block,8,pregrasp,128,144,16,0.8228571428571428,0.7346938775510204,9,8,0.3,0.7,8,0.3252002000808716,0.2924520671367645,0.2924520671367645,0.3252002000808716,0.032748132944107056,0.032748132944107056,0.6583803296089172,0.05492030456662178,0.1974526345729828
2026_08_18_00_55_32_860317_L3_left_C2,L3,C2,4.0,0.3389097514813868,red,left,right,left,pick up the red block,9,pregrasp,144,160,16,0.9142857142857143,0.8163265306122449,0,8,0.3,0.7,8,0.3228558599948883,0.24849921464920044,0.24849921464920044,0.3228558599948883,0.07435664534568787,0.07435664534568787,0.6673097610473633,0.04556037485599518,0.18960975110530853
2026_08_18_00_55_32_860317_L3_left_C2,L3,C2,4.0,0.3389097514813868,red,left,right,left,pick up the red block,9,pregrasp,144,160,16,0.9142857142857143,0.8163265306122449,1,8,0.3,0.7,8,0.35531559586524963,0.29062360525131226,0.29062360525131226,0.35531559586524963,0.06469199061393738,0.06469199061393738,0.6673097610473633,0.04556037485599518,0.18960975110530853
2026_08_18_00_55_32_860317_L3_left_C2,L3,C2,4.0,0.3389097514813868,red,left,right,left,pick up the red block,9,pregrasp,144,160,16,0.9142857142857143,0.8163265306122449,2,8,0.3,0.7,8,0.35298293828964233,0.26682227849960327,0.26682227849960327,0.35298293828964233,0.08616065979003906,0.08616065979003906,0.6673097610473633,0.04556037485599518,0.18960975110530853
2026_08_18_00_55_32_860317_L3_left_C2,L3,C2,4.0,0.3389097514813868,red,left,right,left,pick up the red block,9,pregrasp,144,160,16,0.9142857142857143,0.8163265306122449,3,8,0.3,0.7,8,0.36608627438545227,0.29740089178085327,0.29740089178085327,0.36608627438545227,0.068685382604599,0.068685382604599,0.6673097610473633,0.04556037485599518,0.18960975110530853
2026_08_18_00_55_32_860317_L3_left_C2,L3,C2,4.0,0.3389097514813868,red,left,right,left,pick up the red block,9,pregrasp,144,160,16,0.9142857142857143,0.8163265306122449,4,8,0.3,0.7,8,0.3834397494792938,0.3131839334964752,0.3131839334964752,0.3834397494792938,0.0702558159828186,0.0702558159828186,0.6673097610473633,0.04556037485599518,0.18960975110530853
2026_08_18_00_55_32_860317_L3_left_C2,L3,C2,4.0,0.3389097514813868,red,left,right,left,pick up the red block,9,pregrasp,144,160,16,0.9142857142857143,0.8163265306122449,5,8,0.3,0.7,8,0.366046279668808,0.31980329751968384,0.31980329751968384,0.366046279668808,0.046242982149124146,0.046242982149124146,0.6673097610473633,0.04556037485599518,0.18960975110530853
2026_08_18_00_55_32_860317_L3_left_C2,L3,C2,4.0,0.3389097514813868,red,left,right,left,pick up the red block,9,pregrasp,144,160,16,0.9142857142857143,0.8163265306122449,6,8,0.3,0.7,8,0.3243942856788635,0.23179955780506134,0.23179955780506134,0.3243942856788635,0.09259472787380219,0.09259472787380219,0.6673097610473633,0.04556037485599518,0.18960975110530853
2026_08_18_00_55_32_860317_L3_left_C2,L3,C2,4.0,0.3389097514813868,red,left,right,left,pick up the red block,9,pregrasp,144,160,16,0.9142857142857143,0.8163265306122449,7,8,0.3,0.7,8,0.3548756241798401,0.26962709426879883,0.26962709426879883,0.3548756241798401,0.08524852991104126,0.08524852991104126,0.6673097610473633,0.04556037485599518,0.18960975110530853
2026_08_18_00_55_32_860317_L3_left_C2,L3,C2,4.0,0.3389097514813868,red,left,right,left,pick up the red block,9,pregrasp,144,160,16,0.9142857142857143,0.8163265306122449,8,8,0.3,0.7,8,0.2754775285720825,0.21097879111766815,0.21097879111766815,0.2754775285720825,0.06449873745441437,0.06449873745441437,0.6673097610473633,0.04556037485599518,0.18960975110530853
2026_08_18_00_55_32_860317_L3_left_C2,L3,C2,4.0,0.3389097514813868,red,left,right,left,pick up the red block,9,pregrasp,144,160,16,0.9142857142857143,0.8163265306122449,9,8,0.3,0.7,8,0.2930432856082916,0.22173990309238434,0.22173990309238434,0.2930432856082916,0.07130338251590729,0.07130338251590729,0.6673097610473633,0.04556037485599518,0.18960975110530853
2026_08_18_00_55_32_860317_L3_left_C2,L3,C2,4.0,0.3389097514813868,red,left,right,left,pick up the red block,10,pregrasp,160,175,15,1.0,0.8928571428571429,0,8,0.3,0.7,8,0.19533690810203552,0.19157318770885468,0.19157318770885468,0.19533690810203552,0.003763720393180847,0.003763720393180847,0.6673097610473633,0.04556037485599518,0.18960975110530853
2026_08_18_00_55_32_860317_L3_left_C2,L3,C2,4.0,0.3389097514813868,red,left,right,left,pick up the red block,10,pregrasp,160,175,15,1.0,0.8928571428571429,1,8,0.3,0.7,8,0.2631126642227173,0.2709212303161621,0.2709212303161621,0.2631126642227173,-0.007808566093444824,-0.007808566093444824,0.6673097610473633,0.04556037485599518,0.18960975110530853
2026_08_18_00_55_32_860317_L3_left_C2,L3,C2,4.0,0.3389097514813868,red,left,right,left,pick up the red block,10,pregrasp,160,175,15,1.0,0.8928571428571429,2,8,0.3,0.7,8,0.30918678641319275,0.31781402230262756,0.31781402230262756,0.30918678641319275,-0.008627235889434814,-0.008627235889434814,0.6673097610473633,0.04556037485599518,0.18960975110530853
2026_08_18_00_55_32_860317_L3_left_C2,L3,C2,4.0,0.3389097514813868,red,left,right,left,pick up the red block,10,pregrasp,160,175,15,1.0,0.8928571428571429,3,8,0.3,0.7,8,0.22931711375713348,0.22820883989334106,0.22820883989334106,0.22931711375713348,0.0011082738637924194,0.0011082738637924194,0.6673097610473633,0.04556037485599518,0.18960975110530853
2026_08_18_00_55_32_860317_L3_left_C2,L3,C2,4.0,0.3389097514813868,red,left,right,left,pick up the red block,10,pregrasp,160,175,15,1.0,0.8928571428571429,4,8,0.3,0.7,8,0.2886086702346802,0.27526727318763733,0.27526727318763733,0.2886086702346802,0.013341397047042847,0.013341397047042847,0.6673097610473633,0.04556037485599518,0.18960975110530853
2026_08_18_00_55_32_860317_L3_left_C2,L3,C2,4.0,0.3389097514813868,red,left,right,left,pick up the red block,10,pregrasp,160,175,15,1.0,0.8928571428571429,5,8,0.3,0.7,8,0.2443321794271469,0.23609812557697296,0.23609812557697296,0.2443321794271469,0.00823405385017395,0.00823405385017395,0.6673097610473633,0.04556037485599518,0.18960975110530853
2026_08_18_00_55_32_860317_L3_left_C2,L3,C2,4.0,0.3389097514813868,red,left,right,left,pick up the red block,10,pregrasp,160,175,15,1.0,0.8928571428571429,6,8,0.3,0.7,8,0.2883620858192444,0.2712668180465698,0.2712668180465698,0.2883620858192444,0.01709526777267456,0.01709526777267456,0.6673097610473633,0.04556037485599518,0.18960975110530853
2026_08_18_00_55_32_860317_L3_left_C2,L3,C2,4.0,0.3389097514813868,red,left,right,left,pick up the red block,10,pregrasp,160,175,15,1.0,0.8928571428571429,7,8,0.3,0.7,8,0.23813791573047638,0.22483177483081818,0.22483177483081818,0.23813791573047638,0.013306140899658203,0.013306140899658203,0.6673097610473633,0.04556037485599518,0.18960975110530853
2026_08_18_00_55_32_860317_L3_left_C2,L3,C2,4.0,0.3389097514813868,red,left,right,left,pick up the red block,10,pregrasp,160,175,15,1.0,0.8928571428571429,8,8,0.3,0.7,8,0.26086223125457764,0.2915050983428955,0.2915050983428955,0.26086223125457764,-0.03064286708831787,-0.03064286708831787,0.6673097610473633,0.04556037485599518,0.18960975110530853
2026_08_18_00_55_32_860317_L3_left_C2,L3,C2,4.0,0.3389097514813868,red,left,right,left,pick up the red block,10,pregrasp,160,175,15,1.0,0.8928571428571429,9,8,0.3,0.7,8,0.22096885740756989,0.21829068660736084,0.21829068660736084,0.22096885740756989,0.0026781708002090454,0.0026781708002090454,0.6673097610473633,0.04556037485599518,0.18960975110530853
2026_08_18_00_55_32_860317_L3_left_C2,L3,C2,4.0,0.3389097514813868,red,left,right,left,pick up the red block,11,postgrasp,175,191,16,1.0,0.9744897959183674,0,8,0.3,0.7,8,0.3180753290653229,0.2934022843837738,0.2934022843837738,0.3180753290653229,0.024673044681549072,0.024673044681549072,0.6677286624908447,0.04548312723636627,0.18986965715885162
2026_08_18_00_55_32_860317_L3_left_C2,L3,C2,4.0,0.3389097514813868,red,left,right,left,pick up the red block,11,postgrasp,175,191,16,1.0,0.9744897959183674,1,8,0.3,0.7,8,0.3268094062805176,0.30443713068962097,0.30443713068962097,0.3268094062805176,0.022372275590896606,0.022372275590896606,0.6677286624908447,0.04548312723636627,0.18986965715885162
2026_08_18_00_55_32_860317_L3_left_C2,L3,C2,4.0,0.3389097514813868,red,left,right,left,pick up the red block,11,postgrasp,175,191,16,1.0,0.9744897959183674,2,8,0.3,0.7,8,0.3358859419822693,0.3110387921333313,0.3110387921333313,0.3358859419822693,0.02484714984893799,0.02484714984893799,0.6677286624908447,0.04548312723636627,0.18986965715885162
2026_08_18_00_55_32_860317_L3_left_C2,L3,C2,4.0,0.3389097514813868,red,left,right,left,pick up the red block,11,postgrasp,175,191,16,1.0,0.9744897959183674,3,8,0.3,0.7,8,0.3148352801799774,0.2813991904258728,0.2813991904258728,0.3148352801799774,0.033436089754104614,0.033436089754104614,0.6677286624908447,0.04548312723636627,0.18986965715885162
2026_08_18_00_55_32_860317_L3_left_C2,L3,C2,4.0,0.3389097514813868,red,left,right,left,pick up the red block,11,postgrasp,175,191,16,1.0,0.9744897959183674,4,8,0.3,0.7,8,0.30696308612823486,0.2870303690433502,0.2870303690433502,0.30696308612823486,0.019932717084884644,0.019932717084884644,0.6677286624908447,0.04548312723636627,0.18986965715885162
2026_08_18_00_55_32_860317_L3_left_C2,L3,C2,4.0,0.3389097514813868,red,left,right,left,pick up the red block,11,postgrasp,175,191,16,1.0,0.9744897959183674,5,8,0.3,0.7,8,0.34715598821640015,0.3120039701461792,0.3120039701461792,0.34715598821640015,0.03515201807022095,0.03515201807022095,0.6677286624908447,0.04548312723636627,0.18986965715885162
2026_08_18_00_55_32_860317_L3_left_C2,L3,C2,4.0,0.3389097514813868,red,left,right,left,pick up the red block,11,postgrasp,175,191,16,1.0,0.9744897959183674,6,8,0.3,0.7,8,0.3516729176044464,0.3319191634654999,0.3319191634654999,0.3516729176044464,0.019753754138946533,0.019753754138946533,0.6677286624908447,0.04548312723636627,0.18986965715885162
2026_08_18_00_55_32_860317_L3_left_C2,L3,C2,4.0,0.3389097514813868,red,left,right,left,pick up the red block,11,postgrasp,175,191,16,1.0,0.9744897959183674,7,8,0.3,0.7,8,0.33041703701019287,0.2973877191543579,0.2973877191543579,0.33041703701019287,0.03302931785583496,0.03302931785583496,0.6677286624908447,0.04548312723636627,0.18986965715885162
2026_08_18_00_55_32_860317_L3_left_C2,L3,C2,4.0,0.3389097514813868,red,left,right,left,pick up the red block,11,postgrasp,175,191,16,1.0,0.9744897959183674,8,8,0.3,0.7,8,0.378248929977417,0.32234373688697815,0.32234373688697815,0.378248929977417,0.05590519309043884,0.05590519309043884,0.6677286624908447,0.04548312723636627,0.18986965715885162
2026_08_18_00_55_32_860317_L3_left_C2,L3,C2,4.0,0.3389097514813868,red,left,right,left,pick up the red block,11,postgrasp,175,191,16,1.0,0.9744897959183674,9,8,0.3,0.7,8,0.3907693922519684,0.3557335138320923,0.3557335138320923,0.3907693922519684,0.0350358784198761,0.0350358784198761,0.6677286624908447,0.04548312723636627,0.18986965715885162
2026_08_18_00_55_32_860317_L3_left_C2,L3,C2,4.0,0.3389097514813868,red,left,right,left,pick up the red block,12,postgrasp,191,196,5,1.0,1.0,0,8,0.3,0.7,8,0.31155839562416077,0.38087671995162964,0.38087671995162964,0.31155839562416077,-0.06931832432746887,-0.06931832432746887,0.6677447557449341,0.04548204317688942,0.1898639053106308
2026_08_18_00_55_32_860317_L3_left_C2,L3,C2,4.0,0.3389097514813868,red,left,right,left,pick up the red block,12,postgrasp,191,196,5,1.0,1.0,1,8,0.3,0.7,8,0.349926620721817,0.3546324372291565,0.3546324372291565,0.349926620721817,-0.0047058165073394775,-0.0047058165073394775,0.6677447557449341,0.04548204317688942,0.1898639053106308
2026_08_18_00_55_32_860317_L3_left_C2,L3,C2,4.0,0.3389097514813868,red,left,right,left,pick up the red block,12,postgrasp,191,196,5,1.0,1.0,2,8,0.3,0.7,8,0.336844801902771,0.37597715854644775,0.37597715854644775,0.336844801902771,-0.03913235664367676,-0.03913235664367676,0.6677447557449341,0.04548204317688942,0.1898639053106308
2026_08_18_00_55_32_860317_L3_left_C2,L3,C2,4.0,0.3389097514813868,red,left,right,left,pick up the red block,12,postgrasp,191,196,5,1.0,1.0,3,8,0.3,0.7,8,0.42810294032096863,0.44512099027633667,0.44512099027633667,0.42810294032096863,-0.017018049955368042,-0.017018049955368042,0.6677447557449341,0.04548204317688942,0.1898639053106308
2026_08_18_00_55_32_860317_L3_left_C2,L3,C2,4.0,0.3389097514813868,red,left,right,left,pick up the red block,12,postgrasp,191,196,5,1.0,1.0,4,8,0.3,0.7,8,0.3218242824077606,0.4064773917198181,0.4064773917198181,0.3218242824077606,-0.0846531093120575,-0.0846531093120575,0.6677447557449341,0.04548204317688942,0.1898639053106308
2026_08_18_00_55_32_860317_L3_left_C2,L3,C2,4.0,0.3389097514813868,red,left,right,left,pick up the red block,12,postgrasp,191,196,5,1.0,1.0,5,8,0.3,0.7,8,0.4206598997116089,0.5164249539375305,0.5164249539375305,0.4206598997116089,-0.09576505422592163,-0.09576505422592163,0.6677447557449341,0.04548204317688942,0.1898639053106308
2026_08_18_00_55_32_860317_L3_left_C2,L3,C2,4.0,0.3389097514813868,red,left,right,left,pick up the red block,12,postgrasp,191,196,5,1.0,1.0,6,8,0.3,0.7,8,0.3230895400047302,0.41506412625312805,0.41506412625312805,0.3230895400047302,-0.09197458624839783,-0.09197458624839783,0.6677447557449341,0.04548204317688942,0.1898639053106308
2026_08_18_00_55_32_860317_L3_left_C2,L3,C2,4.0,0.3389097514813868,red,left,right,left,pick up the red block,12,postgrasp,191,196,5,1.0,1.0,7,8,0.3,0.7,8,0.34711751341819763,0.49788838624954224,0.49788838624954224,0.34711751341819763,-0.1507708728313446,-0.1507708728313446,0.6677447557449341,0.04548204317688942,0.1898639053106308
2026_08_18_00_55_32_860317_L3_left_C2,L3,C2,4.0,0.3389097514813868,red,left,right,left,pick up the red block,12,postgrasp,191,196,5,1.0,1.0,8,8,0.3,0.7,8,0.4124191701412201,0.513093113899231,0.513093113899231,0.4124191701412201,-0.10067394375801086,-0.10067394375801086,0.6677447557449341,0.04548204317688942,0.1898639053106308
2026_08_18_00_55_32_860317_L3_left_C2,L3,C2,4.0,0.3389097514813868,red,left,right,left,pick up the red block,12,postgrasp,191,196,5,1.0,1.0,9,8,0.3,0.7,8,0.2992989718914032,0.401721715927124,0.401721715927124,0.2992989718914032,-0.10242274403572083,-0.10242274403572083,0.6677447557449341,0.04548204317688942,0.1898639053106308
2026_08_18_00_56_19_492037_L3_right_C0,L3,C0,0.0,0.0,red,right,left,right,pick up the red block,0,pregrasp,0,16,16,0.13333333333333333,0.11347517730496454,0,8,0.3,0.7,8,0.31309032440185547,0.31078097224235535,0.31078097224235535,0.31309032440185547,0.002309352159500122,0.002309352159500122,0.38300463557243347,0.002904314547777176,0.4676609933376312
2026_08_18_00_56_19_492037_L3_right_C0,L3,C0,0.0,0.0,red,right,left,right,pick up the red block,0,pregrasp,0,16,16,0.13333333333333333,0.11347517730496454,1,8,0.3,0.7,8,0.33213579654693604,0.38075947761535645,0.38075947761535645,0.33213579654693604,-0.04862368106842041,-0.04862368106842041,0.38300463557243347,0.002904314547777176,0.4676609933376312
2026_08_18_00_56_19_492037_L3_right_C0,L3,C0,0.0,0.0,red,right,left,right,pick up the red block,0,pregrasp,0,16,16,0.13333333333333333,0.11347517730496454,2,8,0.3,0.7,8,0.3436935842037201,0.3230671286582947,0.3230671286582947,0.3436935842037201,0.020626455545425415,0.020626455545425415,0.38300463557243347,0.002904314547777176,0.4676609933376312
2026_08_18_00_56_19_492037_L3_right_C0,L3,C0,0.0,0.0,red,right,left,right,pick up the red block,0,pregrasp,0,16,16,0.13333333333333333,0.11347517730496454,3,8,0.3,0.7,8,0.31921225786209106,0.3378857970237732,0.3378857970237732,0.31921225786209106,-0.01867353916168213,-0.01867353916168213,0.38300463557243347,0.002904314547777176,0.4676609933376312
2026_08_18_00_56_19_492037_L3_right_C0,L3,C0,0.0,0.0,red,right,left,right,pick up the red block,0,pregrasp,0,16,16,0.13333333333333333,0.11347517730496454,4,8,0.3,0.7,8,0.27910345792770386,0.25594842433929443,0.25594842433929443,0.27910345792770386,0.023155033588409424,0.023155033588409424,0.38300463557243347,0.002904314547777176,0.4676609933376312
2026_08_18_00_56_19_492037_L3_right_C0,L3,C0,0.0,0.0,red,right,left,right,pick up the red block,0,pregrasp,0,16,16,0.13333333333333333,0.11347517730496454,5,8,0.3,0.7,8,0.2327934354543686,0.2928942143917084,0.2928942143917084,0.2327934354543686,-0.06010077893733978,-0.06010077893733978,0.38300463557243347,0.002904314547777176,0.4676609933376312
2026_08_18_00_56_19_492037_L3_right_C0,L3,C0,0.0,0.0,red,right,left,right,pick up the red block,0,pregrasp,0,16,16,0.13333333333333333,0.11347517730496454,6,8,0.3,0.7,8,0.22443512082099915,0.23656415939331055,0.23656415939331055,0.22443512082099915,-0.012129038572311401,-0.012129038572311401,0.38300463557243347,0.002904314547777176,0.4676609933376312
2026_08_18_00_56_19_492037_L3_right_C0,L3,C0,0.0,0.0,red,right,left,right,pick up the red block,0,pregrasp,0,16,16,0.13333333333333333,0.11347517730496454,7,8,0.3,0.7,8,0.34853920340538025,0.3432096242904663,0.3432096242904663,0.34853920340538025,0.00532957911491394,0.00532957911491394,0.38300463557243347,0.002904314547777176,0.4676609933376312
2026_08_18_00_56_19_492037_L3_right_C0,L3,C0,0.0,0.0,red,right,left,right,pick up the red block,0,pregrasp,0,16,16,0.13333333333333333,0.11347517730496454,8,8,0.3,0.7,8,0.31622955203056335,0.2708381712436676,0.2708381712436676,0.31622955203056335,0.04539138078689575,0.04539138078689575,0.38300463557243347,0.002904314547777176,0.4676609933376312
2026_08_18_00_56_19_492037_L3_right_C0,L3,C0,0.0,0.0,red,right,left,right,pick up the red block,0,pregrasp,0,16,16,0.13333333333333333,0.11347517730496454,9,8,0.3,0.7,8,0.31778204441070557,0.31786465644836426,0.31786465644836426,0.31778204441070557,-8.26120376586914e-05,-8.26120376586914e-05,0.38300463557243347,0.002904314547777176,0.4676609933376312
2026_08_18_00_56_19_492037_L3_right_C0,L3,C0,0.0,0.0,red,right,left,right,pick up the red block,1,pregrasp,16,32,16,0.26666666666666666,0.22695035460992907,0,8,0.3,0.7,8,0.2648548483848572,0.22501108050346375,0.22501108050346375,0.2648548483848572,0.03984376788139343,0.03984376788139343,0.427300363779068,-0.0050901444628834724,0.41503700613975525
2026_08_18_00_56_19_492037_L3_right_C0,L3,C0,0.0,0.0,red,right,left,right,pick up the red block,1,pregrasp,16,32,16,0.26666666666666666,0.22695035460992907,1,8,0.3,0.7,8,0.3086472749710083,0.2668684422969818,0.2668684422969818,0.3086472749710083,0.04177883267402649,0.04177883267402649,0.427300363779068,-0.0050901444628834724,0.41503700613975525
2026_08_18_00_56_19_492037_L3_right_C0,L3,C0,0.0,0.0,red,right,left,right,pick up the red block,1,pregrasp,16,32,16,0.26666666666666666,0.22695035460992907,2,8,0.3,0.7,8,0.250529408454895,0.23971405625343323,0.23971405625343323,0.250529408454895,0.010815352201461792,0.010815352201461792,0.427300363779068,-0.0050901444628834724,0.41503700613975525
2026_08_18_00_56_19_492037_L3_right_C0,L3,C0,0.0,0.0,red,right,left,right,pick up the red block,1,pregrasp,16,32,16,0.26666666666666666,0.22695035460992907,3,8,0.3,0.7,8,0.2946458160877228,0.23037225008010864,0.23037225008010864,0.2946458160877228,0.06427356600761414,0.06427356600761414,0.427300363779068,-0.0050901444628834724,0.41503700613975525
2026_08_18_00_56_19_492037_L3_right_C0,L3,C0,0.0,0.0,red,right,left,right,pick up the red block,1,pregrasp,16,32,16,0.26666666666666666,0.22695035460992907,4,8,0.3,0.7,8,0.27259361743927,0.24966534972190857,0.24966534972190857,0.27259361743927,0.02292826771736145,0.02292826771736145,0.427300363779068,-0.0050901444628834724,0.41503700613975525
2026_08_18_00_56_19_492037_L3_right_C0,L3,C0,0.0,0.0,red,right,left,right,pick up the red block,1,pregrasp,16,32,16,0.26666666666666666,0.22695035460992907,5,8,0.3,0.7,8,0.33485695719718933,0.31256553530693054,0.31256553530693054,0.33485695719718933,0.02229142189025879,0.02229142189025879,0.427300363779068,-0.0050901444628834724,0.41503700613975525
2026_08_18_00_56_19_492037_L3_right_C0,L3,C0,0.0,0.0,red,right,left,right,pick up the red block,1,pregrasp,16,32,16,0.26666666666666666,0.22695035460992907,6,8,0.3,0.7,8,0.3222460150718689,0.2913554906845093,0.2913554906845093,0.3222460150718689,0.03089052438735962,0.03089052438735962,0.427300363779068,-0.0050901444628834724,0.41503700613975525
2026_08_18_00_56_19_492037_L3_right_C0,L3,C0,0.0,0.0,red,right,left,right,pick up the red block,1,pregrasp,16,32,16,0.26666666666666666,0.22695035460992907,7,8,0.3,0.7,8,0.3154228925704956,0.2747957408428192,0.2747957408428192,0.3154228925704956,0.04062715172767639,0.04062715172767639,0.427300363779068,-0.0050901444628834724,0.41503700613975525
2026_08_18_00_56_19_492037_L3_right_C0,L3,C0,0.0,0.0,red,right,left,right,pick up the red block,1,pregrasp,16,32,16,0.26666666666666666,0.22695035460992907,8,8,0.3,0.7,8,0.24460741877555847,0.21407105028629303,0.21407105028629303,0.24460741877555847,0.030536368489265442,0.030536368489265442,0.427300363779068,-0.0050901444628834724,0.41503700613975525
2026_08_18_00_56_19_492037_L3_right_C0,L3,C0,0.0,0.0,red,right,left,right,pick up the red block,1,pregrasp,16,32,16,0.26666666666666666,0.22695035460992907,9,8,0.3,0.7,8,0.38765206933021545,0.3340969681739807,0.3340969681739807,0.38765206933021545,0.05355510115623474,0.05355510115623474,0.427300363779068,-0.0050901444628834724,0.41503700613975525
2026_08_18_00_56_19_492037_L3_right_C0,L3,C0,0.0,0.0,red,right,left,right,pick up the red block,2,pregrasp,32,48,16,0.4,0.3404255319148936,0,8,0.3,0.7,8,0.2684326469898224,0.21809019148349762,0.21809019148349762,0.2684326469898224,0.05034245550632477,0.05034245550632477,0.477576345205307,-0.012082882225513458,0.36780381202697754
2026_08_18_00_56_19_492037_L3_right_C0,L3,C0,0.0,0.0,red,right,left,right,pick up the red block,2,pregrasp,32,48,16,0.4,0.3404255319148936,1,8,0.3,0.7,8,0.41374045610427856,0.3653831481933594,0.3653831481933594,0.41374045610427856,0.04835730791091919,0.04835730791091919,0.477576345205307,-0.012082882225513458,0.36780381202697754
2026_08_18_00_56_19_492037_L3_right_C0,L3,C0,0.0,0.0,red,right,left,right,pick up the red block,2,pregrasp,32,48,16,0.4,0.3404255319148936,2,8,0.3,0.7,8,0.5055062770843506,0.4256332516670227,0.4256332516670227,0.5055062770843506,0.07987302541732788,0.07987302541732788,0.477576345205307,-0.012082882225513458,0.36780381202697754
2026_08_18_00_56_19_492037_L3_right_C0,L3,C0,0.0,0.0,red,right,left,right,pick up the red block,2,pregrasp,32,48,16,0.4,0.3404255319148936,3,8,0.3,0.7,8,0.1932910978794098,0.12923917174339294,0.12923917174339294,0.1932910978794098,0.06405192613601685,0.06405192613601685,0.477576345205307,-0.012082882225513458,0.36780381202697754
2026_08_18_00_56_19_492037_L3_right_C0,L3,C0,0.0,0.0,red,right,left,right,pick up the red block,2,pregrasp,32,48,16,0.4,0.3404255319148936,4,8,0.3,0.7,8,0.3517225384712219,0.30443915724754333,0.30443915724754333,0.3517225384712219,0.04728338122367859,0.04728338122367859,0.477576345205307,-0.012082882225513458,0.36780381202697754
2026_08_18_00_56_19_492037_L3_right_C0,L3,C0,0.0,0.0,red,right,left,right,pick up the red block,2,pregrasp,32,48,16,0.4,0.3404255319148936,5,8,0.3,0.7,8,0.3399599492549896,0.26610517501831055,0.26610517501831055,0.3399599492549896,0.07385477423667908,0.07385477423667908,0.477576345205307,-0.012082882225513458,0.36780381202697754
2026_08_18_00_56_19_492037_L3_right_C0,L3,C0,0.0,0.0,red,right,left,right,pick up the red block,2,pregrasp,32,48,16,0.4,0.3404255319148936,6,8,0.3,0.7,8,0.2997388243675232,0.21441863477230072,0.21441863477230072,0.2997388243675232,0.08532018959522247,0.08532018959522247,0.477576345205307,-0.012082882225513458,0.36780381202697754
2026_08_18_00_56_19_492037_L3_right_C0,L3,C0,0.0,0.0,red,right,left,right,pick up the red block,2,pregrasp,32,48,16,0.4,0.3404255319148936,7,8,0.3,0.7,8,0.2170495092868805,0.1460767537355423,0.1460767537355423,0.2170495092868805,0.0709727555513382,0.0709727555513382,0.477576345205307,-0.012082882225513458,0.36780381202697754
2026_08_18_00_56_19_492037_L3_right_C0,L3,C0,0.0,0.0,red,right,left,right,pick up the red block,2,pregrasp,32,48,16,0.4,0.3404255319148936,8,8,0.3,0.7,8,0.32683199644088745,0.26275399327278137,0.26275399327278137,0.32683199644088745,0.06407800316810608,0.06407800316810608,0.477576345205307,-0.012082882225513458,0.36780381202697754
2026_08_18_00_56_19_492037_L3_right_C0,L3,C0,0.0,0.0,red,right,left,right,pick up the red block,2,pregrasp,32,48,16,0.4,0.3404255319148936,9,8,0.3,0.7,8,0.3707265257835388,0.31740301847457886,0.31740301847457886,0.3707265257835388,0.05332350730895996,0.05332350730895996,0.477576345205307,-0.012082882225513458,0.36780381202697754
2026_08_18_00_56_19_492037_L3_right_C0,L3,C0,0.0,0.0,red,right,left,right,pick up the red block,3,pregrasp,48,64,16,0.5333333333333333,0.45390070921985815,0,8,0.3,0.7,8,0.2681743800640106,0.2270756959915161,0.2270756959915161,0.2681743800640106,0.04109868407249451,0.04109868407249451,0.5283117890357971,-0.018828600645065308,0.3204621970653534
2026_08_18_00_56_19_492037_L3_right_C0,L3,C0,0.0,0.0,red,right,left,right,pick up the red block,3,pregrasp,48,64,16,0.5333333333333333,0.45390070921985815,1,8,0.3,0.7,8,0.21587130427360535,0.1832761913537979,0.1832761913537979,0.21587130427360535,0.032595112919807434,0.032595112919807434,0.5283117890357971,-0.018828600645065308,0.3204621970653534
2026_08_18_00_56_19_492037_L3_right_C0,L3,C0,0.0,0.0,red,right,left,right,pick up the red block,3,pregrasp,48,64,16,0.5333333333333333,0.45390070921985815,2,8,0.3,0.7,8,0.2330627739429474,0.2111484259366989,0.2111484259366989,0.2330627739429474,0.021914348006248474,0.021914348006248474,0.5283117890357971,-0.018828600645065308,0.3204621970653534
2026_08_18_00_56_19_492037_L3_right_C0,L3,C0,0.0,0.0,red,right,left,right,pick up the red block,3,pregrasp,48,64,16,0.5333333333333333,0.45390070921985815,3,8,0.3,0.7,8,0.30462780594825745,0.2633804678916931,0.2633804678916931,0.30462780594825745,0.04124733805656433,0.04124733805656433,0.5283117890357971,-0.018828600645065308,0.3204621970653534
2026_08_18_00_56_19_492037_L3_right_C0,L3,C0,0.0,0.0,red,right,left,right,pick up the red block,3,pregrasp,48,64,16,0.5333333333333333,0.45390070921985815,4,8,0.3,0.7,8,0.19518110156059265,0.16453255712985992,0.16453255712985992,0.19518110156059265,0.030648544430732727,0.030648544430732727,0.5283117890357971,-0.018828600645065308,0.3204621970653534
2026_08_18_00_56_19_492037_L3_right_C0,L3,C0,0.0,0.0,red,right,left,right,pick up the red block,3,pregrasp,48,64,16,0.5333333333333333,0.45390070921985815,5,8,0.3,0.7,8,0.25007760524749756,0.20857828855514526,0.20857828855514526,0.25007760524749756,0.041499316692352295,0.041499316692352295,0.5283117890357971,-0.018828600645065308,0.3204621970653534
2026_08_18_00_56_19_492037_L3_right_C0,L3,C0,0.0,0.0,red,right,left,right,pick up the red block,3,pregrasp,48,64,16,0.5333333333333333,0.45390070921985815,6,8,0.3,0.7,8,0.17439517378807068,0.1564958244562149,0.1564958244562149,0.17439517378807068,0.017899349331855774,0.017899349331855774,0.5283117890357971,-0.018828600645065308,0.3204621970653534
2026_08_18_00_56_19_492037_L3_right_C0,L3,C0,0.0,0.0,red,right,left,right,pick up the red block,3,pregrasp,48,64,16,0.5333333333333333,0.45390070921985815,7,8,0.3,0.7,8,0.24517232179641724,0.20466861128807068,0.20466861128807068,0.24517232179641724,0.04050371050834656,0.04050371050834656,0.5283117890357971,-0.018828600645065308,0.3204621970653534
2026_08_18_00_56_19_492037_L3_right_C0,L3,C0,0.0,0.0,red,right,left,right,pick up the red block,3,pregrasp,48,64,16,0.5333333333333333,0.45390070921985815,8,8,0.3,0.7,8,0.36287930607795715,0.30920591950416565,0.30920591950416565,0.36287930607795715,0.053673386573791504,0.053673386573791504,0.5283117890357971,-0.018828600645065308,0.3204621970653534
2026_08_18_00_56_19_492037_L3_right_C0,L3,C0,0.0,0.0,red,right,left,right,pick up the red block,3,pregrasp,48,64,16,0.5333333333333333,0.45390070921985815,9,8,0.3,0.7,8,0.18045595288276672,0.14237810671329498,0.14237810671329498,0.18045595288276672,0.03807784616947174,0.03807784616947174,0.5283117890357971,-0.018828600645065308,0.3204621970653534
2026_08_18_00_56_19_492037_L3_right_C0,L3,C0,0.0,0.0,red,right,left,right,pick up the red block,4,pregrasp,64,80,16,0.6666666666666666,0.5673758865248227,0,8,0.3,0.7,8,0.26896965503692627,0.2503665089607239,0.2503665089607239,0.26896965503692627,0.018603146076202393,0.018603146076202393,0.5789881348609924,-0.026126015931367874,0.27299004793167114
2026_08_18_00_56_19_492037_L3_right_C0,L3,C0,0.0,0.0,red,right,left,right,pick up the red block,4,pregrasp,64,80,16,0.6666666666666666,0.5673758865248227,1,8,0.3,0.7,8,0.198330357670784,0.18957269191741943,0.18957269191741943,0.198330357670784,0.008757665753364563,0.008757665753364563,0.5789881348609924,-0.026126015931367874,0.27299004793167114
2026_08_18_00_56_19_492037_L3_right_C0,L3,C0,0.0,0.0,red,right,left,right,pick up the red block,4,pregrasp,64,80,16,0.6666666666666666,0.5673758865248227,2,8,0.3,0.7,8,0.29544228315353394,0.26845189929008484,0.26845189929008484,0.29544228315353394,0.026990383863449097,0.026990383863449097,0.5789881348609924,-0.026126015931367874,0.27299004793167114
2026_08_18_00_56_19_492037_L3_right_C0,L3,C0,0.0,0.0,red,right,left,right,pick up the red block,4,pregrasp,64,80,16,0.6666666666666666,0.5673758865248227,3,8,0.3,0.7,8,0.3066754937171936,0.2825106084346771,0.2825106084346771,0.3066754937171936,0.02416488528251648,0.02416488528251648,0.5789881348609924,-0.026126015931367874,0.27299004793167114
2026_08_18_00_56_19_492037_L3_right_C0,L3,C0,0.0,0.0,red,right,left,right,pick up the red block,4,pregrasp,64,80,16,0.6666666666666666,0.5673758865248227,4,8,0.3,0.7,8,0.21112756431102753,0.2106175720691681,0.2106175720691681,0.21112756431102753,0.000509992241859436,0.000509992241859436,0.5789881348609924,-0.026126015931367874,0.27299004793167114
2026_08_18_00_56_19_492037_L3_right_C0,L3,C0,0.0,0.0,red,right,left,right,pick up the red block,4,pregrasp,64,80,16,0.6666666666666666,0.5673758865248227,5,8,0.3,0.7,8,0.2557567358016968,0.23608142137527466,0.23608142137527466,0.2557567358016968,0.01967531442642212,0.01967531442642212,0.5789881348609924,-0.026126015931367874,0.27299004793167114
2026_08_18_00_56_19_492037_L3_right_C0,L3,C0,0.0,0.0,red,right,left,right,pick up the red block,4,pregrasp,64,80,16,0.6666666666666666,0.5673758865248227,6,8,0.3,0.7,8,0.21042592823505402,0.20230871438980103,0.20230871438980103,0.21042592823505402,0.00811721384525299,0.00811721384525299,0.5789881348609924,-0.026126015931367874,0.27299004793167114
2026_08_18_00_56_19_492037_L3_right_C0,L3,C0,0.0,0.0,red,right,left,right,pick up the red block,4,pregrasp,64,80,16,0.6666666666666666,0.5673758865248227,7,8,0.3,0.7,8,0.2160879373550415,0.20783731341362,0.20783731341362,0.2160879373550415,0.008250623941421509,0.008250623941421509,0.5789881348609924,-0.026126015931367874,0.27299004793167114
2026_08_18_00_56_19_492037_L3_right_C0,L3,C0,0.0,0.0,red,right,left,right,pick up the red block,4,pregrasp,64,80,16,0.6666666666666666,0.5673758865248227,8,8,0.3,0.7,8,0.17221401631832123,0.16011033952236176,0.16011033952236176,0.17221401631832123,0.012103676795959473,0.012103676795959473,0.5789881348609924,-0.026126015931367874,0.27299004793167114
2026_08_18_00_56_19_492037_L3_right_C0,L3,C0,0.0,0.0,red,right,left,right,pick up the red block,4,pregrasp,64,80,16,0.6666666666666666,0.5673758865248227,9,8,0.3,0.7,8,0.25133880972862244,0.2313903570175171,0.2313903570175171,0.25133880972862244,0.019948452711105347,0.019948452711105347,0.5789881348609924,-0.026126015931367874,0.27299004793167114
2026_08_18_00_56_19_492037_L3_right_C0,L3,C0,0.0,0.0,red,right,left,right,pick up the red block,5,pregrasp,80,96,16,0.8,0.6808510638297872,0,8,0.3,0.7,8,0.2200794517993927,0.20567965507507324,0.20567965507507324,0.2200794517993927,0.014399796724319458,0.014399796724319458,0.6294604539871216,-0.03545784205198288,0.22462382912635803
2026_08_18_00_56_19_492037_L3_right_C0,L3,C0,0.0,0.0,red,right,left,right,pick up the red block,5,pregrasp,80,96,16,0.8,0.6808510638297872,1,8,0.3,0.7,8,0.35967952013015747,0.35424143075942993,0.35424143075942993,0.35967952013015747,0.005438089370727539,0.005438089370727539,0.6294604539871216,-0.03545784205198288,0.22462382912635803
2026_08_18_00_56_19_492037_L3_right_C0,L3,C0,0.0,0.0,red,right,left,right,pick up the red block,5,pregrasp,80,96,16,0.8,0.6808510638297872,2,8,0.3,0.7,8,0.33368557691574097,0.3242751955986023,0.3242751955986023,0.33368557691574097,0.009410381317138672,0.009410381317138672,0.6294604539871216,-0.03545784205198288,0.22462382912635803
2026_08_18_00_56_19_492037_L3_right_C0,L3,C0,0.0,0.0,red,right,left,right,pick up the red block,5,pregrasp,80,96,16,0.8,0.6808510638297872,3,8,0.3,0.7,8,0.2690909802913666,0.2666202187538147,0.2666202187538147,0.2690909802913666,0.00247076153755188,0.00247076153755188,0.6294604539871216,-0.03545784205198288,0.22462382912635803
2026_08_18_00_56_19_492037_L3_right_C0,L3,C0,0.0,0.0,red,right,left,right,pick up the red block,5,pregrasp,80,96,16,0.8,0.6808510638297872,4,8,0.3,0.7,8,0.251792848110199,0.24171029031276703,0.24171029031276703,0.251792848110199,0.010082557797431946,0.010082557797431946,0.6294604539871216,-0.03545784205198288,0.22462382912635803
2026_08_18_00_56_19_492037_L3_right_C0,L3,C0,0.0,0.0,red,right,left,right,pick up the red block,5,pregrasp,80,96,16,0.8,0.6808510638297872,5,8,0.3,0.7,8,0.2155899703502655,0.19934508204460144,0.19934508204460144,0.2155899703502655,0.016244888305664062,0.016244888305664062,0.6294604539871216,-0.03545784205198288,0.22462382912635803
2026_08_18_00_56_19_492037_L3_right_C0,L3,C0,0.0,0.0,red,right,left,right,pick up the red block,5,pregrasp,80,96,16,0.8,0.6808510638297872,6,8,0.3,0.7,8,0.3051221966743469,0.30432531237602234,0.30432531237602234,0.3051221966743469,0.000796884298324585,0.000796884298324585,0.6294604539871216,-0.03545784205198288,0.22462382912635803
2026_08_18_00_56_19_492037_L3_right_C0,L3,C0,0.0,0.0,red,right,left,right,pick up the red block,5,pregrasp,80,96,16,0.8,0.6808510638297872,7,8,0.3,0.7,8,0.23801648616790771,0.22406037151813507,0.22406037151813507,0.23801648616790771,0.013956114649772644,0.013956114649772644,0.6294604539871216,-0.03545784205198288,0.22462382912635803
2026_08_18_00_56_19_492037_L3_right_C0,L3,C0,0.0,0.0,red,right,left,right,pick up the red block,5,pregrasp,80,96,16,0.8,0.6808510638297872,8,8,0.3,0.7,8,0.22913037240505219,0.21396532654762268,0.21396532654762268,0.22913037240505219,0.015165045857429504,0.015165045857429504,0.6294604539871216,-0.03545784205198288,0.22462382912635803
2026_08_18_00_56_19_492037_L3_right_C0,L3,C0,0.0,0.0,red,right,left,right,pick up the red block,5,pregrasp,80,96,16,0.8,0.6808510638297872,9,8,0.3,0.7,8,0.3556439280509949,0.35197946429252625,0.35197946429252625,0.3556439280509949,0.003664463758468628,0.003664463758468628,0.6294604539871216,-0.03545784205198288,0.22462382912635803
2026_08_18_00_56_19_492037_L3_right_C0,L3,C0,0.0,0.0,red,right,left,right,pick up the red block,6,pregrasp,96,112,16,0.9333333333333333,0.7943262411347518,0,8,0.3,0.7,8,0.33232608437538147,0.2897931933403015,0.2897931933403015,0.33232608437538147,0.042532891035079956,0.042532891035079956,0.666978120803833,-0.03957858681678772,0.18872563540935516
2026_08_18_00_56_19_492037_L3_right_C0,L3,C0,0.0,0.0,red,right,left,right,pick up the red block,6,pregrasp,96,112,16,0.9333333333333333,0.7943262411347518,1,8,0.3,0.7,8,0.27767252922058105,0.207317054271698,0.207317054271698,0.27767252922058105,0.07035547494888306,0.07035547494888306,0.666978120803833,-0.03957858681678772,0.18872563540935516
2026_08_18_00_56_19_492037_L3_right_C0,L3,C0,0.0,0.0,red,right,left,right,pick up the red block,6,pregrasp,96,112,16,0.9333333333333333,0.7943262411347518,2,8,0.3,0.7,8,0.2926279306411743,0.23876602947711945,0.23876602947711945,0.2926279306411743,0.05386190116405487,0.05386190116405487,0.666978120803833,-0.03957858681678772,0.18872563540935516
2026_08_18_00_56_19_492037_L3_right_C0,L3,C0,0.0,0.0,red,right,left,right,pick up the red block,6,pregrasp,96,112,16,0.9333333333333333,0.7943262411347518,3,8,0.3,0.7,8,0.2156166434288025,0.15898972749710083,0.15898972749710083,0.2156166434288025,0.05662691593170166,0.05662691593170166,0.666978120803833,-0.03957858681678772,0.18872563540935516
2026_08_18_00_56_19_492037_L3_right_C0,L3,C0,0.0,0.0,red,right,left,right,pick up the red block,6,pregrasp,96,112,16,0.9333333333333333,0.7943262411347518,4,8,0.3,0.7,8,0.34199145436286926,0.2410276234149933,0.2410276234149933,0.34199145436286926,0.10096383094787598,0.10096383094787598,0.666978120803833,-0.03957858681678772,0.18872563540935516
2026_08_18_00_56_19_492037_L3_right_C0,L3,C0,0.0,0.0,red,right,left,right,pick up the red block,6,pregrasp,96,112,16,0.9333333333333333,0.7943262411347518,5,8,0.3,0.7,8,0.27987441420555115,0.24258503317832947,0.24258503317832947,0.27987441420555115,0.03728938102722168,0.03728938102722168,0.666978120803833,-0.03957858681678772,0.18872563540935516
2026_08_18_00_56_19_492037_L3_right_C0,L3,C0,0.0,0.0,red,right,left,right,pick up the red block,6,pregrasp,96,112,16,0.9333333333333333,0.7943262411347518,6,8,0.3,0.7,8,0.2084423303604126,0.14954352378845215,0.14954352378845215,0.2084423303604126,0.05889880657196045,0.05889880657196045,0.666978120803833,-0.03957858681678772,0.18872563540935516
2026_08_18_00_56_19_492037_L3_right_C0,L3,C0,0.0,0.0,red,right,left,right,pick up the red block,6,pregrasp,96,112,16,0.9333333333333333,0.7943262411347518,7,8,0.3,0.7,8,0.23750385642051697,0.13845279812812805,0.13845279812812805,0.23750385642051697,0.09905105829238892,0.09905105829238892,0.666978120803833,-0.03957858681678772,0.18872563540935516
2026_08_18_00_56_19_492037_L3_right_C0,L3,C0,0.0,0.0,red,right,left,right,pick up the red block,6,pregrasp,96,112,16,0.9333333333333333,0.7943262411347518,8,8,0.3,0.7,8,0.27207958698272705,0.15524880588054657,0.15524880588054657,0.27207958698272705,0.11683078110218048,0.11683078110218048,0.666978120803833,-0.03957858681678772,0.18872563540935516
2026_08_18_00_56_19_492037_L3_right_C0,L3,C0,0.0,0.0,red,right,left,right,pick up the red block,6,pregrasp,96,112,16,0.9333333333333333,0.7943262411347518,9,8,0.3,0.7,8,0.2587401568889618,0.1879487931728363,0.1879487931728363,0.2587401568889618,0.07079136371612549,0.07079136371612549,0.666978120803833,-0.03957858681678772,0.18872563540935516
2026_08_18_00_56_19_492037_L3_right_C0,L3,C0,0.0,0.0,red,right,left,right,pick up the red block,7,pregrasp,112,120,8,1.0,0.851063829787234,0,8,0.3,0.7,8,0.28548353910446167,0.24624502658843994,0.24624502658843994,0.28548353910446167,0.03923851251602173,0.03923851251602173,0.6673331260681152,-0.03953440114855766,0.18883733451366425
2026_08_18_00_56_19_492037_L3_right_C0,L3,C0,0.0,0.0,red,right,left,right,pick up the red block,7,pregrasp,112,120,8,1.0,0.851063829787234,1,8,0.3,0.7,8,0.2900506258010864,0.26382407546043396,0.26382407546043396,0.2900506258010864,0.026226550340652466,0.026226550340652466,0.6673331260681152,-0.03953440114855766,0.18883733451366425
2026_08_18_00_56_19_492037_L3_right_C0,L3,C0,0.0,0.0,red,right,left,right,pick up the red block,7,pregrasp,112,120,8,1.0,0.851063829787234,2,8,0.3,0.7,8,0.2675204277038574,0.18671922385692596,0.18671922385692596,0.2675204277038574,0.08080120384693146,0.08080120384693146,0.6673331260681152,-0.03953440114855766,0.18883733451366425
2026_08_18_00_56_19_492037_L3_right_C0,L3,C0,0.0,0.0,red,right,left,right,pick up the red block,7,pregrasp,112,120,8,1.0,0.851063829787234,3,8,0.3,0.7,8,0.21677683293819427,0.1824701726436615,0.1824701726436615,0.21677683293819427,0.034306660294532776,0.034306660294532776,0.6673331260681152,-0.03953440114855766,0.18883733451366425
2026_08_18_00_56_19_492037_L3_right_C0,L3,C0,0.0,0.0,red,right,left,right,pick up the red block,7,pregrasp,112,120,8,1.0,0.851063829787234,4,8,0.3,0.7,8,0.26854774355888367,0.2040180265903473,0.2040180265903473,0.26854774355888367,0.06452971696853638,0.06452971696853638,0.6673331260681152,-0.03953440114855766,0.18883733451366425
2026_08_18_00_56_19_492037_L3_right_C0,L3,C0,0.0,0.0,red,right,left,right,pick up the red block,7,pregrasp,112,120,8,1.0,0.851063829787234,5,8,0.3,0.7,8,0.2818143367767334,0.20502740144729614,0.20502740144729614,0.2818143367767334,0.07678693532943726,0.07678693532943726,0.6673331260681152,-0.03953440114855766,0.18883733451366425
2026_08_18_00_56_19_492037_L3_right_C0,L3,C0,0.0,0.0,red,right,left,right,pick up the red block,7,pregrasp,112,120,8,1.0,0.851063829787234,6,8,0.3,0.7,8,0.3141963481903076,0.2705235481262207,0.2705235481262207,0.3141963481903076,0.043672800064086914,0.043672800064086914,0.6673331260681152,-0.03953440114855766,0.18883733451366425
2026_08_18_00_56_19_492037_L3_right_C0,L3,C0,0.0,0.0,red,right,left,right,pick up the red block,7,pregrasp,112,120,8,1.0,0.851063829787234,7,8,0.3,0.7,8,0.16431847214698792,0.10999409109354019,0.10999409109354019,0.16431847214698792,0.05432438105344772,0.05432438105344772,0.6673331260681152,-0.03953440114855766,0.18883733451366425
2026_08_18_00_56_19_492037_L3_right_C0,L3,C0,0.0,0.0,red,right,left,right,pick up the red block,7,pregrasp,112,120,8,1.0,0.851063829787234,8,8,0.3,0.7,8,0.2382785528898239,0.18643717467784882,0.18643717467784882,0.2382785528898239,0.0518413782119751,0.0518413782119751,0.6673331260681152,-0.03953440114855766,0.18883733451366425
2026_08_18_00_56_19_492037_L3_right_C0,L3,C0,0.0,0.0,red,right,left,right,pick up the red block,7,pregrasp,112,120,8,1.0,0.851063829787234,9,8,0.3,0.7,8,0.20144382119178772,0.1655135303735733,0.1655135303735733,0.20144382119178772,0.035930290818214417,0.035930290818214417,0.6673331260681152,-0.03953440114855766,0.18883733451366425
2026_08_18_00_56_19_492037_L3_right_C0,L3,C0,0.0,0.0,red,right,left,right,pick up the red block,8,postgrasp,120,136,16,1.0,0.9645390070921985,0,8,0.3,0.7,8,0.34460094571113586,0.33293086290359497,0.33293086290359497,0.34460094571113586,0.011670082807540894,0.011670082807540894,0.6679441332817078,-0.03962864354252815,0.18927785754203796
2026_08_18_00_56_19_492037_L3_right_C0,L3,C0,0.0,0.0,red,right,left,right,pick up the red block,8,postgrasp,120,136,16,1.0,0.9645390070921985,1,8,0.3,0.7,8,0.3840049207210541,0.3579278886318207,0.3579278886318207,0.3840049207210541,0.0260770320892334,0.0260770320892334,0.6679441332817078,-0.03962864354252815,0.18927785754203796
2026_08_18_00_56_19_492037_L3_right_C0,L3,C0,0.0,0.0,red,right,left,right,pick up the red block,8,postgrasp,120,136,16,1.0,0.9645390070921985,2,8,0.3,0.7,8,0.42278480529785156,0.42104625701904297,0.42104625701904297,0.42278480529785156,0.0017385482788085938,0.0017385482788085938,0.6679441332817078,-0.03962864354252815,0.18927785754203796
2026_08_18_00_56_19_492037_L3_right_C0,L3,C0,0.0,0.0,red,right,left,right,pick up the red block,8,postgrasp,120,136,16,1.0,0.9645390070921985,3,8,0.3,0.7,8,0.48124590516090393,0.4175850749015808,0.4175850749015808,0.48124590516090393,0.06366083025932312,0.06366083025932312,0.6679441332817078,-0.03962864354252815,0.18927785754203796
2026_08_18_00_56_19_492037_L3_right_C0,L3,C0,0.0,0.0,red,right,left,right,pick up the red block,8,postgrasp,120,136,16,1.0,0.9645390070921985,4,8,0.3,0.7,8,0.39938870072364807,0.3884013593196869,0.3884013593196869,0.39938870072364807,0.010987341403961182,0.010987341403961182,0.6679441332817078,-0.03962864354252815,0.18927785754203796
2026_08_18_00_56_19_492037_L3_right_C0,L3,C0,0.0,0.0,red,right,left,right,pick up the red block,8,postgrasp,120,136,16,1.0,0.9645390070921985,5,8,0.3,0.7,8,0.35564106702804565,0.34578394889831543,0.34578394889831543,0.35564106702804565,0.009857118129730225,0.009857118129730225,0.6679441332817078,-0.03962864354252815,0.18927785754203796
2026_08_18_00_56_19_492037_L3_right_C0,L3,C0,0.0,0.0,red,right,left,right,pick up the red block,8,postgrasp,120,136,16,1.0,0.9645390070921985,6,8,0.3,0.7,8,0.32066023349761963,0.29793182015419006,0.29793182015419006,0.32066023349761963,0.022728413343429565,0.022728413343429565,0.6679441332817078,-0.03962864354252815,0.18927785754203796
2026_08_18_00_56_19_492037_L3_right_C0,L3,C0,0.0,0.0,red,right,left,right,pick up the red block,8,postgrasp,120,136,16,1.0,0.9645390070921985,7,8,0.3,0.7,8,0.3869619369506836,0.3803353011608124,0.3803353011608124,0.3869619369506836,0.006626635789871216,0.006626635789871216,0.6679441332817078,-0.03962864354252815,0.18927785754203796
2026_08_18_00_56_19_492037_L3_right_C0,L3,C0,0.0,0.0,red,right,left,right,pick up the red block,8,postgrasp,120,136,16,1.0,0.9645390070921985,8,8,0.3,0.7,8,0.39275407791137695,0.36379820108413696,0.36379820108413696,0.39275407791137695,0.02895587682723999,0.02895587682723999,0.6679441332817078,-0.03962864354252815,0.18927785754203796
2026_08_18_00_56_19_492037_L3_right_C0,L3,C0,0.0,0.0,red,right,left,right,pick up the red block,8,postgrasp,120,136,16,1.0,0.9645390070921985,9,8,0.3,0.7,8,0.43715810775756836,0.412174791097641,0.412174791097641,0.43715810775756836,0.024983316659927368,0.024983316659927368,0.6679441332817078,-0.03962864354252815,0.18927785754203796
2026_08_18_00_56_19_492037_L3_right_C0,L3,C0,0.0,0.0,red,right,left,right,pick up the red block,9,postgrasp,136,141,5,1.0,1.0,0,8,0.3,0.7,8,0.25801682472229004,0.23732131719589233,0.23732131719589233,0.25801682472229004,0.020695507526397705,0.020695507526397705,0.6679518818855286,-0.03962956368923187,0.18927915394306183
2026_08_18_00_56_19_492037_L3_right_C0,L3,C0,0.0,0.0,red,right,left,right,pick up the red block,9,postgrasp,136,141,5,1.0,1.0,1,8,0.3,0.7,8,0.2081068754196167,0.1792050302028656,0.1792050302028656,0.2081068754196167,0.0289018452167511,0.0289018452167511,0.6679518818855286,-0.03962956368923187,0.18927915394306183
2026_08_18_00_56_19_492037_L3_right_C0,L3,C0,0.0,0.0,red,right,left,right,pick up the red block,9,postgrasp,136,141,5,1.0,1.0,2,8,0.3,0.7,8,0.2975245714187622,0.25619345903396606,0.25619345903396606,0.2975245714187622,0.04133111238479614,0.04133111238479614,0.6679518818855286,-0.03962956368923187,0.18927915394306183
2026_08_18_00_56_19_492037_L3_right_C0,L3,C0,0.0,0.0,red,right,left,right,pick up the red block,9,postgrasp,136,141,5,1.0,1.0,3,8,0.3,0.7,8,0.24985310435295105,0.22455497086048126,0.22455497086048126,0.24985310435295105,0.025298133492469788,0.025298133492469788,0.6679518818855286,-0.03962956368923187,0.18927915394306183
2026_08_18_00_56_19_492037_L3_right_C0,L3,C0,0.0,0.0,red,right,left,right,pick up the red block,9,postgrasp,136,141,5,1.0,1.0,4,8,0.3,0.7,8,0.26454150676727295,0.2341885268688202,0.2341885268688202,0.26454150676727295,0.03035297989845276,0.03035297989845276,0.6679518818855286,-0.03962956368923187,0.18927915394306183
2026_08_18_00_56_19_492037_L3_right_C0,L3,C0,0.0,0.0,red,right,left,right,pick up the red block,9,postgrasp,136,141,5,1.0,1.0,5,8,0.3,0.7,8,0.3223908245563507,0.2872938811779022,0.2872938811779022,0.3223908245563507,0.035096943378448486,0.035096943378448486,0.6679518818855286,-0.03962956368923187,0.18927915394306183
2026_08_18_00_56_19_492037_L3_right_C0,L3,C0,0.0,0.0,red,right,left,right,pick up the red block,9,postgrasp,136,141,5,1.0,1.0,6,8,0.3,0.7,8,0.31156817078590393,0.2905733287334442,0.2905733287334442,0.31156817078590393,0.020994842052459717,0.020994842052459717,0.6679518818855286,-0.03962956368923187,0.18927915394306183
2026_08_18_00_56_19_492037_L3_right_C0,L3,C0,0.0,0.0,red,right,left,right,pick up the red block,9,postgrasp,136,141,5,1.0,1.0,7,8,0.3,0.7,8,0.3319713771343231,0.2926270067691803,0.2926270067691803,0.3319713771343231,0.03934437036514282,0.03934437036514282,0.6679518818855286,-0.03962956368923187,0.18927915394306183
2026_08_18_00_56_19_492037_L3_right_C0,L3,C0,0.0,0.0,red,right,left,right,pick up the red block,9,postgrasp,136,141,5,1.0,1.0,8,8,0.3,0.7,8,0.23671017587184906,0.1997179090976715,0.1997179090976715,0.23671017587184906,0.03699226677417755,0.03699226677417755,0.6679518818855286,-0.03962956368923187,0.18927915394306183
2026_08_18_00_56_19_492037_L3_right_C0,L3,C0,0.0,0.0,red,right,left,right,pick up the red block,9,postgrasp,136,141,5,1.0,1.0,9,8,0.3,0.7,8,0.30601340532302856,0.28269296884536743,0.28269296884536743,0.30601340532302856,0.023320436477661133,0.023320436477661133,0.6679518818855286,-0.03962956368923187,0.18927915394306183
2026_08_18_00_56_48_148319_L3_right_C1,L3,C1,2.0,0.1694548757406934,red,right,left,right,pick up the red block,0,pregrasp,0,16,16,0.12121212121212122,0.10457516339869281,0,8,0.3,0.7,8,0.2906250059604645,0.29334837198257446,0.29334837198257446,0.2906250059604645,-0.0027233660221099854,-0.0027233660221099854,0.3729608952999115,-0.025423092767596245,0.4784579575061798
2026_08_18_00_56_48_148319_L3_right_C1,L3,C1,2.0,0.1694548757406934,red,right,left,right,pick up the red block,0,pregrasp,0,16,16,0.12121212121212122,0.10457516339869281,1,8,0.3,0.7,8,0.345276415348053,0.3424827456474304,0.3424827456474304,0.345276415348053,0.0027936697006225586,0.0027936697006225586,0.3729608952999115,-0.025423092767596245,0.4784579575061798
2026_08_18_00_56_48_148319_L3_right_C1,L3,C1,2.0,0.1694548757406934,red,right,left,right,pick up the red block,0,pregrasp,0,16,16,0.12121212121212122,0.10457516339869281,2,8,0.3,0.7,8,0.2997373342514038,0.304935485124588,0.304935485124588,0.2997373342514038,-0.005198150873184204,-0.005198150873184204,0.3729608952999115,-0.025423092767596245,0.4784579575061798
2026_08_18_00_56_48_148319_L3_right_C1,L3,C1,2.0,0.1694548757406934,red,right,left,right,pick up the red block,0,pregrasp,0,16,16,0.12121212121212122,0.10457516339869281,3,8,0.3,0.7,8,0.4360882043838501,0.4251692593097687,0.4251692593097687,0.4360882043838501,0.010918945074081421,0.010918945074081421,0.3729608952999115,-0.025423092767596245,0.4784579575061798
2026_08_18_00_56_48_148319_L3_right_C1,L3,C1,2.0,0.1694548757406934,red,right,left,right,pick up the red block,0,pregrasp,0,16,16,0.12121212121212122,0.10457516339869281,4,8,0.3,0.7,8,0.39173275232315063,0.3541329503059387,0.3541329503059387,0.39173275232315063,0.037599802017211914,0.037599802017211914,0.3729608952999115,-0.025423092767596245,0.4784579575061798
2026_08_18_00_56_48_148319_L3_right_C1,L3,C1,2.0,0.1694548757406934,red,right,left,right,pick up the red block,0,pregrasp,0,16,16,0.12121212121212122,0.10457516339869281,5,8,0.3,0.7,8,0.46848708391189575,0.4473881721496582,0.4473881721496582,0.46848708391189575,0.02109891176223755,0.02109891176223755,0.3729608952999115,-0.025423092767596245,0.4784579575061798
2026_08_18_00_56_48_148319_L3_right_C1,L3,C1,2.0,0.1694548757406934,red,right,left,right,pick up the red block,0,pregrasp,0,16,16,0.12121212121212122,0.10457516339869281,6,8,0.3,0.7,8,0.27885445952415466,0.2522391676902771,0.2522391676902771,0.27885445952415466,0.026615291833877563,0.026615291833877563,0.3729608952999115,-0.025423092767596245,0.4784579575061798
2026_08_18_00_56_48_148319_L3_right_C1,L3,C1,2.0,0.1694548757406934,red,right,left,right,pick up the red block,0,pregrasp,0,16,16,0.12121212121212122,0.10457516339869281,7,8,0.3,0.7,8,0.36491847038269043,0.3786996304988861,0.3786996304988861,0.36491847038269043,-0.013781160116195679,-0.013781160116195679,0.3729608952999115,-0.025423092767596245,0.4784579575061798
2026_08_18_00_56_48_148319_L3_right_C1,L3,C1,2.0,0.1694548757406934,red,right,left,right,pick up the red block,0,pregrasp,0,16,16,0.12121212121212122,0.10457516339869281,8,8,0.3,0.7,8,0.36077243089675903,0.34281742572784424,0.34281742572784424,0.36077243089675903,0.017955005168914795,0.017955005168914795,0.3729608952999115,-0.025423092767596245,0.4784579575061798
2026_08_18_00_56_48_148319_L3_right_C1,L3,C1,2.0,0.1694548757406934,red,right,left,right,pick up the red block,0,pregrasp,0,16,16,0.12121212121212122,0.10457516339869281,9,8,0.3,0.7,8,0.28902000188827515,0.28234532475471497,0.28234532475471497,0.28902000188827515,0.006674677133560181,0.006674677133560181,0.3729608952999115,-0.025423092767596245,0.4784579575061798
2026_08_18_00_56_48_148319_L3_right_C1,L3,C1,2.0,0.1694548757406934,red,right,left,right,pick up the red block,1,pregrasp,16,32,16,0.24242424242424243,0.20915032679738563,0,8,0.3,0.7,8,0.26848840713500977,0.2674499750137329,0.2674499750137329,0.26848840713500977,0.0010384321212768555,0.0010384321212768555,0.4035109281539917,-0.07220179587602615,0.4392828047275543
2026_08_18_00_56_48_148319_L3_right_C1,L3,C1,2.0,0.1694548757406934,red,right,left,right,pick up the red block,1,pregrasp,16,32,16,0.24242424242424243,0.20915032679738563,1,8,0.3,0.7,8,0.18617644906044006,0.23725946247577667,0.23725946247577667,0.18617644906044006,-0.05108301341533661,-0.05108301341533661,0.4035109281539917,-0.07220179587602615,0.4392828047275543
2026_08_18_00_56_48_148319_L3_right_C1,L3,C1,2.0,0.1694548757406934,red,right,left,right,pick up the red block,1,pregrasp,16,32,16,0.24242424242424243,0.20915032679738563,2,8,0.3,0.7,8,0.21851882338523865,0.21672938764095306,0.21672938764095306,0.21851882338523865,0.0017894357442855835,0.0017894357442855835,0.4035109281539917,-0.07220179587602615,0.4392828047275543
2026_08_18_00_56_48_148319_L3_right_C1,L3,C1,2.0,0.1694548757406934,red,right,left,right,pick up the red block,1,pregrasp,16,32,16,0.24242424242424243,0.20915032679738563,3,8,0.3,0.7,8,0.2997767925262451,0.32332897186279297,0.32332897186279297,0.2997767925262451,-0.02355217933654785,-0.02355217933654785,0.4035109281539917,-0.07220179587602615,0.4392828047275543
2026_08_18_00_56_48_148319_L3_right_C1,L3,C1,2.0,0.1694548757406934,red,right,left,right,pick up the red block,1,pregrasp,16,32,16,0.24242424242424243,0.20915032679738563,4,8,0.3,0.7,8,0.34478506445884705,0.3177179992198944,0.3177179992198944,0.34478506445884705,0.027067065238952637,0.027067065238952637,0.4035109281539917,-0.07220179587602615,0.4392828047275543
2026_08_18_00_56_48_148319_L3_right_C1,L3,C1,2.0,0.1694548757406934,red,right,left,right,pick up the red block,1,pregrasp,16,32,16,0.24242424242424243,0.20915032679738563,5,8,0.3,0.7,8,0.34304729104042053,0.3471129536628723,0.3471129536628723,0.34304729104042053,-0.004065662622451782,-0.004065662622451782,0.4035109281539917,-0.07220179587602615,0.4392828047275543
2026_08_18_00_56_48_148319_L3_right_C1,L3,C1,2.0,0.1694548757406934,red,right,left,right,pick up the red block,1,pregrasp,16,32,16,0.24242424242424243,0.20915032679738563,6,8,0.3,0.7,8,0.29877758026123047,0.3052387833595276,0.3052387833595276,0.29877758026123047,-0.006461203098297119,-0.006461203098297119,0.4035109281539917,-0.07220179587602615,0.4392828047275543
2026_08_18_00_56_48_148319_L3_right_C1,L3,C1,2.0,0.1694548757406934,red,right,left,right,pick up the red block,1,pregrasp,16,32,16,0.24242424242424243,0.20915032679738563,7,8,0.3,0.7,8,0.3380277156829834,0.33354413509368896,0.33354413509368896,0.3380277156829834,0.004483580589294434,0.004483580589294434,0.4035109281539917,-0.07220179587602615,0.4392828047275543
2026_08_18_00_56_48_148319_L3_right_C1,L3,C1,2.0,0.1694548757406934,red,right,left,right,pick up the red block,1,pregrasp,16,32,16,0.24242424242424243,0.20915032679738563,8,8,0.3,0.7,8,0.29122158885002136,0.2843037545681,0.2843037545681,0.29122158885002136,0.006917834281921387,0.006917834281921387,0.4035109281539917,-0.07220179587602615,0.4392828047275543
2026_08_18_00_56_48_148319_L3_right_C1,L3,C1,2.0,0.1694548757406934,red,right,left,right,pick up the red block,1,pregrasp,16,32,16,0.24242424242424243,0.20915032679738563,9,8,0.3,0.7,8,0.28888189792633057,0.2580992579460144,0.2580992579460144,0.28888189792633057,0.030782639980316162,0.030782639980316162,0.4035109281539917,-0.07220179587602615,0.4392828047275543
2026_08_18_00_56_48_148319_L3_right_C1,L3,C1,2.0,0.1694548757406934,red,right,left,right,pick up the red block,2,pregrasp,32,48,16,0.36363636363636365,0.3137254901960784,0,8,0.3,0.7,8,0.29660409688949585,0.2888586223125458,0.2888586223125458,0.29660409688949585,0.007745474576950073,0.007745474576950073,0.4487106204032898,-0.10186780989170074,0.39636021852493286
2026_08_18_00_56_48_148319_L3_right_C1,L3,C1,2.0,0.1694548757406934,red,right,left,right,pick up the red block,2,pregrasp,32,48,16,0.36363636363636365,0.3137254901960784,1,8,0.3,0.7,8,0.2336205095052719,0.24187645316123962,0.24187645316123962,0.2336205095052719,-0.008255943655967712,-0.008255943655967712,0.4487106204032898,-0.10186780989170074,0.39636021852493286
2026_08_18_00_56_48_148319_L3_right_C1,L3,C1,2.0,0.1694548757406934,red,right,left,right,pick up the red block,2,pregrasp,32,48,16,0.36363636363636365,0.3137254901960784,2,8,0.3,0.7,8,0.23008130490779877,0.2337377667427063,0.2337377667427063,0.23008130490779877,-0.0036564618349075317,-0.0036564618349075317,0.4487106204032898,-0.10186780989170074,0.39636021852493286
2026_08_18_00_56_48_148319_L3_right_C1,L3,C1,2.0,0.1694548757406934,red,right,left,right,pick up the red block,2,pregrasp,32,48,16,0.36363636363636365,0.3137254901960784,3,8,0.3,0.7,8,0.14350935816764832,0.1511143147945404,0.1511143147945404,0.14350935816764832,-0.00760495662689209,-0.00760495662689209,0.4487106204032898,-0.10186780989170074,0.39636021852493286
2026_08_18_00_56_48_148319_L3_right_C1,L3,C1,2.0,0.1694548757406934,red,right,left,right,pick up the red block,2,pregrasp,32,48,16,0.36363636363636365,0.3137254901960784,4,8,0.3,0.7,8,0.178658589720726,0.17833484709262848,0.17833484709262848,0.178658589720726,0.0003237426280975342,0.0003237426280975342,0.4487106204032898,-0.10186780989170074,0.39636021852493286
2026_08_18_00_56_48_148319_L3_right_C1,L3,C1,2.0,0.1694548757406934,red,right,left,right,pick up the red block,2,pregrasp,32,48,16,0.36363636363636365,0.3137254901960784,5,8,0.3,0.7,8,0.1963670551776886,0.1942460834980011,0.1942460834980011,0.1963670551776886,0.0021209716796875,0.0021209716796875,0.4487106204032898,-0.10186780989170074,0.39636021852493286
2026_08_18_00_56_48_148319_L3_right_C1,L3,C1,2.0,0.1694548757406934,red,right,left,right,pick up the red block,2,pregrasp,32,48,16,0.36363636363636365,0.3137254901960784,6,8,0.3,0.7,8,0.17527781426906586,0.22403232753276825,0.22403232753276825,0.17527781426906586,-0.04875451326370239,-0.04875451326370239,0.4487106204032898,-0.10186780989170074,0.39636021852493286
2026_08_18_00_56_48_148319_L3_right_C1,L3,C1,2.0,0.1694548757406934,red,right,left,right,pick up the red block,2,pregrasp,32,48,16,0.36363636363636365,0.3137254901960784,7,8,0.3,0.7,8,0.24527128040790558,0.2329830527305603,0.2329830527305603,0.24527128040790558,0.012288227677345276,0.012288227677345276,0.4487106204032898,-0.10186780989170074,0.39636021852493286
2026_08_18_00_56_48_148319_L3_right_C1,L3,C1,2.0,0.1694548757406934,red,right,left,right,pick up the red block,2,pregrasp,32,48,16,0.36363636363636365,0.3137254901960784,8,8,0.3,0.7,8,0.3099913001060486,0.30382227897644043,0.30382227897644043,0.3099913001060486,0.006169021129608154,0.006169021129608154,0.4487106204032898,-0.10186780989170074,0.39636021852493286
2026_08_18_00_56_48_148319_L3_right_C1,L3,C1,2.0,0.1694548757406934,red,right,left,right,pick up the red block,2,pregrasp,32,48,16,0.36363636363636365,0.3137254901960784,9,8,0.3,0.7,8,0.2843494713306427,0.2835398316383362,0.2835398316383362,0.2843494713306427,0.0008096396923065186,0.0008096396923065186,0.4487106204032898,-0.10186780989170074,0.39636021852493286
2026_08_18_00_56_48_148319_L3_right_C1,L3,C1,2.0,0.1694548757406934,red,right,left,right,pick up the red block,3,pregrasp,48,64,16,0.48484848484848486,0.41830065359477125,0,8,0.3,0.7,8,0.38243603706359863,0.3406582176685333,0.3406582176685333,0.38243603706359863,0.04177781939506531,0.04177781939506531,0.49819499254226685,-0.11269152164459229,0.3486998677253723
2026_08_18_00_56_48_148319_L3_right_C1,L3,C1,2.0,0.1694548757406934,red,right,left,right,pick up the red block,3,pregrasp,48,64,16,0.48484848484848486,0.41830065359477125,1,8,0.3,0.7,8,0.34912627935409546,0.3065909147262573,0.3065909147262573,0.34912627935409546,0.042535364627838135,0.042535364627838135,0.49819499254226685,-0.11269152164459229,0.3486998677253723
2026_08_18_00_56_48_148319_L3_right_C1,L3,C1,2.0,0.1694548757406934,red,right,left,right,pick up the red block,3,pregrasp,48,64,16,0.48484848484848486,0.41830065359477125,2,8,0.3,0.7,8,0.34130486845970154,0.29324328899383545,0.29324328899383545,0.34130486845970154,0.04806157946586609,0.04806157946586609,0.49819499254226685,-0.11269152164459229,0.3486998677253723
2026_08_18_00_56_48_148319_L3_right_C1,L3,C1,2.0,0.1694548757406934,red,right,left,right,pick up the red block,3,pregrasp,48,64,16,0.48484848484848486,0.41830065359477125,3,8,0.3,0.7,8,0.1704973578453064,0.15503428876399994,0.15503428876399994,0.1704973578453064,0.015463069081306458,0.015463069081306458,0.49819499254226685,-0.11269152164459229,0.3486998677253723
2026_08_18_00_56_48_148319_L3_right_C1,L3,C1,2.0,0.1694548757406934,red,right,left,right,pick up the red block,3,pregrasp,48,64,16,0.48484848484848486,0.41830065359477125,4,8,0.3,0.7,8,0.25138649344444275,0.22161799669265747,0.22161799669265747,0.25138649344444275,0.02976849675178528,0.02976849675178528,0.49819499254226685,-0.11269152164459229,0.3486998677253723
2026_08_18_00_56_48_148319_L3_right_C1,L3,C1,2.0,0.1694548757406934,red,right,left,right,pick up the red block,3,pregrasp,48,64,16,0.48484848484848486,0.41830065359477125,5,8,0.3,0.7,8,0.22621256113052368,0.2011360079050064,0.2011360079050064,0.22621256113052368,0.025076553225517273,0.025076553225517273,0.49819499254226685,-0.11269152164459229,0.3486998677253723
2026_08_18_00_56_48_148319_L3_right_C1,L3,C1,2.0,0.1694548757406934,red,right,left,right,pick up the red block,3,pregrasp,48,64,16,0.48484848484848486,0.41830065359477125,6,8,0.3,0.7,8,0.3339575231075287,0.2998267710208893,0.2998267710208893,0.3339575231075287,0.034130752086639404,0.034130752086639404,0.49819499254226685,-0.11269152164459229,0.3486998677253723
2026_08_18_00_56_48_148319_L3_right_C1,L3,C1,2.0,0.1694548757406934,red,right,left,right,pick up the red block,3,pregrasp,48,64,16,0.48484848484848486,0.41830065359477125,7,8,0.3,0.7,8,0.23315827548503876,0.20634551346302032,0.20634551346302032,0.23315827548503876,0.026812762022018433,0.026812762022018433,0.49819499254226685,-0.11269152164459229,0.3486998677253723
2026_08_18_00_56_48_148319_L3_right_C1,L3,C1,2.0,0.1694548757406934,red,right,left,right,pick up the red block,3,pregrasp,48,64,16,0.48484848484848486,0.41830065359477125,8,8,0.3,0.7,8,0.27172595262527466,0.23181110620498657,0.23181110620498657,0.27172595262527466,0.039914846420288086,0.039914846420288086,0.49819499254226685,-0.11269152164459229,0.3486998677253723
2026_08_18_00_56_48_148319_L3_right_C1,L3,C1,2.0,0.1694548757406934,red,right,left,right,pick up the red block,3,pregrasp,48,64,16,0.48484848484848486,0.41830065359477125,9,8,0.3,0.7,8,0.279025137424469,0.2457583099603653,0.2457583099603653,0.279025137424469,0.0332668274641037,0.0332668274641037,0.49819499254226685,-0.11269152164459229,0.3486998677253723
2026_08_18_00_56_48_148319_L3_right_C1,L3,C1,2.0,0.1694548757406934,red,right,left,right,pick up the red block,4,pregrasp,64,80,16,0.6060606060606061,0.5228758169934641,0,8,0.3,0.7,8,0.2481178641319275,0.2614591121673584,0.2614591121673584,0.2481178641319275,-0.013341248035430908,-0.013341248035430908,0.5479249358177185,-0.10367710143327713,0.3016980290412903
2026_08_18_00_56_48_148319_L3_right_C1,L3,C1,2.0,0.1694548757406934,red,right,left,right,pick up the red block,4,pregrasp,64,80,16,0.6060606060606061,0.5228758169934641,1,8,0.3,0.7,8,0.35384508967399597,0.36272332072257996,0.36272332072257996,0.35384508967399597,-0.008878231048583984,-0.008878231048583984,0.5479249358177185,-0.10367710143327713,0.3016980290412903
2026_08_18_00_56_48_148319_L3_right_C1,L3,C1,2.0,0.1694548757406934,red,right,left,right,pick up the red block,4,pregrasp,64,80,16,0.6060606060606061,0.5228758169934641,2,8,0.3,0.7,8,0.27356189489364624,0.2824290990829468,0.2824290990829468,0.27356189489364624,-0.008867204189300537,-0.008867204189300537,0.5479249358177185,-0.10367710143327713,0.3016980290412903
2026_08_18_00_56_48_148319_L3_right_C1,L3,C1,2.0,0.1694548757406934,red,right,left,right,pick up the red block,4,pregrasp,64,80,16,0.6060606060606061,0.5228758169934641,3,8,0.3,0.7,8,0.34322524070739746,0.3441833555698395,0.3441833555698395,0.34322524070739746,-0.0009581148624420166,-0.0009581148624420166,0.5479249358177185,-0.10367710143327713,0.3016980290412903
2026_08_18_00_56_48_148319_L3_right_C1,L3,C1,2.0,0.1694548757406934,red,right,left,right,pick up the red block,4,pregrasp,64,80,16,0.6060606060606061,0.5228758169934641,4,8,0.3,0.7,8,0.38377970457077026,0.39519959688186646,0.39519959688186646,0.38377970457077026,-0.011419892311096191,-0.011419892311096191,0.5479249358177185,-0.10367710143327713,0.3016980290412903
2026_08_18_00_56_48_148319_L3_right_C1,L3,C1,2.0,0.1694548757406934,red,right,left,right,pick up the red block,4,pregrasp,64,80,16,0.6060606060606061,0.5228758169934641,5,8,0.3,0.7,8,0.35596764087677,0.35897573828697205,0.35897573828697205,0.35596764087677,-0.0030080974102020264,-0.0030080974102020264,0.5479249358177185,-0.10367710143327713,0.3016980290412903
2026_08_18_00_56_48_148319_L3_right_C1,L3,C1,2.0,0.1694548757406934,red,right,left,right,pick up the red block,4,pregrasp,64,80,16,0.6060606060606061,0.5228758169934641,6,8,0.3,0.7,8,0.3196438252925873,0.32865527272224426,0.32865527272224426,0.3196438252925873,-0.009011447429656982,-0.009011447429656982,0.5479249358177185,-0.10367710143327713,0.3016980290412903
2026_08_18_00_56_48_148319_L3_right_C1,L3,C1,2.0,0.1694548757406934,red,right,left,right,pick up the red block,4,pregrasp,64,80,16,0.6060606060606061,0.5228758169934641,7,8,0.3,0.7,8,0.3971068263053894,0.3922382891178131,0.3922382891178131,0.3971068263053894,0.004868537187576294,0.004868537187576294,0.5479249358177185,-0.10367710143327713,0.3016980290412903
2026_08_18_00_56_48_148319_L3_right_C1,L3,C1,2.0,0.1694548757406934,red,right,left,right,pick up the red block,4,pregrasp,64,80,16,0.6060606060606061,0.5228758169934641,8,8,0.3,0.7,8,0.28078293800354004,0.2926924526691437,0.2926924526691437,0.28078293800354004,-0.011909514665603638,-0.011909514665603638,0.5479249358177185,-0.10367710143327713,0.3016980290412903
2026_08_18_00_56_48_148319_L3_right_C1,L3,C1,2.0,0.1694548757406934,red,right,left,right,pick up the red block,4,pregrasp,64,80,16,0.6060606060606061,0.5228758169934641,9,8,0.3,0.7,8,0.247543603181839,0.255919873714447,0.255919873714447,0.247543603181839,-0.008376270532608032,-0.008376270532608032,0.5479249358177185,-0.10367710143327713,0.3016980290412903
2026_08_18_00_56_48_148319_L3_right_C1,L3,C1,2.0,0.1694548757406934,red,right,left,right,pick up the red block,5,pregrasp,80,96,16,0.7272727272727273,0.6274509803921569,0,8,0.3,0.7,8,0.1527213603258133,0.11205969005823135,0.11205969005823135,0.1527213603258133,0.04066167026758194,0.04066167026758194,0.5968225598335266,-0.08324765413999557,0.2555839717388153
2026_08_18_00_56_48_148319_L3_right_C1,L3,C1,2.0,0.1694548757406934,red,right,left,right,pick up the red block,5,pregrasp,80,96,16,0.7272727272727273,0.6274509803921569,1,8,0.3,0.7,8,0.3619629442691803,0.2774701714515686,0.2774701714515686,0.3619629442691803,0.0844927728176117,0.0844927728176117,0.5968225598335266,-0.08324765413999557,0.2555839717388153
2026_08_18_00_56_48_148319_L3_right_C1,L3,C1,2.0,0.1694548757406934,red,right,left,right,pick up the red block,5,pregrasp,80,96,16,0.7272727272727273,0.6274509803921569,2,8,0.3,0.7,8,0.23528097569942474,0.17884764075279236,0.17884764075279236,0.23528097569942474,0.056433334946632385,0.056433334946632385,0.5968225598335266,-0.08324765413999557,0.2555839717388153
2026_08_18_00_56_48_148319_L3_right_C1,L3,C1,2.0,0.1694548757406934,red,right,left,right,pick up the red block,5,pregrasp,80,96,16,0.7272727272727273,0.6274509803921569,3,8,0.3,0.7,8,0.3832232356071472,0.31058764457702637,0.31058764457702637,0.3832232356071472,0.07263559103012085,0.07263559103012085,0.5968225598335266,-0.08324765413999557,0.2555839717388153
2026_08_18_00_56_48_148319_L3_right_C1,L3,C1,2.0,0.1694548757406934,red,right,left,right,pick up the red block,5,pregrasp,80,96,16,0.7272727272727273,0.6274509803921569,4,8,0.3,0.7,8,0.2508526146411896,0.1872825175523758,0.1872825175523758,0.2508526146411896,0.06357009708881378,0.06357009708881378,0.5968225598335266,-0.08324765413999557,0.2555839717388153
2026_08_18_00_56_48_148319_L3_right_C1,L3,C1,2.0,0.1694548757406934,red,right,left,right,pick up the red block,5,pregrasp,80,96,16,0.7272727272727273,0.6274509803921569,5,8,0.3,0.7,8,0.32329317927360535,0.25286877155303955,0.25286877155303955,0.32329317927360535,0.0704244077205658,0.0704244077205658,0.5968225598335266,-0.08324765413999557,0.2555839717388153
2026_08_18_00_56_48_148319_L3_right_C1,L3,C1,2.0,0.1694548757406934,red,right,left,right,pick up the red block,5,pregrasp,80,96,16,0.7272727272727273,0.6274509803921569,6,8,0.3,0.7,8,0.2315405309200287,0.16908761858940125,0.16908761858940125,0.2315405309200287,0.06245291233062744,0.06245291233062744,0.5968225598335266,-0.08324765413999557,0.2555839717388153
2026_08_18_00_56_48_148319_L3_right_C1,L3,C1,2.0,0.1694548757406934,red,right,left,right,pick up the red block,5,pregrasp,80,96,16,0.7272727272727273,0.6274509803921569,7,8,0.3,0.7,8,0.2753676772117615,0.21048007905483246,0.21048007905483246,0.2753676772117615,0.06488759815692902,0.06488759815692902,0.5968225598335266,-0.08324765413999557,0.2555839717388153
2026_08_18_00_56_48_148319_L3_right_C1,L3,C1,2.0,0.1694548757406934,red,right,left,right,pick up the red block,5,pregrasp,80,96,16,0.7272727272727273,0.6274509803921569,8,8,0.3,0.7,8,0.37428098917007446,0.3091322183609009,0.3091322183609009,0.37428098917007446,0.06514877080917358,0.06514877080917358,0.5968225598335266,-0.08324765413999557,0.2555839717388153
2026_08_18_00_56_48_148319_L3_right_C1,L3,C1,2.0,0.1694548757406934,red,right,left,right,pick up the red block,5,pregrasp,80,96,16,0.7272727272727273,0.6274509803921569,9,8,0.3,0.7,8,0.27407950162887573,0.21566665172576904,0.21566665172576904,0.27407950162887573,0.05841284990310669,0.05841284990310669,0.5968225598335266,-0.08324765413999557,0.2555839717388153
2026_08_18_00_56_48_148319_L3_right_C1,L3,C1,2.0,0.1694548757406934,red,right,left,right,pick up the red block,6,pregrasp,96,112,16,0.8484848484848485,0.7320261437908496,0,8,0.3,0.7,8,0.31880924105644226,0.215856671333313,0.215856671333313,0.31880924105644226,0.10295256972312927,0.10295256972312927,0.6438053846359253,-0.05815053731203079,0.21081992983818054
2026_08_18_00_56_48_148319_L3_right_C1,L3,C1,2.0,0.1694548757406934,red,right,left,right,pick up the red block,6,pregrasp,96,112,16,0.8484848484848485,0.7320261437908496,1,8,0.3,0.7,8,0.28610530495643616,0.19644540548324585,0.19644540548324585,0.28610530495643616,0.08965989947319031,0.08965989947319031,0.6438053846359253,-0.05815053731203079,0.21081992983818054
2026_08_18_00_56_48_148319_L3_right_C1,L3,C1,2.0,0.1694548757406934,red,right,left,right,pick up the red block,6,pregrasp,96,112,16,0.8484848484848485,0.7320261437908496,2,8,0.3,0.7,8,0.2499474287033081,0.15987060964107513,0.15987060964107513,0.2499474287033081,0.09007681906223297,0.09007681906223297,0.6438053846359253,-0.05815053731203079,0.21081992983818054
2026_08_18_00_56_48_148319_L3_right_C1,L3,C1,2.0,0.1694548757406934,red,right,left,right,pick up the red block,6,pregrasp,96,112,16,0.8484848484848485,0.7320261437908496,3,8,0.3,0.7,8,0.30955904722213745,0.21607807278633118,0.21607807278633118,0.30955904722213745,0.09348097443580627,0.09348097443580627,0.6438053846359253,-0.05815053731203079,0.21081992983818054
2026_08_18_00_56_48_148319_L3_right_C1,L3,C1,2.0,0.1694548757406934,red,right,left,right,pick up the red block,6,pregrasp,96,112,16,0.8484848484848485,0.7320261437908496,4,8,0.3,0.7,8,0.41984009742736816,0.31378117203712463,0.31378117203712463,0.41984009742736816,0.10605892539024353,0.10605892539024353,0.6438053846359253,-0.05815053731203079,0.21081992983818054
2026_08_18_00_56_48_148319_L3_right_C1,L3,C1,2.0,0.1694548757406934,red,right,left,right,pick up the red block,6,pregrasp,96,112,16,0.8484848484848485,0.7320261437908496,5,8,0.3,0.7,8,0.39058905839920044,0.2850223779678345,0.2850223779678345,0.39058905839920044,0.10556668043136597,0.10556668043136597,0.6438053846359253,-0.05815053731203079,0.21081992983818054
2026_08_18_00_56_48_148319_L3_right_C1,L3,C1,2.0,0.1694548757406934,red,right,left,right,pick up the red block,6,pregrasp,96,112,16,0.8484848484848485,0.7320261437908496,6,8,0.3,0.7,8,0.239561527967453,0.15344280004501343,0.15344280004501343,0.239561527967453,0.08611872792243958,0.08611872792243958,0.6438053846359253,-0.05815053731203079,0.21081992983818054
2026_08_18_00_56_48_148319_L3_right_C1,L3,C1,2.0,0.1694548757406934,red,right,left,right,pick up the red block,6,pregrasp,96,112,16,0.8484848484848485,0.7320261437908496,7,8,0.3,0.7,8,0.3644959032535553,0.2666983902454376,0.2666983902454376,0.3644959032535553,0.09779751300811768,0.09779751300811768,0.6438053846359253,-0.05815053731203079,0.21081992983818054
2026_08_18_00_56_48_148319_L3_right_C1,L3,C1,2.0,0.1694548757406934,red,right,left,right,pick up the red block,6,pregrasp,96,112,16,0.8484848484848485,0.7320261437908496,8,8,0.3,0.7,8,0.3023337125778198,0.20992320775985718,0.20992320775985718,0.3023337125778198,0.09241050481796265,0.09241050481796265,0.6438053846359253,-0.05815053731203079,0.21081992983818054
2026_08_18_00_56_48_148319_L3_right_C1,L3,C1,2.0,0.1694548757406934,red,right,left,right,pick up the red block,6,pregrasp,96,112,16,0.8484848484848485,0.7320261437908496,9,8,0.3,0.7,8,0.45093727111816406,0.31270596385002136,0.31270596385002136,0.45093727111816406,0.1382313072681427,0.1382313072681427,0.6438053846359253,-0.05815053731203079,0.21081992983818054
2026_08_18_00_56_48_148319_L3_right_C1,L3,C1,2.0,0.1694548757406934,red,right,left,right,pick up the red block,7,pregrasp,112,128,16,0.9696969696969697,0.8366013071895425,0,8,0.3,0.7,8,0.22799091041088104,0.16428826749324799,0.16428826749324799,0.22799091041088104,0.06370264291763306,0.06370264291763306,0.6667342185974121,-0.04586562141776085,0.1894657015800476
2026_08_18_00_56_48_148319_L3_right_C1,L3,C1,2.0,0.1694548757406934,red,right,left,right,pick up the red block,7,pregrasp,112,128,16,0.9696969696969697,0.8366013071895425,1,8,0.3,0.7,8,0.3315903842449188,0.27918699383735657,0.27918699383735657,0.3315903842449188,0.052403390407562256,0.052403390407562256,0.6667342185974121,-0.04586562141776085,0.1894657015800476
2026_08_18_00_56_48_148319_L3_right_C1,L3,C1,2.0,0.1694548757406934,red,right,left,right,pick up the red block,7,pregrasp,112,128,16,0.9696969696969697,0.8366013071895425,2,8,0.3,0.7,8,0.22741349041461945,0.16473054885864258,0.16473054885864258,0.22741349041461945,0.06268294155597687,0.06268294155597687,0.6667342185974121,-0.04586562141776085,0.1894657015800476
2026_08_18_00_56_48_148319_L3_right_C1,L3,C1,2.0,0.1694548757406934,red,right,left,right,pick up the red block,7,pregrasp,112,128,16,0.9696969696969697,0.8366013071895425,3,8,0.3,0.7,8,0.292726993560791,0.21994107961654663,0.21994107961654663,0.292726993560791,0.07278591394424438,0.07278591394424438,0.6667342185974121,-0.04586562141776085,0.1894657015800476
2026_08_18_00_56_48_148319_L3_right_C1,L3,C1,2.0,0.1694548757406934,red,right,left,right,pick up the red block,7,pregrasp,112,128,16,0.9696969696969697,0.8366013071895425,4,8,0.3,0.7,8,0.23503266274929047,0.17432373762130737,0.17432373762130737,0.23503266274929047,0.06070892512798309,0.06070892512798309,0.6667342185974121,-0.04586562141776085,0.1894657015800476
2026_08_18_00_56_48_148319_L3_right_C1,L3,C1,2.0,0.1694548757406934,red,right,left,right,pick up the red block,7,pregrasp,112,128,16,0.9696969696969697,0.8366013071895425,5,8,0.3,0.7,8,0.19564351439476013,0.13409295678138733,0.13409295678138733,0.19564351439476013,0.0615505576133728,0.0615505576133728,0.6667342185974121,-0.04586562141776085,0.1894657015800476
2026_08_18_00_56_48_148319_L3_right_C1,L3,C1,2.0,0.1694548757406934,red,right,left,right,pick up the red block,7,pregrasp,112,128,16,0.9696969696969697,0.8366013071895425,6,8,0.3,0.7,8,0.17183633148670197,0.1143060028553009,0.1143060028553009,0.17183633148670197,0.05753032863140106,0.05753032863140106,0.6667342185974121,-0.04586562141776085,0.1894657015800476
2026_08_18_00_56_48_148319_L3_right_C1,L3,C1,2.0,0.1694548757406934,red,right,left,right,pick up the red block,7,pregrasp,112,128,16,0.9696969696969697,0.8366013071895425,7,8,0.3,0.7,8,0.17180579900741577,0.11377663165330887,0.11377663165330887,0.17180579900741577,0.0580291673541069,0.0580291673541069,0.6667342185974121,-0.04586562141776085,0.1894657015800476
2026_08_18_00_56_48_148319_L3_right_C1,L3,C1,2.0,0.1694548757406934,red,right,left,right,pick up the red block,7,pregrasp,112,128,16,0.9696969696969697,0.8366013071895425,8,8,0.3,0.7,8,0.2537730932235718,0.18146243691444397,0.18146243691444397,0.2537730932235718,0.07231065630912781,0.07231065630912781,0.6667342185974121,-0.04586562141776085,0.1894657015800476
2026_08_18_00_56_48_148319_L3_right_C1,L3,C1,2.0,0.1694548757406934,red,right,left,right,pick up the red block,7,pregrasp,112,128,16,0.9696969696969697,0.8366013071895425,9,8,0.3,0.7,8,0.27213579416275024,0.2071463167667389,0.2071463167667389,0.27213579416275024,0.06498947739601135,0.06498947739601135,0.6667342185974121,-0.04586562141776085,0.1894657015800476
2026_08_18_00_56_48_148319_L3_right_C1,L3,C1,2.0,0.1694548757406934,red,right,left,right,pick up the red block,8,pregrasp,128,132,4,1.0,0.8627450980392157,0,8,0.3,0.7,8,0.29639142751693726,0.21791523694992065,0.21791523694992065,0.29639142751693726,0.0784761905670166,0.0784761905670166,0.6667462587356567,-0.04585440456867218,0.18946917355060577
2026_08_18_00_56_48_148319_L3_right_C1,L3,C1,2.0,0.1694548757406934,red,right,left,right,pick up the red block,8,pregrasp,128,132,4,1.0,0.8627450980392157,1,8,0.3,0.7,8,0.33611345291137695,0.2621694505214691,0.2621694505214691,0.33611345291137695,0.07394400238990784,0.07394400238990784,0.6667462587356567,-0.04585440456867218,0.18946917355060577
2026_08_18_00_56_48_148319_L3_right_C1,L3,C1,2.0,0.1694548757406934,red,right,left,right,pick up the red block,8,pregrasp,128,132,4,1.0,0.8627450980392157,2,8,0.3,0.7,8,0.2643352150917053,0.18981465697288513,0.18981465697288513,0.2643352150917053,0.07452055811882019,0.07452055811882019,0.6667462587356567,-0.04585440456867218,0.18946917355060577
2026_08_18_00_56_48_148319_L3_right_C1,L3,C1,2.0,0.1694548757406934,red,right,left,right,pick up the red block,8,pregrasp,128,132,4,1.0,0.8627450980392157,3,8,0.3,0.7,8,0.2598075270652771,0.1990416944026947,0.1990416944026947,0.2598075270652771,0.0607658326625824,0.0607658326625824,0.6667462587356567,-0.04585440456867218,0.18946917355060577
2026_08_18_00_56_48_148319_L3_right_C1,L3,C1,2.0,0.1694548757406934,red,right,left,right,pick up the red block,8,pregrasp,128,132,4,1.0,0.8627450980392157,4,8,0.3,0.7,8,0.2287195771932602,0.17222844064235687,0.17222844064235687,0.2287195771932602,0.05649113655090332,0.05649113655090332,0.6667462587356567,-0.04585440456867218,0.18946917355060577
2026_08_18_00_56_48_148319_L3_right_C1,L3,C1,2.0,0.1694548757406934,red,right,left,right,pick up the red block,8,pregrasp,128,132,4,1.0,0.8627450980392157,5,8,0.3,0.7,8,0.35356855392456055,0.28887152671813965,0.28887152671813965,0.35356855392456055,0.0646970272064209,0.0646970272064209,0.6667462587356567,-0.04585440456867218,0.18946917355060577
2026_08_18_00_56_48_148319_L3_right_C1,L3,C1,2.0,0.1694548757406934,red,right,left,right,pick up the red block,8,pregrasp,128,132,4,1.0,0.8627450980392157,6,8,0.3,0.7,8,0.33756786584854126,0.2549547553062439,0.2549547553062439,0.33756786584854126,0.08261311054229736,0.08261311054229736,0.6667462587356567,-0.04585440456867218,0.18946917355060577
2026_08_18_00_56_48_148319_L3_right_C1,L3,C1,2.0,0.1694548757406934,red,right,left,right,pick up the red block,8,pregrasp,128,132,4,1.0,0.8627450980392157,7,8,0.3,0.7,8,0.30876028537750244,0.2325771152973175,0.2325771152973175,0.30876028537750244,0.07618317008018494,0.07618317008018494,0.6667462587356567,-0.04585440456867218,0.18946917355060577
2026_08_18_00_56_48_148319_L3_right_C1,L3,C1,2.0,0.1694548757406934,red,right,left,right,pick up the red block,8,pregrasp,128,132,4,1.0,0.8627450980392157,8,8,0.3,0.7,8,0.3891252279281616,0.3123228847980499,0.3123228847980499,0.3891252279281616,0.0768023431301117,0.0768023431301117,0.6667462587356567,-0.04585440456867218,0.18946917355060577
2026_08_18_00_56_48_148319_L3_right_C1,L3,C1,2.0,0.1694548757406934,red,right,left,right,pick up the red block,8,pregrasp,128,132,4,1.0,0.8627450980392157,9,8,0.3,0.7,8,0.387007474899292,0.30835962295532227,0.30835962295532227,0.387007474899292,0.07864785194396973,0.07864785194396973,0.6667462587356567,-0.04585440456867218,0.18946917355060577
2026_08_18_00_56_48_148319_L3_right_C1,L3,C1,2.0,0.1694548757406934,red,right,left,right,pick up the red block,9,postgrasp,132,148,16,1.0,0.9673202614379085,0,8,0.3,0.7,8,0.4045434892177582,0.44524362683296204,0.44524362683296204,0.4045434892177582,-0.04070013761520386,-0.04070013761520386,0.6672015190124512,-0.04580517113208771,0.1899423897266388
2026_08_18_00_56_48_148319_L3_right_C1,L3,C1,2.0,0.1694548757406934,red,right,left,right,pick up the red block,9,postgrasp,132,148,16,1.0,0.9673202614379085,1,8,0.3,0.7,8,0.4548455774784088,0.48944538831710815,0.48944538831710815,0.4548455774784088,-0.03459981083869934,-0.03459981083869934,0.6672015190124512,-0.04580517113208771,0.1899423897266388
2026_08_18_00_56_48_148319_L3_right_C1,L3,C1,2.0,0.1694548757406934,red,right,left,right,pick up the red block,9,postgrasp,132,148,16,1.0,0.9673202614379085,2,8,0.3,0.7,8,0.34756460785865784,0.3808344006538391,0.3808344006538391,0.34756460785865784,-0.033269792795181274,-0.033269792795181274,0.6672015190124512,-0.04580517113208771,0.1899423897266388
2026_08_18_00_56_48_148319_L3_right_C1,L3,C1,2.0,0.1694548757406934,red,right,left,right,pick up the red block,9,postgrasp,132,148,16,1.0,0.9673202614379085,3,8,0.3,0.7,8,0.36900123953819275,0.41075292229652405,0.41075292229652405,0.36900123953819275,-0.0417516827583313,-0.0417516827583313,0.6672015190124512,-0.04580517113208771,0.1899423897266388
2026_08_18_00_56_48_148319_L3_right_C1,L3,C1,2.0,0.1694548757406934,red,right,left,right,pick up the red block,9,postgrasp,132,148,16,1.0,0.9673202614379085,4,8,0.3,0.7,8,0.42305082082748413,0.433185875415802,0.433185875415802,0.42305082082748413,-0.010135054588317871,-0.010135054588317871,0.6672015190124512,-0.04580517113208771,0.1899423897266388
2026_08_18_00_56_48_148319_L3_right_C1,L3,C1,2.0,0.1694548757406934,red,right,left,right,pick up the red block,9,postgrasp,132,148,16,1.0,0.9673202614379085,5,8,0.3,0.7,8,0.4365491569042206,0.5395156741142273,0.5395156741142273,0.4365491569042206,-0.10296651721000671,-0.10296651721000671,0.6672015190124512,-0.04580517113208771,0.1899423897266388
2026_08_18_00_56_48_148319_L3_right_C1,L3,C1,2.0,0.1694548757406934,red,right,left,right,pick up the red block,9,postgrasp,132,148,16,1.0,0.9673202614379085,6,8,0.3,0.7,8,0.3502751886844635,0.36513522267341614,0.36513522267341614,0.3502751886844635,-0.014860033988952637,-0.014860033988952637,0.6672015190124512,-0.04580517113208771,0.1899423897266388
2026_08_18_00_56_48_148319_L3_right_C1,L3,C1,2.0,0.1694548757406934,red,right,left,right,pick up the red block,9,postgrasp,132,148,16,1.0,0.9673202614379085,7,8,0.3,0.7,8,0.34314557909965515,0.3887242078781128,0.3887242078781128,0.34314557909965515,-0.04557862877845764,-0.04557862877845764,0.6672015190124512,-0.04580517113208771,0.1899423897266388
2026_08_18_00_56_48_148319_L3_right_C1,L3,C1,2.0,0.1694548757406934,red,right,left,right,pick up the red block,9,postgrasp,132,148,16,1.0,0.9673202614379085,8,8,0.3,0.7,8,0.4126571714878082,0.434102326631546,0.434102326631546,0.4126571714878082,-0.021445155143737793,-0.021445155143737793,0.6672015190124512,-0.04580517113208771,0.1899423897266388
2026_08_18_00_56_48_148319_L3_right_C1,L3,C1,2.0,0.1694548757406934,red,right,left,right,pick up the red block,9,postgrasp,132,148,16,1.0,0.9673202614379085,9,8,0.3,0.7,8,0.37521806359291077,0.3990055024623871,0.3990055024623871,0.37521806359291077,-0.02378743886947632,-0.02378743886947632,0.6672015190124512,-0.04580517113208771,0.1899423897266388
2026_08_18_00_56_48_148319_L3_right_C1,L3,C1,2.0,0.1694548757406934,red,right,left,right,pick up the red block,10,postgrasp,148,153,5,1.0,1.0,0,8,0.3,0.7,8,0.2624889314174652,0.26757699251174927,0.26757699251174927,0.2624889314174652,-0.005088061094284058,-0.005088061094284058,0.6672032475471497,-0.04580697789788246,0.18994489312171936
2026_08_18_00_56_48_148319_L3_right_C1,L3,C1,2.0,0.1694548757406934,red,right,left,right,pick up the red block,10,postgrasp,148,153,5,1.0,1.0,1,8,0.3,0.7,8,0.3068683445453644,0.31410348415374756,0.31410348415374756,0.3068683445453644,-0.007235139608383179,-0.007235139608383179,0.6672032475471497,-0.04580697789788246,0.18994489312171936
2026_08_18_00_56_48_148319_L3_right_C1,L3,C1,2.0,0.1694548757406934,red,right,left,right,pick up the red block,10,postgrasp,148,153,5,1.0,1.0,2,8,0.3,0.7,8,0.3016278147697449,0.29624825716018677,0.29624825716018677,0.3016278147697449,0.0053795576095581055,0.0053795576095581055,0.6672032475471497,-0.04580697789788246,0.18994489312171936
2026_08_18_00_56_48_148319_L3_right_C1,L3,C1,2.0,0.1694548757406934,red,right,left,right,pick up the red block,10,postgrasp,148,153,5,1.0,1.0,3,8,0.3,0.7,8,0.30238279700279236,0.309673011302948,0.309673011302948,0.30238279700279236,-0.00729021430015564,-0.00729021430015564,0.6672032475471497,-0.04580697789788246,0.18994489312171936
2026_08_18_00_56_48_148319_L3_right_C1,L3,C1,2.0,0.1694548757406934,red,right,left,right,pick up the red block,10,postgrasp,148,153,5,1.0,1.0,4,8,0.3,0.7,8,0.2870217561721802,0.2914751470088959,0.2914751470088959,0.2870217561721802,-0.004453390836715698,-0.004453390836715698,0.6672032475471497,-0.04580697789788246,0.18994489312171936
2026_08_18_00_56_48_148319_L3_right_C1,L3,C1,2.0,0.1694548757406934,red,right,left,right,pick up the red block,10,postgrasp,148,153,5,1.0,1.0,5,8,0.3,0.7,8,0.39204898476600647,0.39446473121643066,0.39446473121643066,0.39204898476600647,-0.0024157464504241943,-0.0024157464504241943,0.6672032475471497,-0.04580697789788246,0.18994489312171936
2026_08_18_00_56_48_148319_L3_right_C1,L3,C1,2.0,0.1694548757406934,red,right,left,right,pick up the red block,10,postgrasp,148,153,5,1.0,1.0,6,8,0.3,0.7,8,0.18860825896263123,0.201537624001503,0.201537624001503,0.18860825896263123,-0.012929365038871765,-0.012929365038871765,0.6672032475471497,-0.04580697789788246,0.18994489312171936
2026_08_18_00_56_48_148319_L3_right_C1,L3,C1,2.0,0.1694548757406934,red,right,left,right,pick up the red block,10,postgrasp,148,153,5,1.0,1.0,7,8,0.3,0.7,8,0.26539960503578186,0.25414833426475525,0.25414833426475525,0.26539960503578186,0.011251270771026611,0.011251270771026611,0.6672032475471497,-0.04580697789788246,0.18994489312171936
2026_08_18_00_56_48_148319_L3_right_C1,L3,C1,2.0,0.1694548757406934,red,right,left,right,pick up the red block,10,postgrasp,148,153,5,1.0,1.0,8,8,0.3,0.7,8,0.3393208086490631,0.3545891344547272,0.3545891344547272,0.3393208086490631,-0.015268325805664062,-0.015268325805664062,0.6672032475471497,-0.04580697789788246,0.18994489312171936
2026_08_18_00_56_48_148319_L3_right_C1,L3,C1,2.0,0.1694548757406934,red,right,left,right,pick up the red block,10,postgrasp,148,153,5,1.0,1.0,9,8,0.3,0.7,8,0.30355218052864075,0.3323564827442169,0.3323564827442169,0.30355218052864075,-0.028804302215576172,-0.028804302215576172,0.6672032475471497,-0.04580697789788246,0.18994489312171936
2026_08_18_00_57_15_980084_L3_right_C2,L3,C2,4.0,0.3389097514813868,red,right,left,right,pick up the red block,0,pregrasp,0,16,16,0.10062893081761007,0.08888888888888889,0,8,0.3,0.7,8,0.349488228559494,0.2857058644294739,0.2857058644294739,0.349488228559494,0.06378236413002014,0.06378236413002014,0.36856311559677124,-0.029131418094038963,0.48457032442092896
2026_08_18_00_57_15_980084_L3_right_C2,L3,C2,4.0,0.3389097514813868,red,right,left,right,pick up the red block,0,pregrasp,0,16,16,0.10062893081761007,0.08888888888888889,1,8,0.3,0.7,8,0.40792471170425415,0.3932504653930664,0.3932504653930664,0.40792471170425415,0.014674246311187744,0.014674246311187744,0.36856311559677124,-0.029131418094038963,0.48457032442092896
2026_08_18_00_57_15_980084_L3_right_C2,L3,C2,4.0,0.3389097514813868,red,right,left,right,pick up the red block,0,pregrasp,0,16,16,0.10062893081761007,0.08888888888888889,2,8,0.3,0.7,8,0.34002554416656494,0.31306302547454834,0.31306302547454834,0.34002554416656494,0.0269625186920166,0.0269625186920166,0.36856311559677124,-0.029131418094038963,0.48457032442092896
2026_08_18_00_57_15_980084_L3_right_C2,L3,C2,4.0,0.3389097514813868,red,right,left,right,pick up the red block,0,pregrasp,0,16,16,0.10062893081761007,0.08888888888888889,3,8,0.3,0.7,8,0.3833514153957367,0.3103778660297394,0.3103778660297394,0.3833514153957367,0.07297354936599731,0.07297354936599731,0.36856311559677124,-0.029131418094038963,0.48457032442092896
2026_08_18_00_57_15_980084_L3_right_C2,L3,C2,4.0,0.3389097514813868,red,right,left,right,pick up the red block,0,pregrasp,0,16,16,0.10062893081761007,0.08888888888888889,4,8,0.3,0.7,8,0.4299808442592621,0.36887049674987793,0.36887049674987793,0.4299808442592621,0.061110347509384155,0.061110347509384155,0.36856311559677124,-0.029131418094038963,0.48457032442092896
2026_08_18_00_57_15_980084_L3_right_C2,L3,C2,4.0,0.3389097514813868,red,right,left,right,pick up the red block,0,pregrasp,0,16,16,0.10062893081761007,0.08888888888888889,5,8,0.3,0.7,8,0.27560293674468994,0.2507750689983368,0.2507750689983368,0.27560293674468994,0.02482786774635315,0.02482786774635315,0.36856311559677124,-0.029131418094038963,0.48457032442092896
2026_08_18_00_57_15_980084_L3_right_C2,L3,C2,4.0,0.3389097514813868,red,right,left,right,pick up the red block,0,pregrasp,0,16,16,0.10062893081761007,0.08888888888888889,6,8,0.3,0.7,8,0.3868549168109894,0.336580753326416,0.336580753326416,0.3868549168109894,0.050274163484573364,0.050274163484573364,0.36856311559677124,-0.029131418094038963,0.48457032442092896
2026_08_18_00_57_15_980084_L3_right_C2,L3,C2,4.0,0.3389097514813868,red,right,left,right,pick up the red block,0,pregrasp,0,16,16,0.10062893081761007,0.08888888888888889,7,8,0.3,0.7,8,0.40453171730041504,0.3346902132034302,0.3346902132034302,0.40453171730041504,0.06984150409698486,0.06984150409698486,0.36856311559677124,-0.029131418094038963,0.48457032442092896
2026_08_18_00_57_15_980084_L3_right_C2,L3,C2,4.0,0.3389097514813868,red,right,left,right,pick up the red block,0,pregrasp,0,16,16,0.10062893081761007,0.08888888888888889,8,8,0.3,0.7,8,0.389828085899353,0.34666624665260315,0.34666624665260315,0.389828085899353,0.04316183924674988,0.04316183924674988,0.36856311559677124,-0.029131418094038963,0.48457032442092896
2026_08_18_00_57_15_980084_L3_right_C2,L3,C2,4.0,0.3389097514813868,red,right,left,right,pick up the red block,0,pregrasp,0,16,16,0.10062893081761007,0.08888888888888889,9,8,0.3,0.7,8,0.3225927948951721,0.2970525026321411,0.2970525026321411,0.3225927948951721,0.025540292263031006,0.025540292263031006,0.36856311559677124,-0.029131418094038963,0.48457032442092896
2026_08_18_00_57_15_980084_L3_right_C2,L3,C2,4.0,0.3389097514813868,red,right,left,right,pick up the red block,1,pregrasp,16,32,16,0.20125786163522014,0.17777777777777778,0,8,0.3,0.7,8,0.20735770463943481,0.24820974469184875,0.24820974469184875,0.20735770463943481,-0.04085204005241394,-0.04085204005241394,0.38217678666114807,-0.09204631298780441,0.46017903089523315
2026_08_18_00_57_15_980084_L3_right_C2,L3,C2,4.0,0.3389097514813868,red,right,left,right,pick up the red block,1,pregrasp,16,32,16,0.20125786163522014,0.17777777777777778,1,8,0.3,0.7,8,0.3136351704597473,0.29338645935058594,0.29338645935058594,0.3136351704597473,0.020248711109161377,0.020248711109161377,0.38217678666114807,-0.09204631298780441,0.46017903089523315
2026_08_18_00_57_15_980084_L3_right_C2,L3,C2,4.0,0.3389097514813868,red,right,left,right,pick up the red block,1,pregrasp,16,32,16,0.20125786163522014,0.17777777777777778,2,8,0.3,0.7,8,0.24324725568294525,0.29118263721466064,0.29118263721466064,0.24324725568294525,-0.04793538153171539,-0.04793538153171539,0.38217678666114807,-0.09204631298780441,0.46017903089523315
2026_08_18_00_57_15_980084_L3_right_C2,L3,C2,4.0,0.3389097514813868,red,right,left,right,pick up the red block,1,pregrasp,16,32,16,0.20125786163522014,0.17777777777777778,3,8,0.3,0.7,8,0.3472040891647339,0.3619970977306366,0.3619970977306366,0.3472040891647339,-0.01479300856590271,-0.01479300856590271,0.38217678666114807,-0.09204631298780441,0.46017903089523315
2026_08_18_00_57_15_980084_L3_right_C2,L3,C2,4.0,0.3389097514813868,red,right,left,right,pick up the red block,1,pregrasp,16,32,16,0.20125786163522014,0.17777777777777778,4,8,0.3,0.7,8,0.13714170455932617,0.21624693274497986,0.21624693274497986,0.13714170455932617,-0.07910522818565369,-0.07910522818565369,0.38217678666114807,-0.09204631298780441,0.46017903089523315
2026_08_18_00_57_15_980084_L3_right_C2,L3,C2,4.0,0.3389097514813868,red,right,left,right,pick up the red block,1,pregrasp,16,32,16,0.20125786163522014,0.17777777777777778,5,8,0.3,0.7,8,0.27886685729026794,0.2674379348754883,0.2674379348754883,0.27886685729026794,0.011428922414779663,0.011428922414779663,0.38217678666114807,-0.09204631298780441,0.46017903089523315
2026_08_18_00_57_15_980084_L3_right_C2,L3,C2,4.0,0.3389097514813868,red,right,left,right,pick up the red block,1,pregrasp,16,32,16,0.20125786163522014,0.17777777777777778,6,8,0.3,0.7,8,0.2871802747249603,0.2702593505382538,0.2702593505382538,0.2871802747249603,0.016920924186706543,0.016920924186706543,0.38217678666114807,-0.09204631298780441,0.46017903089523315
2026_08_18_00_57_15_980084_L3_right_C2,L3,C2,4.0,0.3389097514813868,red,right,left,right,pick up the red block,1,pregrasp,16,32,16,0.20125786163522014,0.17777777777777778,7,8,0.3,0.7,8,0.2519105076789856,0.27120834589004517,0.27120834589004517,0.2519105076789856,-0.01929783821105957,-0.01929783821105957,0.38217678666114807,-0.09204631298780441,0.46017903089523315
2026_08_18_00_57_15_980084_L3_right_C2,L3,C2,4.0,0.3389097514813868,red,right,left,right,pick up the red block,1,pregrasp,16,32,16,0.20125786163522014,0.17777777777777778,8,8,0.3,0.7,8,0.32909122109413147,0.3359473645687103,0.3359473645687103,0.32909122109413147,-0.006856143474578857,-0.006856143474578857,0.38217678666114807,-0.09204631298780441,0.46017903089523315
2026_08_18_00_57_15_980084_L3_right_C2,L3,C2,4.0,0.3389097514813868,red,right,left,right,pick up the red block,1,pregrasp,16,32,16,0.20125786163522014,0.17777777777777778,9,8,0.3,0.7,8,0.2631774842739105,0.2905004322528839,0.2905004322528839,0.2631774842739105,-0.02732294797897339,-0.02732294797897339,0.38217678666114807,-0.09204631298780441,0.46017903089523315
2026_08_18_00_57_15_980084_L3_right_C2,L3,C2,4.0,0.3389097514813868,red,right,left,right,pick up the red block,2,pregrasp,32,48,16,0.3018867924528302,0.26666666666666666,0,8,0.3,0.7,8,0.25713491439819336,0.2460511028766632,0.2460511028766632,0.25713491439819336,0.011083811521530151,0.011083811521530151,0.4088888466358185,-0.15080730617046356,0.4350854158401489
2026_08_18_00_57_15_980084_L3_right_C2,L3,C2,4.0,0.3389097514813868,red,right,left,right,pick up the red block,2,pregrasp,32,48,16,0.3018867924528302,0.26666666666666666,1,8,0.3,0.7,8,0.23311692476272583,0.2179112434387207,0.2179112434387207,0.23311692476272583,0.015205681324005127,0.015205681324005127,0.4088888466358185,-0.15080730617046356,0.4350854158401489
2026_08_18_00_57_15_980084_L3_right_C2,L3,C2,4.0,0.3389097514813868,red,right,left,right,pick up the red block,2,pregrasp,32,48,16,0.3018867924528302,0.26666666666666666,2,8,0.3,0.7,8,0.29807010293006897,0.29617658257484436,0.29617658257484436,0.29807010293006897,0.0018935203552246094,0.0018935203552246094,0.4088888466358185,-0.15080730617046356,0.4350854158401489
2026_08_18_00_57_15_980084_L3_right_C2,L3,C2,4.0,0.3389097514813868,red,right,left,right,pick up the red block,2,pregrasp,32,48,16,0.3018867924528302,0.26666666666666666,3,8,0.3,0.7,8,0.24929887056350708,0.23043400049209595,0.23043400049209595,0.24929887056350708,0.018864870071411133,0.018864870071411133,0.4088888466358185,-0.15080730617046356,0.4350854158401489
2026_08_18_00_57_15_980084_L3_right_C2,L3,C2,4.0,0.3389097514813868,red,right,left,right,pick up the red block,2,pregrasp,32,48,16,0.3018867924528302,0.26666666666666666,4,8,0.3,0.7,8,0.2022395133972168,0.18981820344924927,0.18981820344924927,0.2022395133972168,0.01242130994796753,0.01242130994796753,0.4088888466358185,-0.15080730617046356,0.4350854158401489
2026_08_18_00_57_15_980084_L3_right_C2,L3,C2,4.0,0.3389097514813868,red,right,left,right,pick up the red block,2,pregrasp,32,48,16,0.3018867924528302,0.26666666666666666,5,8,0.3,0.7,8,0.21677367389202118,0.21743586659431458,0.21743586659431458,0.21677367389202118,-0.000662192702293396,-0.000662192702293396,0.4088888466358185,-0.15080730617046356,0.4350854158401489
2026_08_18_00_57_15_980084_L3_right_C2,L3,C2,4.0,0.3389097514813868,red,right,left,right,pick up the red block,2,pregrasp,32,48,16,0.3018867924528302,0.26666666666666666,6,8,0.3,0.7,8,0.2837464213371277,0.2575039267539978,0.2575039267539978,0.2837464213371277,0.026242494583129883,0.026242494583129883,0.4088888466358185,-0.15080730617046356,0.4350854158401489
2026_08_18_00_57_15_980084_L3_right_C2,L3,C2,4.0,0.3389097514813868,red,right,left,right,pick up the red block,2,pregrasp,32,48,16,0.3018867924528302,0.26666666666666666,7,8,0.3,0.7,8,0.20526927709579468,0.18963076174259186,0.18963076174259186,0.20526927709579468,0.01563851535320282,0.01563851535320282,0.4088888466358185,-0.15080730617046356,0.4350854158401489
2026_08_18_00_57_15_980084_L3_right_C2,L3,C2,4.0,0.3389097514813868,red,right,left,right,pick up the red block,2,pregrasp,32,48,16,0.3018867924528302,0.26666666666666666,8,8,0.3,0.7,8,0.32780295610427856,0.31007248163223267,0.31007248163223267,0.32780295610427856,0.0177304744720459,0.0177304744720459,0.4088888466358185,-0.15080730617046356,0.4350854158401489
2026_08_18_00_57_15_980084_L3_right_C2,L3,C2,4.0,0.3389097514813868,red,right,left,right,pick up the red block,2,pregrasp,32,48,16,0.3018867924528302,0.26666666666666666,9,8,0.3,0.7,8,0.22133927047252655,0.20563027262687683,0.20563027262687683,0.22133927047252655,0.01570899784564972,0.01570899784564972,0.4088888466358185,-0.15080730617046356,0.4350854158401489
2026_08_18_00_57_15_980084_L3_right_C2,L3,C2,4.0,0.3389097514813868,red,right,left,right,pick up the red block,3,pregrasp,48,64,16,0.4025157232704403,0.35555555555555557,0,8,0.3,0.7,8,0.3172874450683594,0.2800541818141937,0.2800541818141937,0.3172874450683594,0.03723326325416565,0.03723326325416565,0.4478550851345062,-0.19508390128612518,0.3982847034931183
2026_08_18_00_57_15_980084_L3_right_C2,L3,C2,4.0,0.3389097514813868,red,right,left,right,pick up the red block,3,pregrasp,48,64,16,0.4025157232704403,0.35555555555555557,1,8,0.3,0.7,8,0.24025118350982666,0.2051439881324768,0.2051439881324768,0.24025118350982666,0.035107195377349854,0.035107195377349854,0.4478550851345062,-0.19508390128612518,0.3982847034931183
2026_08_18_00_57_15_980084_L3_right_C2,L3,C2,4.0,0.3389097514813868,red,right,left,right,pick up the red block,3,pregrasp,48,64,16,0.4025157232704403,0.35555555555555557,2,8,0.3,0.7,8,0.1999853104352951,0.1674312949180603,0.1674312949180603,0.1999853104352951,0.0325540155172348,0.0325540155172348,0.4478550851345062,-0.19508390128612518,0.3982847034931183
2026_08_18_00_57_15_980084_L3_right_C2,L3,C2,4.0,0.3389097514813868,red,right,left,right,pick up the red block,3,pregrasp,48,64,16,0.4025157232704403,0.35555555555555557,3,8,0.3,0.7,8,0.3310304284095764,0.29182469844818115,0.29182469844818115,0.3310304284095764,0.039205729961395264,0.039205729961395264,0.4478550851345062,-0.19508390128612518,0.3982847034931183
2026_08_18_00_57_15_980084_L3_right_C2,L3,C2,4.0,0.3389097514813868,red,right,left,right,pick up the red block,3,pregrasp,48,64,16,0.4025157232704403,0.35555555555555557,4,8,0.3,0.7,8,0.2540546953678131,0.21222417056560516,0.21222417056560516,0.2540546953678131,0.04183052480220795,0.04183052480220795,0.4478550851345062,-0.19508390128612518,0.3982847034931183
2026_08_18_00_57_15_980084_L3_right_C2,L3,C2,4.0,0.3389097514813868,red,right,left,right,pick up the red block,3,pregrasp,48,64,16,0.4025157232704403,0.35555555555555557,5,8,0.3,0.7,8,0.2960576117038727,0.26384109258651733,0.26384109258651733,0.2960576117038727,0.03221651911735535,0.03221651911735535,0.4478550851345062,-0.19508390128612518,0.3982847034931183
2026_08_18_00_57_15_980084_L3_right_C2,L3,C2,4.0,0.3389097514813868,red,right,left,right,pick up the red block,3,pregrasp,48,64,16,0.4025157232704403,0.35555555555555557,6,8,0.3,0.7,8,0.31239378452301025,0.25722047686576843,0.25722047686576843,0.31239378452301025,0.05517330765724182,0.05517330765724182,0.4478550851345062,-0.19508390128612518,0.3982847034931183
2026_08_18_00_57_15_980084_L3_right_C2,L3,C2,4.0,0.3389097514813868,red,right,left,right,pick up the red block,3,pregrasp,48,64,16,0.4025157232704403,0.35555555555555557,7,8,0.3,0.7,8,0.21812057495117188,0.1907099485397339,0.1907099485397339,0.21812057495117188,0.02741062641143799,0.02741062641143799,0.4478550851345062,-0.19508390128612518,0.3982847034931183
2026_08_18_00_57_15_980084_L3_right_C2,L3,C2,4.0,0.3389097514813868,red,right,left,right,pick up the red block,3,pregrasp,48,64,16,0.4025157232704403,0.35555555555555557,8,8,0.3,0.7,8,0.20777727663516998,0.18118709325790405,0.18118709325790405,0.20777727663516998,0.02659018337726593,0.02659018337726593,0.4478550851345062,-0.19508390128612518,0.3982847034931183
2026_08_18_00_57_15_980084_L3_right_C2,L3,C2,4.0,0.3389097514813868,red,right,left,right,pick up the red block,3,pregrasp,48,64,16,0.4025157232704403,0.35555555555555557,9,8,0.3,0.7,8,0.25480300188064575,0.2230374813079834,0.2230374813079834,0.25480300188064575,0.031765520572662354,0.031765520572662354,0.4478550851345062,-0.19508390128612518,0.3982847034931183
2026_08_18_00_57_15_980084_L3_right_C2,L3,C2,4.0,0.3389097514813868,red,right,left,right,pick up the red block,4,pregrasp,64,80,16,0.5031446540880503,0.4444444444444444,0,8,0.3,0.7,8,0.26175838708877563,0.2247030884027481,0.2247030884027481,0.26175838708877563,0.03705529868602753,0.03705529868602753,0.49579840898513794,-0.20766711235046387,0.35103633999824524
2026_08_18_00_57_15_980084_L3_right_C2,L3,C2,4.0,0.3389097514813868,red,right,left,right,pick up the red block,4,pregrasp,64,80,16,0.5031446540880503,0.4444444444444444,1,8,0.3,0.7,8,0.32130134105682373,0.310564249753952,0.310564249753952,0.32130134105682373,0.010737091302871704,0.010737091302871704,0.49579840898513794,-0.20766711235046387,0.35103633999824524
2026_08_18_00_57_15_980084_L3_right_C2,L3,C2,4.0,0.3389097514813868,red,right,left,right,pick up the red block,4,pregrasp,64,80,16,0.5031446540880503,0.4444444444444444,2,8,0.3,0.7,8,0.2251046895980835,0.2075183093547821,0.2075183093547821,0.2251046895980835,0.01758638024330139,0.01758638024330139,0.49579840898513794,-0.20766711235046387,0.35103633999824524
2026_08_18_00_57_15_980084_L3_right_C2,L3,C2,4.0,0.3389097514813868,red,right,left,right,pick up the red block,4,pregrasp,64,80,16,0.5031446540880503,0.4444444444444444,3,8,0.3,0.7,8,0.21766085922718048,0.1847902238368988,0.1847902238368988,0.21766085922718048,0.03287063539028168,0.03287063539028168,0.49579840898513794,-0.20766711235046387,0.35103633999824524
2026_08_18_00_57_15_980084_L3_right_C2,L3,C2,4.0,0.3389097514813868,red,right,left,right,pick up the red block,4,pregrasp,64,80,16,0.5031446540880503,0.4444444444444444,4,8,0.3,0.7,8,0.24470052123069763,0.21953347325325012,0.21953347325325012,0.24470052123069763,0.02516704797744751,0.02516704797744751,0.49579840898513794,-0.20766711235046387,0.35103633999824524
2026_08_18_00_57_15_980084_L3_right_C2,L3,C2,4.0,0.3389097514813868,red,right,left,right,pick up the red block,4,pregrasp,64,80,16,0.5031446540880503,0.4444444444444444,5,8,0.3,0.7,8,0.31619811058044434,0.28045058250427246,0.28045058250427246,0.31619811058044434,0.035747528076171875,0.035747528076171875,0.49579840898513794,-0.20766711235046387,0.35103633999824524
2026_08_18_00_57_15_980084_L3_right_C2,L3,C2,4.0,0.3389097514813868,red,right,left,right,pick up the red block,4,pregrasp,64,80,16,0.5031446540880503,0.4444444444444444,6,8,0.3,0.7,8,0.2752476632595062,0.25788411498069763,0.25788411498069763,0.2752476632595062,0.017363548278808594,0.017363548278808594,0.49579840898513794,-0.20766711235046387,0.35103633999824524
2026_08_18_00_57_15_980084_L3_right_C2,L3,C2,4.0,0.3389097514813868,red,right,left,right,pick up the red block,4,pregrasp,64,80,16,0.5031446540880503,0.4444444444444444,7,8,0.3,0.7,8,0.19413475692272186,0.16463077068328857,0.16463077068328857,0.19413475692272186,0.02950398623943329,0.02950398623943329,0.49579840898513794,-0.20766711235046387,0.35103633999824524
2026_08_18_00_57_15_980084_L3_right_C2,L3,C2,4.0,0.3389097514813868,red,right,left,right,pick up the red block,4,pregrasp,64,80,16,0.5031446540880503,0.4444444444444444,8,8,0.3,0.7,8,0.2221938967704773,0.19905248284339905,0.19905248284339905,0.2221938967704773,0.023141413927078247,0.023141413927078247,0.49579840898513794,-0.20766711235046387,0.35103633999824524
2026_08_18_00_57_15_980084_L3_right_C2,L3,C2,4.0,0.3389097514813868,red,right,left,right,pick up the red block,4,pregrasp,64,80,16,0.5031446540880503,0.4444444444444444,9,8,0.3,0.7,8,0.3251277208328247,0.29795464873313904,0.29795464873313904,0.3251277208328247,0.02717307209968567,0.02717307209968567,0.49579840898513794,-0.20766711235046387,0.35103633999824524
2026_08_18_00_57_15_980084_L3_right_C2,L3,C2,4.0,0.3389097514813868,red,right,left,right,pick up the red block,5,pregrasp,80,96,16,0.6037735849056604,0.5333333333333333,0,8,0.3,0.7,8,0.24234113097190857,0.23567357659339905,0.23567357659339905,0.24234113097190857,0.0066675543785095215,0.0066675543785095215,0.5430783033370972,-0.18444696068763733,0.30657511949539185
2026_08_18_00_57_15_980084_L3_right_C2,L3,C2,4.0,0.3389097514813868,red,right,left,right,pick up the red block,5,pregrasp,80,96,16,0.6037735849056604,0.5333333333333333,1,8,0.3,0.7,8,0.29317864775657654,0.2881373167037964,0.2881373167037964,0.29317864775657654,0.005041331052780151,0.005041331052780151,0.5430783033370972,-0.18444696068763733,0.30657511949539185
2026_08_18_00_57_15_980084_L3_right_C2,L3,C2,4.0,0.3389097514813868,red,right,left,right,pick up the red block,5,pregrasp,80,96,16,0.6037735849056604,0.5333333333333333,2,8,0.3,0.7,8,0.383442223072052,0.3726266920566559,0.3726266920566559,0.383442223072052,0.010815531015396118,0.010815531015396118,0.5430783033370972,-0.18444696068763733,0.30657511949539185
2026_08_18_00_57_15_980084_L3_right_C2,L3,C2,4.0,0.3389097514813868,red,right,left,right,pick up the red block,5,pregrasp,80,96,16,0.6037735849056604,0.5333333333333333,3,8,0.3,0.7,8,0.33988603949546814,0.3308241665363312,0.3308241665363312,0.33988603949546814,0.009061872959136963,0.009061872959136963,0.5430783033370972,-0.18444696068763733,0.30657511949539185
2026_08_18_00_57_15_980084_L3_right_C2,L3,C2,4.0,0.3389097514813868,red,right,left,right,pick up the red block,5,pregrasp,80,96,16,0.6037735849056604,0.5333333333333333,4,8,0.3,0.7,8,0.23442399501800537,0.22887128591537476,0.22887128591537476,0.23442399501800537,0.005552709102630615,0.005552709102630615,0.5430783033370972,-0.18444696068763733,0.30657511949539185
2026_08_18_00_57_15_980084_L3_right_C2,L3,C2,4.0,0.3389097514813868,red,right,left,right,pick up the red block,5,pregrasp,80,96,16,0.6037735849056604,0.5333333333333333,5,8,0.3,0.7,8,0.3211297392845154,0.32355642318725586,0.32355642318725586,0.3211297392845154,-0.0024266839027404785,-0.0024266839027404785,0.5430783033370972,-0.18444696068763733,0.30657511949539185
2026_08_18_00_57_15_980084_L3_right_C2,L3,C2,4.0,0.3389097514813868,red,right,left,right,pick up the red block,5,pregrasp,80,96,16,0.6037735849056604,0.5333333333333333,6,8,0.3,0.7,8,0.25965654850006104,0.25930923223495483,0.25930923223495483,0.25965654850006104,0.00034731626510620117,0.00034731626510620117,0.5430783033370972,-0.18444696068763733,0.30657511949539185
2026_08_18_00_57_15_980084_L3_right_C2,L3,C2,4.0,0.3389097514813868,red,right,left,right,pick up the red block,5,pregrasp,80,96,16,0.6037735849056604,0.5333333333333333,7,8,0.3,0.7,8,0.40090394020080566,0.38869667053222656,0.38869667053222656,0.40090394020080566,0.012207269668579102,0.012207269668579102,0.5430783033370972,-0.18444696068763733,0.30657511949539185
2026_08_18_00_57_15_980084_L3_right_C2,L3,C2,4.0,0.3389097514813868,red,right,left,right,pick up the red block,5,pregrasp,80,96,16,0.6037735849056604,0.5333333333333333,8,8,0.3,0.7,8,0.40978479385375977,0.4053201377391815,0.4053201377391815,0.40978479385375977,0.004464656114578247,0.004464656114578247,0.5430783033370972,-0.18444696068763733,0.30657511949539185
2026_08_18_00_57_15_980084_L3_right_C2,L3,C2,4.0,0.3389097514813868,red,right,left,right,pick up the red block,5,pregrasp,80,96,16,0.6037735849056604,0.5333333333333333,9,8,0.3,0.7,8,0.29026105999946594,0.2830950915813446,0.2830950915813446,0.29026105999946594,0.007165968418121338,0.007165968418121338,0.5430783033370972,-0.18444696068763733,0.30657511949539185
2026_08_18_00_57_15_980084_L3_right_C2,L3,C2,4.0,0.3389097514813868,red,right,left,right,pick up the red block,6,pregrasp,96,112,16,0.7044025157232704,0.6222222222222222,0,8,0.3,0.7,8,0.25276026129722595,0.23097172379493713,0.23097172379493713,0.25276026129722595,0.02178853750228882,0.02178853750228882,0.5849815607070923,-0.14606572687625885,0.2667231857776642
2026_08_18_00_57_15_980084_L3_right_C2,L3,C2,4.0,0.3389097514813868,red,right,left,right,pick up the red block,6,pregrasp,96,112,16,0.7044025157232704,0.6222222222222222,1,8,0.3,0.7,8,0.2419133186340332,0.2247232049703598,0.2247232049703598,0.2419133186340332,0.0171901136636734,0.0171901136636734,0.5849815607070923,-0.14606572687625885,0.2667231857776642
2026_08_18_00_57_15_980084_L3_right_C2,L3,C2,4.0,0.3389097514813868,red,right,left,right,pick up the red block,6,pregrasp,96,112,16,0.7044025157232704,0.6222222222222222,2,8,0.3,0.7,8,0.27549058198928833,0.2525849938392639,0.2525849938392639,0.27549058198928833,0.022905588150024414,0.022905588150024414,0.5849815607070923,-0.14606572687625885,0.2667231857776642
2026_08_18_00_57_15_980084_L3_right_C2,L3,C2,4.0,0.3389097514813868,red,right,left,right,pick up the red block,6,pregrasp,96,112,16,0.7044025157232704,0.6222222222222222,3,8,0.3,0.7,8,0.40152138471603394,0.3597925305366516,0.3597925305366516,0.40152138471603394,0.041728854179382324,0.041728854179382324,0.5849815607070923,-0.14606572687625885,0.2667231857776642
2026_08_18_00_57_15_980084_L3_right_C2,L3,C2,4.0,0.3389097514813868,red,right,left,right,pick up the red block,6,pregrasp,96,112,16,0.7044025157232704,0.6222222222222222,4,8,0.3,0.7,8,0.41671231389045715,0.37921056151390076,0.37921056151390076,0.41671231389045715,0.037501752376556396,0.037501752376556396,0.5849815607070923,-0.14606572687625885,0.2667231857776642
2026_08_18_00_57_15_980084_L3_right_C2,L3,C2,4.0,0.3389097514813868,red,right,left,right,pick up the red block,6,pregrasp,96,112,16,0.7044025157232704,0.6222222222222222,5,8,0.3,0.7,8,0.2502875030040741,0.23240268230438232,0.23240268230438232,0.2502875030040741,0.017884820699691772,0.017884820699691772,0.5849815607070923,-0.14606572687625885,0.2667231857776642
2026_08_18_00_57_15_980084_L3_right_C2,L3,C2,4.0,0.3389097514813868,red,right,left,right,pick up the red block,6,pregrasp,96,112,16,0.7044025157232704,0.6222222222222222,6,8,0.3,0.7,8,0.3462350368499756,0.30981355905532837,0.30981355905532837,0.3462350368499756,0.03642147779464722,0.03642147779464722,0.5849815607070923,-0.14606572687625885,0.2667231857776642
2026_08_18_00_57_15_980084_L3_right_C2,L3,C2,4.0,0.3389097514813868,red,right,left,right,pick up the red block,6,pregrasp,96,112,16,0.7044025157232704,0.6222222222222222,7,8,0.3,0.7,8,0.40849804878234863,0.3608381748199463,0.3608381748199463,0.40849804878234863,0.047659873962402344,0.047659873962402344,0.5849815607070923,-0.14606572687625885,0.2667231857776642
2026_08_18_00_57_15_980084_L3_right_C2,L3,C2,4.0,0.3389097514813868,red,right,left,right,pick up the red block,6,pregrasp,96,112,16,0.7044025157232704,0.6222222222222222,8,8,0.3,0.7,8,0.27283141016960144,0.2421398162841797,0.2421398162841797,0.27283141016960144,0.030691593885421753,0.030691593885421753,0.5849815607070923,-0.14606572687625885,0.2667231857776642
2026_08_18_00_57_15_980084_L3_right_C2,L3,C2,4.0,0.3389097514813868,red,right,left,right,pick up the red block,6,pregrasp,96,112,16,0.7044025157232704,0.6222222222222222,9,8,0.3,0.7,8,0.48203229904174805,0.43855786323547363,0.43855786323547363,0.48203229904174805,0.043474435806274414,0.043474435806274414,0.5849815607070923,-0.14606572687625885,0.2667231857776642
2026_08_18_00_57_15_980084_L3_right_C2,L3,C2,4.0,0.3389097514813868,red,right,left,right,pick up the red block,7,pregrasp,112,128,16,0.8050314465408805,0.7111111111111111,0,8,0.3,0.7,8,0.27460697293281555,0.2489471286535263,0.2489471286535263,0.27460697293281555,0.025659844279289246,0.025659844279289246,0.6232466101646423,-0.10133560746908188,0.2302960604429245
2026_08_18_00_57_15_980084_L3_right_C2,L3,C2,4.0,0.3389097514813868,red,right,left,right,pick up the red block,7,pregrasp,112,128,16,0.8050314465408805,0.7111111111111111,1,8,0.3,0.7,8,0.3298904299736023,0.2853872776031494,0.2853872776031494,0.3298904299736023,0.04450315237045288,0.04450315237045288,0.6232466101646423,-0.10133560746908188,0.2302960604429245
2026_08_18_00_57_15_980084_L3_right_C2,L3,C2,4.0,0.3389097514813868,red,right,left,right,pick up the red block,7,pregrasp,112,128,16,0.8050314465408805,0.7111111111111111,2,8,0.3,0.7,8,0.4658074378967285,0.4055638015270233,0.4055638015270233,0.4658074378967285,0.0602436363697052,0.0602436363697052,0.6232466101646423,-0.10133560746908188,0.2302960604429245
2026_08_18_00_57_15_980084_L3_right_C2,L3,C2,4.0,0.3389097514813868,red,right,left,right,pick up the red block,7,pregrasp,112,128,16,0.8050314465408805,0.7111111111111111,3,8,0.3,0.7,8,0.40773582458496094,0.3539224863052368,0.3539224863052368,0.40773582458496094,0.05381333827972412,0.05381333827972412,0.6232466101646423,-0.10133560746908188,0.2302960604429245
2026_08_18_00_57_15_980084_L3_right_C2,L3,C2,4.0,0.3389097514813868,red,right,left,right,pick up the red block,7,pregrasp,112,128,16,0.8050314465408805,0.7111111111111111,4,8,0.3,0.7,8,0.30146151781082153,0.27636435627937317,0.27636435627937317,0.30146151781082153,0.025097161531448364,0.025097161531448364,0.6232466101646423,-0.10133560746908188,0.2302960604429245
2026_08_18_00_57_15_980084_L3_right_C2,L3,C2,4.0,0.3389097514813868,red,right,left,right,pick up the red block,7,pregrasp,112,128,16,0.8050314465408805,0.7111111111111111,5,8,0.3,0.7,8,0.2339339554309845,0.2170456498861313,0.2170456498861313,0.2339339554309845,0.01688830554485321,0.01688830554485321,0.6232466101646423,-0.10133560746908188,0.2302960604429245
2026_08_18_00_57_15_980084_L3_right_C2,L3,C2,4.0,0.3389097514813868,red,right,left,right,pick up the red block,7,pregrasp,112,128,16,0.8050314465408805,0.7111111111111111,6,8,0.3,0.7,8,0.35333961248397827,0.3191606402397156,0.3191606402397156,0.35333961248397827,0.034178972244262695,0.034178972244262695,0.6232466101646423,-0.10133560746908188,0.2302960604429245
2026_08_18_00_57_15_980084_L3_right_C2,L3,C2,4.0,0.3389097514813868,red,right,left,right,pick up the red block,7,pregrasp,112,128,16,0.8050314465408805,0.7111111111111111,7,8,0.3,0.7,8,0.3113614320755005,0.2836064100265503,0.2836064100265503,0.3113614320755005,0.027755022048950195,0.027755022048950195,0.6232466101646423,-0.10133560746908188,0.2302960604429245
2026_08_18_00_57_15_980084_L3_right_C2,L3,C2,4.0,0.3389097514813868,red,right,left,right,pick up the red block,7,pregrasp,112,128,16,0.8050314465408805,0.7111111111111111,8,8,0.3,0.7,8,0.37667593359947205,0.3330307900905609,0.3330307900905609,0.37667593359947205,0.04364514350891113,0.04364514350891113,0.6232466101646423,-0.10133560746908188,0.2302960604429245
2026_08_18_00_57_15_980084_L3_right_C2,L3,C2,4.0,0.3389097514813868,red,right,left,right,pick up the red block,7,pregrasp,112,128,16,0.8050314465408805,0.7111111111111111,9,8,0.3,0.7,8,0.31698232889175415,0.29152071475982666,0.29152071475982666,0.31698232889175415,0.02546161413192749,0.02546161413192749,0.6232466101646423,-0.10133560746908188,0.2302960604429245
2026_08_18_00_57_15_980084_L3_right_C2,L3,C2,4.0,0.3389097514813868,red,right,left,right,pick up the red block,8,pregrasp,128,144,16,0.9056603773584906,0.8,0,8,0.3,0.7,8,0.5113552808761597,0.4221400320529938,0.4221400320529938,0.5113552808761597,0.0892152488231659,0.0892152488231659,0.6598662734031677,-0.05292775109410286,0.19578838348388672
2026_08_18_00_57_15_980084_L3_right_C2,L3,C2,4.0,0.3389097514813868,red,right,left,right,pick up the red block,8,pregrasp,128,144,16,0.9056603773584906,0.8,1,8,0.3,0.7,8,0.49845579266548157,0.4114105701446533,0.4114105701446533,0.49845579266548157,0.08704522252082825,0.08704522252082825,0.6598662734031677,-0.05292775109410286,0.19578838348388672
2026_08_18_00_57_15_980084_L3_right_C2,L3,C2,4.0,0.3389097514813868,red,right,left,right,pick up the red block,8,pregrasp,128,144,16,0.9056603773584906,0.8,2,8,0.3,0.7,8,0.3330223560333252,0.27882057428359985,0.27882057428359985,0.3330223560333252,0.05420178174972534,0.05420178174972534,0.6598662734031677,-0.05292775109410286,0.19578838348388672
2026_08_18_00_57_15_980084_L3_right_C2,L3,C2,4.0,0.3389097514813868,red,right,left,right,pick up the red block,8,pregrasp,128,144,16,0.9056603773584906,0.8,3,8,0.3,0.7,8,0.42931270599365234,0.36185309290885925,0.36185309290885925,0.42931270599365234,0.06745961308479309,0.06745961308479309,0.6598662734031677,-0.05292775109410286,0.19578838348388672
2026_08_18_00_57_15_980084_L3_right_C2,L3,C2,4.0,0.3389097514813868,red,right,left,right,pick up the red block,8,pregrasp,128,144,16,0.9056603773584906,0.8,4,8,0.3,0.7,8,0.41232287883758545,0.356525182723999,0.356525182723999,0.41232287883758545,0.055797696113586426,0.055797696113586426,0.6598662734031677,-0.05292775109410286,0.19578838348388672
2026_08_18_00_57_15_980084_L3_right_C2,L3,C2,4.0,0.3389097514813868,red,right,left,right,pick up the red block,8,pregrasp,128,144,16,0.9056603773584906,0.8,5,8,0.3,0.7,8,0.44610142707824707,0.38044852018356323,0.38044852018356323,0.44610142707824707,0.06565290689468384,0.06565290689468384,0.6598662734031677,-0.05292775109410286,0.19578838348388672
2026_08_18_00_57_15_980084_L3_right_C2,L3,C2,4.0,0.3389097514813868,red,right,left,right,pick up the red block,8,pregrasp,128,144,16,0.9056603773584906,0.8,6,8,0.3,0.7,8,0.2983276844024658,0.2545035481452942,0.2545035481452942,0.2983276844024658,0.04382413625717163,0.04382413625717163,0.6598662734031677,-0.05292775109410286,0.19578838348388672
2026_08_18_00_57_15_980084_L3_right_C2,L3,C2,4.0,0.3389097514813868,red,right,left,right,pick up the red block,8,pregrasp,128,144,16,0.9056603773584906,0.8,7,8,0.3,0.7,8,0.4184434711933136,0.35629773139953613,0.35629773139953613,0.4184434711933136,0.062145739793777466,0.062145739793777466,0.6598662734031677,-0.05292775109410286,0.19578838348388672
2026_08_18_00_57_15_980084_L3_right_C2,L3,C2,4.0,0.3389097514813868,red,right,left,right,pick up the red block,8,pregrasp,128,144,16,0.9056603773584906,0.8,8,8,0.3,0.7,8,0.5451902747154236,0.472495973110199,0.472495973110199,0.5451902747154236,0.07269430160522461,0.07269430160522461,0.6598662734031677,-0.05292775109410286,0.19578838348388672
2026_08_18_00_57_15_980084_L3_right_C2,L3,C2,4.0,0.3389097514813868,red,right,left,right,pick up the red block,8,pregrasp,128,144,16,0.9056603773584906,0.8,9,8,0.3,0.7,8,0.39492273330688477,0.3536619544029236,0.3536619544029236,0.39492273330688477,0.04126077890396118,0.04126077890396118,0.6598662734031677,-0.05292775109410286,0.19578838348388672
2026_08_18_00_57_15_980084_L3_right_C2,L3,C2,4.0,0.3389097514813868,red,right,left,right,pick up the red block,9,pregrasp,144,159,15,1.0,0.8833333333333333,0,8,0.3,0.7,8,0.30837568640708923,0.25144055485725403,0.25144055485725403,0.30837568640708923,0.056935131549835205,0.056935131549835205,0.6664674282073975,-0.04600037634372711,0.18937386572360992
2026_08_18_00_57_15_980084_L3_right_C2,L3,C2,4.0,0.3389097514813868,red,right,left,right,pick up the red block,9,pregrasp,144,159,15,1.0,0.8833333333333333,1,8,0.3,0.7,8,0.32526037096977234,0.26311105489730835,0.26311105489730835,0.32526037096977234,0.06214931607246399,0.06214931607246399,0.6664674282073975,-0.04600037634372711,0.18937386572360992
2026_08_18_00_57_15_980084_L3_right_C2,L3,C2,4.0,0.3389097514813868,red,right,left,right,pick up the red block,9,pregrasp,144,159,15,1.0,0.8833333333333333,2,8,0.3,0.7,8,0.2815111577510834,0.23234602808952332,0.23234602808952332,0.2815111577510834,0.04916512966156006,0.04916512966156006,0.6664674282073975,-0.04600037634372711,0.18937386572360992
2026_08_18_00_57_15_980084_L3_right_C2,L3,C2,4.0,0.3389097514813868,red,right,left,right,pick up the red block,9,pregrasp,144,159,15,1.0,0.8833333333333333,3,8,0.3,0.7,8,0.3003643751144409,0.24935071170330048,0.24935071170330048,0.3003643751144409,0.05101366341114044,0.05101366341114044,0.6664674282073975,-0.04600037634372711,0.18937386572360992
2026_08_18_00_57_15_980084_L3_right_C2,L3,C2,4.0,0.3389097514813868,red,right,left,right,pick up the red block,9,pregrasp,144,159,15,1.0,0.8833333333333333,4,8,0.3,0.7,8,0.33867859840393066,0.27671894431114197,0.27671894431114197,0.33867859840393066,0.061959654092788696,0.061959654092788696,0.6664674282073975,-0.04600037634372711,0.18937386572360992
2026_08_18_00_57_15_980084_L3_right_C2,L3,C2,4.0,0.3389097514813868,red,right,left,right,pick up the red block,9,pregrasp,144,159,15,1.0,0.8833333333333333,5,8,0.3,0.7,8,0.4153456389904022,0.3485122323036194,0.3485122323036194,0.4153456389904022,0.06683340668678284,0.06683340668678284,0.6664674282073975,-0.04600037634372711,0.18937386572360992
2026_08_18_00_57_15_980084_L3_right_C2,L3,C2,4.0,0.3389097514813868,red,right,left,right,pick up the red block,9,pregrasp,144,159,15,1.0,0.8833333333333333,6,8,0.3,0.7,8,0.3942036032676697,0.33374157547950745,0.33374157547950745,0.3942036032676697,0.06046202778816223,0.06046202778816223,0.6664674282073975,-0.04600037634372711,0.18937386572360992
2026_08_18_00_57_15_980084_L3_right_C2,L3,C2,4.0,0.3389097514813868,red,right,left,right,pick up the red block,9,pregrasp,144,159,15,1.0,0.8833333333333333,7,8,0.3,0.7,8,0.4838036894798279,0.4148887097835541,0.4148887097835541,0.4838036894798279,0.0689149796962738,0.0689149796962738,0.6664674282073975,-0.04600037634372711,0.18937386572360992
2026_08_18_00_57_15_980084_L3_right_C2,L3,C2,4.0,0.3389097514813868,red,right,left,right,pick up the red block,9,pregrasp,144,159,15,1.0,0.8833333333333333,8,8,0.3,0.7,8,0.3195514976978302,0.27599450945854187,0.27599450945854187,0.3195514976978302,0.04355698823928833,0.04355698823928833,0.6664674282073975,-0.04600037634372711,0.18937386572360992
2026_08_18_00_57_15_980084_L3_right_C2,L3,C2,4.0,0.3389097514813868,red,right,left,right,pick up the red block,9,pregrasp,144,159,15,1.0,0.8833333333333333,9,8,0.3,0.7,8,0.34670814871788025,0.2921964228153229,0.2921964228153229,0.34670814871788025,0.05451172590255737,0.05451172590255737,0.6664674282073975,-0.04600037634372711,0.18937386572360992
2026_08_18_00_57_15_980084_L3_right_C2,L3,C2,4.0,0.3389097514813868,red,right,left,right,pick up the red block,10,postgrasp,159,175,16,1.0,0.9722222222222222,0,8,0.3,0.7,8,0.5479004979133606,0.5807269811630249,0.5807269811630249,0.5479004979133606,-0.03282648324966431,-0.03282648324966431,0.6669524908065796,-0.045971136540174484,0.18980810046195984
2026_08_18_00_57_15_980084_L3_right_C2,L3,C2,4.0,0.3389097514813868,red,right,left,right,pick up the red block,10,postgrasp,159,175,16,1.0,0.9722222222222222,1,8,0.3,0.7,8,0.4981354773044586,0.5233722925186157,0.5233722925186157,0.4981354773044586,-0.025236815214157104,-0.025236815214157104,0.6669524908065796,-0.045971136540174484,0.18980810046195984
2026_08_18_00_57_15_980084_L3_right_C2,L3,C2,4.0,0.3389097514813868,red,right,left,right,pick up the red block,10,postgrasp,159,175,16,1.0,0.9722222222222222,2,8,0.3,0.7,8,0.49706414341926575,0.49963289499282837,0.49963289499282837,0.49706414341926575,-0.002568751573562622,-0.002568751573562622,0.6669524908065796,-0.045971136540174484,0.18980810046195984
2026_08_18_00_57_15_980084_L3_right_C2,L3,C2,4.0,0.3389097514813868,red,right,left,right,pick up the red block,10,postgrasp,159,175,16,1.0,0.9722222222222222,3,8,0.3,0.7,8,0.4539293348789215,0.45149511098861694,0.45149511098861694,0.4539293348789215,0.0024342238903045654,0.0024342238903045654,0.6669524908065796,-0.045971136540174484,0.18980810046195984
2026_08_18_00_57_15_980084_L3_right_C2,L3,C2,4.0,0.3389097514813868,red,right,left,right,pick up the red block,10,postgrasp,159,175,16,1.0,0.9722222222222222,4,8,0.3,0.7,8,0.49808621406555176,0.5511898398399353,0.5511898398399353,0.49808621406555176,-0.053103625774383545,-0.053103625774383545,0.6669524908065796,-0.045971136540174484,0.18980810046195984
2026_08_18_00_57_15_980084_L3_right_C2,L3,C2,4.0,0.3389097514813868,red,right,left,right,pick up the red block,10,postgrasp,159,175,16,1.0,0.9722222222222222,5,8,0.3,0.7,8,0.4868379235267639,0.5198261737823486,0.5198261737823486,0.4868379235267639,-0.03298825025558472,-0.03298825025558472,0.6669524908065796,-0.045971136540174484,0.18980810046195984
2026_08_18_00_57_15_980084_L3_right_C2,L3,C2,4.0,0.3389097514813868,red,right,left,right,pick up the red block,10,postgrasp,159,175,16,1.0,0.9722222222222222,6,8,0.3,0.7,8,0.44254207611083984,0.4558972716331482,0.4558972716331482,0.44254207611083984,-0.01335519552230835,-0.01335519552230835,0.6669524908065796,-0.045971136540174484,0.18980810046195984
2026_08_18_00_57_15_980084_L3_right_C2,L3,C2,4.0,0.3389097514813868,red,right,left,right,pick up the red block,10,postgrasp,159,175,16,1.0,0.9722222222222222,7,8,0.3,0.7,8,0.4538777470588684,0.49582216143608093,0.49582216143608093,0.4538777470588684,-0.041944414377212524,-0.041944414377212524,0.6669524908065796,-0.045971136540174484,0.18980810046195984
2026_08_18_00_57_15_980084_L3_right_C2,L3,C2,4.0,0.3389097514813868,red,right,left,right,pick up the red block,10,postgrasp,159,175,16,1.0,0.9722222222222222,8,8,0.3,0.7,8,0.48261773586273193,0.5136875510215759,0.5136875510215759,0.48261773586273193,-0.031069815158843994,-0.031069815158843994,0.6669524908065796,-0.045971136540174484,0.18980810046195984
2026_08_18_00_57_15_980084_L3_right_C2,L3,C2,4.0,0.3389097514813868,red,right,left,right,pick up the red block,10,postgrasp,159,175,16,1.0,0.9722222222222222,9,8,0.3,0.7,8,0.43756723403930664,0.47413915395736694,0.47413915395736694,0.43756723403930664,-0.0365719199180603,-0.0365719199180603,0.6669524908065796,-0.045971136540174484,0.18980810046195984
2026_08_18_00_57_15_980084_L3_right_C2,L3,C2,4.0,0.3389097514813868,red,right,left,right,pick up the red block,11,postgrasp,175,180,5,1.0,1.0,0,8,0.3,0.7,8,0.38507792353630066,0.4148102402687073,0.4148102402687073,0.38507792353630066,-0.029732316732406616,-0.029732316732406616,0.6669564843177795,-0.045968689024448395,0.18980878591537476
2026_08_18_00_57_15_980084_L3_right_C2,L3,C2,4.0,0.3389097514813868,red,right,left,right,pick up the red block,11,postgrasp,175,180,5,1.0,1.0,1,8,0.3,0.7,8,0.37125733494758606,0.38828063011169434,0.38828063011169434,0.37125733494758606,-0.017023295164108276,-0.017023295164108276,0.6669564843177795,-0.045968689024448395,0.18980878591537476
2026_08_18_00_57_15_980084_L3_right_C2,L3,C2,4.0,0.3389097514813868,red,right,left,right,pick up the red block,11,postgrasp,175,180,5,1.0,1.0,2,8,0.3,0.7,8,0.3631512522697449,0.37788087129592896,0.37788087129592896,0.3631512522697449,-0.014729619026184082,-0.014729619026184082,0.6669564843177795,-0.045968689024448395,0.18980878591537476
2026_08_18_00_57_15_980084_L3_right_C2,L3,C2,4.0,0.3389097514813868,red,right,left,right,pick up the red block,11,postgrasp,175,180,5,1.0,1.0,3,8,0.3,0.7,8,0.5247458219528198,0.5396559834480286,0.5396559834480286,0.5247458219528198,-0.01491016149520874,-0.01491016149520874,0.6669564843177795,-0.045968689024448395,0.18980878591537476
2026_08_18_00_57_15_980084_L3_right_C2,L3,C2,4.0,0.3389097514813868,red,right,left,right,pick up the red block,11,postgrasp,175,180,5,1.0,1.0,4,8,0.3,0.7,8,0.5252599120140076,0.5623842477798462,0.5623842477798462,0.5252599120140076,-0.03712433576583862,-0.03712433576583862,0.6669564843177795,-0.045968689024448395,0.18980878591537476
2026_08_18_00_57_15_980084_L3_right_C2,L3,C2,4.0,0.3389097514813868,red,right,left,right,pick up the red block,11,postgrasp,175,180,5,1.0,1.0,5,8,0.3,0.7,8,0.4523687958717346,0.48686105012893677,0.48686105012893677,0.4523687958717346,-0.03449225425720215,-0.03449225425720215,0.6669564843177795,-0.045968689024448395,0.18980878591537476
2026_08_18_00_57_15_980084_L3_right_C2,L3,C2,4.0,0.3389097514813868,red,right,left,right,pick up the red block,11,postgrasp,175,180,5,1.0,1.0,6,8,0.3,0.7,8,0.4326755702495575,0.4607939124107361,0.4607939124107361,0.4326755702495575,-0.02811834216117859,-0.02811834216117859,0.6669564843177795,-0.045968689024448395,0.18980878591537476
2026_08_18_00_57_15_980084_L3_right_C2,L3,C2,4.0,0.3389097514813868,red,right,left,right,pick up the red block,11,postgrasp,175,180,5,1.0,1.0,7,8,0.3,0.7,8,0.4764356017112732,0.5136922597885132,0.5136922597885132,0.4764356017112732,-0.03725665807723999,-0.03725665807723999,0.6669564843177795,-0.045968689024448395,0.18980878591537476
2026_08_18_00_57_15_980084_L3_right_C2,L3,C2,4.0,0.3389097514813868,red,right,left,right,pick up the red block,11,postgrasp,175,180,5,1.0,1.0,8,8,0.3,0.7,8,0.41935768723487854,0.4440109431743622,0.4440109431743622,0.41935768723487854,-0.024653255939483643,-0.024653255939483643,0.6669564843177795,-0.045968689024448395,0.18980878591537476
2026_08_18_00_57_15_980084_L3_right_C2,L3,C2,4.0,0.3389097514813868,red,right,left,right,pick up the red block,11,postgrasp,175,180,5,1.0,1.0,9,8,0.3,0.7,8,0.42914751172065735,0.4612964987754822,0.4612964987754822,0.42914751172065735,-0.03214898705482483,-0.03214898705482483,0.6669564843177795,-0.045968689024448395,0.18980878591537476
2026_08_18_00_57_54_988496_L3_left_C0,L3,C0,0.0,0.0,blue,left,left,right,pick up the blue block,0,pregrasp,0,16,16,0.13333333333333333,0.11347517730496454,0,8,0.3,0.7,8,0.3667548894882202,0.2804691195487976,0.3667548894882202,0.2804691195487976,0.08628576993942261,-0.08628576993942261,0.3829444646835327,-0.0035502854734659195,0.46721431612968445
2026_08_18_00_57_54_988496_L3_left_C0,L3,C0,0.0,0.0,blue,left,left,right,pick up the blue block,0,pregrasp,0,16,16,0.13333333333333333,0.11347517730496454,1,8,0.3,0.7,8,0.4185277819633484,0.28019803762435913,0.4185277819633484,0.28019803762435913,0.13832974433898926,-0.13832974433898926,0.3829444646835327,-0.0035502854734659195,0.46721431612968445
2026_08_18_00_57_54_988496_L3_left_C0,L3,C0,0.0,0.0,blue,left,left,right,pick up the blue block,0,pregrasp,0,16,16,0.13333333333333333,0.11347517730496454,2,8,0.3,0.7,8,0.42323458194732666,0.24954067170619965,0.42323458194732666,0.24954067170619965,0.17369391024112701,-0.17369391024112701,0.3829444646835327,-0.0035502854734659195,0.46721431612968445
2026_08_18_00_57_54_988496_L3_left_C0,L3,C0,0.0,0.0,blue,left,left,right,pick up the blue block,0,pregrasp,0,16,16,0.13333333333333333,0.11347517730496454,3,8,0.3,0.7,8,0.42794570326805115,0.2849835157394409,0.42794570326805115,0.2849835157394409,0.14296218752861023,-0.14296218752861023,0.3829444646835327,-0.0035502854734659195,0.46721431612968445
2026_08_18_00_57_54_988496_L3_left_C0,L3,C0,0.0,0.0,blue,left,left,right,pick up the blue block,0,pregrasp,0,16,16,0.13333333333333333,0.11347517730496454,4,8,0.3,0.7,8,0.3536631166934967,0.2184584140777588,0.3536631166934967,0.2184584140777588,0.13520470261573792,-0.13520470261573792,0.3829444646835327,-0.0035502854734659195,0.46721431612968445
2026_08_18_00_57_54_988496_L3_left_C0,L3,C0,0.0,0.0,blue,left,left,right,pick up the blue block,0,pregrasp,0,16,16,0.13333333333333333,0.11347517730496454,5,8,0.3,0.7,8,0.40801018476486206,0.2464131861925125,0.40801018476486206,0.2464131861925125,0.16159699857234955,-0.16159699857234955,0.3829444646835327,-0.0035502854734659195,0.46721431612968445
2026_08_18_00_57_54_988496_L3_left_C0,L3,C0,0.0,0.0,blue,left,left,right,pick up the blue block,0,pregrasp,0,16,16,0.13333333333333333,0.11347517730496454,6,8,0.3,0.7,8,0.46521735191345215,0.2914949059486389,0.46521735191345215,0.2914949059486389,0.17372244596481323,-0.17372244596481323,0.3829444646835327,-0.0035502854734659195,0.46721431612968445
2026_08_18_00_57_54_988496_L3_left_C0,L3,C0,0.0,0.0,blue,left,left,right,pick up the blue block,0,pregrasp,0,16,16,0.13333333333333333,0.11347517730496454,7,8,0.3,0.7,8,0.4269024431705475,0.3003045618534088,0.4269024431705475,0.3003045618534088,0.12659788131713867,-0.12659788131713867,0.3829444646835327,-0.0035502854734659195,0.46721431612968445
2026_08_18_00_57_54_988496_L3_left_C0,L3,C0,0.0,0.0,blue,left,left,right,pick up the blue block,0,pregrasp,0,16,16,0.13333333333333333,0.11347517730496454,8,8,0.3,0.7,8,0.3330552875995636,0.2511766850948334,0.3330552875995636,0.2511766850948334,0.08187860250473022,-0.08187860250473022,0.3829444646835327,-0.0035502854734659195,0.46721431612968445
2026_08_18_00_57_54_988496_L3_left_C0,L3,C0,0.0,0.0,blue,left,left,right,pick up the blue block,0,pregrasp,0,16,16,0.13333333333333333,0.11347517730496454,9,8,0.3,0.7,8,0.36530929803848267,0.22067154943943024,0.36530929803848267,0.22067154943943024,0.14463774859905243,-0.14463774859905243,0.3829444646835327,-0.0035502854734659195,0.46721431612968445
2026_08_18_00_57_54_988496_L3_left_C0,L3,C0,0.0,0.0,blue,left,left,right,pick up the blue block,1,pregrasp,16,32,16,0.26666666666666666,0.22695035460992907,0,8,0.3,0.7,8,0.33789658546447754,0.24333456158638,0.33789658546447754,0.24333456158638,0.09456202387809753,-0.09456202387809753,0.4273664951324463,0.0029483188409358263,0.4148790240287781
2026_08_18_00_57_54_988496_L3_left_C0,L3,C0,0.0,0.0,blue,left,left,right,pick up the blue block,1,pregrasp,16,32,16,0.26666666666666666,0.22695035460992907,1,8,0.3,0.7,8,0.24703145027160645,0.15826767683029175,0.24703145027160645,0.15826767683029175,0.0887637734413147,-0.0887637734413147,0.4273664951324463,0.0029483188409358263,0.4148790240287781
2026_08_18_00_57_54_988496_L3_left_C0,L3,C0,0.0,0.0,blue,left,left,right,pick up the blue block,1,pregrasp,16,32,16,0.26666666666666666,0.22695035460992907,2,8,0.3,0.7,8,0.3525276184082031,0.25055283308029175,0.3525276184082031,0.25055283308029175,0.10197478532791138,-0.10197478532791138,0.4273664951324463,0.0029483188409358263,0.4148790240287781
2026_08_18_00_57_54_988496_L3_left_C0,L3,C0,0.0,0.0,blue,left,left,right,pick up the blue block,1,pregrasp,16,32,16,0.26666666666666666,0.22695035460992907,3,8,0.3,0.7,8,0.31023716926574707,0.23002395033836365,0.31023716926574707,0.23002395033836365,0.08021321892738342,-0.08021321892738342,0.4273664951324463,0.0029483188409358263,0.4148790240287781
2026_08_18_00_57_54_988496_L3_left_C0,L3,C0,0.0,0.0,blue,left,left,right,pick up the blue block,1,pregrasp,16,32,16,0.26666666666666666,0.22695035460992907,4,8,0.3,0.7,8,0.31670278310775757,0.2226780503988266,0.31670278310775757,0.2226780503988266,0.09402473270893097,-0.09402473270893097,0.4273664951324463,0.0029483188409358263,0.4148790240287781
2026_08_18_00_57_54_988496_L3_left_C0,L3,C0,0.0,0.0,blue,left,left,right,pick up the blue block,1,pregrasp,16,32,16,0.26666666666666666,0.22695035460992907,5,8,0.3,0.7,8,0.3584182858467102,0.2618899941444397,0.3584182858467102,0.2618899941444397,0.09652829170227051,-0.09652829170227051,0.4273664951324463,0.0029483188409358263,0.4148790240287781
2026_08_18_00_57_54_988496_L3_left_C0,L3,C0,0.0,0.0,blue,left,left,right,pick up the blue block,1,pregrasp,16,32,16,0.26666666666666666,0.22695035460992907,6,8,0.3,0.7,8,0.37875527143478394,0.2937743067741394,0.37875527143478394,0.2937743067741394,0.08498096466064453,-0.08498096466064453,0.4273664951324463,0.0029483188409358263,0.4148790240287781
2026_08_18_00_57_54_988496_L3_left_C0,L3,C0,0.0,0.0,blue,left,left,right,pick up the blue block,1,pregrasp,16,32,16,0.26666666666666666,0.22695035460992907,7,8,0.3,0.7,8,0.26807114481925964,0.187705397605896,0.26807114481925964,0.187705397605896,0.08036574721336365,-0.08036574721336365,0.4273664951324463,0.0029483188409358263,0.4148790240287781
2026_08_18_00_57_54_988496_L3_left_C0,L3,C0,0.0,0.0,blue,left,left,right,pick up the blue block,1,pregrasp,16,32,16,0.26666666666666666,0.22695035460992907,8,8,0.3,0.7,8,0.2954450845718384,0.2145913690328598,0.2954450845718384,0.2145913690328598,0.08085371553897858,-0.08085371553897858,0.4273664951324463,0.0029483188409358263,0.4148790240287781
2026_08_18_00_57_54_988496_L3_left_C0,L3,C0,0.0,0.0,blue,left,left,right,pick up the blue block,1,pregrasp,16,32,16,0.26666666666666666,0.22695035460992907,9,8,0.3,0.7,8,0.39319998025894165,0.2933286428451538,0.39319998025894165,0.2933286428451538,0.09987133741378784,-0.09987133741378784,0.4273664951324463,0.0029483188409358263,0.4148790240287781
2026_08_18_00_57_54_988496_L3_left_C0,L3,C0,0.0,0.0,blue,left,left,right,pick up the blue block,2,pregrasp,32,48,16,0.4,0.3404255319148936,0,8,0.3,0.7,8,0.3176235556602478,0.26477962732315063,0.3176235556602478,0.26477962732315063,0.05284392833709717,-0.05284392833709717,0.4775797128677368,0.01014313567429781,0.3675634562969208
2026_08_18_00_57_54_988496_L3_left_C0,L3,C0,0.0,0.0,blue,left,left,right,pick up the blue block,2,pregrasp,32,48,16,0.4,0.3404255319148936,1,8,0.3,0.7,8,0.34973111748695374,0.3154275417327881,0.34973111748695374,0.3154275417327881,0.03430357575416565,-0.03430357575416565,0.4775797128677368,0.01014313567429781,0.3675634562969208
2026_08_18_00_57_54_988496_L3_left_C0,L3,C0,0.0,0.0,blue,left,left,right,pick up the blue block,2,pregrasp,32,48,16,0.4,0.3404255319148936,2,8,0.3,0.7,8,0.3246033489704132,0.2856341302394867,0.3246033489704132,0.2856341302394867,0.038969218730926514,-0.038969218730926514,0.4775797128677368,0.01014313567429781,0.3675634562969208
2026_08_18_00_57_54_988496_L3_left_C0,L3,C0,0.0,0.0,blue,left,left,right,pick up the blue block,2,pregrasp,32,48,16,0.4,0.3404255319148936,3,8,0.3,0.7,8,0.34211504459381104,0.2795640230178833,0.34211504459381104,0.2795640230178833,0.06255102157592773,-0.06255102157592773,0.4775797128677368,0.01014313567429781,0.3675634562969208
2026_08_18_00_57_54_988496_L3_left_C0,L3,C0,0.0,0.0,blue,left,left,right,pick up the blue block,2,pregrasp,32,48,16,0.4,0.3404255319148936,4,8,0.3,0.7,8,0.2915376126766205,0.24448969960212708,0.2915376126766205,0.24448969960212708,0.04704791307449341,-0.04704791307449341,0.4775797128677368,0.01014313567429781,0.3675634562969208
2026_08_18_00_57_54_988496_L3_left_C0,L3,C0,0.0,0.0,blue,left,left,right,pick up the blue block,2,pregrasp,32,48,16,0.4,0.3404255319148936,5,8,0.3,0.7,8,0.44321250915527344,0.39271873235702515,0.44321250915527344,0.39271873235702515,0.05049377679824829,-0.05049377679824829,0.4775797128677368,0.01014313567429781,0.3675634562969208
2026_08_18_00_57_54_988496_L3_left_C0,L3,C0,0.0,0.0,blue,left,left,right,pick up the blue block,2,pregrasp,32,48,16,0.4,0.3404255319148936,6,8,0.3,0.7,8,0.23853197693824768,0.18879571557044983,0.23853197693824768,0.18879571557044983,0.04973626136779785,-0.04973626136779785,0.4775797128677368,0.01014313567429781,0.3675634562969208
2026_08_18_00_57_54_988496_L3_left_C0,L3,C0,0.0,0.0,blue,left,left,right,pick up the blue block,2,pregrasp,32,48,16,0.4,0.3404255319148936,7,8,0.3,0.7,8,0.2586730718612671,0.20176836848258972,0.2586730718612671,0.20176836848258972,0.05690470337867737,-0.05690470337867737,0.4775797128677368,0.01014313567429781,0.3675634562969208
2026_08_18_00_57_54_988496_L3_left_C0,L3,C0,0.0,0.0,blue,left,left,right,pick up the blue block,2,pregrasp,32,48,16,0.4,0.3404255319148936,8,8,0.3,0.7,8,0.18536005914211273,0.14278189837932587,0.18536005914211273,0.14278189837932587,0.042578160762786865,-0.042578160762786865,0.4775797128677368,0.01014313567429781,0.3675634562969208
2026_08_18_00_57_54_988496_L3_left_C0,L3,C0,0.0,0.0,blue,left,left,right,pick up the blue block,2,pregrasp,32,48,16,0.4,0.3404255319148936,9,8,0.3,0.7,8,0.30811741948127747,0.27378422021865845,0.30811741948127747,0.27378422021865845,0.03433319926261902,-0.03433319926261902,0.4775797128677368,0.01014313567429781,0.3675634562969208
2026_08_18_00_57_54_988496_L3_left_C0,L3,C0,0.0,0.0,blue,left,left,right,pick up the blue block,3,pregrasp,48,64,16,0.5333333333333333,0.45390070921985815,0,8,0.3,0.7,8,0.2690209448337555,0.23442921042442322,0.2690209448337555,0.23442921042442322,0.034591734409332275,-0.034591734409332275,0.5282652974128723,0.01727469079196453,0.3204830586910248
2026_08_18_00_57_54_988496_L3_left_C0,L3,C0,0.0,0.0,blue,left,left,right,pick up the blue block,3,pregrasp,48,64,16,0.5333333333333333,0.45390070921985815,1,8,0.3,0.7,8,0.2776775360107422,0.22172272205352783,0.2776775360107422,0.22172272205352783,0.055954813957214355,-0.055954813957214355,0.5282652974128723,0.01727469079196453,0.3204830586910248
2026_08_18_00_57_54_988496_L3_left_C0,L3,C0,0.0,0.0,blue,left,left,right,pick up the blue block,3,pregrasp,48,64,16,0.5333333333333333,0.45390070921985815,2,8,0.3,0.7,8,0.31051334738731384,0.2580113708972931,0.31051334738731384,0.2580113708972931,0.05250197649002075,-0.05250197649002075,0.5282652974128723,0.01727469079196453,0.3204830586910248
2026_08_18_00_57_54_988496_L3_left_C0,L3,C0,0.0,0.0,blue,left,left,right,pick up the blue block,3,pregrasp,48,64,16,0.5333333333333333,0.45390070921985815,3,8,0.3,0.7,8,0.25759559869766235,0.2101135551929474,0.25759559869766235,0.2101135551929474,0.047482043504714966,-0.047482043504714966,0.5282652974128723,0.01727469079196453,0.3204830586910248
2026_08_18_00_57_54_988496_L3_left_C0,L3,C0,0.0,0.0,blue,left,left,right,pick up the blue block,3,pregrasp,48,64,16,0.5333333333333333,0.45390070921985815,4,8,0.3,0.7,8,0.29861363768577576,0.2690696716308594,0.29861363768577576,0.2690696716308594,0.029543966054916382,-0.029543966054916382,0.5282652974128723,0.01727469079196453,0.3204830586910248
2026_08_18_00_57_54_988496_L3_left_C0,L3,C0,0.0,0.0,blue,left,left,right,pick up the blue block,3,pregrasp,48,64,16,0.5333333333333333,0.45390070921985815,5,8,0.3,0.7,8,0.3783108592033386,0.32421526312828064,0.3783108592033386,0.32421526312828064,0.05409559607505798,-0.05409559607505798,0.5282652974128723,0.01727469079196453,0.3204830586910248
2026_08_18_00_57_54_988496_L3_left_C0,L3,C0,0.0,0.0,blue,left,left,right,pick up the blue block,3,pregrasp,48,64,16,0.5333333333333333,0.45390070921985815,6,8,0.3,0.7,8,0.37771210074424744,0.3102976083755493,0.37771210074424744,0.3102976083755493,0.06741449236869812,-0.06741449236869812,0.5282652974128723,0.01727469079196453,0.3204830586910248
2026_08_18_00_57_54_988496_L3_left_C0,L3,C0,0.0,0.0,blue,left,left,right,pick up the blue block,3,pregrasp,48,64,16,0.5333333333333333,0.45390070921985815,7,8,0.3,0.7,8,0.39814433455467224,0.3402820825576782,0.39814433455467224,0.3402820825576782,0.05786225199699402,-0.05786225199699402,0.5282652974128723,0.01727469079196453,0.3204830586910248
2026_08_18_00_57_54_988496_L3_left_C0,L3,C0,0.0,0.0,blue,left,left,right,pick up the blue block,3,pregrasp,48,64,16,0.5333333333333333,0.45390070921985815,8,8,0.3,0.7,8,0.3051733076572418,0.26830893754959106,0.3051733076572418,0.26830893754959106,0.03686437010765076,-0.03686437010765076,0.5282652974128723,0.01727469079196453,0.3204830586910248
2026_08_18_00_57_54_988496_L3_left_C0,L3,C0,0.0,0.0,blue,left,left,right,pick up the blue block,3,pregrasp,48,64,16,0.5333333333333333,0.45390070921985815,9,8,0.3,0.7,8,0.3919030725955963,0.33216047286987305,0.3919030725955963,0.33216047286987305,0.05974259972572327,-0.05974259972572327,0.5282652974128723,0.01727469079196453,0.3204830586910248
2026_08_18_00_57_54_988496_L3_left_C0,L3,C0,0.0,0.0,blue,left,left,right,pick up the blue block,4,pregrasp,64,80,16,0.6666666666666666,0.5673758865248227,0,8,0.3,0.7,8,0.19533120095729828,0.1933942288160324,0.19533120095729828,0.1933942288160324,0.0019369721412658691,-0.0019369721412658691,0.5789127945899963,0.024755779653787613,0.2728748321533203
2026_08_18_00_57_54_988496_L3_left_C0,L3,C0,0.0,0.0,blue,left,left,right,pick up the blue block,4,pregrasp,64,80,16,0.6666666666666666,0.5673758865248227,1,8,0.3,0.7,8,0.20705923438072205,0.2077568769454956,0.20705923438072205,0.2077568769454956,-0.0006976425647735596,0.0006976425647735596,0.5789127945899963,0.024755779653787613,0.2728748321533203
2026_08_18_00_57_54_988496_L3_left_C0,L3,C0,0.0,0.0,blue,left,left,right,pick up the blue block,4,pregrasp,64,80,16,0.6666666666666666,0.5673758865248227,2,8,0.3,0.7,8,0.1711263358592987,0.18264293670654297,0.1711263358592987,0.18264293670654297,-0.011516600847244263,0.011516600847244263,0.5789127945899963,0.024755779653787613,0.2728748321533203
2026_08_18_00_57_54_988496_L3_left_C0,L3,C0,0.0,0.0,blue,left,left,right,pick up the blue block,4,pregrasp,64,80,16,0.6666666666666666,0.5673758865248227,3,8,0.3,0.7,8,0.20817652344703674,0.21198992431163788,0.20817652344703674,0.21198992431163788,-0.0038134008646011353,0.0038134008646011353,0.5789127945899963,0.024755779653787613,0.2728748321533203
2026_08_18_00_57_54_988496_L3_left_C0,L3,C0,0.0,0.0,blue,left,left,right,pick up the blue block,4,pregrasp,64,80,16,0.6666666666666666,0.5673758865248227,4,8,0.3,0.7,8,0.17212162911891937,0.17400407791137695,0.17212162911891937,0.17400407791137695,-0.0018824487924575806,0.0018824487924575806,0.5789127945899963,0.024755779653787613,0.2728748321533203
2026_08_18_00_57_54_988496_L3_left_C0,L3,C0,0.0,0.0,blue,left,left,right,pick up the blue block,4,pregrasp,64,80,16,0.6666666666666666,0.5673758865248227,5,8,0.3,0.7,8,0.26697754859924316,0.26435375213623047,0.26697754859924316,0.26435375213623047,0.0026237964630126953,-0.0026237964630126953,0.5789127945899963,0.024755779653787613,0.2728748321533203
2026_08_18_00_57_54_988496_L3_left_C0,L3,C0,0.0,0.0,blue,left,left,right,pick up the blue block,4,pregrasp,64,80,16,0.6666666666666666,0.5673758865248227,6,8,0.3,0.7,8,0.2073916643857956,0.20229026675224304,0.2073916643857956,0.20229026675224304,0.005101397633552551,-0.005101397633552551,0.5789127945899963,0.024755779653787613,0.2728748321533203
2026_08_18_00_57_54_988496_L3_left_C0,L3,C0,0.0,0.0,blue,left,left,right,pick up the blue block,4,pregrasp,64,80,16,0.6666666666666666,0.5673758865248227,7,8,0.3,0.7,8,0.2257760912179947,0.22804832458496094,0.2257760912179947,0.22804832458496094,-0.0022722333669662476,0.0022722333669662476,0.5789127945899963,0.024755779653787613,0.2728748321533203
2026_08_18_00_57_54_988496_L3_left_C0,L3,C0,0.0,0.0,blue,left,left,right,pick up the blue block,4,pregrasp,64,80,16,0.6666666666666666,0.5673758865248227,8,8,0.3,0.7,8,0.22432270646095276,0.22928445041179657,0.22432270646095276,0.22928445041179657,-0.004961743950843811,0.004961743950843811,0.5789127945899963,0.024755779653787613,0.2728748321533203
2026_08_18_00_57_54_988496_L3_left_C0,L3,C0,0.0,0.0,blue,left,left,right,pick up the blue block,4,pregrasp,64,80,16,0.6666666666666666,0.5673758865248227,9,8,0.3,0.7,8,0.1790890395641327,0.18548041582107544,0.1790890395641327,0.18548041582107544,-0.006391376256942749,0.006391376256942749,0.5789127945899963,0.024755779653787613,0.2728748321533203
2026_08_18_00_57_54_988496_L3_left_C0,L3,C0,0.0,0.0,blue,left,left,right,pick up the blue block,5,pregrasp,80,96,16,0.8,0.6808510638297872,0,8,0.3,0.7,8,0.2585827112197876,0.307320773601532,0.2585827112197876,0.307320773601532,-0.048738062381744385,0.048738062381744385,0.6295210123062134,0.03198641538619995,0.22446522116661072
2026_08_18_00_57_54_988496_L3_left_C0,L3,C0,0.0,0.0,blue,left,left,right,pick up the blue block,5,pregrasp,80,96,16,0.8,0.6808510638297872,1,8,0.3,0.7,8,0.20569835603237152,0.23714037239551544,0.20569835603237152,0.23714037239551544,-0.03144201636314392,0.03144201636314392,0.6295210123062134,0.03198641538619995,0.22446522116661072
2026_08_18_00_57_54_988496_L3_left_C0,L3,C0,0.0,0.0,blue,left,left,right,pick up the blue block,5,pregrasp,80,96,16,0.8,0.6808510638297872,2,8,0.3,0.7,8,0.26536980271339417,0.30756866931915283,0.26536980271339417,0.30756866931915283,-0.04219886660575867,0.04219886660575867,0.6295210123062134,0.03198641538619995,0.22446522116661072
2026_08_18_00_57_54_988496_L3_left_C0,L3,C0,0.0,0.0,blue,left,left,right,pick up the blue block,5,pregrasp,80,96,16,0.8,0.6808510638297872,3,8,0.3,0.7,8,0.32467859983444214,0.35955971479415894,0.32467859983444214,0.35955971479415894,-0.0348811149597168,0.0348811149597168,0.6295210123062134,0.03198641538619995,0.22446522116661072
2026_08_18_00_57_54_988496_L3_left_C0,L3,C0,0.0,0.0,blue,left,left,right,pick up the blue block,5,pregrasp,80,96,16,0.8,0.6808510638297872,4,8,0.3,0.7,8,0.20468497276306152,0.25617846846580505,0.20468497276306152,0.25617846846580505,-0.05149349570274353,0.05149349570274353,0.6295210123062134,0.03198641538619995,0.22446522116661072
2026_08_18_00_57_54_988496_L3_left_C0,L3,C0,0.0,0.0,blue,left,left,right,pick up the blue block,5,pregrasp,80,96,16,0.8,0.6808510638297872,5,8,0.3,0.7,8,0.23478646576404572,0.29960551857948303,0.23478646576404572,0.29960551857948303,-0.06481905281543732,0.06481905281543732,0.6295210123062134,0.03198641538619995,0.22446522116661072
2026_08_18_00_57_54_988496_L3_left_C0,L3,C0,0.0,0.0,blue,left,left,right,pick up the blue block,5,pregrasp,80,96,16,0.8,0.6808510638297872,6,8,0.3,0.7,8,0.18550905585289001,0.21324767172336578,0.18550905585289001,0.21324767172336578,-0.02773861587047577,0.02773861587047577,0.6295210123062134,0.03198641538619995,0.22446522116661072
2026_08_18_00_57_54_988496_L3_left_C0,L3,C0,0.0,0.0,blue,left,left,right,pick up the blue block,5,pregrasp,80,96,16,0.8,0.6808510638297872,7,8,0.3,0.7,8,0.23565411567687988,0.272097647190094,0.23565411567687988,0.272097647190094,-0.03644353151321411,0.03644353151321411,0.6295210123062134,0.03198641538619995,0.22446522116661072
2026_08_18_00_57_54_988496_L3_left_C0,L3,C0,0.0,0.0,blue,left,left,right,pick up the blue block,5,pregrasp,80,96,16,0.8,0.6808510638297872,8,8,0.3,0.7,8,0.21256835758686066,0.25572818517684937,0.21256835758686066,0.25572818517684937,-0.04315982758998871,0.04315982758998871,0.6295210123062134,0.03198641538619995,0.22446522116661072
2026_08_18_00_57_54_988496_L3_left_C0,L3,C0,0.0,0.0,blue,left,left,right,pick up the blue block,5,pregrasp,80,96,16,0.8,0.6808510638297872,9,8,0.3,0.7,8,0.15952220559120178,0.2069391906261444,0.15952220559120178,0.2069391906261444,-0.04741698503494263,0.04741698503494263,0.6295210123062134,0.03198641538619995,0.22446522116661072
2026_08_18_00_57_54_988496_L3_left_C0,L3,C0,0.0,0.0,blue,left,left,right,pick up the blue block,6,pregrasp,96,112,16,0.9333333333333333,0.7943262411347518,0,8,0.3,0.7,8,0.23805633187294006,0.23478251695632935,0.23805633187294006,0.23478251695632935,0.0032738149166107178,-0.0032738149166107178,0.6668782234191895,0.037552498281002045,0.18876583874225616
2026_08_18_00_57_54_988496_L3_left_C0,L3,C0,0.0,0.0,blue,left,left,right,pick up the blue block,6,pregrasp,96,112,16,0.9333333333333333,0.7943262411347518,1,8,0.3,0.7,8,0.1684093177318573,0.1550387144088745,0.1684093177318573,0.1550387144088745,0.013370603322982788,-0.013370603322982788,0.6668782234191895,0.037552498281002045,0.18876583874225616
2026_08_18_00_57_54_988496_L3_left_C0,L3,C0,0.0,0.0,blue,left,left,right,pick up the blue block,6,pregrasp,96,112,16,0.9333333333333333,0.7943262411347518,2,8,0.3,0.7,8,0.11300200968980789,0.11801263689994812,0.11300200968980789,0.11801263689994812,-0.005010627210140228,0.005010627210140228,0.6668782234191895,0.037552498281002045,0.18876583874225616
2026_08_18_00_57_54_988496_L3_left_C0,L3,C0,0.0,0.0,blue,left,left,right,pick up the blue block,6,pregrasp,96,112,16,0.9333333333333333,0.7943262411347518,3,8,0.3,0.7,8,0.21890030801296234,0.2210083305835724,0.21890030801296234,0.2210083305835724,-0.0021080225706100464,0.0021080225706100464,0.6668782234191895,0.037552498281002045,0.18876583874225616
2026_08_18_00_57_54_988496_L3_left_C0,L3,C0,0.0,0.0,blue,left,left,right,pick up the blue block,6,pregrasp,96,112,16,0.9333333333333333,0.7943262411347518,4,8,0.3,0.7,8,0.1930413395166397,0.19788916409015656,0.1930413395166397,0.19788916409015656,-0.004847824573516846,0.004847824573516846,0.6668782234191895,0.037552498281002045,0.18876583874225616
2026_08_18_00_57_54_988496_L3_left_C0,L3,C0,0.0,0.0,blue,left,left,right,pick up the blue block,6,pregrasp,96,112,16,0.9333333333333333,0.7943262411347518,5,8,0.3,0.7,8,0.13526220619678497,0.12819251418113708,0.13526220619678497,0.12819251418113708,0.007069692015647888,-0.007069692015647888,0.6668782234191895,0.037552498281002045,0.18876583874225616
2026_08_18_00_57_54_988496_L3_left_C0,L3,C0,0.0,0.0,blue,left,left,right,pick up the blue block,6,pregrasp,96,112,16,0.9333333333333333,0.7943262411347518,6,8,0.3,0.7,8,0.25522691011428833,0.2559930682182312,0.25522691011428833,0.2559930682182312,-0.0007661581039428711,0.0007661581039428711,0.6668782234191895,0.037552498281002045,0.18876583874225616
2026_08_18_00_57_54_988496_L3_left_C0,L3,C0,0.0,0.0,blue,left,left,right,pick up the blue block,6,pregrasp,96,112,16,0.9333333333333333,0.7943262411347518,7,8,0.3,0.7,8,0.19497698545455933,0.1825534850358963,0.19497698545455933,0.1825534850358963,0.012423500418663025,-0.012423500418663025,0.6668782234191895,0.037552498281002045,0.18876583874225616
2026_08_18_00_57_54_988496_L3_left_C0,L3,C0,0.0,0.0,blue,left,left,right,pick up the blue block,6,pregrasp,96,112,16,0.9333333333333333,0.7943262411347518,8,8,0.3,0.7,8,0.21783368289470673,0.21165983378887177,0.21783368289470673,0.21165983378887177,0.006173849105834961,-0.006173849105834961,0.6668782234191895,0.037552498281002045,0.18876583874225616
2026_08_18_00_57_54_988496_L3_left_C0,L3,C0,0.0,0.0,blue,left,left,right,pick up the blue block,6,pregrasp,96,112,16,0.9333333333333333,0.7943262411347518,9,8,0.3,0.7,8,0.28740814328193665,0.2694125473499298,0.28740814328193665,0.2694125473499298,0.017995595932006836,-0.017995595932006836,0.6668782234191895,0.037552498281002045,0.18876583874225616
2026_08_18_00_57_54_988496_L3_left_C0,L3,C0,0.0,0.0,blue,left,left,right,pick up the blue block,7,pregrasp,112,120,8,1.0,0.851063829787234,0,8,0.3,0.7,8,0.19494007527828217,0.2643570899963379,0.19494007527828217,0.2643570899963379,-0.06941701471805573,0.06941701471805573,0.667176365852356,0.037615761160850525,0.1888580471277237
2026_08_18_00_57_54_988496_L3_left_C0,L3,C0,0.0,0.0,blue,left,left,right,pick up the blue block,7,pregrasp,112,120,8,1.0,0.851063829787234,1,8,0.3,0.7,8,0.20866912603378296,0.2478141337633133,0.20866912603378296,0.2478141337633133,-0.039145007729530334,0.039145007729530334,0.667176365852356,0.037615761160850525,0.1888580471277237
2026_08_18_00_57_54_988496_L3_left_C0,L3,C0,0.0,0.0,blue,left,left,right,pick up the blue block,7,pregrasp,112,120,8,1.0,0.851063829787234,2,8,0.3,0.7,8,0.21320316195487976,0.2682246267795563,0.21320316195487976,0.2682246267795563,-0.055021464824676514,0.055021464824676514,0.667176365852356,0.037615761160850525,0.1888580471277237
2026_08_18_00_57_54_988496_L3_left_C0,L3,C0,0.0,0.0,blue,left,left,right,pick up the blue block,7,pregrasp,112,120,8,1.0,0.851063829787234,3,8,0.3,0.7,8,0.09792885184288025,0.14747166633605957,0.09792885184288025,0.14747166633605957,-0.04954281449317932,0.04954281449317932,0.667176365852356,0.037615761160850525,0.1888580471277237
2026_08_18_00_57_54_988496_L3_left_C0,L3,C0,0.0,0.0,blue,left,left,right,pick up the blue block,7,pregrasp,112,120,8,1.0,0.851063829787234,4,8,0.3,0.7,8,0.21896801888942719,0.2507612407207489,0.21896801888942719,0.2507612407207489,-0.031793221831321716,0.031793221831321716,0.667176365852356,0.037615761160850525,0.1888580471277237
2026_08_18_00_57_54_988496_L3_left_C0,L3,C0,0.0,0.0,blue,left,left,right,pick up the blue block,7,pregrasp,112,120,8,1.0,0.851063829787234,5,8,0.3,0.7,8,0.26743361353874207,0.2531123757362366,0.26743361353874207,0.2531123757362366,0.014321237802505493,-0.014321237802505493,0.667176365852356,0.037615761160850525,0.1888580471277237
2026_08_18_00_57_54_988496_L3_left_C0,L3,C0,0.0,0.0,blue,left,left,right,pick up the blue block,7,pregrasp,112,120,8,1.0,0.851063829787234,6,8,0.3,0.7,8,0.14645187556743622,0.20486772060394287,0.14645187556743622,0.20486772060394287,-0.05841584503650665,0.05841584503650665,0.667176365852356,0.037615761160850525,0.1888580471277237
2026_08_18_00_57_54_988496_L3_left_C0,L3,C0,0.0,0.0,blue,left,left,right,pick up the blue block,7,pregrasp,112,120,8,1.0,0.851063829787234,7,8,0.3,0.7,8,0.2934405505657196,0.32118475437164307,0.2934405505657196,0.32118475437164307,-0.027744203805923462,0.027744203805923462,0.667176365852356,0.037615761160850525,0.1888580471277237
2026_08_18_00_57_54_988496_L3_left_C0,L3,C0,0.0,0.0,blue,left,left,right,pick up the blue block,7,pregrasp,112,120,8,1.0,0.851063829787234,8,8,0.3,0.7,8,0.18326444923877716,0.20898838341236115,0.18326444923877716,0.20898838341236115,-0.025723934173583984,0.025723934173583984,0.667176365852356,0.037615761160850525,0.1888580471277237
2026_08_18_00_57_54_988496_L3_left_C0,L3,C0,0.0,0.0,blue,left,left,right,pick up the blue block,7,pregrasp,112,120,8,1.0,0.851063829787234,9,8,0.3,0.7,8,0.2011355459690094,0.2339932918548584,0.2011355459690094,0.2339932918548584,-0.032857745885849,0.032857745885849,0.667176365852356,0.037615761160850525,0.1888580471277237
2026_08_18_00_57_54_988496_L3_left_C0,L3,C0,0.0,0.0,blue,left,left,right,pick up the blue block,8,postgrasp,120,136,16,1.0,0.9645390070921985,0,8,0.3,0.7,8,0.3807147741317749,0.4058099389076233,0.3807147741317749,0.4058099389076233,-0.02509516477584839,0.02509516477584839,0.6676241159439087,0.03769762068986893,0.1890762895345688
2026_08_18_00_57_54_988496_L3_left_C0,L3,C0,0.0,0.0,blue,left,left,right,pick up the blue block,8,postgrasp,120,136,16,1.0,0.9645390070921985,1,8,0.3,0.7,8,0.29591476917266846,0.3290719985961914,0.29591476917266846,0.3290719985961914,-0.03315722942352295,0.03315722942352295,0.6676241159439087,0.03769762068986893,0.1890762895345688
2026_08_18_00_57_54_988496_L3_left_C0,L3,C0,0.0,0.0,blue,left,left,right,pick up the blue block,8,postgrasp,120,136,16,1.0,0.9645390070921985,2,8,0.3,0.7,8,0.25031203031539917,0.28476256132125854,0.25031203031539917,0.28476256132125854,-0.034450531005859375,0.034450531005859375,0.6676241159439087,0.03769762068986893,0.1890762895345688
2026_08_18_00_57_54_988496_L3_left_C0,L3,C0,0.0,0.0,blue,left,left,right,pick up the blue block,8,postgrasp,120,136,16,1.0,0.9645390070921985,3,8,0.3,0.7,8,0.31851905584335327,0.3570387363433838,0.31851905584335327,0.3570387363433838,-0.03851968050003052,0.03851968050003052,0.6676241159439087,0.03769762068986893,0.1890762895345688
2026_08_18_00_57_54_988496_L3_left_C0,L3,C0,0.0,0.0,blue,left,left,right,pick up the blue block,8,postgrasp,120,136,16,1.0,0.9645390070921985,4,8,0.3,0.7,8,0.2787178158760071,0.28341788053512573,0.2787178158760071,0.28341788053512573,-0.004700064659118652,0.004700064659118652,0.6676241159439087,0.03769762068986893,0.1890762895345688
2026_08_18_00_57_54_988496_L3_left_C0,L3,C0,0.0,0.0,blue,left,left,right,pick up the blue block,8,postgrasp,120,136,16,1.0,0.9645390070921985,5,8,0.3,0.7,8,0.3185349106788635,0.33076605200767517,0.3185349106788635,0.33076605200767517,-0.012231141328811646,0.012231141328811646,0.6676241159439087,0.03769762068986893,0.1890762895345688
2026_08_18_00_57_54_988496_L3_left_C0,L3,C0,0.0,0.0,blue,left,left,right,pick up the blue block,8,postgrasp,120,136,16,1.0,0.9645390070921985,6,8,0.3,0.7,8,0.32452526688575745,0.36495599150657654,0.32452526688575745,0.36495599150657654,-0.04043072462081909,0.04043072462081909,0.6676241159439087,0.03769762068986893,0.1890762895345688
2026_08_18_00_57_54_988496_L3_left_C0,L3,C0,0.0,0.0,blue,left,left,right,pick up the blue block,8,postgrasp,120,136,16,1.0,0.9645390070921985,7,8,0.3,0.7,8,0.25086599588394165,0.2941140830516815,0.25086599588394165,0.2941140830516815,-0.04324808716773987,0.04324808716773987,0.6676241159439087,0.03769762068986893,0.1890762895345688
2026_08_18_00_57_54_988496_L3_left_C0,L3,C0,0.0,0.0,blue,left,left,right,pick up the blue block,8,postgrasp,120,136,16,1.0,0.9645390070921985,8,8,0.3,0.7,8,0.3616105914115906,0.38389018177986145,0.3616105914115906,0.38389018177986145,-0.022279590368270874,0.022279590368270874,0.6676241159439087,0.03769762068986893,0.1890762895345688
2026_08_18_00_57_54_988496_L3_left_C0,L3,C0,0.0,0.0,blue,left,left,right,pick up the blue block,8,postgrasp,120,136,16,1.0,0.9645390070921985,9,8,0.3,0.7,8,0.305349200963974,0.35385680198669434,0.305349200963974,0.35385680198669434,-0.04850760102272034,0.04850760102272034,0.6676241159439087,0.03769762068986893,0.1890762895345688
2026_08_18_00_57_54_988496_L3_left_C0,L3,C0,0.0,0.0,blue,left,left,right,pick up the blue block,9,postgrasp,136,141,5,1.0,1.0,0,8,0.3,0.7,8,0.3221348226070404,0.28295788168907166,0.3221348226070404,0.28295788168907166,0.03917694091796875,-0.03917694091796875,0.6676264405250549,0.037700023502111435,0.1890757977962494
2026_08_18_00_57_54_988496_L3_left_C0,L3,C0,0.0,0.0,blue,left,left,right,pick up the blue block,9,postgrasp,136,141,5,1.0,1.0,1,8,0.3,0.7,8,0.36556366086006165,0.3426981270313263,0.36556366086006165,0.3426981270313263,0.02286553382873535,-0.02286553382873535,0.6676264405250549,0.037700023502111435,0.1890757977962494
2026_08_18_00_57_54_988496_L3_left_C0,L3,C0,0.0,0.0,blue,left,left,right,pick up the blue block,9,postgrasp,136,141,5,1.0,1.0,2,8,0.3,0.7,8,0.3111569583415985,0.28789809346199036,0.3111569583415985,0.28789809346199036,0.023258864879608154,-0.023258864879608154,0.6676264405250549,0.037700023502111435,0.1890757977962494
2026_08_18_00_57_54_988496_L3_left_C0,L3,C0,0.0,0.0,blue,left,left,right,pick up the blue block,9,postgrasp,136,141,5,1.0,1.0,3,8,0.3,0.7,8,0.34353792667388916,0.32254984974861145,0.34353792667388916,0.32254984974861145,0.02098807692527771,-0.02098807692527771,0.6676264405250549,0.037700023502111435,0.1890757977962494
2026_08_18_00_57_54_988496_L3_left_C0,L3,C0,0.0,0.0,blue,left,left,right,pick up the blue block,9,postgrasp,136,141,5,1.0,1.0,4,8,0.3,0.7,8,0.3256722092628479,0.33457139134407043,0.3256722092628479,0.33457139134407043,-0.008899182081222534,0.008899182081222534,0.6676264405250549,0.037700023502111435,0.1890757977962494
2026_08_18_00_57_54_988496_L3_left_C0,L3,C0,0.0,0.0,blue,left,left,right,pick up the blue block,9,postgrasp,136,141,5,1.0,1.0,5,8,0.3,0.7,8,0.2936328649520874,0.3131271004676819,0.2936328649520874,0.3131271004676819,-0.019494235515594482,0.019494235515594482,0.6676264405250549,0.037700023502111435,0.1890757977962494
2026_08_18_00_57_54_988496_L3_left_C0,L3,C0,0.0,0.0,blue,left,left,right,pick up the blue block,9,postgrasp,136,141,5,1.0,1.0,6,8,0.3,0.7,8,0.32842785120010376,0.3361508846282959,0.32842785120010376,0.3361508846282959,-0.007723033428192139,0.007723033428192139,0.6676264405250549,0.037700023502111435,0.1890757977962494
2026_08_18_00_57_54_988496_L3_left_C0,L3,C0,0.0,0.0,blue,left,left,right,pick up the blue block,9,postgrasp,136,141,5,1.0,1.0,7,8,0.3,0.7,8,0.2868395447731018,0.263278603553772,0.2868395447731018,0.263278603553772,0.023560941219329834,-0.023560941219329834,0.6676264405250549,0.037700023502111435,0.1890757977962494
2026_08_18_00_57_54_988496_L3_left_C0,L3,C0,0.0,0.0,blue,left,left,right,pick up the blue block,9,postgrasp,136,141,5,1.0,1.0,8,8,0.3,0.7,8,0.2852679193019867,0.2716803550720215,0.2852679193019867,0.2716803550720215,0.01358756422996521,-0.01358756422996521,0.6676264405250549,0.037700023502111435,0.1890757977962494
2026_08_18_00_57_54_988496_L3_left_C0,L3,C0,0.0,0.0,blue,left,left,right,pick up the blue block,9,postgrasp,136,141,5,1.0,1.0,9,8,0.3,0.7,8,0.2820354402065277,0.2685798406600952,0.2820354402065277,0.2685798406600952,0.013455599546432495,-0.013455599546432495,0.6676264405250549,0.037700023502111435,0.1890757977962494
2026_08_18_00_58_22_709133_L3_left_C1,L3,C1,2.0,0.1694548757406934,blue,left,left,right,pick up the blue block,0,pregrasp,0,16,16,0.12121212121212122,0.10457516339869281,0,8,0.3,0.7,8,0.3903007209300995,0.32671722769737244,0.3903007209300995,0.32671722769737244,0.06358349323272705,-0.06358349323272705,0.37323108315467834,0.023803919553756714,0.4786551594734192
2026_08_18_00_58_22_709133_L3_left_C1,L3,C1,2.0,0.1694548757406934,blue,left,left,right,pick up the blue block,0,pregrasp,0,16,16,0.12121212121212122,0.10457516339869281,1,8,0.3,0.7,8,0.4060032069683075,0.35558658838272095,0.4060032069683075,0.35558658838272095,0.05041661858558655,-0.05041661858558655,0.37323108315467834,0.023803919553756714,0.4786551594734192
2026_08_18_00_58_22_709133_L3_left_C1,L3,C1,2.0,0.1694548757406934,blue,left,left,right,pick up the blue block,0,pregrasp,0,16,16,0.12121212121212122,0.10457516339869281,2,8,0.3,0.7,8,0.49388933181762695,0.34832799434661865,0.49388933181762695,0.34832799434661865,0.1455613374710083,-0.1455613374710083,0.37323108315467834,0.023803919553756714,0.4786551594734192
2026_08_18_00_58_22_709133_L3_left_C1,L3,C1,2.0,0.1694548757406934,blue,left,left,right,pick up the blue block,0,pregrasp,0,16,16,0.12121212121212122,0.10457516339869281,3,8,0.3,0.7,8,0.406196266412735,0.31623977422714233,0.406196266412735,0.31623977422714233,0.08995649218559265,-0.08995649218559265,0.37323108315467834,0.023803919553756714,0.4786551594734192
2026_08_18_00_58_22_709133_L3_left_C1,L3,C1,2.0,0.1694548757406934,blue,left,left,right,pick up the blue block,0,pregrasp,0,16,16,0.12121212121212122,0.10457516339869281,4,8,0.3,0.7,8,0.38335302472114563,0.32050877809524536,0.38335302472114563,0.32050877809524536,0.06284424662590027,-0.06284424662590027,0.37323108315467834,0.023803919553756714,0.4786551594734192
2026_08_18_00_58_22_709133_L3_left_C1,L3,C1,2.0,0.1694548757406934,blue,left,left,right,pick up the blue block,0,pregrasp,0,16,16,0.12121212121212122,0.10457516339869281,5,8,0.3,0.7,8,0.3531956076622009,0.2677212953567505,0.3531956076622009,0.2677212953567505,0.08547431230545044,-0.08547431230545044,0.37323108315467834,0.023803919553756714,0.4786551594734192
2026_08_18_00_58_22_709133_L3_left_C1,L3,C1,2.0,0.1694548757406934,blue,left,left,right,pick up the blue block,0,pregrasp,0,16,16,0.12121212121212122,0.10457516339869281,6,8,0.3,0.7,8,0.3637150526046753,0.30555832386016846,0.3637150526046753,0.30555832386016846,0.058156728744506836,-0.058156728744506836,0.37323108315467834,0.023803919553756714,0.4786551594734192
2026_08_18_00_58_22_709133_L3_left_C1,L3,C1,2.0,0.1694548757406934,blue,left,left,right,pick up the blue block,0,pregrasp,0,16,16,0.12121212121212122,0.10457516339869281,7,8,0.3,0.7,8,0.42433565855026245,0.31568509340286255,0.42433565855026245,0.31568509340286255,0.1086505651473999,-0.1086505651473999,0.37323108315467834,0.023803919553756714,0.4786551594734192
2026_08_18_00_58_22_709133_L3_left_C1,L3,C1,2.0,0.1694548757406934,blue,left,left,right,pick up the blue block,0,pregrasp,0,16,16,0.12121212121212122,0.10457516339869281,8,8,0.3,0.7,8,0.3774968981742859,0.34099310636520386,0.3774968981742859,0.34099310636520386,0.03650379180908203,-0.03650379180908203,0.37323108315467834,0.023803919553756714,0.4786551594734192
2026_08_18_00_58_22_709133_L3_left_C1,L3,C1,2.0,0.1694548757406934,blue,left,left,right,pick up the blue block,0,pregrasp,0,16,16,0.12121212121212122,0.10457516339869281,9,8,0.3,0.7,8,0.4004957675933838,0.3030608296394348,0.4004957675933838,0.3030608296394348,0.09743493795394897,-0.09743493795394897,0.37323108315467834,0.023803919553756714,0.4786551594734192
2026_08_18_00_58_22_709133_L3_left_C1,L3,C1,2.0,0.1694548757406934,blue,left,left,right,pick up the blue block,1,pregrasp,16,32,16,0.24242424242424243,0.20915032679738563,0,8,0.3,0.7,8,0.42885494232177734,0.37725162506103516,0.42885494232177734,0.37725162506103516,0.05160331726074219,-0.05160331726074219,0.40377557277679443,0.07062588632106781,0.4392050802707672
2026_08_18_00_58_22_709133_L3_left_C1,L3,C1,2.0,0.1694548757406934,blue,left,left,right,pick up the blue block,1,pregrasp,16,32,16,0.24242424242424243,0.20915032679738563,1,8,0.3,0.7,8,0.3569906949996948,0.29457002878189087,0.3569906949996948,0.29457002878189087,0.062420666217803955,-0.062420666217803955,0.40377557277679443,0.07062588632106781,0.4392050802707672
2026_08_18_00_58_22_709133_L3_left_C1,L3,C1,2.0,0.1694548757406934,blue,left,left,right,pick up the blue block,1,pregrasp,16,32,16,0.24242424242424243,0.20915032679738563,2,8,0.3,0.7,8,0.36520251631736755,0.328094482421875,0.36520251631736755,0.328094482421875,0.037108033895492554,-0.037108033895492554,0.40377557277679443,0.07062588632106781,0.4392050802707672
2026_08_18_00_58_22_709133_L3_left_C1,L3,C1,2.0,0.1694548757406934,blue,left,left,right,pick up the blue block,1,pregrasp,16,32,16,0.24242424242424243,0.20915032679738563,3,8,0.3,0.7,8,0.3781862258911133,0.33554568886756897,0.3781862258911133,0.33554568886756897,0.04264053702354431,-0.04264053702354431,0.40377557277679443,0.07062588632106781,0.4392050802707672
2026_08_18_00_58_22_709133_L3_left_C1,L3,C1,2.0,0.1694548757406934,blue,left,left,right,pick up the blue block,1,pregrasp,16,32,16,0.24242424242424243,0.20915032679738563,4,8,0.3,0.7,8,0.30767765641212463,0.2550816535949707,0.30767765641212463,0.2550816535949707,0.05259600281715393,-0.05259600281715393,0.40377557277679443,0.07062588632106781,0.4392050802707672
2026_08_18_00_58_22_709133_L3_left_C1,L3,C1,2.0,0.1694548757406934,blue,left,left,right,pick up the blue block,1,pregrasp,16,32,16,0.24242424242424243,0.20915032679738563,5,8,0.3,0.7,8,0.382171630859375,0.31453937292099,0.382171630859375,0.31453937292099,0.06763225793838501,-0.06763225793838501,0.40377557277679443,0.07062588632106781,0.4392050802707672
2026_08_18_00_58_22_709133_L3_left_C1,L3,C1,2.0,0.1694548757406934,blue,left,left,right,pick up the blue block,1,pregrasp,16,32,16,0.24242424242424243,0.20915032679738563,6,8,0.3,0.7,8,0.3214632272720337,0.29016825556755066,0.3214632272720337,0.29016825556755066,0.03129497170448303,-0.03129497170448303,0.40377557277679443,0.07062588632106781,0.4392050802707672
2026_08_18_00_58_22_709133_L3_left_C1,L3,C1,2.0,0.1694548757406934,blue,left,left,right,pick up the blue block,1,pregrasp,16,32,16,0.24242424242424243,0.20915032679738563,7,8,0.3,0.7,8,0.34639832377433777,0.27495062351226807,0.34639832377433777,0.27495062351226807,0.0714477002620697,-0.0714477002620697,0.40377557277679443,0.07062588632106781,0.4392050802707672
2026_08_18_00_58_22_709133_L3_left_C1,L3,C1,2.0,0.1694548757406934,blue,left,left,right,pick up the blue block,1,pregrasp,16,32,16,0.24242424242424243,0.20915032679738563,8,8,0.3,0.7,8,0.26275601983070374,0.21553298830986023,0.26275601983070374,0.21553298830986023,0.047223031520843506,-0.047223031520843506,0.40377557277679443,0.07062588632106781,0.4392050802707672
2026_08_18_00_58_22_709133_L3_left_C1,L3,C1,2.0,0.1694548757406934,blue,left,left,right,pick up the blue block,1,pregrasp,16,32,16,0.24242424242424243,0.20915032679738563,9,8,0.3,0.7,8,0.30610984563827515,0.24107857048511505,0.30610984563827515,0.24107857048511505,0.0650312751531601,-0.0650312751531601,0.40377557277679443,0.07062588632106781,0.4392050802707672
2026_08_18_00_58_22_709133_L3_left_C1,L3,C1,2.0,0.1694548757406934,blue,left,left,right,pick up the blue block,2,pregrasp,32,48,16,0.36363636363636365,0.3137254901960784,0,8,0.3,0.7,8,0.3686327040195465,0.2762264907360077,0.3686327040195465,0.2762264907360077,0.09240621328353882,-0.09240621328353882,0.4493003487586975,0.1003812924027443,0.3959478437900543
2026_08_18_00_58_22_709133_L3_left_C1,L3,C1,2.0,0.1694548757406934,blue,left,left,right,pick up the blue block,2,pregrasp,32,48,16,0.36363636363636365,0.3137254901960784,1,8,0.3,0.7,8,0.21811357140541077,0.15683162212371826,0.21811357140541077,0.15683162212371826,0.061281949281692505,-0.061281949281692505,0.4493003487586975,0.1003812924027443,0.3959478437900543
2026_08_18_00_58_22_709133_L3_left_C1,L3,C1,2.0,0.1694548757406934,blue,left,left,right,pick up the blue block,2,pregrasp,32,48,16,0.36363636363636365,0.3137254901960784,2,8,0.3,0.7,8,0.349422812461853,0.25480154156684875,0.349422812461853,0.25480154156684875,0.09462127089500427,-0.09462127089500427,0.4493003487586975,0.1003812924027443,0.3959478437900543
2026_08_18_00_58_22_709133_L3_left_C1,L3,C1,2.0,0.1694548757406934,blue,left,left,right,pick up the blue block,2,pregrasp,32,48,16,0.36363636363636365,0.3137254901960784,3,8,0.3,0.7,8,0.3126143515110016,0.21766582131385803,0.3126143515110016,0.21766582131385803,0.09494853019714355,-0.09494853019714355,0.4493003487586975,0.1003812924027443,0.3959478437900543
2026_08_18_00_58_22_709133_L3_left_C1,L3,C1,2.0,0.1694548757406934,blue,left,left,right,pick up the blue block,2,pregrasp,32,48,16,0.36363636363636365,0.3137254901960784,4,8,0.3,0.7,8,0.4327274262905121,0.34548866748809814,0.4327274262905121,0.34548866748809814,0.08723875880241394,-0.08723875880241394,0.4493003487586975,0.1003812924027443,0.3959478437900543
2026_08_18_00_58_22_709133_L3_left_C1,L3,C1,2.0,0.1694548757406934,blue,left,left,right,pick up the blue block,2,pregrasp,32,48,16,0.36363636363636365,0.3137254901960784,5,8,0.3,0.7,8,0.3511914014816284,0.27977216243743896,0.3511914014816284,0.27977216243743896,0.07141923904418945,-0.07141923904418945,0.4493003487586975,0.1003812924027443,0.3959478437900543
2026_08_18_00_58_22_709133_L3_left_C1,L3,C1,2.0,0.1694548757406934,blue,left,left,right,pick up the blue block,2,pregrasp,32,48,16,0.36363636363636365,0.3137254901960784,6,8,0.3,0.7,8,0.324453741312027,0.2267320454120636,0.324453741312027,0.2267320454120636,0.09772169589996338,-0.09772169589996338,0.4493003487586975,0.1003812924027443,0.3959478437900543
2026_08_18_00_58_22_709133_L3_left_C1,L3,C1,2.0,0.1694548757406934,blue,left,left,right,pick up the blue block,2,pregrasp,32,48,16,0.36363636363636365,0.3137254901960784,7,8,0.3,0.7,8,0.30153998732566833,0.2404203563928604,0.30153998732566833,0.2404203563928604,0.06111963093280792,-0.06111963093280792,0.4493003487586975,0.1003812924027443,0.3959478437900543
2026_08_18_00_58_22_709133_L3_left_C1,L3,C1,2.0,0.1694548757406934,blue,left,left,right,pick up the blue block,2,pregrasp,32,48,16,0.36363636363636365,0.3137254901960784,8,8,0.3,0.7,8,0.31928735971450806,0.25576913356781006,0.31928735971450806,0.25576913356781006,0.063518226146698,-0.063518226146698,0.4493003487586975,0.1003812924027443,0.3959478437900543
2026_08_18_00_58_22_709133_L3_left_C1,L3,C1,2.0,0.1694548757406934,blue,left,left,right,pick up the blue block,2,pregrasp,32,48,16,0.36363636363636365,0.3137254901960784,9,8,0.3,0.7,8,0.31775858998298645,0.2315853387117386,0.31775858998298645,0.2315853387117386,0.08617325127124786,-0.08617325127124786,0.4493003487586975,0.1003812924027443,0.3959478437900543
2026_08_18_00_58_22_709133_L3_left_C1,L3,C1,2.0,0.1694548757406934,blue,left,left,right,pick up the blue block,3,pregrasp,48,64,16,0.48484848484848486,0.41830065359477125,0,8,0.3,0.7,8,0.34135931730270386,0.26562145352363586,0.34135931730270386,0.26562145352363586,0.075737863779068,-0.075737863779068,0.49866601824760437,0.1111568808555603,0.34825438261032104
2026_08_18_00_58_22_709133_L3_left_C1,L3,C1,2.0,0.1694548757406934,blue,left,left,right,pick up the blue block,3,pregrasp,48,64,16,0.48484848484848486,0.41830065359477125,1,8,0.3,0.7,8,0.31700366735458374,0.24893243610858917,0.31700366735458374,0.24893243610858917,0.06807123124599457,-0.06807123124599457,0.49866601824760437,0.1111568808555603,0.34825438261032104
2026_08_18_00_58_22_709133_L3_left_C1,L3,C1,2.0,0.1694548757406934,blue,left,left,right,pick up the blue block,3,pregrasp,48,64,16,0.48484848484848486,0.41830065359477125,2,8,0.3,0.7,8,0.2649571895599365,0.22175675630569458,0.2649571895599365,0.22175675630569458,0.04320043325424194,-0.04320043325424194,0.49866601824760437,0.1111568808555603,0.34825438261032104
2026_08_18_00_58_22_709133_L3_left_C1,L3,C1,2.0,0.1694548757406934,blue,left,left,right,pick up the blue block,3,pregrasp,48,64,16,0.48484848484848486,0.41830065359477125,3,8,0.3,0.7,8,0.2605505883693695,0.20963312685489655,0.2605505883693695,0.20963312685489655,0.05091746151447296,-0.05091746151447296,0.49866601824760437,0.1111568808555603,0.34825438261032104
2026_08_18_00_58_22_709133_L3_left_C1,L3,C1,2.0,0.1694548757406934,blue,left,left,right,pick up the blue block,3,pregrasp,48,64,16,0.48484848484848486,0.41830065359477125,4,8,0.3,0.7,8,0.2663958668708801,0.21114693582057953,0.2663958668708801,0.21114693582057953,0.0552489310503006,-0.0552489310503006,0.49866601824760437,0.1111568808555603,0.34825438261032104
2026_08_18_00_58_22_709133_L3_left_C1,L3,C1,2.0,0.1694548757406934,blue,left,left,right,pick up the blue block,3,pregrasp,48,64,16,0.48484848484848486,0.41830065359477125,5,8,0.3,0.7,8,0.1763969212770462,0.14728078246116638,0.1763969212770462,0.14728078246116638,0.029116138815879822,-0.029116138815879822,0.49866601824760437,0.1111568808555603,0.34825438261032104
2026_08_18_00_58_22_709133_L3_left_C1,L3,C1,2.0,0.1694548757406934,blue,left,left,right,pick up the blue block,3,pregrasp,48,64,16,0.48484848484848486,0.41830065359477125,6,8,0.3,0.7,8,0.3408920168876648,0.2644365429878235,0.3408920168876648,0.2644365429878235,0.07645547389984131,-0.07645547389984131,0.49866601824760437,0.1111568808555603,0.34825438261032104
2026_08_18_00_58_22_709133_L3_left_C1,L3,C1,2.0,0.1694548757406934,blue,left,left,right,pick up the blue block,3,pregrasp,48,64,16,0.48484848484848486,0.41830065359477125,7,8,0.3,0.7,8,0.35044175386428833,0.30289599299430847,0.35044175386428833,0.30289599299430847,0.04754576086997986,-0.04754576086997986,0.49866601824760437,0.1111568808555603,0.34825438261032104
2026_08_18_00_58_22_709133_L3_left_C1,L3,C1,2.0,0.1694548757406934,blue,left,left,right,pick up the blue block,3,pregrasp,48,64,16,0.48484848484848486,0.41830065359477125,8,8,0.3,0.7,8,0.3124276101589203,0.2488918900489807,0.3124276101589203,0.2488918900489807,0.06353572010993958,-0.06353572010993958,0.49866601824760437,0.1111568808555603,0.34825438261032104
2026_08_18_00_58_22_709133_L3_left_C1,L3,C1,2.0,0.1694548757406934,blue,left,left,right,pick up the blue block,3,pregrasp,48,64,16,0.48484848484848486,0.41830065359477125,9,8,0.3,0.7,8,0.23209147155284882,0.18612277507781982,0.23209147155284882,0.18612277507781982,0.04596869647502899,-0.04596869647502899,0.49866601824760437,0.1111568808555603,0.34825438261032104
2026_08_18_00_58_22_709133_L3_left_C1,L3,C1,2.0,0.1694548757406934,blue,left,left,right,pick up the blue block,4,pregrasp,64,80,16,0.6060606060606061,0.5228758169934641,0,8,0.3,0.7,8,0.26342517137527466,0.21421688795089722,0.26342517137527466,0.21421688795089722,0.04920828342437744,-0.04920828342437744,0.548133909702301,0.10374394059181213,0.30093488097190857
2026_08_18_00_58_22_709133_L3_left_C1,L3,C1,2.0,0.1694548757406934,blue,left,left,right,pick up the blue block,4,pregrasp,64,80,16,0.6060606060606061,0.5228758169934641,1,8,0.3,0.7,8,0.3751937448978424,0.34196531772613525,0.3751937448978424,0.34196531772613525,0.03322842717170715,-0.03322842717170715,0.548133909702301,0.10374394059181213,0.30093488097190857
2026_08_18_00_58_22_709133_L3_left_C1,L3,C1,2.0,0.1694548757406934,blue,left,left,right,pick up the blue block,4,pregrasp,64,80,16,0.6060606060606061,0.5228758169934641,2,8,0.3,0.7,8,0.2770034372806549,0.21985745429992676,0.2770034372806549,0.21985745429992676,0.05714598298072815,-0.05714598298072815,0.548133909702301,0.10374394059181213,0.30093488097190857
2026_08_18_00_58_22_709133_L3_left_C1,L3,C1,2.0,0.1694548757406934,blue,left,left,right,pick up the blue block,4,pregrasp,64,80,16,0.6060606060606061,0.5228758169934641,3,8,0.3,0.7,8,0.25090834498405457,0.2207428365945816,0.25090834498405457,0.2207428365945816,0.03016550838947296,-0.03016550838947296,0.548133909702301,0.10374394059181213,0.30093488097190857
2026_08_18_00_58_22_709133_L3_left_C1,L3,C1,2.0,0.1694548757406934,blue,left,left,right,pick up the blue block,4,pregrasp,64,80,16,0.6060606060606061,0.5228758169934641,4,8,0.3,0.7,8,0.21770019829273224,0.16610604524612427,0.21770019829273224,0.16610604524612427,0.05159415304660797,-0.05159415304660797,0.548133909702301,0.10374394059181213,0.30093488097190857
2026_08_18_00_58_22_709133_L3_left_C1,L3,C1,2.0,0.1694548757406934,blue,left,left,right,pick up the blue block,4,pregrasp,64,80,16,0.6060606060606061,0.5228758169934641,5,8,0.3,0.7,8,0.28410056233406067,0.23462364077568054,0.28410056233406067,0.23462364077568054,0.04947692155838013,-0.04947692155838013,0.548133909702301,0.10374394059181213,0.30093488097190857
2026_08_18_00_58_22_709133_L3_left_C1,L3,C1,2.0,0.1694548757406934,blue,left,left,right,pick up the blue block,4,pregrasp,64,80,16,0.6060606060606061,0.5228758169934641,6,8,0.3,0.7,8,0.29169872403144836,0.24539367854595184,0.29169872403144836,0.24539367854595184,0.04630504548549652,-0.04630504548549652,0.548133909702301,0.10374394059181213,0.30093488097190857
2026_08_18_00_58_22_709133_L3_left_C1,L3,C1,2.0,0.1694548757406934,blue,left,left,right,pick up the blue block,4,pregrasp,64,80,16,0.6060606060606061,0.5228758169934641,7,8,0.3,0.7,8,0.23349210619926453,0.1976834535598755,0.23349210619926453,0.1976834535598755,0.03580865263938904,-0.03580865263938904,0.548133909702301,0.10374394059181213,0.30093488097190857
2026_08_18_00_58_22_709133_L3_left_C1,L3,C1,2.0,0.1694548757406934,blue,left,left,right,pick up the blue block,4,pregrasp,64,80,16,0.6060606060606061,0.5228758169934641,8,8,0.3,0.7,8,0.3785504102706909,0.34092703461647034,0.3785504102706909,0.34092703461647034,0.03762337565422058,-0.03762337565422058,0.548133909702301,0.10374394059181213,0.30093488097190857
2026_08_18_00_58_22_709133_L3_left_C1,L3,C1,2.0,0.1694548757406934,blue,left,left,right,pick up the blue block,4,pregrasp,64,80,16,0.6060606060606061,0.5228758169934641,9,8,0.3,0.7,8,0.17302930355072021,0.11493725329637527,0.17302930355072021,0.11493725329637527,0.05809205025434494,-0.05809205025434494,0.548133909702301,0.10374394059181213,0.30093488097190857
2026_08_18_00_58_22_709133_L3_left_C1,L3,C1,2.0,0.1694548757406934,blue,left,left,right,pick up the blue block,5,pregrasp,80,96,16,0.7272727272727273,0.6274509803921569,0,8,0.3,0.7,8,0.29463621973991394,0.2892381250858307,0.29463621973991394,0.2892381250858307,0.005398094654083252,-0.005398094654083252,0.5968729853630066,0.08423995971679688,0.25505802035331726
2026_08_18_00_58_22_709133_L3_left_C1,L3,C1,2.0,0.1694548757406934,blue,left,left,right,pick up the blue block,5,pregrasp,80,96,16,0.7272727272727273,0.6274509803921569,1,8,0.3,0.7,8,0.26647061109542847,0.25978219509124756,0.26647061109542847,0.25978219509124756,0.006688416004180908,-0.006688416004180908,0.5968729853630066,0.08423995971679688,0.25505802035331726
2026_08_18_00_58_22_709133_L3_left_C1,L3,C1,2.0,0.1694548757406934,blue,left,left,right,pick up the blue block,5,pregrasp,80,96,16,0.7272727272727273,0.6274509803921569,2,8,0.3,0.7,8,0.2880045175552368,0.29070404171943665,0.2880045175552368,0.29070404171943665,-0.002699524164199829,0.002699524164199829,0.5968729853630066,0.08423995971679688,0.25505802035331726
2026_08_18_00_58_22_709133_L3_left_C1,L3,C1,2.0,0.1694548757406934,blue,left,left,right,pick up the blue block,5,pregrasp,80,96,16,0.7272727272727273,0.6274509803921569,3,8,0.3,0.7,8,0.16338515281677246,0.16955509781837463,0.16338515281677246,0.16955509781837463,-0.006169945001602173,0.006169945001602173,0.5968729853630066,0.08423995971679688,0.25505802035331726
2026_08_18_00_58_22_709133_L3_left_C1,L3,C1,2.0,0.1694548757406934,blue,left,left,right,pick up the blue block,5,pregrasp,80,96,16,0.7272727272727273,0.6274509803921569,4,8,0.3,0.7,8,0.2148052453994751,0.20713116228580475,0.2148052453994751,0.20713116228580475,0.007674083113670349,-0.007674083113670349,0.5968729853630066,0.08423995971679688,0.25505802035331726
2026_08_18_00_58_22_709133_L3_left_C1,L3,C1,2.0,0.1694548757406934,blue,left,left,right,pick up the blue block,5,pregrasp,80,96,16,0.7272727272727273,0.6274509803921569,5,8,0.3,0.7,8,0.23492220044136047,0.23757430911064148,0.23492220044136047,0.23757430911064148,-0.002652108669281006,0.002652108669281006,0.5968729853630066,0.08423995971679688,0.25505802035331726
2026_08_18_00_58_22_709133_L3_left_C1,L3,C1,2.0,0.1694548757406934,blue,left,left,right,pick up the blue block,5,pregrasp,80,96,16,0.7272727272727273,0.6274509803921569,6,8,0.3,0.7,8,0.24017001688480377,0.24004240334033966,0.24017001688480377,0.24004240334033966,0.00012761354446411133,-0.00012761354446411133,0.5968729853630066,0.08423995971679688,0.25505802035331726
2026_08_18_00_58_22_709133_L3_left_C1,L3,C1,2.0,0.1694548757406934,blue,left,left,right,pick up the blue block,5,pregrasp,80,96,16,0.7272727272727273,0.6274509803921569,7,8,0.3,0.7,8,0.3552393317222595,0.3454277515411377,0.3552393317222595,0.3454277515411377,0.009811580181121826,-0.009811580181121826,0.5968729853630066,0.08423995971679688,0.25505802035331726
2026_08_18_00_58_22_709133_L3_left_C1,L3,C1,2.0,0.1694548757406934,blue,left,left,right,pick up the blue block,5,pregrasp,80,96,16,0.7272727272727273,0.6274509803921569,8,8,0.3,0.7,8,0.2950723171234131,0.2857884168624878,0.2950723171234131,0.2857884168624878,0.009283900260925293,-0.009283900260925293,0.5968729853630066,0.08423995971679688,0.25505802035331726
2026_08_18_00_58_22_709133_L3_left_C1,L3,C1,2.0,0.1694548757406934,blue,left,left,right,pick up the blue block,5,pregrasp,80,96,16,0.7272727272727273,0.6274509803921569,9,8,0.3,0.7,8,0.2981988191604614,0.2937999367713928,0.2981988191604614,0.2937999367713928,0.0043988823890686035,-0.0043988823890686035,0.5968729853630066,0.08423995971679688,0.25505802035331726
2026_08_18_00_58_22_709133_L3_left_C1,L3,C1,2.0,0.1694548757406934,blue,left,left,right,pick up the blue block,6,pregrasp,96,112,16,0.8484848484848485,0.7320261437908496,0,8,0.3,0.7,8,0.11177300661802292,0.17010490596294403,0.11177300661802292,0.17010490596294403,-0.05833189934492111,0.05833189934492111,0.6441009640693665,0.057582177221775055,0.2106054425239563
2026_08_18_00_58_22_709133_L3_left_C1,L3,C1,2.0,0.1694548757406934,blue,left,left,right,pick up the blue block,6,pregrasp,96,112,16,0.8484848484848485,0.7320261437908496,1,8,0.3,0.7,8,0.21172375977039337,0.2645542025566101,0.21172375977039337,0.2645542025566101,-0.052830442786216736,0.052830442786216736,0.6441009640693665,0.057582177221775055,0.2106054425239563
2026_08_18_00_58_22_709133_L3_left_C1,L3,C1,2.0,0.1694548757406934,blue,left,left,right,pick up the blue block,6,pregrasp,96,112,16,0.8484848484848485,0.7320261437908496,2,8,0.3,0.7,8,0.13492247462272644,0.20339781045913696,0.13492247462272644,0.20339781045913696,-0.06847533583641052,0.06847533583641052,0.6441009640693665,0.057582177221775055,0.2106054425239563
2026_08_18_00_58_22_709133_L3_left_C1,L3,C1,2.0,0.1694548757406934,blue,left,left,right,pick up the blue block,6,pregrasp,96,112,16,0.8484848484848485,0.7320261437908496,3,8,0.3,0.7,8,0.16369937360286713,0.24442115426063538,0.16369937360286713,0.24442115426063538,-0.08072178065776825,0.08072178065776825,0.6441009640693665,0.057582177221775055,0.2106054425239563
2026_08_18_00_58_22_709133_L3_left_C1,L3,C1,2.0,0.1694548757406934,blue,left,left,right,pick up the blue block,6,pregrasp,96,112,16,0.8484848484848485,0.7320261437908496,4,8,0.3,0.7,8,0.29264384508132935,0.3625237047672272,0.29264384508132935,0.3625237047672272,-0.06987985968589783,0.06987985968589783,0.6441009640693665,0.057582177221775055,0.2106054425239563
2026_08_18_00_58_22_709133_L3_left_C1,L3,C1,2.0,0.1694548757406934,blue,left,left,right,pick up the blue block,6,pregrasp,96,112,16,0.8484848484848485,0.7320261437908496,5,8,0.3,0.7,8,0.29353636503219604,0.35633403062820435,0.29353636503219604,0.35633403062820435,-0.0627976655960083,0.0627976655960083,0.6441009640693665,0.057582177221775055,0.2106054425239563
2026_08_18_00_58_22_709133_L3_left_C1,L3,C1,2.0,0.1694548757406934,blue,left,left,right,pick up the blue block,6,pregrasp,96,112,16,0.8484848484848485,0.7320261437908496,6,8,0.3,0.7,8,0.14920233190059662,0.24778121709823608,0.14920233190059662,0.24778121709823608,-0.09857888519763947,0.09857888519763947,0.6441009640693665,0.057582177221775055,0.2106054425239563
2026_08_18_00_58_22_709133_L3_left_C1,L3,C1,2.0,0.1694548757406934,blue,left,left,right,pick up the blue block,6,pregrasp,96,112,16,0.8484848484848485,0.7320261437908496,7,8,0.3,0.7,8,0.2742460370063782,0.33245280385017395,0.2742460370063782,0.33245280385017395,-0.058206766843795776,0.058206766843795776,0.6441009640693665,0.057582177221775055,0.2106054425239563
2026_08_18_00_58_22_709133_L3_left_C1,L3,C1,2.0,0.1694548757406934,blue,left,left,right,pick up the blue block,6,pregrasp,96,112,16,0.8484848484848485,0.7320261437908496,8,8,0.3,0.7,8,0.19061675667762756,0.25047609210014343,0.19061675667762756,0.25047609210014343,-0.05985933542251587,0.05985933542251587,0.6441009640693665,0.057582177221775055,0.2106054425239563
2026_08_18_00_58_22_709133_L3_left_C1,L3,C1,2.0,0.1694548757406934,blue,left,left,right,pick up the blue block,6,pregrasp,96,112,16,0.8484848484848485,0.7320261437908496,9,8,0.3,0.7,8,0.25686514377593994,0.3120592534542084,0.25686514377593994,0.3120592534542084,-0.05519410967826843,0.05519410967826843,0.6441009640693665,0.057582177221775055,0.2106054425239563
2026_08_18_00_58_22_709133_L3_left_C1,L3,C1,2.0,0.1694548757406934,blue,left,left,right,pick up the blue block,7,pregrasp,112,128,16,0.9696969696969697,0.8366013071895425,0,8,0.3,0.7,8,0.2649194002151489,0.3204823434352875,0.2649194002151489,0.3204823434352875,-0.05556294322013855,0.05556294322013855,0.6667441725730896,0.04563955217599869,0.1891476958990097
2026_08_18_00_58_22_709133_L3_left_C1,L3,C1,2.0,0.1694548757406934,blue,left,left,right,pick up the blue block,7,pregrasp,112,128,16,0.9696969696969697,0.8366013071895425,1,8,0.3,0.7,8,0.19642093777656555,0.28412482142448425,0.19642093777656555,0.28412482142448425,-0.0877038836479187,0.0877038836479187,0.6667441725730896,0.04563955217599869,0.1891476958990097
2026_08_18_00_58_22_709133_L3_left_C1,L3,C1,2.0,0.1694548757406934,blue,left,left,right,pick up the blue block,7,pregrasp,112,128,16,0.9696969696969697,0.8366013071895425,2,8,0.3,0.7,8,0.23903541266918182,0.2857106328010559,0.23903541266918182,0.2857106328010559,-0.046675220131874084,0.046675220131874084,0.6667441725730896,0.04563955217599869,0.1891476958990097
2026_08_18_00_58_22_709133_L3_left_C1,L3,C1,2.0,0.1694548757406934,blue,left,left,right,pick up the blue block,7,pregrasp,112,128,16,0.9696969696969697,0.8366013071895425,3,8,0.3,0.7,8,0.3536185920238495,0.3961387276649475,0.3536185920238495,0.3961387276649475,-0.04252013564109802,0.04252013564109802,0.6667441725730896,0.04563955217599869,0.1891476958990097
2026_08_18_00_58_22_709133_L3_left_C1,L3,C1,2.0,0.1694548757406934,blue,left,left,right,pick up the blue block,7,pregrasp,112,128,16,0.9696969696969697,0.8366013071895425,4,8,0.3,0.7,8,0.3404282033443451,0.37850090861320496,0.3404282033443451,0.37850090861320496,-0.03807270526885986,0.03807270526885986,0.6667441725730896,0.04563955217599869,0.1891476958990097
2026_08_18_00_58_22_709133_L3_left_C1,L3,C1,2.0,0.1694548757406934,blue,left,left,right,pick up the blue block,7,pregrasp,112,128,16,0.9696969696969697,0.8366013071895425,5,8,0.3,0.7,8,0.1911875158548355,0.3012195825576782,0.1911875158548355,0.3012195825576782,-0.11003206670284271,0.11003206670284271,0.6667441725730896,0.04563955217599869,0.1891476958990097
2026_08_18_00_58_22_709133_L3_left_C1,L3,C1,2.0,0.1694548757406934,blue,left,left,right,pick up the blue block,7,pregrasp,112,128,16,0.9696969696969697,0.8366013071895425,6,8,0.3,0.7,8,0.26929277181625366,0.3236120045185089,0.26929277181625366,0.3236120045185089,-0.05431923270225525,0.05431923270225525,0.6667441725730896,0.04563955217599869,0.1891476958990097
2026_08_18_00_58_22_709133_L3_left_C1,L3,C1,2.0,0.1694548757406934,blue,left,left,right,pick up the blue block,7,pregrasp,112,128,16,0.9696969696969697,0.8366013071895425,7,8,0.3,0.7,8,0.22692829370498657,0.28777948021888733,0.22692829370498657,0.28777948021888733,-0.06085118651390076,0.06085118651390076,0.6667441725730896,0.04563955217599869,0.1891476958990097
2026_08_18_00_58_22_709133_L3_left_C1,L3,C1,2.0,0.1694548757406934,blue,left,left,right,pick up the blue block,7,pregrasp,112,128,16,0.9696969696969697,0.8366013071895425,8,8,0.3,0.7,8,0.2385827600955963,0.31392353773117065,0.2385827600955963,0.31392353773117065,-0.07534077763557434,0.07534077763557434,0.6667441725730896,0.04563955217599869,0.1891476958990097
2026_08_18_00_58_22_709133_L3_left_C1,L3,C1,2.0,0.1694548757406934,blue,left,left,right,pick up the blue block,7,pregrasp,112,128,16,0.9696969696969697,0.8366013071895425,9,8,0.3,0.7,8,0.1451149582862854,0.2037421464920044,0.1451149582862854,0.2037421464920044,-0.058627188205718994,0.058627188205718994,0.6667441725730896,0.04563955217599869,0.1891476958990097
2026_08_18_00_58_22_709133_L3_left_C1,L3,C1,2.0,0.1694548757406934,blue,left,left,right,pick up the blue block,8,pregrasp,128,132,4,1.0,0.8627450980392157,0,8,0.3,0.7,8,0.21277247369289398,0.2351081818342209,0.21277247369289398,0.2351081818342209,-0.022335708141326904,0.022335708141326904,0.6667723655700684,0.04562801495194435,0.18916526436805725
2026_08_18_00_58_22_709133_L3_left_C1,L3,C1,2.0,0.1694548757406934,blue,left,left,right,pick up the blue block,8,pregrasp,128,132,4,1.0,0.8627450980392157,1,8,0.3,0.7,8,0.38128921389579773,0.3800058960914612,0.38128921389579773,0.3800058960914612,0.0012833178043365479,-0.0012833178043365479,0.6667723655700684,0.04562801495194435,0.18916526436805725
2026_08_18_00_58_22_709133_L3_left_C1,L3,C1,2.0,0.1694548757406934,blue,left,left,right,pick up the blue block,8,pregrasp,128,132,4,1.0,0.8627450980392157,2,8,0.3,0.7,8,0.18320897221565247,0.17416346073150635,0.18320897221565247,0.17416346073150635,0.009045511484146118,-0.009045511484146118,0.6667723655700684,0.04562801495194435,0.18916526436805725
2026_08_18_00_58_22_709133_L3_left_C1,L3,C1,2.0,0.1694548757406934,blue,left,left,right,pick up the blue block,8,pregrasp,128,132,4,1.0,0.8627450980392157,3,8,0.3,0.7,8,0.2867966294288635,0.2910471260547638,0.2867966294288635,0.2910471260547638,-0.0042504966259002686,0.0042504966259002686,0.6667723655700684,0.04562801495194435,0.18916526436805725
2026_08_18_00_58_22_709133_L3_left_C1,L3,C1,2.0,0.1694548757406934,blue,left,left,right,pick up the blue block,8,pregrasp,128,132,4,1.0,0.8627450980392157,4,8,0.3,0.7,8,0.30860084295272827,0.30877920985221863,0.30860084295272827,0.30877920985221863,-0.00017836689949035645,0.00017836689949035645,0.6667723655700684,0.04562801495194435,0.18916526436805725
2026_08_18_00_58_22_709133_L3_left_C1,L3,C1,2.0,0.1694548757406934,blue,left,left,right,pick up the blue block,8,pregrasp,128,132,4,1.0,0.8627450980392157,5,8,0.3,0.7,8,0.2081959843635559,0.2209402322769165,0.2081959843635559,0.2209402322769165,-0.012744247913360596,0.012744247913360596,0.6667723655700684,0.04562801495194435,0.18916526436805725
2026_08_18_00_58_22_709133_L3_left_C1,L3,C1,2.0,0.1694548757406934,blue,left,left,right,pick up the blue block,8,pregrasp,128,132,4,1.0,0.8627450980392157,6,8,0.3,0.7,8,0.27592405676841736,0.2904856204986572,0.27592405676841736,0.2904856204986572,-0.014561563730239868,0.014561563730239868,0.6667723655700684,0.04562801495194435,0.18916526436805725
2026_08_18_00_58_22_709133_L3_left_C1,L3,C1,2.0,0.1694548757406934,blue,left,left,right,pick up the blue block,8,pregrasp,128,132,4,1.0,0.8627450980392157,7,8,0.3,0.7,8,0.22284209728240967,0.22858291864395142,0.22284209728240967,0.22858291864395142,-0.005740821361541748,0.005740821361541748,0.6667723655700684,0.04562801495194435,0.18916526436805725
2026_08_18_00_58_22_709133_L3_left_C1,L3,C1,2.0,0.1694548757406934,blue,left,left,right,pick up the blue block,8,pregrasp,128,132,4,1.0,0.8627450980392157,8,8,0.3,0.7,8,0.2806985676288605,0.3010713458061218,0.2806985676288605,0.3010713458061218,-0.020372778177261353,0.020372778177261353,0.6667723655700684,0.04562801495194435,0.18916526436805725
2026_08_18_00_58_22_709133_L3_left_C1,L3,C1,2.0,0.1694548757406934,blue,left,left,right,pick up the blue block,8,pregrasp,128,132,4,1.0,0.8627450980392157,9,8,0.3,0.7,8,0.21347185969352722,0.2694091498851776,0.21347185969352722,0.2694091498851776,-0.05593729019165039,0.05593729019165039,0.6667723655700684,0.04562801495194435,0.18916526436805725
2026_08_18_00_58_22_709133_L3_left_C1,L3,C1,2.0,0.1694548757406934,blue,left,left,right,pick up the blue block,9,postgrasp,132,148,16,1.0,0.9673202614379085,0,8,0.3,0.7,8,0.34290045499801636,0.36169224977493286,0.34290045499801636,0.36169224977493286,-0.018791794776916504,0.018791794776916504,0.6673555374145508,0.045005541294813156,0.18973180651664734
2026_08_18_00_58_22_709133_L3_left_C1,L3,C1,2.0,0.1694548757406934,blue,left,left,right,pick up the blue block,9,postgrasp,132,148,16,1.0,0.9673202614379085,1,8,0.3,0.7,8,0.2761348783969879,0.3180481791496277,0.2761348783969879,0.3180481791496277,-0.04191330075263977,0.04191330075263977,0.6673555374145508,0.045005541294813156,0.18973180651664734
2026_08_18_00_58_22_709133_L3_left_C1,L3,C1,2.0,0.1694548757406934,blue,left,left,right,pick up the blue block,9,postgrasp,132,148,16,1.0,0.9673202614379085,2,8,0.3,0.7,8,0.2913409173488617,0.3237855136394501,0.2913409173488617,0.3237855136394501,-0.03244459629058838,0.03244459629058838,0.6673555374145508,0.045005541294813156,0.18973180651664734
2026_08_18_00_58_22_709133_L3_left_C1,L3,C1,2.0,0.1694548757406934,blue,left,left,right,pick up the blue block,9,postgrasp,132,148,16,1.0,0.9673202614379085,3,8,0.3,0.7,8,0.29816895723342896,0.3147925138473511,0.29816895723342896,0.3147925138473511,-0.01662355661392212,0.01662355661392212,0.6673555374145508,0.045005541294813156,0.18973180651664734
2026_08_18_00_58_22_709133_L3_left_C1,L3,C1,2.0,0.1694548757406934,blue,left,left,right,pick up the blue block,9,postgrasp,132,148,16,1.0,0.9673202614379085,4,8,0.3,0.7,8,0.3207590579986572,0.3144153654575348,0.3207590579986572,0.3144153654575348,0.0063436925411224365,-0.0063436925411224365,0.6673555374145508,0.045005541294813156,0.18973180651664734
2026_08_18_00_58_22_709133_L3_left_C1,L3,C1,2.0,0.1694548757406934,blue,left,left,right,pick up the blue block,9,postgrasp,132,148,16,1.0,0.9673202614379085,5,8,0.3,0.7,8,0.2670011818408966,0.2930978238582611,0.2670011818408966,0.2930978238582611,-0.026096642017364502,0.026096642017364502,0.6673555374145508,0.045005541294813156,0.18973180651664734
2026_08_18_00_58_22_709133_L3_left_C1,L3,C1,2.0,0.1694548757406934,blue,left,left,right,pick up the blue block,9,postgrasp,132,148,16,1.0,0.9673202614379085,6,8,0.3,0.7,8,0.23807568848133087,0.31130239367485046,0.23807568848133087,0.31130239367485046,-0.07322670519351959,0.07322670519351959,0.6673555374145508,0.045005541294813156,0.18973180651664734
2026_08_18_00_58_22_709133_L3_left_C1,L3,C1,2.0,0.1694548757406934,blue,left,left,right,pick up the blue block,9,postgrasp,132,148,16,1.0,0.9673202614379085,7,8,0.3,0.7,8,0.2535567581653595,0.31160402297973633,0.2535567581653595,0.31160402297973633,-0.05804726481437683,0.05804726481437683,0.6673555374145508,0.045005541294813156,0.18973180651664734
2026_08_18_00_58_22_709133_L3_left_C1,L3,C1,2.0,0.1694548757406934,blue,left,left,right,pick up the blue block,9,postgrasp,132,148,16,1.0,0.9673202614379085,8,8,0.3,0.7,8,0.3147490918636322,0.36580684781074524,0.3147490918636322,0.36580684781074524,-0.05105775594711304,0.05105775594711304,0.6673555374145508,0.045005541294813156,0.18973180651664734
2026_08_18_00_58_22_709133_L3_left_C1,L3,C1,2.0,0.1694548757406934,blue,left,left,right,pick up the blue block,9,postgrasp,132,148,16,1.0,0.9673202614379085,9,8,0.3,0.7,8,0.2819245755672455,0.32254528999328613,0.2819245755672455,0.32254528999328613,-0.04062071442604065,0.04062071442604065,0.6673555374145508,0.045005541294813156,0.18973180651664734
2026_08_18_00_58_22_709133_L3_left_C1,L3,C1,2.0,0.1694548757406934,blue,left,left,right,pick up the blue block,10,postgrasp,148,153,5,1.0,1.0,0,8,0.3,0.7,8,0.40696853399276733,0.37931525707244873,0.40696853399276733,0.37931525707244873,0.027653276920318604,-0.027653276920318604,0.6673579216003418,0.045006245374679565,0.18972991406917572
2026_08_18_00_58_22_709133_L3_left_C1,L3,C1,2.0,0.1694548757406934,blue,left,left,right,pick up the blue block,10,postgrasp,148,153,5,1.0,1.0,1,8,0.3,0.7,8,0.3866766691207886,0.3391716182231903,0.3866766691207886,0.3391716182231903,0.04750505089759827,-0.04750505089759827,0.6673579216003418,0.045006245374679565,0.18972991406917572
2026_08_18_00_58_22_709133_L3_left_C1,L3,C1,2.0,0.1694548757406934,blue,left,left,right,pick up the blue block,10,postgrasp,148,153,5,1.0,1.0,2,8,0.3,0.7,8,0.46178027987480164,0.42192018032073975,0.46178027987480164,0.42192018032073975,0.03986009955406189,-0.03986009955406189,0.6673579216003418,0.045006245374679565,0.18972991406917572
2026_08_18_00_58_22_709133_L3_left_C1,L3,C1,2.0,0.1694548757406934,blue,left,left,right,pick up the blue block,10,postgrasp,148,153,5,1.0,1.0,3,8,0.3,0.7,8,0.3688255250453949,0.3251568675041199,0.3688255250453949,0.3251568675041199,0.043668657541275024,-0.043668657541275024,0.6673579216003418,0.045006245374679565,0.18972991406917572
2026_08_18_00_58_22_709133_L3_left_C1,L3,C1,2.0,0.1694548757406934,blue,left,left,right,pick up the blue block,10,postgrasp,148,153,5,1.0,1.0,4,8,0.3,0.7,8,0.3106655180454254,0.24899257719516754,0.3106655180454254,0.24899257719516754,0.061672940850257874,-0.061672940850257874,0.6673579216003418,0.045006245374679565,0.18972991406917572
2026_08_18_00_58_22_709133_L3_left_C1,L3,C1,2.0,0.1694548757406934,blue,left,left,right,pick up the blue block,10,postgrasp,148,153,5,1.0,1.0,5,8,0.3,0.7,8,0.4064386785030365,0.3981779217720032,0.4064386785030365,0.3981779217720032,0.008260756731033325,-0.008260756731033325,0.6673579216003418,0.045006245374679565,0.18972991406917572
2026_08_18_00_58_22_709133_L3_left_C1,L3,C1,2.0,0.1694548757406934,blue,left,left,right,pick up the blue block,10,postgrasp,148,153,5,1.0,1.0,6,8,0.3,0.7,8,0.3294852077960968,0.3390682637691498,0.3294852077960968,0.3390682637691498,-0.009583055973052979,0.009583055973052979,0.6673579216003418,0.045006245374679565,0.18972991406917572
2026_08_18_00_58_22_709133_L3_left_C1,L3,C1,2.0,0.1694548757406934,blue,left,left,right,pick up the blue block,10,postgrasp,148,153,5,1.0,1.0,7,8,0.3,0.7,8,0.38207799196243286,0.3492787182331085,0.38207799196243286,0.3492787182331085,0.03279927372932434,-0.03279927372932434,0.6673579216003418,0.045006245374679565,0.18972991406917572
2026_08_18_00_58_22_709133_L3_left_C1,L3,C1,2.0,0.1694548757406934,blue,left,left,right,pick up the blue block,10,postgrasp,148,153,5,1.0,1.0,8,8,0.3,0.7,8,0.4049443006515503,0.3680315911769867,0.4049443006515503,0.3680315911769867,0.0369127094745636,-0.0369127094745636,0.6673579216003418,0.045006245374679565,0.18972991406917572
2026_08_18_00_58_22_709133_L3_left_C1,L3,C1,2.0,0.1694548757406934,blue,left,left,right,pick up the blue block,10,postgrasp,148,153,5,1.0,1.0,9,8,0.3,0.7,8,0.39505815505981445,0.3502769470214844,0.39505815505981445,0.3502769470214844,0.04478120803833008,-0.04478120803833008,0.6673579216003418,0.045006245374679565,0.18972991406917572
2026_08_18_00_59_48_029579_L3_left_C2,L3,C2,4.0,0.3389097514813868,blue,left,left,right,pick up the blue block,0,pregrasp,0,16,16,0.10062893081761007,0.08888888888888889,0,8,0.3,0.7,8,0.32590675354003906,0.26093873381614685,0.32590675354003906,0.26093873381614685,0.06496801972389221,-0.06496801972389221,0.36762580275535583,0.028894852846860886,0.48368963599205017
2026_08_18_00_59_48_029579_L3_left_C2,L3,C2,4.0,0.3389097514813868,blue,left,left,right,pick up the blue block,0,pregrasp,0,16,16,0.10062893081761007,0.08888888888888889,1,8,0.3,0.7,8,0.2926689684391022,0.2548435926437378,0.2926689684391022,0.2548435926437378,0.03782537579536438,-0.03782537579536438,0.36762580275535583,0.028894852846860886,0.48368963599205017
2026_08_18_00_59_48_029579_L3_left_C2,L3,C2,4.0,0.3389097514813868,blue,left,left,right,pick up the blue block,0,pregrasp,0,16,16,0.10062893081761007,0.08888888888888889,2,8,0.3,0.7,8,0.34385162591934204,0.2987132668495178,0.34385162591934204,0.2987132668495178,0.04513835906982422,-0.04513835906982422,0.36762580275535583,0.028894852846860886,0.48368963599205017
2026_08_18_00_59_48_029579_L3_left_C2,L3,C2,4.0,0.3389097514813868,blue,left,left,right,pick up the blue block,0,pregrasp,0,16,16,0.10062893081761007,0.08888888888888889,3,8,0.3,0.7,8,0.2167084962129593,0.17027534544467926,0.2167084962129593,0.17027534544467926,0.04643315076828003,-0.04643315076828003,0.36762580275535583,0.028894852846860886,0.48368963599205017
2026_08_18_00_59_48_029579_L3_left_C2,L3,C2,4.0,0.3389097514813868,blue,left,left,right,pick up the blue block,0,pregrasp,0,16,16,0.10062893081761007,0.08888888888888889,4,8,0.3,0.7,8,0.2128521203994751,0.19948306679725647,0.2128521203994751,0.19948306679725647,0.013369053602218628,-0.013369053602218628,0.36762580275535583,0.028894852846860886,0.48368963599205017
2026_08_18_00_59_48_029579_L3_left_C2,L3,C2,4.0,0.3389097514813868,blue,left,left,right,pick up the blue block,0,pregrasp,0,16,16,0.10062893081761007,0.08888888888888889,5,8,0.3,0.7,8,0.37158554792404175,0.3178282380104065,0.37158554792404175,0.3178282380104065,0.053757309913635254,-0.053757309913635254,0.36762580275535583,0.028894852846860886,0.48368963599205017
2026_08_18_00_59_48_029579_L3_left_C2,L3,C2,4.0,0.3389097514813868,blue,left,left,right,pick up the blue block,0,pregrasp,0,16,16,0.10062893081761007,0.08888888888888889,6,8,0.3,0.7,8,0.3586261570453644,0.28724926710128784,0.3586261570453644,0.28724926710128784,0.07137688994407654,-0.07137688994407654,0.36762580275535583,0.028894852846860886,0.48368963599205017
2026_08_18_00_59_48_029579_L3_left_C2,L3,C2,4.0,0.3389097514813868,blue,left,left,right,pick up the blue block,0,pregrasp,0,16,16,0.10062893081761007,0.08888888888888889,7,8,0.3,0.7,8,0.22795553505420685,0.17506690323352814,0.22795553505420685,0.17506690323352814,0.05288863182067871,-0.05288863182067871,0.36762580275535583,0.028894852846860886,0.48368963599205017
2026_08_18_00_59_48_029579_L3_left_C2,L3,C2,4.0,0.3389097514813868,blue,left,left,right,pick up the blue block,0,pregrasp,0,16,16,0.10062893081761007,0.08888888888888889,8,8,0.3,0.7,8,0.23014982044696808,0.18857122957706451,0.23014982044696808,0.18857122957706451,0.041578590869903564,-0.041578590869903564,0.36762580275535583,0.028894852846860886,0.48368963599205017
2026_08_18_00_59_48_029579_L3_left_C2,L3,C2,4.0,0.3389097514813868,blue,left,left,right,pick up the blue block,0,pregrasp,0,16,16,0.10062893081761007,0.08888888888888889,9,8,0.3,0.7,8,0.27762219309806824,0.22509896755218506,0.27762219309806824,0.22509896755218506,0.05252322554588318,-0.05252322554588318,0.36762580275535583,0.028894852846860886,0.48368963599205017
2026_08_18_00_59_48_029579_L3_left_C2,L3,C2,4.0,0.3389097514813868,blue,left,left,right,pick up the blue block,1,pregrasp,16,32,16,0.20125786163522014,0.17777777777777778,0,8,0.3,0.7,8,0.31287676095962524,0.2418537586927414,0.31287676095962524,0.2418537586927414,0.07102300226688385,-0.07102300226688385,0.38230985403060913,0.09187385439872742,0.4599169194698334
2026_08_18_00_59_48_029579_L3_left_C2,L3,C2,4.0,0.3389097514813868,blue,left,left,right,pick up the blue block,1,pregrasp,16,32,16,0.20125786163522014,0.17777777777777778,1,8,0.3,0.7,8,0.3837626576423645,0.29520219564437866,0.3837626576423645,0.29520219564437866,0.08856046199798584,-0.08856046199798584,0.38230985403060913,0.09187385439872742,0.4599169194698334
2026_08_18_00_59_48_029579_L3_left_C2,L3,C2,4.0,0.3389097514813868,blue,left,left,right,pick up the blue block,1,pregrasp,16,32,16,0.20125786163522014,0.17777777777777778,2,8,0.3,0.7,8,0.3699382543563843,0.2944555878639221,0.3699382543563843,0.2944555878639221,0.07548266649246216,-0.07548266649246216,0.38230985403060913,0.09187385439872742,0.4599169194698334
2026_08_18_00_59_48_029579_L3_left_C2,L3,C2,4.0,0.3389097514813868,blue,left,left,right,pick up the blue block,1,pregrasp,16,32,16,0.20125786163522014,0.17777777777777778,3,8,0.3,0.7,8,0.3619849681854248,0.29414382576942444,0.3619849681854248,0.29414382576942444,0.06784114241600037,-0.06784114241600037,0.38230985403060913,0.09187385439872742,0.4599169194698334
2026_08_18_00_59_48_029579_L3_left_C2,L3,C2,4.0,0.3389097514813868,blue,left,left,right,pick up the blue block,1,pregrasp,16,32,16,0.20125786163522014,0.17777777777777778,4,8,0.3,0.7,8,0.24491557478904724,0.16939938068389893,0.24491557478904724,0.16939938068389893,0.07551619410514832,-0.07551619410514832,0.38230985403060913,0.09187385439872742,0.4599169194698334
2026_08_18_00_59_48_029579_L3_left_C2,L3,C2,4.0,0.3389097514813868,blue,left,left,right,pick up the blue block,1,pregrasp,16,32,16,0.20125786163522014,0.17777777777777778,5,8,0.3,0.7,8,0.38122135400772095,0.3037475347518921,0.38122135400772095,0.3037475347518921,0.07747381925582886,-0.07747381925582886,0.38230985403060913,0.09187385439872742,0.4599169194698334
2026_08_18_00_59_48_029579_L3_left_C2,L3,C2,4.0,0.3389097514813868,blue,left,left,right,pick up the blue block,1,pregrasp,16,32,16,0.20125786163522014,0.17777777777777778,6,8,0.3,0.7,8,0.27867045998573303,0.2155570685863495,0.27867045998573303,0.2155570685863495,0.06311339139938354,-0.06311339139938354,0.38230985403060913,0.09187385439872742,0.4599169194698334
2026_08_18_00_59_48_029579_L3_left_C2,L3,C2,4.0,0.3389097514813868,blue,left,left,right,pick up the blue block,1,pregrasp,16,32,16,0.20125786163522014,0.17777777777777778,7,8,0.3,0.7,8,0.3415994346141815,0.2660793662071228,0.3415994346141815,0.2660793662071228,0.07552006840705872,-0.07552006840705872,0.38230985403060913,0.09187385439872742,0.4599169194698334
2026_08_18_00_59_48_029579_L3_left_C2,L3,C2,4.0,0.3389097514813868,blue,left,left,right,pick up the blue block,1,pregrasp,16,32,16,0.20125786163522014,0.17777777777777778,8,8,0.3,0.7,8,0.24526561796665192,0.18835976719856262,0.24526561796665192,0.18835976719856262,0.056905850768089294,-0.056905850768089294,0.38230985403060913,0.09187385439872742,0.4599169194698334
2026_08_18_00_59_48_029579_L3_left_C2,L3,C2,4.0,0.3389097514813868,blue,left,left,right,pick up the blue block,1,pregrasp,16,32,16,0.20125786163522014,0.17777777777777778,9,8,0.3,0.7,8,0.41691792011260986,0.34310126304626465,0.41691792011260986,0.34310126304626465,0.07381665706634521,-0.07381665706634521,0.38230985403060913,0.09187385439872742,0.4599169194698334
2026_08_18_00_59_48_029579_L3_left_C2,L3,C2,4.0,0.3389097514813868,blue,left,left,right,pick up the blue block,2,pregrasp,32,48,16,0.3018867924528302,0.26666666666666666,0,8,0.3,0.7,8,0.30808427929878235,0.26218879222869873,0.30808427929878235,0.26218879222869873,0.04589548707008362,-0.04589548707008362,0.4092878997325897,0.14975349605083466,0.4345363974571228
2026_08_18_00_59_48_029579_L3_left_C2,L3,C2,4.0,0.3389097514813868,blue,left,left,right,pick up the blue block,2,pregrasp,32,48,16,0.3018867924528302,0.26666666666666666,1,8,0.3,0.7,8,0.3072325587272644,0.25339117646217346,0.3072325587272644,0.25339117646217346,0.05384138226509094,-0.05384138226509094,0.4092878997325897,0.14975349605083466,0.4345363974571228
2026_08_18_00_59_48_029579_L3_left_C2,L3,C2,4.0,0.3389097514813868,blue,left,left,right,pick up the blue block,2,pregrasp,32,48,16,0.3018867924528302,0.26666666666666666,2,8,0.3,0.7,8,0.28038489818573,0.21017281711101532,0.28038489818573,0.21017281711101532,0.07021208107471466,-0.07021208107471466,0.4092878997325897,0.14975349605083466,0.4345363974571228
2026_08_18_00_59_48_029579_L3_left_C2,L3,C2,4.0,0.3389097514813868,blue,left,left,right,pick up the blue block,2,pregrasp,32,48,16,0.3018867924528302,0.26666666666666666,3,8,0.3,0.7,8,0.3020268380641937,0.2490965574979782,0.3020268380641937,0.2490965574979782,0.052930280566215515,-0.052930280566215515,0.4092878997325897,0.14975349605083466,0.4345363974571228
2026_08_18_00_59_48_029579_L3_left_C2,L3,C2,4.0,0.3389097514813868,blue,left,left,right,pick up the blue block,2,pregrasp,32,48,16,0.3018867924528302,0.26666666666666666,4,8,0.3,0.7,8,0.22173386812210083,0.17939633131027222,0.22173386812210083,0.17939633131027222,0.04233753681182861,-0.04233753681182861,0.4092878997325897,0.14975349605083466,0.4345363974571228
2026_08_18_00_59_48_029579_L3_left_C2,L3,C2,4.0,0.3389097514813868,blue,left,left,right,pick up the blue block,2,pregrasp,32,48,16,0.3018867924528302,0.26666666666666666,5,8,0.3,0.7,8,0.3100753128528595,0.2798330783843994,0.3100753128528595,0.2798330783843994,0.030242234468460083,-0.030242234468460083,0.4092878997325897,0.14975349605083466,0.4345363974571228
2026_08_18_00_59_48_029579_L3_left_C2,L3,C2,4.0,0.3389097514813868,blue,left,left,right,pick up the blue block,2,pregrasp,32,48,16,0.3018867924528302,0.26666666666666666,6,8,0.3,0.7,8,0.36802634596824646,0.3139627277851105,0.36802634596824646,0.3139627277851105,0.054063618183135986,-0.054063618183135986,0.4092878997325897,0.14975349605083466,0.4345363974571228
2026_08_18_00_59_48_029579_L3_left_C2,L3,C2,4.0,0.3389097514813868,blue,left,left,right,pick up the blue block,2,pregrasp,32,48,16,0.3018867924528302,0.26666666666666666,7,8,0.3,0.7,8,0.2723856270313263,0.19180931150913239,0.2723856270313263,0.19180931150913239,0.08057631552219391,-0.08057631552219391,0.4092878997325897,0.14975349605083466,0.4345363974571228
2026_08_18_00_59_48_029579_L3_left_C2,L3,C2,4.0,0.3389097514813868,blue,left,left,right,pick up the blue block,2,pregrasp,32,48,16,0.3018867924528302,0.26666666666666666,8,8,0.3,0.7,8,0.3286826014518738,0.25642600655555725,0.3286826014518738,0.25642600655555725,0.07225659489631653,-0.07225659489631653,0.4092878997325897,0.14975349605083466,0.4345363974571228
2026_08_18_00_59_48_029579_L3_left_C2,L3,C2,4.0,0.3389097514813868,blue,left,left,right,pick up the blue block,2,pregrasp,32,48,16,0.3018867924528302,0.26666666666666666,9,8,0.3,0.7,8,0.3018347918987274,0.2662777900695801,0.3018347918987274,0.2662777900695801,0.03555700182914734,-0.03555700182914734,0.4092878997325897,0.14975349605083466,0.4345363974571228
2026_08_18_00_59_48_029579_L3_left_C2,L3,C2,4.0,0.3389097514813868,blue,left,left,right,pick up the blue block,3,pregrasp,48,64,16,0.4025157232704403,0.35555555555555557,0,8,0.3,0.7,8,0.25537538528442383,0.25979623198509216,0.25537538528442383,0.25979623198509216,-0.004420846700668335,0.004420846700668335,0.4485686719417572,0.19355832040309906,0.39797940850257874
2026_08_18_00_59_48_029579_L3_left_C2,L3,C2,4.0,0.3389097514813868,blue,left,left,right,pick up the blue block,3,pregrasp,48,64,16,0.4025157232704403,0.35555555555555557,1,8,0.3,0.7,8,0.30723512172698975,0.30409207940101624,0.30723512172698975,0.30409207940101624,0.0031430423259735107,-0.0031430423259735107,0.4485686719417572,0.19355832040309906,0.39797940850257874
2026_08_18_00_59_48_029579_L3_left_C2,L3,C2,4.0,0.3389097514813868,blue,left,left,right,pick up the blue block,3,pregrasp,48,64,16,0.4025157232704403,0.35555555555555557,2,8,0.3,0.7,8,0.18175707757472992,0.1812237650156021,0.18175707757472992,0.1812237650156021,0.0005333125591278076,-0.0005333125591278076,0.4485686719417572,0.19355832040309906,0.39797940850257874
2026_08_18_00_59_48_029579_L3_left_C2,L3,C2,4.0,0.3389097514813868,blue,left,left,right,pick up the blue block,3,pregrasp,48,64,16,0.4025157232704403,0.35555555555555557,3,8,0.3,0.7,8,0.36991509795188904,0.3481583595275879,0.36991509795188904,0.3481583595275879,0.021756738424301147,-0.021756738424301147,0.4485686719417572,0.19355832040309906,0.39797940850257874
2026_08_18_00_59_48_029579_L3_left_C2,L3,C2,4.0,0.3389097514813868,blue,left,left,right,pick up the blue block,3,pregrasp,48,64,16,0.4025157232704403,0.35555555555555557,4,8,0.3,0.7,8,0.23530489206314087,0.2112864851951599,0.23530489206314087,0.2112864851951599,0.024018406867980957,-0.024018406867980957,0.4485686719417572,0.19355832040309906,0.39797940850257874
2026_08_18_00_59_48_029579_L3_left_C2,L3,C2,4.0,0.3389097514813868,blue,left,left,right,pick up the blue block,3,pregrasp,48,64,16,0.4025157232704403,0.35555555555555557,5,8,0.3,0.7,8,0.26641592383384705,0.25996220111846924,0.26641592383384705,0.25996220111846924,0.006453722715377808,-0.006453722715377808,0.4485686719417572,0.19355832040309906,0.39797940850257874
2026_08_18_00_59_48_029579_L3_left_C2,L3,C2,4.0,0.3389097514813868,blue,left,left,right,pick up the blue block,3,pregrasp,48,64,16,0.4025157232704403,0.35555555555555557,6,8,0.3,0.7,8,0.2634842097759247,0.23777152597904205,0.2634842097759247,0.23777152597904205,0.02571268379688263,-0.02571268379688263,0.4485686719417572,0.19355832040309906,0.39797940850257874
2026_08_18_00_59_48_029579_L3_left_C2,L3,C2,4.0,0.3389097514813868,blue,left,left,right,pick up the blue block,3,pregrasp,48,64,16,0.4025157232704403,0.35555555555555557,7,8,0.3,0.7,8,0.24172107875347137,0.2264305055141449,0.24172107875347137,0.2264305055141449,0.015290573239326477,-0.015290573239326477,0.4485686719417572,0.19355832040309906,0.39797940850257874
2026_08_18_00_59_48_029579_L3_left_C2,L3,C2,4.0,0.3389097514813868,blue,left,left,right,pick up the blue block,3,pregrasp,48,64,16,0.4025157232704403,0.35555555555555557,8,8,0.3,0.7,8,0.2754494547843933,0.2752419710159302,0.2754494547843933,0.2752419710159302,0.00020748376846313477,-0.00020748376846313477,0.4485686719417572,0.19355832040309906,0.39797940850257874
2026_08_18_00_59_48_029579_L3_left_C2,L3,C2,4.0,0.3389097514813868,blue,left,left,right,pick up the blue block,3,pregrasp,48,64,16,0.4025157232704403,0.35555555555555557,9,8,0.3,0.7,8,0.25922515988349915,0.26108747720718384,0.25922515988349915,0.26108747720718384,-0.0018623173236846924,0.0018623173236846924,0.4485686719417572,0.19355832040309906,0.39797940850257874
2026_08_18_00_59_48_029579_L3_left_C2,L3,C2,4.0,0.3389097514813868,blue,left,left,right,pick up the blue block,4,pregrasp,64,80,16,0.5031446540880503,0.4444444444444444,0,8,0.3,0.7,8,0.3409876227378845,0.2868058383464813,0.3409876227378845,0.2868058383464813,0.0541817843914032,-0.0541817843914032,0.49641653895378113,0.20669177174568176,0.3506465554237366
2026_08_18_00_59_48_029579_L3_left_C2,L3,C2,4.0,0.3389097514813868,blue,left,left,right,pick up the blue block,4,pregrasp,64,80,16,0.5031446540880503,0.4444444444444444,1,8,0.3,0.7,8,0.3316355347633362,0.2955721616744995,0.3316355347633362,0.2955721616744995,0.03606337308883667,-0.03606337308883667,0.49641653895378113,0.20669177174568176,0.3506465554237366
2026_08_18_00_59_48_029579_L3_left_C2,L3,C2,4.0,0.3389097514813868,blue,left,left,right,pick up the blue block,4,pregrasp,64,80,16,0.5031446540880503,0.4444444444444444,2,8,0.3,0.7,8,0.3838081359863281,0.3066540062427521,0.3838081359863281,0.3066540062427521,0.07715412974357605,-0.07715412974357605,0.49641653895378113,0.20669177174568176,0.3506465554237366
2026_08_18_00_59_48_029579_L3_left_C2,L3,C2,4.0,0.3389097514813868,blue,left,left,right,pick up the blue block,4,pregrasp,64,80,16,0.5031446540880503,0.4444444444444444,3,8,0.3,0.7,8,0.2829659581184387,0.2472698986530304,0.2829659581184387,0.2472698986530304,0.035696059465408325,-0.035696059465408325,0.49641653895378113,0.20669177174568176,0.3506465554237366
2026_08_18_00_59_48_029579_L3_left_C2,L3,C2,4.0,0.3389097514813868,blue,left,left,right,pick up the blue block,4,pregrasp,64,80,16,0.5031446540880503,0.4444444444444444,4,8,0.3,0.7,8,0.3286612629890442,0.27558374404907227,0.3286612629890442,0.27558374404907227,0.053077518939971924,-0.053077518939971924,0.49641653895378113,0.20669177174568176,0.3506465554237366
2026_08_18_00_59_48_029579_L3_left_C2,L3,C2,4.0,0.3389097514813868,blue,left,left,right,pick up the blue block,4,pregrasp,64,80,16,0.5031446540880503,0.4444444444444444,5,8,0.3,0.7,8,0.4311424791812897,0.3668173849582672,0.4311424791812897,0.3668173849582672,0.06432509422302246,-0.06432509422302246,0.49641653895378113,0.20669177174568176,0.3506465554237366
2026_08_18_00_59_48_029579_L3_left_C2,L3,C2,4.0,0.3389097514813868,blue,left,left,right,pick up the blue block,4,pregrasp,64,80,16,0.5031446540880503,0.4444444444444444,6,8,0.3,0.7,8,0.31414273381233215,0.2466379702091217,0.31414273381233215,0.2466379702091217,0.06750476360321045,-0.06750476360321045,0.49641653895378113,0.20669177174568176,0.3506465554237366
2026_08_18_00_59_48_029579_L3_left_C2,L3,C2,4.0,0.3389097514813868,blue,left,left,right,pick up the blue block,4,pregrasp,64,80,16,0.5031446540880503,0.4444444444444444,7,8,0.3,0.7,8,0.3041917383670807,0.24770081043243408,0.3041917383670807,0.24770081043243408,0.056490927934646606,-0.056490927934646606,0.49641653895378113,0.20669177174568176,0.3506465554237366
2026_08_18_00_59_48_029579_L3_left_C2,L3,C2,4.0,0.3389097514813868,blue,left,left,right,pick up the blue block,4,pregrasp,64,80,16,0.5031446540880503,0.4444444444444444,8,8,0.3,0.7,8,0.3219929337501526,0.28274238109588623,0.3219929337501526,0.28274238109588623,0.03925055265426636,-0.03925055265426636,0.49641653895378113,0.20669177174568176,0.3506465554237366
2026_08_18_00_59_48_029579_L3_left_C2,L3,C2,4.0,0.3389097514813868,blue,left,left,right,pick up the blue block,4,pregrasp,64,80,16,0.5031446540880503,0.4444444444444444,9,8,0.3,0.7,8,0.3660081624984741,0.3125265836715698,0.3660081624984741,0.3125265836715698,0.0534815788269043,-0.0534815788269043,0.49641653895378113,0.20669177174568176,0.3506465554237366
2026_08_18_00_59_48_029579_L3_left_C2,L3,C2,4.0,0.3389097514813868,blue,left,left,right,pick up the blue block,5,pregrasp,80,96,16,0.6037735849056604,0.5333333333333333,0,8,0.3,0.7,8,0.22181379795074463,0.2116740196943283,0.22181379795074463,0.2116740196943283,0.01013977825641632,-0.01013977825641632,0.5431634783744812,0.18468455970287323,0.30596187710762024
2026_08_18_00_59_48_029579_L3_left_C2,L3,C2,4.0,0.3389097514813868,blue,left,left,right,pick up the blue block,5,pregrasp,80,96,16,0.6037735849056604,0.5333333333333333,1,8,0.3,0.7,8,0.2640554904937744,0.25044843554496765,0.2640554904937744,0.25044843554496765,0.013607054948806763,-0.013607054948806763,0.5431634783744812,0.18468455970287323,0.30596187710762024
2026_08_18_00_59_48_029579_L3_left_C2,L3,C2,4.0,0.3389097514813868,blue,left,left,right,pick up the blue block,5,pregrasp,80,96,16,0.6037735849056604,0.5333333333333333,2,8,0.3,0.7,8,0.29409533739089966,0.28988009691238403,0.29409533739089966,0.28988009691238403,0.004215240478515625,-0.004215240478515625,0.5431634783744812,0.18468455970287323,0.30596187710762024
2026_08_18_00_59_48_029579_L3_left_C2,L3,C2,4.0,0.3389097514813868,blue,left,left,right,pick up the blue block,5,pregrasp,80,96,16,0.6037735849056604,0.5333333333333333,3,8,0.3,0.7,8,0.2580261826515198,0.24784022569656372,0.2580261826515198,0.24784022569656372,0.010185956954956055,-0.010185956954956055,0.5431634783744812,0.18468455970287323,0.30596187710762024
2026_08_18_00_59_48_029579_L3_left_C2,L3,C2,4.0,0.3389097514813868,blue,left,left,right,pick up the blue block,5,pregrasp,80,96,16,0.6037735849056604,0.5333333333333333,4,8,0.3,0.7,8,0.2240624576807022,0.2004491686820984,0.2240624576807022,0.2004491686820984,0.02361328899860382,-0.02361328899860382,0.5431634783744812,0.18468455970287323,0.30596187710762024
2026_08_18_00_59_48_029579_L3_left_C2,L3,C2,4.0,0.3389097514813868,blue,left,left,right,pick up the blue block,5,pregrasp,80,96,16,0.6037735849056604,0.5333333333333333,5,8,0.3,0.7,8,0.36269205808639526,0.361768901348114,0.36269205808639526,0.361768901348114,0.00092315673828125,-0.00092315673828125,0.5431634783744812,0.18468455970287323,0.30596187710762024
2026_08_18_00_59_48_029579_L3_left_C2,L3,C2,4.0,0.3389097514813868,blue,left,left,right,pick up the blue block,5,pregrasp,80,96,16,0.6037735849056604,0.5333333333333333,6,8,0.3,0.7,8,0.31862175464630127,0.30452200770378113,0.31862175464630127,0.30452200770378113,0.014099746942520142,-0.014099746942520142,0.5431634783744812,0.18468455970287323,0.30596187710762024
2026_08_18_00_59_48_029579_L3_left_C2,L3,C2,4.0,0.3389097514813868,blue,left,left,right,pick up the blue block,5,pregrasp,80,96,16,0.6037735849056604,0.5333333333333333,7,8,0.3,0.7,8,0.32326966524124146,0.3166801929473877,0.32326966524124146,0.3166801929473877,0.00658947229385376,-0.00658947229385376,0.5431634783744812,0.18468455970287323,0.30596187710762024
2026_08_18_00_59_48_029579_L3_left_C2,L3,C2,4.0,0.3389097514813868,blue,left,left,right,pick up the blue block,5,pregrasp,80,96,16,0.6037735849056604,0.5333333333333333,8,8,0.3,0.7,8,0.2761574387550354,0.259069561958313,0.2761574387550354,0.259069561958313,0.017087876796722412,-0.017087876796722412,0.5431634783744812,0.18468455970287323,0.30596187710762024
2026_08_18_00_59_48_029579_L3_left_C2,L3,C2,4.0,0.3389097514813868,blue,left,left,right,pick up the blue block,5,pregrasp,80,96,16,0.6037735849056604,0.5333333333333333,9,8,0.3,0.7,8,0.27014103531837463,0.25265100598335266,0.27014103531837463,0.25265100598335266,0.017490029335021973,-0.017490029335021973,0.5431634783744812,0.18468455970287323,0.30596187710762024
2026_08_18_00_59_48_029579_L3_left_C2,L3,C2,4.0,0.3389097514813868,blue,left,left,right,pick up the blue block,6,pregrasp,96,112,16,0.7044025157232704,0.6222222222222222,0,8,0.3,0.7,8,0.1751408725976944,0.19274310767650604,0.1751408725976944,0.19274310767650604,-0.017602235078811646,0.017602235078811646,0.5853867530822754,0.14585241675376892,0.26624345779418945
2026_08_18_00_59_48_029579_L3_left_C2,L3,C2,4.0,0.3389097514813868,blue,left,left,right,pick up the blue block,6,pregrasp,96,112,16,0.7044025157232704,0.6222222222222222,1,8,0.3,0.7,8,0.24466858804225922,0.2679973244667053,0.24466858804225922,0.2679973244667053,-0.023328736424446106,0.023328736424446106,0.5853867530822754,0.14585241675376892,0.26624345779418945
2026_08_18_00_59_48_029579_L3_left_C2,L3,C2,4.0,0.3389097514813868,blue,left,left,right,pick up the blue block,6,pregrasp,96,112,16,0.7044025157232704,0.6222222222222222,2,8,0.3,0.7,8,0.26396557688713074,0.2934759557247162,0.26396557688713074,0.2934759557247162,-0.02951037883758545,0.02951037883758545,0.5853867530822754,0.14585241675376892,0.26624345779418945
2026_08_18_00_59_48_029579_L3_left_C2,L3,C2,4.0,0.3389097514813868,blue,left,left,right,pick up the blue block,6,pregrasp,96,112,16,0.7044025157232704,0.6222222222222222,3,8,0.3,0.7,8,0.34130534529685974,0.3749611973762512,0.34130534529685974,0.3749611973762512,-0.03365585207939148,0.03365585207939148,0.5853867530822754,0.14585241675376892,0.26624345779418945
2026_08_18_00_59_48_029579_L3_left_C2,L3,C2,4.0,0.3389097514813868,blue,left,left,right,pick up the blue block,6,pregrasp,96,112,16,0.7044025157232704,0.6222222222222222,4,8,0.3,0.7,8,0.2224876433610916,0.24311794340610504,0.2224876433610916,0.24311794340610504,-0.020630300045013428,0.020630300045013428,0.5853867530822754,0.14585241675376892,0.26624345779418945
2026_08_18_00_59_48_029579_L3_left_C2,L3,C2,4.0,0.3389097514813868,blue,left,left,right,pick up the blue block,6,pregrasp,96,112,16,0.7044025157232704,0.6222222222222222,5,8,0.3,0.7,8,0.20556269586086273,0.22054430842399597,0.20556269586086273,0.22054430842399597,-0.01498161256313324,0.01498161256313324,0.5853867530822754,0.14585241675376892,0.26624345779418945
2026_08_18_00_59_48_029579_L3_left_C2,L3,C2,4.0,0.3389097514813868,blue,left,left,right,pick up the blue block,6,pregrasp,96,112,16,0.7044025157232704,0.6222222222222222,6,8,0.3,0.7,8,0.2594321668148041,0.2854887545108795,0.2594321668148041,0.2854887545108795,-0.02605658769607544,0.02605658769607544,0.5853867530822754,0.14585241675376892,0.26624345779418945
2026_08_18_00_59_48_029579_L3_left_C2,L3,C2,4.0,0.3389097514813868,blue,left,left,right,pick up the blue block,6,pregrasp,96,112,16,0.7044025157232704,0.6222222222222222,7,8,0.3,0.7,8,0.24425770342350006,0.26517778635025024,0.24425770342350006,0.26517778635025024,-0.020920082926750183,0.020920082926750183,0.5853867530822754,0.14585241675376892,0.26624345779418945
2026_08_18_00_59_48_029579_L3_left_C2,L3,C2,4.0,0.3389097514813868,blue,left,left,right,pick up the blue block,6,pregrasp,96,112,16,0.7044025157232704,0.6222222222222222,8,8,0.3,0.7,8,0.18497741222381592,0.20173202455043793,0.18497741222381592,0.20173202455043793,-0.01675461232662201,0.01675461232662201,0.5853867530822754,0.14585241675376892,0.26624345779418945
2026_08_18_00_59_48_029579_L3_left_C2,L3,C2,4.0,0.3389097514813868,blue,left,left,right,pick up the blue block,6,pregrasp,96,112,16,0.7044025157232704,0.6222222222222222,9,8,0.3,0.7,8,0.2414247989654541,0.2606174051761627,0.2414247989654541,0.2606174051761627,-0.019192606210708618,0.019192606210708618,0.5853867530822754,0.14585241675376892,0.26624345779418945
2026_08_18_00_59_48_029579_L3_left_C2,L3,C2,4.0,0.3389097514813868,blue,left,left,right,pick up the blue block,7,pregrasp,112,128,16,0.8050314465408805,0.7111111111111111,0,8,0.3,0.7,8,0.30448678135871887,0.2678365707397461,0.30448678135871887,0.2678365707397461,0.03665021061897278,-0.03665021061897278,0.6237314939498901,0.10019811987876892,0.2297658771276474
2026_08_18_00_59_48_029579_L3_left_C2,L3,C2,4.0,0.3389097514813868,blue,left,left,right,pick up the blue block,7,pregrasp,112,128,16,0.8050314465408805,0.7111111111111111,1,8,0.3,0.7,8,0.2768574655056,0.24814379215240479,0.2768574655056,0.24814379215240479,0.02871367335319519,-0.02871367335319519,0.6237314939498901,0.10019811987876892,0.2297658771276474
2026_08_18_00_59_48_029579_L3_left_C2,L3,C2,4.0,0.3389097514813868,blue,left,left,right,pick up the blue block,7,pregrasp,112,128,16,0.8050314465408805,0.7111111111111111,2,8,0.3,0.7,8,0.2427302747964859,0.21517233550548553,0.2427302747964859,0.21517233550548553,0.027557939291000366,-0.027557939291000366,0.6237314939498901,0.10019811987876892,0.2297658771276474
2026_08_18_00_59_48_029579_L3_left_C2,L3,C2,4.0,0.3389097514813868,blue,left,left,right,pick up the blue block,7,pregrasp,112,128,16,0.8050314465408805,0.7111111111111111,3,8,0.3,0.7,8,0.2962613105773926,0.27065855264663696,0.2962613105773926,0.27065855264663696,0.025602757930755615,-0.025602757930755615,0.6237314939498901,0.10019811987876892,0.2297658771276474
2026_08_18_00_59_48_029579_L3_left_C2,L3,C2,4.0,0.3389097514813868,blue,left,left,right,pick up the blue block,7,pregrasp,112,128,16,0.8050314465408805,0.7111111111111111,4,8,0.3,0.7,8,0.3953483998775482,0.3639635443687439,0.3953483998775482,0.3639635443687439,0.03138485550880432,-0.03138485550880432,0.6237314939498901,0.10019811987876892,0.2297658771276474
2026_08_18_00_59_48_029579_L3_left_C2,L3,C2,4.0,0.3389097514813868,blue,left,left,right,pick up the blue block,7,pregrasp,112,128,16,0.8050314465408805,0.7111111111111111,5,8,0.3,0.7,8,0.3039001226425171,0.2808511555194855,0.3039001226425171,0.2808511555194855,0.023048967123031616,-0.023048967123031616,0.6237314939498901,0.10019811987876892,0.2297658771276474
2026_08_18_00_59_48_029579_L3_left_C2,L3,C2,4.0,0.3389097514813868,blue,left,left,right,pick up the blue block,7,pregrasp,112,128,16,0.8050314465408805,0.7111111111111111,6,8,0.3,0.7,8,0.30780264735221863,0.28547412157058716,0.30780264735221863,0.28547412157058716,0.02232852578163147,-0.02232852578163147,0.6237314939498901,0.10019811987876892,0.2297658771276474
2026_08_18_00_59_48_029579_L3_left_C2,L3,C2,4.0,0.3389097514813868,blue,left,left,right,pick up the blue block,7,pregrasp,112,128,16,0.8050314465408805,0.7111111111111111,7,8,0.3,0.7,8,0.30907702445983887,0.27925020456314087,0.30907702445983887,0.27925020456314087,0.029826819896697998,-0.029826819896697998,0.6237314939498901,0.10019811987876892,0.2297658771276474
2026_08_18_00_59_48_029579_L3_left_C2,L3,C2,4.0,0.3389097514813868,blue,left,left,right,pick up the blue block,7,pregrasp,112,128,16,0.8050314465408805,0.7111111111111111,8,8,0.3,0.7,8,0.2872890830039978,0.2698597311973572,0.2872890830039978,0.2698597311973572,0.017429351806640625,-0.017429351806640625,0.6237314939498901,0.10019811987876892,0.2297658771276474
2026_08_18_00_59_48_029579_L3_left_C2,L3,C2,4.0,0.3389097514813868,blue,left,left,right,pick up the blue block,7,pregrasp,112,128,16,0.8050314465408805,0.7111111111111111,9,8,0.3,0.7,8,0.36692383885383606,0.33597588539123535,0.36692383885383606,0.33597588539123535,0.030947953462600708,-0.030947953462600708,0.6237314939498901,0.10019811987876892,0.2297658771276474
2026_08_18_00_59_48_029579_L3_left_C2,L3,C2,4.0,0.3389097514813868,blue,left,left,right,pick up the blue block,8,pregrasp,128,144,16,0.9056603773584906,0.8,0,8,0.3,0.7,8,0.31714826822280884,0.3566299080848694,0.31714826822280884,0.3566299080848694,-0.03948163986206055,0.03948163986206055,0.6602122783660889,0.05222132056951523,0.19530647993087769
2026_08_18_00_59_48_029579_L3_left_C2,L3,C2,4.0,0.3389097514813868,blue,left,left,right,pick up the blue block,8,pregrasp,128,144,16,0.9056603773584906,0.8,1,8,0.3,0.7,8,0.31017160415649414,0.34902775287628174,0.31017160415649414,0.34902775287628174,-0.0388561487197876,0.0388561487197876,0.6602122783660889,0.05222132056951523,0.19530647993087769
2026_08_18_00_59_48_029579_L3_left_C2,L3,C2,4.0,0.3389097514813868,blue,left,left,right,pick up the blue block,8,pregrasp,128,144,16,0.9056603773584906,0.8,2,8,0.3,0.7,8,0.1931372582912445,0.22707366943359375,0.1931372582912445,0.22707366943359375,-0.03393641114234924,0.03393641114234924,0.6602122783660889,0.05222132056951523,0.19530647993087769
2026_08_18_00_59_48_029579_L3_left_C2,L3,C2,4.0,0.3389097514813868,blue,left,left,right,pick up the blue block,8,pregrasp,128,144,16,0.9056603773584906,0.8,3,8,0.3,0.7,8,0.3792104721069336,0.41527259349823,0.3792104721069336,0.41527259349823,-0.03606212139129639,0.03606212139129639,0.6602122783660889,0.05222132056951523,0.19530647993087769
2026_08_18_00_59_48_029579_L3_left_C2,L3,C2,4.0,0.3389097514813868,blue,left,left,right,pick up the blue block,8,pregrasp,128,144,16,0.9056603773584906,0.8,4,8,0.3,0.7,8,0.2490563541650772,0.27476128935813904,0.2490563541650772,0.27476128935813904,-0.02570493519306183,0.02570493519306183,0.6602122783660889,0.05222132056951523,0.19530647993087769
2026_08_18_00_59_48_029579_L3_left_C2,L3,C2,4.0,0.3389097514813868,blue,left,left,right,pick up the blue block,8,pregrasp,128,144,16,0.9056603773584906,0.8,5,8,0.3,0.7,8,0.4246290326118469,0.46258652210235596,0.4246290326118469,0.46258652210235596,-0.03795748949050903,0.03795748949050903,0.6602122783660889,0.05222132056951523,0.19530647993087769
2026_08_18_00_59_48_029579_L3_left_C2,L3,C2,4.0,0.3389097514813868,blue,left,left,right,pick up the blue block,8,pregrasp,128,144,16,0.9056603773584906,0.8,6,8,0.3,0.7,8,0.36006033420562744,0.39907801151275635,0.36006033420562744,0.39907801151275635,-0.039017677307128906,0.039017677307128906,0.6602122783660889,0.05222132056951523,0.19530647993087769
2026_08_18_00_59_48_029579_L3_left_C2,L3,C2,4.0,0.3389097514813868,blue,left,left,right,pick up the blue block,8,pregrasp,128,144,16,0.9056603773584906,0.8,7,8,0.3,0.7,8,0.29432693123817444,0.32498687505722046,0.29432693123817444,0.32498687505722046,-0.03065994381904602,0.03065994381904602,0.6602122783660889,0.05222132056951523,0.19530647993087769
2026_08_18_00_59_48_029579_L3_left_C2,L3,C2,4.0,0.3389097514813868,blue,left,left,right,pick up the blue block,8,pregrasp,128,144,16,0.9056603773584906,0.8,8,8,0.3,0.7,8,0.31471994519233704,0.34550005197525024,0.31471994519233704,0.34550005197525024,-0.030780106782913208,0.030780106782913208,0.6602122783660889,0.05222132056951523,0.19530647993087769
2026_08_18_00_59_48_029579_L3_left_C2,L3,C2,4.0,0.3389097514813868,blue,left,left,right,pick up the blue block,8,pregrasp,128,144,16,0.9056603773584906,0.8,9,8,0.3,0.7,8,0.3154665231704712,0.3548583686351776,0.3154665231704712,0.3548583686351776,-0.03939184546470642,0.03939184546470642,0.6602122783660889,0.05222132056951523,0.19530647993087769
2026_08_18_00_59_48_029579_L3_left_C2,L3,C2,4.0,0.3389097514813868,blue,left,left,right,pick up the blue block,9,pregrasp,144,159,15,1.0,0.8833333333333333,0,8,0.3,0.7,8,0.24725455045700073,0.2776167094707489,0.24725455045700073,0.2776167094707489,-0.03036215901374817,0.03036215901374817,0.6667861938476562,0.04562839865684509,0.189041405916214
2026_08_18_00_59_48_029579_L3_left_C2,L3,C2,4.0,0.3389097514813868,blue,left,left,right,pick up the blue block,9,pregrasp,144,159,15,1.0,0.8833333333333333,1,8,0.3,0.7,8,0.23647139966487885,0.2777877151966095,0.23647139966487885,0.2777877151966095,-0.04131631553173065,0.04131631553173065,0.6667861938476562,0.04562839865684509,0.189041405916214
2026_08_18_00_59_48_029579_L3_left_C2,L3,C2,4.0,0.3389097514813868,blue,left,left,right,pick up the blue block,9,pregrasp,144,159,15,1.0,0.8833333333333333,2,8,0.3,0.7,8,0.17924045026302338,0.20385095477104187,0.17924045026302338,0.20385095477104187,-0.024610504508018494,0.024610504508018494,0.6667861938476562,0.04562839865684509,0.189041405916214
2026_08_18_00_59_48_029579_L3_left_C2,L3,C2,4.0,0.3389097514813868,blue,left,left,right,pick up the blue block,9,pregrasp,144,159,15,1.0,0.8833333333333333,3,8,0.3,0.7,8,0.29764798283576965,0.33320778608322144,0.29764798283576965,0.33320778608322144,-0.03555980324745178,0.03555980324745178,0.6667861938476562,0.04562839865684509,0.189041405916214
2026_08_18_00_59_48_029579_L3_left_C2,L3,C2,4.0,0.3389097514813868,blue,left,left,right,pick up the blue block,9,pregrasp,144,159,15,1.0,0.8833333333333333,4,8,0.3,0.7,8,0.26605358719825745,0.2924101948738098,0.26605358719825745,0.2924101948738098,-0.026356607675552368,0.026356607675552368,0.6667861938476562,0.04562839865684509,0.189041405916214
2026_08_18_00_59_48_029579_L3_left_C2,L3,C2,4.0,0.3389097514813868,blue,left,left,right,pick up the blue block,9,pregrasp,144,159,15,1.0,0.8833333333333333,5,8,0.3,0.7,8,0.26033541560173035,0.28365615010261536,0.26033541560173035,0.28365615010261536,-0.02332073450088501,0.02332073450088501,0.6667861938476562,0.04562839865684509,0.189041405916214
2026_08_18_00_59_48_029579_L3_left_C2,L3,C2,4.0,0.3389097514813868,blue,left,left,right,pick up the blue block,9,pregrasp,144,159,15,1.0,0.8833333333333333,6,8,0.3,0.7,8,0.21132053434848785,0.25379374623298645,0.21132053434848785,0.25379374623298645,-0.042473211884498596,0.042473211884498596,0.6667861938476562,0.04562839865684509,0.189041405916214
2026_08_18_00_59_48_029579_L3_left_C2,L3,C2,4.0,0.3389097514813868,blue,left,left,right,pick up the blue block,9,pregrasp,144,159,15,1.0,0.8833333333333333,7,8,0.3,0.7,8,0.2511829137802124,0.30281344056129456,0.2511829137802124,0.30281344056129456,-0.05163052678108215,0.05163052678108215,0.6667861938476562,0.04562839865684509,0.189041405916214
2026_08_18_00_59_48_029579_L3_left_C2,L3,C2,4.0,0.3389097514813868,blue,left,left,right,pick up the blue block,9,pregrasp,144,159,15,1.0,0.8833333333333333,8,8,0.3,0.7,8,0.23284432291984558,0.29340603947639465,0.23284432291984558,0.29340603947639465,-0.06056171655654907,0.06056171655654907,0.6667861938476562,0.04562839865684509,0.189041405916214
2026_08_18_00_59_48_029579_L3_left_C2,L3,C2,4.0,0.3389097514813868,blue,left,left,right,pick up the blue block,9,pregrasp,144,159,15,1.0,0.8833333333333333,9,8,0.3,0.7,8,0.2526589035987854,0.29650190472602844,0.2526589035987854,0.29650190472602844,-0.04384300112724304,0.04384300112724304,0.6667861938476562,0.04562839865684509,0.189041405916214
2026_08_18_00_59_48_029579_L3_left_C2,L3,C2,4.0,0.3389097514813868,blue,left,left,right,pick up the blue block,10,postgrasp,159,175,16,1.0,0.9722222222222222,0,8,0.3,0.7,8,0.3502245843410492,0.35609638690948486,0.3502245843410492,0.35609638690948486,-0.005871802568435669,0.005871802568435669,0.6673484444618225,0.04538147523999214,0.18953660130500793
2026_08_18_00_59_48_029579_L3_left_C2,L3,C2,4.0,0.3389097514813868,blue,left,left,right,pick up the blue block,10,postgrasp,159,175,16,1.0,0.9722222222222222,1,8,0.3,0.7,8,0.3259236812591553,0.2910701036453247,0.3259236812591553,0.2910701036453247,0.034853577613830566,-0.034853577613830566,0.6673484444618225,0.04538147523999214,0.18953660130500793
2026_08_18_00_59_48_029579_L3_left_C2,L3,C2,4.0,0.3389097514813868,blue,left,left,right,pick up the blue block,10,postgrasp,159,175,16,1.0,0.9722222222222222,2,8,0.3,0.7,8,0.31009235978126526,0.29591798782348633,0.31009235978126526,0.29591798782348633,0.01417437195777893,-0.01417437195777893,0.6673484444618225,0.04538147523999214,0.18953660130500793
2026_08_18_00_59_48_029579_L3_left_C2,L3,C2,4.0,0.3389097514813868,blue,left,left,right,pick up the blue block,10,postgrasp,159,175,16,1.0,0.9722222222222222,3,8,0.3,0.7,8,0.34817051887512207,0.3233855068683624,0.34817051887512207,0.3233855068683624,0.024785012006759644,-0.024785012006759644,0.6673484444618225,0.04538147523999214,0.18953660130500793
2026_08_18_00_59_48_029579_L3_left_C2,L3,C2,4.0,0.3389097514813868,blue,left,left,right,pick up the blue block,10,postgrasp,159,175,16,1.0,0.9722222222222222,4,8,0.3,0.7,8,0.37624096870422363,0.3564107120037079,0.37624096870422363,0.3564107120037079,0.019830256700515747,-0.019830256700515747,0.6673484444618225,0.04538147523999214,0.18953660130500793
2026_08_18_00_59_48_029579_L3_left_C2,L3,C2,4.0,0.3389097514813868,blue,left,left,right,pick up the blue block,10,postgrasp,159,175,16,1.0,0.9722222222222222,5,8,0.3,0.7,8,0.32708317041397095,0.321074903011322,0.32708317041397095,0.321074903011322,0.006008267402648926,-0.006008267402648926,0.6673484444618225,0.04538147523999214,0.18953660130500793
2026_08_18_00_59_48_029579_L3_left_C2,L3,C2,4.0,0.3389097514813868,blue,left,left,right,pick up the blue block,10,postgrasp,159,175,16,1.0,0.9722222222222222,6,8,0.3,0.7,8,0.33101361989974976,0.31683284044265747,0.33101361989974976,0.31683284044265747,0.014180779457092285,-0.014180779457092285,0.6673484444618225,0.04538147523999214,0.18953660130500793
2026_08_18_00_59_48_029579_L3_left_C2,L3,C2,4.0,0.3389097514813868,blue,left,left,right,pick up the blue block,10,postgrasp,159,175,16,1.0,0.9722222222222222,7,8,0.3,0.7,8,0.3006970286369324,0.2852592468261719,0.3006970286369324,0.2852592468261719,0.015437781810760498,-0.015437781810760498,0.6673484444618225,0.04538147523999214,0.18953660130500793
2026_08_18_00_59_48_029579_L3_left_C2,L3,C2,4.0,0.3389097514813868,blue,left,left,right,pick up the blue block,10,postgrasp,159,175,16,1.0,0.9722222222222222,8,8,0.3,0.7,8,0.35670149326324463,0.340559184551239,0.35670149326324463,0.340559184551239,0.016142308712005615,-0.016142308712005615,0.6673484444618225,0.04538147523999214,0.18953660130500793
2026_08_18_00_59_48_029579_L3_left_C2,L3,C2,4.0,0.3389097514813868,blue,left,left,right,pick up the blue block,10,postgrasp,159,175,16,1.0,0.9722222222222222,9,8,0.3,0.7,8,0.3421957492828369,0.3274880647659302,0.3421957492828369,0.3274880647659302,0.014707684516906738,-0.014707684516906738,0.6673484444618225,0.04538147523999214,0.18953660130500793
2026_08_18_00_59_48_029579_L3_left_C2,L3,C2,4.0,0.3389097514813868,blue,left,left,right,pick up the blue block,11,postgrasp,175,180,5,1.0,1.0,0,8,0.3,0.7,8,0.45400217175483704,0.41388601064682007,0.45400217175483704,0.41388601064682007,0.04011616110801697,-0.04011616110801697,0.6673519611358643,0.04537909850478172,0.18953336775302887
2026_08_18_00_59_48_029579_L3_left_C2,L3,C2,4.0,0.3389097514813868,blue,left,left,right,pick up the blue block,11,postgrasp,175,180,5,1.0,1.0,1,8,0.3,0.7,8,0.4330088794231415,0.39160868525505066,0.4330088794231415,0.39160868525505066,0.04140019416809082,-0.04140019416809082,0.6673519611358643,0.04537909850478172,0.18953336775302887
2026_08_18_00_59_48_029579_L3_left_C2,L3,C2,4.0,0.3389097514813868,blue,left,left,right,pick up the blue block,11,postgrasp,175,180,5,1.0,1.0,2,8,0.3,0.7,8,0.44037893414497375,0.4170536994934082,0.44037893414497375,0.4170536994934082,0.023325234651565552,-0.023325234651565552,0.6673519611358643,0.04537909850478172,0.18953336775302887
2026_08_18_00_59_48_029579_L3_left_C2,L3,C2,4.0,0.3389097514813868,blue,left,left,right,pick up the blue block,11,postgrasp,175,180,5,1.0,1.0,3,8,0.3,0.7,8,0.3629469573497772,0.3362589180469513,0.3629469573497772,0.3362589180469513,0.026688039302825928,-0.026688039302825928,0.6673519611358643,0.04537909850478172,0.18953336775302887
2026_08_18_00_59_48_029579_L3_left_C2,L3,C2,4.0,0.3389097514813868,blue,left,left,right,pick up the blue block,11,postgrasp,175,180,5,1.0,1.0,4,8,0.3,0.7,8,0.46026644110679626,0.44259288907051086,0.46026644110679626,0.44259288907051086,0.0176735520362854,-0.0176735520362854,0.6673519611358643,0.04537909850478172,0.18953336775302887
2026_08_18_00_59_48_029579_L3_left_C2,L3,C2,4.0,0.3389097514813868,blue,left,left,right,pick up the blue block,11,postgrasp,175,180,5,1.0,1.0,5,8,0.3,0.7,8,0.44113683700561523,0.39719679951667786,0.44113683700561523,0.39719679951667786,0.04394003748893738,-0.04394003748893738,0.6673519611358643,0.04537909850478172,0.18953336775302887
2026_08_18_00_59_48_029579_L3_left_C2,L3,C2,4.0,0.3389097514813868,blue,left,left,right,pick up the blue block,11,postgrasp,175,180,5,1.0,1.0,6,8,0.3,0.7,8,0.40813350677490234,0.36657485365867615,0.40813350677490234,0.36657485365867615,0.041558653116226196,-0.041558653116226196,0.6673519611358643,0.04537909850478172,0.18953336775302887
2026_08_18_00_59_48_029579_L3_left_C2,L3,C2,4.0,0.3389097514813868,blue,left,left,right,pick up the blue block,11,postgrasp,175,180,5,1.0,1.0,7,8,0.3,0.7,8,0.44952884316444397,0.41660648584365845,0.44952884316444397,0.41660648584365845,0.03292235732078552,-0.03292235732078552,0.6673519611358643,0.04537909850478172,0.18953336775302887
2026_08_18_00_59_48_029579_L3_left_C2,L3,C2,4.0,0.3389097514813868,blue,left,left,right,pick up the blue block,11,postgrasp,175,180,5,1.0,1.0,8,8,0.3,0.7,8,0.4775833487510681,0.4606885313987732,0.4775833487510681,0.4606885313987732,0.016894817352294922,-0.016894817352294922,0.6673519611358643,0.04537909850478172,0.18953336775302887
2026_08_18_00_59_48_029579_L3_left_C2,L3,C2,4.0,0.3389097514813868,blue,left,left,right,pick up the blue block,11,postgrasp,175,180,5,1.0,1.0,9,8,0.3,0.7,8,0.5098739266395569,0.45902541279792786,0.5098739266395569,0.45902541279792786,0.05084851384162903,-0.05084851384162903,0.6673519611358643,0.04537909850478172,0.18953336775302887
