episode_id,layout_id,condition,target_color,target_side,blue_block_side,chunk_index,progress_pregrasp,seed,mode,first_prompt,second_prompt,energy_first,energy_second
2026_08_18_00_40_18_199635_L1_left_C0,L1,C0,blue,left,left,0,0.13793103448275862,0,blue_blue,pick up the blue block,pick up the blue block,0.3451828062534332,0.3451828062534332
2026_08_18_00_40_18_199635_L1_left_C0,L1,C0,blue,left,left,0,0.13793103448275862,0,red_red,pick up the red block,pick up the red block,0.3257603347301483,0.3257603347301483
2026_08_18_00_40_18_199635_L1_left_C0,L1,C0,blue,left,left,0,0.13793103448275862,0,blue_red,pick up the blue block,pick up the red block,0.3451828062534332,0.3257603347301483
2026_08_18_00_40_18_199635_L1_left_C0,L1,C0,blue,left,left,0,0.13793103448275862,0,red_blue,pick up the red block,pick up the blue block,0.3257603347301483,0.3451828062534332
2026_08_18_00_40_18_199635_L1_left_C0,L1,C0,blue,left,left,0,0.13793103448275862,1,blue_blue,pick up the blue block,pick up the blue block,0.25195226073265076,0.25195226073265076
2026_08_18_00_40_18_199635_L1_left_C0,L1,C0,blue,left,left,0,0.13793103448275862,1,red_red,pick up the red block,pick up the red block,0.23170757293701172,0.23170757293701172
2026_08_18_00_40_18_199635_L1_left_C0,L1,C0,blue,left,left,0,0.13793103448275862,1,blue_red,pick up the blue block,pick up the red block,0.25195226073265076,0.23170757293701172
2026_08_18_00_40_18_199635_L1_left_C0,L1,C0,blue,left,left,0,0.13793103448275862,1,red_blue,pick up the red block,pick up the blue block,0.23170757293701172,0.25195226073265076
2026_08_18_00_40_18_199635_L1_left_C0,L1,C0,blue,left,left,0,0.13793103448275862,2,blue_blue,pick up the blue block,pick up the blue block,0.359934538602829,0.359934538602829
2026_08_18_00_40_18_199635_L1_left_C0,L1,C0,blue,left,left,0,0.13793103448275862,2,red_red,pick up the red block,pick up the red block,0.3433007299900055,0.3433007299900055
2026_08_18_00_40_18_199635_L1_left_C0,L1,C0,blue,left,left,0,0.13793103448275862,2,blue_red,pick up the blue block,pick up the red block,0.359934538602829,0.3433007299900055
2026_08_18_00_40_18_199635_L1_left_C0,L1,C0,blue,left,left,0,0.13793103448275862,2,red_blue,pick up the red block,pick up the blue block,0.3433007299900055,0.359934538602829
2026_08_18_00_40_18_199635_L1_left_C0,L1,C0,blue,left,left,2,0.41379310344827586,0,blue_blue,pick up the blue block,pick up the blue block,0.38200587034225464,0.38200587034225464
2026_08_18_00_40_18_199635_L1_left_C0,L1,C0,blue,left,left,2,0.41379310344827586,0,red_red,pick up the red block,pick up the red block,0.3411036431789398,0.3411036431789398
2026_08_18_00_40_18_199635_L1_left_C0,L1,C0,blue,left,left,2,0.41379310344827586,0,blue_red,pick up the blue block,pick up the red block,0.38200587034225464,0.3411036431789398
2026_08_18_00_40_18_199635_L1_left_C0,L1,C0,blue,left,left,2,0.41379310344827586,0,red_blue,pick up the red block,pick up the blue block,0.3411036431789398,0.38200587034225464
2026_08_18_00_40_18_199635_L1_left_C0,L1,C0,blue,left,left,2,0.41379310344827586,1,blue_blue,pick up the blue block,pick up the blue block,0.30858567357063293,0.30858567357063293
2026_08_18_00_40_18_199635_L1_left_C0,L1,C0,blue,left,left,2,0.41379310344827586,1,red_red,pick up the red block,pick up the red block,0.29466843605041504,0.29466843605041504
2026_08_18_00_40_18_199635_L1_left_C0,L1,C0,blue,left,left,2,0.41379310344827586,1,blue_red,pick up the blue block,pick up the red block,0.30858567357063293,0.29466843605041504
2026_08_18_00_40_18_199635_L1_left_C0,L1,C0,blue,left,left,2,0.41379310344827586,1,red_blue,pick up the red block,pick up the blue block,0.29466843605041504,0.30858567357063293
2026_08_18_00_40_18_199635_L1_left_C0,L1,C0,blue,left,left,2,0.41379310344827586,2,blue_blue,pick up the blue block,pick up the blue block,0.36069485545158386,0.36069485545158386
2026_08_18_00_40_18_199635_L1_left_C0,L1,C0,blue,left,left,2,0.41379310344827586,2,red_red,pick up the red block,pick up the red block,0.334333598613739,0.334333598613739
2026_08_18_00_40_18_199635_L1_left_C0,L1,C0,blue,left,left,2,0.41379310344827586,2,blue_red,pick up the blue block,pick up the red block,0.36069485545158386,0.334333598613739
2026_08_18_00_40_18_199635_L1_left_C0,L1,C0,blue,left,left,2,0.41379310344827586,2,red_blue,pick up the red block,pick up the blue block,0.334333598613739,0.36069485545158386
2026_08_18_00_40_18_199635_L1_left_C0,L1,C0,blue,left,left,7,1.0,0,blue_blue,pick up the blue block,pick up the blue block,0.24775075912475586,0.24775075912475586
2026_08_18_00_40_18_199635_L1_left_C0,L1,C0,blue,left,left,7,1.0,0,red_red,pick up the red block,pick up the red block,0.2709277272224426,0.2709277272224426
2026_08_18_00_40_18_199635_L1_left_C0,L1,C0,blue,left,left,7,1.0,0,blue_red,pick up the blue block,pick up the red block,0.24775075912475586,0.2709277272224426
2026_08_18_00_40_18_199635_L1_left_C0,L1,C0,blue,left,left,7,1.0,0,red_blue,pick up the red block,pick up the blue block,0.2709277272224426,0.24775075912475586
2026_08_18_00_40_18_199635_L1_left_C0,L1,C0,blue,left,left,7,1.0,1,blue_blue,pick up the blue block,pick up the blue block,0.14565500617027283,0.14565500617027283
2026_08_18_00_40_18_199635_L1_left_C0,L1,C0,blue,left,left,7,1.0,1,red_red,pick up the red block,pick up the red block,0.1785142868757248,0.1785142868757248
2026_08_18_00_40_18_199635_L1_left_C0,L1,C0,blue,left,left,7,1.0,1,blue_red,pick up the blue block,pick up the red block,0.14565500617027283,0.1785142868757248
2026_08_18_00_40_18_199635_L1_left_C0,L1,C0,blue,left,left,7,1.0,1,red_blue,pick up the red block,pick up the blue block,0.1785142868757248,0.14565500617027283
2026_08_18_00_40_18_199635_L1_left_C0,L1,C0,blue,left,left,7,1.0,2,blue_blue,pick up the blue block,pick up the blue block,0.2204269915819168,0.2204269915819168
2026_08_18_00_40_18_199635_L1_left_C0,L1,C0,blue,left,left,7,1.0,2,red_red,pick up the red block,pick up the red block,0.2558252215385437,0.2558252215385437
2026_08_18_00_40_18_199635_L1_left_C0,L1,C0,blue,left,left,7,1.0,2,blue_red,pick up the blue block,pick up the red block,0.2204269915819168,0.2558252215385437
2026_08_18_00_40_18_199635_L1_left_C0,L1,C0,blue,left,left,7,1.0,2,red_blue,pick up the red block,pick up the blue block,0.2558252215385437,0.2204269915819168
2026_08_18_00_40_47_448240_L1_left_C1,L1,C1,blue,left,left,0,0.125,0,blue_blue,pick up the blue block,pick up the blue block,0.4120416045188904,0.4120416045188904
2026_08_18_00_40_47_448240_L1_left_C1,L1,C1,blue,left,left,0,0.125,0,red_red,pick up the red block,pick up the red block,0.3420083522796631,0.3420083522796631
2026_08_18_00_40_47_448240_L1_left_C1,L1,C1,blue,left,left,0,0.125,0,blue_red,pick up the blue block,pick up the red block,0.4120416045188904,0.3420083522796631
2026_08_18_00_40_47_448240_L1_left_C1,L1,C1,blue,left,left,0,0.125,0,red_blue,pick up the red block,pick up the blue block,0.3420083522796631,0.4120416045188904
2026_08_18_00_40_47_448240_L1_left_C1,L1,C1,blue,left,left,0,0.125,1,blue_blue,pick up the blue block,pick up the blue block,0.4480561316013336,0.4480561316013336
2026_08_18_00_40_47_448240_L1_left_C1,L1,C1,blue,left,left,0,0.125,1,red_red,pick up the red block,pick up the red block,0.398377001285553,0.398377001285553
2026_08_18_00_40_47_448240_L1_left_C1,L1,C1,blue,left,left,0,0.125,1,blue_red,pick up the blue block,pick up the red block,0.4480561316013336,0.398377001285553
2026_08_18_00_40_47_448240_L1_left_C1,L1,C1,blue,left,left,0,0.125,1,red_blue,pick up the red block,pick up the blue block,0.398377001285553,0.4480561316013336
2026_08_18_00_40_47_448240_L1_left_C1,L1,C1,blue,left,left,0,0.125,2,blue_blue,pick up the blue block,pick up the blue block,0.3986257016658783,0.3986257016658783
2026_08_18_00_40_47_448240_L1_left_C1,L1,C1,blue,left,left,0,0.125,2,red_red,pick up the red block,pick up the red block,0.3671474754810333,0.3671474754810333
2026_08_18_00_40_47_448240_L1_left_C1,L1,C1,blue,left,left,0,0.125,2,blue_red,pick up the blue block,pick up the red block,0.3986257016658783,0.3671474754810333
2026_08_18_00_40_47_448240_L1_left_C1,L1,C1,blue,left,left,0,0.125,2,red_blue,pick up the red block,pick up the blue block,0.3671474754810333,0.3986257016658783
2026_08_18_00_40_47_448240_L1_left_C1,L1,C1,blue,left,left,2,0.375,0,blue_blue,pick up the blue block,pick up the blue block,0.3786948323249817,0.3786948323249817
2026_08_18_00_40_47_448240_L1_left_C1,L1,C1,blue,left,left,2,0.375,0,red_red,pick up the red block,pick up the red block,0.32124263048171997,0.32124263048171997
2026_08_18_00_40_47_448240_L1_left_C1,L1,C1,blue,left,left,2,0.375,0,blue_red,pick up the blue block,pick up the red block,0.3786948323249817,0.32124263048171997
2026_08_18_00_40_47_448240_L1_left_C1,L1,C1,blue,left,left,2,0.375,0,red_blue,pick up the red block,pick up the blue block,0.32124263048171997,0.3786948323249817
2026_08_18_00_40_47_448240_L1_left_C1,L1,C1,blue,left,left,2,0.375,1,blue_blue,pick up the blue block,pick up the blue block,0.3538292646408081,0.3538292646408081
2026_08_18_00_40_47_448240_L1_left_C1,L1,C1,blue,left,left,2,0.375,1,red_red,pick up the red block,pick up the red block,0.2995836138725281,0.2995836138725281
2026_08_18_00_40_47_448240_L1_left_C1,L1,C1,blue,left,left,2,0.375,1,blue_red,pick up the blue block,pick up the red block,0.3538292646408081,0.2995836138725281
2026_08_18_00_40_47_448240_L1_left_C1,L1,C1,blue,left,left,2,0.375,1,red_blue,pick up the red block,pick up the blue block,0.2995836138725281,0.3538292646408081
2026_08_18_00_40_47_448240_L1_left_C1,L1,C1,blue,left,left,2,0.375,2,blue_blue,pick up the blue block,pick up the blue block,0.33314645290374756,0.33314645290374756
2026_08_18_00_40_47_448240_L1_left_C1,L1,C1,blue,left,left,2,0.375,2,red_red,pick up the red block,pick up the red block,0.2963157594203949,0.2963157594203949
2026_08_18_00_40_47_448240_L1_left_C1,L1,C1,blue,left,left,2,0.375,2,blue_red,pick up the blue block,pick up the red block,0.33314645290374756,0.2963157594203949
2026_08_18_00_40_47_448240_L1_left_C1,L1,C1,blue,left,left,2,0.375,2,red_blue,pick up the red block,pick up the blue block,0.2963157594203949,0.33314645290374756
2026_08_18_00_40_47_448240_L1_left_C1,L1,C1,blue,left,left,7,1.0,0,blue_blue,pick up the blue block,pick up the blue block,0.2593722343444824,0.2593722343444824
2026_08_18_00_40_47_448240_L1_left_C1,L1,C1,blue,left,left,7,1.0,0,red_red,pick up the red block,pick up the red block,0.2790607213973999,0.2790607213973999
2026_08_18_00_40_47_448240_L1_left_C1,L1,C1,blue,left,left,7,1.0,0,blue_red,pick up the blue block,pick up the red block,0.2593722343444824,0.2790607213973999
2026_08_18_00_40_47_448240_L1_left_C1,L1,C1,blue,left,left,7,1.0,0,red_blue,pick up the red block,pick up the blue block,0.2790607213973999,0.2593722343444824
2026_08_18_00_40_47_448240_L1_left_C1,L1,C1,blue,left,left,7,1.0,1,blue_blue,pick up the blue block,pick up the blue block,0.2363823801279068,0.2363823801279068
2026_08_18_00_40_47_448240_L1_left_C1,L1,C1,blue,left,left,7,1.0,1,red_red,pick up the red block,pick up the red block,0.24873587489128113,0.24873587489128113
2026_08_18_00_40_47_448240_L1_left_C1,L1,C1,blue,left,left,7,1.0,1,blue_red,pick up the blue block,pick up the red block,0.2363823801279068,0.24873587489128113
2026_08_18_00_40_47_448240_L1_left_C1,L1,C1,blue,left,left,7,1.0,1,red_blue,pick up the red block,pick up the blue block,0.24873587489128113,0.2363823801279068
2026_08_18_00_40_47_448240_L1_left_C1,L1,C1,blue,left,left,7,1.0,2,blue_blue,pick up the blue block,pick up the blue block,0.19867654144763947,0.19867654144763947
2026_08_18_00_40_47_448240_L1_left_C1,L1,C1,blue,left,left,7,1.0,2,red_red,pick up the red block,pick up the red block,0.2207496464252472,0.2207496464252472
2026_08_18_00_40_47_448240_L1_left_C1,L1,C1,blue,left,left,7,1.0,2,blue_red,pick up the blue block,pick up the red block,0.19867654144763947,0.2207496464252472
2026_08_18_00_40_47_448240_L1_left_C1,L1,C1,blue,left,left,7,1.0,2,red_blue,pick up the red block,pick up the blue block,0.2207496464252472,0.19867654144763947
2026_08_18_00_41_27_880068_L1_left_C2,L1,C2,blue,left,left,0,0.10256410256410256,0,blue_blue,pick up the blue block,pick up the blue block,0.3069092035293579,0.3069092035293579
2026_08_18_00_41_27_880068_L1_left_C2,L1,C2,blue,left,left,0,0.10256410256410256,0,red_red,pick up the red block,pick up the red block,0.2870272099971771,0.2870272099971771
2026_08_18_00_41_27_880068_L1_left_C2,L1,C2,blue,left,left,0,0.10256410256410256,0,blue_red,pick up the blue block,pick up the red block,0.3069092035293579,0.2870272099971771
2026_08_18_00_41_27_880068_L1_left_C2,L1,C2,blue,left,left,0,0.10256410256410256,0,red_blue,pick up the red block,pick up the blue block,0.2870272099971771,0.3069092035293579
2026_08_18_00_41_27_880068_L1_left_C2,L1,C2,blue,left,left,0,0.10256410256410256,1,blue_blue,pick up the blue block,pick up the blue block,0.2314293384552002,0.2314293384552002
2026_08_18_00_41_27_880068_L1_left_C2,L1,C2,blue,left,left,0,0.10256410256410256,1,red_red,pick up the red block,pick up the red block,0.22866280376911163,0.22866280376911163
2026_08_18_00_41_27_880068_L1_left_C2,L1,C2,blue,left,left,0,0.10256410256410256,1,blue_red,pick up the blue block,pick up the red block,0.2314293384552002,0.22866280376911163
2026_08_18_00_41_27_880068_L1_left_C2,L1,C2,blue,left,left,0,0.10256410256410256,1,red_blue,pick up the red block,pick up the blue block,0.22866280376911163,0.2314293384552002
2026_08_18_00_41_27_880068_L1_left_C2,L1,C2,blue,left,left,0,0.10256410256410256,2,blue_blue,pick up the blue block,pick up the blue block,0.2132076919078827,0.2132076919078827
2026_08_18_00_41_27_880068_L1_left_C2,L1,C2,blue,left,left,0,0.10256410256410256,2,red_red,pick up the red block,pick up the red block,0.20644384622573853,0.20644384622573853
2026_08_18_00_41_27_880068_L1_left_C2,L1,C2,blue,left,left,0,0.10256410256410256,2,blue_red,pick up the blue block,pick up the red block,0.2132076919078827,0.20644384622573853
2026_08_18_00_41_27_880068_L1_left_C2,L1,C2,blue,left,left,0,0.10256410256410256,2,red_blue,pick up the red block,pick up the blue block,0.20644384622573853,0.2132076919078827
2026_08_18_00_41_27_880068_L1_left_C2,L1,C2,blue,left,left,3,0.41025641025641024,0,blue_blue,pick up the blue block,pick up the blue block,0.28581616282463074,0.28581616282463074
2026_08_18_00_41_27_880068_L1_left_C2,L1,C2,blue,left,left,3,0.41025641025641024,0,red_red,pick up the red block,pick up the red block,0.2597310543060303,0.2597310543060303
2026_08_18_00_41_27_880068_L1_left_C2,L1,C2,blue,left,left,3,0.41025641025641024,0,blue_red,pick up the blue block,pick up the red block,0.28581616282463074,0.2597310543060303
2026_08_18_00_41_27_880068_L1_left_C2,L1,C2,blue,left,left,3,0.41025641025641024,0,red_blue,pick up the red block,pick up the blue block,0.2597310543060303,0.28581616282463074
2026_08_18_00_41_27_880068_L1_left_C2,L1,C2,blue,left,left,3,0.41025641025641024,1,blue_blue,pick up the blue block,pick up the blue block,0.22233933210372925,0.22233933210372925
2026_08_18_00_41_27_880068_L1_left_C2,L1,C2,blue,left,left,3,0.41025641025641024,1,red_red,pick up the red block,pick up the red block,0.20386093854904175,0.20386093854904175
2026_08_18_00_41_27_880068_L1_left_C2,L1,C2,blue,left,left,3,0.41025641025641024,1,blue_red,pick up the blue block,pick up the red block,0.22233933210372925,0.20386093854904175
2026_08_18_00_41_27_880068_L1_left_C2,L1,C2,blue,left,left,3,0.41025641025641024,1,red_blue,pick up the red block,pick up the blue block,0.20386093854904175,0.22233933210372925
2026_08_18_00_41_27_880068_L1_left_C2,L1,C2,blue,left,left,3,0.41025641025641024,2,blue_blue,pick up the blue block,pick up the blue block,0.44272559881210327,0.44272559881210327
2026_08_18_00_41_27_880068_L1_left_C2,L1,C2,blue,left,left,3,0.41025641025641024,2,red_red,pick up the red block,pick up the red block,0.430573970079422,0.430573970079422
2026_08_18_00_41_27_880068_L1_left_C2,L1,C2,blue,left,left,3,0.41025641025641024,2,blue_red,pick up the blue block,pick up the red block,0.44272559881210327,0.430573970079422
2026_08_18_00_41_27_880068_L1_left_C2,L1,C2,blue,left,left,3,0.41025641025641024,2,red_blue,pick up the red block,pick up the blue block,0.430573970079422,0.44272559881210327
2026_08_18_00_41_27_880068_L1_left_C2,L1,C2,blue,left,left,9,1.0,0,blue_blue,pick up the blue block,pick up the blue block,0.17740577459335327,0.17740577459335327
2026_08_18_00_41_27_880068_L1_left_C2,L1,C2,blue,left,left,9,1.0,0,red_red,pick up the red block,pick up the red block,0.19649437069892883,0.19649437069892883
2026_08_18_00_41_27_880068_L1_left_C2,L1,C2,blue,left,left,9,1.0,0,blue_red,pick up the blue block,pick up the red block,0.17740577459335327,0.19649437069892883
2026_08_18_00_41_27_880068_L1_left_C2,L1,C2,blue,left,left,9,1.0,0,red_blue,pick up the red block,pick up the blue block,0.19649437069892883,0.17740577459335327
2026_08_18_00_41_27_880068_L1_left_C2,L1,C2,blue,left,left,9,1.0,1,blue_blue,pick up the blue block,pick up the blue block,0.216607004404068,0.216607004404068
2026_08_18_00_41_27_880068_L1_left_C2,L1,C2,blue,left,left,9,1.0,1,red_red,pick up the red block,pick up the red block,0.23167303204536438,0.23167303204536438
2026_08_18_00_41_27_880068_L1_left_C2,L1,C2,blue,left,left,9,1.0,1,blue_red,pick up the blue block,pick up the red block,0.216607004404068,0.23167303204536438
2026_08_18_00_41_27_880068_L1_left_C2,L1,C2,blue,left,left,9,1.0,1,red_blue,pick up the red block,pick up the blue block,0.23167303204536438,0.216607004404068
2026_08_18_00_41_27_880068_L1_left_C2,L1,C2,blue,left,left,9,1.0,2,blue_blue,pick up the blue block,pick up the blue block,0.26805323362350464,0.26805323362350464
2026_08_18_00_41_27_880068_L1_left_C2,L1,C2,blue,left,left,9,1.0,2,red_red,pick up the red block,pick up the red block,0.2712683081626892,0.2712683081626892
2026_08_18_00_41_27_880068_L1_left_C2,L1,C2,blue,left,left,9,1.0,2,blue_red,pick up the blue block,pick up the red block,0.26805323362350464,0.2712683081626892
2026_08_18_00_41_27_880068_L1_left_C2,L1,C2,blue,left,left,9,1.0,2,red_blue,pick up the red block,pick up the blue block,0.2712683081626892,0.26805323362350464
2026_08_18_00_45_28_073578_L1_right_C0,L1,C0,red,right,left,0,0.13793103448275862,0,blue_blue,pick up the blue block,pick up the blue block,0.2611653208732605,0.2611653208732605
2026_08_18_00_45_28_073578_L1_right_C0,L1,C0,red,right,left,0,0.13793103448275862,0,red_red,pick up the red block,pick up the red block,0.25831547379493713,0.25831547379493713
2026_08_18_00_45_28_073578_L1_right_C0,L1,C0,red,right,left,0,0.13793103448275862,0,blue_red,pick up the blue block,pick up the red block,0.2611653208732605,0.25831547379493713
2026_08_18_00_45_28_073578_L1_right_C0,L1,C0,red,right,left,0,0.13793103448275862,0,red_blue,pick up the red block,pick up the blue block,0.25831547379493713,0.2611653208732605
2026_08_18_00_45_28_073578_L1_right_C0,L1,C0,red,right,left,0,0.13793103448275862,1,blue_blue,pick up the blue block,pick up the blue block,0.20759625732898712,0.20759625732898712
2026_08_18_00_45_28_073578_L1_right_C0,L1,C0,red,right,left,0,0.13793103448275862,1,red_red,pick up the red block,pick up the red block,0.19395066797733307,0.19395066797733307
2026_08_18_00_45_28_073578_L1_right_C0,L1,C0,red,right,left,0,0.13793103448275862,1,blue_red,pick up the blue block,pick up the red block,0.20759625732898712,0.19395066797733307
2026_08_18_00_45_28_073578_L1_right_C0,L1,C0,red,right,left,0,0.13793103448275862,1,red_blue,pick up the red block,pick up the blue block,0.19395066797733307,0.20759625732898712
2026_08_18_00_45_28_073578_L1_right_C0,L1,C0,red,right,left,0,0.13793103448275862,2,blue_blue,pick up the blue block,pick up the blue block,0.17924867570400238,0.17924867570400238
2026_08_18_00_45_28_073578_L1_right_C0,L1,C0,red,right,left,0,0.13793103448275862,2,red_red,pick up the red block,pick up the red block,0.17091414332389832,0.17091414332389832
2026_08_18_00_45_28_073578_L1_right_C0,L1,C0,red,right,left,0,0.13793103448275862,2,blue_red,pick up the blue block,pick up the red block,0.17924867570400238,0.17091414332389832
2026_08_18_00_45_28_073578_L1_right_C0,L1,C0,red,right,left,0,0.13793103448275862,2,red_blue,pick up the red block,pick up the blue block,0.17091414332389832,0.17924867570400238
2026_08_18_00_45_28_073578_L1_right_C0,L1,C0,red,right,left,2,0.41379310344827586,0,blue_blue,pick up the blue block,pick up the blue block,0.2359238862991333,0.2359238862991333
2026_08_18_00_45_28_073578_L1_right_C0,L1,C0,red,right,left,2,0.41379310344827586,0,red_red,pick up the red block,pick up the red block,0.264579713344574,0.264579713344574
2026_08_18_00_45_28_073578_L1_right_C0,L1,C0,red,right,left,2,0.41379310344827586,0,blue_red,pick up the blue block,pick up the red block,0.2359238862991333,0.264579713344574
2026_08_18_00_45_28_073578_L1_right_C0,L1,C0,red,right,left,2,0.41379310344827586,0,red_blue,pick up the red block,pick up the blue block,0.264579713344574,0.2359238862991333
2026_08_18_00_45_28_073578_L1_right_C0,L1,C0,red,right,left,2,0.41379310344827586,1,blue_blue,pick up the blue block,pick up the blue block,0.2503066658973694,0.2503066658973694
2026_08_18_00_45_28_073578_L1_right_C0,L1,C0,red,right,left,2,0.41379310344827586,1,red_red,pick up the red block,pick up the red block,0.30975863337516785,0.30975863337516785
2026_08_18_00_45_28_073578_L1_right_C0,L1,C0,red,right,left,2,0.41379310344827586,1,blue_red,pick up the blue block,pick up the red block,0.2503066658973694,0.30975863337516785
2026_08_18_00_45_28_073578_L1_right_C0,L1,C0,red,right,left,2,0.41379310344827586,1,red_blue,pick up the red block,pick up the blue block,0.30975863337516785,0.2503066658973694
2026_08_18_00_45_28_073578_L1_right_C0,L1,C0,red,right,left,2,0.41379310344827586,2,blue_blue,pick up the blue block,pick up the blue block,0.2597508132457733,0.2597508132457733
2026_08_18_00_45_28_073578_L1_right_C0,L1,C0,red,right,left,2,0.41379310344827586,2,red_red,pick up the red block,pick up the red block,0.2730170786380768,0.2730170786380768
2026_08_18_00_45_28_073578_L1_right_C0,L1,C0,red,right,left,2,0.41379310344827586,2,blue_red,pick up the blue block,pick up the red block,0.2597508132457733,0.2730170786380768
2026_08_18_00_45_28_073578_L1_right_C0,L1,C0,red,right,left,2,0.41379310344827586,2,red_blue,pick up the red block,pick up the blue block,0.2730170786380768,0.2597508132457733
2026_08_18_00_45_28_073578_L1_right_C0,L1,C0,red,right,left,7,1.0,0,blue_blue,pick up the blue block,pick up the blue block,0.3112148940563202,0.3112148940563202
2026_08_18_00_45_28_073578_L1_right_C0,L1,C0,red,right,left,7,1.0,0,red_red,pick up the red block,pick up the red block,0.26873961091041565,0.26873961091041565
2026_08_18_00_45_28_073578_L1_right_C0,L1,C0,red,right,left,7,1.0,0,blue_red,pick up the blue block,pick up the red block,0.3112148940563202,0.26873961091041565
2026_08_18_00_45_28_073578_L1_right_C0,L1,C0,red,right,left,7,1.0,0,red_blue,pick up the red block,pick up the blue block,0.26873961091041565,0.3112148940563202
2026_08_18_00_45_28_073578_L1_right_C0,L1,C0,red,right,left,7,1.0,1,blue_blue,pick up the blue block,pick up the blue block,0.29819566011428833,0.29819566011428833
2026_08_18_00_45_28_073578_L1_right_C0,L1,C0,red,right,left,7,1.0,1,red_red,pick up the red block,pick up the red block,0.24051135778427124,0.24051135778427124
2026_08_18_00_45_28_073578_L1_right_C0,L1,C0,red,right,left,7,1.0,1,blue_red,pick up the blue block,pick up the red block,0.29819566011428833,0.24051135778427124
2026_08_18_00_45_28_073578_L1_right_C0,L1,C0,red,right,left,7,1.0,1,red_blue,pick up the red block,pick up the blue block,0.24051135778427124,0.29819566011428833
2026_08_18_00_45_28_073578_L1_right_C0,L1,C0,red,right,left,7,1.0,2,blue_blue,pick up the blue block,pick up the blue block,0.2844369113445282,0.2844369113445282
2026_08_18_00_45_28_073578_L1_right_C0,L1,C0,red,right,left,7,1.0,2,red_red,pick up the red block,pick up the red block,0.2098710983991623,0.2098710983991623
2026_08_18_00_45_28_073578_L1_right_C0,L1,C0,red,right,left,7,1.0,2,blue_red,pick up the blue block,pick up the red block,0.2844369113445282,0.2098710983991623
2026_08_18_00_45_28_073578_L1_right_C0,L1,C0,red,right,left,7,1.0,2,red_blue,pick up the red block,pick up the blue block,0.2098710983991623,0.2844369113445282
2026_08_18_00_45_56_961481_L1_right_C1,L1,C1,red,right,left,0,0.125,0,blue_blue,pick up the blue block,pick up the blue block,0.4377864599227905,0.4377864599227905
2026_08_18_00_45_56_961481_L1_right_C1,L1,C1,red,right,left,0,0.125,0,red_red,pick up the red block,pick up the red block,0.42640647292137146,0.42640647292137146
2026_08_18_00_45_56_961481_L1_right_C1,L1,C1,red,right,left,0,0.125,0,blue_red,pick up the blue block,pick up the red block,0.4377864599227905,0.42640647292137146
2026_08_18_00_45_56_961481_L1_right_C1,L1,C1,red,right,left,0,0.125,0,red_blue,pick up the red block,pick up the blue block,0.42640647292137146,0.4377864599227905
2026_08_18_00_45_56_961481_L1_right_C1,L1,C1,red,right,left,0,0.125,1,blue_blue,pick up the blue block,pick up the blue block,0.40070095658302307,0.40070095658302307
2026_08_18_00_45_56_961481_L1_right_C1,L1,C1,red,right,left,0,0.125,1,red_red,pick up the red block,pick up the red block,0.3854427933692932,0.3854427933692932
2026_08_18_00_45_56_961481_L1_right_C1,L1,C1,red,right,left,0,0.125,1,blue_red,pick up the blue block,pick up the red block,0.40070095658302307,0.3854427933692932
2026_08_18_00_45_56_961481_L1_right_C1,L1,C1,red,right,left,0,0.125,1,red_blue,pick up the red block,pick up the blue block,0.3854427933692932,0.40070095658302307
2026_08_18_00_45_56_961481_L1_right_C1,L1,C1,red,right,left,0,0.125,2,blue_blue,pick up the blue block,pick up the blue block,0.29510295391082764,0.29510295391082764
2026_08_18_00_45_56_961481_L1_right_C1,L1,C1,red,right,left,0,0.125,2,red_red,pick up the red block,pick up the red block,0.2710583209991455,0.2710583209991455
2026_08_18_00_45_56_961481_L1_right_C1,L1,C1,red,right,left,0,0.125,2,blue_red,pick up the blue block,pick up the red block,0.29510295391082764,0.2710583209991455
2026_08_18_00_45_56_961481_L1_right_C1,L1,C1,red,right,left,0,0.125,2,red_blue,pick up the red block,pick up the blue block,0.2710583209991455,0.29510295391082764
2026_08_18_00_45_56_961481_L1_right_C1,L1,C1,red,right,left,2,0.375,0,blue_blue,pick up the blue block,pick up the blue block,0.260154128074646,0.260154128074646
2026_08_18_00_45_56_961481_L1_right_C1,L1,C1,red,right,left,2,0.375,0,red_red,pick up the red block,pick up the red block,0.2714945077896118,0.2714945077896118
2026_08_18_00_45_56_961481_L1_right_C1,L1,C1,red,right,left,2,0.375,0,blue_red,pick up the blue block,pick up the red block,0.260154128074646,0.2714945077896118
2026_08_18_00_45_56_961481_L1_right_C1,L1,C1,red,right,left,2,0.375,0,red_blue,pick up the red block,pick up the blue block,0.2714945077896118,0.260154128074646
2026_08_18_00_45_56_961481_L1_right_C1,L1,C1,red,right,left,2,0.375,1,blue_blue,pick up the blue block,pick up the blue block,0.34755828976631165,0.34755828976631165
2026_08_18_00_45_56_961481_L1_right_C1,L1,C1,red,right,left,2,0.375,1,red_red,pick up the red block,pick up the red block,0.3431609272956848,0.3431609272956848
2026_08_18_00_45_56_961481_L1_right_C1,L1,C1,red,right,left,2,0.375,1,blue_red,pick up the blue block,pick up the red block,0.34755828976631165,0.3431609272956848
2026_08_18_00_45_56_961481_L1_right_C1,L1,C1,red,right,left,2,0.375,1,red_blue,pick up the red block,pick up the blue block,0.3431609272956848,0.34755828976631165
2026_08_18_00_45_56_961481_L1_right_C1,L1,C1,red,right,left,2,0.375,2,blue_blue,pick up the blue block,pick up the blue block,0.20277628302574158,0.20277628302574158
2026_08_18_00_45_56_961481_L1_right_C1,L1,C1,red,right,left,2,0.375,2,red_red,pick up the red block,pick up the red block,0.2440660297870636,0.2440660297870636
2026_08_18_00_45_56_961481_L1_right_C1,L1,C1,red,right,left,2,0.375,2,blue_red,pick up the blue block,pick up the red block,0.20277628302574158,0.2440660297870636
2026_08_18_00_45_56_961481_L1_right_C1,L1,C1,red,right,left,2,0.375,2,red_blue,pick up the red block,pick up the blue block,0.2440660297870636,0.20277628302574158
2026_08_18_00_45_56_961481_L1_right_C1,L1,C1,red,right,left,7,1.0,0,blue_blue,pick up the blue block,pick up the blue block,0.27301108837127686,0.27301108837127686
2026_08_18_00_45_56_961481_L1_right_C1,L1,C1,red,right,left,7,1.0,0,red_red,pick up the red block,pick up the red block,0.21208760142326355,0.21208760142326355
2026_08_18_00_45_56_961481_L1_right_C1,L1,C1,red,right,left,7,1.0,0,blue_red,pick up the blue block,pick up the red block,0.27301108837127686,0.21208760142326355
2026_08_18_00_45_56_961481_L1_right_C1,L1,C1,red,right,left,7,1.0,0,red_blue,pick up the red block,pick up the blue block,0.21208760142326355,0.27301108837127686
2026_08_18_00_45_56_961481_L1_right_C1,L1,C1,red,right,left,7,1.0,1,blue_blue,pick up the blue block,pick up the blue block,0.36426204442977905,0.36426204442977905
2026_08_18_00_45_56_961481_L1_right_C1,L1,C1,red,right,left,7,1.0,1,red_red,pick up the red block,pick up the red block,0.30724868178367615,0.30724868178367615
2026_08_18_00_45_56_961481_L1_right_C1,L1,C1,red,right,left,7,1.0,1,blue_red,pick up the blue block,pick up the red block,0.36426204442977905,0.30724868178367615
2026_08_18_00_45_56_961481_L1_right_C1,L1,C1,red,right,left,7,1.0,1,red_blue,pick up the red block,pick up the blue block,0.30724868178367615,0.36426204442977905
2026_08_18_00_45_56_961481_L1_right_C1,L1,C1,red,right,left,7,1.0,2,blue_blue,pick up the blue block,pick up the blue block,0.3599020540714264,0.3599020540714264
2026_08_18_00_45_56_961481_L1_right_C1,L1,C1,red,right,left,7,1.0,2,red_red,pick up the red block,pick up the red block,0.29918307065963745,0.29918307065963745
2026_08_18_00_45_56_961481_L1_right_C1,L1,C1,red,right,left,7,1.0,2,blue_red,pick up the blue block,pick up the red block,0.3599020540714264,0.29918307065963745
2026_08_18_00_45_56_961481_L1_right_C1,L1,C1,red,right,left,7,1.0,2,red_blue,pick up the red block,pick up the blue block,0.29918307065963745,0.3599020540714264
2026_08_18_00_46_25_193744_L1_right_C2,L1,C2,red,right,left,0,0.10256410256410256,0,blue_blue,pick up the blue block,pick up the blue block,0.29515889286994934,0.29515889286994934
2026_08_18_00_46_25_193744_L1_right_C2,L1,C2,red,right,left,0,0.10256410256410256,0,red_red,pick up the red block,pick up the red block,0.2958085238933563,0.2958085238933563
2026_08_18_00_46_25_193744_L1_right_C2,L1,C2,red,right,left,0,0.10256410256410256,0,blue_red,pick up the blue block,pick up the red block,0.29515889286994934,0.2958085238933563
2026_08_18_00_46_25_193744_L1_right_C2,L1,C2,red,right,left,0,0.10256410256410256,0,red_blue,pick up the red block,pick up the blue block,0.2958085238933563,0.29515889286994934
2026_08_18_00_46_25_193744_L1_right_C2,L1,C2,red,right,left,0,0.10256410256410256,1,blue_blue,pick up the blue block,pick up the blue block,0.43626993894577026,0.43626993894577026
2026_08_18_00_46_25_193744_L1_right_C2,L1,C2,red,right,left,0,0.10256410256410256,1,red_red,pick up the red block,pick up the red block,0.39177972078323364,0.39177972078323364
2026_08_18_00_46_25_193744_L1_right_C2,L1,C2,red,right,left,0,0.10256410256410256,1,blue_red,pick up the blue block,pick up the red block,0.43626993894577026,0.39177972078323364
2026_08_18_00_46_25_193744_L1_right_C2,L1,C2,red,right,left,0,0.10256410256410256,1,red_blue,pick up the red block,pick up the blue block,0.39177972078323364,0.43626993894577026
2026_08_18_00_46_25_193744_L1_right_C2,L1,C2,red,right,left,0,0.10256410256410256,2,blue_blue,pick up the blue block,pick up the blue block,0.4256499409675598,0.4256499409675598
2026_08_18_00_46_25_193744_L1_right_C2,L1,C2,red,right,left,0,0.10256410256410256,2,red_red,pick up the red block,pick up the red block,0.3908395767211914,0.3908395767211914
2026_08_18_00_46_25_193744_L1_right_C2,L1,C2,red,right,left,0,0.10256410256410256,2,blue_red,pick up the blue block,pick up the red block,0.4256499409675598,0.3908395767211914
2026_08_18_00_46_25_193744_L1_right_C2,L1,C2,red,right,left,0,0.10256410256410256,2,red_blue,pick up the red block,pick up the blue block,0.3908395767211914,0.4256499409675598
2026_08_18_00_46_25_193744_L1_right_C2,L1,C2,red,right,left,3,0.41025641025641024,0,blue_blue,pick up the blue block,pick up the blue block,0.15306086838245392,0.15306086838245392
2026_08_18_00_46_25_193744_L1_right_C2,L1,C2,red,right,left,3,0.41025641025641024,0,red_red,pick up the red block,pick up the red block,0.18034856021404266,0.18034856021404266
2026_08_18_00_46_25_193744_L1_right_C2,L1,C2,red,right,left,3,0.41025641025641024,0,blue_red,pick up the blue block,pick up the red block,0.15306086838245392,0.18034856021404266
2026_08_18_00_46_25_193744_L1_right_C2,L1,C2,red,right,left,3,0.41025641025641024,0,red_blue,pick up the red block,pick up the blue block,0.18034856021404266,0.15306086838245392
2026_08_18_00_46_25_193744_L1_right_C2,L1,C2,red,right,left,3,0.41025641025641024,1,blue_blue,pick up the blue block,pick up the blue block,0.22280044853687286,0.22280044853687286
2026_08_18_00_46_25_193744_L1_right_C2,L1,C2,red,right,left,3,0.41025641025641024,1,red_red,pick up the red block,pick up the red block,0.229426309466362,0.229426309466362
2026_08_18_00_46_25_193744_L1_right_C2,L1,C2,red,right,left,3,0.41025641025641024,1,blue_red,pick up the blue block,pick up the red block,0.22280044853687286,0.229426309466362
2026_08_18_00_46_25_193744_L1_right_C2,L1,C2,red,right,left,3,0.41025641025641024,1,red_blue,pick up the red block,pick up the blue block,0.229426309466362,0.22280044853687286
2026_08_18_00_46_25_193744_L1_right_C2,L1,C2,red,right,left,3,0.41025641025641024,2,blue_blue,pick up the blue block,pick up the blue block,0.2042495608329773,0.2042495608329773
2026_08_18_00_46_25_193744_L1_right_C2,L1,C2,red,right,left,3,0.41025641025641024,2,red_red,pick up the red block,pick up the red block,0.2158747911453247,0.2158747911453247
2026_08_18_00_46_25_193744_L1_right_C2,L1,C2,red,right,left,3,0.41025641025641024,2,blue_red,pick up the blue block,pick up the red block,0.2042495608329773,0.2158747911453247
2026_08_18_00_46_25_193744_L1_right_C2,L1,C2,red,right,left,3,0.41025641025641024,2,red_blue,pick up the red block,pick up the blue block,0.2158747911453247,0.2042495608329773
2026_08_18_00_46_25_193744_L1_right_C2,L1,C2,red,right,left,9,1.0,0,blue_blue,pick up the blue block,pick up the blue block,0.31661513447761536,0.31661513447761536
2026_08_18_00_46_25_193744_L1_right_C2,L1,C2,red,right,left,9,1.0,0,red_red,pick up the red block,pick up the red block,0.3048001229763031,0.3048001229763031
2026_08_18_00_46_25_193744_L1_right_C2,L1,C2,red,right,left,9,1.0,0,blue_red,pick up the blue block,pick up the red block,0.31661513447761536,0.3048001229763031
2026_08_18_00_46_25_193744_L1_right_C2,L1,C2,red,right,left,9,1.0,0,red_blue,pick up the red block,pick up the blue block,0.3048001229763031,0.31661513447761536
2026_08_18_00_46_25_193744_L1_right_C2,L1,C2,red,right,left,9,1.0,1,blue_blue,pick up the blue block,pick up the blue block,0.31520459055900574,0.31520459055900574
2026_08_18_00_46_25_193744_L1_right_C2,L1,C2,red,right,left,9,1.0,1,red_red,pick up the red block,pick up the red block,0.3142992854118347,0.3142992854118347
2026_08_18_00_46_25_193744_L1_right_C2,L1,C2,red,right,left,9,1.0,1,blue_red,pick up the blue block,pick up the red block,0.31520459055900574,0.3142992854118347
2026_08_18_00_46_25_193744_L1_right_C2,L1,C2,red,right,left,9,1.0,1,red_blue,pick up the red block,pick up the blue block,0.3142992854118347,0.31520459055900574
2026_08_18_00_46_25_193744_L1_right_C2,L1,C2,red,right,left,9,1.0,2,blue_blue,pick up the blue block,pick up the blue block,0.2576170265674591,0.2576170265674591
2026_08_18_00_46_25_193744_L1_right_C2,L1,C2,red,right,left,9,1.0,2,red_red,pick up the red block,pick up the red block,0.2520428001880646,0.2520428001880646
2026_08_18_00_46_25_193744_L1_right_C2,L1,C2,red,right,left,9,1.0,2,blue_red,pick up the blue block,pick up the red block,0.2576170265674591,0.2520428001880646
2026_08_18_00_46_25_193744_L1_right_C2,L1,C2,red,right,left,9,1.0,2,red_blue,pick up the red block,pick up the blue block,0.2520428001880646,0.2576170265674591
2026_08_18_00_48_13_457980_L1_left_C0,L1,C0,red,left,right,0,0.13793103448275862,0,blue_blue,pick up the blue block,pick up the blue block,0.3307797312736511,0.3307797312736511
2026_08_18_00_48_13_457980_L1_left_C0,L1,C0,red,left,right,0,0.13793103448275862,0,red_red,pick up the red block,pick up the red block,0.32158276438713074,0.32158276438713074
2026_08_18_00_48_13_457980_L1_left_C0,L1,C0,red,left,right,0,0.13793103448275862,0,blue_red,pick up the blue block,pick up the red block,0.3307797312736511,0.32158276438713074
2026_08_18_00_48_13_457980_L1_left_C0,L1,C0,red,left,right,0,0.13793103448275862,0,red_blue,pick up the red block,pick up the blue block,0.32158276438713074,0.3307797312736511
2026_08_18_00_48_13_457980_L1_left_C0,L1,C0,red,left,right,0,0.13793103448275862,1,blue_blue,pick up the blue block,pick up the blue block,0.45754674077033997,0.45754674077033997
2026_08_18_00_48_13_457980_L1_left_C0,L1,C0,red,left,right,0,0.13793103448275862,1,red_red,pick up the red block,pick up the red block,0.4495643079280853,0.4495643079280853
2026_08_18_00_48_13_457980_L1_left_C0,L1,C0,red,left,right,0,0.13793103448275862,1,blue_red,pick up the blue block,pick up the red block,0.45754674077033997,0.4495643079280853
2026_08_18_00_48_13_457980_L1_left_C0,L1,C0,red,left,right,0,0.13793103448275862,1,red_blue,pick up the red block,pick up the blue block,0.4495643079280853,0.45754674077033997
2026_08_18_00_48_13_457980_L1_left_C0,L1,C0,red,left,right,0,0.13793103448275862,2,blue_blue,pick up the blue block,pick up the blue block,0.30367934703826904,0.30367934703826904
2026_08_18_00_48_13_457980_L1_left_C0,L1,C0,red,left,right,0,0.13793103448275862,2,red_red,pick up the red block,pick up the red block,0.3000216484069824,0.3000216484069824
2026_08_18_00_48_13_457980_L1_left_C0,L1,C0,red,left,right,0,0.13793103448275862,2,blue_red,pick up the blue block,pick up the red block,0.30367934703826904,0.3000216484069824
2026_08_18_00_48_13_457980_L1_left_C0,L1,C0,red,left,right,0,0.13793103448275862,2,red_blue,pick up the red block,pick up the blue block,0.3000216484069824,0.30367934703826904
2026_08_18_00_48_13_457980_L1_left_C0,L1,C0,red,left,right,2,0.41379310344827586,0,blue_blue,pick up the blue block,pick up the blue block,0.24622686207294464,0.24622686207294464
2026_08_18_00_48_13_457980_L1_left_C0,L1,C0,red,left,right,2,0.41379310344827586,0,red_red,pick up the red block,pick up the red block,0.24854637682437897,0.24854637682437897
2026_08_18_00_48_13_457980_L1_left_C0,L1,C0,red,left,right,2,0.41379310344827586,0,blue_red,pick up the blue block,pick up the red block,0.24622686207294464,0.24854637682437897
2026_08_18_00_48_13_457980_L1_left_C0,L1,C0,red,left,right,2,0.41379310344827586,0,red_blue,pick up the red block,pick up the blue block,0.24854637682437897,0.24622686207294464
2026_08_18_00_48_13_457980_L1_left_C0,L1,C0,red,left,right,2,0.41379310344827586,1,blue_blue,pick up the blue block,pick up the blue block,0.21083328127861023,0.21083328127861023
2026_08_18_00_48_13_457980_L1_left_C0,L1,C0,red,left,right,2,0.41379310344827586,1,red_red,pick up the red block,pick up the red block,0.21027684211730957,0.21027684211730957
2026_08_18_00_48_13_457980_L1_left_C0,L1,C0,red,left,right,2,0.41379310344827586,1,blue_red,pick up the blue block,pick up the red block,0.21083328127861023,0.21027684211730957
2026_08_18_00_48_13_457980_L1_left_C0,L1,C0,red,left,right,2,0.41379310344827586,1,red_blue,pick up the red block,pick up the blue block,0.21027684211730957,0.21083328127861023
2026_08_18_00_48_13_457980_L1_left_C0,L1,C0,red,left,right,2,0.41379310344827586,2,blue_blue,pick up the blue block,pick up the blue block,0.3555859625339508,0.3555859625339508
2026_08_18_00_48_13_457980_L1_left_C0,L1,C0,red,left,right,2,0.41379310344827586,2,red_red,pick up the red block,pick up the red block,0.3543546199798584,0.3543546199798584
2026_08_18_00_48_13_457980_L1_left_C0,L1,C0,red,left,right,2,0.41379310344827586,2,blue_red,pick up the blue block,pick up the red block,0.3555859625339508,0.3543546199798584
2026_08_18_00_48_13_457980_L1_left_C0,L1,C0,red,left,right,2,0.41379310344827586,2,red_blue,pick up the red block,pick up the blue block,0.3543546199798584,0.3555859625339508
2026_08_18_00_48_13_457980_L1_left_C0,L1,C0,red,left,right,7,1.0,0,blue_blue,pick up the blue block,pick up the blue block,0.23667864501476288,0.23667864501476288
2026_08_18_00_48_13_457980_L1_left_C0,L1,C0,red,left,right,7,1.0,0,red_red,pick up the red block,pick up the red block,0.21299433708190918,0.21299433708190918
2026_08_18_00_48_13_457980_L1_left_C0,L1,C0,red,left,right,7,1.0,0,blue_red,pick up the blue block,pick up the red block,0.23667864501476288,0.21299433708190918
2026_08_18_00_48_13_457980_L1_left_C0,L1,C0,red,left,right,7,1.0,0,red_blue,pick up the red block,pick up the blue block,0.21299433708190918,0.23667864501476288
2026_08_18_00_48_13_457980_L1_left_C0,L1,C0,red,left,right,7,1.0,1,blue_blue,pick up the blue block,pick up the blue block,0.31454262137413025,0.31454262137413025
2026_08_18_00_48_13_457980_L1_left_C0,L1,C0,red,left,right,7,1.0,1,red_red,pick up the red block,pick up the red block,0.30570706725120544,0.30570706725120544
2026_08_18_00_48_13_457980_L1_left_C0,L1,C0,red,left,right,7,1.0,1,blue_red,pick up the blue block,pick up the red block,0.31454262137413025,0.30570706725120544
2026_08_18_00_48_13_457980_L1_left_C0,L1,C0,red,left,right,7,1.0,1,red_blue,pick up the red block,pick up the blue block,0.30570706725120544,0.31454262137413025
2026_08_18_00_48_13_457980_L1_left_C0,L1,C0,red,left,right,7,1.0,2,blue_blue,pick up the blue block,pick up the blue block,0.30024442076683044,0.30024442076683044
2026_08_18_00_48_13_457980_L1_left_C0,L1,C0,red,left,right,7,1.0,2,red_red,pick up the red block,pick up the red block,0.29965147376060486,0.29965147376060486
2026_08_18_00_48_13_457980_L1_left_C0,L1,C0,red,left,right,7,1.0,2,blue_red,pick up the blue block,pick up the red block,0.30024442076683044,0.29965147376060486
2026_08_18_00_48_13_457980_L1_left_C0,L1,C0,red,left,right,7,1.0,2,red_blue,pick up the red block,pick up the blue block,0.29965147376060486,0.30024442076683044
2026_08_18_00_49_05_482404_L1_left_C1,L1,C1,red,left,right,0,0.125,0,blue_blue,pick up the blue block,pick up the blue block,0.3985268771648407,0.3985268771648407
2026_08_18_00_49_05_482404_L1_left_C1,L1,C1,red,left,right,0,0.125,0,red_red,pick up the red block,pick up the red block,0.4195410907268524,0.4195410907268524
2026_08_18_00_49_05_482404_L1_left_C1,L1,C1,red,left,right,0,0.125,0,blue_red,pick up the blue block,pick up the red block,0.3985268771648407,0.4195410907268524
2026_08_18_00_49_05_482404_L1_left_C1,L1,C1,red,left,right,0,0.125,0,red_blue,pick up the red block,pick up the blue block,0.4195410907268524,0.3985268771648407
2026_08_18_00_49_05_482404_L1_left_C1,L1,C1,red,left,right,0,0.125,1,blue_blue,pick up the blue block,pick up the blue block,0.3334220349788666,0.3334220349788666
2026_08_18_00_49_05_482404_L1_left_C1,L1,C1,red,left,right,0,0.125,1,red_red,pick up the red block,pick up the red block,0.3458753228187561,0.3458753228187561
2026_08_18_00_49_05_482404_L1_left_C1,L1,C1,red,left,right,0,0.125,1,blue_red,pick up the blue block,pick up the red block,0.3334220349788666,0.3458753228187561
2026_08_18_00_49_05_482404_L1_left_C1,L1,C1,red,left,right,0,0.125,1,red_blue,pick up the red block,pick up the blue block,0.3458753228187561,0.3334220349788666
2026_08_18_00_49_05_482404_L1_left_C1,L1,C1,red,left,right,0,0.125,2,blue_blue,pick up the blue block,pick up the blue block,0.3426986336708069,0.3426986336708069
2026_08_18_00_49_05_482404_L1_left_C1,L1,C1,red,left,right,0,0.125,2,red_red,pick up the red block,pick up the red block,0.3801616430282593,0.3801616430282593
2026_08_18_00_49_05_482404_L1_left_C1,L1,C1,red,left,right,0,0.125,2,blue_red,pick up the blue block,pick up the red block,0.3426986336708069,0.3801616430282593
2026_08_18_00_49_05_482404_L1_left_C1,L1,C1,red,left,right,0,0.125,2,red_blue,pick up the red block,pick up the blue block,0.3801616430282593,0.3426986336708069
2026_08_18_00_49_05_482404_L1_left_C1,L1,C1,red,left,right,2,0.375,0,blue_blue,pick up the blue block,pick up the blue block,0.19628587365150452,0.19628587365150452
2026_08_18_00_49_05_482404_L1_left_C1,L1,C1,red,left,right,2,0.375,0,red_red,pick up the red block,pick up the red block,0.2689301073551178,0.2689301073551178
2026_08_18_00_49_05_482404_L1_left_C1,L1,C1,red,left,right,2,0.375,0,blue_red,pick up the blue block,pick up the red block,0.19628587365150452,0.2689301073551178
2026_08_18_00_49_05_482404_L1_left_C1,L1,C1,red,left,right,2,0.375,0,red_blue,pick up the red block,pick up the blue block,0.2689301073551178,0.19628587365150452
2026_08_18_00_49_05_482404_L1_left_C1,L1,C1,red,left,right,2,0.375,1,blue_blue,pick up the blue block,pick up the blue block,0.17094582319259644,0.17094582319259644
2026_08_18_00_49_05_482404_L1_left_C1,L1,C1,red,left,right,2,0.375,1,red_red,pick up the red block,pick up the red block,0.22700798511505127,0.22700798511505127
2026_08_18_00_49_05_482404_L1_left_C1,L1,C1,red,left,right,2,0.375,1,blue_red,pick up the blue block,pick up the red block,0.17094582319259644,0.22700798511505127
2026_08_18_00_49_05_482404_L1_left_C1,L1,C1,red,left,right,2,0.375,1,red_blue,pick up the red block,pick up the blue block,0.22700798511505127,0.17094582319259644
2026_08_18_00_49_05_482404_L1_left_C1,L1,C1,red,left,right,2,0.375,2,blue_blue,pick up the blue block,pick up the blue block,0.22610099613666534,0.22610099613666534
2026_08_18_00_49_05_482404_L1_left_C1,L1,C1,red,left,right,2,0.375,2,red_red,pick up the red block,pick up the red block,0.29045647382736206,0.29045647382736206
2026_08_18_00_49_05_482404_L1_left_C1,L1,C1,red,left,right,2,0.375,2,blue_red,pick up the blue block,pick up the red block,0.22610099613666534,0.29045647382736206
2026_08_18_00_49_05_482404_L1_left_C1,L1,C1,red,left,right,2,0.375,2,red_blue,pick up the red block,pick up the blue block,0.29045647382736206,0.22610099613666534
2026_08_18_00_49_05_482404_L1_left_C1,L1,C1,red,left,right,7,1.0,0,blue_blue,pick up the blue block,pick up the blue block,0.36566025018692017,0.36566025018692017
2026_08_18_00_49_05_482404_L1_left_C1,L1,C1,red,left,right,7,1.0,0,red_red,pick up the red block,pick up the red block,0.3412906527519226,0.3412906527519226
2026_08_18_00_49_05_482404_L1_left_C1,L1,C1,red,left,right,7,1.0,0,blue_red,pick up the blue block,pick up the red block,0.36566025018692017,0.3412906527519226
2026_08_18_00_49_05_482404_L1_left_C1,L1,C1,red,left,right,7,1.0,0,red_blue,pick up the red block,pick up the blue block,0.3412906527519226,0.36566025018692017
2026_08_18_00_49_05_482404_L1_left_C1,L1,C1,red,left,right,7,1.0,1,blue_blue,pick up the blue block,pick up the blue block,0.21170851588249207,0.21170851588249207
2026_08_18_00_49_05_482404_L1_left_C1,L1,C1,red,left,right,7,1.0,1,red_red,pick up the red block,pick up the red block,0.19416362047195435,0.19416362047195435
2026_08_18_00_49_05_482404_L1_left_C1,L1,C1,red,left,right,7,1.0,1,blue_red,pick up the blue block,pick up the red block,0.21170851588249207,0.19416362047195435
2026_08_18_00_49_05_482404_L1_left_C1,L1,C1,red,left,right,7,1.0,1,red_blue,pick up the red block,pick up the blue block,0.19416362047195435,0.21170851588249207
2026_08_18_00_49_05_482404_L1_left_C1,L1,C1,red,left,right,7,1.0,2,blue_blue,pick up the blue block,pick up the blue block,0.23381741344928741,0.23381741344928741
2026_08_18_00_49_05_482404_L1_left_C1,L1,C1,red,left,right,7,1.0,2,red_red,pick up the red block,pick up the red block,0.21623525023460388,0.21623525023460388
2026_08_18_00_49_05_482404_L1_left_C1,L1,C1,red,left,right,7,1.0,2,blue_red,pick up the blue block,pick up the red block,0.23381741344928741,0.21623525023460388
2026_08_18_00_49_05_482404_L1_left_C1,L1,C1,red,left,right,7,1.0,2,red_blue,pick up the red block,pick up the blue block,0.21623525023460388,0.23381741344928741
2026_08_18_00_49_36_378126_L1_left_C2,L1,C2,red,left,right,0,0.10256410256410256,0,blue_blue,pick up the blue block,pick up the blue block,0.3949882388114929,0.3949882388114929
2026_08_18_00_49_36_378126_L1_left_C2,L1,C2,red,left,right,0,0.10256410256410256,0,red_red,pick up the red block,pick up the red block,0.3918658494949341,0.3918658494949341
2026_08_18_00_49_36_378126_L1_left_C2,L1,C2,red,left,right,0,0.10256410256410256,0,blue_red,pick up the blue block,pick up the red block,0.3949882388114929,0.3918658494949341
2026_08_18_00_49_36_378126_L1_left_C2,L1,C2,red,left,right,0,0.10256410256410256,0,red_blue,pick up the red block,pick up the blue block,0.3918658494949341,0.3949882388114929
2026_08_18_00_49_36_378126_L1_left_C2,L1,C2,red,left,right,0,0.10256410256410256,1,blue_blue,pick up the blue block,pick up the blue block,0.395842969417572,0.395842969417572
2026_08_18_00_49_36_378126_L1_left_C2,L1,C2,red,left,right,0,0.10256410256410256,1,red_red,pick up the red block,pick up the red block,0.39505016803741455,0.39505016803741455
2026_08_18_00_49_36_378126_L1_left_C2,L1,C2,red,left,right,0,0.10256410256410256,1,blue_red,pick up the blue block,pick up the red block,0.395842969417572,0.39505016803741455
2026_08_18_00_49_36_378126_L1_left_C2,L1,C2,red,left,right,0,0.10256410256410256,1,red_blue,pick up the red block,pick up the blue block,0.39505016803741455,0.395842969417572
2026_08_18_00_49_36_378126_L1_left_C2,L1,C2,red,left,right,0,0.10256410256410256,2,blue_blue,pick up the blue block,pick up the blue block,0.29629337787628174,0.29629337787628174
2026_08_18_00_49_36_378126_L1_left_C2,L1,C2,red,left,right,0,0.10256410256410256,2,red_red,pick up the red block,pick up the red block,0.29638606309890747,0.29638606309890747
2026_08_18_00_49_36_378126_L1_left_C2,L1,C2,red,left,right,0,0.10256410256410256,2,blue_red,pick up the blue block,pick up the red block,0.29629337787628174,0.29638606309890747
2026_08_18_00_49_36_378126_L1_left_C2,L1,C2,red,left,right,0,0.10256410256410256,2,red_blue,pick up the red block,pick up the blue block,0.29638606309890747,0.29629337787628174
2026_08_18_00_49_36_378126_L1_left_C2,L1,C2,red,left,right,3,0.41025641025641024,0,blue_blue,pick up the blue block,pick up the blue block,0.29039809107780457,0.29039809107780457
2026_08_18_00_49_36_378126_L1_left_C2,L1,C2,red,left,right,3,0.41025641025641024,0,red_red,pick up the red block,pick up the red block,0.2740021347999573,0.2740021347999573
2026_08_18_00_49_36_378126_L1_left_C2,L1,C2,red,left,right,3,0.41025641025641024,0,blue_red,pick up the blue block,pick up the red block,0.29039809107780457,0.2740021347999573
2026_08_18_00_49_36_378126_L1_left_C2,L1,C2,red,left,right,3,0.41025641025641024,0,red_blue,pick up the red block,pick up the blue block,0.2740021347999573,0.29039809107780457
2026_08_18_00_49_36_378126_L1_left_C2,L1,C2,red,left,right,3,0.41025641025641024,1,blue_blue,pick up the blue block,pick up the blue block,0.20345957577228546,0.20345957577228546
2026_08_18_00_49_36_378126_L1_left_C2,L1,C2,red,left,right,3,0.41025641025641024,1,red_red,pick up the red block,pick up the red block,0.19723904132843018,0.19723904132843018
2026_08_18_00_49_36_378126_L1_left_C2,L1,C2,red,left,right,3,0.41025641025641024,1,blue_red,pick up the blue block,pick up the red block,0.20345957577228546,0.19723904132843018
2026_08_18_00_49_36_378126_L1_left_C2,L1,C2,red,left,right,3,0.41025641025641024,1,red_blue,pick up the red block,pick up the blue block,0.19723904132843018,0.20345957577228546
2026_08_18_00_49_36_378126_L1_left_C2,L1,C2,red,left,right,3,0.41025641025641024,2,blue_blue,pick up the blue block,pick up the blue block,0.27944937348365784,0.27944937348365784
2026_08_18_00_49_36_378126_L1_left_C2,L1,C2,red,left,right,3,0.41025641025641024,2,red_red,pick up the red block,pick up the red block,0.23655912280082703,0.23655912280082703
2026_08_18_00_49_36_378126_L1_left_C2,L1,C2,red,left,right,3,0.41025641025641024,2,blue_red,pick up the blue block,pick up the red block,0.27944937348365784,0.23655912280082703
2026_08_18_00_49_36_378126_L1_left_C2,L1,C2,red,left,right,3,0.41025641025641024,2,red_blue,pick up the red block,pick up the blue block,0.23655912280082703,0.27944937348365784
2026_08_18_00_49_36_378126_L1_left_C2,L1,C2,red,left,right,9,1.0,0,blue_blue,pick up the blue block,pick up the blue block,0.30145344138145447,0.30145344138145447
2026_08_18_00_49_36_378126_L1_left_C2,L1,C2,red,left,right,9,1.0,0,red_red,pick up the red block,pick up the red block,0.26773905754089355,0.26773905754089355
2026_08_18_00_49_36_378126_L1_left_C2,L1,C2,red,left,right,9,1.0,0,blue_red,pick up the blue block,pick up the red block,0.30145344138145447,0.26773905754089355
2026_08_18_00_49_36_378126_L1_left_C2,L1,C2,red,left,right,9,1.0,0,red_blue,pick up the red block,pick up the blue block,0.26773905754089355,0.30145344138145447
2026_08_18_00_49_36_378126_L1_left_C2,L1,C2,red,left,right,9,1.0,1,blue_blue,pick up the blue block,pick up the blue block,0.2412150502204895,0.2412150502204895
2026_08_18_00_49_36_378126_L1_left_C2,L1,C2,red,left,right,9,1.0,1,red_red,pick up the red block,pick up the red block,0.23516112565994263,0.23516112565994263
2026_08_18_00_49_36_378126_L1_left_C2,L1,C2,red,left,right,9,1.0,1,blue_red,pick up the blue block,pick up the red block,0.2412150502204895,0.23516112565994263
2026_08_18_00_49_36_378126_L1_left_C2,L1,C2,red,left,right,9,1.0,1,red_blue,pick up the red block,pick up the blue block,0.23516112565994263,0.2412150502204895
2026_08_18_00_49_36_378126_L1_left_C2,L1,C2,red,left,right,9,1.0,2,blue_blue,pick up the blue block,pick up the blue block,0.37482357025146484,0.37482357025146484
2026_08_18_00_49_36_378126_L1_left_C2,L1,C2,red,left,right,9,1.0,2,red_red,pick up the red block,pick up the red block,0.356366366147995,0.356366366147995
2026_08_18_00_49_36_378126_L1_left_C2,L1,C2,red,left,right,9,1.0,2,blue_red,pick up the blue block,pick up the red block,0.37482357025146484,0.356366366147995
2026_08_18_00_49_36_378126_L1_left_C2,L1,C2,red,left,right,9,1.0,2,red_blue,pick up the red block,pick up the blue block,0.356366366147995,0.37482357025146484
2026_08_18_00_50_22_202653_L1_right_C0,L1,C0,blue,right,right,0,0.13793103448275862,0,blue_blue,pick up the blue block,pick up the blue block,0.29237523674964905,0.29237523674964905
2026_08_18_00_50_22_202653_L1_right_C0,L1,C0,blue,right,right,0,0.13793103448275862,0,red_red,pick up the red block,pick up the red block,0.32664954662323,0.32664954662323
2026_08_18_00_50_22_202653_L1_right_C0,L1,C0,blue,right,right,0,0.13793103448275862,0,blue_red,pick up the blue block,pick up the red block,0.29237523674964905,0.32664954662323
2026_08_18_00_50_22_202653_L1_right_C0,L1,C0,blue,right,right,0,0.13793103448275862,0,red_blue,pick up the red block,pick up the blue block,0.32664954662323,0.29237523674964905
2026_08_18_00_50_22_202653_L1_right_C0,L1,C0,blue,right,right,0,0.13793103448275862,1,blue_blue,pick up the blue block,pick up the blue block,0.3114638924598694,0.3114638924598694
2026_08_18_00_50_22_202653_L1_right_C0,L1,C0,blue,right,right,0,0.13793103448275862,1,red_red,pick up the red block,pick up the red block,0.3421485722064972,0.3421485722064972
2026_08_18_00_50_22_202653_L1_right_C0,L1,C0,blue,right,right,0,0.13793103448275862,1,blue_red,pick up the blue block,pick up the red block,0.3114638924598694,0.3421485722064972
2026_08_18_00_50_22_202653_L1_right_C0,L1,C0,blue,right,right,0,0.13793103448275862,1,red_blue,pick up the red block,pick up the blue block,0.3421485722064972,0.3114638924598694
2026_08_18_00_50_22_202653_L1_right_C0,L1,C0,blue,right,right,0,0.13793103448275862,2,blue_blue,pick up the blue block,pick up the blue block,0.27014926075935364,0.27014926075935364
2026_08_18_00_50_22_202653_L1_right_C0,L1,C0,blue,right,right,0,0.13793103448275862,2,red_red,pick up the red block,pick up the red block,0.3034938871860504,0.3034938871860504
2026_08_18_00_50_22_202653_L1_right_C0,L1,C0,blue,right,right,0,0.13793103448275862,2,blue_red,pick up the blue block,pick up the red block,0.27014926075935364,0.3034938871860504
2026_08_18_00_50_22_202653_L1_right_C0,L1,C0,blue,right,right,0,0.13793103448275862,2,red_blue,pick up the red block,pick up the blue block,0.3034938871860504,0.27014926075935364
2026_08_18_00_50_22_202653_L1_right_C0,L1,C0,blue,right,right,2,0.41379310344827586,0,blue_blue,pick up the blue block,pick up the blue block,0.3779856562614441,0.3779856562614441
2026_08_18_00_50_22_202653_L1_right_C0,L1,C0,blue,right,right,2,0.41379310344827586,0,red_red,pick up the red block,pick up the red block,0.3063434362411499,0.3063434362411499
2026_08_18_00_50_22_202653_L1_right_C0,L1,C0,blue,right,right,2,0.41379310344827586,0,blue_red,pick up the blue block,pick up the red block,0.3779856562614441,0.3063434362411499
2026_08_18_00_50_22_202653_L1_right_C0,L1,C0,blue,right,right,2,0.41379310344827586,0,red_blue,pick up the red block,pick up the blue block,0.3063434362411499,0.3779856562614441
2026_08_18_00_50_22_202653_L1_right_C0,L1,C0,blue,right,right,2,0.41379310344827586,1,blue_blue,pick up the blue block,pick up the blue block,0.30006933212280273,0.30006933212280273
2026_08_18_00_50_22_202653_L1_right_C0,L1,C0,blue,right,right,2,0.41379310344827586,1,red_red,pick up the red block,pick up the red block,0.2316749393939972,0.2316749393939972
2026_08_18_00_50_22_202653_L1_right_C0,L1,C0,blue,right,right,2,0.41379310344827586,1,blue_red,pick up the blue block,pick up the red block,0.30006933212280273,0.2316749393939972
2026_08_18_00_50_22_202653_L1_right_C0,L1,C0,blue,right,right,2,0.41379310344827586,1,red_blue,pick up the red block,pick up the blue block,0.2316749393939972,0.30006933212280273
2026_08_18_00_50_22_202653_L1_right_C0,L1,C0,blue,right,right,2,0.41379310344827586,2,blue_blue,pick up the blue block,pick up the blue block,0.3253537118434906,0.3253537118434906
2026_08_18_00_50_22_202653_L1_right_C0,L1,C0,blue,right,right,2,0.41379310344827586,2,red_red,pick up the red block,pick up the red block,0.26506736874580383,0.26506736874580383
2026_08_18_00_50_22_202653_L1_right_C0,L1,C0,blue,right,right,2,0.41379310344827586,2,blue_red,pick up the blue block,pick up the red block,0.3253537118434906,0.26506736874580383
2026_08_18_00_50_22_202653_L1_right_C0,L1,C0,blue,right,right,2,0.41379310344827586,2,red_blue,pick up the red block,pick up the blue block,0.26506736874580383,0.3253537118434906
2026_08_18_00_50_22_202653_L1_right_C0,L1,C0,blue,right,right,7,1.0,0,blue_blue,pick up the blue block,pick up the blue block,0.22619247436523438,0.22619247436523438
2026_08_18_00_50_22_202653_L1_right_C0,L1,C0,blue,right,right,7,1.0,0,red_red,pick up the red block,pick up the red block,0.2519706189632416,0.2519706189632416
2026_08_18_00_50_22_202653_L1_right_C0,L1,C0,blue,right,right,7,1.0,0,blue_red,pick up the blue block,pick up the red block,0.22619247436523438,0.2519706189632416
2026_08_18_00_50_22_202653_L1_right_C0,L1,C0,blue,right,right,7,1.0,0,red_blue,pick up the red block,pick up the blue block,0.2519706189632416,0.22619247436523438
2026_08_18_00_50_22_202653_L1_right_C0,L1,C0,blue,right,right,7,1.0,1,blue_blue,pick up the blue block,pick up the blue block,0.2074964940547943,0.2074964940547943
2026_08_18_00_50_22_202653_L1_right_C0,L1,C0,blue,right,right,7,1.0,1,red_red,pick up the red block,pick up the red block,0.23496070504188538,0.23496070504188538
2026_08_18_00_50_22_202653_L1_right_C0,L1,C0,blue,right,right,7,1.0,1,blue_red,pick up the blue block,pick up the red block,0.2074964940547943,0.23496070504188538
2026_08_18_00_50_22_202653_L1_right_C0,L1,C0,blue,right,right,7,1.0,1,red_blue,pick up the red block,pick up the blue block,0.23496070504188538,0.2074964940547943
2026_08_18_00_50_22_202653_L1_right_C0,L1,C0,blue,right,right,7,1.0,2,blue_blue,pick up the blue block,pick up the blue block,0.31862959265708923,0.31862959265708923
2026_08_18_00_50_22_202653_L1_right_C0,L1,C0,blue,right,right,7,1.0,2,red_red,pick up the red block,pick up the red block,0.34643012285232544,0.34643012285232544
2026_08_18_00_50_22_202653_L1_right_C0,L1,C0,blue,right,right,7,1.0,2,blue_red,pick up the blue block,pick up the red block,0.31862959265708923,0.34643012285232544
2026_08_18_00_50_22_202653_L1_right_C0,L1,C0,blue,right,right,7,1.0,2,red_blue,pick up the red block,pick up the blue block,0.34643012285232544,0.31862959265708923
2026_08_18_00_50_52_802516_L1_right_C1,L1,C1,blue,right,right,0,0.125,0,blue_blue,pick up the blue block,pick up the blue block,0.318791925907135,0.318791925907135
2026_08_18_00_50_52_802516_L1_right_C1,L1,C1,blue,right,right,0,0.125,0,red_red,pick up the red block,pick up the red block,0.3214796185493469,0.3214796185493469
2026_08_18_00_50_52_802516_L1_right_C1,L1,C1,blue,right,right,0,0.125,0,blue_red,pick up the blue block,pick up the red block,0.318791925907135,0.3214796185493469
2026_08_18_00_50_52_802516_L1_right_C1,L1,C1,blue,right,right,0,0.125,0,red_blue,pick up the red block,pick up the blue block,0.3214796185493469,0.318791925907135
2026_08_18_00_50_52_802516_L1_right_C1,L1,C1,blue,right,right,0,0.125,1,blue_blue,pick up the blue block,pick up the blue block,0.3369767963886261,0.3369767963886261
2026_08_18_00_50_52_802516_L1_right_C1,L1,C1,blue,right,right,0,0.125,1,red_red,pick up the red block,pick up the red block,0.3551754355430603,0.3551754355430603
2026_08_18_00_50_52_802516_L1_right_C1,L1,C1,blue,right,right,0,0.125,1,blue_red,pick up the blue block,pick up the red block,0.3369767963886261,0.3551754355430603
2026_08_18_00_50_52_802516_L1_right_C1,L1,C1,blue,right,right,0,0.125,1,red_blue,pick up the red block,pick up the blue block,0.3551754355430603,0.3369767963886261
2026_08_18_00_50_52_802516_L1_right_C1,L1,C1,blue,right,right,0,0.125,2,blue_blue,pick up the blue block,pick up the blue block,0.38422641158103943,0.38422641158103943
2026_08_18_00_50_52_802516_L1_right_C1,L1,C1,blue,right,right,0,0.125,2,red_red,pick up the red block,pick up the red block,0.42364269495010376,0.42364269495010376
2026_08_18_00_50_52_802516_L1_right_C1,L1,C1,blue,right,right,0,0.125,2,blue_red,pick up the blue block,pick up the red block,0.38422641158103943,0.42364269495010376
2026_08_18_00_50_52_802516_L1_right_C1,L1,C1,blue,right,right,0,0.125,2,red_blue,pick up the red block,pick up the blue block,0.42364269495010376,0.38422641158103943
2026_08_18_00_50_52_802516_L1_right_C1,L1,C1,blue,right,right,2,0.375,0,blue_blue,pick up the blue block,pick up the blue block,0.3098962903022766,0.3098962903022766
2026_08_18_00_50_52_802516_L1_right_C1,L1,C1,blue,right,right,2,0.375,0,red_red,pick up the red block,pick up the red block,0.28622251749038696,0.28622251749038696
2026_08_18_00_50_52_802516_L1_right_C1,L1,C1,blue,right,right,2,0.375,0,blue_red,pick up the blue block,pick up the red block,0.3098962903022766,0.28622251749038696
2026_08_18_00_50_52_802516_L1_right_C1,L1,C1,blue,right,right,2,0.375,0,red_blue,pick up the red block,pick up the blue block,0.28622251749038696,0.3098962903022766
2026_08_18_00_50_52_802516_L1_right_C1,L1,C1,blue,right,right,2,0.375,1,blue_blue,pick up the blue block,pick up the blue block,0.25957921147346497,0.25957921147346497
2026_08_18_00_50_52_802516_L1_right_C1,L1,C1,blue,right,right,2,0.375,1,red_red,pick up the red block,pick up the red block,0.23358632624149323,0.23358632624149323
2026_08_18_00_50_52_802516_L1_right_C1,L1,C1,blue,right,right,2,0.375,1,blue_red,pick up the blue block,pick up the red block,0.25957921147346497,0.23358632624149323
2026_08_18_00_50_52_802516_L1_right_C1,L1,C1,blue,right,right,2,0.375,1,red_blue,pick up the red block,pick up the blue block,0.23358632624149323,0.25957921147346497
2026_08_18_00_50_52_802516_L1_right_C1,L1,C1,blue,right,right,2,0.375,2,blue_blue,pick up the blue block,pick up the blue block,0.2212868332862854,0.2212868332862854
2026_08_18_00_50_52_802516_L1_right_C1,L1,C1,blue,right,right,2,0.375,2,red_red,pick up the red block,pick up the red block,0.19434139132499695,0.19434139132499695
2026_08_18_00_50_52_802516_L1_right_C1,L1,C1,blue,right,right,2,0.375,2,blue_red,pick up the blue block,pick up the red block,0.2212868332862854,0.19434139132499695
2026_08_18_00_50_52_802516_L1_right_C1,L1,C1,blue,right,right,2,0.375,2,red_blue,pick up the red block,pick up the blue block,0.19434139132499695,0.2212868332862854
2026_08_18_00_50_52_802516_L1_right_C1,L1,C1,blue,right,right,7,1.0,0,blue_blue,pick up the blue block,pick up the blue block,0.23412998020648956,0.23412998020648956
2026_08_18_00_50_52_802516_L1_right_C1,L1,C1,blue,right,right,7,1.0,0,red_red,pick up the red block,pick up the red block,0.2739660143852234,0.2739660143852234
2026_08_18_00_50_52_802516_L1_right_C1,L1,C1,blue,right,right,7,1.0,0,blue_red,pick up the blue block,pick up the red block,0.23412998020648956,0.2739660143852234
2026_08_18_00_50_52_802516_L1_right_C1,L1,C1,blue,right,right,7,1.0,0,red_blue,pick up the red block,pick up the blue block,0.2739660143852234,0.23412998020648956
2026_08_18_00_50_52_802516_L1_right_C1,L1,C1,blue,right,right,7,1.0,1,blue_blue,pick up the blue block,pick up the blue block,0.17073579132556915,0.17073579132556915
2026_08_18_00_50_52_802516_L1_right_C1,L1,C1,blue,right,right,7,1.0,1,red_red,pick up the red block,pick up the red block,0.19771867990493774,0.19771867990493774
2026_08_18_00_50_52_802516_L1_right_C1,L1,C1,blue,right,right,7,1.0,1,blue_red,pick up the blue block,pick up the red block,0.17073579132556915,0.19771867990493774
2026_08_18_00_50_52_802516_L1_right_C1,L1,C1,blue,right,right,7,1.0,1,red_blue,pick up the red block,pick up the blue block,0.19771867990493774,0.17073579132556915
2026_08_18_00_50_52_802516_L1_right_C1,L1,C1,blue,right,right,7,1.0,2,blue_blue,pick up the blue block,pick up the blue block,0.21644484996795654,0.21644484996795654
2026_08_18_00_50_52_802516_L1_right_C1,L1,C1,blue,right,right,7,1.0,2,red_red,pick up the red block,pick up the red block,0.2530263066291809,0.2530263066291809
2026_08_18_00_50_52_802516_L1_right_C1,L1,C1,blue,right,right,7,1.0,2,blue_red,pick up the blue block,pick up the red block,0.21644484996795654,0.2530263066291809
2026_08_18_00_50_52_802516_L1_right_C1,L1,C1,blue,right,right,7,1.0,2,red_blue,pick up the red block,pick up the blue block,0.2530263066291809,0.21644484996795654
2026_08_18_00_51_25_610649_L1_right_C2,L1,C2,blue,right,right,0,0.10256410256410256,0,blue_blue,pick up the blue block,pick up the blue block,0.27513378858566284,0.27513378858566284
2026_08_18_00_51_25_610649_L1_right_C2,L1,C2,blue,right,right,0,0.10256410256410256,0,red_red,pick up the red block,pick up the red block,0.23609067499637604,0.23609067499637604
2026_08_18_00_51_25_610649_L1_right_C2,L1,C2,blue,right,right,0,0.10256410256410256,0,blue_red,pick up the blue block,pick up the red block,0.27513378858566284,0.23609067499637604
2026_08_18_00_51_25_610649_L1_right_C2,L1,C2,blue,right,right,0,0.10256410256410256,0,red_blue,pick up the red block,pick up the blue block,0.23609067499637604,0.27513378858566284
2026_08_18_00_51_25_610649_L1_right_C2,L1,C2,blue,right,right,0,0.10256410256410256,1,blue_blue,pick up the blue block,pick up the blue block,0.26631489396095276,0.26631489396095276
2026_08_18_00_51_25_610649_L1_right_C2,L1,C2,blue,right,right,0,0.10256410256410256,1,red_red,pick up the red block,pick up the red block,0.23150795698165894,0.23150795698165894
2026_08_18_00_51_25_610649_L1_right_C2,L1,C2,blue,right,right,0,0.10256410256410256,1,blue_red,pick up the blue block,pick up the red block,0.26631489396095276,0.23150795698165894
2026_08_18_00_51_25_610649_L1_right_C2,L1,C2,blue,right,right,0,0.10256410256410256,1,red_blue,pick up the red block,pick up the blue block,0.23150795698165894,0.26631489396095276
2026_08_18_00_51_25_610649_L1_right_C2,L1,C2,blue,right,right,0,0.10256410256410256,2,blue_blue,pick up the blue block,pick up the blue block,0.3612476885318756,0.3612476885318756
2026_08_18_00_51_25_610649_L1_right_C2,L1,C2,blue,right,right,0,0.10256410256410256,2,red_red,pick up the red block,pick up the red block,0.3405393958091736,0.3405393958091736
2026_08_18_00_51_25_610649_L1_right_C2,L1,C2,blue,right,right,0,0.10256410256410256,2,blue_red,pick up the blue block,pick up the red block,0.3612476885318756,0.3405393958091736
2026_08_18_00_51_25_610649_L1_right_C2,L1,C2,blue,right,right,0,0.10256410256410256,2,red_blue,pick up the red block,pick up the blue block,0.3405393958091736,0.3612476885318756
2026_08_18_00_51_25_610649_L1_right_C2,L1,C2,blue,right,right,3,0.41025641025641024,0,blue_blue,pick up the blue block,pick up the blue block,0.3070409893989563,0.3070409893989563
2026_08_18_00_51_25_610649_L1_right_C2,L1,C2,blue,right,right,3,0.41025641025641024,0,red_red,pick up the red block,pick up the red block,0.28921520709991455,0.28921520709991455
2026_08_18_00_51_25_610649_L1_right_C2,L1,C2,blue,right,right,3,0.41025641025641024,0,blue_red,pick up the blue block,pick up the red block,0.3070409893989563,0.28921520709991455
2026_08_18_00_51_25_610649_L1_right_C2,L1,C2,blue,right,right,3,0.41025641025641024,0,red_blue,pick up the red block,pick up the blue block,0.28921520709991455,0.3070409893989563
2026_08_18_00_51_25_610649_L1_right_C2,L1,C2,blue,right,right,3,0.41025641025641024,1,blue_blue,pick up the blue block,pick up the blue block,0.3108751177787781,0.3108751177787781
2026_08_18_00_51_25_610649_L1_right_C2,L1,C2,blue,right,right,3,0.41025641025641024,1,red_red,pick up the red block,pick up the red block,0.29134535789489746,0.29134535789489746
2026_08_18_00_51_25_610649_L1_right_C2,L1,C2,blue,right,right,3,0.41025641025641024,1,blue_red,pick up the blue block,pick up the red block,0.3108751177787781,0.29134535789489746
2026_08_18_00_51_25_610649_L1_right_C2,L1,C2,blue,right,right,3,0.41025641025641024,1,red_blue,pick up the red block,pick up the blue block,0.29134535789489746,0.3108751177787781
2026_08_18_00_51_25_610649_L1_right_C2,L1,C2,blue,right,right,3,0.41025641025641024,2,blue_blue,pick up the blue block,pick up the blue block,0.3050518333911896,0.3050518333911896
2026_08_18_00_51_25_610649_L1_right_C2,L1,C2,blue,right,right,3,0.41025641025641024,2,red_red,pick up the red block,pick up the red block,0.29346513748168945,0.29346513748168945
2026_08_18_00_51_25_610649_L1_right_C2,L1,C2,blue,right,right,3,0.41025641025641024,2,blue_red,pick up the blue block,pick up the red block,0.3050518333911896,0.29346513748168945
2026_08_18_00_51_25_610649_L1_right_C2,L1,C2,blue,right,right,3,0.41025641025641024,2,red_blue,pick up the red block,pick up the blue block,0.29346513748168945,0.3050518333911896
2026_08_18_00_51_25_610649_L1_right_C2,L1,C2,blue,right,right,9,1.0,0,blue_blue,pick up the blue block,pick up the blue block,0.29219895601272583,0.29219895601272583
2026_08_18_00_51_25_610649_L1_right_C2,L1,C2,blue,right,right,9,1.0,0,red_red,pick up the red block,pick up the red block,0.3100537061691284,0.3100537061691284
2026_08_18_00_51_25_610649_L1_right_C2,L1,C2,blue,right,right,9,1.0,0,blue_red,pick up the blue block,pick up the red block,0.29219895601272583,0.3100537061691284
2026_08_18_00_51_25_610649_L1_right_C2,L1,C2,blue,right,right,9,1.0,0,red_blue,pick up the red block,pick up the blue block,0.3100537061691284,0.29219895601272583
2026_08_18_00_51_25_610649_L1_right_C2,L1,C2,blue,right,right,9,1.0,1,blue_blue,pick up the blue block,pick up the blue block,0.25512707233428955,0.25512707233428955
2026_08_18_00_51_25_610649_L1_right_C2,L1,C2,blue,right,right,9,1.0,1,red_red,pick up the red block,pick up the red block,0.27246585488319397,0.27246585488319397
2026_08_18_00_51_25_610649_L1_right_C2,L1,C2,blue,right,right,9,1.0,1,blue_red,pick up the blue block,pick up the red block,0.25512707233428955,0.27246585488319397
2026_08_18_00_51_25_610649_L1_right_C2,L1,C2,blue,right,right,9,1.0,1,red_blue,pick up the red block,pick up the blue block,0.27246585488319397,0.25512707233428955
2026_08_18_00_51_25_610649_L1_right_C2,L1,C2,blue,right,right,9,1.0,2,blue_blue,pick up the blue block,pick up the blue block,0.4051797389984131,0.4051797389984131
2026_08_18_00_51_25_610649_L1_right_C2,L1,C2,blue,right,right,9,1.0,2,red_red,pick up the red block,pick up the red block,0.4220413267612457,0.4220413267612457
2026_08_18_00_51_25_610649_L1_right_C2,L1,C2,blue,right,right,9,1.0,2,blue_red,pick up the blue block,pick up the red block,0.4051797389984131,0.4220413267612457
2026_08_18_00_51_25_610649_L1_right_C2,L1,C2,blue,right,right,9,1.0,2,red_blue,pick up the red block,pick up the blue block,0.4220413267612457,0.4051797389984131
2026_08_18_00_52_54_907596_L3_right_C0,L3,C0,blue,right,right,0,0.1322314049586777,0,blue_blue,pick up the blue block,pick up the blue block,0.38565683364868164,0.38565683364868164
2026_08_18_00_52_54_907596_L3_right_C0,L3,C0,blue,right,right,0,0.1322314049586777,0,red_red,pick up the red block,pick up the red block,0.2824382781982422,0.2824382781982422
2026_08_18_00_52_54_907596_L3_right_C0,L3,C0,blue,right,right,0,0.1322314049586777,0,blue_red,pick up the blue block,pick up the red block,0.38565683364868164,0.2824382781982422
2026_08_18_00_52_54_907596_L3_right_C0,L3,C0,blue,right,right,0,0.1322314049586777,0,red_blue,pick up the red block,pick up the blue block,0.2824382781982422,0.38565683364868164
2026_08_18_00_52_54_907596_L3_right_C0,L3,C0,blue,right,right,0,0.1322314049586777,1,blue_blue,pick up the blue block,pick up the blue block,0.315059632062912,0.315059632062912
2026_08_18_00_52_54_907596_L3_right_C0,L3,C0,blue,right,right,0,0.1322314049586777,1,red_red,pick up the red block,pick up the red block,0.26584991812705994,0.26584991812705994
2026_08_18_00_52_54_907596_L3_right_C0,L3,C0,blue,right,right,0,0.1322314049586777,1,blue_red,pick up the blue block,pick up the red block,0.315059632062912,0.26584991812705994
2026_08_18_00_52_54_907596_L3_right_C0,L3,C0,blue,right,right,0,0.1322314049586777,1,red_blue,pick up the red block,pick up the blue block,0.26584991812705994,0.315059632062912
2026_08_18_00_52_54_907596_L3_right_C0,L3,C0,blue,right,right,0,0.1322314049586777,2,blue_blue,pick up the blue block,pick up the blue block,0.268320769071579,0.268320769071579
2026_08_18_00_52_54_907596_L3_right_C0,L3,C0,blue,right,right,0,0.1322314049586777,2,red_red,pick up the red block,pick up the red block,0.23621182143688202,0.23621182143688202
2026_08_18_00_52_54_907596_L3_right_C0,L3,C0,blue,right,right,0,0.1322314049586777,2,blue_red,pick up the blue block,pick up the red block,0.268320769071579,0.23621182143688202
2026_08_18_00_52_54_907596_L3_right_C0,L3,C0,blue,right,right,0,0.1322314049586777,2,red_blue,pick up the red block,pick up the blue block,0.23621182143688202,0.268320769071579
2026_08_18_00_52_54_907596_L3_right_C0,L3,C0,blue,right,right,2,0.39669421487603307,0,blue_blue,pick up the blue block,pick up the blue block,0.36861878633499146,0.36861878633499146
2026_08_18_00_52_54_907596_L3_right_C0,L3,C0,blue,right,right,2,0.39669421487603307,0,red_red,pick up the red block,pick up the red block,0.3491966128349304,0.3491966128349304
2026_08_18_00_52_54_907596_L3_right_C0,L3,C0,blue,right,right,2,0.39669421487603307,0,blue_red,pick up the blue block,pick up the red block,0.36861878633499146,0.3491966128349304
2026_08_18_00_52_54_907596_L3_right_C0,L3,C0,blue,right,right,2,0.39669421487603307,0,red_blue,pick up the red block,pick up the blue block,0.3491966128349304,0.36861878633499146
2026_08_18_00_52_54_907596_L3_right_C0,L3,C0,blue,right,right,2,0.39669421487603307,1,blue_blue,pick up the blue block,pick up the blue block,0.22613754868507385,0.22613754868507385
2026_08_18_00_52_54_907596_L3_right_C0,L3,C0,blue,right,right,2,0.39669421487603307,1,red_red,pick up the red block,pick up the red block,0.2074735462665558,0.2074735462665558
2026_08_18_00_52_54_907596_L3_right_C0,L3,C0,blue,right,right,2,0.39669421487603307,1,blue_red,pick up the blue block,pick up the red block,0.22613754868507385,0.2074735462665558
2026_08_18_00_52_54_907596_L3_right_C0,L3,C0,blue,right,right,2,0.39669421487603307,1,red_blue,pick up the red block,pick up the blue block,0.2074735462665558,0.22613754868507385
2026_08_18_00_52_54_907596_L3_right_C0,L3,C0,blue,right,right,2,0.39669421487603307,2,blue_blue,pick up the blue block,pick up the blue block,0.2801886200904846,0.2801886200904846
2026_08_18_00_52_54_907596_L3_right_C0,L3,C0,blue,right,right,2,0.39669421487603307,2,red_red,pick up the red block,pick up the red block,0.25504159927368164,0.25504159927368164
2026_08_18_00_52_54_907596_L3_right_C0,L3,C0,blue,right,right,2,0.39669421487603307,2,blue_red,pick up the blue block,pick up the red block,0.2801886200904846,0.25504159927368164
2026_08_18_00_52_54_907596_L3_right_C0,L3,C0,blue,right,right,2,0.39669421487603307,2,red_blue,pick up the red block,pick up the blue block,0.25504159927368164,0.2801886200904846
2026_08_18_00_52_54_907596_L3_right_C0,L3,C0,blue,right,right,7,1.0,0,blue_blue,pick up the blue block,pick up the blue block,0.20582377910614014,0.20582377910614014
2026_08_18_00_52_54_907596_L3_right_C0,L3,C0,blue,right,right,7,1.0,0,red_red,pick up the red block,pick up the red block,0.22952023148536682,0.22952023148536682
2026_08_18_00_52_54_907596_L3_right_C0,L3,C0,blue,right,right,7,1.0,0,blue_red,pick up the blue block,pick up the red block,0.20582377910614014,0.22952023148536682
2026_08_18_00_52_54_907596_L3_right_C0,L3,C0,blue,right,right,7,1.0,0,red_blue,pick up the red block,pick up the blue block,0.22952023148536682,0.20582377910614014
2026_08_18_00_52_54_907596_L3_right_C0,L3,C0,blue,right,right,7,1.0,1,blue_blue,pick up the blue block,pick up the blue block,0.27407699823379517,0.27407699823379517
2026_08_18_00_52_54_907596_L3_right_C0,L3,C0,blue,right,right,7,1.0,1,red_red,pick up the red block,pick up the red block,0.2889655530452728,0.2889655530452728
2026_08_18_00_52_54_907596_L3_right_C0,L3,C0,blue,right,right,7,1.0,1,blue_red,pick up the blue block,pick up the red block,0.27407699823379517,0.2889655530452728
2026_08_18_00_52_54_907596_L3_right_C0,L3,C0,blue,right,right,7,1.0,1,red_blue,pick up the red block,pick up the blue block,0.2889655530452728,0.27407699823379517
2026_08_18_00_52_54_907596_L3_right_C0,L3,C0,blue,right,right,7,1.0,2,blue_blue,pick up the blue block,pick up the blue block,0.2412208765745163,0.2412208765745163
2026_08_18_00_52_54_907596_L3_right_C0,L3,C0,blue,right,right,7,1.0,2,red_red,pick up the red block,pick up the red block,0.2591894567012787,0.2591894567012787
2026_08_18_00_52_54_907596_L3_right_C0,L3,C0,blue,right,right,7,1.0,2,blue_red,pick up the blue block,pick up the red block,0.2412208765745163,0.2591894567012787
2026_08_18_00_52_54_907596_L3_right_C0,L3,C0,blue,right,right,7,1.0,2,red_blue,pick up the red block,pick up the blue block,0.2591894567012787,0.2412208765745163
2026_08_18_00_53_23_339528_L3_right_C1,L3,C1,blue,right,right,0,0.12121212121212122,0,blue_blue,pick up the blue block,pick up the blue block,0.2690249979496002,0.2690249979496002
2026_08_18_00_53_23_339528_L3_right_C1,L3,C1,blue,right,right,0,0.12121212121212122,0,red_red,pick up the red block,pick up the red block,0.24173250794410706,0.24173250794410706
2026_08_18_00_53_23_339528_L3_right_C1,L3,C1,blue,right,right,0,0.12121212121212122,0,blue_red,pick up the blue block,pick up the red block,0.2690249979496002,0.24173250794410706
2026_08_18_00_53_23_339528_L3_right_C1,L3,C1,blue,right,right,0,0.12121212121212122,0,red_blue,pick up the red block,pick up the blue block,0.24173250794410706,0.2690249979496002
2026_08_18_00_53_23_339528_L3_right_C1,L3,C1,blue,right,right,0,0.12121212121212122,1,blue_blue,pick up the blue block,pick up the blue block,0.4483758807182312,0.4483758807182312
2026_08_18_00_53_23_339528_L3_right_C1,L3,C1,blue,right,right,0,0.12121212121212122,1,red_red,pick up the red block,pick up the red block,0.42197853326797485,0.42197853326797485
2026_08_18_00_53_23_339528_L3_right_C1,L3,C1,blue,right,right,0,0.12121212121212122,1,blue_red,pick up the blue block,pick up the red block,0.4483758807182312,0.42197853326797485
2026_08_18_00_53_23_339528_L3_right_C1,L3,C1,blue,right,right,0,0.12121212121212122,1,red_blue,pick up the red block,pick up the blue block,0.42197853326797485,0.4483758807182312
2026_08_18_00_53_23_339528_L3_right_C1,L3,C1,blue,right,right,0,0.12121212121212122,2,blue_blue,pick up the blue block,pick up the blue block,0.44394737482070923,0.44394737482070923
2026_08_18_00_53_23_339528_L3_right_C1,L3,C1,blue,right,right,0,0.12121212121212122,2,red_red,pick up the red block,pick up the red block,0.38649511337280273,0.38649511337280273
2026_08_18_00_53_23_339528_L3_right_C1,L3,C1,blue,right,right,0,0.12121212121212122,2,blue_red,pick up the blue block,pick up the red block,0.44394737482070923,0.38649511337280273
2026_08_18_00_53_23_339528_L3_right_C1,L3,C1,blue,right,right,0,0.12121212121212122,2,red_blue,pick up the red block,pick up the blue block,0.38649511337280273,0.44394737482070923
2026_08_18_00_53_23_339528_L3_right_C1,L3,C1,blue,right,right,2,0.36363636363636365,0,blue_blue,pick up the blue block,pick up the blue block,0.17038893699645996,0.17038893699645996
2026_08_18_00_53_23_339528_L3_right_C1,L3,C1,blue,right,right,2,0.36363636363636365,0,red_red,pick up the red block,pick up the red block,0.15925216674804688,0.15925216674804688
2026_08_18_00_53_23_339528_L3_right_C1,L3,C1,blue,right,right,2,0.36363636363636365,0,blue_red,pick up the blue block,pick up the red block,0.17038893699645996,0.15925216674804688
2026_08_18_00_53_23_339528_L3_right_C1,L3,C1,blue,right,right,2,0.36363636363636365,0,red_blue,pick up the red block,pick up the blue block,0.15925216674804688,0.17038893699645996
2026_08_18_00_53_23_339528_L3_right_C1,L3,C1,blue,right,right,2,0.36363636363636365,1,blue_blue,pick up the blue block,pick up the blue block,0.21512053906917572,0.21512053906917572
2026_08_18_00_53_23_339528_L3_right_C1,L3,C1,blue,right,right,2,0.36363636363636365,1,red_red,pick up the red block,pick up the red block,0.2104579210281372,0.2104579210281372
2026_08_18_00_53_23_339528_L3_right_C1,L3,C1,blue,right,right,2,0.36363636363636365,1,blue_red,pick up the blue block,pick up the red block,0.21512053906917572,0.2104579210281372
2026_08_18_00_53_23_339528_L3_right_C1,L3,C1,blue,right,right,2,0.36363636363636365,1,red_blue,pick up the red block,pick up the blue block,0.2104579210281372,0.21512053906917572
2026_08_18_00_53_23_339528_L3_right_C1,L3,C1,blue,right,right,2,0.36363636363636365,2,blue_blue,pick up the blue block,pick up the blue block,0.272493839263916,0.272493839263916
2026_08_18_00_53_23_339528_L3_right_C1,L3,C1,blue,right,right,2,0.36363636363636365,2,red_red,pick up the red block,pick up the red block,0.2593986690044403,0.2593986690044403
2026_08_18_00_53_23_339528_L3_right_C1,L3,C1,blue,right,right,2,0.36363636363636365,2,blue_red,pick up the blue block,pick up the red block,0.272493839263916,0.2593986690044403
2026_08_18_00_53_23_339528_L3_right_C1,L3,C1,blue,right,right,2,0.36363636363636365,2,red_blue,pick up the red block,pick up the blue block,0.2593986690044403,0.272493839263916
2026_08_18_00_53_23_339528_L3_right_C1,L3,C1,blue,right,right,8,1.0,0,blue_blue,pick up the blue block,pick up the blue block,0.35834115743637085,0.35834115743637085
2026_08_18_00_53_23_339528_L3_right_C1,L3,C1,blue,right,right,8,1.0,0,red_red,pick up the red block,pick up the red block,0.3755558431148529,0.3755558431148529
2026_08_18_00_53_23_339528_L3_right_C1,L3,C1,blue,right,right,8,1.0,0,blue_red,pick up the blue block,pick up the red block,0.35834115743637085,0.3755558431148529
2026_08_18_00_53_23_339528_L3_right_C1,L3,C1,blue,right,right,8,1.0,0,red_blue,pick up the red block,pick up the blue block,0.3755558431148529,0.35834115743637085
2026_08_18_00_53_23_339528_L3_right_C1,L3,C1,blue,right,right,8,1.0,1,blue_blue,pick up the blue block,pick up the blue block,0.2985798716545105,0.2985798716545105
2026_08_18_00_53_23_339528_L3_right_C1,L3,C1,blue,right,right,8,1.0,1,red_red,pick up the red block,pick up the red block,0.3161921501159668,0.3161921501159668
2026_08_18_00_53_23_339528_L3_right_C1,L3,C1,blue,right,right,8,1.0,1,blue_red,pick up the blue block,pick up the red block,0.2985798716545105,0.3161921501159668
2026_08_18_00_53_23_339528_L3_right_C1,L3,C1,blue,right,right,8,1.0,1,red_blue,pick up the red block,pick up the blue block,0.3161921501159668,0.2985798716545105
2026_08_18_00_53_23_339528_L3_right_C1,L3,C1,blue,right,right,8,1.0,2,blue_blue,pick up the blue block,pick up the blue block,0.18370290100574493,0.18370290100574493
2026_08_18_00_53_23_339528_L3_right_C1,L3,C1,blue,right,right,8,1.0,2,red_red,pick up the red block,pick up the red block,0.1978161484003067,0.1978161484003067
2026_08_18_00_53_23_339528_L3_right_C1,L3,C1,blue,right,right,8,1.0,2,blue_red,pick up the blue block,pick up the red block,0.18370290100574493,0.1978161484003067
2026_08_18_00_53_23_339528_L3_right_C1,L3,C1,blue,right,right,8,1.0,2,red_blue,pick up the red block,pick up the blue block,0.1978161484003067,0.18370290100574493
2026_08_18_00_53_52_283658_L3_right_C2,L3,C2,blue,right,right,0,0.10062893081761007,0,blue_blue,pick up the blue block,pick up the blue block,0.32004794478416443,0.32004794478416443
2026_08_18_00_53_52_283658_L3_right_C2,L3,C2,blue,right,right,0,0.10062893081761007,0,red_red,pick up the red block,pick up the red block,0.33635595440864563,0.33635595440864563
2026_08_18_00_53_52_283658_L3_right_C2,L3,C2,blue,right,right,0,0.10062893081761007,0,blue_red,pick up the blue block,pick up the red block,0.32004794478416443,0.33635595440864563
2026_08_18_00_53_52_283658_L3_right_C2,L3,C2,blue,right,right,0,0.10062893081761007,0,red_blue,pick up the red block,pick up the blue block,0.33635595440864563,0.32004794478416443
2026_08_18_00_53_52_283658_L3_right_C2,L3,C2,blue,right,right,0,0.10062893081761007,1,blue_blue,pick up the blue block,pick up the blue block,0.3454883098602295,0.3454883098602295
2026_08_18_00_53_52_283658_L3_right_C2,L3,C2,blue,right,right,0,0.10062893081761007,1,red_red,pick up the red block,pick up the red block,0.33460599184036255,0.33460599184036255
2026_08_18_00_53_52_283658_L3_right_C2,L3,C2,blue,right,right,0,0.10062893081761007,1,blue_red,pick up the blue block,pick up the red block,0.3454883098602295,0.33460599184036255
2026_08_18_00_53_52_283658_L3_right_C2,L3,C2,blue,right,right,0,0.10062893081761007,1,red_blue,pick up the red block,pick up the blue block,0.33460599184036255,0.3454883098602295
2026_08_18_00_53_52_283658_L3_right_C2,L3,C2,blue,right,right,0,0.10062893081761007,2,blue_blue,pick up the blue block,pick up the blue block,0.3273143768310547,0.3273143768310547
2026_08_18_00_53_52_283658_L3_right_C2,L3,C2,blue,right,right,0,0.10062893081761007,2,red_red,pick up the red block,pick up the red block,0.33247366547584534,0.33247366547584534
2026_08_18_00_53_52_283658_L3_right_C2,L3,C2,blue,right,right,0,0.10062893081761007,2,blue_red,pick up the blue block,pick up the red block,0.3273143768310547,0.33247366547584534
2026_08_18_00_53_52_283658_L3_right_C2,L3,C2,blue,right,right,0,0.10062893081761007,2,red_blue,pick up the red block,pick up the blue block,0.33247366547584534,0.3273143768310547
2026_08_18_00_53_52_283658_L3_right_C2,L3,C2,blue,right,right,3,0.4025157232704403,0,blue_blue,pick up the blue block,pick up the blue block,0.21639543771743774,0.21639543771743774
2026_08_18_00_53_52_283658_L3_right_C2,L3,C2,blue,right,right,3,0.4025157232704403,0,red_red,pick up the red block,pick up the red block,0.22763819992542267,0.22763819992542267
2026_08_18_00_53_52_283658_L3_right_C2,L3,C2,blue,right,right,3,0.4025157232704403,0,blue_red,pick up the blue block,pick up the red block,0.21639543771743774,0.22763819992542267
2026_08_18_00_53_52_283658_L3_right_C2,L3,C2,blue,right,right,3,0.4025157232704403,0,red_blue,pick up the red block,pick up the blue block,0.22763819992542267,0.21639543771743774
2026_08_18_00_53_52_283658_L3_right_C2,L3,C2,blue,right,right,3,0.4025157232704403,1,blue_blue,pick up the blue block,pick up the blue block,0.29531630873680115,0.29531630873680115
2026_08_18_00_53_52_283658_L3_right_C2,L3,C2,blue,right,right,3,0.4025157232704403,1,red_red,pick up the red block,pick up the red block,0.31220167875289917,0.31220167875289917
2026_08_18_00_53_52_283658_L3_right_C2,L3,C2,blue,right,right,3,0.4025157232704403,1,blue_red,pick up the blue block,pick up the red block,0.29531630873680115,0.31220167875289917
2026_08_18_00_53_52_283658_L3_right_C2,L3,C2,blue,right,right,3,0.4025157232704403,1,red_blue,pick up the red block,pick up the blue block,0.31220167875289917,0.29531630873680115
2026_08_18_00_53_52_283658_L3_right_C2,L3,C2,blue,right,right,3,0.4025157232704403,2,blue_blue,pick up the blue block,pick up the blue block,0.23252463340759277,0.23252463340759277
2026_08_18_00_53_52_283658_L3_right_C2,L3,C2,blue,right,right,3,0.4025157232704403,2,red_red,pick up the red block,pick up the red block,0.24527572095394135,0.24527572095394135
2026_08_18_00_53_52_283658_L3_right_C2,L3,C2,blue,right,right,3,0.4025157232704403,2,blue_red,pick up the blue block,pick up the red block,0.23252463340759277,0.24527572095394135
2026_08_18_00_53_52_283658_L3_right_C2,L3,C2,blue,right,right,3,0.4025157232704403,2,red_blue,pick up the red block,pick up the blue block,0.24527572095394135,0.23252463340759277
2026_08_18_00_53_52_283658_L3_right_C2,L3,C2,blue,right,right,9,1.0,0,blue_blue,pick up the blue block,pick up the blue block,0.29254746437072754,0.29254746437072754
2026_08_18_00_53_52_283658_L3_right_C2,L3,C2,blue,right,right,9,1.0,0,red_red,pick up the red block,pick up the red block,0.3034733831882477,0.3034733831882477
2026_08_18_00_53_52_283658_L3_right_C2,L3,C2,blue,right,right,9,1.0,0,blue_red,pick up the blue block,pick up the red block,0.29254746437072754,0.3034733831882477
2026_08_18_00_53_52_283658_L3_right_C2,L3,C2,blue,right,right,9,1.0,0,red_blue,pick up the red block,pick up the blue block,0.3034733831882477,0.29254746437072754
2026_08_18_00_53_52_283658_L3_right_C2,L3,C2,blue,right,right,9,1.0,1,blue_blue,pick up the blue block,pick up the blue block,0.29896309971809387,0.29896309971809387
2026_08_18_00_53_52_283658_L3_right_C2,L3,C2,blue,right,right,9,1.0,1,red_red,pick up the red block,pick up the red block,0.3132534325122833,0.3132534325122833
2026_08_18_00_53_52_283658_L3_right_C2,L3,C2,blue,right,right,9,1.0,1,blue_red,pick up the blue block,pick up the red block,0.29896309971809387,0.3132534325122833
2026_08_18_00_53_52_283658_L3_right_C2,L3,C2,blue,right,right,9,1.0,1,red_blue,pick up the red block,pick up the blue block,0.3132534325122833,0.29896309971809387
2026_08_18_00_53_52_283658_L3_right_C2,L3,C2,blue,right,right,9,1.0,2,blue_blue,pick up the blue block,pick up the blue block,0.34056347608566284,0.34056347608566284
2026_08_18_00_53_52_283658_L3_right_C2,L3,C2,blue,right,right,9,1.0,2,red_red,pick up the red block,pick up the red block,0.34855201840400696,0.34855201840400696
2026_08_18_00_53_52_283658_L3_right_C2,L3,C2,blue,right,right,9,1.0,2,blue_red,pick up the blue block,pick up the red block,0.34056347608566284,0.34855201840400696
2026_08_18_00_53_52_283658_L3_right_C2,L3,C2,blue,right,right,9,1.0,2,red_blue,pick up the red block,pick up the blue block,0.34855201840400696,0.34056347608566284
2026_08_18_00_54_32_747715_L3_left_C0,L3,C0,red,left,right,0,0.13333333333333333,0,blue_blue,pick up the blue block,pick up the blue block,0.3774000108242035,0.3774000108242035
2026_08_18_00_54_32_747715_L3_left_C0,L3,C0,red,left,right,0,0.13333333333333333,0,red_red,pick up the red block,pick up the red block,0.411391019821167,0.411391019821167
2026_08_18_00_54_32_747715_L3_left_C0,L3,C0,red,left,right,0,0.13333333333333333,0,blue_red,pick up the blue block,pick up the red block,0.3774000108242035,0.411391019821167
2026_08_18_00_54_32_747715_L3_left_C0,L3,C0,red,left,right,0,0.13333333333333333,0,red_blue,pick up the red block,pick up the blue block,0.411391019821167,0.3774000108242035
2026_08_18_00_54_32_747715_L3_left_C0,L3,C0,red,left,right,0,0.13333333333333333,1,blue_blue,pick up the blue block,pick up the blue block,0.3306194245815277,0.3306194245815277
2026_08_18_00_54_32_747715_L3_left_C0,L3,C0,red,left,right,0,0.13333333333333333,1,red_red,pick up the red block,pick up the red block,0.34241557121276855,0.34241557121276855
2026_08_18_00_54_32_747715_L3_left_C0,L3,C0,red,left,right,0,0.13333333333333333,1,blue_red,pick up the blue block,pick up the red block,0.3306194245815277,0.34241557121276855
2026_08_18_00_54_32_747715_L3_left_C0,L3,C0,red,left,right,0,0.13333333333333333,1,red_blue,pick up the red block,pick up the blue block,0.34241557121276855,0.3306194245815277
2026_08_18_00_54_32_747715_L3_left_C0,L3,C0,red,left,right,0,0.13333333333333333,2,blue_blue,pick up the blue block,pick up the blue block,0.3394978940486908,0.3394978940486908
2026_08_18_00_54_32_747715_L3_left_C0,L3,C0,red,left,right,0,0.13333333333333333,2,red_red,pick up the red block,pick up the red block,0.35027092695236206,0.35027092695236206
2026_08_18_00_54_32_747715_L3_left_C0,L3,C0,red,left,right,0,0.13333333333333333,2,blue_red,pick up the blue block,pick up the red block,0.3394978940486908,0.35027092695236206
2026_08_18_00_54_32_747715_L3_left_C0,L3,C0,red,left,right,0,0.13333333333333333,2,red_blue,pick up the red block,pick up the blue block,0.35027092695236206,0.3394978940486908
2026_08_18_00_54_32_747715_L3_left_C0,L3,C0,red,left,right,2,0.4,0,blue_blue,pick up the blue block,pick up the blue block,0.3535560667514801,0.3535560667514801
2026_08_18_00_54_32_747715_L3_left_C0,L3,C0,red,left,right,2,0.4,0,red_red,pick up the red block,pick up the red block,0.38223692774772644,0.38223692774772644
2026_08_18_00_54_32_747715_L3_left_C0,L3,C0,red,left,right,2,0.4,0,blue_red,pick up the blue block,pick up the red block,0.3535560667514801,0.38223692774772644
2026_08_18_00_54_32_747715_L3_left_C0,L3,C0,red,left,right,2,0.4,0,red_blue,pick up the red block,pick up the blue block,0.38223692774772644,0.3535560667514801
2026_08_18_00_54_32_747715_L3_left_C0,L3,C0,red,left,right,2,0.4,1,blue_blue,pick up the blue block,pick up the blue block,0.18965356051921844,0.18965356051921844
2026_08_18_00_54_32_747715_L3_left_C0,L3,C0,red,left,right,2,0.4,1,red_red,pick up the red block,pick up the red block,0.20554494857788086,0.20554494857788086
2026_08_18_00_54_32_747715_L3_left_C0,L3,C0,red,left,right,2,0.4,1,blue_red,pick up the blue block,pick up the red block,0.18965356051921844,0.20554494857788086
2026_08_18_00_54_32_747715_L3_left_C0,L3,C0,red,left,right,2,0.4,1,red_blue,pick up the red block,pick up the blue block,0.20554494857788086,0.18965356051921844
2026_08_18_00_54_32_747715_L3_left_C0,L3,C0,red,left,right,2,0.4,2,blue_blue,pick up the blue block,pick up the blue block,0.22270578145980835,0.22270578145980835
2026_08_18_00_54_32_747715_L3_left_C0,L3,C0,red,left,right,2,0.4,2,red_red,pick up the red block,pick up the red block,0.25037169456481934,0.25037169456481934
2026_08_18_00_54_32_747715_L3_left_C0,L3,C0,red,left,right,2,0.4,2,blue_red,pick up the blue block,pick up the red block,0.22270578145980835,0.25037169456481934
2026_08_18_00_54_32_747715_L3_left_C0,L3,C0,red,left,right,2,0.4,2,red_blue,pick up the red block,pick up the blue block,0.25037169456481934,0.22270578145980835
2026_08_18_00_54_32_747715_L3_left_C0,L3,C0,red,left,right,7,1.0,0,blue_blue,pick up the blue block,pick up the blue block,0.33119821548461914,0.33119821548461914
2026_08_18_00_54_32_747715_L3_left_C0,L3,C0,red,left,right,7,1.0,0,red_red,pick up the red block,pick up the red block,0.2875351309776306,0.2875351309776306
2026_08_18_00_54_32_747715_L3_left_C0,L3,C0,red,left,right,7,1.0,0,blue_red,pick up the blue block,pick up the red block,0.33119821548461914,0.2875351309776306
2026_08_18_00_54_32_747715_L3_left_C0,L3,C0,red,left,right,7,1.0,0,red_blue,pick up the red block,pick up the blue block,0.2875351309776306,0.33119821548461914
2026_08_18_00_54_32_747715_L3_left_C0,L3,C0,red,left,right,7,1.0,1,blue_blue,pick up the blue block,pick up the blue block,0.21321813762187958,0.21321813762187958
2026_08_18_00_54_32_747715_L3_left_C0,L3,C0,red,left,right,7,1.0,1,red_red,pick up the red block,pick up the red block,0.15536297857761383,0.15536297857761383
2026_08_18_00_54_32_747715_L3_left_C0,L3,C0,red,left,right,7,1.0,1,blue_red,pick up the blue block,pick up the red block,0.21321813762187958,0.15536297857761383
2026_08_18_00_54_32_747715_L3_left_C0,L3,C0,red,left,right,7,1.0,1,red_blue,pick up the red block,pick up the blue block,0.15536297857761383,0.21321813762187958
2026_08_18_00_54_32_747715_L3_left_C0,L3,C0,red,left,right,7,1.0,2,blue_blue,pick up the blue block,pick up the blue block,0.21528612077236176,0.21528612077236176
2026_08_18_00_54_32_747715_L3_left_C0,L3,C0,red,left,right,7,1.0,2,red_red,pick up the red block,pick up the red block,0.16061511635780334,0.16061511635780334
2026_08_18_00_54_32_747715_L3_left_C0,L3,C0,red,left,right,7,1.0,2,blue_red,pick up the blue block,pick up the red block,0.21528612077236176,0.16061511635780334
2026_08_18_00_54_32_747715_L3_left_C0,L3,C0,red,left,right,7,1.0,2,red_blue,pick up the red block,pick up the blue block,0.16061511635780334,0.21528612077236176
2026_08_18_00_55_01_843645_L3_left_C1,L3,C1,red,left,right,0,0.12121212121212122,0,blue_blue,pick up the blue block,pick up the blue block,0.40680748224258423,0.40680748224258423
2026_08_18_00_55_01_843645_L3_left_C1,L3,C1,red,left,right,0,0.12121212121212122,0,red_red,pick up the red block,pick up the red block,0.3985747992992401,0.3985747992992401
2026_08_18_00_55_01_843645_L3_left_C1,L3,C1,red,left,right,0,0.12121212121212122,0,blue_red,pick up the blue block,pick up the red block,0.40680748224258423,0.3985747992992401
2026_08_18_00_55_01_843645_L3_left_C1,L3,C1,red,left,right,0,0.12121212121212122,0,red_blue,pick up the red block,pick up the blue block,0.3985747992992401,0.40680748224258423
2026_08_18_00_55_01_843645_L3_left_C1,L3,C1,red,left,right,0,0.12121212121212122,1,blue_blue,pick up the blue block,pick up the blue block,0.3424907326698303,0.3424907326698303
2026_08_18_00_55_01_843645_L3_left_C1,L3,C1,red,left,right,0,0.12121212121212122,1,red_red,pick up the red block,pick up the red block,0.3074585199356079,0.3074585199356079
2026_08_18_00_55_01_843645_L3_left_C1,L3,C1,red,left,right,0,0.12121212121212122,1,blue_red,pick up the blue block,pick up the red block,0.3424907326698303,0.3074585199356079
2026_08_18_00_55_01_843645_L3_left_C1,L3,C1,red,left,right,0,0.12121212121212122,1,red_blue,pick up the red block,pick up the blue block,0.3074585199356079,0.3424907326698303
2026_08_18_00_55_01_843645_L3_left_C1,L3,C1,red,left,right,0,0.12121212121212122,2,blue_blue,pick up the blue block,pick up the blue block,0.43060967326164246,0.43060967326164246
2026_08_18_00_55_01_843645_L3_left_C1,L3,C1,red,left,right,0,0.12121212121212122,2,red_red,pick up the red block,pick up the red block,0.3631991744041443,0.3631991744041443
2026_08_18_00_55_01_843645_L3_left_C1,L3,C1,red,left,right,0,0.12121212121212122,2,blue_red,pick up the blue block,pick up the red block,0.43060967326164246,0.3631991744041443
2026_08_18_00_55_01_843645_L3_left_C1,L3,C1,red,left,right,0,0.12121212121212122,2,red_blue,pick up the red block,pick up the blue block,0.3631991744041443,0.43060967326164246
2026_08_18_00_55_01_843645_L3_left_C1,L3,C1,red,left,right,2,0.36363636363636365,0,blue_blue,pick up the blue block,pick up the blue block,0.21867644786834717,0.21867644786834717
2026_08_18_00_55_01_843645_L3_left_C1,L3,C1,red,left,right,2,0.36363636363636365,0,red_red,pick up the red block,pick up the red block,0.25440022349357605,0.25440022349357605
2026_08_18_00_55_01_843645_L3_left_C1,L3,C1,red,left,right,2,0.36363636363636365,0,blue_red,pick up the blue block,pick up the red block,0.21867644786834717,0.25440022349357605
2026_08_18_00_55_01_843645_L3_left_C1,L3,C1,red,left,right,2,0.36363636363636365,0,red_blue,pick up the red block,pick up the blue block,0.25440022349357605,0.21867644786834717
2026_08_18_00_55_01_843645_L3_left_C1,L3,C1,red,left,right,2,0.36363636363636365,1,blue_blue,pick up the blue block,pick up the blue block,0.24377427995204926,0.24377427995204926
2026_08_18_00_55_01_843645_L3_left_C1,L3,C1,red,left,right,2,0.36363636363636365,1,red_red,pick up the red block,pick up the red block,0.27494391798973083,0.27494391798973083
2026_08_18_00_55_01_843645_L3_left_C1,L3,C1,red,left,right,2,0.36363636363636365,1,blue_red,pick up the blue block,pick up the red block,0.24377427995204926,0.27494391798973083
2026_08_18_00_55_01_843645_L3_left_C1,L3,C1,red,left,right,2,0.36363636363636365,1,red_blue,pick up the red block,pick up the blue block,0.27494391798973083,0.24377427995204926
2026_08_18_00_55_01_843645_L3_left_C1,L3,C1,red,left,right,2,0.36363636363636365,2,blue_blue,pick up the blue block,pick up the blue block,0.21489782631397247,0.21489782631397247
2026_08_18_00_55_01_843645_L3_left_C1,L3,C1,red,left,right,2,0.36363636363636365,2,red_red,pick up the red block,pick up the red block,0.26367416977882385,0.26367416977882385
2026_08_18_00_55_01_843645_L3_left_C1,L3,C1,red,left,right,2,0.36363636363636365,2,blue_red,pick up the blue block,pick up the red block,0.21489782631397247,0.26367416977882385
2026_08_18_00_55_01_843645_L3_left_C1,L3,C1,red,left,right,2,0.36363636363636365,2,red_blue,pick up the red block,pick up the blue block,0.26367416977882385,0.21489782631397247
2026_08_18_00_55_01_843645_L3_left_C1,L3,C1,red,left,right,8,1.0,0,blue_blue,pick up the blue block,pick up the blue block,0.36737433075904846,0.36737433075904846
2026_08_18_00_55_01_843645_L3_left_C1,L3,C1,red,left,right,8,1.0,0,red_red,pick up the red block,pick up the red block,0.3033510148525238,0.3033510148525238
2026_08_18_00_55_01_843645_L3_left_C1,L3,C1,red,left,right,8,1.0,0,blue_red,pick up the blue block,pick up the red block,0.36737433075904846,0.3033510148525238
2026_08_18_00_55_01_843645_L3_left_C1,L3,C1,red,left,right,8,1.0,0,red_blue,pick up the red block,pick up the blue block,0.3033510148525238,0.36737433075904846
2026_08_18_00_55_01_843645_L3_left_C1,L3,C1,red,left,right,8,1.0,1,blue_blue,pick up the blue block,pick up the blue block,0.3084425628185272,0.3084425628185272
2026_08_18_00_55_01_843645_L3_left_C1,L3,C1,red,left,right,8,1.0,1,red_red,pick up the red block,pick up the red block,0.2564880847930908,0.2564880847930908
2026_08_18_00_55_01_843645_L3_left_C1,L3,C1,red,left,right,8,1.0,1,blue_red,pick up the blue block,pick up the red block,0.3084425628185272,0.2564880847930908
2026_08_18_00_55_01_843645_L3_left_C1,L3,C1,red,left,right,8,1.0,1,red_blue,pick up the red block,pick up the blue block,0.2564880847930908,0.3084425628185272
2026_08_18_00_55_01_843645_L3_left_C1,L3,C1,red,left,right,8,1.0,2,blue_blue,pick up the blue block,pick up the blue block,0.2088603526353836,0.2088603526353836
2026_08_18_00_55_01_843645_L3_left_C1,L3,C1,red,left,right,8,1.0,2,red_red,pick up the red block,pick up the red block,0.17056314647197723,0.17056314647197723
2026_08_18_00_55_01_843645_L3_left_C1,L3,C1,red,left,right,8,1.0,2,blue_red,pick up the blue block,pick up the red block,0.2088603526353836,0.17056314647197723
2026_08_18_00_55_01_843645_L3_left_C1,L3,C1,red,left,right,8,1.0,2,red_blue,pick up the red block,pick up the blue block,0.17056314647197723,0.2088603526353836
2026_08_18_00_55_32_860317_L3_left_C2,L3,C2,red,left,right,0,0.09142857142857143,0,blue_blue,pick up the blue block,pick up the blue block,0.2979651689529419,0.2979651689529419
2026_08_18_00_55_32_860317_L3_left_C2,L3,C2,red,left,right,0,0.09142857142857143,0,red_red,pick up the red block,pick up the red block,0.3422930836677551,0.3422930836677551
2026_08_18_00_55_32_860317_L3_left_C2,L3,C2,red,left,right,0,0.09142857142857143,0,blue_red,pick up the blue block,pick up the red block,0.2979651689529419,0.3422930836677551
2026_08_18_00_55_32_860317_L3_left_C2,L3,C2,red,left,right,0,0.09142857142857143,0,red_blue,pick up the red block,pick up the blue block,0.3422930836677551,0.2979651689529419
2026_08_18_00_55_32_860317_L3_left_C2,L3,C2,red,left,right,0,0.09142857142857143,1,blue_blue,pick up the blue block,pick up the blue block,0.3482552170753479,0.3482552170753479
2026_08_18_00_55_32_860317_L3_left_C2,L3,C2,red,left,right,0,0.09142857142857143,1,red_red,pick up the red block,pick up the red block,0.3002009391784668,0.3002009391784668
2026_08_18_00_55_32_860317_L3_left_C2,L3,C2,red,left,right,0,0.09142857142857143,1,blue_red,pick up the blue block,pick up the red block,0.3482552170753479,0.3002009391784668
2026_08_18_00_55_32_860317_L3_left_C2,L3,C2,red,left,right,0,0.09142857142857143,1,red_blue,pick up the red block,pick up the blue block,0.3002009391784668,0.3482552170753479
2026_08_18_00_55_32_860317_L3_left_C2,L3,C2,red,left,right,0,0.09142857142857143,2,blue_blue,pick up the blue block,pick up the blue block,0.45311227440834045,0.45311227440834045
2026_08_18_00_55_32_860317_L3_left_C2,L3,C2,red,left,right,0,0.09142857142857143,2,red_red,pick up the red block,pick up the red block,0.4219561815261841,0.4219561815261841
2026_08_18_00_55_32_860317_L3_left_C2,L3,C2,red,left,right,0,0.09142857142857143,2,blue_red,pick up the blue block,pick up the red block,0.45311227440834045,0.4219561815261841
2026_08_18_00_55_32_860317_L3_left_C2,L3,C2,red,left,right,0,0.09142857142857143,2,red_blue,pick up the red block,pick up the blue block,0.4219561815261841,0.45311227440834045
2026_08_18_00_55_32_860317_L3_left_C2,L3,C2,red,left,right,3,0.3657142857142857,0,blue_blue,pick up the blue block,pick up the blue block,0.29353147745132446,0.29353147745132446
2026_08_18_00_55_32_860317_L3_left_C2,L3,C2,red,left,right,3,0.3657142857142857,0,red_red,pick up the red block,pick up the red block,0.2326001524925232,0.2326001524925232
2026_08_18_00_55_32_860317_L3_left_C2,L3,C2,red,left,right,3,0.3657142857142857,0,blue_red,pick up the blue block,pick up the red block,0.29353147745132446,0.2326001524925232
2026_08_18_00_55_32_860317_L3_left_C2,L3,C2,red,left,right,3,0.3657142857142857,0,red_blue,pick up the red block,pick up the blue block,0.2326001524925232,0.29353147745132446
2026_08_18_00_55_32_860317_L3_left_C2,L3,C2,red,left,right,3,0.3657142857142857,1,blue_blue,pick up the blue block,pick up the blue block,0.22734731435775757,0.22734731435775757
2026_08_18_00_55_32_860317_L3_left_C2,L3,C2,red,left,right,3,0.3657142857142857,1,red_red,pick up the red block,pick up the red block,0.20209112763404846,0.20209112763404846
2026_08_18_00_55_32_860317_L3_left_C2,L3,C2,red,left,right,3,0.3657142857142857,1,blue_red,pick up the blue block,pick up the red block,0.22734731435775757,0.20209112763404846
2026_08_18_00_55_32_860317_L3_left_C2,L3,C2,red,left,right,3,0.3657142857142857,1,red_blue,pick up the red block,pick up the blue block,0.20209112763404846,0.22734731435775757
2026_08_18_00_55_32_860317_L3_left_C2,L3,C2,red,left,right,3,0.3657142857142857,2,blue_blue,pick up the blue block,pick up the blue block,0.3531945049762726,0.3531945049762726
2026_08_18_00_55_32_860317_L3_left_C2,L3,C2,red,left,right,3,0.3657142857142857,2,red_red,pick up the red block,pick up the red block,0.31457847356796265,0.31457847356796265
2026_08_18_00_55_32_860317_L3_left_C2,L3,C2,red,left,right,3,0.3657142857142857,2,blue_red,pick up the blue block,pick up the red block,0.3531945049762726,0.31457847356796265
2026_08_18_00_55_32_860317_L3_left_C2,L3,C2,red,left,right,3,0.3657142857142857,2,red_blue,pick up the red block,pick up the blue block,0.31457847356796265,0.3531945049762726
2026_08_18_00_55_32_860317_L3_left_C2,L3,C2,red,left,right,10,1.0,0,blue_blue,pick up the blue block,pick up the blue block,0.19534499943256378,0.19534499943256378
2026_08_18_00_55_32_860317_L3_left_C2,L3,C2,red,left,right,10,1.0,0,red_red,pick up the red block,pick up the red block,0.19127407670021057,0.19127407670021057
2026_08_18_00_55_32_860317_L3_left_C2,L3,C2,red,left,right,10,1.0,0,blue_red,pick up the blue block,pick up the red block,0.19534499943256378,0.19127407670021057
2026_08_18_00_55_32_860317_L3_left_C2,L3,C2,red,left,right,10,1.0,0,red_blue,pick up the red block,pick up the blue block,0.19127407670021057,0.19534499943256378
2026_08_18_00_55_32_860317_L3_left_C2,L3,C2,red,left,right,10,1.0,1,blue_blue,pick up the blue block,pick up the blue block,0.26317840814590454,0.26317840814590454
2026_08_18_00_55_32_860317_L3_left_C2,L3,C2,red,left,right,10,1.0,1,red_red,pick up the red block,pick up the red block,0.2711040675640106,0.2711040675640106
2026_08_18_00_55_32_860317_L3_left_C2,L3,C2,red,left,right,10,1.0,1,blue_red,pick up the blue block,pick up the red block,0.26317840814590454,0.2711040675640106
2026_08_18_00_55_32_860317_L3_left_C2,L3,C2,red,left,right,10,1.0,1,red_blue,pick up the red block,pick up the blue block,0.2711040675640106,0.26317840814590454
2026_08_18_00_55_32_860317_L3_left_C2,L3,C2,red,left,right,10,1.0,2,blue_blue,pick up the blue block,pick up the blue block,0.3092639744281769,0.3092639744281769
2026_08_18_00_55_32_860317_L3_left_C2,L3,C2,red,left,right,10,1.0,2,red_red,pick up the red block,pick up the red block,0.3178022801876068,0.3178022801876068
2026_08_18_00_55_32_860317_L3_left_C2,L3,C2,red,left,right,10,1.0,2,blue_red,pick up the blue block,pick up the red block,0.3092639744281769,0.3178022801876068
2026_08_18_00_55_32_860317_L3_left_C2,L3,C2,red,left,right,10,1.0,2,red_blue,pick up the red block,pick up the blue block,0.3178022801876068,0.3092639744281769
2026_08_18_00_56_19_492037_L3_right_C0,L3,C0,red,right,left,0,0.13333333333333333,0,blue_blue,pick up the blue block,pick up the blue block,0.3130706548690796,0.3130706548690796
2026_08_18_00_56_19_492037_L3_right_C0,L3,C0,red,right,left,0,0.13333333333333333,0,red_red,pick up the red block,pick up the red block,0.31076058745384216,0.31076058745384216
2026_08_18_00_56_19_492037_L3_right_C0,L3,C0,red,right,left,0,0.13333333333333333,0,blue_red,pick up the blue block,pick up the red block,0.3130706548690796,0.31076058745384216
2026_08_18_00_56_19_492037_L3_right_C0,L3,C0,red,right,left,0,0.13333333333333333,0,red_blue,pick up the red block,pick up the blue block,0.31076058745384216,0.3130706548690796
2026_08_18_00_56_19_492037_L3_right_C0,L3,C0,red,right,left,0,0.13333333333333333,1,blue_blue,pick up the blue block,pick up the blue block,0.33210355043411255,0.33210355043411255
2026_08_18_00_56_19_492037_L3_right_C0,L3,C0,red,right,left,0,0.13333333333333333,1,red_red,pick up the red block,pick up the red block,0.3808988034725189,0.3808988034725189
2026_08_18_00_56_19_492037_L3_right_C0,L3,C0,red,right,left,0,0.13333333333333333,1,blue_red,pick up the blue block,pick up the red block,0.33210355043411255,0.3808988034725189
2026_08_18_00_56_19_492037_L3_right_C0,L3,C0,red,right,left,0,0.13333333333333333,1,red_blue,pick up the red block,pick up the blue block,0.3808988034725189,0.33210355043411255
2026_08_18_00_56_19_492037_L3_right_C0,L3,C0,red,right,left,0,0.13333333333333333,2,blue_blue,pick up the blue block,pick up the blue block,0.3437044024467468,0.3437044024467468
2026_08_18_00_56_19_492037_L3_right_C0,L3,C0,red,right,left,0,0.13333333333333333,2,red_red,pick up the red block,pick up the red block,0.3231187164783478,0.3231187164783478
2026_08_18_00_56_19_492037_L3_right_C0,L3,C0,red,right,left,0,0.13333333333333333,2,blue_red,pick up the blue block,pick up the red block,0.3437044024467468,0.3231187164783478
2026_08_18_00_56_19_492037_L3_right_C0,L3,C0,red,right,left,0,0.13333333333333333,2,red_blue,pick up the red block,pick up the blue block,0.3231187164783478,0.3437044024467468
2026_08_18_00_56_19_492037_L3_right_C0,L3,C0,red,right,left,2,0.4,0,blue_blue,pick up the blue block,pick up the blue block,0.2685714662075043,0.2685714662075043
2026_08_18_00_56_19_492037_L3_right_C0,L3,C0,red,right,left,2,0.4,0,red_red,pick up the red block,pick up the red block,0.2182510793209076,0.2182510793209076
2026_08_18_00_56_19_492037_L3_right_C0,L3,C0,red,right,left,2,0.4,0,blue_red,pick up the blue block,pick up the red block,0.2685714662075043,0.2182510793209076
2026_08_18_00_56_19_492037_L3_right_C0,L3,C0,red,right,left,2,0.4,0,red_blue,pick up the red block,pick up the blue block,0.2182510793209076,0.2685714662075043
2026_08_18_00_56_19_492037_L3_right_C0,L3,C0,red,right,left,2,0.4,1,blue_blue,pick up the blue block,pick up the blue block,0.413880318403244,0.413880318403244
2026_08_18_00_56_19_492037_L3_right_C0,L3,C0,red,right,left,2,0.4,1,red_red,pick up the red block,pick up the red block,0.3653053343296051,0.3653053343296051
2026_08_18_00_56_19_492037_L3_right_C0,L3,C0,red,right,left,2,0.4,1,blue_red,pick up the blue block,pick up the red block,0.413880318403244,0.3653053343296051
2026_08_18_00_56_19_492037_L3_right_C0,L3,C0,red,right,left,2,0.4,1,red_blue,pick up the red block,pick up the blue block,0.3653053343296051,0.413880318403244
2026_08_18_00_56_19_492037_L3_right_C0,L3,C0,red,right,left,2,0.4,2,blue_blue,pick up the blue block,pick up the blue block,0.5056913495063782,0.5056913495063782
2026_08_18_00_56_19_492037_L3_right_C0,L3,C0,red,right,left,2,0.4,2,red_red,pick up the red block,pick up the red block,0.42584264278411865,0.42584264278411865
2026_08_18_00_56_19_492037_L3_right_C0,L3,C0,red,right,left,2,0.4,2,blue_red,pick up the blue block,pick up the red block,0.5056913495063782,0.42584264278411865
2026_08_18_00_56_19_492037_L3_right_C0,L3,C0,red,right,left,2,0.4,2,red_blue,pick up the red block,pick up the blue block,0.42584264278411865,0.5056913495063782
2026_08_18_00_56_19_492037_L3_right_C0,L3,C0,red,right,left,7,1.0,0,blue_blue,pick up the blue block,pick up the blue block,0.28579962253570557,0.28579962253570557
2026_08_18_00_56_19_492037_L3_right_C0,L3,C0,red,right,left,7,1.0,0,red_red,pick up the red block,pick up the red block,0.2465747892856598,0.2465747892856598
2026_08_18_00_56_19_492037_L3_right_C0,L3,C0,red,right,left,7,1.0,0,blue_red,pick up the blue block,pick up the red block,0.28579962253570557,0.2465747892856598
2026_08_18_00_56_19_492037_L3_right_C0,L3,C0,red,right,left,7,1.0,0,red_blue,pick up the red block,pick up the blue block,0.2465747892856598,0.28579962253570557
2026_08_18_00_56_19_492037_L3_right_C0,L3,C0,red,right,left,7,1.0,1,blue_blue,pick up the blue block,pick up the blue block,0.2902231812477112,0.2902231812477112
2026_08_18_00_56_19_492037_L3_right_C0,L3,C0,red,right,left,7,1.0,1,red_red,pick up the red block,pick up the red block,0.2641512453556061,0.2641512453556061
2026_08_18_00_56_19_492037_L3_right_C0,L3,C0,red,right,left,7,1.0,1,blue_red,pick up the blue block,pick up the red block,0.2902231812477112,0.2641512453556061
2026_08_18_00_56_19_492037_L3_right_C0,L3,C0,red,right,left,7,1.0,1,red_blue,pick up the red block,pick up the blue block,0.2641512453556061,0.2902231812477112
2026_08_18_00_56_19_492037_L3_right_C0,L3,C0,red,right,left,7,1.0,2,blue_blue,pick up the blue block,pick up the blue block,0.26790663599967957,0.26790663599967957
2026_08_18_00_56_19_492037_L3_right_C0,L3,C0,red,right,left,7,1.0,2,red_red,pick up the red block,pick up the red block,0.18703767657279968,0.18703767657279968
2026_08_18_00_56_19_492037_L3_right_C0,L3,C0,red,right,left,7,1.0,2,blue_red,pick up the blue block,pick up the red block,0.26790663599967957,0.18703767657279968
2026_08_18_00_56_19_492037_L3_right_C0,L3,C0,red,right,left,7,1.0,2,red_blue,pick up the red block,pick up the blue block,0.18703767657279968,0.26790663599967957
2026_08_18_00_56_48_148319_L3_right_C1,L3,C1,red,right,left,0,0.12121212121212122,0,blue_blue,pick up the blue block,pick up the blue block,0.29032382369041443,0.29032382369041443
2026_08_18_00_56_48_148319_L3_right_C1,L3,C1,red,right,left,0,0.12121212121212122,0,red_red,pick up the red block,pick up the red block,0.2930524945259094,0.2930524945259094
2026_08_18_00_56_48_148319_L3_right_C1,L3,C1,red,right,left,0,0.12121212121212122,0,blue_red,pick up the blue block,pick up the red block,0.29032382369041443,0.2930524945259094
2026_08_18_00_56_48_148319_L3_right_C1,L3,C1,red,right,left,0,0.12121212121212122,0,red_blue,pick up the red block,pick up the blue block,0.2930524945259094,0.29032382369041443
2026_08_18_00_56_48_148319_L3_right_C1,L3,C1,red,right,left,0,0.12121212121212122,1,blue_blue,pick up the blue block,pick up the blue block,0.3451051115989685,0.3451051115989685
2026_08_18_00_56_48_148319_L3_right_C1,L3,C1,red,right,left,0,0.12121212121212122,1,red_red,pick up the red block,pick up the red block,0.3423076570034027,0.3423076570034027
2026_08_18_00_56_48_148319_L3_right_C1,L3,C1,red,right,left,0,0.12121212121212122,1,blue_red,pick up the blue block,pick up the red block,0.3451051115989685,0.3423076570034027
2026_08_18_00_56_48_148319_L3_right_C1,L3,C1,red,right,left,0,0.12121212121212122,1,red_blue,pick up the red block,pick up the blue block,0.3423076570034027,0.3451051115989685
2026_08_18_00_56_48_148319_L3_right_C1,L3,C1,red,right,left,0,0.12121212121212122,2,blue_blue,pick up the blue block,pick up the blue block,0.2996729910373688,0.2996729910373688
2026_08_18_00_56_48_148319_L3_right_C1,L3,C1,red,right,left,0,0.12121212121212122,2,red_red,pick up the red block,pick up the red block,0.3047424852848053,0.3047424852848053
2026_08_18_00_56_48_148319_L3_right_C1,L3,C1,red,right,left,0,0.12121212121212122,2,blue_red,pick up the blue block,pick up the red block,0.2996729910373688,0.3047424852848053
2026_08_18_00_56_48_148319_L3_right_C1,L3,C1,red,right,left,0,0.12121212121212122,2,red_blue,pick up the red block,pick up the blue block,0.3047424852848053,0.2996729910373688
2026_08_18_00_56_48_148319_L3_right_C1,L3,C1,red,right,left,2,0.36363636363636365,0,blue_blue,pick up the blue block,pick up the blue block,0.2967403531074524,0.2967403531074524
2026_08_18_00_56_48_148319_L3_right_C1,L3,C1,red,right,left,2,0.36363636363636365,0,red_red,pick up the red block,pick up the red block,0.2888270318508148,0.2888270318508148
2026_08_18_00_56_48_148319_L3_right_C1,L3,C1,red,right,left,2,0.36363636363636365,0,blue_red,pick up the blue block,pick up the red block,0.2967403531074524,0.2888270318508148
2026_08_18_00_56_48_148319_L3_right_C1,L3,C1,red,right,left,2,0.36363636363636365,0,red_blue,pick up the red block,pick up the blue block,0.2888270318508148,0.2967403531074524
2026_08_18_00_56_48_148319_L3_right_C1,L3,C1,red,right,left,2,0.36363636363636365,1,blue_blue,pick up the blue block,pick up the blue block,0.23377925157546997,0.23377925157546997
2026_08_18_00_56_48_148319_L3_right_C1,L3,C1,red,right,left,2,0.36363636363636365,1,red_red,pick up the red block,pick up the red block,0.242015540599823,0.242015540599823
2026_08_18_00_56_48_148319_L3_right_C1,L3,C1,red,right,left,2,0.36363636363636365,1,blue_red,pick up the blue block,pick up the red block,0.23377925157546997,0.242015540599823
2026_08_18_00_56_48_148319_L3_right_C1,L3,C1,red,right,left,2,0.36363636363636365,1,red_blue,pick up the red block,pick up the blue block,0.242015540599823,0.23377925157546997
2026_08_18_00_56_48_148319_L3_right_C1,L3,C1,red,right,left,2,0.36363636363636365,2,blue_blue,pick up the blue block,pick up the blue block,0.23006859421730042,0.23006859421730042
2026_08_18_00_56_48_148319_L3_right_C1,L3,C1,red,right,left,2,0.36363636363636365,2,red_red,pick up the red block,pick up the red block,0.23386861383914948,0.23386861383914948
2026_08_18_00_56_48_148319_L3_right_C1,L3,C1,red,right,left,2,0.36363636363636365,2,blue_red,pick up the blue block,pick up the red block,0.23006859421730042,0.23386861383914948
2026_08_18_00_56_48_148319_L3_right_C1,L3,C1,red,right,left,2,0.36363636363636365,2,red_blue,pick up the red block,pick up the blue block,0.23386861383914948,0.23006859421730042
2026_08_18_00_56_48_148319_L3_right_C1,L3,C1,red,right,left,8,1.0,0,blue_blue,pick up the blue block,pick up the blue block,0.29687824845314026,0.29687824845314026
2026_08_18_00_56_48_148319_L3_right_C1,L3,C1,red,right,left,8,1.0,0,red_red,pick up the red block,pick up the red block,0.21796151995658875,0.21796151995658875
2026_08_18_00_56_48_148319_L3_right_C1,L3,C1,red,right,left,8,1.0,0,blue_red,pick up the blue block,pick up the red block,0.29687824845314026,0.21796151995658875
2026_08_18_00_56_48_148319_L3_right_C1,L3,C1,red,right,left,8,1.0,0,red_blue,pick up the red block,pick up the blue block,0.21796151995658875,0.29687824845314026
2026_08_18_00_56_48_148319_L3_right_C1,L3,C1,red,right,left,8,1.0,1,blue_blue,pick up the blue block,pick up the blue block,0.33625665307044983,0.33625665307044983
2026_08_18_00_56_48_148319_L3_right_C1,L3,C1,red,right,left,8,1.0,1,red_red,pick up the red block,pick up the red block,0.2623295187950134,0.2623295187950134
2026_08_18_00_56_48_148319_L3_right_C1,L3,C1,red,right,left,8,1.0,1,blue_red,pick up the blue block,pick up the red block,0.33625665307044983,0.2623295187950134
2026_08_18_00_56_48_148319_L3_right_C1,L3,C1,red,right,left,8,1.0,1,red_blue,pick up the red block,pick up the blue block,0.2623295187950134,0.33625665307044983
2026_08_18_00_56_48_148319_L3_right_C1,L3,C1,red,right,left,8,1.0,2,blue_blue,pick up the blue block,pick up the blue block,0.26460736989974976,0.26460736989974976
2026_08_18_00_56_48_148319_L3_right_C1,L3,C1,red,right,left,8,1.0,2,red_red,pick up the red block,pick up the red block,0.1899895817041397,0.1899895817041397
2026_08_18_00_56_48_148319_L3_right_C1,L3,C1,red,right,left,8,1.0,2,blue_red,pick up the blue block,pick up the red block,0.26460736989974976,0.1899895817041397
2026_08_18_00_56_48_148319_L3_right_C1,L3,C1,red,right,left,8,1.0,2,red_blue,pick up the red block,pick up the blue block,0.1899895817041397,0.26460736989974976
2026_08_18_00_57_15_980084_L3_right_C2,L3,C2,red,right,left,0,0.10062893081761007,0,blue_blue,pick up the blue block,pick up the blue block,0.3494938015937805,0.3494938015937805
2026_08_18_00_57_15_980084_L3_right_C2,L3,C2,red,right,left,0,0.10062893081761007,0,red_red,pick up the red block,pick up the red block,0.28580960631370544,0.28580960631370544
2026_08_18_00_57_15_980084_L3_right_C2,L3,C2,red,right,left,0,0.10062893081761007,0,blue_red,pick up the blue block,pick up the red block,0.3494938015937805,0.28580960631370544
2026_08_18_00_57_15_980084_L3_right_C2,L3,C2,red,right,left,0,0.10062893081761007,0,red_blue,pick up the red block,pick up the blue block,0.28580960631370544,0.3494938015937805
2026_08_18_00_57_15_980084_L3_right_C2,L3,C2,red,right,left,0,0.10062893081761007,1,blue_blue,pick up the blue block,pick up the blue block,0.4077323377132416,0.4077323377132416
2026_08_18_00_57_15_980084_L3_right_C2,L3,C2,red,right,left,0,0.10062893081761007,1,red_red,pick up the red block,pick up the red block,0.3932015299797058,0.3932015299797058
2026_08_18_00_57_15_980084_L3_right_C2,L3,C2,red,right,left,0,0.10062893081761007,1,blue_red,pick up the blue block,pick up the red block,0.4077323377132416,0.3932015299797058
2026_08_18_00_57_15_980084_L3_right_C2,L3,C2,red,right,left,0,0.10062893081761007,1,red_blue,pick up the red block,pick up the blue block,0.3932015299797058,0.4077323377132416
2026_08_18_00_57_15_980084_L3_right_C2,L3,C2,red,right,left,0,0.10062893081761007,2,blue_blue,pick up the blue block,pick up the blue block,0.3400849401950836,0.3400849401950836
2026_08_18_00_57_15_980084_L3_right_C2,L3,C2,red,right,left,0,0.10062893081761007,2,red_red,pick up the red block,pick up the red block,0.31298667192459106,0.31298667192459106
2026_08_18_00_57_15_980084_L3_right_C2,L3,C2,red,right,left,0,0.10062893081761007,2,blue_red,pick up the blue block,pick up the red block,0.3400849401950836,0.31298667192459106
2026_08_18_00_57_15_980084_L3_right_C2,L3,C2,red,right,left,0,0.10062893081761007,2,red_blue,pick up the red block,pick up the blue block,0.31298667192459106,0.3400849401950836
2026_08_18_00_57_15_980084_L3_right_C2,L3,C2,red,right,left,3,0.4025157232704403,0,blue_blue,pick up the blue block,pick up the blue block,0.31751418113708496,0.31751418113708496
2026_08_18_00_57_15_980084_L3_right_C2,L3,C2,red,right,left,3,0.4025157232704403,0,red_red,pick up the red block,pick up the red block,0.28035256266593933,0.28035256266593933
2026_08_18_00_57_15_980084_L3_right_C2,L3,C2,red,right,left,3,0.4025157232704403,0,blue_red,pick up the blue block,pick up the red block,0.31751418113708496,0.28035256266593933
2026_08_18_00_57_15_980084_L3_right_C2,L3,C2,red,right,left,3,0.4025157232704403,0,red_blue,pick up the red block,pick up the blue block,0.28035256266593933,0.31751418113708496
2026_08_18_00_57_15_980084_L3_right_C2,L3,C2,red,right,left,3,0.4025157232704403,1,blue_blue,pick up the blue block,pick up the blue block,0.2406120002269745,0.2406120002269745
2026_08_18_00_57_15_980084_L3_right_C2,L3,C2,red,right,left,3,0.4025157232704403,1,red_red,pick up the red block,pick up the red block,0.20515985786914825,0.20515985786914825
2026_08_18_00_57_15_980084_L3_right_C2,L3,C2,red,right,left,3,0.4025157232704403,1,blue_red,pick up the blue block,pick up the red block,0.2406120002269745,0.20515985786914825
2026_08_18_00_57_15_980084_L3_right_C2,L3,C2,red,right,left,3,0.4025157232704403,1,red_blue,pick up the red block,pick up the blue block,0.20515985786914825,0.2406120002269745
2026_08_18_00_57_15_980084_L3_right_C2,L3,C2,red,right,left,3,0.4025157232704403,2,blue_blue,pick up the blue block,pick up the blue block,0.19999483227729797,0.19999483227729797
2026_08_18_00_57_15_980084_L3_right_C2,L3,C2,red,right,left,3,0.4025157232704403,2,red_red,pick up the red block,pick up the red block,0.16721725463867188,0.16721725463867188
2026_08_18_00_57_15_980084_L3_right_C2,L3,C2,red,right,left,3,0.4025157232704403,2,blue_red,pick up the blue block,pick up the red block,0.19999483227729797,0.16721725463867188
2026_08_18_00_57_15_980084_L3_right_C2,L3,C2,red,right,left,3,0.4025157232704403,2,red_blue,pick up the red block,pick up the blue block,0.16721725463867188,0.19999483227729797
2026_08_18_00_57_15_980084_L3_right_C2,L3,C2,red,right,left,9,1.0,0,blue_blue,pick up the blue block,pick up the blue block,0.308435320854187,0.308435320854187
2026_08_18_00_57_15_980084_L3_right_C2,L3,C2,red,right,left,9,1.0,0,red_red,pick up the red block,pick up the red block,0.2513265609741211,0.2513265609741211
2026_08_18_00_57_15_980084_L3_right_C2,L3,C2,red,right,left,9,1.0,0,blue_red,pick up the blue block,pick up the red block,0.308435320854187,0.2513265609741211
2026_08_18_00_57_15_980084_L3_right_C2,L3,C2,red,right,left,9,1.0,0,red_blue,pick up the red block,pick up the blue block,0.2513265609741211,0.308435320854187
2026_08_18_00_57_15_980084_L3_right_C2,L3,C2,red,right,left,9,1.0,1,blue_blue,pick up the blue block,pick up the blue block,0.32537516951560974,0.32537516951560974
2026_08_18_00_57_15_980084_L3_right_C2,L3,C2,red,right,left,9,1.0,1,red_red,pick up the red block,pick up the red block,0.26315969228744507,0.26315969228744507
2026_08_18_00_57_15_980084_L3_right_C2,L3,C2,red,right,left,9,1.0,1,blue_red,pick up the blue block,pick up the red block,0.32537516951560974,0.26315969228744507
2026_08_18_00_57_15_980084_L3_right_C2,L3,C2,red,right,left,9,1.0,1,red_blue,pick up the red block,pick up the blue block,0.26315969228744507,0.32537516951560974
2026_08_18_00_57_15_980084_L3_right_C2,L3,C2,red,right,left,9,1.0,2,blue_blue,pick up the blue block,pick up the blue block,0.2816947400569916,0.2816947400569916
2026_08_18_00_57_15_980084_L3_right_C2,L3,C2,red,right,left,9,1.0,2,red_red,pick up the red block,pick up the red block,0.23231461644172668,0.23231461644172668
2026_08_18_00_57_15_980084_L3_right_C2,L3,C2,red,right,left,9,1.0,2,blue_red,pick up the blue block,pick up the red block,0.2816947400569916,0.23231461644172668
2026_08_18_00_57_15_980084_L3_right_C2,L3,C2,red,right,left,9,1.0,2,red_blue,pick up the red block,pick up the blue block,0.23231461644172668,0.2816947400569916
2026_08_18_00_57_54_988496_L3_left_C0,L3,C0,blue,left,left,0,0.13333333333333333,0,blue_blue,pick up the blue block,pick up the blue block,0.36661770939826965,0.36661770939826965
2026_08_18_00_57_54_988496_L3_left_C0,L3,C0,blue,left,left,0,0.13333333333333333,0,red_red,pick up the red block,pick up the red block,0.2804490625858307,0.2804490625858307
2026_08_18_00_57_54_988496_L3_left_C0,L3,C0,blue,left,left,0,0.13333333333333333,0,blue_red,pick up the blue block,pick up the red block,0.36661770939826965,0.2804490625858307
2026_08_18_00_57_54_988496_L3_left_C0,L3,C0,blue,left,left,0,0.13333333333333333,0,red_blue,pick up the red block,pick up the blue block,0.2804490625858307,0.36661770939826965
2026_08_18_00_57_54_988496_L3_left_C0,L3,C0,blue,left,left,0,0.13333333333333333,1,blue_blue,pick up the blue block,pick up the blue block,0.41866883635520935,0.41866883635520935
2026_08_18_00_57_54_988496_L3_left_C0,L3,C0,blue,left,left,0,0.13333333333333333,1,red_red,pick up the red block,pick up the red block,0.2802790701389313,0.2802790701389313
2026_08_18_00_57_54_988496_L3_left_C0,L3,C0,blue,left,left,0,0.13333333333333333,1,blue_red,pick up the blue block,pick up the red block,0.41866883635520935,0.2802790701389313
2026_08_18_00_57_54_988496_L3_left_C0,L3,C0,blue,left,left,0,0.13333333333333333,1,red_blue,pick up the red block,pick up the blue block,0.2802790701389313,0.41866883635520935
2026_08_18_00_57_54_988496_L3_left_C0,L3,C0,blue,left,left,0,0.13333333333333333,2,blue_blue,pick up the blue block,pick up the blue block,0.4231298565864563,0.4231298565864563
2026_08_18_00_57_54_988496_L3_left_C0,L3,C0,blue,left,left,0,0.13333333333333333,2,red_red,pick up the red block,pick up the red block,0.2494761049747467,0.2494761049747467
2026_08_18_00_57_54_988496_L3_left_C0,L3,C0,blue,left,left,0,0.13333333333333333,2,blue_red,pick up the blue block,pick up the red block,0.4231298565864563,0.2494761049747467
2026_08_18_00_57_54_988496_L3_left_C0,L3,C0,blue,left,left,0,0.13333333333333333,2,red_blue,pick up the red block,pick up the blue block,0.2494761049747467,0.4231298565864563
2026_08_18_00_57_54_988496_L3_left_C0,L3,C0,blue,left,left,2,0.4,0,blue_blue,pick up the blue block,pick up the blue block,0.317605584859848,0.317605584859848
2026_08_18_00_57_54_988496_L3_left_C0,L3,C0,blue,left,left,2,0.4,0,red_red,pick up the red block,pick up the red block,0.2648105025291443,0.2648105025291443
2026_08_18_00_57_54_988496_L3_left_C0,L3,C0,blue,left,left,2,0.4,0,blue_red,pick up the blue block,pick up the red block,0.317605584859848,0.2648105025291443
2026_08_18_00_57_54_988496_L3_left_C0,L3,C0,blue,left,left,2,0.4,0,red_blue,pick up the red block,pick up the blue block,0.2648105025291443,0.317605584859848
2026_08_18_00_57_54_988496_L3_left_C0,L3,C0,blue,left,left,2,0.4,1,blue_blue,pick up the blue block,pick up the blue block,0.34997138381004333,0.34997138381004333
2026_08_18_00_57_54_988496_L3_left_C0,L3,C0,blue,left,left,2,0.4,1,red_red,pick up the red block,pick up the red block,0.31543511152267456,0.31543511152267456
2026_08_18_00_57_54_988496_L3_left_C0,L3,C0,blue,left,left,2,0.4,1,blue_red,pick up the blue block,pick up the red block,0.34997138381004333,0.31543511152267456
2026_08_18_00_57_54_988496_L3_left_C0,L3,C0,blue,left,left,2,0.4,1,red_blue,pick up the red block,pick up the blue block,0.31543511152267456,0.34997138381004333
2026_08_18_00_57_54_988496_L3_left_C0,L3,C0,blue,left,left,2,0.4,2,blue_blue,pick up the blue block,pick up the blue block,0.3248331546783447,0.3248331546783447
2026_08_18_00_57_54_988496_L3_left_C0,L3,C0,blue,left,left,2,0.4,2,red_red,pick up the red block,pick up the red block,0.28575602173805237,0.28575602173805237
2026_08_18_00_57_54_988496_L3_left_C0,L3,C0,blue,left,left,2,0.4,2,blue_red,pick up the blue block,pick up the red block,0.3248331546783447,0.28575602173805237
2026_08_18_00_57_54_988496_L3_left_C0,L3,C0,blue,left,left,2,0.4,2,red_blue,pick up the red block,pick up the blue block,0.28575602173805237,0.3248331546783447
2026_08_18_00_57_54_988496_L3_left_C0,L3,C0,blue,left,left,7,1.0,0,blue_blue,pick up the blue block,pick up the blue block,0.19480818510055542,0.19480818510055542
2026_08_18_00_57_54_988496_L3_left_C0,L3,C0,blue,left,left,7,1.0,0,red_red,pick up the red block,pick up the red block,0.264430969953537,0.264430969953537
2026_08_18_00_57_54_988496_L3_left_C0,L3,C0,blue,left,left,7,1.0,0,blue_red,pick up the blue block,pick up the red block,0.19480818510055542,0.264430969953537
2026_08_18_00_57_54_988496_L3_left_C0,L3,C0,blue,left,left,7,1.0,0,red_blue,pick up the red block,pick up the blue block,0.264430969953537,0.19480818510055542
2026_08_18_00_57_54_988496_L3_left_C0,L3,C0,blue,left,left,7,1.0,1,blue_blue,pick up the blue block,pick up the blue block,0.20861798524856567,0.20861798524856567
2026_08_18_00_57_54_988496_L3_left_C0,L3,C0,blue,left,left,7,1.0,1,red_red,pick up the red block,pick up the red block,0.2481071650981903,0.2481071650981903
2026_08_18_00_57_54_988496_L3_left_C0,L3,C0,blue,left,left,7,1.0,1,blue_red,pick up the blue block,pick up the red block,0.20861798524856567,0.2481071650981903
2026_08_18_00_57_54_988496_L3_left_C0,L3,C0,blue,left,left,7,1.0,1,red_blue,pick up the red block,pick up the blue block,0.2481071650981903,0.20861798524856567
2026_08_18_00_57_54_988496_L3_left_C0,L3,C0,blue,left,left,7,1.0,2,blue_blue,pick up the blue block,pick up the blue block,0.2134244740009308,0.2134244740009308
2026_08_18_00_57_54_988496_L3_left_C0,L3,C0,blue,left,left,7,1.0,2,red_red,pick up the red block,pick up the red block,0.2687753736972809,0.2687753736972809
2026_08_18_00_57_54_988496_L3_left_C0,L3,C0,blue,left,left,7,1.0,2,blue_red,pick up the blue block,pick up the red block,0.2134244740009308,0.2687753736972809
2026_08_18_00_57_54_988496_L3_left_C0,L3,C0,blue,left,left,7,1.0,2,red_blue,pick up the red block,pick up the blue block,0.2687753736972809,0.2134244740009308
2026_08_18_00_58_22_709133_L3_left_C1,L3,C1,blue,left,left,0,0.12121212121212122,0,blue_blue,pick up the blue block,pick up the blue block,0.3905198872089386,0.3905198872089386
2026_08_18_00_58_22_709133_L3_left_C1,L3,C1,blue,left,left,0,0.12121212121212122,0,red_red,pick up the red block,pick up the red block,0.32675209641456604,0.32675209641456604
2026_08_18_00_58_22_709133_L3_left_C1,L3,C1,blue,left,left,0,0.12121212121212122,0,blue_red,pick up the blue block,pick up the red block,0.3905198872089386,0.32675209641456604
2026_08_18_00_58_22_709133_L3_left_C1,L3,C1,blue,left,left,0,0.12121212121212122,0,red_blue,pick up the red block,pick up the blue block,0.32675209641456604,0.3905198872089386
2026_08_18_00_58_22_709133_L3_left_C1,L3,C1,blue,left,left,0,0.12121212121212122,1,blue_blue,pick up the blue block,pick up the blue block,0.40592965483665466,0.40592965483665466
2026_08_18_00_58_22_709133_L3_left_C1,L3,C1,blue,left,left,0,0.12121212121212122,1,red_red,pick up the red block,pick up the red block,0.355337917804718,0.355337917804718
2026_08_18_00_58_22_709133_L3_left_C1,L3,C1,blue,left,left,0,0.12121212121212122,1,blue_red,pick up the blue block,pick up the red block,0.40592965483665466,0.355337917804718
2026_08_18_00_58_22_709133_L3_left_C1,L3,C1,blue,left,left,0,0.12121212121212122,1,red_blue,pick up the red block,pick up the blue block,0.355337917804718,0.40592965483665466
2026_08_18_00_58_22_709133_L3_left_C1,L3,C1,blue,left,left,0,0.12121212121212122,2,blue_blue,pick up the blue block,pick up the blue block,0.4939804971218109,0.4939804971218109
2026_08_18_00_58_22_709133_L3_left_C1,L3,C1,blue,left,left,0,0.12121212121212122,2,red_red,pick up the red block,pick up the red block,0.3483462929725647,0.3483462929725647
2026_08_18_00_58_22_709133_L3_left_C1,L3,C1,blue,left,left,0,0.12121212121212122,2,blue_red,pick up the blue block,pick up the red block,0.4939804971218109,0.3483462929725647
2026_08_18_00_58_22_709133_L3_left_C1,L3,C1,blue,left,left,0,0.12121212121212122,2,red_blue,pick up the red block,pick up the blue block,0.3483462929725647,0.4939804971218109
2026_08_18_00_58_22_709133_L3_left_C1,L3,C1,blue,left,left,2,0.36363636363636365,0,blue_blue,pick up the blue block,pick up the blue block,0.36853060126304626,0.36853060126304626
2026_08_18_00_58_22_709133_L3_left_C1,L3,C1,blue,left,left,2,0.36363636363636365,0,red_red,pick up the red block,pick up the red block,0.2763175368309021,0.2763175368309021
2026_08_18_00_58_22_709133_L3_left_C1,L3,C1,blue,left,left,2,0.36363636363636365,0,blue_red,pick up the blue block,pick up the red block,0.36853060126304626,0.2763175368309021
2026_08_18_00_58_22_709133_L3_left_C1,L3,C1,blue,left,left,2,0.36363636363636365,0,red_blue,pick up the red block,pick up the blue block,0.2763175368309021,0.36853060126304626
2026_08_18_00_58_22_709133_L3_left_C1,L3,C1,blue,left,left,2,0.36363636363636365,1,blue_blue,pick up the blue block,pick up the blue block,0.2180265337228775,0.2180265337228775
2026_08_18_00_58_22_709133_L3_left_C1,L3,C1,blue,left,left,2,0.36363636363636365,1,red_red,pick up the red block,pick up the red block,0.1569194346666336,0.1569194346666336
2026_08_18_00_58_22_709133_L3_left_C1,L3,C1,blue,left,left,2,0.36363636363636365,1,blue_red,pick up the blue block,pick up the red block,0.2180265337228775,0.1569194346666336
2026_08_18_00_58_22_709133_L3_left_C1,L3,C1,blue,left,left,2,0.36363636363636365,1,red_blue,pick up the red block,pick up the blue block,0.1569194346666336,0.2180265337228775
2026_08_18_00_58_22_709133_L3_left_C1,L3,C1,blue,left,left,2,0.36363636363636365,2,blue_blue,pick up the blue block,pick up the blue block,0.3496018648147583,0.3496018648147583
2026_08_18_00_58_22_709133_L3_left_C1,L3,C1,blue,left,left,2,0.36363636363636365,2,red_red,pick up the red block,pick up the red block,0.25491055846214294,0.25491055846214294
2026_08_18_00_58_22_709133_L3_left_C1,L3,C1,blue,left,left,2,0.36363636363636365,2,blue_red,pick up the blue block,pick up the red block,0.3496018648147583,0.25491055846214294
2026_08_18_00_58_22_709133_L3_left_C1,L3,C1,blue,left,left,2,0.36363636363636365,2,red_blue,pick up the red block,pick up the blue block,0.25491055846214294,0.3496018648147583
2026_08_18_00_58_22_709133_L3_left_C1,L3,C1,blue,left,left,8,1.0,0,blue_blue,pick up the blue block,pick up the blue block,0.21280783414840698,0.21280783414840698
2026_08_18_00_58_22_709133_L3_left_C1,L3,C1,blue,left,left,8,1.0,0,red_red,pick up the red block,pick up the red block,0.2351556420326233,0.2351556420326233
2026_08_18_00_58_22_709133_L3_left_C1,L3,C1,blue,left,left,8,1.0,0,blue_red,pick up the blue block,pick up the red block,0.21280783414840698,0.2351556420326233
2026_08_18_00_58_22_709133_L3_left_C1,L3,C1,blue,left,left,8,1.0,0,red_blue,pick up the red block,pick up the blue block,0.2351556420326233,0.21280783414840698
2026_08_18_00_58_22_709133_L3_left_C1,L3,C1,blue,left,left,8,1.0,1,blue_blue,pick up the blue block,pick up the blue block,0.38105320930480957,0.38105320930480957
2026_08_18_00_58_22_709133_L3_left_C1,L3,C1,blue,left,left,8,1.0,1,red_red,pick up the red block,pick up the red block,0.380016565322876,0.380016565322876
2026_08_18_00_58_22_709133_L3_left_C1,L3,C1,blue,left,left,8,1.0,1,blue_red,pick up the blue block,pick up the red block,0.38105320930480957,0.380016565322876
2026_08_18_00_58_22_709133_L3_left_C1,L3,C1,blue,left,left,8,1.0,1,red_blue,pick up the red block,pick up the blue block,0.380016565322876,0.38105320930480957
2026_08_18_00_58_22_709133_L3_left_C1,L3,C1,blue,left,left,8,1.0,2,blue_blue,pick up the blue block,pick up the blue block,0.18324540555477142,0.18324540555477142
2026_08_18_00_58_22_709133_L3_left_C1,L3,C1,blue,left,left,8,1.0,2,red_red,pick up the red block,pick up the red block,0.17398880422115326,0.17398880422115326
2026_08_18_00_58_22_709133_L3_left_C1,L3,C1,blue,left,left,8,1.0,2,blue_red,pick up the blue block,pick up the red block,0.18324540555477142,0.17398880422115326
2026_08_18_00_58_22_709133_L3_left_C1,L3,C1,blue,left,left,8,1.0,2,red_blue,pick up the red block,pick up the blue block,0.17398880422115326,0.18324540555477142
2026_08_18_00_59_48_029579_L3_left_C2,L3,C2,blue,left,left,0,0.10062893081761007,0,blue_blue,pick up the blue block,pick up the blue block,0.3260170519351959,0.3260170519351959
2026_08_18_00_59_48_029579_L3_left_C2,L3,C2,blue,left,left,0,0.10062893081761007,0,red_red,pick up the red block,pick up the red block,0.2611265778541565,0.2611265778541565
2026_08_18_00_59_48_029579_L3_left_C2,L3,C2,blue,left,left,0,0.10062893081761007,0,blue_red,pick up the blue block,pick up the red block,0.3260170519351959,0.2611265778541565
2026_08_18_00_59_48_029579_L3_left_C2,L3,C2,blue,left,left,0,0.10062893081761007,0,red_blue,pick up the red block,pick up the blue block,0.2611265778541565,0.3260170519351959
2026_08_18_00_59_48_029579_L3_left_C2,L3,C2,blue,left,left,0,0.10062893081761007,1,blue_blue,pick up the blue block,pick up the blue block,0.29286420345306396,0.29286420345306396
2026_08_18_00_59_48_029579_L3_left_C2,L3,C2,blue,left,left,0,0.10062893081761007,1,red_red,pick up the red block,pick up the red block,0.2548280358314514,0.2548280358314514
2026_08_18_00_59_48_029579_L3_left_C2,L3,C2,blue,left,left,0,0.10062893081761007,1,blue_red,pick up the blue block,pick up the red block,0.29286420345306396,0.2548280358314514
2026_08_18_00_59_48_029579_L3_left_C2,L3,C2,blue,left,left,0,0.10062893081761007,1,red_blue,pick up the red block,pick up the blue block,0.2548280358314514,0.29286420345306396
2026_08_18_00_59_48_029579_L3_left_C2,L3,C2,blue,left,left,0,0.10062893081761007,2,blue_blue,pick up the blue block,pick up the blue block,0.3441084921360016,0.3441084921360016
2026_08_18_00_59_48_029579_L3_left_C2,L3,C2,blue,left,left,0,0.10062893081761007,2,red_red,pick up the red block,pick up the red block,0.29864293336868286,0.29864293336868286
2026_08_18_00_59_48_029579_L3_left_C2,L3,C2,blue,left,left,0,0.10062893081761007,2,blue_red,pick up the blue block,pick up the red block,0.3441084921360016,0.29864293336868286
2026_08_18_00_59_48_029579_L3_left_C2,L3,C2,blue,left,left,0,0.10062893081761007,2,red_blue,pick up the red block,pick up the blue block,0.29864293336868286,0.3441084921360016
2026_08_18_00_59_48_029579_L3_left_C2,L3,C2,blue,left,left,3,0.4025157232704403,0,blue_blue,pick up the blue block,pick up the blue block,0.2554994225502014,0.2554994225502014
2026_08_18_00_59_48_029579_L3_left_C2,L3,C2,blue,left,left,3,0.4025157232704403,0,red_red,pick up the red block,pick up the red block,0.2601001560688019,0.2601001560688019
2026_08_18_00_59_48_029579_L3_left_C2,L3,C2,blue,left,left,3,0.4025157232704403,0,blue_red,pick up the blue block,pick up the red block,0.2554994225502014,0.2601001560688019
2026_08_18_00_59_48_029579_L3_left_C2,L3,C2,blue,left,left,3,0.4025157232704403,0,red_blue,pick up the red block,pick up the blue block,0.2601001560688019,0.2554994225502014
2026_08_18_00_59_48_029579_L3_left_C2,L3,C2,blue,left,left,3,0.4025157232704403,1,blue_blue,pick up the blue block,pick up the blue block,0.307287335395813,0.307287335395813
2026_08_18_00_59_48_029579_L3_left_C2,L3,C2,blue,left,left,3,0.4025157232704403,1,red_red,pick up the red block,pick up the red block,0.30431583523750305,0.30431583523750305
2026_08_18_00_59_48_029579_L3_left_C2,L3,C2,blue,left,left,3,0.4025157232704403,1,blue_red,pick up the blue block,pick up the red block,0.307287335395813,0.30431583523750305
2026_08_18_00_59_48_029579_L3_left_C2,L3,C2,blue,left,left,3,0.4025157232704403,1,red_blue,pick up the red block,pick up the blue block,0.30431583523750305,0.307287335395813
2026_08_18_00_59_48_029579_L3_left_C2,L3,C2,blue,left,left,3,0.4025157232704403,2,blue_blue,pick up the blue block,pick up the blue block,0.18156468868255615,0.18156468868255615
2026_08_18_00_59_48_029579_L3_left_C2,L3,C2,blue,left,left,3,0.4025157232704403,2,red_red,pick up the red block,pick up the red block,0.18110574781894684,0.18110574781894684
2026_08_18_00_59_48_029579_L3_left_C2,L3,C2,blue,left,left,3,0.4025157232704403,2,blue_red,pick up the blue block,pick up the red block,0.18156468868255615,0.18110574781894684
2026_08_18_00_59_48_029579_L3_left_C2,L3,C2,blue,left,left,3,0.4025157232704403,2,red_blue,pick up the red block,pick up the blue block,0.18110574781894684,0.18156468868255615
2026_08_18_00_59_48_029579_L3_left_C2,L3,C2,blue,left,left,9,1.0,0,blue_blue,pick up the blue block,pick up the blue block,0.24732616543769836,0.24732616543769836
2026_08_18_00_59_48_029579_L3_left_C2,L3,C2,blue,left,left,9,1.0,0,red_red,pick up the red block,pick up the red block,0.27767062187194824,0.27767062187194824
2026_08_18_00_59_48_029579_L3_left_C2,L3,C2,blue,left,left,9,1.0,0,blue_red,pick up the blue block,pick up the red block,0.24732616543769836,0.27767062187194824
2026_08_18_00_59_48_029579_L3_left_C2,L3,C2,blue,left,left,9,1.0,0,red_blue,pick up the red block,pick up the blue block,0.27767062187194824,0.24732616543769836
2026_08_18_00_59_48_029579_L3_left_C2,L3,C2,blue,left,left,9,1.0,1,blue_blue,pick up the blue block,pick up the blue block,0.23637914657592773,0.23637914657592773
2026_08_18_00_59_48_029579_L3_left_C2,L3,C2,blue,left,left,9,1.0,1,red_red,pick up the red block,pick up the red block,0.27784866094589233,0.27784866094589233
2026_08_18_00_59_48_029579_L3_left_C2,L3,C2,blue,left,left,9,1.0,1,blue_red,pick up the blue block,pick up the red block,0.23637914657592773,0.27784866094589233
2026_08_18_00_59_48_029579_L3_left_C2,L3,C2,blue,left,left,9,1.0,1,red_blue,pick up the red block,pick up the blue block,0.27784866094589233,0.23637914657592773
2026_08_18_00_59_48_029579_L3_left_C2,L3,C2,blue,left,left,9,1.0,2,blue_blue,pick up the blue block,pick up the blue block,0.17942838370800018,0.17942838370800018
2026_08_18_00_59_48_029579_L3_left_C2,L3,C2,blue,left,left,9,1.0,2,red_red,pick up the red block,pick up the red block,0.20388588309288025,0.20388588309288025
2026_08_18_00_59_48_029579_L3_left_C2,L3,C2,blue,left,left,9,1.0,2,blue_red,pick up the blue block,pick up the red block,0.17942838370800018,0.20388588309288025
2026_08_18_00_59_48_029579_L3_left_C2,L3,C2,blue,left,left,9,1.0,2,red_blue,pick up the red block,pick up the blue block,0.20388588309288025,0.17942838370800018
