condition,target,init_state_index,repeat_index,success,policy_steps,policy_queries,eef_path_length_m,action_total_variation_l2,first_guidance_scale,mean_post_first_guidance_scale,max_post_first_guidance_scale,belief_negative_after_first_chunk,initial_observation_sha256,metadata_path
base,cabinet,0,0,True,84,17,0.8398646290973679,10.33965032764992,0.0,0.0,0.0,nan,321cf4080ba7eacc140b241b4a44419ecb98aefa3d18d49945df6867584aa9b5,artifacts/goal_bowl_destination_steering_formal_t1_lambda2_combined/goal_bowl_destination_base_cabinet_init0_repeat0_success.json
base,cabinet,0,1,True,92,19,0.8833917319656869,10.965046221460618,0.0,0.0,0.0,nan,321cf4080ba7eacc140b241b4a44419ecb98aefa3d18d49945df6867584aa9b5,artifacts/goal_bowl_destination_steering_formal_t1_lambda2_combined/goal_bowl_destination_base_cabinet_init0_repeat1_success.json
base,cabinet,10,0,True,91,19,0.925494930792016,11.734254142351372,0.0,0.0,0.0,nan,aa497633046432954b9db128392fc055acdc582e59fd8d079fa71e23ea46a747,artifacts/goal_bowl_destination_steering_formal_t1_lambda2_combined/goal_bowl_destination_base_cabinet_init10_repeat0_success.json
base,cabinet,10,1,True,99,20,1.0450401285031705,12.772845519848346,0.0,0.0,0.0,nan,aa497633046432954b9db128392fc055acdc582e59fd8d079fa71e23ea46a747,artifacts/goal_bowl_destination_steering_formal_t1_lambda2_combined/goal_bowl_destination_base_cabinet_init10_repeat1_success.json
base,cabinet,11,0,True,85,17,0.8505481357692726,10.07531642015087,0.0,0.0,0.0,nan,ee8bf9f07fab13908afd71636d89f1496174e9910c659f06e467e5c86064fb92,artifacts/goal_bowl_destination_steering_formal_t1_lambda2_combined/goal_bowl_destination_base_cabinet_init11_repeat0_success.json
base,cabinet,11,1,True,83,17,0.8384401385804444,10.377598740170251,0.0,0.0,0.0,nan,ee8bf9f07fab13908afd71636d89f1496174e9910c659f06e467e5c86064fb92,artifacts/goal_bowl_destination_steering_formal_t1_lambda2_combined/goal_bowl_destination_base_cabinet_init11_repeat1_success.json
base,cabinet,12,0,True,92,19,0.9297637784990697,14.582720513897218,0.0,0.0,0.0,nan,ba0f137def3da13922b741cf35666f5c9a97e5cf8013bf27ec4d3f62bb319fe8,artifacts/goal_bowl_destination_steering_formal_t1_lambda2_combined/goal_bowl_destination_base_cabinet_init12_repeat0_success.json
base,cabinet,12,1,True,90,18,0.949600611491783,11.911999235157655,0.0,0.0,0.0,nan,ba0f137def3da13922b741cf35666f5c9a97e5cf8013bf27ec4d3f62bb319fe8,artifacts/goal_bowl_destination_steering_formal_t1_lambda2_combined/goal_bowl_destination_base_cabinet_init12_repeat1_success.json
base,cabinet,13,0,True,84,17,0.8646673158391296,11.102171156905195,0.0,0.0,0.0,nan,53d47afde021fbf8db3c829b1a40c30bef70dfd468106738eedb2098efb7362b,artifacts/goal_bowl_destination_steering_formal_t1_lambda2_combined/goal_bowl_destination_base_cabinet_init13_repeat0_success.json
base,cabinet,13,1,True,87,18,0.8674284026933138,11.03019668559528,0.0,0.0,0.0,nan,53d47afde021fbf8db3c829b1a40c30bef70dfd468106738eedb2098efb7362b,artifacts/goal_bowl_destination_steering_formal_t1_lambda2_combined/goal_bowl_destination_base_cabinet_init13_repeat1_success.json
base,cabinet,14,0,True,85,17,0.8618639198751409,10.717374869635755,0.0,0.0,0.0,nan,ebc26ccdeb1c35b101ab77d92748fdc9eb8110ad6ebf9be10a3b3ebc0276dda4,artifacts/goal_bowl_destination_steering_formal_t1_lambda2_combined/goal_bowl_destination_base_cabinet_init14_repeat0_success.json
base,cabinet,14,1,True,84,17,0.8605943220704166,10.9302006144266,0.0,0.0,0.0,nan,ebc26ccdeb1c35b101ab77d92748fdc9eb8110ad6ebf9be10a3b3ebc0276dda4,artifacts/goal_bowl_destination_steering_formal_t1_lambda2_combined/goal_bowl_destination_base_cabinet_init14_repeat1_success.json
base,cabinet,15,0,True,77,16,0.7811107132361989,11.218399315914311,0.0,0.0,0.0,nan,4b4fcae42ad528e64400b10e5fdad5e5c1a829d38c2e66d2f9ab10b9a08b09ea,artifacts/goal_bowl_destination_steering_formal_t1_lambda2_combined/goal_bowl_destination_base_cabinet_init15_repeat0_success.json
base,cabinet,15,1,True,77,16,0.7807456018126588,10.32976637126858,0.0,0.0,0.0,nan,4b4fcae42ad528e64400b10e5fdad5e5c1a829d38c2e66d2f9ab10b9a08b09ea,artifacts/goal_bowl_destination_steering_formal_t1_lambda2_combined/goal_bowl_destination_base_cabinet_init15_repeat1_success.json
base,cabinet,16,0,True,85,17,0.8311683292306923,10.502345476396993,0.0,0.0,0.0,nan,cbde56991480f83fb2b0fff4894a024bd1cf120e5788c34480e7c17568adf9f5,artifacts/goal_bowl_destination_steering_formal_t1_lambda2_combined/goal_bowl_destination_base_cabinet_init16_repeat0_success.json
base,cabinet,16,1,True,89,18,0.8786625635907045,10.929512808588122,0.0,0.0,0.0,nan,cbde56991480f83fb2b0fff4894a024bd1cf120e5788c34480e7c17568adf9f5,artifacts/goal_bowl_destination_steering_formal_t1_lambda2_combined/goal_bowl_destination_base_cabinet_init16_repeat1_success.json
base,cabinet,17,0,True,86,18,0.8965332323755262,10.735771393265765,0.0,0.0,0.0,nan,8a2304c76cf05364394a5e9e8205494645e8dcf034b756638103c488f013dd7b,artifacts/goal_bowl_destination_steering_formal_t1_lambda2_combined/goal_bowl_destination_base_cabinet_init17_repeat0_success.json
base,cabinet,17,1,True,75,15,0.7696138047252541,9.293077044229229,0.0,0.0,0.0,nan,8a2304c76cf05364394a5e9e8205494645e8dcf034b756638103c488f013dd7b,artifacts/goal_bowl_destination_steering_formal_t1_lambda2_combined/goal_bowl_destination_base_cabinet_init17_repeat1_success.json
base,cabinet,18,0,True,98,20,0.9683010576607036,11.076528512160154,0.0,0.0,0.0,nan,20b5a7abdfe49e34d1bc7b984f6667aaf5631112a5fee0525edf55061c50589c,artifacts/goal_bowl_destination_steering_formal_t1_lambda2_combined/goal_bowl_destination_base_cabinet_init18_repeat0_success.json
base,cabinet,18,1,True,87,18,0.9027869671970725,10.837227085160086,0.0,0.0,0.0,nan,20b5a7abdfe49e34d1bc7b984f6667aaf5631112a5fee0525edf55061c50589c,artifacts/goal_bowl_destination_steering_formal_t1_lambda2_combined/goal_bowl_destination_base_cabinet_init18_repeat1_success.json
base,cabinet,19,0,True,85,17,0.8896848948743289,11.316927938525742,0.0,0.0,0.0,nan,7dcbc894b187bcfa06789df1e7c8751e18acfbc84e35c9244515594035b4bd25,artifacts/goal_bowl_destination_steering_formal_t1_lambda2_combined/goal_bowl_destination_base_cabinet_init19_repeat0_success.json
base,cabinet,19,1,True,88,18,0.9068700544359232,11.178576858276873,0.0,0.0,0.0,nan,7dcbc894b187bcfa06789df1e7c8751e18acfbc84e35c9244515594035b4bd25,artifacts/goal_bowl_destination_steering_formal_t1_lambda2_combined/goal_bowl_destination_base_cabinet_init19_repeat1_success.json
base,cabinet,1,0,True,90,18,0.9159572030656017,10.900802522042317,0.0,0.0,0.0,nan,b2a6ae4dc26730f9ae1060fbebdc279e7273c39b0f8f528ef8c5b03f64aeaf2e,artifacts/goal_bowl_destination_steering_formal_t1_lambda2_combined/goal_bowl_destination_base_cabinet_init1_repeat0_success.json
base,cabinet,1,1,True,86,18,0.8891634416190809,10.838500709141329,0.0,0.0,0.0,nan,b2a6ae4dc26730f9ae1060fbebdc279e7273c39b0f8f528ef8c5b03f64aeaf2e,artifacts/goal_bowl_destination_steering_formal_t1_lambda2_combined/goal_bowl_destination_base_cabinet_init1_repeat1_success.json
base,cabinet,20,0,True,86,18,0.9307312300209051,11.496323147958094,0.0,0.0,0.0,nan,2c8ce6339efb5d14c08e62c4fa248d76367d939f37814ec1105a3d7a45c0ff48,artifacts/goal_bowl_destination_steering_formal_t1_lambda2_combined/goal_bowl_destination_base_cabinet_init20_repeat0_success.json
base,cabinet,20,1,True,83,17,0.9007650011011997,11.069613227024751,0.0,0.0,0.0,nan,2c8ce6339efb5d14c08e62c4fa248d76367d939f37814ec1105a3d7a45c0ff48,artifacts/goal_bowl_destination_steering_formal_t1_lambda2_combined/goal_bowl_destination_base_cabinet_init20_repeat1_success.json
base,cabinet,21,0,True,85,17,0.8795029578735888,10.811862580802138,0.0,0.0,0.0,nan,1e339873f947d4284382d878fb78ef735faa1f80b434ccb3960a2ad3799e2b6a,artifacts/goal_bowl_destination_steering_formal_t1_lambda2_combined/goal_bowl_destination_base_cabinet_init21_repeat0_success.json
base,cabinet,21,1,True,80,16,0.856582535584711,10.953332445536155,0.0,0.0,0.0,nan,1e339873f947d4284382d878fb78ef735faa1f80b434ccb3960a2ad3799e2b6a,artifacts/goal_bowl_destination_steering_formal_t1_lambda2_combined/goal_bowl_destination_base_cabinet_init21_repeat1_success.json
base,cabinet,22,0,True,76,16,0.7870666322909109,9.696871462159509,0.0,0.0,0.0,nan,d704b948ebd4a1fa7a2bebe64f5203edc302aa66e7069a15b9098b813260b27a,artifacts/goal_bowl_destination_steering_formal_t1_lambda2_combined/goal_bowl_destination_base_cabinet_init22_repeat0_success.json
base,cabinet,22,1,True,78,16,0.7871740899226681,9.503758346444489,0.0,0.0,0.0,nan,d704b948ebd4a1fa7a2bebe64f5203edc302aa66e7069a15b9098b813260b27a,artifacts/goal_bowl_destination_steering_formal_t1_lambda2_combined/goal_bowl_destination_base_cabinet_init22_repeat1_success.json
base,cabinet,23,0,True,87,18,0.8436121140694082,11.025634361407109,0.0,0.0,0.0,nan,40fef409968f1f9484983ce0b73de4ee38068ac73c75c707e22fb07202d34164,artifacts/goal_bowl_destination_steering_formal_t1_lambda2_combined/goal_bowl_destination_base_cabinet_init23_repeat0_success.json
base,cabinet,23,1,True,87,18,0.833482562556191,14.67467435984245,0.0,0.0,0.0,nan,40fef409968f1f9484983ce0b73de4ee38068ac73c75c707e22fb07202d34164,artifacts/goal_bowl_destination_steering_formal_t1_lambda2_combined/goal_bowl_destination_base_cabinet_init23_repeat1_success.json
base,cabinet,24,0,True,80,16,0.7966567579036812,10.05549893463713,0.0,0.0,0.0,nan,2d2401e65d71bb766f9eb2ccaab4525c0d033512c35b523dc5f3a07be8553de6,artifacts/goal_bowl_destination_steering_formal_t1_lambda2_combined/goal_bowl_destination_base_cabinet_init24_repeat0_success.json
base,cabinet,24,1,True,83,17,0.804002661654307,10.03753201544797,0.0,0.0,0.0,nan,2d2401e65d71bb766f9eb2ccaab4525c0d033512c35b523dc5f3a07be8553de6,artifacts/goal_bowl_destination_steering_formal_t1_lambda2_combined/goal_bowl_destination_base_cabinet_init24_repeat1_success.json
base,cabinet,25,0,True,88,18,0.9402434487196014,11.445050516979009,0.0,0.0,0.0,nan,91ac2ade5367f97e1d7dbcf47d4ee332a2eab34da7223f38600c869921247d34,artifacts/goal_bowl_destination_steering_formal_t1_lambda2_combined/goal_bowl_destination_base_cabinet_init25_repeat0_success.json
base,cabinet,25,1,True,90,18,0.938966979961186,13.859182130377793,0.0,0.0,0.0,nan,91ac2ade5367f97e1d7dbcf47d4ee332a2eab34da7223f38600c869921247d34,artifacts/goal_bowl_destination_steering_formal_t1_lambda2_combined/goal_bowl_destination_base_cabinet_init25_repeat1_success.json
base,cabinet,26,0,True,89,18,0.9013848110227763,10.941818909272524,0.0,0.0,0.0,nan,8fe55c120b6602d2bc32f3135b2761b80e9cb4e2f3136490ab31d5e3dc97c034,artifacts/goal_bowl_destination_steering_formal_t1_lambda2_combined/goal_bowl_destination_base_cabinet_init26_repeat0_success.json
base,cabinet,26,1,True,90,18,0.8964337042271228,10.694350287505223,0.0,0.0,0.0,nan,8fe55c120b6602d2bc32f3135b2761b80e9cb4e2f3136490ab31d5e3dc97c034,artifacts/goal_bowl_destination_steering_formal_t1_lambda2_combined/goal_bowl_destination_base_cabinet_init26_repeat1_success.json
base,cabinet,27,0,True,84,17,0.9114410212213805,11.441842372781487,0.0,0.0,0.0,nan,706f52d01eadaa1eb6520ebdf25328eb92991ce20e14d18831c6ef476610abd7,artifacts/goal_bowl_destination_steering_formal_t1_lambda2_combined/goal_bowl_destination_base_cabinet_init27_repeat0_success.json
base,cabinet,27,1,True,83,17,0.8870770759443188,10.991522196559648,0.0,0.0,0.0,nan,706f52d01eadaa1eb6520ebdf25328eb92991ce20e14d18831c6ef476610abd7,artifacts/goal_bowl_destination_steering_formal_t1_lambda2_combined/goal_bowl_destination_base_cabinet_init27_repeat1_success.json
base,cabinet,28,0,True,90,18,0.9443487192014202,11.131674814197343,0.0,0.0,0.0,nan,5998264c36a9638a4db2c494e6d2c0022f632f81da691017f90cf7c1e202bef0,artifacts/goal_bowl_destination_steering_formal_t1_lambda2_combined/goal_bowl_destination_base_cabinet_init28_repeat0_success.json
base,cabinet,28,1,True,78,16,0.8219617251168184,9.976972187845064,0.0,0.0,0.0,nan,5998264c36a9638a4db2c494e6d2c0022f632f81da691017f90cf7c1e202bef0,artifacts/goal_bowl_destination_steering_formal_t1_lambda2_combined/goal_bowl_destination_base_cabinet_init28_repeat1_success.json
base,cabinet,29,0,True,84,17,0.8641993351961956,10.64444307840896,0.0,0.0,0.0,nan,04690a8a329479d4d8480848345a724aa63fea11d15a80b9c0ba12452ddc8570,artifacts/goal_bowl_destination_steering_formal_t1_lambda2_combined/goal_bowl_destination_base_cabinet_init29_repeat0_success.json
base,cabinet,29,1,True,81,17,0.8482254789563806,10.49622228744743,0.0,0.0,0.0,nan,04690a8a329479d4d8480848345a724aa63fea11d15a80b9c0ba12452ddc8570,artifacts/goal_bowl_destination_steering_formal_t1_lambda2_combined/goal_bowl_destination_base_cabinet_init29_repeat1_success.json
base,cabinet,2,0,True,80,16,0.8478892317817025,11.02091141769392,0.0,0.0,0.0,nan,07647764a03683fc3d8eafa89bc50caece60c577ace27c4340a71874e202d462,artifacts/goal_bowl_destination_steering_formal_t1_lambda2_combined/goal_bowl_destination_base_cabinet_init2_repeat0_success.json
base,cabinet,2,1,True,130,26,1.3086916784523097,21.262675659777983,0.0,0.0,0.0,nan,07647764a03683fc3d8eafa89bc50caece60c577ace27c4340a71874e202d462,artifacts/goal_bowl_destination_steering_formal_t1_lambda2_combined/goal_bowl_destination_base_cabinet_init2_repeat1_success.json
base,cabinet,30,0,True,88,18,0.9429675997321292,11.078579171808155,0.0,0.0,0.0,nan,9718d315668e74039a78bb2adc1de3e0b53e4dcee9c32c1714d08c36145c94b6,artifacts/goal_bowl_destination_steering_formal_t1_lambda2_combined/goal_bowl_destination_base_cabinet_init30_repeat0_success.json
base,cabinet,30,1,True,87,18,0.9094573940605435,10.788132320391751,0.0,0.0,0.0,nan,9718d315668e74039a78bb2adc1de3e0b53e4dcee9c32c1714d08c36145c94b6,artifacts/goal_bowl_destination_steering_formal_t1_lambda2_combined/goal_bowl_destination_base_cabinet_init30_repeat1_success.json
base,cabinet,31,0,True,82,17,0.8316405177887102,10.829367813442053,0.0,0.0,0.0,nan,f0eb1d93bc1d9eefbd14ba41baa2ec63c5ebb2fa97d3db9d9c412a3572148cd5,artifacts/goal_bowl_destination_steering_formal_t1_lambda2_combined/goal_bowl_destination_base_cabinet_init31_repeat0_success.json
base,cabinet,31,1,True,76,16,0.7687545254175774,10.303749114788097,0.0,0.0,0.0,nan,f0eb1d93bc1d9eefbd14ba41baa2ec63c5ebb2fa97d3db9d9c412a3572148cd5,artifacts/goal_bowl_destination_steering_formal_t1_lambda2_combined/goal_bowl_destination_base_cabinet_init31_repeat1_success.json
base,cabinet,32,0,True,83,17,0.8626556416742086,10.199376574384479,0.0,0.0,0.0,nan,324b14729b178fc48dc5fba1245e969eb9bbeecafa150b00b3211397a7c2e21a,artifacts/goal_bowl_destination_steering_formal_t1_lambda2_combined/goal_bowl_destination_base_cabinet_init32_repeat0_success.json
base,cabinet,32,1,True,81,17,0.8491441277956153,10.483281512644007,0.0,0.0,0.0,nan,324b14729b178fc48dc5fba1245e969eb9bbeecafa150b00b3211397a7c2e21a,artifacts/goal_bowl_destination_steering_formal_t1_lambda2_combined/goal_bowl_destination_base_cabinet_init32_repeat1_success.json
base,cabinet,33,0,True,83,17,0.8519092491430573,10.025432423763037,0.0,0.0,0.0,nan,61b73a145af4f6296ffbc8cf83295fb78de2330b1a27a2e4dfae973fc06c8d36,artifacts/goal_bowl_destination_steering_formal_t1_lambda2_combined/goal_bowl_destination_base_cabinet_init33_repeat0_success.json
base,cabinet,33,1,True,79,16,0.8292247689662742,10.523898095602824,0.0,0.0,0.0,nan,61b73a145af4f6296ffbc8cf83295fb78de2330b1a27a2e4dfae973fc06c8d36,artifacts/goal_bowl_destination_steering_formal_t1_lambda2_combined/goal_bowl_destination_base_cabinet_init33_repeat1_success.json
base,cabinet,34,0,True,89,18,0.9365454816956087,11.93764066074412,0.0,0.0,0.0,nan,e2812ea1b93d1584cfdda64f0e67062198046b92fda272f4736ee6657b17d330,artifacts/goal_bowl_destination_steering_formal_t1_lambda2_combined/goal_bowl_destination_base_cabinet_init34_repeat0_success.json
base,cabinet,34,1,True,92,19,0.9751770680113645,11.894064967227107,0.0,0.0,0.0,nan,e2812ea1b93d1584cfdda64f0e67062198046b92fda272f4736ee6657b17d330,artifacts/goal_bowl_destination_steering_formal_t1_lambda2_combined/goal_bowl_destination_base_cabinet_init34_repeat1_success.json
base,cabinet,35,0,True,80,16,0.8300779979648596,10.675899906177342,0.0,0.0,0.0,nan,945dfca2c6627025454ae79139af5b9f857b24499f03f7f85e65266769d2a8ea,artifacts/goal_bowl_destination_steering_formal_t1_lambda2_combined/goal_bowl_destination_base_cabinet_init35_repeat0_success.json
base,cabinet,35,1,True,77,16,0.8065402612436483,10.205867768923534,0.0,0.0,0.0,nan,945dfca2c6627025454ae79139af5b9f857b24499f03f7f85e65266769d2a8ea,artifacts/goal_bowl_destination_steering_formal_t1_lambda2_combined/goal_bowl_destination_base_cabinet_init35_repeat1_success.json
base,cabinet,36,0,True,81,17,0.852093656505471,11.057850087139366,0.0,0.0,0.0,nan,af8804653dec29bf09ef1dc18c5768858ff4e9b5207c2f76108d74af46070aa1,artifacts/goal_bowl_destination_steering_formal_t1_lambda2_combined/goal_bowl_destination_base_cabinet_init36_repeat0_success.json
base,cabinet,36,1,True,82,17,0.8560591450454884,10.586033276480576,0.0,0.0,0.0,nan,af8804653dec29bf09ef1dc18c5768858ff4e9b5207c2f76108d74af46070aa1,artifacts/goal_bowl_destination_steering_formal_t1_lambda2_combined/goal_bowl_destination_base_cabinet_init36_repeat1_success.json
base,cabinet,37,0,True,90,18,0.8916292923746898,10.395802805673524,0.0,0.0,0.0,nan,d76d7f03d5fea2c47ae97343a16eef28909122585ae17f254a7af83435f24307,artifacts/goal_bowl_destination_steering_formal_t1_lambda2_combined/goal_bowl_destination_base_cabinet_init37_repeat0_success.json
base,cabinet,37,1,True,87,18,0.8622516245545138,10.305491794526496,0.0,0.0,0.0,nan,d76d7f03d5fea2c47ae97343a16eef28909122585ae17f254a7af83435f24307,artifacts/goal_bowl_destination_steering_formal_t1_lambda2_combined/goal_bowl_destination_base_cabinet_init37_repeat1_success.json
base,cabinet,38,0,True,84,17,0.8576990160549981,10.53255472104326,0.0,0.0,0.0,nan,2a6b10cd88679fcd1f74dc7d38fd2874680b79ef51c8e0bc5274559cdeba0a36,artifacts/goal_bowl_destination_steering_formal_t1_lambda2_combined/goal_bowl_destination_base_cabinet_init38_repeat0_success.json
base,cabinet,38,1,True,83,17,0.8455569279085041,10.471787800107228,0.0,0.0,0.0,nan,2a6b10cd88679fcd1f74dc7d38fd2874680b79ef51c8e0bc5274559cdeba0a36,artifacts/goal_bowl_destination_steering_formal_t1_lambda2_combined/goal_bowl_destination_base_cabinet_init38_repeat1_success.json
base,cabinet,39,0,True,87,18,0.9036410761661164,10.140987492957612,0.0,0.0,0.0,nan,68b95c64e588d676a6ee8c4b2a0e78e1a86d73b6c9d2d22018c7994e3ad64021,artifacts/goal_bowl_destination_steering_formal_t1_lambda2_combined/goal_bowl_destination_base_cabinet_init39_repeat0_success.json
base,cabinet,39,1,True,80,16,0.8247310986064303,10.050891057231091,0.0,0.0,0.0,nan,68b95c64e588d676a6ee8c4b2a0e78e1a86d73b6c9d2d22018c7994e3ad64021,artifacts/goal_bowl_destination_steering_formal_t1_lambda2_combined/goal_bowl_destination_base_cabinet_init39_repeat1_success.json
base,cabinet,3,0,True,97,20,0.9962473610187859,11.473741170043638,0.0,0.0,0.0,nan,74ccae308490f1da3aa03becd3175a8f5b9d6d14a7c8d407cda4004aefd68799,artifacts/goal_bowl_destination_steering_formal_t1_lambda2_combined/goal_bowl_destination_base_cabinet_init3_repeat0_success.json
base,cabinet,3,1,True,97,20,0.9886472850520985,11.090133419987634,0.0,0.0,0.0,nan,74ccae308490f1da3aa03becd3175a8f5b9d6d14a7c8d407cda4004aefd68799,artifacts/goal_bowl_destination_steering_formal_t1_lambda2_combined/goal_bowl_destination_base_cabinet_init3_repeat1_success.json
base,cabinet,40,0,True,85,17,0.8518506946627107,10.118742660209461,0.0,0.0,0.0,nan,9c5b5fb4a4a0d6accf34e8481d505c31facb4c3c56828cb7ec86c9eda06ae3bb,artifacts/goal_bowl_destination_steering_formal_t1_lambda2_combined/goal_bowl_destination_base_cabinet_init40_repeat0_success.json
base,cabinet,40,1,True,85,17,0.8676699599550123,10.952828543824635,0.0,0.0,0.0,nan,9c5b5fb4a4a0d6accf34e8481d505c31facb4c3c56828cb7ec86c9eda06ae3bb,artifacts/goal_bowl_destination_steering_formal_t1_lambda2_combined/goal_bowl_destination_base_cabinet_init40_repeat1_success.json
base,cabinet,41,0,True,83,17,0.8577455652683329,10.564022798201824,0.0,0.0,0.0,nan,edd6d06d90f10ef8e0b62dbcff76dc6a4ce864589ac6aae93cefb2d121581ccd,artifacts/goal_bowl_destination_steering_formal_t1_lambda2_combined/goal_bowl_destination_base_cabinet_init41_repeat0_success.json
base,cabinet,41,1,True,83,17,0.8406531427232729,10.72710013872419,0.0,0.0,0.0,nan,edd6d06d90f10ef8e0b62dbcff76dc6a4ce864589ac6aae93cefb2d121581ccd,artifacts/goal_bowl_destination_steering_formal_t1_lambda2_combined/goal_bowl_destination_base_cabinet_init41_repeat1_success.json
base,cabinet,42,0,True,84,17,0.8824604443793538,11.15634740752669,0.0,0.0,0.0,nan,f74b8a3a12f0050082ddb338e8dba356c64dab1568df68a4244be0f6b9c7d80f,artifacts/goal_bowl_destination_steering_formal_t1_lambda2_combined/goal_bowl_destination_base_cabinet_init42_repeat0_success.json
base,cabinet,42,1,True,84,17,0.8794244440676477,11.051227527328598,0.0,0.0,0.0,nan,f74b8a3a12f0050082ddb338e8dba356c64dab1568df68a4244be0f6b9c7d80f,artifacts/goal_bowl_destination_steering_formal_t1_lambda2_combined/goal_bowl_destination_base_cabinet_init42_repeat1_success.json
base,cabinet,43,0,True,82,17,0.8148890142349146,10.317420326609268,0.0,0.0,0.0,nan,020ac5a1be49c80a8c8b309386b59eb6166c069aba2ef11217e990b03f1fd91d,artifacts/goal_bowl_destination_steering_formal_t1_lambda2_combined/goal_bowl_destination_base_cabinet_init43_repeat0_success.json
base,cabinet,43,1,True,78,16,0.7608861594575085,10.517306621525108,0.0,0.0,0.0,nan,020ac5a1be49c80a8c8b309386b59eb6166c069aba2ef11217e990b03f1fd91d,artifacts/goal_bowl_destination_steering_formal_t1_lambda2_combined/goal_bowl_destination_base_cabinet_init43_repeat1_success.json
base,cabinet,44,0,True,81,17,0.82662336522004,10.199363338005641,0.0,0.0,0.0,nan,4d10ceaa18c70ad0d99146527023cb48672d04c87d7a110e1207f14f99b9ed81,artifacts/goal_bowl_destination_steering_formal_t1_lambda2_combined/goal_bowl_destination_base_cabinet_init44_repeat0_success.json
base,cabinet,44,1,True,80,16,0.7979351760320943,10.61668275118157,0.0,0.0,0.0,nan,4d10ceaa18c70ad0d99146527023cb48672d04c87d7a110e1207f14f99b9ed81,artifacts/goal_bowl_destination_steering_formal_t1_lambda2_combined/goal_bowl_destination_base_cabinet_init44_repeat1_success.json
base,cabinet,45,0,True,87,18,0.8888618412194562,11.23228483156419,0.0,0.0,0.0,nan,863dbb9318777a1f5abd0107bd1fd2131403e996a836949a900a6daeb3ee88d4,artifacts/goal_bowl_destination_steering_formal_t1_lambda2_combined/goal_bowl_destination_base_cabinet_init45_repeat0_success.json
base,cabinet,45,1,True,84,17,0.8488944501196066,10.616813370688913,0.0,0.0,0.0,nan,863dbb9318777a1f5abd0107bd1fd2131403e996a836949a900a6daeb3ee88d4,artifacts/goal_bowl_destination_steering_formal_t1_lambda2_combined/goal_bowl_destination_base_cabinet_init45_repeat1_success.json
base,cabinet,46,0,True,81,17,0.8437296688943883,10.496213539983785,0.0,0.0,0.0,nan,381a1965c57a0f37a00c739f4ceb99ec40d8e0e73716d8a227134b2ca8e6d462,artifacts/goal_bowl_destination_steering_formal_t1_lambda2_combined/goal_bowl_destination_base_cabinet_init46_repeat0_success.json
base,cabinet,46,1,True,85,17,0.8785209674163234,10.482665368786524,0.0,0.0,0.0,nan,381a1965c57a0f37a00c739f4ceb99ec40d8e0e73716d8a227134b2ca8e6d462,artifacts/goal_bowl_destination_steering_formal_t1_lambda2_combined/goal_bowl_destination_base_cabinet_init46_repeat1_success.json
base,cabinet,47,0,True,86,18,0.8556030088352773,10.1292285572359,0.0,0.0,0.0,nan,bb1226460e01343913836b28c9b815429fd61222acb8ff8bb130841f721786fd,artifacts/goal_bowl_destination_steering_formal_t1_lambda2_combined/goal_bowl_destination_base_cabinet_init47_repeat0_success.json
base,cabinet,47,1,True,88,18,0.8854303169841475,10.425825903904592,0.0,0.0,0.0,nan,bb1226460e01343913836b28c9b815429fd61222acb8ff8bb130841f721786fd,artifacts/goal_bowl_destination_steering_formal_t1_lambda2_combined/goal_bowl_destination_base_cabinet_init47_repeat1_success.json
base,cabinet,48,0,True,90,18,0.8834855567017418,15.059752532483346,0.0,0.0,0.0,nan,18d3cff932758062f0e5fa19ce2103e943f08c0ed4952964e4ef48ae095b3a9e,artifacts/goal_bowl_destination_steering_formal_t1_lambda2_combined/goal_bowl_destination_base_cabinet_init48_repeat0_success.json
base,cabinet,48,1,True,82,17,0.8317645665369645,10.272794052227312,0.0,0.0,0.0,nan,18d3cff932758062f0e5fa19ce2103e943f08c0ed4952964e4ef48ae095b3a9e,artifacts/goal_bowl_destination_steering_formal_t1_lambda2_combined/goal_bowl_destination_base_cabinet_init48_repeat1_success.json
base,cabinet,49,0,True,89,18,0.924843244920235,10.92352336461066,0.0,0.0,0.0,nan,ce71b0cf7cd5719991794bc42ddc6bb5f9f21d17404c865970188525831b8f3f,artifacts/goal_bowl_destination_steering_formal_t1_lambda2_combined/goal_bowl_destination_base_cabinet_init49_repeat0_success.json
base,cabinet,49,1,True,92,19,0.9158799355854395,14.98125031052078,0.0,0.0,0.0,nan,ce71b0cf7cd5719991794bc42ddc6bb5f9f21d17404c865970188525831b8f3f,artifacts/goal_bowl_destination_steering_formal_t1_lambda2_combined/goal_bowl_destination_base_cabinet_init49_repeat1_success.json
base,cabinet,4,0,True,81,17,0.8400844329332153,10.276325594275157,0.0,0.0,0.0,nan,8748abf02fa82a0ccf84c6edd6046d278ce3948aa9ea574f4c72608e6d3f5aea,artifacts/goal_bowl_destination_steering_formal_t1_lambda2_combined/goal_bowl_destination_base_cabinet_init4_repeat0_success.json
base,cabinet,4,1,True,79,16,0.81008319952241,10.100377705260186,0.0,0.0,0.0,nan,8748abf02fa82a0ccf84c6edd6046d278ce3948aa9ea574f4c72608e6d3f5aea,artifacts/goal_bowl_destination_steering_formal_t1_lambda2_combined/goal_bowl_destination_base_cabinet_init4_repeat1_success.json
base,cabinet,5,0,True,76,16,0.7693561547023164,10.647731921799128,0.0,0.0,0.0,nan,db55836b3fa3a38e92dcd65480a54dd73569d3eee3160a6357e187db05a62c1d,artifacts/goal_bowl_destination_steering_formal_t1_lambda2_combined/goal_bowl_destination_base_cabinet_init5_repeat0_success.json
base,cabinet,5,1,True,81,17,0.8232049594447303,10.591283993315635,0.0,0.0,0.0,nan,db55836b3fa3a38e92dcd65480a54dd73569d3eee3160a6357e187db05a62c1d,artifacts/goal_bowl_destination_steering_formal_t1_lambda2_combined/goal_bowl_destination_base_cabinet_init5_repeat1_success.json
base,cabinet,6,0,True,79,16,0.8149300893945156,10.518384073991818,0.0,0.0,0.0,nan,08bccb5245ef1786c860b08ad293254c08bc853bb020be2ee9c3d9bd6cea51df,artifacts/goal_bowl_destination_steering_formal_t1_lambda2_combined/goal_bowl_destination_base_cabinet_init6_repeat0_success.json
base,cabinet,6,1,True,78,16,0.8209223063350167,10.316359083151955,0.0,0.0,0.0,nan,08bccb5245ef1786c860b08ad293254c08bc853bb020be2ee9c3d9bd6cea51df,artifacts/goal_bowl_destination_steering_formal_t1_lambda2_combined/goal_bowl_destination_base_cabinet_init6_repeat1_success.json
base,cabinet,7,0,True,86,18,0.9179357481866487,11.091614439856311,0.0,0.0,0.0,nan,2d31485544883555816a362896526655501fb74e77e3e81ee15bc4aa1b383da8,artifacts/goal_bowl_destination_steering_formal_t1_lambda2_combined/goal_bowl_destination_base_cabinet_init7_repeat0_success.json
base,cabinet,7,1,True,82,17,0.8401766804458937,10.44663533798886,0.0,0.0,0.0,nan,2d31485544883555816a362896526655501fb74e77e3e81ee15bc4aa1b383da8,artifacts/goal_bowl_destination_steering_formal_t1_lambda2_combined/goal_bowl_destination_base_cabinet_init7_repeat1_success.json
base,cabinet,8,0,True,80,16,0.8128808314800278,10.216099362100794,0.0,0.0,0.0,nan,7d7bacc44a7528ac627221b2742307a0f48c5b807a850273c138d3fc81c54640,artifacts/goal_bowl_destination_steering_formal_t1_lambda2_combined/goal_bowl_destination_base_cabinet_init8_repeat0_success.json
base,cabinet,8,1,True,81,17,0.8201192777011865,10.179058561909631,0.0,0.0,0.0,nan,7d7bacc44a7528ac627221b2742307a0f48c5b807a850273c138d3fc81c54640,artifacts/goal_bowl_destination_steering_formal_t1_lambda2_combined/goal_bowl_destination_base_cabinet_init8_repeat1_success.json
base,cabinet,9,0,True,85,17,0.8822380269225507,10.919141643087283,0.0,0.0,0.0,nan,a09237ab8244c5b1fdb40814eea337b511411cc03dc329aa719df31bccd7907d,artifacts/goal_bowl_destination_steering_formal_t1_lambda2_combined/goal_bowl_destination_base_cabinet_init9_repeat0_success.json
base,cabinet,9,1,True,85,17,0.8753701872841412,10.79898064960534,0.0,0.0,0.0,nan,a09237ab8244c5b1fdb40814eea337b511411cc03dc329aa719df31bccd7907d,artifacts/goal_bowl_destination_steering_formal_t1_lambda2_combined/goal_bowl_destination_base_cabinet_init9_repeat1_success.json
base,plate,0,0,True,73,15,0.6835431289741616,11.372390256783467,0.0,0.0,0.0,nan,321cf4080ba7eacc140b241b4a44419ecb98aefa3d18d49945df6867584aa9b5,artifacts/goal_bowl_destination_steering_formal_t1_lambda2_combined/goal_bowl_destination_base_plate_init0_repeat0_success.json
base,plate,0,1,True,74,15,0.6726834549230262,10.779600827058315,0.0,0.0,0.0,nan,321cf4080ba7eacc140b241b4a44419ecb98aefa3d18d49945df6867584aa9b5,artifacts/goal_bowl_destination_steering_formal_t1_lambda2_combined/goal_bowl_destination_base_plate_init0_repeat1_success.json
base,plate,10,0,True,72,15,0.6964749386318998,11.285499171807084,0.0,0.0,0.0,nan,aa497633046432954b9db128392fc055acdc582e59fd8d079fa71e23ea46a747,artifacts/goal_bowl_destination_steering_formal_t1_lambda2_combined/goal_bowl_destination_base_plate_init10_repeat0_success.json
base,plate,10,1,True,72,15,0.6900057117650029,11.214089633418359,0.0,0.0,0.0,nan,aa497633046432954b9db128392fc055acdc582e59fd8d079fa71e23ea46a747,artifacts/goal_bowl_destination_steering_formal_t1_lambda2_combined/goal_bowl_destination_base_plate_init10_repeat1_success.json
base,plate,11,0,True,74,15,0.6821660854519644,10.700435721364581,0.0,0.0,0.0,nan,ee8bf9f07fab13908afd71636d89f1496174e9910c659f06e467e5c86064fb92,artifacts/goal_bowl_destination_steering_formal_t1_lambda2_combined/goal_bowl_destination_base_plate_init11_repeat0_success.json
base,plate,11,1,True,73,15,0.6880314138359818,10.322704589060912,0.0,0.0,0.0,nan,ee8bf9f07fab13908afd71636d89f1496174e9910c659f06e467e5c86064fb92,artifacts/goal_bowl_destination_steering_formal_t1_lambda2_combined/goal_bowl_destination_base_plate_init11_repeat1_success.json
base,plate,12,0,True,78,16,0.6958289509660737,10.81872818790714,0.0,0.0,0.0,nan,ba0f137def3da13922b741cf35666f5c9a97e5cf8013bf27ec4d3f62bb319fe8,artifacts/goal_bowl_destination_steering_formal_t1_lambda2_combined/goal_bowl_destination_base_plate_init12_repeat0_success.json
base,plate,12,1,True,77,16,0.7094711992778455,11.332256240965162,0.0,0.0,0.0,nan,ba0f137def3da13922b741cf35666f5c9a97e5cf8013bf27ec4d3f62bb319fe8,artifacts/goal_bowl_destination_steering_formal_t1_lambda2_combined/goal_bowl_destination_base_plate_init12_repeat1_success.json
base,plate,13,0,True,89,18,0.7740060343877517,11.142925218798958,0.0,0.0,0.0,nan,53d47afde021fbf8db3c829b1a40c30bef70dfd468106738eedb2098efb7362b,artifacts/goal_bowl_destination_steering_formal_t1_lambda2_combined/goal_bowl_destination_base_plate_init13_repeat0_success.json
base,plate,13,1,True,89,18,0.7842445536832001,11.657696066903085,0.0,0.0,0.0,nan,53d47afde021fbf8db3c829b1a40c30bef70dfd468106738eedb2098efb7362b,artifacts/goal_bowl_destination_steering_formal_t1_lambda2_combined/goal_bowl_destination_base_plate_init13_repeat1_success.json
base,plate,14,0,True,81,17,0.6619218605005381,9.734937069317336,0.0,0.0,0.0,nan,ebc26ccdeb1c35b101ab77d92748fdc9eb8110ad6ebf9be10a3b3ebc0276dda4,artifacts/goal_bowl_destination_steering_formal_t1_lambda2_combined/goal_bowl_destination_base_plate_init14_repeat0_success.json
base,plate,14,1,True,77,16,0.6366989435372001,9.902537405626356,0.0,0.0,0.0,nan,ebc26ccdeb1c35b101ab77d92748fdc9eb8110ad6ebf9be10a3b3ebc0276dda4,artifacts/goal_bowl_destination_steering_formal_t1_lambda2_combined/goal_bowl_destination_base_plate_init14_repeat1_success.json
base,plate,15,0,True,76,16,0.7105242065585093,12.21906379911845,0.0,0.0,0.0,nan,4b4fcae42ad528e64400b10e5fdad5e5c1a829d38c2e66d2f9ab10b9a08b09ea,artifacts/goal_bowl_destination_steering_formal_t1_lambda2_combined/goal_bowl_destination_base_plate_init15_repeat0_success.json
base,plate,15,1,True,74,15,0.7073905856508866,10.96819659384525,0.0,0.0,0.0,nan,4b4fcae42ad528e64400b10e5fdad5e5c1a829d38c2e66d2f9ab10b9a08b09ea,artifacts/goal_bowl_destination_steering_formal_t1_lambda2_combined/goal_bowl_destination_base_plate_init15_repeat1_success.json
base,plate,16,0,True,70,14,0.6666855621754698,10.470024539451789,0.0,0.0,0.0,nan,cbde56991480f83fb2b0fff4894a024bd1cf120e5788c34480e7c17568adf9f5,artifacts/goal_bowl_destination_steering_formal_t1_lambda2_combined/goal_bowl_destination_base_plate_init16_repeat0_success.json
base,plate,16,1,True,71,15,0.6709978416417819,10.346329581668098,0.0,0.0,0.0,nan,cbde56991480f83fb2b0fff4894a024bd1cf120e5788c34480e7c17568adf9f5,artifacts/goal_bowl_destination_steering_formal_t1_lambda2_combined/goal_bowl_destination_base_plate_init16_repeat1_success.json
base,plate,17,0,True,75,15,0.6754986285823045,10.706059967155516,0.0,0.0,0.0,nan,8a2304c76cf05364394a5e9e8205494645e8dcf034b756638103c488f013dd7b,artifacts/goal_bowl_destination_steering_formal_t1_lambda2_combined/goal_bowl_destination_base_plate_init17_repeat0_success.json
base,plate,17,1,True,74,15,0.6925819331552108,11.286865047486076,0.0,0.0,0.0,nan,8a2304c76cf05364394a5e9e8205494645e8dcf034b756638103c488f013dd7b,artifacts/goal_bowl_destination_steering_formal_t1_lambda2_combined/goal_bowl_destination_base_plate_init17_repeat1_success.json
base,plate,18,0,True,78,16,0.7186589263585134,11.548093184544367,0.0,0.0,0.0,nan,20b5a7abdfe49e34d1bc7b984f6667aaf5631112a5fee0525edf55061c50589c,artifacts/goal_bowl_destination_steering_formal_t1_lambda2_combined/goal_bowl_destination_base_plate_init18_repeat0_success.json
base,plate,18,1,True,77,16,0.7039031598915301,11.251269540894798,0.0,0.0,0.0,nan,20b5a7abdfe49e34d1bc7b984f6667aaf5631112a5fee0525edf55061c50589c,artifacts/goal_bowl_destination_steering_formal_t1_lambda2_combined/goal_bowl_destination_base_plate_init18_repeat1_success.json
base,plate,19,0,True,75,15,0.6739868426998986,10.75025866214356,0.0,0.0,0.0,nan,7dcbc894b187bcfa06789df1e7c8751e18acfbc84e35c9244515594035b4bd25,artifacts/goal_bowl_destination_steering_formal_t1_lambda2_combined/goal_bowl_destination_base_plate_init19_repeat0_success.json
base,plate,19,1,True,78,16,0.6896626060182318,11.243804759210112,0.0,0.0,0.0,nan,7dcbc894b187bcfa06789df1e7c8751e18acfbc84e35c9244515594035b4bd25,artifacts/goal_bowl_destination_steering_formal_t1_lambda2_combined/goal_bowl_destination_base_plate_init19_repeat1_success.json
base,plate,1,0,True,80,16,0.7256312959905434,12.826849949458007,0.0,0.0,0.0,nan,b2a6ae4dc26730f9ae1060fbebdc279e7273c39b0f8f528ef8c5b03f64aeaf2e,artifacts/goal_bowl_destination_steering_formal_t1_lambda2_combined/goal_bowl_destination_base_plate_init1_repeat0_success.json
base,plate,1,1,True,78,16,0.7101947556865942,11.464605563140987,0.0,0.0,0.0,nan,b2a6ae4dc26730f9ae1060fbebdc279e7273c39b0f8f528ef8c5b03f64aeaf2e,artifacts/goal_bowl_destination_steering_formal_t1_lambda2_combined/goal_bowl_destination_base_plate_init1_repeat1_success.json
base,plate,20,0,True,76,16,0.7062337099943381,11.329234672476007,0.0,0.0,0.0,nan,2c8ce6339efb5d14c08e62c4fa248d76367d939f37814ec1105a3d7a45c0ff48,artifacts/goal_bowl_destination_steering_formal_t1_lambda2_combined/goal_bowl_destination_base_plate_init20_repeat0_success.json
base,plate,20,1,True,76,16,0.700545024825488,11.096383680295487,0.0,0.0,0.0,nan,2c8ce6339efb5d14c08e62c4fa248d76367d939f37814ec1105a3d7a45c0ff48,artifacts/goal_bowl_destination_steering_formal_t1_lambda2_combined/goal_bowl_destination_base_plate_init20_repeat1_success.json
base,plate,21,0,True,77,16,0.6900098164734416,10.441716386629869,0.0,0.0,0.0,nan,1e339873f947d4284382d878fb78ef735faa1f80b434ccb3960a2ad3799e2b6a,artifacts/goal_bowl_destination_steering_formal_t1_lambda2_combined/goal_bowl_destination_base_plate_init21_repeat0_success.json
base,plate,21,1,True,75,15,0.6889799923341986,10.94290256470861,0.0,0.0,0.0,nan,1e339873f947d4284382d878fb78ef735faa1f80b434ccb3960a2ad3799e2b6a,artifacts/goal_bowl_destination_steering_formal_t1_lambda2_combined/goal_bowl_destination_base_plate_init21_repeat1_success.json
base,plate,22,0,True,72,15,0.6522924705194364,11.22605099286609,0.0,0.0,0.0,nan,d704b948ebd4a1fa7a2bebe64f5203edc302aa66e7069a15b9098b813260b27a,artifacts/goal_bowl_destination_steering_formal_t1_lambda2_combined/goal_bowl_destination_base_plate_init22_repeat0_success.json
base,plate,22,1,True,69,14,0.636140968660675,10.713399388477459,0.0,0.0,0.0,nan,d704b948ebd4a1fa7a2bebe64f5203edc302aa66e7069a15b9098b813260b27a,artifacts/goal_bowl_destination_steering_formal_t1_lambda2_combined/goal_bowl_destination_base_plate_init22_repeat1_success.json
base,plate,23,0,True,76,16,0.6931769347731231,11.18871496541683,0.0,0.0,0.0,nan,40fef409968f1f9484983ce0b73de4ee38068ac73c75c707e22fb07202d34164,artifacts/goal_bowl_destination_steering_formal_t1_lambda2_combined/goal_bowl_destination_base_plate_init23_repeat0_success.json
base,plate,23,1,True,78,16,0.6663933327667546,10.803030685463387,0.0,0.0,0.0,nan,40fef409968f1f9484983ce0b73de4ee38068ac73c75c707e22fb07202d34164,artifacts/goal_bowl_destination_steering_formal_t1_lambda2_combined/goal_bowl_destination_base_plate_init23_repeat1_success.json
base,plate,24,0,True,72,15,0.6617705098977456,10.712432422069655,0.0,0.0,0.0,nan,2d2401e65d71bb766f9eb2ccaab4525c0d033512c35b523dc5f3a07be8553de6,artifacts/goal_bowl_destination_steering_formal_t1_lambda2_combined/goal_bowl_destination_base_plate_init24_repeat0_success.json
base,plate,24,1,True,72,15,0.672886887781059,10.532202896604947,0.0,0.0,0.0,nan,2d2401e65d71bb766f9eb2ccaab4525c0d033512c35b523dc5f3a07be8553de6,artifacts/goal_bowl_destination_steering_formal_t1_lambda2_combined/goal_bowl_destination_base_plate_init24_repeat1_success.json
base,plate,25,0,True,73,15,0.6526220357842735,10.601976960082984,0.0,0.0,0.0,nan,91ac2ade5367f97e1d7dbcf47d4ee332a2eab34da7223f38600c869921247d34,artifacts/goal_bowl_destination_steering_formal_t1_lambda2_combined/goal_bowl_destination_base_plate_init25_repeat0_success.json
base,plate,25,1,True,75,15,0.6886477354580703,11.665581188312666,0.0,0.0,0.0,nan,91ac2ade5367f97e1d7dbcf47d4ee332a2eab34da7223f38600c869921247d34,artifacts/goal_bowl_destination_steering_formal_t1_lambda2_combined/goal_bowl_destination_base_plate_init25_repeat1_success.json
base,plate,26,0,True,77,16,0.7121532523270612,10.939749612801839,0.0,0.0,0.0,nan,8fe55c120b6602d2bc32f3135b2761b80e9cb4e2f3136490ab31d5e3dc97c034,artifacts/goal_bowl_destination_steering_formal_t1_lambda2_combined/goal_bowl_destination_base_plate_init26_repeat0_success.json
base,plate,26,1,True,74,15,0.6850079716375224,10.727201478397136,0.0,0.0,0.0,nan,8fe55c120b6602d2bc32f3135b2761b80e9cb4e2f3136490ab31d5e3dc97c034,artifacts/goal_bowl_destination_steering_formal_t1_lambda2_combined/goal_bowl_destination_base_plate_init26_repeat1_success.json
base,plate,27,0,True,75,15,0.6992494734692155,11.680050236122593,0.0,0.0,0.0,nan,706f52d01eadaa1eb6520ebdf25328eb92991ce20e14d18831c6ef476610abd7,artifacts/goal_bowl_destination_steering_formal_t1_lambda2_combined/goal_bowl_destination_base_plate_init27_repeat0_success.json
base,plate,27,1,True,80,16,0.7038416716650705,12.372259080685819,0.0,0.0,0.0,nan,706f52d01eadaa1eb6520ebdf25328eb92991ce20e14d18831c6ef476610abd7,artifacts/goal_bowl_destination_steering_formal_t1_lambda2_combined/goal_bowl_destination_base_plate_init27_repeat1_success.json
base,plate,28,0,True,86,18,0.7633731663746705,10.818403199291966,0.0,0.0,0.0,nan,5998264c36a9638a4db2c494e6d2c0022f632f81da691017f90cf7c1e202bef0,artifacts/goal_bowl_destination_steering_formal_t1_lambda2_combined/goal_bowl_destination_base_plate_init28_repeat0_success.json
base,plate,28,1,True,85,17,0.7540184983315994,10.839626131777703,0.0,0.0,0.0,nan,5998264c36a9638a4db2c494e6d2c0022f632f81da691017f90cf7c1e202bef0,artifacts/goal_bowl_destination_steering_formal_t1_lambda2_combined/goal_bowl_destination_base_plate_init28_repeat1_success.json
base,plate,29,0,True,69,14,0.6440679745026332,10.144577418804744,0.0,0.0,0.0,nan,04690a8a329479d4d8480848345a724aa63fea11d15a80b9c0ba12452ddc8570,artifacts/goal_bowl_destination_steering_formal_t1_lambda2_combined/goal_bowl_destination_base_plate_init29_repeat0_success.json
base,plate,29,1,True,73,15,0.6771897574187394,10.069341738326997,0.0,0.0,0.0,nan,04690a8a329479d4d8480848345a724aa63fea11d15a80b9c0ba12452ddc8570,artifacts/goal_bowl_destination_steering_formal_t1_lambda2_combined/goal_bowl_destination_base_plate_init29_repeat1_success.json
base,plate,2,0,True,76,16,0.7113498131723847,12.208531807354051,0.0,0.0,0.0,nan,07647764a03683fc3d8eafa89bc50caece60c577ace27c4340a71874e202d462,artifacts/goal_bowl_destination_steering_formal_t1_lambda2_combined/goal_bowl_destination_base_plate_init2_repeat0_success.json
base,plate,2,1,True,73,15,0.6884858336175478,10.774215057632016,0.0,0.0,0.0,nan,07647764a03683fc3d8eafa89bc50caece60c577ace27c4340a71874e202d462,artifacts/goal_bowl_destination_steering_formal_t1_lambda2_combined/goal_bowl_destination_base_plate_init2_repeat1_success.json
base,plate,30,0,True,79,16,0.6746397744094758,11.856517167011418,0.0,0.0,0.0,nan,9718d315668e74039a78bb2adc1de3e0b53e4dcee9c32c1714d08c36145c94b6,artifacts/goal_bowl_destination_steering_formal_t1_lambda2_combined/goal_bowl_destination_base_plate_init30_repeat0_success.json
base,plate,30,1,True,74,15,0.6419827318576744,11.186440831565253,0.0,0.0,0.0,nan,9718d315668e74039a78bb2adc1de3e0b53e4dcee9c32c1714d08c36145c94b6,artifacts/goal_bowl_destination_steering_formal_t1_lambda2_combined/goal_bowl_destination_base_plate_init30_repeat1_success.json
base,plate,31,0,True,76,16,0.6988577794387555,11.165945086754842,0.0,0.0,0.0,nan,f0eb1d93bc1d9eefbd14ba41baa2ec63c5ebb2fa97d3db9d9c412a3572148cd5,artifacts/goal_bowl_destination_steering_formal_t1_lambda2_combined/goal_bowl_destination_base_plate_init31_repeat0_success.json
base,plate,31,1,True,73,15,0.6666808461956152,10.822336221990723,0.0,0.0,0.0,nan,f0eb1d93bc1d9eefbd14ba41baa2ec63c5ebb2fa97d3db9d9c412a3572148cd5,artifacts/goal_bowl_destination_steering_formal_t1_lambda2_combined/goal_bowl_destination_base_plate_init31_repeat1_success.json
base,plate,32,0,True,74,15,0.703190808116656,10.304870391897513,0.0,0.0,0.0,nan,324b14729b178fc48dc5fba1245e969eb9bbeecafa150b00b3211397a7c2e21a,artifacts/goal_bowl_destination_steering_formal_t1_lambda2_combined/goal_bowl_destination_base_plate_init32_repeat0_success.json
base,plate,32,1,True,74,15,0.710739264137774,10.667733795708283,0.0,0.0,0.0,nan,324b14729b178fc48dc5fba1245e969eb9bbeecafa150b00b3211397a7c2e21a,artifacts/goal_bowl_destination_steering_formal_t1_lambda2_combined/goal_bowl_destination_base_plate_init32_repeat1_success.json
base,plate,33,0,True,71,15,0.6540383901178685,10.502675335269736,0.0,0.0,0.0,nan,61b73a145af4f6296ffbc8cf83295fb78de2330b1a27a2e4dfae973fc06c8d36,artifacts/goal_bowl_destination_steering_formal_t1_lambda2_combined/goal_bowl_destination_base_plate_init33_repeat0_success.json
base,plate,33,1,True,71,15,0.6560964520108533,10.739730151880547,0.0,0.0,0.0,nan,61b73a145af4f6296ffbc8cf83295fb78de2330b1a27a2e4dfae973fc06c8d36,artifacts/goal_bowl_destination_steering_formal_t1_lambda2_combined/goal_bowl_destination_base_plate_init33_repeat1_success.json
base,plate,34,0,True,81,17,0.7038019018991446,12.814992160216608,0.0,0.0,0.0,nan,e2812ea1b93d1584cfdda64f0e67062198046b92fda272f4736ee6657b17d330,artifacts/goal_bowl_destination_steering_formal_t1_lambda2_combined/goal_bowl_destination_base_plate_init34_repeat0_success.json
base,plate,34,1,True,77,16,0.7017553694451307,12.298704629220838,0.0,0.0,0.0,nan,e2812ea1b93d1584cfdda64f0e67062198046b92fda272f4736ee6657b17d330,artifacts/goal_bowl_destination_steering_formal_t1_lambda2_combined/goal_bowl_destination_base_plate_init34_repeat1_success.json
base,plate,35,0,True,72,15,0.6808923352347727,11.246258369462375,0.0,0.0,0.0,nan,945dfca2c6627025454ae79139af5b9f857b24499f03f7f85e65266769d2a8ea,artifacts/goal_bowl_destination_steering_formal_t1_lambda2_combined/goal_bowl_destination_base_plate_init35_repeat0_success.json
base,plate,35,1,True,74,15,0.6721174954982889,11.522133931673425,0.0,0.0,0.0,nan,945dfca2c6627025454ae79139af5b9f857b24499f03f7f85e65266769d2a8ea,artifacts/goal_bowl_destination_steering_formal_t1_lambda2_combined/goal_bowl_destination_base_plate_init35_repeat1_success.json
base,plate,36,0,False,300,60,1.293660313209181,46.13818536529243,0.0,0.0,0.0,nan,af8804653dec29bf09ef1dc18c5768858ff4e9b5207c2f76108d74af46070aa1,artifacts/goal_bowl_destination_steering_formal_t1_lambda2_combined/goal_bowl_destination_base_plate_init36_repeat0_failure.json
base,plate,36,1,True,126,26,0.9150678995554291,26.321309868470976,0.0,0.0,0.0,nan,af8804653dec29bf09ef1dc18c5768858ff4e9b5207c2f76108d74af46070aa1,artifacts/goal_bowl_destination_steering_formal_t1_lambda2_combined/goal_bowl_destination_base_plate_init36_repeat1_success.json
base,plate,37,0,True,77,16,0.7203390269169607,11.369087862989483,0.0,0.0,0.0,nan,d76d7f03d5fea2c47ae97343a16eef28909122585ae17f254a7af83435f24307,artifacts/goal_bowl_destination_steering_formal_t1_lambda2_combined/goal_bowl_destination_base_plate_init37_repeat0_success.json
base,plate,37,1,True,79,16,0.7365907097574834,11.353627864035198,0.0,0.0,0.0,nan,d76d7f03d5fea2c47ae97343a16eef28909122585ae17f254a7af83435f24307,artifacts/goal_bowl_destination_steering_formal_t1_lambda2_combined/goal_bowl_destination_base_plate_init37_repeat1_success.json
base,plate,38,0,True,73,15,0.6677219457446751,11.333392690933222,0.0,0.0,0.0,nan,2a6b10cd88679fcd1f74dc7d38fd2874680b79ef51c8e0bc5274559cdeba0a36,artifacts/goal_bowl_destination_steering_formal_t1_lambda2_combined/goal_bowl_destination_base_plate_init38_repeat0_success.json
base,plate,38,1,True,74,15,0.6650402611193539,11.463582314984592,0.0,0.0,0.0,nan,2a6b10cd88679fcd1f74dc7d38fd2874680b79ef51c8e0bc5274559cdeba0a36,artifacts/goal_bowl_destination_steering_formal_t1_lambda2_combined/goal_bowl_destination_base_plate_init38_repeat1_success.json
base,plate,39,0,True,74,15,0.6952653382408222,11.313998717687479,0.0,0.0,0.0,nan,68b95c64e588d676a6ee8c4b2a0e78e1a86d73b6c9d2d22018c7994e3ad64021,artifacts/goal_bowl_destination_steering_formal_t1_lambda2_combined/goal_bowl_destination_base_plate_init39_repeat0_success.json
base,plate,39,1,True,73,15,0.6791153928302165,11.008071890189093,0.0,0.0,0.0,nan,68b95c64e588d676a6ee8c4b2a0e78e1a86d73b6c9d2d22018c7994e3ad64021,artifacts/goal_bowl_destination_steering_formal_t1_lambda2_combined/goal_bowl_destination_base_plate_init39_repeat1_success.json
base,plate,3,0,True,75,15,0.6851200043755074,11.473979346779727,0.0,0.0,0.0,nan,74ccae308490f1da3aa03becd3175a8f5b9d6d14a7c8d407cda4004aefd68799,artifacts/goal_bowl_destination_steering_formal_t1_lambda2_combined/goal_bowl_destination_base_plate_init3_repeat0_success.json
base,plate,3,1,True,77,16,0.7005882549551358,11.431522240649064,0.0,0.0,0.0,nan,74ccae308490f1da3aa03becd3175a8f5b9d6d14a7c8d407cda4004aefd68799,artifacts/goal_bowl_destination_steering_formal_t1_lambda2_combined/goal_bowl_destination_base_plate_init3_repeat1_success.json
base,plate,40,0,True,77,16,0.6937771002379328,11.053488887918794,0.0,0.0,0.0,nan,9c5b5fb4a4a0d6accf34e8481d505c31facb4c3c56828cb7ec86c9eda06ae3bb,artifacts/goal_bowl_destination_steering_formal_t1_lambda2_combined/goal_bowl_destination_base_plate_init40_repeat0_success.json
base,plate,40,1,True,75,15,0.7061578087462385,11.285222310546413,0.0,0.0,0.0,nan,9c5b5fb4a4a0d6accf34e8481d505c31facb4c3c56828cb7ec86c9eda06ae3bb,artifacts/goal_bowl_destination_steering_formal_t1_lambda2_combined/goal_bowl_destination_base_plate_init40_repeat1_success.json
base,plate,41,0,True,77,16,0.7315837319597174,11.66980829821221,0.0,0.0,0.0,nan,edd6d06d90f10ef8e0b62dbcff76dc6a4ce864589ac6aae93cefb2d121581ccd,artifacts/goal_bowl_destination_steering_formal_t1_lambda2_combined/goal_bowl_destination_base_plate_init41_repeat0_success.json
base,plate,41,1,True,75,15,0.7345491435311923,11.26357930552357,0.0,0.0,0.0,nan,edd6d06d90f10ef8e0b62dbcff76dc6a4ce864589ac6aae93cefb2d121581ccd,artifacts/goal_bowl_destination_steering_formal_t1_lambda2_combined/goal_bowl_destination_base_plate_init41_repeat1_success.json
base,plate,42,0,True,71,15,0.6809372655654379,11.467092801559604,0.0,0.0,0.0,nan,f74b8a3a12f0050082ddb338e8dba356c64dab1568df68a4244be0f6b9c7d80f,artifacts/goal_bowl_destination_steering_formal_t1_lambda2_combined/goal_bowl_destination_base_plate_init42_repeat0_success.json
base,plate,42,1,True,78,16,0.7501192205540277,11.709821400937907,0.0,0.0,0.0,nan,f74b8a3a12f0050082ddb338e8dba356c64dab1568df68a4244be0f6b9c7d80f,artifacts/goal_bowl_destination_steering_formal_t1_lambda2_combined/goal_bowl_destination_base_plate_init42_repeat1_success.json
base,plate,43,0,True,72,15,0.6911272385523126,10.761474440076151,0.0,0.0,0.0,nan,020ac5a1be49c80a8c8b309386b59eb6166c069aba2ef11217e990b03f1fd91d,artifacts/goal_bowl_destination_steering_formal_t1_lambda2_combined/goal_bowl_destination_base_plate_init43_repeat0_success.json
base,plate,43,1,True,75,15,0.6953550553539135,10.717337859049227,0.0,0.0,0.0,nan,020ac5a1be49c80a8c8b309386b59eb6166c069aba2ef11217e990b03f1fd91d,artifacts/goal_bowl_destination_steering_formal_t1_lambda2_combined/goal_bowl_destination_base_plate_init43_repeat1_success.json
base,plate,44,0,True,74,15,0.6982652305868545,10.285295848492064,0.0,0.0,0.0,nan,4d10ceaa18c70ad0d99146527023cb48672d04c87d7a110e1207f14f99b9ed81,artifacts/goal_bowl_destination_steering_formal_t1_lambda2_combined/goal_bowl_destination_base_plate_init44_repeat0_success.json
base,plate,44,1,True,77,16,0.7111480603808368,10.704494971370668,0.0,0.0,0.0,nan,4d10ceaa18c70ad0d99146527023cb48672d04c87d7a110e1207f14f99b9ed81,artifacts/goal_bowl_destination_steering_formal_t1_lambda2_combined/goal_bowl_destination_base_plate_init44_repeat1_success.json
base,plate,45,0,True,81,17,0.7685902935145323,11.198381026812857,0.0,0.0,0.0,nan,863dbb9318777a1f5abd0107bd1fd2131403e996a836949a900a6daeb3ee88d4,artifacts/goal_bowl_destination_steering_formal_t1_lambda2_combined/goal_bowl_destination_base_plate_init45_repeat0_success.json
base,plate,45,1,True,79,16,0.7595737289103858,11.338495646367054,0.0,0.0,0.0,nan,863dbb9318777a1f5abd0107bd1fd2131403e996a836949a900a6daeb3ee88d4,artifacts/goal_bowl_destination_steering_formal_t1_lambda2_combined/goal_bowl_destination_base_plate_init45_repeat1_success.json
base,plate,46,0,True,64,13,0.5949404505162752,10.279829319840536,0.0,0.0,0.0,nan,381a1965c57a0f37a00c739f4ceb99ec40d8e0e73716d8a227134b2ca8e6d462,artifacts/goal_bowl_destination_steering_formal_t1_lambda2_combined/goal_bowl_destination_base_plate_init46_repeat0_success.json
base,plate,46,1,True,69,14,0.6414810735210611,10.877190425784713,0.0,0.0,0.0,nan,381a1965c57a0f37a00c739f4ceb99ec40d8e0e73716d8a227134b2ca8e6d462,artifacts/goal_bowl_destination_steering_formal_t1_lambda2_combined/goal_bowl_destination_base_plate_init46_repeat1_success.json
base,plate,47,0,True,73,15,0.6703139466003954,11.17588374795577,0.0,0.0,0.0,nan,bb1226460e01343913836b28c9b815429fd61222acb8ff8bb130841f721786fd,artifacts/goal_bowl_destination_steering_formal_t1_lambda2_combined/goal_bowl_destination_base_plate_init47_repeat0_success.json
base,plate,47,1,True,72,15,0.6638135464145931,10.763772018910958,0.0,0.0,0.0,nan,bb1226460e01343913836b28c9b815429fd61222acb8ff8bb130841f721786fd,artifacts/goal_bowl_destination_steering_formal_t1_lambda2_combined/goal_bowl_destination_base_plate_init47_repeat1_success.json
base,plate,48,0,True,73,15,0.6647624177190803,10.612582961852517,0.0,0.0,0.0,nan,18d3cff932758062f0e5fa19ce2103e943f08c0ed4952964e4ef48ae095b3a9e,artifacts/goal_bowl_destination_steering_formal_t1_lambda2_combined/goal_bowl_destination_base_plate_init48_repeat0_success.json
base,plate,48,1,True,70,14,0.642084989754787,10.234266960918678,0.0,0.0,0.0,nan,18d3cff932758062f0e5fa19ce2103e943f08c0ed4952964e4ef48ae095b3a9e,artifacts/goal_bowl_destination_steering_formal_t1_lambda2_combined/goal_bowl_destination_base_plate_init48_repeat1_success.json
base,plate,49,0,True,80,16,0.7757441018684983,12.034303087510049,0.0,0.0,0.0,nan,ce71b0cf7cd5719991794bc42ddc6bb5f9f21d17404c865970188525831b8f3f,artifacts/goal_bowl_destination_steering_formal_t1_lambda2_combined/goal_bowl_destination_base_plate_init49_repeat0_success.json
base,plate,49,1,True,83,17,0.7826006266651753,14.918250193828808,0.0,0.0,0.0,nan,ce71b0cf7cd5719991794bc42ddc6bb5f9f21d17404c865970188525831b8f3f,artifacts/goal_bowl_destination_steering_formal_t1_lambda2_combined/goal_bowl_destination_base_plate_init49_repeat1_success.json
base,plate,4,0,True,74,15,0.6987892024973871,11.202655084943007,0.0,0.0,0.0,nan,8748abf02fa82a0ccf84c6edd6046d278ce3948aa9ea574f4c72608e6d3f5aea,artifacts/goal_bowl_destination_steering_formal_t1_lambda2_combined/goal_bowl_destination_base_plate_init4_repeat0_success.json
base,plate,4,1,True,74,15,0.6836188754044663,11.555815644835413,0.0,0.0,0.0,nan,8748abf02fa82a0ccf84c6edd6046d278ce3948aa9ea574f4c72608e6d3f5aea,artifacts/goal_bowl_destination_steering_formal_t1_lambda2_combined/goal_bowl_destination_base_plate_init4_repeat1_success.json
base,plate,5,0,True,74,15,0.6546424937289499,11.631115718919672,0.0,0.0,0.0,nan,db55836b3fa3a38e92dcd65480a54dd73569d3eee3160a6357e187db05a62c1d,artifacts/goal_bowl_destination_steering_formal_t1_lambda2_combined/goal_bowl_destination_base_plate_init5_repeat0_success.json
base,plate,5,1,True,73,15,0.6769756734037305,11.328534292999386,0.0,0.0,0.0,nan,db55836b3fa3a38e92dcd65480a54dd73569d3eee3160a6357e187db05a62c1d,artifacts/goal_bowl_destination_steering_formal_t1_lambda2_combined/goal_bowl_destination_base_plate_init5_repeat1_success.json
base,plate,6,0,True,70,14,0.6432018224522222,11.25155920255483,0.0,0.0,0.0,nan,08bccb5245ef1786c860b08ad293254c08bc853bb020be2ee9c3d9bd6cea51df,artifacts/goal_bowl_destination_steering_formal_t1_lambda2_combined/goal_bowl_destination_base_plate_init6_repeat0_success.json
base,plate,6,1,True,72,15,0.6643670543925482,11.400421108955562,0.0,0.0,0.0,nan,08bccb5245ef1786c860b08ad293254c08bc853bb020be2ee9c3d9bd6cea51df,artifacts/goal_bowl_destination_steering_formal_t1_lambda2_combined/goal_bowl_destination_base_plate_init6_repeat1_success.json
base,plate,7,0,True,72,15,0.6805386225821338,10.922509721749712,0.0,0.0,0.0,nan,2d31485544883555816a362896526655501fb74e77e3e81ee15bc4aa1b383da8,artifacts/goal_bowl_destination_steering_formal_t1_lambda2_combined/goal_bowl_destination_base_plate_init7_repeat0_success.json
base,plate,7,1,True,69,14,0.6470499075326938,10.251737756497176,0.0,0.0,0.0,nan,2d31485544883555816a362896526655501fb74e77e3e81ee15bc4aa1b383da8,artifacts/goal_bowl_destination_steering_formal_t1_lambda2_combined/goal_bowl_destination_base_plate_init7_repeat1_success.json
base,plate,8,0,True,75,15,0.700278795787231,10.587308398483394,0.0,0.0,0.0,nan,7d7bacc44a7528ac627221b2742307a0f48c5b807a850273c138d3fc81c54640,artifacts/goal_bowl_destination_steering_formal_t1_lambda2_combined/goal_bowl_destination_base_plate_init8_repeat0_success.json
base,plate,8,1,True,76,16,0.710292204555405,11.13474393291678,0.0,0.0,0.0,nan,7d7bacc44a7528ac627221b2742307a0f48c5b807a850273c138d3fc81c54640,artifacts/goal_bowl_destination_steering_formal_t1_lambda2_combined/goal_bowl_destination_base_plate_init8_repeat1_success.json
base,plate,9,0,True,78,16,0.688008373843658,11.004683495682569,0.0,0.0,0.0,nan,a09237ab8244c5b1fdb40814eea337b511411cc03dc329aa719df31bccd7907d,artifacts/goal_bowl_destination_steering_formal_t1_lambda2_combined/goal_bowl_destination_base_plate_init9_repeat0_success.json
base,plate,9,1,True,78,16,0.7110777666002763,10.866838584356334,0.0,0.0,0.0,nan,a09237ab8244c5b1fdb40814eea337b511411cc03dc329aa719df31bccd7907d,artifacts/goal_bowl_destination_steering_formal_t1_lambda2_combined/goal_bowl_destination_base_plate_init9_repeat1_success.json
belief,cabinet,0,0,True,84,17,0.8698312842098115,10.195032306212706,0.0,0.2706738317081717,0.9753945076365542,0.4876972538182771,321cf4080ba7eacc140b241b4a44419ecb98aefa3d18d49945df6867584aa9b5,artifacts/goal_bowl_destination_steering_formal_t1_lambda2_combined/goal_bowl_destination_belief_cabinet_init0_repeat0_success.json
belief,cabinet,0,1,True,117,24,1.1083230257739742,19.398155179886547,0.0,0.29069124818775316,0.9989822054071007,0.49949110270355035,321cf4080ba7eacc140b241b4a44419ecb98aefa3d18d49945df6867584aa9b5,artifacts/goal_bowl_destination_steering_formal_t1_lambda2_combined/goal_bowl_destination_belief_cabinet_init0_repeat1_success.json
belief,cabinet,10,0,True,83,17,0.8434046329322288,11.138750062221975,0.0,0.4089044679199175,0.9835101280800591,0.49175506404002955,aa497633046432954b9db128392fc055acdc582e59fd8d079fa71e23ea46a747,artifacts/goal_bowl_destination_steering_formal_t1_lambda2_combined/goal_bowl_destination_belief_cabinet_init10_repeat0_success.json
belief,cabinet,10,1,True,87,18,0.9176098992731493,11.20798681757407,0.0,0.38198708917680424,0.9779903224750769,0.48899516123753844,aa497633046432954b9db128392fc055acdc582e59fd8d079fa71e23ea46a747,artifacts/goal_bowl_destination_steering_formal_t1_lambda2_combined/goal_bowl_destination_belief_cabinet_init10_repeat1_success.json
belief,cabinet,11,0,True,114,23,1.0134878756395713,23.90939235353981,0.0,0.34382246940060524,0.9891872950767,0.49459364753835,ee8bf9f07fab13908afd71636d89f1496174e9910c659f06e467e5c86064fb92,artifacts/goal_bowl_destination_steering_formal_t1_lambda2_combined/goal_bowl_destination_belief_cabinet_init11_repeat0_success.json
belief,cabinet,11,1,True,114,23,1.036115123761767,18.76124515121075,0.0,0.3320914936063566,0.9404415622709458,0.4702207811354729,ee8bf9f07fab13908afd71636d89f1496174e9910c659f06e467e5c86064fb92,artifacts/goal_bowl_destination_steering_formal_t1_lambda2_combined/goal_bowl_destination_belief_cabinet_init11_repeat1_success.json
belief,cabinet,12,0,True,85,17,0.906851863254227,12.574324905117605,0.0,0.35196181630016254,0.966649472562682,0.483324736281341,ba0f137def3da13922b741cf35666f5c9a97e5cf8013bf27ec4d3f62bb319fe8,artifacts/goal_bowl_destination_steering_formal_t1_lambda2_combined/goal_bowl_destination_belief_cabinet_init12_repeat0_success.json
belief,cabinet,12,1,True,96,20,0.9418040117980067,15.036024221439266,0.0,0.27497530067269144,0.9549594182422491,0.47747970912112453,ba0f137def3da13922b741cf35666f5c9a97e5cf8013bf27ec4d3f62bb319fe8,artifacts/goal_bowl_destination_steering_formal_t1_lambda2_combined/goal_bowl_destination_belief_cabinet_init12_repeat1_success.json
belief,cabinet,13,0,True,81,17,0.8248401611466692,11.092717360834499,0.0,0.3331899928797928,0.9852888259705911,0.49264441298529554,53d47afde021fbf8db3c829b1a40c30bef70dfd468106738eedb2098efb7362b,artifacts/goal_bowl_destination_steering_formal_t1_lambda2_combined/goal_bowl_destination_belief_cabinet_init13_repeat0_success.json
belief,cabinet,13,1,True,80,16,0.7874142894148893,14.733395793111985,0.0,0.3396386609971867,0.9821527047945544,0.4910763523972772,53d47afde021fbf8db3c829b1a40c30bef70dfd468106738eedb2098efb7362b,artifacts/goal_bowl_destination_steering_formal_t1_lambda2_combined/goal_bowl_destination_belief_cabinet_init13_repeat1_success.json
belief,cabinet,14,0,True,85,17,0.8760689406257355,11.244059776827374,0.0,0.4213309366426387,1.0008202970981999,0.5004101485490999,ebc26ccdeb1c35b101ab77d92748fdc9eb8110ad6ebf9be10a3b3ebc0276dda4,artifacts/goal_bowl_destination_steering_formal_t1_lambda2_combined/goal_bowl_destination_belief_cabinet_init14_repeat0_success.json
belief,cabinet,14,1,True,84,17,0.8629424629512292,11.822361702145985,0.0,0.4528668408565,0.9887906346878003,0.49439531734390013,ebc26ccdeb1c35b101ab77d92748fdc9eb8110ad6ebf9be10a3b3ebc0276dda4,artifacts/goal_bowl_destination_steering_formal_t1_lambda2_combined/goal_bowl_destination_belief_cabinet_init14_repeat1_success.json
belief,cabinet,15,0,True,76,16,0.8344619941067319,11.567639358828897,0.0,0.4092991315875337,0.9993116614564608,0.4996558307282304,4b4fcae42ad528e64400b10e5fdad5e5c1a829d38c2e66d2f9ab10b9a08b09ea,artifacts/goal_bowl_destination_steering_formal_t1_lambda2_combined/goal_bowl_destination_belief_cabinet_init15_repeat0_success.json
belief,cabinet,15,1,True,76,16,0.8395362728033727,10.68963394510034,0.0,0.35334426526501406,0.9753076033460584,0.4876538016730292,4b4fcae42ad528e64400b10e5fdad5e5c1a829d38c2e66d2f9ab10b9a08b09ea,artifacts/goal_bowl_destination_steering_formal_t1_lambda2_combined/goal_bowl_destination_belief_cabinet_init15_repeat1_success.json
belief,cabinet,16,0,True,85,17,0.8677173717231298,11.420643171192491,0.0,0.31520412706993883,0.9847964081478164,0.4923982040739082,cbde56991480f83fb2b0fff4894a024bd1cf120e5788c34480e7c17568adf9f5,artifacts/goal_bowl_destination_steering_formal_t1_lambda2_combined/goal_bowl_destination_belief_cabinet_init16_repeat0_success.json
belief,cabinet,16,1,False,300,60,0.9890834150596861,40.5359771907852,0.0,0.08128518389545038,0.9676903958044991,0.48384519790224956,cbde56991480f83fb2b0fff4894a024bd1cf120e5788c34480e7c17568adf9f5,artifacts/goal_bowl_destination_steering_formal_t1_lambda2_combined/goal_bowl_destination_belief_cabinet_init16_repeat1_failure.json
belief,cabinet,17,0,True,83,17,0.8411526268420508,11.059643266414296,0.0,0.42124966714754797,1.0049908496488547,0.5024954248244273,8a2304c76cf05364394a5e9e8205494645e8dcf034b756638103c488f013dd7b,artifacts/goal_bowl_destination_steering_formal_t1_lambda2_combined/goal_bowl_destination_belief_cabinet_init17_repeat0_success.json
belief,cabinet,17,1,True,110,22,0.9969795765090916,18.697054493549917,0.0,0.4066774732662318,0.9953704656927997,0.49768523284639987,8a2304c76cf05364394a5e9e8205494645e8dcf034b756638103c488f013dd7b,artifacts/goal_bowl_destination_steering_formal_t1_lambda2_combined/goal_bowl_destination_belief_cabinet_init17_repeat1_success.json
belief,cabinet,18,0,True,87,18,0.8784783856595081,12.062355171342633,0.0,0.38857153321493976,0.9951576985313897,0.49757884926569484,20b5a7abdfe49e34d1bc7b984f6667aaf5631112a5fee0525edf55061c50589c,artifacts/goal_bowl_destination_steering_formal_t1_lambda2_combined/goal_bowl_destination_belief_cabinet_init18_repeat0_success.json
belief,cabinet,18,1,True,88,18,0.876391960894421,15.974113198186986,0.0,0.37812392835091474,0.9909303754427208,0.4954651877213604,20b5a7abdfe49e34d1bc7b984f6667aaf5631112a5fee0525edf55061c50589c,artifacts/goal_bowl_destination_steering_formal_t1_lambda2_combined/goal_bowl_destination_belief_cabinet_init18_repeat1_success.json
belief,cabinet,19,0,True,79,16,0.8485956551432359,11.367902338051229,0.0,0.4486218953245332,0.9947978904355834,0.4973989452177917,7dcbc894b187bcfa06789df1e7c8751e18acfbc84e35c9244515594035b4bd25,artifacts/goal_bowl_destination_steering_formal_t1_lambda2_combined/goal_bowl_destination_belief_cabinet_init19_repeat0_success.json
belief,cabinet,19,1,False,300,60,0.8822207406706241,54.42702115144057,0.0,0.12483055001538486,0.9838535041916285,0.49192675209581427,7dcbc894b187bcfa06789df1e7c8751e18acfbc84e35c9244515594035b4bd25,artifacts/goal_bowl_destination_steering_formal_t1_lambda2_combined/goal_bowl_destination_belief_cabinet_init19_repeat1_failure.json
belief,cabinet,1,0,True,84,17,0.881701954227122,10.70901466813569,0.0,0.4050758793463217,0.9956011497089652,0.4978005748544826,b2a6ae4dc26730f9ae1060fbebdc279e7273c39b0f8f528ef8c5b03f64aeaf2e,artifacts/goal_bowl_destination_steering_formal_t1_lambda2_combined/goal_bowl_destination_belief_cabinet_init1_repeat0_success.json
belief,cabinet,1,1,True,86,18,0.903497060996381,11.613564621501498,0.0,0.38273004734248295,0.9980376759353373,0.49901883796766866,b2a6ae4dc26730f9ae1060fbebdc279e7273c39b0f8f528ef8c5b03f64aeaf2e,artifacts/goal_bowl_destination_steering_formal_t1_lambda2_combined/goal_bowl_destination_belief_cabinet_init1_repeat1_success.json
belief,cabinet,20,0,True,77,16,0.8520585926861497,11.47441615344607,0.0,0.36923120403492493,0.9775784240098585,0.48878921200492925,2c8ce6339efb5d14c08e62c4fa248d76367d939f37814ec1105a3d7a45c0ff48,artifacts/goal_bowl_destination_steering_formal_t1_lambda2_combined/goal_bowl_destination_belief_cabinet_init20_repeat0_success.json
belief,cabinet,20,1,True,86,18,0.9265919406069503,12.042300264018676,0.0,0.3440943188510637,0.9947592965489908,0.4973796482744954,2c8ce6339efb5d14c08e62c4fa248d76367d939f37814ec1105a3d7a45c0ff48,artifacts/goal_bowl_destination_steering_formal_t1_lambda2_combined/goal_bowl_destination_belief_cabinet_init20_repeat1_success.json
belief,cabinet,21,0,True,80,16,0.8468640991118765,10.9932959069812,0.0,0.43445591264957406,0.9961060766430594,0.4980530383215297,1e339873f947d4284382d878fb78ef735faa1f80b434ccb3960a2ad3799e2b6a,artifacts/goal_bowl_destination_steering_formal_t1_lambda2_combined/goal_bowl_destination_belief_cabinet_init21_repeat0_success.json
belief,cabinet,21,1,True,83,17,0.8769920224132568,13.621978746694296,0.0,0.40875088854065694,0.9941620800769224,0.4970810400384612,1e339873f947d4284382d878fb78ef735faa1f80b434ccb3960a2ad3799e2b6a,artifacts/goal_bowl_destination_steering_formal_t1_lambda2_combined/goal_bowl_destination_belief_cabinet_init21_repeat1_success.json
belief,cabinet,22,0,True,109,22,0.9782864931346583,16.575946716082605,0.0,0.3199197690279905,0.9913243201812183,0.49566216009060915,d704b948ebd4a1fa7a2bebe64f5203edc302aa66e7069a15b9098b813260b27a,artifacts/goal_bowl_destination_steering_formal_t1_lambda2_combined/goal_bowl_destination_belief_cabinet_init22_repeat0_success.json
belief,cabinet,22,1,True,112,23,0.9407872597793586,17.34347610167293,0.0,0.46220130463725995,0.9994939398452508,0.4997469699226254,d704b948ebd4a1fa7a2bebe64f5203edc302aa66e7069a15b9098b813260b27a,artifacts/goal_bowl_destination_steering_formal_t1_lambda2_combined/goal_bowl_destination_belief_cabinet_init22_repeat1_success.json
belief,cabinet,23,0,True,83,17,0.8099850121638807,11.160539790648624,0.0,0.38450487726069915,0.9929738511788492,0.4964869255894246,40fef409968f1f9484983ce0b73de4ee38068ac73c75c707e22fb07202d34164,artifacts/goal_bowl_destination_steering_formal_t1_lambda2_combined/goal_bowl_destination_belief_cabinet_init23_repeat0_success.json
belief,cabinet,23,1,True,83,17,0.8181941794684547,11.382960024714349,0.0,0.37508710099006726,0.9886353907713015,0.49431769538565073,40fef409968f1f9484983ce0b73de4ee38068ac73c75c707e22fb07202d34164,artifacts/goal_bowl_destination_steering_formal_t1_lambda2_combined/goal_bowl_destination_belief_cabinet_init23_repeat1_success.json
belief,cabinet,24,0,True,104,21,0.9663381272725319,18.162666121737782,0.0,0.31352410872141906,0.9541525454610069,0.47707627273050346,2d2401e65d71bb766f9eb2ccaab4525c0d033512c35b523dc5f3a07be8553de6,artifacts/goal_bowl_destination_steering_formal_t1_lambda2_combined/goal_bowl_destination_belief_cabinet_init24_repeat0_success.json
belief,cabinet,24,1,True,104,21,0.9804843746434657,18.075596207173117,0.0,0.34774066189825603,0.9728944044963242,0.4864472022481621,2d2401e65d71bb766f9eb2ccaab4525c0d033512c35b523dc5f3a07be8553de6,artifacts/goal_bowl_destination_steering_formal_t1_lambda2_combined/goal_bowl_destination_belief_cabinet_init24_repeat1_success.json
belief,cabinet,25,0,True,89,18,0.9292525834061585,12.118347208236532,0.0,0.361643165052111,0.9904673034909651,0.49523365174548256,91ac2ade5367f97e1d7dbcf47d4ee332a2eab34da7223f38600c869921247d34,artifacts/goal_bowl_destination_steering_formal_t1_lambda2_combined/goal_bowl_destination_belief_cabinet_init25_repeat0_success.json
belief,cabinet,25,1,True,90,18,0.9626286783181776,12.477942597595455,0.0,0.4023503462948829,0.9939094990142916,0.4969547495071458,91ac2ade5367f97e1d7dbcf47d4ee332a2eab34da7223f38600c869921247d34,artifacts/goal_bowl_destination_steering_formal_t1_lambda2_combined/goal_bowl_destination_belief_cabinet_init25_repeat1_success.json
belief,cabinet,26,0,True,86,18,0.9186786060737178,12.1620847961431,0.0,0.4409356483878508,0.9949178928326908,0.4974589464163454,8fe55c120b6602d2bc32f3135b2761b80e9cb4e2f3136490ab31d5e3dc97c034,artifacts/goal_bowl_destination_steering_formal_t1_lambda2_combined/goal_bowl_destination_belief_cabinet_init26_repeat0_success.json
belief,cabinet,26,1,True,114,23,1.0166657565954549,20.515599288164395,0.0,0.4153611013906023,0.9975131276341057,0.49875656381705286,8fe55c120b6602d2bc32f3135b2761b80e9cb4e2f3136490ab31d5e3dc97c034,artifacts/goal_bowl_destination_steering_formal_t1_lambda2_combined/goal_bowl_destination_belief_cabinet_init26_repeat1_success.json
belief,cabinet,27,0,True,79,16,0.8571464079731861,11.251922980434443,0.0,0.4281248139328961,0.9918489040250372,0.4959244520125186,706f52d01eadaa1eb6520ebdf25328eb92991ce20e14d18831c6ef476610abd7,artifacts/goal_bowl_destination_steering_formal_t1_lambda2_combined/goal_bowl_destination_belief_cabinet_init27_repeat0_success.json
belief,cabinet,27,1,True,75,15,0.8097331872162603,11.439239814024202,0.0,0.480493144084705,0.9957359959355437,0.49786799796777187,706f52d01eadaa1eb6520ebdf25328eb92991ce20e14d18831c6ef476610abd7,artifacts/goal_bowl_destination_steering_formal_t1_lambda2_combined/goal_bowl_destination_belief_cabinet_init27_repeat1_success.json
belief,cabinet,28,0,True,85,17,0.8562886614356287,10.874151075988646,0.0,0.31457213332033374,0.9953235997615603,0.49766179988078013,5998264c36a9638a4db2c494e6d2c0022f632f81da691017f90cf7c1e202bef0,artifacts/goal_bowl_destination_steering_formal_t1_lambda2_combined/goal_bowl_destination_belief_cabinet_init28_repeat0_success.json
belief,cabinet,28,1,True,85,17,0.8577933868138162,10.619855053477739,0.0,0.35312865663785,0.9943142584881336,0.4971571292440668,5998264c36a9638a4db2c494e6d2c0022f632f81da691017f90cf7c1e202bef0,artifacts/goal_bowl_destination_steering_formal_t1_lambda2_combined/goal_bowl_destination_belief_cabinet_init28_repeat1_success.json
belief,cabinet,29,0,True,78,16,0.7943393583192803,11.128931608661953,0.0,0.47792398566491767,0.9902736280100927,0.49513681400504633,04690a8a329479d4d8480848345a724aa63fea11d15a80b9c0ba12452ddc8570,artifacts/goal_bowl_destination_steering_formal_t1_lambda2_combined/goal_bowl_destination_belief_cabinet_init29_repeat0_success.json
belief,cabinet,29,1,True,80,16,0.8099047308917577,10.835060534227962,0.0,0.4887229125910991,0.9842187556559455,0.49210937782797276,04690a8a329479d4d8480848345a724aa63fea11d15a80b9c0ba12452ddc8570,artifacts/goal_bowl_destination_steering_formal_t1_lambda2_combined/goal_bowl_destination_belief_cabinet_init29_repeat1_success.json
belief,cabinet,2,0,True,79,16,0.8168559779429263,11.697007338856464,0.0,0.3808074527504185,0.9918456557878115,0.49592282789390574,07647764a03683fc3d8eafa89bc50caece60c577ace27c4340a71874e202d462,artifacts/goal_bowl_destination_steering_formal_t1_lambda2_combined/goal_bowl_destination_belief_cabinet_init2_repeat0_success.json
belief,cabinet,2,1,True,74,15,0.7730650180412294,10.516786280917273,0.0,0.4539873269093108,0.9820013859101708,0.4910006929550854,07647764a03683fc3d8eafa89bc50caece60c577ace27c4340a71874e202d462,artifacts/goal_bowl_destination_steering_formal_t1_lambda2_combined/goal_bowl_destination_belief_cabinet_init2_repeat1_success.json
belief,cabinet,30,0,True,83,17,0.8959828008661322,11.619071385792711,0.0,0.43770525522956544,0.9710419287263322,0.4855209643631661,9718d315668e74039a78bb2adc1de3e0b53e4dcee9c32c1714d08c36145c94b6,artifacts/goal_bowl_destination_steering_formal_t1_lambda2_combined/goal_bowl_destination_belief_cabinet_init30_repeat0_success.json
belief,cabinet,30,1,True,84,17,0.9082551009852992,11.26523118012966,0.0,0.4569306321867318,0.982927637389745,0.4914638186948725,9718d315668e74039a78bb2adc1de3e0b53e4dcee9c32c1714d08c36145c94b6,artifacts/goal_bowl_destination_steering_formal_t1_lambda2_combined/goal_bowl_destination_belief_cabinet_init30_repeat1_success.json
belief,cabinet,31,0,True,74,15,0.800041330589372,10.68817534672269,0.0,0.44347006043587867,0.9632630328598604,0.4816315164299302,f0eb1d93bc1d9eefbd14ba41baa2ec63c5ebb2fa97d3db9d9c412a3572148cd5,artifacts/goal_bowl_destination_steering_formal_t1_lambda2_combined/goal_bowl_destination_belief_cabinet_init31_repeat0_success.json
belief,cabinet,31,1,True,77,16,0.7905347960134016,10.658287074205283,0.0,0.3824166248618797,0.960728869831596,0.480364434915798,f0eb1d93bc1d9eefbd14ba41baa2ec63c5ebb2fa97d3db9d9c412a3572148cd5,artifacts/goal_bowl_destination_steering_formal_t1_lambda2_combined/goal_bowl_destination_belief_cabinet_init31_repeat1_success.json
belief,cabinet,32,0,True,80,16,0.8400734957098587,10.620696840482385,0.0,0.47441273453746347,0.9818386653532863,0.49091933267664317,324b14729b178fc48dc5fba1245e969eb9bbeecafa150b00b3211397a7c2e21a,artifacts/goal_bowl_destination_steering_formal_t1_lambda2_combined/goal_bowl_destination_belief_cabinet_init32_repeat0_success.json
belief,cabinet,32,1,True,78,16,0.8354114169570085,11.088684385792776,0.0,0.38732157073883544,0.9711913306169189,0.48559566530845943,324b14729b178fc48dc5fba1245e969eb9bbeecafa150b00b3211397a7c2e21a,artifacts/goal_bowl_destination_steering_formal_t1_lambda2_combined/goal_bowl_destination_belief_cabinet_init32_repeat1_success.json
belief,cabinet,33,0,True,77,16,0.8113866277064157,10.485215341644006,0.0,0.45398075397104776,0.9769457553254786,0.4884728776627393,61b73a145af4f6296ffbc8cf83295fb78de2330b1a27a2e4dfae973fc06c8d36,artifacts/goal_bowl_destination_steering_formal_t1_lambda2_combined/goal_bowl_destination_belief_cabinet_init33_repeat0_success.json
belief,cabinet,33,1,True,76,16,0.8331713827644902,10.27360378472666,0.0,0.4378833365918681,0.9944499914424392,0.4972249957212196,61b73a145af4f6296ffbc8cf83295fb78de2330b1a27a2e4dfae973fc06c8d36,artifacts/goal_bowl_destination_steering_formal_t1_lambda2_combined/goal_bowl_destination_belief_cabinet_init33_repeat1_success.json
belief,cabinet,34,0,True,87,18,0.896866268692666,12.348162857927823,0.0,0.34998643305191446,0.9850723743140097,0.49253618715700487,e2812ea1b93d1584cfdda64f0e67062198046b92fda272f4736ee6657b17d330,artifacts/goal_bowl_destination_steering_formal_t1_lambda2_combined/goal_bowl_destination_belief_cabinet_init34_repeat0_success.json
belief,cabinet,34,1,True,94,19,0.9521854856974381,14.972144827723822,0.0,0.3479062669668108,0.9542807677928196,0.4771403838964098,e2812ea1b93d1584cfdda64f0e67062198046b92fda272f4736ee6657b17d330,artifacts/goal_bowl_destination_steering_formal_t1_lambda2_combined/goal_bowl_destination_belief_cabinet_init34_repeat1_success.json
belief,cabinet,35,0,True,91,19,0.8195467725710842,17.115949092495097,0.0,0.3410686861293597,0.9994517034469138,0.4997258517234569,945dfca2c6627025454ae79139af5b9f857b24499f03f7f85e65266769d2a8ea,artifacts/goal_bowl_destination_steering_formal_t1_lambda2_combined/goal_bowl_destination_belief_cabinet_init35_repeat0_success.json
belief,cabinet,35,1,True,75,15,0.8074601320113365,10.560278729675257,0.0,0.4178556241228904,0.9952889922278955,0.49764449611394773,945dfca2c6627025454ae79139af5b9f857b24499f03f7f85e65266769d2a8ea,artifacts/goal_bowl_destination_steering_formal_t1_lambda2_combined/goal_bowl_destination_belief_cabinet_init35_repeat1_success.json
belief,cabinet,36,0,True,82,17,0.8101323861655835,11.03712460298857,0.0,0.44360214492164907,0.9980992052778777,0.4990496026389388,af8804653dec29bf09ef1dc18c5768858ff4e9b5207c2f76108d74af46070aa1,artifacts/goal_bowl_destination_steering_formal_t1_lambda2_combined/goal_bowl_destination_belief_cabinet_init36_repeat0_success.json
belief,cabinet,36,1,True,78,16,0.8060515609862374,10.49478436390076,0.0,0.4856345692554742,0.988475840840385,0.4942379204201925,af8804653dec29bf09ef1dc18c5768858ff4e9b5207c2f76108d74af46070aa1,artifacts/goal_bowl_destination_steering_formal_t1_lambda2_combined/goal_bowl_destination_belief_cabinet_init36_repeat1_success.json
belief,cabinet,37,0,True,83,17,0.8371807978804279,10.694670025088994,0.0,0.33198147529134286,0.9970061075685792,0.4985030537842896,d76d7f03d5fea2c47ae97343a16eef28909122585ae17f254a7af83435f24307,artifacts/goal_bowl_destination_steering_formal_t1_lambda2_combined/goal_bowl_destination_belief_cabinet_init37_repeat0_success.json
belief,cabinet,37,1,True,80,16,0.8251174416434601,10.527938618551753,0.0,0.341283398406564,0.9957842484040952,0.4978921242020476,d76d7f03d5fea2c47ae97343a16eef28909122585ae17f254a7af83435f24307,artifacts/goal_bowl_destination_steering_formal_t1_lambda2_combined/goal_bowl_destination_belief_cabinet_init37_repeat1_success.json
belief,cabinet,38,0,True,116,24,0.9662076730232315,24.42865657949006,0.0,0.44215653914755565,0.9973264307156015,0.4986632153578007,2a6b10cd88679fcd1f74dc7d38fd2874680b79ef51c8e0bc5274559cdeba0a36,artifacts/goal_bowl_destination_steering_formal_t1_lambda2_combined/goal_bowl_destination_belief_cabinet_init38_repeat0_success.json
belief,cabinet,38,1,True,109,22,0.974446416919526,18.511512858842366,0.0,0.43186464210044334,0.9985524332948613,0.49927621664743066,2a6b10cd88679fcd1f74dc7d38fd2874680b79ef51c8e0bc5274559cdeba0a36,artifacts/goal_bowl_destination_steering_formal_t1_lambda2_combined/goal_bowl_destination_belief_cabinet_init38_repeat1_success.json
belief,cabinet,39,0,True,104,21,0.8937094047242449,17.20665074647656,0.0,0.4645397372484643,0.9983350310027166,0.4991675155013583,68b95c64e588d676a6ee8c4b2a0e78e1a86d73b6c9d2d22018c7994e3ad64021,artifacts/goal_bowl_destination_steering_formal_t1_lambda2_combined/goal_bowl_destination_belief_cabinet_init39_repeat0_success.json
belief,cabinet,39,1,True,108,22,0.9578677317004228,18.982172827923147,0.0,0.45613350029099803,0.996228665298327,0.4981143326491635,68b95c64e588d676a6ee8c4b2a0e78e1a86d73b6c9d2d22018c7994e3ad64021,artifacts/goal_bowl_destination_steering_formal_t1_lambda2_combined/goal_bowl_destination_belief_cabinet_init39_repeat1_success.json
belief,cabinet,3,0,False,300,60,1.9059082057945926,50.94522707009813,0.0,0.12355106466996023,0.999002452106483,0.4995012260532415,74ccae308490f1da3aa03becd3175a8f5b9d6d14a7c8d407cda4004aefd68799,artifacts/goal_bowl_destination_steering_formal_t1_lambda2_combined/goal_bowl_destination_belief_cabinet_init3_repeat0_failure.json
belief,cabinet,3,1,True,89,18,0.9282255883268474,12.121452705146723,0.0,0.43201089659638037,0.9993887767956865,0.49969438839784325,74ccae308490f1da3aa03becd3175a8f5b9d6d14a7c8d407cda4004aefd68799,artifacts/goal_bowl_destination_steering_formal_t1_lambda2_combined/goal_bowl_destination_belief_cabinet_init3_repeat1_success.json
belief,cabinet,40,0,True,132,27,1.0462550460733713,31.92336401488592,0.0,0.3539337733670867,0.9878924007692004,0.4939462003846002,9c5b5fb4a4a0d6accf34e8481d505c31facb4c3c56828cb7ec86c9eda06ae3bb,artifacts/goal_bowl_destination_steering_formal_t1_lambda2_combined/goal_bowl_destination_belief_cabinet_init40_repeat0_success.json
belief,cabinet,40,1,True,114,23,0.9713910367542175,23.686417262571304,0.0,0.40344426168154857,0.9943510182392401,0.49717550911962005,9c5b5fb4a4a0d6accf34e8481d505c31facb4c3c56828cb7ec86c9eda06ae3bb,artifacts/goal_bowl_destination_steering_formal_t1_lambda2_combined/goal_bowl_destination_belief_cabinet_init40_repeat1_success.json
belief,cabinet,41,0,True,82,17,0.835779001905227,11.000479238897169,0.0,0.3045193072867417,0.987340264500675,0.4936701322503375,edd6d06d90f10ef8e0b62dbcff76dc6a4ce864589ac6aae93cefb2d121581ccd,artifacts/goal_bowl_destination_steering_formal_t1_lambda2_combined/goal_bowl_destination_belief_cabinet_init41_repeat0_success.json
belief,cabinet,41,1,True,76,16,0.8150342843431553,10.137509689536271,0.0,0.3327267221957921,0.9773822245107611,0.48869111225538053,edd6d06d90f10ef8e0b62dbcff76dc6a4ce864589ac6aae93cefb2d121581ccd,artifacts/goal_bowl_destination_steering_formal_t1_lambda2_combined/goal_bowl_destination_belief_cabinet_init41_repeat1_success.json
belief,cabinet,42,0,True,84,17,0.8806155723132704,11.844468867885091,0.0,0.42759904207110566,0.9952149612028007,0.49760748060140036,f74b8a3a12f0050082ddb338e8dba356c64dab1568df68a4244be0f6b9c7d80f,artifacts/goal_bowl_destination_steering_formal_t1_lambda2_combined/goal_bowl_destination_belief_cabinet_init42_repeat0_success.json
belief,cabinet,42,1,False,300,60,1.6109261011377545,43.77815025553231,0.0,0.11180327872310378,0.9928376448901634,0.4964188224450817,f74b8a3a12f0050082ddb338e8dba356c64dab1568df68a4244be0f6b9c7d80f,artifacts/goal_bowl_destination_steering_formal_t1_lambda2_combined/goal_bowl_destination_belief_cabinet_init42_repeat1_failure.json
belief,cabinet,43,0,True,117,24,1.0782508697978421,19.47675792796555,0.0,0.26178272575685224,0.9937075908987927,0.49685379544939634,020ac5a1be49c80a8c8b309386b59eb6166c069aba2ef11217e990b03f1fd91d,artifacts/goal_bowl_destination_steering_formal_t1_lambda2_combined/goal_bowl_destination_belief_cabinet_init43_repeat0_success.json
belief,cabinet,43,1,True,120,24,1.0829142489287462,18.877886137473098,0.0,0.25326637300740235,0.9957936053524865,0.49789680267624326,020ac5a1be49c80a8c8b309386b59eb6166c069aba2ef11217e990b03f1fd91d,artifacts/goal_bowl_destination_steering_formal_t1_lambda2_combined/goal_bowl_destination_belief_cabinet_init43_repeat1_success.json
belief,cabinet,44,0,True,78,16,0.7841427057242,10.26307840270146,0.0,0.35578313461090183,0.9899315045599791,0.49496575227998957,4d10ceaa18c70ad0d99146527023cb48672d04c87d7a110e1207f14f99b9ed81,artifacts/goal_bowl_destination_steering_formal_t1_lambda2_combined/goal_bowl_destination_belief_cabinet_init44_repeat0_success.json
belief,cabinet,44,1,True,114,23,1.022302079324269,18.99230959116628,0.0,0.27821377117316964,0.9951122205653681,0.49755611028268404,4d10ceaa18c70ad0d99146527023cb48672d04c87d7a110e1207f14f99b9ed81,artifacts/goal_bowl_destination_steering_formal_t1_lambda2_combined/goal_bowl_destination_belief_cabinet_init44_repeat1_success.json
belief,cabinet,45,0,True,81,17,0.8117655662281348,15.056294369215454,0.0,0.2687344560973137,0.9931748419036148,0.4965874209518074,863dbb9318777a1f5abd0107bd1fd2131403e996a836949a900a6daeb3ee88d4,artifacts/goal_bowl_destination_steering_formal_t1_lambda2_combined/goal_bowl_destination_belief_cabinet_init45_repeat0_success.json
belief,cabinet,45,1,True,78,16,0.801073962863723,10.720273210760684,0.0,0.32476038663684204,0.9993387536178184,0.4996693768089092,863dbb9318777a1f5abd0107bd1fd2131403e996a836949a900a6daeb3ee88d4,artifacts/goal_bowl_destination_steering_formal_t1_lambda2_combined/goal_bowl_destination_belief_cabinet_init45_repeat1_success.json
belief,cabinet,46,0,True,78,16,0.8160726506265938,11.109892670599814,0.0,0.40872911958650804,0.9902686504456908,0.4951343252228454,381a1965c57a0f37a00c739f4ceb99ec40d8e0e73716d8a227134b2ca8e6d462,artifacts/goal_bowl_destination_steering_formal_t1_lambda2_combined/goal_bowl_destination_belief_cabinet_init46_repeat0_success.json
belief,cabinet,46,1,True,80,16,0.8475840196436085,11.276152609917142,0.0,0.43580739890166564,0.9896355413521231,0.49481777067606153,381a1965c57a0f37a00c739f4ceb99ec40d8e0e73716d8a227134b2ca8e6d462,artifacts/goal_bowl_destination_steering_formal_t1_lambda2_combined/goal_bowl_destination_belief_cabinet_init46_repeat1_success.json
belief,cabinet,47,0,True,87,18,0.8770929013012614,10.275966621832014,0.0,0.24734867165309846,0.9452140741306662,0.4726070370653331,bb1226460e01343913836b28c9b815429fd61222acb8ff8bb130841f721786fd,artifacts/goal_bowl_destination_steering_formal_t1_lambda2_combined/goal_bowl_destination_belief_cabinet_init47_repeat0_success.json
belief,cabinet,47,1,True,86,18,0.8605501030043229,10.435715028432297,0.0,0.24031523120047543,0.9135718832684351,0.45678594163421754,bb1226460e01343913836b28c9b815429fd61222acb8ff8bb130841f721786fd,artifacts/goal_bowl_destination_steering_formal_t1_lambda2_combined/goal_bowl_destination_belief_cabinet_init47_repeat1_success.json
belief,cabinet,48,0,True,156,32,1.1482608212362324,34.934288070782486,0.0,0.3859934091411317,0.9862632149470765,0.49313160747353824,18d3cff932758062f0e5fa19ce2103e943f08c0ed4952964e4ef48ae095b3a9e,artifacts/goal_bowl_destination_steering_formal_t1_lambda2_combined/goal_bowl_destination_belief_cabinet_init48_repeat0_success.json
belief,cabinet,48,1,False,300,60,1.2771307048617306,55.599392215475945,0.0,0.17733067331844057,0.9970908871030042,0.4985454435515021,18d3cff932758062f0e5fa19ce2103e943f08c0ed4952964e4ef48ae095b3a9e,artifacts/goal_bowl_destination_steering_formal_t1_lambda2_combined/goal_bowl_destination_belief_cabinet_init48_repeat1_failure.json
belief,cabinet,49,0,False,300,60,1.0524855952326022,43.59541778945128,0.0,0.10207916832643035,0.9694369661436775,0.48471848307183873,ce71b0cf7cd5719991794bc42ddc6bb5f9f21d17404c865970188525831b8f3f,artifacts/goal_bowl_destination_steering_formal_t1_lambda2_combined/goal_bowl_destination_belief_cabinet_init49_repeat0_failure.json
belief,cabinet,49,1,True,96,20,1.0088461954858547,12.907030401530651,0.0,0.28534721485988906,0.9895096497760335,0.49475482488801675,ce71b0cf7cd5719991794bc42ddc6bb5f9f21d17404c865970188525831b8f3f,artifacts/goal_bowl_destination_steering_formal_t1_lambda2_combined/goal_bowl_destination_belief_cabinet_init49_repeat1_success.json
belief,cabinet,4,0,True,78,16,0.8003932940899877,10.418941243497104,0.0,0.4138413782239273,0.9847605497704018,0.4923802748852009,8748abf02fa82a0ccf84c6edd6046d278ce3948aa9ea574f4c72608e6d3f5aea,artifacts/goal_bowl_destination_steering_formal_t1_lambda2_combined/goal_bowl_destination_belief_cabinet_init4_repeat0_success.json
belief,cabinet,4,1,True,80,16,0.810070983638876,10.624830008267857,0.0,0.413770876246665,0.9621347970579034,0.4810673985289517,8748abf02fa82a0ccf84c6edd6046d278ce3948aa9ea574f4c72608e6d3f5aea,artifacts/goal_bowl_destination_steering_formal_t1_lambda2_combined/goal_bowl_destination_belief_cabinet_init4_repeat1_success.json
belief,cabinet,5,0,True,106,22,1.0112863117789692,19.314187166683134,0.0,0.3161172746040285,0.9762816866724129,0.48814084333620644,db55836b3fa3a38e92dcd65480a54dd73569d3eee3160a6357e187db05a62c1d,artifacts/goal_bowl_destination_steering_formal_t1_lambda2_combined/goal_bowl_destination_belief_cabinet_init5_repeat0_success.json
belief,cabinet,5,1,True,91,19,0.874668632320184,15.40633845368065,0.0,0.36628584823892446,0.9934629620840021,0.49673148104200104,db55836b3fa3a38e92dcd65480a54dd73569d3eee3160a6357e187db05a62c1d,artifacts/goal_bowl_destination_steering_formal_t1_lambda2_combined/goal_bowl_destination_belief_cabinet_init5_repeat1_success.json
belief,cabinet,6,0,True,115,23,1.0361092393723965,21.249140757028027,0.0,0.37662717421019126,0.9939877444745976,0.4969938722372988,08bccb5245ef1786c860b08ad293254c08bc853bb020be2ee9c3d9bd6cea51df,artifacts/goal_bowl_destination_steering_formal_t1_lambda2_combined/goal_bowl_destination_belief_cabinet_init6_repeat0_success.json
belief,cabinet,6,1,True,109,22,1.0036216637026565,18.983093529333708,0.0,0.4388123926298116,0.9993367238011572,0.4996683619005786,08bccb5245ef1786c860b08ad293254c08bc853bb020be2ee9c3d9bd6cea51df,artifacts/goal_bowl_destination_steering_formal_t1_lambda2_combined/goal_bowl_destination_belief_cabinet_init6_repeat1_success.json
belief,cabinet,7,0,True,86,18,0.9186092212594419,12.515978077109772,0.0,0.3901981104701112,0.9919986672239228,0.4959993336119614,2d31485544883555816a362896526655501fb74e77e3e81ee15bc4aa1b383da8,artifacts/goal_bowl_destination_steering_formal_t1_lambda2_combined/goal_bowl_destination_belief_cabinet_init7_repeat0_success.json
belief,cabinet,7,1,True,93,19,0.8807425928979903,23.90172824717585,0.0,0.3848966401540582,0.9905053538871085,0.49525267694355424,2d31485544883555816a362896526655501fb74e77e3e81ee15bc4aa1b383da8,artifacts/goal_bowl_destination_steering_formal_t1_lambda2_combined/goal_bowl_destination_belief_cabinet_init7_repeat1_success.json
belief,cabinet,8,0,True,79,16,0.8222798750518523,10.200107683577542,0.0,0.3180878071689613,0.9029017634802134,0.4514508817401067,7d7bacc44a7528ac627221b2742307a0f48c5b807a850273c138d3fc81c54640,artifacts/goal_bowl_destination_steering_formal_t1_lambda2_combined/goal_bowl_destination_belief_cabinet_init8_repeat0_success.json
belief,cabinet,8,1,True,80,16,0.8319506890285693,10.052844043931906,0.0,0.27875677678009725,0.8843670669972717,0.4421835334986359,7d7bacc44a7528ac627221b2742307a0f48c5b807a850273c138d3fc81c54640,artifacts/goal_bowl_destination_steering_formal_t1_lambda2_combined/goal_bowl_destination_belief_cabinet_init8_repeat1_success.json
belief,cabinet,9,0,True,83,17,0.8487452744480334,13.188527178084637,0.0,0.45420357099570097,1.0007121375489405,0.5003560687744703,a09237ab8244c5b1fdb40814eea337b511411cc03dc329aa719df31bccd7907d,artifacts/goal_bowl_destination_steering_formal_t1_lambda2_combined/goal_bowl_destination_belief_cabinet_init9_repeat0_success.json
belief,cabinet,9,1,True,83,17,0.8634916383578902,11.0064177213382,0.0,0.4168313331399758,0.9981487706729232,0.4990743853364616,a09237ab8244c5b1fdb40814eea337b511411cc03dc329aa719df31bccd7907d,artifacts/goal_bowl_destination_steering_formal_t1_lambda2_combined/goal_bowl_destination_belief_cabinet_init9_repeat1_success.json
belief,plate,0,0,True,80,16,0.7010060767507237,13.603259975003109,0.0,0.3949863934884709,0.9885387829468789,0.49426939147343946,321cf4080ba7eacc140b241b4a44419ecb98aefa3d18d49945df6867584aa9b5,artifacts/goal_bowl_destination_steering_formal_t1_lambda2_combined/goal_bowl_destination_belief_plate_init0_repeat0_success.json
belief,plate,0,1,True,80,16,0.707839234449841,12.973570783709064,0.0,0.43967351306918817,0.9877395037962877,0.49386975189814386,321cf4080ba7eacc140b241b4a44419ecb98aefa3d18d49945df6867584aa9b5,artifacts/goal_bowl_destination_steering_formal_t1_lambda2_combined/goal_bowl_destination_belief_plate_init0_repeat1_success.json
belief,plate,10,0,True,73,15,0.6892294539105587,12.414402427256963,0.0,0.6358477013310072,0.9926783374811812,0.4963391687405906,aa497633046432954b9db128392fc055acdc582e59fd8d079fa71e23ea46a747,artifacts/goal_bowl_destination_steering_formal_t1_lambda2_combined/goal_bowl_destination_belief_plate_init10_repeat0_success.json
belief,plate,10,1,True,74,15,0.6960869901340092,12.405512360933898,0.0,0.6478278735976813,0.9937545952301263,0.49687729761506316,aa497633046432954b9db128392fc055acdc582e59fd8d079fa71e23ea46a747,artifacts/goal_bowl_destination_steering_formal_t1_lambda2_combined/goal_bowl_destination_belief_plate_init10_repeat1_success.json
belief,plate,11,0,True,73,15,0.690771313171209,12.195955736342627,0.0,0.5016825744619623,0.9667024716713669,0.48335123583568346,ee8bf9f07fab13908afd71636d89f1496174e9910c659f06e467e5c86064fb92,artifacts/goal_bowl_destination_steering_formal_t1_lambda2_combined/goal_bowl_destination_belief_plate_init11_repeat0_success.json
belief,plate,11,1,True,75,15,0.6944071620209272,11.591499291194278,0.0,0.5336780080700759,0.9662533418592838,0.4831266709296419,ee8bf9f07fab13908afd71636d89f1496174e9910c659f06e467e5c86064fb92,artifacts/goal_bowl_destination_steering_formal_t1_lambda2_combined/goal_bowl_destination_belief_plate_init11_repeat1_success.json
belief,plate,12,0,True,75,15,0.6707643008984131,12.635435559896429,0.0,0.5490897149908026,0.9645163689210173,0.48225818446050867,ba0f137def3da13922b741cf35666f5c9a97e5cf8013bf27ec4d3f62bb319fe8,artifacts/goal_bowl_destination_steering_formal_t1_lambda2_combined/goal_bowl_destination_belief_plate_init12_repeat0_success.json
belief,plate,12,1,True,77,16,0.6680647424401762,13.466139148960925,0.0,0.4453526308336448,0.9746556630637289,0.48732783153186443,ba0f137def3da13922b741cf35666f5c9a97e5cf8013bf27ec4d3f62bb319fe8,artifacts/goal_bowl_destination_steering_formal_t1_lambda2_combined/goal_bowl_destination_belief_plate_init12_repeat1_success.json
belief,plate,13,0,True,96,20,0.7560733188579976,10.824976927447118,0.0,0.2931623951565236,0.9679878479476717,0.48399392397383584,53d47afde021fbf8db3c829b1a40c30bef70dfd468106738eedb2098efb7362b,artifacts/goal_bowl_destination_steering_formal_t1_lambda2_combined/goal_bowl_destination_belief_plate_init13_repeat0_success.json
belief,plate,13,1,True,97,20,0.8009611924398424,10.914931552666284,0.0,0.30756139361068807,0.967088749543909,0.4835443747719545,53d47afde021fbf8db3c829b1a40c30bef70dfd468106738eedb2098efb7362b,artifacts/goal_bowl_destination_steering_formal_t1_lambda2_combined/goal_bowl_destination_belief_plate_init13_repeat1_success.json
belief,plate,14,0,True,82,17,0.6603101945135266,11.736303486575295,0.0,0.5780594550964712,0.9955218808183853,0.49776094040919266,ebc26ccdeb1c35b101ab77d92748fdc9eb8110ad6ebf9be10a3b3ebc0276dda4,artifacts/goal_bowl_destination_steering_formal_t1_lambda2_combined/goal_bowl_destination_belief_plate_init14_repeat0_success.json
belief,plate,14,1,True,77,16,0.6272387931423457,12.253115983160917,0.0,0.5381434305769283,0.9972315675990714,0.4986157837995357,ebc26ccdeb1c35b101ab77d92748fdc9eb8110ad6ebf9be10a3b3ebc0276dda4,artifacts/goal_bowl_destination_steering_formal_t1_lambda2_combined/goal_bowl_destination_belief_plate_init14_repeat1_success.json
belief,plate,15,0,True,73,15,0.6678829668242038,11.522221166449523,0.0,0.5407492382394762,0.973133536816339,0.4865667684081695,4b4fcae42ad528e64400b10e5fdad5e5c1a829d38c2e66d2f9ab10b9a08b09ea,artifacts/goal_bowl_destination_steering_formal_t1_lambda2_combined/goal_bowl_destination_belief_plate_init15_repeat0_success.json
belief,plate,15,1,True,73,15,0.6712161636809711,11.48740060166945,0.0,0.5457555141530219,0.9955683341500493,0.49778416707502465,4b4fcae42ad528e64400b10e5fdad5e5c1a829d38c2e66d2f9ab10b9a08b09ea,artifacts/goal_bowl_destination_steering_formal_t1_lambda2_combined/goal_bowl_destination_belief_plate_init15_repeat1_success.json
belief,plate,16,0,True,83,17,0.7235031868539852,11.486522872733099,0.0,0.4499560241279604,0.9708502838210024,0.4854251419105012,cbde56991480f83fb2b0fff4894a024bd1cf120e5788c34480e7c17568adf9f5,artifacts/goal_bowl_destination_steering_formal_t1_lambda2_combined/goal_bowl_destination_belief_plate_init16_repeat0_success.json
belief,plate,16,1,True,86,18,0.681475131831769,10.550717566008586,0.0,0.39398976796960444,0.9690726905721432,0.4845363452860716,cbde56991480f83fb2b0fff4894a024bd1cf120e5788c34480e7c17568adf9f5,artifacts/goal_bowl_destination_steering_formal_t1_lambda2_combined/goal_bowl_destination_belief_plate_init16_repeat1_success.json
belief,plate,17,0,True,80,16,0.6556389641527429,11.912115631740917,0.0,0.5426268090466718,0.9816199641928741,0.49080998209643706,8a2304c76cf05364394a5e9e8205494645e8dcf034b756638103c488f013dd7b,artifacts/goal_bowl_destination_steering_formal_t1_lambda2_combined/goal_bowl_destination_belief_plate_init17_repeat0_success.json
belief,plate,17,1,True,75,15,0.6711338109370962,12.027815030588881,0.0,0.6392412502753938,0.994835015797555,0.4974175078987775,8a2304c76cf05364394a5e9e8205494645e8dcf034b756638103c488f013dd7b,artifacts/goal_bowl_destination_steering_formal_t1_lambda2_combined/goal_bowl_destination_belief_plate_init17_repeat1_success.json
belief,plate,18,0,True,75,15,0.6782458793822468,12.57664889190369,0.0,0.5765936710699249,0.9919433455729176,0.4959716727864588,20b5a7abdfe49e34d1bc7b984f6667aaf5631112a5fee0525edf55061c50589c,artifacts/goal_bowl_destination_steering_formal_t1_lambda2_combined/goal_bowl_destination_belief_plate_init18_repeat0_success.json
belief,plate,18,1,True,75,15,0.6633576257211893,12.422932992638952,0.0,0.6158797950494915,0.9972973201105826,0.4986486600552913,20b5a7abdfe49e34d1bc7b984f6667aaf5631112a5fee0525edf55061c50589c,artifacts/goal_bowl_destination_steering_formal_t1_lambda2_combined/goal_bowl_destination_belief_plate_init18_repeat1_success.json
belief,plate,19,0,True,72,15,0.6638903135378522,11.912313815887153,0.0,0.5318148681990563,0.9869835377631155,0.49349176888155777,7dcbc894b187bcfa06789df1e7c8751e18acfbc84e35c9244515594035b4bd25,artifacts/goal_bowl_destination_steering_formal_t1_lambda2_combined/goal_bowl_destination_belief_plate_init19_repeat0_success.json
belief,plate,19,1,True,74,15,0.6835360803958896,12.086788659202243,0.0,0.569239021577949,0.9946427969542466,0.4973213984771233,7dcbc894b187bcfa06789df1e7c8751e18acfbc84e35c9244515594035b4bd25,artifacts/goal_bowl_destination_steering_formal_t1_lambda2_combined/goal_bowl_destination_belief_plate_init19_repeat1_success.json
belief,plate,1,0,True,82,17,0.7378763467580681,12.768090525263352,0.0,0.47762777556898833,0.9993053433671357,0.49965267168356786,b2a6ae4dc26730f9ae1060fbebdc279e7273c39b0f8f528ef8c5b03f64aeaf2e,artifacts/goal_bowl_destination_steering_formal_t1_lambda2_combined/goal_bowl_destination_belief_plate_init1_repeat0_success.json
belief,plate,1,1,True,73,15,0.6898351455395918,12.031552922240824,0.0,0.5502299745188098,0.9976856158459266,0.4988428079229633,b2a6ae4dc26730f9ae1060fbebdc279e7273c39b0f8f528ef8c5b03f64aeaf2e,artifacts/goal_bowl_destination_steering_formal_t1_lambda2_combined/goal_bowl_destination_belief_plate_init1_repeat1_success.json
belief,plate,20,0,True,75,15,0.6759556067287326,11.66788034251369,0.0,0.5531806465545684,0.9922445650073978,0.4961222825036989,2c8ce6339efb5d14c08e62c4fa248d76367d939f37814ec1105a3d7a45c0ff48,artifacts/goal_bowl_destination_steering_formal_t1_lambda2_combined/goal_bowl_destination_belief_plate_init20_repeat0_success.json
belief,plate,20,1,True,78,16,0.6778937838632586,12.09288676396411,0.0,0.5448228119651887,0.987840272308777,0.4939201361543885,2c8ce6339efb5d14c08e62c4fa248d76367d939f37814ec1105a3d7a45c0ff48,artifacts/goal_bowl_destination_steering_formal_t1_lambda2_combined/goal_bowl_destination_belief_plate_init20_repeat1_success.json
belief,plate,21,0,True,79,16,0.6703809595413824,10.928916838294406,0.0,0.5533210227109595,0.9978617071749655,0.49893085358748274,1e339873f947d4284382d878fb78ef735faa1f80b434ccb3960a2ad3799e2b6a,artifacts/goal_bowl_destination_steering_formal_t1_lambda2_combined/goal_bowl_destination_belief_plate_init21_repeat0_success.json
belief,plate,21,1,True,77,16,0.6706178404508226,10.832585746076775,0.0,0.5343729245512937,1.0004181880260115,0.5002090940130057,1e339873f947d4284382d878fb78ef735faa1f80b434ccb3960a2ad3799e2b6a,artifacts/goal_bowl_destination_steering_formal_t1_lambda2_combined/goal_bowl_destination_belief_plate_init21_repeat1_success.json
belief,plate,22,0,True,73,15,0.6532151701458694,11.816480855362565,0.0,0.5622193846492657,0.9930424008524212,0.4965212004262106,d704b948ebd4a1fa7a2bebe64f5203edc302aa66e7069a15b9098b813260b27a,artifacts/goal_bowl_destination_steering_formal_t1_lambda2_combined/goal_bowl_destination_belief_plate_init22_repeat0_success.json
belief,plate,22,1,True,68,14,0.6243800375222972,12.006704012478744,0.0,0.58522131950717,0.9918825630552691,0.49594128152763456,d704b948ebd4a1fa7a2bebe64f5203edc302aa66e7069a15b9098b813260b27a,artifacts/goal_bowl_destination_steering_formal_t1_lambda2_combined/goal_bowl_destination_belief_plate_init22_repeat1_success.json
belief,plate,23,0,True,73,15,0.6830279805318757,11.532952223944765,0.0,0.4915848842778008,0.9924240438938294,0.4962120219469147,40fef409968f1f9484983ce0b73de4ee38068ac73c75c707e22fb07202d34164,artifacts/goal_bowl_destination_steering_formal_t1_lambda2_combined/goal_bowl_destination_belief_plate_init23_repeat0_success.json
belief,plate,23,1,True,76,16,0.6977541425804898,12.153232674915195,0.0,0.48172362905866606,0.9962182334701226,0.4981091167350613,40fef409968f1f9484983ce0b73de4ee38068ac73c75c707e22fb07202d34164,artifacts/goal_bowl_destination_steering_formal_t1_lambda2_combined/goal_bowl_destination_belief_plate_init23_repeat1_success.json
belief,plate,24,0,True,74,15,0.693467550469984,12.36447111010734,0.0,0.47252503913152794,0.9706841473503768,0.4853420736751884,2d2401e65d71bb766f9eb2ccaab4525c0d033512c35b523dc5f3a07be8553de6,artifacts/goal_bowl_destination_steering_formal_t1_lambda2_combined/goal_bowl_destination_belief_plate_init24_repeat0_success.json
belief,plate,24,1,True,69,14,0.6645997924829256,11.515568295384229,0.0,0.5237917381768077,0.9664185982342897,0.48320929911714483,2d2401e65d71bb766f9eb2ccaab4525c0d033512c35b523dc5f3a07be8553de6,artifacts/goal_bowl_destination_steering_formal_t1_lambda2_combined/goal_bowl_destination_belief_plate_init24_repeat1_success.json
belief,plate,25,0,True,79,16,0.7061358798850331,11.752985238699212,0.0,0.5798722893406327,0.9884850123938133,0.49424250619690663,91ac2ade5367f97e1d7dbcf47d4ee332a2eab34da7223f38600c869921247d34,artifacts/goal_bowl_destination_steering_formal_t1_lambda2_combined/goal_bowl_destination_belief_plate_init25_repeat0_success.json
belief,plate,25,1,True,73,15,0.6985982074168642,11.831952285862172,0.0,0.6105890261580466,0.986750617205983,0.4933753086029915,91ac2ade5367f97e1d7dbcf47d4ee332a2eab34da7223f38600c869921247d34,artifacts/goal_bowl_destination_steering_formal_t1_lambda2_combined/goal_bowl_destination_belief_plate_init25_repeat1_success.json
belief,plate,26,0,True,75,15,0.7252189881033416,12.47766627485202,0.0,0.6122897127164457,0.9981641687587933,0.49908208437939666,8fe55c120b6602d2bc32f3135b2761b80e9cb4e2f3136490ab31d5e3dc97c034,artifacts/goal_bowl_destination_steering_formal_t1_lambda2_combined/goal_bowl_destination_belief_plate_init26_repeat0_success.json
belief,plate,26,1,True,73,15,0.7014452937276819,12.500777940378171,0.0,0.6431429107801196,0.9944465163193652,0.4972232581596826,8fe55c120b6602d2bc32f3135b2761b80e9cb4e2f3136490ab31d5e3dc97c034,artifacts/goal_bowl_destination_steering_formal_t1_lambda2_combined/goal_bowl_destination_belief_plate_init26_repeat1_success.json
belief,plate,27,0,True,84,17,0.7145197930440949,12.927052222208701,0.0,0.4196413362114514,0.9911874113306378,0.4955937056653189,706f52d01eadaa1eb6520ebdf25328eb92991ce20e14d18831c6ef476610abd7,artifacts/goal_bowl_destination_steering_formal_t1_lambda2_combined/goal_bowl_destination_belief_plate_init27_repeat0_success.json
belief,plate,27,1,True,82,17,0.6892846857625523,13.266072062773468,0.0,0.4200314894262184,0.989964495307431,0.4949822476537155,706f52d01eadaa1eb6520ebdf25328eb92991ce20e14d18831c6ef476610abd7,artifacts/goal_bowl_destination_steering_formal_t1_lambda2_combined/goal_bowl_destination_belief_plate_init27_repeat1_success.json
belief,plate,28,0,True,93,19,0.81509283181633,14.129477338531583,0.0,0.4949274390905242,0.9945496383134143,0.4972748191567071,5998264c36a9638a4db2c494e6d2c0022f632f81da691017f90cf7c1e202bef0,artifacts/goal_bowl_destination_steering_formal_t1_lambda2_combined/goal_bowl_destination_belief_plate_init28_repeat0_success.json
belief,plate,28,1,True,80,16,0.7130484721019583,11.36889652633014,0.0,0.6020496308600757,0.9963346502044894,0.4981673251022447,5998264c36a9638a4db2c494e6d2c0022f632f81da691017f90cf7c1e202bef0,artifacts/goal_bowl_destination_steering_formal_t1_lambda2_combined/goal_bowl_destination_belief_plate_init28_repeat1_success.json
belief,plate,29,0,True,68,14,0.6499405888253424,11.455841844618694,0.0,0.5998331694436267,0.9931064529826126,0.4965532264913063,04690a8a329479d4d8480848345a724aa63fea11d15a80b9c0ba12452ddc8570,artifacts/goal_bowl_destination_steering_formal_t1_lambda2_combined/goal_bowl_destination_belief_plate_init29_repeat0_success.json
belief,plate,29,1,True,69,14,0.6633735393089838,11.638788456704837,0.0,0.6304700402269171,0.9944356930556971,0.49721784652784856,04690a8a329479d4d8480848345a724aa63fea11d15a80b9c0ba12452ddc8570,artifacts/goal_bowl_destination_steering_formal_t1_lambda2_combined/goal_bowl_destination_belief_plate_init29_repeat1_success.json
belief,plate,2,0,True,77,16,0.6584678627162028,11.757048753424087,0.0,0.5448526894550667,0.9931397940345287,0.49656989701726434,07647764a03683fc3d8eafa89bc50caece60c577ace27c4340a71874e202d462,artifacts/goal_bowl_destination_steering_formal_t1_lambda2_combined/goal_bowl_destination_belief_plate_init2_repeat0_success.json
belief,plate,2,1,True,80,16,0.6696086683056874,11.58486279836914,0.0,0.5522269091751129,0.999230733991538,0.499615366995769,07647764a03683fc3d8eafa89bc50caece60c577ace27c4340a71874e202d462,artifacts/goal_bowl_destination_steering_formal_t1_lambda2_combined/goal_bowl_destination_belief_plate_init2_repeat1_success.json
belief,plate,30,0,True,77,16,0.6910362952120132,11.920691896016491,0.0,0.5463861603276131,0.9815570266154867,0.49077851330774336,9718d315668e74039a78bb2adc1de3e0b53e4dcee9c32c1714d08c36145c94b6,artifacts/goal_bowl_destination_steering_formal_t1_lambda2_combined/goal_bowl_destination_belief_plate_init30_repeat0_success.json
belief,plate,30,1,True,74,15,0.6330479560497919,11.875060931685878,0.0,0.6064595520358251,0.9841821593926281,0.49209107969631405,9718d315668e74039a78bb2adc1de3e0b53e4dcee9c32c1714d08c36145c94b6,artifacts/goal_bowl_destination_steering_formal_t1_lambda2_combined/goal_bowl_destination_belief_plate_init30_repeat1_success.json
belief,plate,31,0,True,73,15,0.6907006363165998,12.389934073306277,0.0,0.5295880935935618,0.9787855382604989,0.4893927691302494,f0eb1d93bc1d9eefbd14ba41baa2ec63c5ebb2fa97d3db9d9c412a3572148cd5,artifacts/goal_bowl_destination_steering_formal_t1_lambda2_combined/goal_bowl_destination_belief_plate_init31_repeat0_success.json
belief,plate,31,1,True,72,15,0.6839663965335748,12.173293697759933,0.0,0.5534843726372694,0.9831089507872819,0.49155447539364094,f0eb1d93bc1d9eefbd14ba41baa2ec63c5ebb2fa97d3db9d9c412a3572148cd5,artifacts/goal_bowl_destination_steering_formal_t1_lambda2_combined/goal_bowl_destination_belief_plate_init31_repeat1_success.json
belief,plate,32,0,True,82,17,0.6956457459648486,11.335793134032615,0.0,0.33804180172717313,0.9900379468462837,0.49501897342314183,324b14729b178fc48dc5fba1245e969eb9bbeecafa150b00b3211397a7c2e21a,artifacts/goal_bowl_destination_steering_formal_t1_lambda2_combined/goal_bowl_destination_belief_plate_init32_repeat0_success.json
belief,plate,32,1,True,109,22,0.9151199897803044,19.21043832341991,0.0,0.26348121016684634,0.988881390073187,0.4944406950365935,324b14729b178fc48dc5fba1245e969eb9bbeecafa150b00b3211397a7c2e21a,artifacts/goal_bowl_destination_steering_formal_t1_lambda2_combined/goal_bowl_destination_belief_plate_init32_repeat1_success.json
belief,plate,33,0,True,75,15,0.6806196075742109,11.81369253566296,0.0,0.5886965425793068,0.9772079840660014,0.4886039920330007,61b73a145af4f6296ffbc8cf83295fb78de2330b1a27a2e4dfae973fc06c8d36,artifacts/goal_bowl_destination_steering_formal_t1_lambda2_combined/goal_bowl_destination_belief_plate_init33_repeat0_success.json
belief,plate,33,1,True,67,14,0.6136424891857479,11.865605251626135,0.0,0.5744569153509251,0.9751369946299866,0.4875684973149933,61b73a145af4f6296ffbc8cf83295fb78de2330b1a27a2e4dfae973fc06c8d36,artifacts/goal_bowl_destination_steering_formal_t1_lambda2_combined/goal_bowl_destination_belief_plate_init33_repeat1_success.json
belief,plate,34,0,True,87,18,0.7108824798024589,13.124586160475419,0.0,0.3774751469584049,0.9510859446782419,0.47554297233912096,e2812ea1b93d1584cfdda64f0e67062198046b92fda272f4736ee6657b17d330,artifacts/goal_bowl_destination_steering_formal_t1_lambda2_combined/goal_bowl_destination_belief_plate_init34_repeat0_success.json
belief,plate,34,1,True,81,17,0.6887735393176909,13.13271836306561,0.0,0.40584368395423315,0.9664638757031772,0.4832319378515886,e2812ea1b93d1584cfdda64f0e67062198046b92fda272f4736ee6657b17d330,artifacts/goal_bowl_destination_steering_formal_t1_lambda2_combined/goal_bowl_destination_belief_plate_init34_repeat1_success.json
belief,plate,35,0,True,111,23,0.9113743654834681,20.804580517878726,0.0,0.367157721556894,0.9906880269003756,0.4953440134501878,945dfca2c6627025454ae79139af5b9f857b24499f03f7f85e65266769d2a8ea,artifacts/goal_bowl_destination_steering_formal_t1_lambda2_combined/goal_bowl_destination_belief_plate_init35_repeat0_success.json
belief,plate,35,1,True,74,15,0.6244648866712825,12.093090121407224,0.0,0.4981594387092823,0.9921883274742309,0.49609416373711546,945dfca2c6627025454ae79139af5b9f857b24499f03f7f85e65266769d2a8ea,artifacts/goal_bowl_destination_steering_formal_t1_lambda2_combined/goal_bowl_destination_belief_plate_init35_repeat1_success.json
belief,plate,36,0,True,77,16,0.6992615968697884,11.802774109576886,0.0,0.50497264880621,0.9960524717620701,0.49802623588103506,af8804653dec29bf09ef1dc18c5768858ff4e9b5207c2f76108d74af46070aa1,artifacts/goal_bowl_destination_steering_formal_t1_lambda2_combined/goal_bowl_destination_belief_plate_init36_repeat0_success.json
belief,plate,36,1,True,74,15,0.6752265328714881,11.522965798374939,0.0,0.5614798729048422,1.0037107157637,0.50185535788185,af8804653dec29bf09ef1dc18c5768858ff4e9b5207c2f76108d74af46070aa1,artifacts/goal_bowl_destination_steering_formal_t1_lambda2_combined/goal_bowl_destination_belief_plate_init36_repeat1_success.json
belief,plate,37,0,True,74,15,0.7033325924951965,11.880821531750984,0.0,0.5486118468975291,0.9940601780620278,0.4970300890310139,d76d7f03d5fea2c47ae97343a16eef28909122585ae17f254a7af83435f24307,artifacts/goal_bowl_destination_steering_formal_t1_lambda2_combined/goal_bowl_destination_belief_plate_init37_repeat0_success.json
belief,plate,37,1,True,74,15,0.6789482433617721,11.562800160365502,0.0,0.46988386616596284,0.9942182666174748,0.4971091333087374,d76d7f03d5fea2c47ae97343a16eef28909122585ae17f254a7af83435f24307,artifacts/goal_bowl_destination_steering_formal_t1_lambda2_combined/goal_bowl_destination_belief_plate_init37_repeat1_success.json
belief,plate,38,0,True,76,16,0.6628127807404282,12.671270024122416,0.0,0.4723688309462713,0.9997648792384678,0.4998824396192339,2a6b10cd88679fcd1f74dc7d38fd2874680b79ef51c8e0bc5274559cdeba0a36,artifacts/goal_bowl_destination_steering_formal_t1_lambda2_combined/goal_bowl_destination_belief_plate_init38_repeat0_success.json
belief,plate,38,1,True,79,16,0.6882969879970496,12.552950026882685,0.0,0.3924056225723525,0.996568275117335,0.4982841375586675,2a6b10cd88679fcd1f74dc7d38fd2874680b79ef51c8e0bc5274559cdeba0a36,artifacts/goal_bowl_destination_steering_formal_t1_lambda2_combined/goal_bowl_destination_belief_plate_init38_repeat1_success.json
belief,plate,39,0,True,74,15,0.6806567816905845,12.075221882376354,0.0,0.6447082516800359,0.9963325808335463,0.4981662904167731,68b95c64e588d676a6ee8c4b2a0e78e1a86d73b6c9d2d22018c7994e3ad64021,artifacts/goal_bowl_destination_steering_formal_t1_lambda2_combined/goal_bowl_destination_belief_plate_init39_repeat0_success.json
belief,plate,39,1,True,74,15,0.6658445034478542,12.370881245479309,0.0,0.594418184551546,0.9978779121724373,0.49893895608621863,68b95c64e588d676a6ee8c4b2a0e78e1a86d73b6c9d2d22018c7994e3ad64021,artifacts/goal_bowl_destination_steering_formal_t1_lambda2_combined/goal_bowl_destination_belief_plate_init39_repeat1_success.json
belief,plate,3,0,True,82,17,0.7137035941516802,13.250637156300483,0.0,0.48028423318886826,0.9969762027222001,0.49848810136110006,74ccae308490f1da3aa03becd3175a8f5b9d6d14a7c8d407cda4004aefd68799,artifacts/goal_bowl_destination_steering_formal_t1_lambda2_combined/goal_bowl_destination_belief_plate_init3_repeat0_success.json
belief,plate,3,1,True,80,16,0.7157257363652415,13.135718916857119,0.0,0.5514542735544273,0.9966096719241092,0.4983048359620546,74ccae308490f1da3aa03becd3175a8f5b9d6d14a7c8d407cda4004aefd68799,artifacts/goal_bowl_destination_steering_formal_t1_lambda2_combined/goal_bowl_destination_belief_plate_init3_repeat1_success.json
belief,plate,40,0,True,78,16,0.6759128301653434,14.453736230674322,0.0,0.4742713225383292,0.9987260738759917,0.49936303693799583,9c5b5fb4a4a0d6accf34e8481d505c31facb4c3c56828cb7ec86c9eda06ae3bb,artifacts/goal_bowl_destination_steering_formal_t1_lambda2_combined/goal_bowl_destination_belief_plate_init40_repeat0_success.json
belief,plate,40,1,True,75,15,0.6438619881649863,11.419406723896119,0.0,0.4209906301902781,0.991442824275443,0.4957214121377215,9c5b5fb4a4a0d6accf34e8481d505c31facb4c3c56828cb7ec86c9eda06ae3bb,artifacts/goal_bowl_destination_steering_formal_t1_lambda2_combined/goal_bowl_destination_belief_plate_init40_repeat1_success.json
belief,plate,41,0,True,71,15,0.7017196916795545,11.2939666782853,0.0,0.5325152053218576,0.9848142564903012,0.4924071282451506,edd6d06d90f10ef8e0b62dbcff76dc6a4ce864589ac6aae93cefb2d121581ccd,artifacts/goal_bowl_destination_steering_formal_t1_lambda2_combined/goal_bowl_destination_belief_plate_init41_repeat0_success.json
belief,plate,41,1,True,72,15,0.6875937224191897,11.651143739288832,0.0,0.5515944334857217,0.9833199289045913,0.49165996445229565,edd6d06d90f10ef8e0b62dbcff76dc6a4ce864589ac6aae93cefb2d121581ccd,artifacts/goal_bowl_destination_steering_formal_t1_lambda2_combined/goal_bowl_destination_belief_plate_init41_repeat1_success.json
belief,plate,42,0,True,79,16,0.7342178395663896,11.446670862931482,0.0,0.5087262828349115,0.9949093610909016,0.4974546805454508,f74b8a3a12f0050082ddb338e8dba356c64dab1568df68a4244be0f6b9c7d80f,artifacts/goal_bowl_destination_steering_formal_t1_lambda2_combined/goal_bowl_destination_belief_plate_init42_repeat0_success.json
belief,plate,42,1,True,79,16,0.758700116811364,12.0903003723593,0.0,0.48111512593101075,0.9951245350338931,0.49756226751694654,f74b8a3a12f0050082ddb338e8dba356c64dab1568df68a4244be0f6b9c7d80f,artifacts/goal_bowl_destination_steering_formal_t1_lambda2_combined/goal_bowl_destination_belief_plate_init42_repeat1_success.json
belief,plate,43,0,True,73,15,0.6752914867045213,11.99173149856541,0.0,0.5177535242212168,0.990485948623971,0.4952429743119855,020ac5a1be49c80a8c8b309386b59eb6166c069aba2ef11217e990b03f1fd91d,artifacts/goal_bowl_destination_steering_formal_t1_lambda2_combined/goal_bowl_destination_belief_plate_init43_repeat0_success.json
belief,plate,43,1,True,106,22,0.8633275607913397,19.544619389356093,0.0,0.24998240211314657,0.9838787758018288,0.4919393879009144,020ac5a1be49c80a8c8b309386b59eb6166c069aba2ef11217e990b03f1fd91d,artifacts/goal_bowl_destination_steering_formal_t1_lambda2_combined/goal_bowl_destination_belief_plate_init43_repeat1_success.json
belief,plate,44,0,True,75,15,0.7047370647350784,11.198183101347551,0.0,0.550263918917153,0.9925592963785873,0.49627964818929365,4d10ceaa18c70ad0d99146527023cb48672d04c87d7a110e1207f14f99b9ed81,artifacts/goal_bowl_destination_steering_formal_t1_lambda2_combined/goal_bowl_destination_belief_plate_init44_repeat0_success.json
belief,plate,44,1,True,80,16,0.715825163798827,12.254528115753148,0.0,0.41252996908926504,0.983702837929303,0.4918514189646515,4d10ceaa18c70ad0d99146527023cb48672d04c87d7a110e1207f14f99b9ed81,artifacts/goal_bowl_destination_steering_formal_t1_lambda2_combined/goal_bowl_destination_belief_plate_init44_repeat1_success.json
belief,plate,45,0,True,87,18,0.8177330159125464,12.198215286207235,0.0,0.4564753827993291,0.9965947518430566,0.4982973759215283,863dbb9318777a1f5abd0107bd1fd2131403e996a836949a900a6daeb3ee88d4,artifacts/goal_bowl_destination_steering_formal_t1_lambda2_combined/goal_bowl_destination_belief_plate_init45_repeat0_success.json
belief,plate,45,1,True,85,17,0.8098548575142277,11.483491465431841,0.0,0.48076865026670956,0.9922130997298311,0.49610654986491554,863dbb9318777a1f5abd0107bd1fd2131403e996a836949a900a6daeb3ee88d4,artifacts/goal_bowl_destination_steering_formal_t1_lambda2_combined/goal_bowl_destination_belief_plate_init45_repeat1_success.json
belief,plate,46,0,True,77,16,0.6836820646537957,12.927306384954928,0.0,0.4489964195328906,0.9933530570593576,0.4966765285296788,381a1965c57a0f37a00c739f4ceb99ec40d8e0e73716d8a227134b2ca8e6d462,artifacts/goal_bowl_destination_steering_formal_t1_lambda2_combined/goal_bowl_destination_belief_plate_init46_repeat0_success.json
belief,plate,46,1,True,77,16,0.6837830924901349,12.340328704411608,0.0,0.4335031314473267,0.9931524778193095,0.49657623890965474,381a1965c57a0f37a00c739f4ceb99ec40d8e0e73716d8a227134b2ca8e6d462,artifacts/goal_bowl_destination_steering_formal_t1_lambda2_combined/goal_bowl_destination_belief_plate_init46_repeat1_success.json
belief,plate,47,0,True,75,15,0.6844507246867471,12.410206441923052,0.0,0.44159845655289043,0.944447206958145,0.4722236034790725,bb1226460e01343913836b28c9b815429fd61222acb8ff8bb130841f721786fd,artifacts/goal_bowl_destination_steering_formal_t1_lambda2_combined/goal_bowl_destination_belief_plate_init47_repeat0_success.json
belief,plate,47,1,True,70,14,0.6592673234801998,11.702193387320655,0.0,0.4624597427689879,0.9392957085739095,0.46964785428695477,bb1226460e01343913836b28c9b815429fd61222acb8ff8bb130841f721786fd,artifacts/goal_bowl_destination_steering_formal_t1_lambda2_combined/goal_bowl_destination_belief_plate_init47_repeat1_success.json
belief,plate,48,0,True,71,15,0.6710158326118726,12.046854805441644,0.0,0.5883606366874237,0.9973751705583866,0.4986875852791933,18d3cff932758062f0e5fa19ce2103e943f08c0ed4952964e4ef48ae095b3a9e,artifacts/goal_bowl_destination_steering_formal_t1_lambda2_combined/goal_bowl_destination_belief_plate_init48_repeat0_success.json
belief,plate,48,1,True,72,15,0.6763337849072617,11.92102081461782,0.0,0.5799562029982922,0.9950122590285129,0.49750612951425643,18d3cff932758062f0e5fa19ce2103e943f08c0ed4952964e4ef48ae095b3a9e,artifacts/goal_bowl_destination_steering_formal_t1_lambda2_combined/goal_bowl_destination_belief_plate_init48_repeat1_success.json
belief,plate,49,0,True,75,15,0.7074107615219178,12.125170547903998,0.0,0.5648186913027831,0.9893332022900051,0.49466660114500255,ce71b0cf7cd5719991794bc42ddc6bb5f9f21d17404c865970188525831b8f3f,artifacts/goal_bowl_destination_steering_formal_t1_lambda2_combined/goal_bowl_destination_belief_plate_init49_repeat0_success.json
belief,plate,49,1,True,75,15,0.7201622597354219,12.049403961293836,0.0,0.5817528160546497,0.9763806417379882,0.4881903208689941,ce71b0cf7cd5719991794bc42ddc6bb5f9f21d17404c865970188525831b8f3f,artifacts/goal_bowl_destination_steering_formal_t1_lambda2_combined/goal_bowl_destination_belief_plate_init49_repeat1_success.json
belief,plate,4,0,True,85,17,0.7297775478336147,12.694123326142597,0.0,0.3936353282558445,0.9835148348686713,0.49175741743433565,8748abf02fa82a0ccf84c6edd6046d278ce3948aa9ea574f4c72608e6d3f5aea,artifacts/goal_bowl_destination_steering_formal_t1_lambda2_combined/goal_bowl_destination_belief_plate_init4_repeat0_success.json
belief,plate,4,1,True,84,17,0.7048030552094887,12.845743648753883,0.0,0.38970748619338996,0.9868732707268927,0.49343663536344634,8748abf02fa82a0ccf84c6edd6046d278ce3948aa9ea574f4c72608e6d3f5aea,artifacts/goal_bowl_destination_steering_formal_t1_lambda2_combined/goal_bowl_destination_belief_plate_init4_repeat1_success.json
belief,plate,5,0,True,73,15,0.6446933208570194,10.97431635629557,0.0,0.47558500753783806,0.9922334099482998,0.4961167049741499,db55836b3fa3a38e92dcd65480a54dd73569d3eee3160a6357e187db05a62c1d,artifacts/goal_bowl_destination_steering_formal_t1_lambda2_combined/goal_bowl_destination_belief_plate_init5_repeat0_success.json
belief,plate,5,1,True,74,15,0.6438774754277851,10.991396119986534,0.0,0.5264843455128501,0.9865670287000589,0.49328351435002943,db55836b3fa3a38e92dcd65480a54dd73569d3eee3160a6357e187db05a62c1d,artifacts/goal_bowl_destination_steering_formal_t1_lambda2_combined/goal_bowl_destination_belief_plate_init5_repeat1_success.json
belief,plate,6,0,True,78,16,0.6788659034744589,12.300979057061063,0.0,0.4016311768583633,1.000574074156848,0.500287037078424,08bccb5245ef1786c860b08ad293254c08bc853bb020be2ee9c3d9bd6cea51df,artifacts/goal_bowl_destination_steering_formal_t1_lambda2_combined/goal_bowl_destination_belief_plate_init6_repeat0_success.json
belief,plate,6,1,True,74,15,0.6603805623657583,12.210433634595715,0.0,0.4285691923146611,0.9963963017803426,0.4981981508901713,08bccb5245ef1786c860b08ad293254c08bc853bb020be2ee9c3d9bd6cea51df,artifacts/goal_bowl_destination_steering_formal_t1_lambda2_combined/goal_bowl_destination_belief_plate_init6_repeat1_success.json
belief,plate,7,0,True,75,15,0.6975647672630602,12.059093660677,0.0,0.5264428419878876,0.9921486012032811,0.49607430060164054,2d31485544883555816a362896526655501fb74e77e3e81ee15bc4aa1b383da8,artifacts/goal_bowl_destination_steering_formal_t1_lambda2_combined/goal_bowl_destination_belief_plate_init7_repeat0_success.json
belief,plate,7,1,True,68,14,0.6468685686114921,11.57692102386357,0.0,0.6213498745963961,0.9948872489253021,0.49744362446265106,2d31485544883555816a362896526655501fb74e77e3e81ee15bc4aa1b383da8,artifacts/goal_bowl_destination_steering_formal_t1_lambda2_combined/goal_bowl_destination_belief_plate_init7_repeat1_success.json
belief,plate,8,0,True,73,15,0.6943623970896373,11.589000281390575,0.0,0.41397456074617,0.927328593344077,0.4636642966720385,7d7bacc44a7528ac627221b2742307a0f48c5b807a850273c138d3fc81c54640,artifacts/goal_bowl_destination_steering_formal_t1_lambda2_combined/goal_bowl_destination_belief_plate_init8_repeat0_success.json
belief,plate,8,1,True,71,15,0.6743793284185068,11.646106516044897,0.0,0.44847617036704346,0.9345333111037551,0.4672666555518776,7d7bacc44a7528ac627221b2742307a0f48c5b807a850273c138d3fc81c54640,artifacts/goal_bowl_destination_steering_formal_t1_lambda2_combined/goal_bowl_destination_belief_plate_init8_repeat1_success.json
belief,plate,9,0,True,74,15,0.6679200069942175,12.63027278372326,0.0,0.5794316157552276,0.9934118858972218,0.4967059429486109,a09237ab8244c5b1fdb40814eea337b511411cc03dc329aa719df31bccd7907d,artifacts/goal_bowl_destination_steering_formal_t1_lambda2_combined/goal_bowl_destination_belief_plate_init9_repeat0_success.json
belief,plate,9,1,True,118,24,0.9973780699714971,26.5095401137628,0.0,0.4412593413025675,0.9966902993397813,0.49834514966989063,a09237ab8244c5b1fdb40814eea337b511411cc03dc329aa719df31bccd7907d,artifacts/goal_bowl_destination_steering_formal_t1_lambda2_combined/goal_bowl_destination_belief_plate_init9_repeat1_success.json
time_decay,cabinet,0,0,True,85,17,0.8953999964562855,10.304804302533316,1.0,0.458267614377084,0.9,nan,321cf4080ba7eacc140b241b4a44419ecb98aefa3d18d49945df6867584aa9b5,artifacts/goal_bowl_destination_steering_formal_t1_lambda2_combined/goal_bowl_destination_time_decay_cabinet_init0_repeat0_success.json
time_decay,cabinet,0,1,True,86,18,0.8918097541737174,10.756815963498948,1.0,0.4411208027664712,0.9,nan,321cf4080ba7eacc140b241b4a44419ecb98aefa3d18d49945df6867584aa9b5,artifacts/goal_bowl_destination_steering_formal_t1_lambda2_combined/goal_bowl_destination_time_decay_cabinet_init0_repeat1_success.json
time_decay,cabinet,10,0,True,83,17,0.862809981558898,11.176994616329981,1.0,0.458267614377084,0.9,nan,aa497633046432954b9db128392fc055acdc582e59fd8d079fa71e23ea46a747,artifacts/goal_bowl_destination_steering_formal_t1_lambda2_combined/goal_bowl_destination_time_decay_cabinet_init10_repeat0_success.json
time_decay,cabinet,10,1,True,81,17,0.8501095498924587,10.718159198164198,1.0,0.458267614377084,0.9,nan,aa497633046432954b9db128392fc055acdc582e59fd8d079fa71e23ea46a747,artifacts/goal_bowl_destination_steering_formal_t1_lambda2_combined/goal_bowl_destination_time_decay_cabinet_init10_repeat1_success.json
time_decay,cabinet,11,0,True,109,22,1.0353825112399144,19.943164689976733,1.0,0.3816775760864947,0.9,nan,ee8bf9f07fab13908afd71636d89f1496174e9910c659f06e467e5c86064fb92,artifacts/goal_bowl_destination_steering_formal_t1_lambda2_combined/goal_bowl_destination_time_decay_cabinet_init11_repeat0_success.json
time_decay,cabinet,11,1,True,116,24,1.080413017311143,24.434232586642214,1.0,0.3566232856187511,0.9,nan,ee8bf9f07fab13908afd71636d89f1496174e9910c659f06e467e5c86064fb92,artifacts/goal_bowl_destination_steering_formal_t1_lambda2_combined/goal_bowl_destination_time_decay_cabinet_init11_repeat1_success.json
time_decay,cabinet,12,0,True,82,17,0.913746321822479,12.025357295242905,1.0,0.458267614377084,0.9,nan,ba0f137def3da13922b741cf35666f5c9a97e5cf8013bf27ec4d3f62bb319fe8,artifacts/goal_bowl_destination_steering_formal_t1_lambda2_combined/goal_bowl_destination_time_decay_cabinet_init12_repeat0_success.json
time_decay,cabinet,12,1,True,85,17,0.9170602911016859,14.253022169503675,1.0,0.458267614377084,0.9,nan,ba0f137def3da13922b741cf35666f5c9a97e5cf8013bf27ec4d3f62bb319fe8,artifacts/goal_bowl_destination_steering_formal_t1_lambda2_combined/goal_bowl_destination_time_decay_cabinet_init12_repeat1_success.json
time_decay,cabinet,13,0,True,76,16,0.8211646580668345,10.646128902977203,1.0,0.47646532074321063,0.9,nan,53d47afde021fbf8db3c829b1a40c30bef70dfd468106738eedb2098efb7362b,artifacts/goal_bowl_destination_steering_formal_t1_lambda2_combined/goal_bowl_destination_time_decay_cabinet_init13_repeat0_success.json
time_decay,cabinet,13,1,True,72,15,0.7768592701623356,10.090499137001505,1.0,0.49579204850382214,0.9,nan,53d47afde021fbf8db3c829b1a40c30bef70dfd468106738eedb2098efb7362b,artifacts/goal_bowl_destination_steering_formal_t1_lambda2_combined/goal_bowl_destination_time_decay_cabinet_init13_repeat1_success.json
time_decay,cabinet,14,0,True,85,17,0.8929793359124393,11.216231024951306,1.0,0.458267614377084,0.9,nan,ebc26ccdeb1c35b101ab77d92748fdc9eb8110ad6ebf9be10a3b3ebc0276dda4,artifacts/goal_bowl_destination_steering_formal_t1_lambda2_combined/goal_bowl_destination_time_decay_cabinet_init14_repeat0_success.json
time_decay,cabinet,14,1,True,77,16,0.7918398000036885,10.419786086608205,1.0,0.47646532074321063,0.9,nan,ebc26ccdeb1c35b101ab77d92748fdc9eb8110ad6ebf9be10a3b3ebc0276dda4,artifacts/goal_bowl_destination_steering_formal_t1_lambda2_combined/goal_bowl_destination_time_decay_cabinet_init14_repeat1_success.json
time_decay,cabinet,15,0,True,77,16,0.8651892345313319,10.787728561507944,1.0,0.47646532074321063,0.9,nan,4b4fcae42ad528e64400b10e5fdad5e5c1a829d38c2e66d2f9ab10b9a08b09ea,artifacts/goal_bowl_destination_steering_formal_t1_lambda2_combined/goal_bowl_destination_time_decay_cabinet_init15_repeat0_success.json
time_decay,cabinet,15,1,True,75,15,0.8327132389161318,10.211680526203178,1.0,0.49579204850382214,0.9,nan,4b4fcae42ad528e64400b10e5fdad5e5c1a829d38c2e66d2f9ab10b9a08b09ea,artifacts/goal_bowl_destination_steering_formal_t1_lambda2_combined/goal_bowl_destination_time_decay_cabinet_init15_repeat1_success.json
time_decay,cabinet,16,0,True,80,16,0.8467697455285697,10.929809619237439,1.0,0.47646532074321063,0.9,nan,cbde56991480f83fb2b0fff4894a024bd1cf120e5788c34480e7c17568adf9f5,artifacts/goal_bowl_destination_steering_formal_t1_lambda2_combined/goal_bowl_destination_time_decay_cabinet_init16_repeat0_success.json
time_decay,cabinet,16,1,True,105,21,0.9849343346783039,18.124202573610205,1.0,0.3952905054342439,0.9,nan,cbde56991480f83fb2b0fff4894a024bd1cf120e5788c34480e7c17568adf9f5,artifacts/goal_bowl_destination_steering_formal_t1_lambda2_combined/goal_bowl_destination_time_decay_cabinet_init16_repeat1_success.json
time_decay,cabinet,17,0,True,114,23,0.9844877791293529,25.44122481974731,1.0,0.36880482672885234,0.9,nan,8a2304c76cf05364394a5e9e8205494645e8dcf034b756638103c488f013dd7b,artifacts/goal_bowl_destination_steering_formal_t1_lambda2_combined/goal_bowl_destination_time_decay_cabinet_init17_repeat0_success.json
time_decay,cabinet,17,1,True,108,22,0.954607331015699,18.176664523615063,1.0,0.3816775760864947,0.9,nan,8a2304c76cf05364394a5e9e8205494645e8dcf034b756638103c488f013dd7b,artifacts/goal_bowl_destination_steering_formal_t1_lambda2_combined/goal_bowl_destination_time_decay_cabinet_init17_repeat1_success.json
time_decay,cabinet,18,0,True,84,17,0.8749951936493382,11.534178794896293,1.0,0.458267614377084,0.9,nan,20b5a7abdfe49e34d1bc7b984f6667aaf5631112a5fee0525edf55061c50589c,artifacts/goal_bowl_destination_steering_formal_t1_lambda2_combined/goal_bowl_destination_time_decay_cabinet_init18_repeat0_success.json
time_decay,cabinet,18,1,True,84,17,0.8651268258172645,11.831493148381902,1.0,0.458267614377084,0.9,nan,20b5a7abdfe49e34d1bc7b984f6667aaf5631112a5fee0525edf55061c50589c,artifacts/goal_bowl_destination_steering_formal_t1_lambda2_combined/goal_bowl_destination_time_decay_cabinet_init18_repeat1_success.json
time_decay,cabinet,19,0,True,76,16,0.8389042370844355,10.83831271599159,1.0,0.47646532074321063,0.9,nan,7dcbc894b187bcfa06789df1e7c8751e18acfbc84e35c9244515594035b4bd25,artifacts/goal_bowl_destination_steering_formal_t1_lambda2_combined/goal_bowl_destination_time_decay_cabinet_init19_repeat0_success.json
time_decay,cabinet,19,1,True,76,16,0.8154515969832321,10.232541065051134,1.0,0.47646532074321063,0.9,nan,7dcbc894b187bcfa06789df1e7c8751e18acfbc84e35c9244515594035b4bd25,artifacts/goal_bowl_destination_steering_formal_t1_lambda2_combined/goal_bowl_destination_time_decay_cabinet_init19_repeat1_success.json
time_decay,cabinet,1,0,True,78,16,0.8459616157868685,10.256419627042426,1.0,0.47646532074321063,0.9,nan,b2a6ae4dc26730f9ae1060fbebdc279e7273c39b0f8f528ef8c5b03f64aeaf2e,artifacts/goal_bowl_destination_steering_formal_t1_lambda2_combined/goal_bowl_destination_time_decay_cabinet_init1_repeat0_success.json
time_decay,cabinet,1,1,True,79,16,0.8521010895577238,10.201740968567858,1.0,0.47646532074321063,0.9,nan,b2a6ae4dc26730f9ae1060fbebdc279e7273c39b0f8f528ef8c5b03f64aeaf2e,artifacts/goal_bowl_destination_steering_formal_t1_lambda2_combined/goal_bowl_destination_time_decay_cabinet_init1_repeat1_success.json
time_decay,cabinet,20,0,True,78,16,0.9039260338260554,11.602934588766498,1.0,0.47646532074321063,0.9,nan,2c8ce6339efb5d14c08e62c4fa248d76367d939f37814ec1105a3d7a45c0ff48,artifacts/goal_bowl_destination_steering_formal_t1_lambda2_combined/goal_bowl_destination_time_decay_cabinet_init20_repeat0_success.json
time_decay,cabinet,20,1,True,82,17,0.9208493754937703,12.03128496843267,1.0,0.458267614377084,0.9,nan,2c8ce6339efb5d14c08e62c4fa248d76367d939f37814ec1105a3d7a45c0ff48,artifacts/goal_bowl_destination_steering_formal_t1_lambda2_combined/goal_bowl_destination_time_decay_cabinet_init20_repeat1_success.json
time_decay,cabinet,21,0,True,77,16,0.8351388439322,10.90138454370397,1.0,0.47646532074321063,0.9,nan,1e339873f947d4284382d878fb78ef735faa1f80b434ccb3960a2ad3799e2b6a,artifacts/goal_bowl_destination_steering_formal_t1_lambda2_combined/goal_bowl_destination_time_decay_cabinet_init21_repeat0_success.json
time_decay,cabinet,21,1,True,77,16,0.8219047744103118,11.10791524216502,1.0,0.47646532074321063,0.9,nan,1e339873f947d4284382d878fb78ef735faa1f80b434ccb3960a2ad3799e2b6a,artifacts/goal_bowl_destination_steering_formal_t1_lambda2_combined/goal_bowl_destination_time_decay_cabinet_init21_repeat1_success.json
time_decay,cabinet,22,0,True,105,21,0.9413333818414251,17.08834492849299,1.0,0.3952905054342439,0.9,nan,d704b948ebd4a1fa7a2bebe64f5203edc302aa66e7069a15b9098b813260b27a,artifacts/goal_bowl_destination_steering_formal_t1_lambda2_combined/goal_bowl_destination_time_decay_cabinet_init22_repeat0_success.json
time_decay,cabinet,22,1,False,300,60,0.9235949401911808,53.67610032232196,1.0,0.1522377948644213,0.9,nan,d704b948ebd4a1fa7a2bebe64f5203edc302aa66e7069a15b9098b813260b27a,artifacts/goal_bowl_destination_steering_formal_t1_lambda2_combined/goal_bowl_destination_time_decay_cabinet_init22_repeat1_failure.json
time_decay,cabinet,23,0,True,78,16,0.7795380817080384,11.097860420619796,1.0,0.47646532074321063,0.9,nan,40fef409968f1f9484983ce0b73de4ee38068ac73c75c707e22fb07202d34164,artifacts/goal_bowl_destination_steering_formal_t1_lambda2_combined/goal_bowl_destination_time_decay_cabinet_init23_repeat0_success.json
time_decay,cabinet,23,1,True,81,17,0.8225346282968045,10.989691939597222,1.0,0.458267614377084,0.9,nan,40fef409968f1f9484983ce0b73de4ee38068ac73c75c707e22fb07202d34164,artifacts/goal_bowl_destination_steering_formal_t1_lambda2_combined/goal_bowl_destination_time_decay_cabinet_init23_repeat1_success.json
time_decay,cabinet,24,0,True,106,22,0.9841356419541397,18.697098853286718,1.0,0.3816775760864947,0.9,nan,2d2401e65d71bb766f9eb2ccaab4525c0d033512c35b523dc5f3a07be8553de6,artifacts/goal_bowl_destination_steering_formal_t1_lambda2_combined/goal_bowl_destination_time_decay_cabinet_init24_repeat0_success.json
time_decay,cabinet,24,1,True,105,21,0.9889461820599573,17.88193176496577,1.0,0.3952905054342439,0.9,nan,2d2401e65d71bb766f9eb2ccaab4525c0d033512c35b523dc5f3a07be8553de6,artifacts/goal_bowl_destination_steering_formal_t1_lambda2_combined/goal_bowl_destination_time_decay_cabinet_init24_repeat1_success.json
time_decay,cabinet,25,0,True,79,16,0.8804384353309472,11.536900269858767,1.0,0.47646532074321063,0.9,nan,91ac2ade5367f97e1d7dbcf47d4ee332a2eab34da7223f38600c869921247d34,artifacts/goal_bowl_destination_steering_formal_t1_lambda2_combined/goal_bowl_destination_time_decay_cabinet_init25_repeat0_success.json
time_decay,cabinet,25,1,True,79,16,0.8730378329800803,11.423348705002184,1.0,0.47646532074321063,0.9,nan,91ac2ade5367f97e1d7dbcf47d4ee332a2eab34da7223f38600c869921247d34,artifacts/goal_bowl_destination_steering_formal_t1_lambda2_combined/goal_bowl_destination_time_decay_cabinet_init25_repeat1_success.json
time_decay,cabinet,26,0,True,85,17,0.8984101027383101,11.604529870873638,1.0,0.458267614377084,0.9,nan,8fe55c120b6602d2bc32f3135b2761b80e9cb4e2f3136490ab31d5e3dc97c034,artifacts/goal_bowl_destination_steering_formal_t1_lambda2_combined/goal_bowl_destination_time_decay_cabinet_init26_repeat0_success.json
time_decay,cabinet,26,1,True,83,17,0.8511264990068891,11.0904734134825,1.0,0.458267614377084,0.9,nan,8fe55c120b6602d2bc32f3135b2761b80e9cb4e2f3136490ab31d5e3dc97c034,artifacts/goal_bowl_destination_steering_formal_t1_lambda2_combined/goal_bowl_destination_time_decay_cabinet_init26_repeat1_success.json
time_decay,cabinet,27,0,True,79,16,0.8701181450618984,10.892967971992354,1.0,0.47646532074321063,0.9,nan,92cb347463c11d42d02fa394f066da26760a126fa20afe31fb8f6a32d600c210,artifacts/goal_bowl_destination_steering_formal_t1_lambda2_combined/goal_bowl_destination_time_decay_cabinet_init27_repeat0_success.json
time_decay,cabinet,27,1,True,79,16,0.8481734210575247,11.507040982651978,1.0,0.47646532074321063,0.9,nan,706f52d01eadaa1eb6520ebdf25328eb92991ce20e14d18831c6ef476610abd7,artifacts/goal_bowl_destination_steering_formal_t1_lambda2_combined/goal_bowl_destination_time_decay_cabinet_init27_repeat1_success.json
time_decay,cabinet,28,0,True,80,16,0.8300215370684805,10.414143194758848,1.0,0.47646532074321063,0.9,nan,5998264c36a9638a4db2c494e6d2c0022f632f81da691017f90cf7c1e202bef0,artifacts/goal_bowl_destination_steering_formal_t1_lambda2_combined/goal_bowl_destination_time_decay_cabinet_init28_repeat0_success.json
time_decay,cabinet,28,1,True,81,17,0.8470030478893503,10.591112949202458,1.0,0.458267614377084,0.9,nan,5998264c36a9638a4db2c494e6d2c0022f632f81da691017f90cf7c1e202bef0,artifacts/goal_bowl_destination_steering_formal_t1_lambda2_combined/goal_bowl_destination_time_decay_cabinet_init28_repeat1_success.json
time_decay,cabinet,29,0,True,79,16,0.8276467071791451,11.288349459900529,1.0,0.47646532074321063,0.9,nan,04690a8a329479d4d8480848345a724aa63fea11d15a80b9c0ba12452ddc8570,artifacts/goal_bowl_destination_steering_formal_t1_lambda2_combined/goal_bowl_destination_time_decay_cabinet_init29_repeat0_success.json
time_decay,cabinet,29,1,True,73,15,0.8003226866529906,10.64514489124858,1.0,0.49579204850382214,0.9,nan,04690a8a329479d4d8480848345a724aa63fea11d15a80b9c0ba12452ddc8570,artifacts/goal_bowl_destination_steering_formal_t1_lambda2_combined/goal_bowl_destination_time_decay_cabinet_init29_repeat1_success.json
time_decay,cabinet,2,0,True,80,16,0.8568998033399852,11.501019741294993,1.0,0.47646532074321063,0.9,nan,07647764a03683fc3d8eafa89bc50caece60c577ace27c4340a71874e202d462,artifacts/goal_bowl_destination_steering_formal_t1_lambda2_combined/goal_bowl_destination_time_decay_cabinet_init2_repeat0_success.json
time_decay,cabinet,2,1,True,83,17,0.9071288633825799,11.7193118765168,1.0,0.458267614377084,0.9,nan,07647764a03683fc3d8eafa89bc50caece60c577ace27c4340a71874e202d462,artifacts/goal_bowl_destination_steering_formal_t1_lambda2_combined/goal_bowl_destination_time_decay_cabinet_init2_repeat1_success.json
time_decay,cabinet,30,0,True,82,17,0.9163135365805894,11.567758231370144,1.0,0.458267614377084,0.9,nan,9718d315668e74039a78bb2adc1de3e0b53e4dcee9c32c1714d08c36145c94b6,artifacts/goal_bowl_destination_steering_formal_t1_lambda2_combined/goal_bowl_destination_time_decay_cabinet_init30_repeat0_success.json
time_decay,cabinet,30,1,True,82,17,0.9152756626689487,11.723933660437025,1.0,0.458267614377084,0.9,nan,9718d315668e74039a78bb2adc1de3e0b53e4dcee9c32c1714d08c36145c94b6,artifacts/goal_bowl_destination_steering_formal_t1_lambda2_combined/goal_bowl_destination_time_decay_cabinet_init30_repeat1_success.json
time_decay,cabinet,31,0,True,70,14,0.7729202210867413,9.69485377407082,1.0,0.5163323657310692,0.9,nan,f0eb1d93bc1d9eefbd14ba41baa2ec63c5ebb2fa97d3db9d9c412a3572148cd5,artifacts/goal_bowl_destination_steering_formal_t1_lambda2_combined/goal_bowl_destination_time_decay_cabinet_init31_repeat0_success.json
time_decay,cabinet,31,1,True,71,15,0.7519594232780559,10.277019275936354,1.0,0.49579204850382214,0.9,nan,f0eb1d93bc1d9eefbd14ba41baa2ec63c5ebb2fa97d3db9d9c412a3572148cd5,artifacts/goal_bowl_destination_steering_formal_t1_lambda2_combined/goal_bowl_destination_time_decay_cabinet_init31_repeat1_success.json
time_decay,cabinet,32,0,True,77,16,0.8519848032498059,11.053158963911399,1.0,0.47646532074321063,0.9,nan,324b14729b178fc48dc5fba1245e969eb9bbeecafa150b00b3211397a7c2e21a,artifacts/goal_bowl_destination_steering_formal_t1_lambda2_combined/goal_bowl_destination_time_decay_cabinet_init32_repeat0_success.json
time_decay,cabinet,32,1,True,80,16,0.839521231293033,11.811694886108654,1.0,0.47646532074321063,0.9,nan,324b14729b178fc48dc5fba1245e969eb9bbeecafa150b00b3211397a7c2e21a,artifacts/goal_bowl_destination_steering_formal_t1_lambda2_combined/goal_bowl_destination_time_decay_cabinet_init32_repeat1_success.json
time_decay,cabinet,33,0,True,78,16,0.8451995944566602,10.872746002124979,1.0,0.47646532074321063,0.9,nan,61b73a145af4f6296ffbc8cf83295fb78de2330b1a27a2e4dfae973fc06c8d36,artifacts/goal_bowl_destination_steering_formal_t1_lambda2_combined/goal_bowl_destination_time_decay_cabinet_init33_repeat0_success.json
time_decay,cabinet,33,1,True,75,15,0.8380302835400643,10.721632092519775,1.0,0.49579204850382214,0.9,nan,61b73a145af4f6296ffbc8cf83295fb78de2330b1a27a2e4dfae973fc06c8d36,artifacts/goal_bowl_destination_steering_formal_t1_lambda2_combined/goal_bowl_destination_time_decay_cabinet_init33_repeat1_success.json
time_decay,cabinet,34,0,True,85,17,0.9064680245338226,12.051644089667187,1.0,0.458267614377084,0.9,nan,e2812ea1b93d1584cfdda64f0e67062198046b92fda272f4736ee6657b17d330,artifacts/goal_bowl_destination_steering_formal_t1_lambda2_combined/goal_bowl_destination_time_decay_cabinet_init34_repeat0_success.json
time_decay,cabinet,34,1,True,94,19,0.9597811695496928,15.937167061142757,1.0,0.4249526823515005,0.9,nan,e2812ea1b93d1584cfdda64f0e67062198046b92fda272f4736ee6657b17d330,artifacts/goal_bowl_destination_steering_formal_t1_lambda2_combined/goal_bowl_destination_time_decay_cabinet_init34_repeat1_success.json
time_decay,cabinet,35,0,True,93,19,0.8391698634471607,21.380580445410565,1.0,0.4249526823515005,0.9,nan,945dfca2c6627025454ae79139af5b9f857b24499f03f7f85e65266769d2a8ea,artifacts/goal_bowl_destination_steering_formal_t1_lambda2_combined/goal_bowl_destination_time_decay_cabinet_init35_repeat0_success.json
time_decay,cabinet,35,1,True,91,19,0.8455462079016304,16.640067942698682,1.0,0.4249526823515005,0.9,nan,945dfca2c6627025454ae79139af5b9f857b24499f03f7f85e65266769d2a8ea,artifacts/goal_bowl_destination_steering_formal_t1_lambda2_combined/goal_bowl_destination_time_decay_cabinet_init35_repeat1_success.json
time_decay,cabinet,36,0,True,98,20,0.8817112770628076,14.80220923538551,1.0,0.40969649758391097,0.9,nan,af8804653dec29bf09ef1dc18c5768858ff4e9b5207c2f76108d74af46070aa1,artifacts/goal_bowl_destination_steering_formal_t1_lambda2_combined/goal_bowl_destination_time_decay_cabinet_init36_repeat0_success.json
time_decay,cabinet,36,1,True,77,16,0.8034807320469912,10.586088661170763,1.0,0.47646532074321063,0.9,nan,af8804653dec29bf09ef1dc18c5768858ff4e9b5207c2f76108d74af46070aa1,artifacts/goal_bowl_destination_steering_formal_t1_lambda2_combined/goal_bowl_destination_time_decay_cabinet_init36_repeat1_success.json
time_decay,cabinet,37,0,True,80,16,0.8351840122002623,10.401759748432372,1.0,0.47646532074321063,0.9,nan,d76d7f03d5fea2c47ae97343a16eef28909122585ae17f254a7af83435f24307,artifacts/goal_bowl_destination_steering_formal_t1_lambda2_combined/goal_bowl_destination_time_decay_cabinet_init37_repeat0_success.json
time_decay,cabinet,37,1,True,76,16,0.8074460262178034,10.29821186017634,1.0,0.47646532074321063,0.9,nan,d76d7f03d5fea2c47ae97343a16eef28909122585ae17f254a7af83435f24307,artifacts/goal_bowl_destination_steering_formal_t1_lambda2_combined/goal_bowl_destination_time_decay_cabinet_init37_repeat1_success.json
time_decay,cabinet,38,0,True,112,23,0.9907853950820669,18.682689593784428,1.0,0.36880482672885234,0.9,nan,2a6b10cd88679fcd1f74dc7d38fd2874680b79ef51c8e0bc5274559cdeba0a36,artifacts/goal_bowl_destination_steering_formal_t1_lambda2_combined/goal_bowl_destination_time_decay_cabinet_init38_repeat0_success.json
time_decay,cabinet,38,1,True,110,22,0.9787625845366499,19.02875543600159,1.0,0.3816775760864947,0.9,nan,2a6b10cd88679fcd1f74dc7d38fd2874680b79ef51c8e0bc5274559cdeba0a36,artifacts/goal_bowl_destination_steering_formal_t1_lambda2_combined/goal_bowl_destination_time_decay_cabinet_init38_repeat1_success.json
time_decay,cabinet,39,0,True,107,22,0.927897625603838,17.256805318218223,1.0,0.3816775760864947,0.9,nan,68b95c64e588d676a6ee8c4b2a0e78e1a86d73b6c9d2d22018c7994e3ad64021,artifacts/goal_bowl_destination_steering_formal_t1_lambda2_combined/goal_bowl_destination_time_decay_cabinet_init39_repeat0_success.json
time_decay,cabinet,39,1,True,109,22,0.9739573610993767,17.982995570103903,1.0,0.3816775760864947,0.9,nan,68b95c64e588d676a6ee8c4b2a0e78e1a86d73b6c9d2d22018c7994e3ad64021,artifacts/goal_bowl_destination_steering_formal_t1_lambda2_combined/goal_bowl_destination_time_decay_cabinet_init39_repeat1_success.json
time_decay,cabinet,3,0,False,300,60,1.0135348350137778,35.75983856166276,1.0,0.1522377948644213,0.9,nan,74ccae308490f1da3aa03becd3175a8f5b9d6d14a7c8d407cda4004aefd68799,artifacts/goal_bowl_destination_steering_formal_t1_lambda2_combined/goal_bowl_destination_time_decay_cabinet_init3_repeat0_failure.json
time_decay,cabinet,3,1,True,87,18,0.9351661804059878,11.766319747930911,1.0,0.4411208027664712,0.9,nan,74ccae308490f1da3aa03becd3175a8f5b9d6d14a7c8d407cda4004aefd68799,artifacts/goal_bowl_destination_steering_formal_t1_lambda2_combined/goal_bowl_destination_time_decay_cabinet_init3_repeat1_success.json
time_decay,cabinet,40,0,True,125,25,1.098112289810405,33.69389196795223,1.0,0.3450875838461729,0.9,nan,9c5b5fb4a4a0d6accf34e8481d505c31facb4c3c56828cb7ec86c9eda06ae3bb,artifacts/goal_bowl_destination_steering_formal_t1_lambda2_combined/goal_bowl_destination_time_decay_cabinet_init40_repeat0_success.json
time_decay,cabinet,40,1,True,109,22,1.0219119088522841,18.055421829283954,1.0,0.3816775760864947,0.9,nan,9c5b5fb4a4a0d6accf34e8481d505c31facb4c3c56828cb7ec86c9eda06ae3bb,artifacts/goal_bowl_destination_steering_formal_t1_lambda2_combined/goal_bowl_destination_time_decay_cabinet_init40_repeat1_success.json
time_decay,cabinet,41,0,True,76,16,0.827703741611435,9.92665831675423,1.0,0.47646532074321063,0.9,nan,edd6d06d90f10ef8e0b62dbcff76dc6a4ce864589ac6aae93cefb2d121581ccd,artifacts/goal_bowl_destination_steering_formal_t1_lambda2_combined/goal_bowl_destination_time_decay_cabinet_init41_repeat0_success.json
time_decay,cabinet,41,1,True,73,15,0.7856480990782891,9.518155128432888,1.0,0.49579204850382214,0.9,nan,edd6d06d90f10ef8e0b62dbcff76dc6a4ce864589ac6aae93cefb2d121581ccd,artifacts/goal_bowl_destination_steering_formal_t1_lambda2_combined/goal_bowl_destination_time_decay_cabinet_init41_repeat1_success.json
time_decay,cabinet,42,0,True,89,18,0.965201678614935,12.934024049081096,1.0,0.4411208027664712,0.9,nan,f74b8a3a12f0050082ddb338e8dba356c64dab1568df68a4244be0f6b9c7d80f,artifacts/goal_bowl_destination_steering_formal_t1_lambda2_combined/goal_bowl_destination_time_decay_cabinet_init42_repeat0_success.json
time_decay,cabinet,42,1,True,82,17,0.8739027157920279,10.90511436687262,1.0,0.458267614377084,0.9,nan,f74b8a3a12f0050082ddb338e8dba356c64dab1568df68a4244be0f6b9c7d80f,artifacts/goal_bowl_destination_steering_formal_t1_lambda2_combined/goal_bowl_destination_time_decay_cabinet_init42_repeat1_success.json
time_decay,cabinet,43,0,False,300,60,0.7662994889667274,34.48220317417049,1.0,0.1522377948644213,0.9,nan,020ac5a1be49c80a8c8b309386b59eb6166c069aba2ef11217e990b03f1fd91d,artifacts/goal_bowl_destination_steering_formal_t1_lambda2_combined/goal_bowl_destination_time_decay_cabinet_init43_repeat0_failure.json
time_decay,cabinet,43,1,True,72,15,0.7119454973714809,9.684832309849504,1.0,0.49579204850382214,0.9,nan,020ac5a1be49c80a8c8b309386b59eb6166c069aba2ef11217e990b03f1fd91d,artifacts/goal_bowl_destination_steering_formal_t1_lambda2_combined/goal_bowl_destination_time_decay_cabinet_init43_repeat1_success.json
time_decay,cabinet,44,0,True,76,16,0.8285976624206688,10.691751889335785,1.0,0.47646532074321063,0.9,nan,4d10ceaa18c70ad0d99146527023cb48672d04c87d7a110e1207f14f99b9ed81,artifacts/goal_bowl_destination_steering_formal_t1_lambda2_combined/goal_bowl_destination_time_decay_cabinet_init44_repeat0_success.json
time_decay,cabinet,44,1,True,76,16,0.843318209255745,10.75689453644738,1.0,0.47646532074321063,0.9,nan,4d10ceaa18c70ad0d99146527023cb48672d04c87d7a110e1207f14f99b9ed81,artifacts/goal_bowl_destination_steering_formal_t1_lambda2_combined/goal_bowl_destination_time_decay_cabinet_init44_repeat1_success.json
time_decay,cabinet,45,0,True,78,16,0.8221441209302343,10.981124599458553,1.0,0.47646532074321063,0.9,nan,863dbb9318777a1f5abd0107bd1fd2131403e996a836949a900a6daeb3ee88d4,artifacts/goal_bowl_destination_steering_formal_t1_lambda2_combined/goal_bowl_destination_time_decay_cabinet_init45_repeat0_success.json
time_decay,cabinet,45,1,True,77,16,0.8046267379666169,10.781273186410429,1.0,0.47646532074321063,0.9,nan,863dbb9318777a1f5abd0107bd1fd2131403e996a836949a900a6daeb3ee88d4,artifacts/goal_bowl_destination_steering_formal_t1_lambda2_combined/goal_bowl_destination_time_decay_cabinet_init45_repeat1_success.json
time_decay,cabinet,46,0,True,75,15,0.8197430268041945,10.55585775312553,1.0,0.49579204850382214,0.9,nan,381a1965c57a0f37a00c739f4ceb99ec40d8e0e73716d8a227134b2ca8e6d462,artifacts/goal_bowl_destination_steering_formal_t1_lambda2_combined/goal_bowl_destination_time_decay_cabinet_init46_repeat0_success.json
time_decay,cabinet,46,1,True,80,16,0.8466616164378803,10.526826581148805,1.0,0.47646532074321063,0.9,nan,381a1965c57a0f37a00c739f4ceb99ec40d8e0e73716d8a227134b2ca8e6d462,artifacts/goal_bowl_destination_steering_formal_t1_lambda2_combined/goal_bowl_destination_time_decay_cabinet_init46_repeat1_success.json
time_decay,cabinet,47,0,True,84,17,0.8708879889120319,9.980027881171061,1.0,0.458267614377084,0.9,nan,bb1226460e01343913836b28c9b815429fd61222acb8ff8bb130841f721786fd,artifacts/goal_bowl_destination_steering_formal_t1_lambda2_combined/goal_bowl_destination_time_decay_cabinet_init47_repeat0_success.json
time_decay,cabinet,47,1,True,82,17,0.8666206508932809,10.004074790106921,1.0,0.458267614377084,0.9,nan,bb1226460e01343913836b28c9b815429fd61222acb8ff8bb130841f721786fd,artifacts/goal_bowl_destination_steering_formal_t1_lambda2_combined/goal_bowl_destination_time_decay_cabinet_init47_repeat1_success.json
time_decay,cabinet,48,0,True,108,22,0.9363395302355879,18.086962505568582,1.0,0.3816775760864947,0.9,nan,18d3cff932758062f0e5fa19ce2103e943f08c0ed4952964e4ef48ae095b3a9e,artifacts/goal_bowl_destination_steering_formal_t1_lambda2_combined/goal_bowl_destination_time_decay_cabinet_init48_repeat0_success.json
time_decay,cabinet,48,1,True,183,37,1.307074258750228,37.68935207645518,1.0,0.2443679001137652,0.9,nan,18d3cff932758062f0e5fa19ce2103e943f08c0ed4952964e4ef48ae095b3a9e,artifacts/goal_bowl_destination_steering_formal_t1_lambda2_combined/goal_bowl_destination_time_decay_cabinet_init48_repeat1_success.json
time_decay,cabinet,49,0,True,93,19,0.965347786722259,11.49213963590401,1.0,0.4249526823515005,0.9,nan,ce71b0cf7cd5719991794bc42ddc6bb5f9f21d17404c865970188525831b8f3f,artifacts/goal_bowl_destination_steering_formal_t1_lambda2_combined/goal_bowl_destination_time_decay_cabinet_init49_repeat0_success.json
time_decay,cabinet,49,1,True,92,19,0.9663924823552457,12.098591983869946,1.0,0.4249526823515005,0.9,nan,ce71b0cf7cd5719991794bc42ddc6bb5f9f21d17404c865970188525831b8f3f,artifacts/goal_bowl_destination_steering_formal_t1_lambda2_combined/goal_bowl_destination_time_decay_cabinet_init49_repeat1_success.json
time_decay,cabinet,4,0,True,80,16,0.8410291588537946,10.934298228656841,1.0,0.47646532074321063,0.9,nan,8748abf02fa82a0ccf84c6edd6046d278ce3948aa9ea574f4c72608e6d3f5aea,artifacts/goal_bowl_destination_steering_formal_t1_lambda2_combined/goal_bowl_destination_time_decay_cabinet_init4_repeat0_success.json
time_decay,cabinet,4,1,True,74,15,0.788053836245778,11.759281704983263,1.0,0.49579204850382214,0.9,nan,8748abf02fa82a0ccf84c6edd6046d278ce3948aa9ea574f4c72608e6d3f5aea,artifacts/goal_bowl_destination_steering_formal_t1_lambda2_combined/goal_bowl_destination_time_decay_cabinet_init4_repeat1_success.json
time_decay,cabinet,5,0,True,70,14,0.7724637146571225,10.079863640002094,1.0,0.5163323657310692,0.9,nan,db55836b3fa3a38e92dcd65480a54dd73569d3eee3160a6357e187db05a62c1d,artifacts/goal_bowl_destination_steering_formal_t1_lambda2_combined/goal_bowl_destination_time_decay_cabinet_init5_repeat0_success.json
time_decay,cabinet,5,1,False,300,60,1.9974840813937929,52.39285362555388,1.0,0.1522377948644213,0.9,nan,db55836b3fa3a38e92dcd65480a54dd73569d3eee3160a6357e187db05a62c1d,artifacts/goal_bowl_destination_steering_formal_t1_lambda2_combined/goal_bowl_destination_time_decay_cabinet_init5_repeat1_failure.json
time_decay,cabinet,6,0,True,79,16,0.8398831904889016,10.969704862338784,1.0,0.47646532074321063,0.9,nan,08bccb5245ef1786c860b08ad293254c08bc853bb020be2ee9c3d9bd6cea51df,artifacts/goal_bowl_destination_steering_formal_t1_lambda2_combined/goal_bowl_destination_time_decay_cabinet_init6_repeat0_success.json
time_decay,cabinet,6,1,True,103,21,0.9433805854039762,17.58950029495216,1.0,0.3952905054342439,0.9,nan,08bccb5245ef1786c860b08ad293254c08bc853bb020be2ee9c3d9bd6cea51df,artifacts/goal_bowl_destination_steering_formal_t1_lambda2_combined/goal_bowl_destination_time_decay_cabinet_init6_repeat1_success.json
time_decay,cabinet,7,0,True,81,17,0.8657941415321702,12.233725332556034,1.0,0.458267614377084,0.9,nan,2d31485544883555816a362896526655501fb74e77e3e81ee15bc4aa1b383da8,artifacts/goal_bowl_destination_steering_formal_t1_lambda2_combined/goal_bowl_destination_time_decay_cabinet_init7_repeat0_success.json
time_decay,cabinet,7,1,True,80,16,0.8701179248573343,11.75991520921544,1.0,0.47646532074321063,0.9,nan,2d31485544883555816a362896526655501fb74e77e3e81ee15bc4aa1b383da8,artifacts/goal_bowl_destination_steering_formal_t1_lambda2_combined/goal_bowl_destination_time_decay_cabinet_init7_repeat1_success.json
time_decay,cabinet,8,0,True,77,16,0.8499652439075862,9.783456379896814,1.0,0.47646532074321063,0.9,nan,7d7bacc44a7528ac627221b2742307a0f48c5b807a850273c138d3fc81c54640,artifacts/goal_bowl_destination_steering_formal_t1_lambda2_combined/goal_bowl_destination_time_decay_cabinet_init8_repeat0_success.json
time_decay,cabinet,8,1,True,76,16,0.8314425334005962,9.609201760554875,1.0,0.47646532074321063,0.9,nan,7d7bacc44a7528ac627221b2742307a0f48c5b807a850273c138d3fc81c54640,artifacts/goal_bowl_destination_steering_formal_t1_lambda2_combined/goal_bowl_destination_time_decay_cabinet_init8_repeat1_success.json
time_decay,cabinet,9,0,True,83,17,0.8881827938145543,11.590085467939922,1.0,0.458267614377084,0.9,nan,a09237ab8244c5b1fdb40814eea337b511411cc03dc329aa719df31bccd7907d,artifacts/goal_bowl_destination_steering_formal_t1_lambda2_combined/goal_bowl_destination_time_decay_cabinet_init9_repeat0_success.json
time_decay,cabinet,9,1,True,80,16,0.8564290200547017,11.495938031846562,1.0,0.47646532074321063,0.9,nan,a09237ab8244c5b1fdb40814eea337b511411cc03dc329aa719df31bccd7907d,artifacts/goal_bowl_destination_steering_formal_t1_lambda2_combined/goal_bowl_destination_time_decay_cabinet_init9_repeat1_success.json
time_decay,plate,0,0,True,78,16,0.6819691452931232,12.913540750982403,1.0,0.47646532074321063,0.9,nan,321cf4080ba7eacc140b241b4a44419ecb98aefa3d18d49945df6867584aa9b5,artifacts/goal_bowl_destination_steering_formal_t1_lambda2_combined/goal_bowl_destination_time_decay_plate_init0_repeat0_success.json
time_decay,plate,0,1,True,76,16,0.6849158735914076,11.838629028417852,1.0,0.47646532074321063,0.9,nan,321cf4080ba7eacc140b241b4a44419ecb98aefa3d18d49945df6867584aa9b5,artifacts/goal_bowl_destination_steering_formal_t1_lambda2_combined/goal_bowl_destination_time_decay_plate_init0_repeat1_success.json
time_decay,plate,10,0,True,72,15,0.6980936669753559,11.57388645931475,1.0,0.49579204850382214,0.9,nan,aa497633046432954b9db128392fc055acdc582e59fd8d079fa71e23ea46a747,artifacts/goal_bowl_destination_steering_formal_t1_lambda2_combined/goal_bowl_destination_time_decay_plate_init10_repeat0_success.json
time_decay,plate,10,1,True,73,15,0.6960986093749111,12.035707312243481,1.0,0.49579204850382214,0.9,nan,aa497633046432954b9db128392fc055acdc582e59fd8d079fa71e23ea46a747,artifacts/goal_bowl_destination_steering_formal_t1_lambda2_combined/goal_bowl_destination_time_decay_plate_init10_repeat1_success.json
time_decay,plate,11,0,True,71,15,0.6818484454730562,12.07906580934468,1.0,0.49579204850382214,0.9,nan,ee8bf9f07fab13908afd71636d89f1496174e9910c659f06e467e5c86064fb92,artifacts/goal_bowl_destination_steering_formal_t1_lambda2_combined/goal_bowl_destination_time_decay_plate_init11_repeat0_success.json
time_decay,plate,11,1,True,72,15,0.6982709222308395,11.488347985962797,1.0,0.49579204850382214,0.9,nan,ee8bf9f07fab13908afd71636d89f1496174e9910c659f06e467e5c86064fb92,artifacts/goal_bowl_destination_steering_formal_t1_lambda2_combined/goal_bowl_destination_time_decay_plate_init11_repeat1_success.json
time_decay,plate,12,0,True,82,17,0.7208005832604645,12.093613148164513,1.0,0.458267614377084,0.9,nan,ba0f137def3da13922b741cf35666f5c9a97e5cf8013bf27ec4d3f62bb319fe8,artifacts/goal_bowl_destination_steering_formal_t1_lambda2_combined/goal_bowl_destination_time_decay_plate_init12_repeat0_success.json
time_decay,plate,12,1,True,74,15,0.6663737080445423,12.166864034396465,1.0,0.49579204850382214,0.9,nan,ba0f137def3da13922b741cf35666f5c9a97e5cf8013bf27ec4d3f62bb319fe8,artifacts/goal_bowl_destination_steering_formal_t1_lambda2_combined/goal_bowl_destination_time_decay_plate_init12_repeat1_success.json
time_decay,plate,13,0,True,98,20,0.7701669997575539,10.923790615257833,1.0,0.40969649758391097,0.9,nan,53d47afde021fbf8db3c829b1a40c30bef70dfd468106738eedb2098efb7362b,artifacts/goal_bowl_destination_steering_formal_t1_lambda2_combined/goal_bowl_destination_time_decay_plate_init13_repeat0_success.json
time_decay,plate,13,1,True,98,20,0.8058776576996657,11.332869763507938,1.0,0.40969649758391097,0.9,nan,53d47afde021fbf8db3c829b1a40c30bef70dfd468106738eedb2098efb7362b,artifacts/goal_bowl_destination_steering_formal_t1_lambda2_combined/goal_bowl_destination_time_decay_plate_init13_repeat1_success.json
time_decay,plate,14,0,True,78,16,0.6310345238459282,12.199311989014083,1.0,0.47646532074321063,0.9,nan,ebc26ccdeb1c35b101ab77d92748fdc9eb8110ad6ebf9be10a3b3ebc0276dda4,artifacts/goal_bowl_destination_steering_formal_t1_lambda2_combined/goal_bowl_destination_time_decay_plate_init14_repeat0_success.json
time_decay,plate,14,1,True,79,16,0.6632660687461459,12.555083043610352,1.0,0.47646532074321063,0.9,nan,ebc26ccdeb1c35b101ab77d92748fdc9eb8110ad6ebf9be10a3b3ebc0276dda4,artifacts/goal_bowl_destination_steering_formal_t1_lambda2_combined/goal_bowl_destination_time_decay_plate_init14_repeat1_success.json
time_decay,plate,15,0,True,77,16,0.7141811677031376,11.70479745252858,1.0,0.47646532074321063,0.9,nan,4b4fcae42ad528e64400b10e5fdad5e5c1a829d38c2e66d2f9ab10b9a08b09ea,artifacts/goal_bowl_destination_steering_formal_t1_lambda2_combined/goal_bowl_destination_time_decay_plate_init15_repeat0_success.json
time_decay,plate,15,1,True,72,15,0.6635485401864363,11.392893002110528,1.0,0.49579204850382214,0.9,nan,4b4fcae42ad528e64400b10e5fdad5e5c1a829d38c2e66d2f9ab10b9a08b09ea,artifacts/goal_bowl_destination_steering_formal_t1_lambda2_combined/goal_bowl_destination_time_decay_plate_init15_repeat1_success.json
time_decay,plate,16,0,True,88,18,0.6721851443535587,10.324976176599932,1.0,0.4411208027664712,0.9,nan,cbde56991480f83fb2b0fff4894a024bd1cf120e5788c34480e7c17568adf9f5,artifacts/goal_bowl_destination_steering_formal_t1_lambda2_combined/goal_bowl_destination_time_decay_plate_init16_repeat0_success.json
time_decay,plate,16,1,True,109,22,0.7283524938890147,11.115213881121667,1.0,0.3816775760864947,0.9,nan,cbde56991480f83fb2b0fff4894a024bd1cf120e5788c34480e7c17568adf9f5,artifacts/goal_bowl_destination_steering_formal_t1_lambda2_combined/goal_bowl_destination_time_decay_plate_init16_repeat1_success.json
time_decay,plate,17,0,True,82,17,0.6806342307626788,11.278394085480432,1.0,0.458267614377084,0.9,nan,8a2304c76cf05364394a5e9e8205494645e8dcf034b756638103c488f013dd7b,artifacts/goal_bowl_destination_steering_formal_t1_lambda2_combined/goal_bowl_destination_time_decay_plate_init17_repeat0_success.json
time_decay,plate,17,1,True,79,16,0.6688974228332603,11.95957649721723,1.0,0.47646532074321063,0.9,nan,8a2304c76cf05364394a5e9e8205494645e8dcf034b756638103c488f013dd7b,artifacts/goal_bowl_destination_steering_formal_t1_lambda2_combined/goal_bowl_destination_time_decay_plate_init17_repeat1_success.json
time_decay,plate,18,0,True,75,15,0.6890007631147211,11.907584828391268,1.0,0.49579204850382214,0.9,nan,20b5a7abdfe49e34d1bc7b984f6667aaf5631112a5fee0525edf55061c50589c,artifacts/goal_bowl_destination_steering_formal_t1_lambda2_combined/goal_bowl_destination_time_decay_plate_init18_repeat0_success.json
time_decay,plate,18,1,True,74,15,0.672678352186925,12.255752476729565,1.0,0.49579204850382214,0.9,nan,20b5a7abdfe49e34d1bc7b984f6667aaf5631112a5fee0525edf55061c50589c,artifacts/goal_bowl_destination_steering_formal_t1_lambda2_combined/goal_bowl_destination_time_decay_plate_init18_repeat1_success.json
time_decay,plate,19,0,True,79,16,0.6895736818060946,11.713508240067656,1.0,0.47646532074321063,0.9,nan,7dcbc894b187bcfa06789df1e7c8751e18acfbc84e35c9244515594035b4bd25,artifacts/goal_bowl_destination_steering_formal_t1_lambda2_combined/goal_bowl_destination_time_decay_plate_init19_repeat0_success.json
time_decay,plate,19,1,True,75,15,0.6815304203372703,11.933544749608739,1.0,0.49579204850382214,0.9,nan,7dcbc894b187bcfa06789df1e7c8751e18acfbc84e35c9244515594035b4bd25,artifacts/goal_bowl_destination_steering_formal_t1_lambda2_combined/goal_bowl_destination_time_decay_plate_init19_repeat1_success.json
time_decay,plate,1,0,True,78,16,0.7261616363193683,12.013624222136476,1.0,0.47646532074321063,0.9,nan,b2a6ae4dc26730f9ae1060fbebdc279e7273c39b0f8f528ef8c5b03f64aeaf2e,artifacts/goal_bowl_destination_steering_formal_t1_lambda2_combined/goal_bowl_destination_time_decay_plate_init1_repeat0_success.json
time_decay,plate,1,1,True,75,15,0.7251497762729208,11.621655859374128,1.0,0.49579204850382214,0.9,nan,b2a6ae4dc26730f9ae1060fbebdc279e7273c39b0f8f528ef8c5b03f64aeaf2e,artifacts/goal_bowl_destination_steering_formal_t1_lambda2_combined/goal_bowl_destination_time_decay_plate_init1_repeat1_success.json
time_decay,plate,20,0,True,85,17,0.7379885644533181,12.511509059181666,1.0,0.458267614377084,0.9,nan,2c8ce6339efb5d14c08e62c4fa248d76367d939f37814ec1105a3d7a45c0ff48,artifacts/goal_bowl_destination_steering_formal_t1_lambda2_combined/goal_bowl_destination_time_decay_plate_init20_repeat0_success.json
time_decay,plate,20,1,True,81,17,0.6951023745157948,11.688653491358725,1.0,0.458267614377084,0.9,nan,2c8ce6339efb5d14c08e62c4fa248d76367d939f37814ec1105a3d7a45c0ff48,artifacts/goal_bowl_destination_steering_formal_t1_lambda2_combined/goal_bowl_destination_time_decay_plate_init20_repeat1_success.json
time_decay,plate,21,0,True,80,16,0.6830751944831291,10.846987530446729,1.0,0.47646532074321063,0.9,nan,1e339873f947d4284382d878fb78ef735faa1f80b434ccb3960a2ad3799e2b6a,artifacts/goal_bowl_destination_steering_formal_t1_lambda2_combined/goal_bowl_destination_time_decay_plate_init21_repeat0_success.json
time_decay,plate,21,1,True,79,16,0.6761239102583656,11.667551593586625,1.0,0.47646532074321063,0.9,nan,1e339873f947d4284382d878fb78ef735faa1f80b434ccb3960a2ad3799e2b6a,artifacts/goal_bowl_destination_steering_formal_t1_lambda2_combined/goal_bowl_destination_time_decay_plate_init21_repeat1_success.json
time_decay,plate,22,0,True,72,15,0.6430003427474165,11.890023338971979,1.0,0.49579204850382214,0.9,nan,d704b948ebd4a1fa7a2bebe64f5203edc302aa66e7069a15b9098b813260b27a,artifacts/goal_bowl_destination_steering_formal_t1_lambda2_combined/goal_bowl_destination_time_decay_plate_init22_repeat0_success.json
time_decay,plate,22,1,True,74,15,0.6516039875699041,12.05992240245858,1.0,0.49579204850382214,0.9,nan,d704b948ebd4a1fa7a2bebe64f5203edc302aa66e7069a15b9098b813260b27a,artifacts/goal_bowl_destination_steering_formal_t1_lambda2_combined/goal_bowl_destination_time_decay_plate_init22_repeat1_success.json
time_decay,plate,23,0,True,73,15,0.6827361798258245,11.49392100074328,1.0,0.49579204850382214,0.9,nan,40fef409968f1f9484983ce0b73de4ee38068ac73c75c707e22fb07202d34164,artifacts/goal_bowl_destination_steering_formal_t1_lambda2_combined/goal_bowl_destination_time_decay_plate_init23_repeat0_success.json
time_decay,plate,23,1,True,75,15,0.6960195577145165,11.950341921673315,1.0,0.49579204850382214,0.9,nan,40fef409968f1f9484983ce0b73de4ee38068ac73c75c707e22fb07202d34164,artifacts/goal_bowl_destination_steering_formal_t1_lambda2_combined/goal_bowl_destination_time_decay_plate_init23_repeat1_success.json
time_decay,plate,24,0,True,72,15,0.692599124724848,12.269037524553804,1.0,0.49579204850382214,0.9,nan,2d2401e65d71bb766f9eb2ccaab4525c0d033512c35b523dc5f3a07be8553de6,artifacts/goal_bowl_destination_steering_formal_t1_lambda2_combined/goal_bowl_destination_time_decay_plate_init24_repeat0_success.json
time_decay,plate,24,1,True,70,14,0.6679375158303363,11.272140054295816,1.0,0.5163323657310692,0.9,nan,2d2401e65d71bb766f9eb2ccaab4525c0d033512c35b523dc5f3a07be8553de6,artifacts/goal_bowl_destination_steering_formal_t1_lambda2_combined/goal_bowl_destination_time_decay_plate_init24_repeat1_success.json
time_decay,plate,25,0,True,74,15,0.690148063739545,11.974801552756137,1.0,0.49579204850382214,0.9,nan,91ac2ade5367f97e1d7dbcf47d4ee332a2eab34da7223f38600c869921247d34,artifacts/goal_bowl_destination_steering_formal_t1_lambda2_combined/goal_bowl_destination_time_decay_plate_init25_repeat0_success.json
time_decay,plate,25,1,True,72,15,0.6811433131968371,11.698698197473844,1.0,0.49579204850382214,0.9,nan,91ac2ade5367f97e1d7dbcf47d4ee332a2eab34da7223f38600c869921247d34,artifacts/goal_bowl_destination_steering_formal_t1_lambda2_combined/goal_bowl_destination_time_decay_plate_init25_repeat1_success.json
time_decay,plate,26,0,True,78,16,0.7373230631786972,12.949862128036024,1.0,0.47646532074321063,0.9,nan,8fe55c120b6602d2bc32f3135b2761b80e9cb4e2f3136490ab31d5e3dc97c034,artifacts/goal_bowl_destination_steering_formal_t1_lambda2_combined/goal_bowl_destination_time_decay_plate_init26_repeat0_success.json
time_decay,plate,26,1,True,72,15,0.7073002855319017,11.673458850757518,1.0,0.49579204850382214,0.9,nan,8fe55c120b6602d2bc32f3135b2761b80e9cb4e2f3136490ab31d5e3dc97c034,artifacts/goal_bowl_destination_steering_formal_t1_lambda2_combined/goal_bowl_destination_time_decay_plate_init26_repeat1_success.json
time_decay,plate,27,0,True,81,17,0.6700652419105878,12.794310512275105,1.0,0.458267614377084,0.9,nan,92cb347463c11d42d02fa394f066da26760a126fa20afe31fb8f6a32d600c210,artifacts/goal_bowl_destination_steering_formal_t1_lambda2_combined/goal_bowl_destination_time_decay_plate_init27_repeat0_success.json
time_decay,plate,27,1,True,80,16,0.6493146592782368,12.80973983870115,1.0,0.47646532074321063,0.9,nan,92cb347463c11d42d02fa394f066da26760a126fa20afe31fb8f6a32d600c210,artifacts/goal_bowl_destination_steering_formal_t1_lambda2_combined/goal_bowl_destination_time_decay_plate_init27_repeat1_success.json
time_decay,plate,28,0,True,86,18,0.7786020669047989,11.008104240647029,1.0,0.4411208027664712,0.9,nan,5998264c36a9638a4db2c494e6d2c0022f632f81da691017f90cf7c1e202bef0,artifacts/goal_bowl_destination_steering_formal_t1_lambda2_combined/goal_bowl_destination_time_decay_plate_init28_repeat0_success.json
time_decay,plate,28,1,True,80,16,0.7190208200756798,11.31757739546318,1.0,0.47646532074321063,0.9,nan,5998264c36a9638a4db2c494e6d2c0022f632f81da691017f90cf7c1e202bef0,artifacts/goal_bowl_destination_steering_formal_t1_lambda2_combined/goal_bowl_destination_time_decay_plate_init28_repeat1_success.json
time_decay,plate,29,0,False,300,60,1.4527058684528793,49.64575994464054,1.0,0.1522377948644213,0.9,nan,04690a8a329479d4d8480848345a724aa63fea11d15a80b9c0ba12452ddc8570,artifacts/goal_bowl_destination_steering_formal_t1_lambda2_combined/goal_bowl_destination_time_decay_plate_init29_repeat0_failure.json
time_decay,plate,29,1,True,73,15,0.6812403812189392,11.539702804828082,1.0,0.49579204850382214,0.9,nan,04690a8a329479d4d8480848345a724aa63fea11d15a80b9c0ba12452ddc8570,artifacts/goal_bowl_destination_steering_formal_t1_lambda2_combined/goal_bowl_destination_time_decay_plate_init29_repeat1_success.json
time_decay,plate,2,0,True,81,17,0.7043028428612309,11.510019618111926,1.0,0.458267614377084,0.9,nan,07647764a03683fc3d8eafa89bc50caece60c577ace27c4340a71874e202d462,artifacts/goal_bowl_destination_steering_formal_t1_lambda2_combined/goal_bowl_destination_time_decay_plate_init2_repeat0_success.json
time_decay,plate,2,1,True,77,16,0.6670973301296526,11.323990487027205,1.0,0.47646532074321063,0.9,nan,07647764a03683fc3d8eafa89bc50caece60c577ace27c4340a71874e202d462,artifacts/goal_bowl_destination_steering_formal_t1_lambda2_combined/goal_bowl_destination_time_decay_plate_init2_repeat1_success.json
time_decay,plate,30,0,True,76,16,0.6621246132231199,11.21655298902215,1.0,0.47646532074321063,0.9,nan,9718d315668e74039a78bb2adc1de3e0b53e4dcee9c32c1714d08c36145c94b6,artifacts/goal_bowl_destination_steering_formal_t1_lambda2_combined/goal_bowl_destination_time_decay_plate_init30_repeat0_success.json
time_decay,plate,30,1,True,74,15,0.6261028723477641,11.557469858768695,1.0,0.49579204850382214,0.9,nan,9718d315668e74039a78bb2adc1de3e0b53e4dcee9c32c1714d08c36145c94b6,artifacts/goal_bowl_destination_steering_formal_t1_lambda2_combined/goal_bowl_destination_time_decay_plate_init30_repeat1_success.json
time_decay,plate,31,0,True,77,16,0.7094313980550739,12.444552057224017,1.0,0.47646532074321063,0.9,nan,f0eb1d93bc1d9eefbd14ba41baa2ec63c5ebb2fa97d3db9d9c412a3572148cd5,artifacts/goal_bowl_destination_steering_formal_t1_lambda2_combined/goal_bowl_destination_time_decay_plate_init31_repeat0_success.json
time_decay,plate,31,1,True,75,15,0.716403608395313,12.20999896414295,1.0,0.49579204850382214,0.9,nan,f0eb1d93bc1d9eefbd14ba41baa2ec63c5ebb2fa97d3db9d9c412a3572148cd5,artifacts/goal_bowl_destination_steering_formal_t1_lambda2_combined/goal_bowl_destination_time_decay_plate_init31_repeat1_success.json
time_decay,plate,32,0,True,113,23,0.967516570024186,20.17691936492924,1.0,0.36880482672885234,0.9,nan,324b14729b178fc48dc5fba1245e969eb9bbeecafa150b00b3211397a7c2e21a,artifacts/goal_bowl_destination_steering_formal_t1_lambda2_combined/goal_bowl_destination_time_decay_plate_init32_repeat0_success.json
time_decay,plate,32,1,True,82,17,0.677657770917335,11.664144197010787,1.0,0.458267614377084,0.9,nan,324b14729b178fc48dc5fba1245e969eb9bbeecafa150b00b3211397a7c2e21a,artifacts/goal_bowl_destination_steering_formal_t1_lambda2_combined/goal_bowl_destination_time_decay_plate_init32_repeat1_success.json
time_decay,plate,33,0,True,71,15,0.643875253028855,11.674084724359794,1.0,0.49579204850382214,0.9,nan,61b73a145af4f6296ffbc8cf83295fb78de2330b1a27a2e4dfae973fc06c8d36,artifacts/goal_bowl_destination_steering_formal_t1_lambda2_combined/goal_bowl_destination_time_decay_plate_init33_repeat0_success.json
time_decay,plate,33,1,True,68,14,0.6284674135694072,11.48298422069542,1.0,0.5163323657310692,0.9,nan,61b73a145af4f6296ffbc8cf83295fb78de2330b1a27a2e4dfae973fc06c8d36,artifacts/goal_bowl_destination_steering_formal_t1_lambda2_combined/goal_bowl_destination_time_decay_plate_init33_repeat1_success.json
time_decay,plate,34,0,True,80,16,0.6718702865096222,12.839555848202815,1.0,0.47646532074321063,0.9,nan,e2812ea1b93d1584cfdda64f0e67062198046b92fda272f4736ee6657b17d330,artifacts/goal_bowl_destination_steering_formal_t1_lambda2_combined/goal_bowl_destination_time_decay_plate_init34_repeat0_success.json
time_decay,plate,34,1,True,81,17,0.681107219550646,12.96239039196562,1.0,0.458267614377084,0.9,nan,e2812ea1b93d1584cfdda64f0e67062198046b92fda272f4736ee6657b17d330,artifacts/goal_bowl_destination_steering_formal_t1_lambda2_combined/goal_bowl_destination_time_decay_plate_init34_repeat1_success.json
time_decay,plate,35,0,True,72,15,0.6429445871680808,11.962213923362649,1.0,0.49579204850382214,0.9,nan,945dfca2c6627025454ae79139af5b9f857b24499f03f7f85e65266769d2a8ea,artifacts/goal_bowl_destination_steering_formal_t1_lambda2_combined/goal_bowl_destination_time_decay_plate_init35_repeat0_success.json
time_decay,plate,35,1,True,75,15,0.6248517258859007,12.531021406873947,1.0,0.49579204850382214,0.9,nan,945dfca2c6627025454ae79139af5b9f857b24499f03f7f85e65266769d2a8ea,artifacts/goal_bowl_destination_steering_formal_t1_lambda2_combined/goal_bowl_destination_time_decay_plate_init35_repeat1_success.json
time_decay,plate,36,0,True,77,16,0.6989292941502677,11.75592031496365,1.0,0.47646532074321063,0.9,nan,af8804653dec29bf09ef1dc18c5768858ff4e9b5207c2f76108d74af46070aa1,artifacts/goal_bowl_destination_steering_formal_t1_lambda2_combined/goal_bowl_destination_time_decay_plate_init36_repeat0_success.json
time_decay,plate,36,1,True,74,15,0.6759007507975706,11.478793724429373,1.0,0.49579204850382214,0.9,nan,af8804653dec29bf09ef1dc18c5768858ff4e9b5207c2f76108d74af46070aa1,artifacts/goal_bowl_destination_steering_formal_t1_lambda2_combined/goal_bowl_destination_time_decay_plate_init36_repeat1_success.json
time_decay,plate,37,0,True,74,15,0.6651061904299449,11.184426754469907,1.0,0.49579204850382214,0.9,nan,d76d7f03d5fea2c47ae97343a16eef28909122585ae17f254a7af83435f24307,artifacts/goal_bowl_destination_steering_formal_t1_lambda2_combined/goal_bowl_destination_time_decay_plate_init37_repeat0_success.json
time_decay,plate,37,1,True,75,15,0.662358772062794,11.325061265452963,1.0,0.49579204850382214,0.9,nan,d76d7f03d5fea2c47ae97343a16eef28909122585ae17f254a7af83435f24307,artifacts/goal_bowl_destination_steering_formal_t1_lambda2_combined/goal_bowl_destination_time_decay_plate_init37_repeat1_success.json
time_decay,plate,38,0,True,78,16,0.6701986608139097,12.601139754336899,1.0,0.47646532074321063,0.9,nan,2a6b10cd88679fcd1f74dc7d38fd2874680b79ef51c8e0bc5274559cdeba0a36,artifacts/goal_bowl_destination_steering_formal_t1_lambda2_combined/goal_bowl_destination_time_decay_plate_init38_repeat0_success.json
time_decay,plate,38,1,True,73,15,0.6513738674187824,12.569133245776909,1.0,0.49579204850382214,0.9,nan,2a6b10cd88679fcd1f74dc7d38fd2874680b79ef51c8e0bc5274559cdeba0a36,artifacts/goal_bowl_destination_steering_formal_t1_lambda2_combined/goal_bowl_destination_time_decay_plate_init38_repeat1_success.json
time_decay,plate,39,0,True,78,16,0.7346780809369894,12.348172407684082,1.0,0.47646532074321063,0.9,nan,68b95c64e588d676a6ee8c4b2a0e78e1a86d73b6c9d2d22018c7994e3ad64021,artifacts/goal_bowl_destination_steering_formal_t1_lambda2_combined/goal_bowl_destination_time_decay_plate_init39_repeat0_success.json
time_decay,plate,39,1,True,71,15,0.6708079040045404,12.028844952302238,1.0,0.49579204850382214,0.9,nan,68b95c64e588d676a6ee8c4b2a0e78e1a86d73b6c9d2d22018c7994e3ad64021,artifacts/goal_bowl_destination_steering_formal_t1_lambda2_combined/goal_bowl_destination_time_decay_plate_init39_repeat1_success.json
time_decay,plate,3,0,True,77,16,0.7053328263292045,12.380297246571288,1.0,0.47646532074321063,0.9,nan,74ccae308490f1da3aa03becd3175a8f5b9d6d14a7c8d407cda4004aefd68799,artifacts/goal_bowl_destination_steering_formal_t1_lambda2_combined/goal_bowl_destination_time_decay_plate_init3_repeat0_success.json
time_decay,plate,3,1,True,77,16,0.6958566114045814,12.341928981083333,1.0,0.47646532074321063,0.9,nan,74ccae308490f1da3aa03becd3175a8f5b9d6d14a7c8d407cda4004aefd68799,artifacts/goal_bowl_destination_steering_formal_t1_lambda2_combined/goal_bowl_destination_time_decay_plate_init3_repeat1_success.json
time_decay,plate,40,0,True,74,15,0.681749152233729,11.800274315841673,1.0,0.49579204850382214,0.9,nan,9c5b5fb4a4a0d6accf34e8481d505c31facb4c3c56828cb7ec86c9eda06ae3bb,artifacts/goal_bowl_destination_steering_formal_t1_lambda2_combined/goal_bowl_destination_time_decay_plate_init40_repeat0_success.json
time_decay,plate,40,1,True,72,15,0.6442544817698613,11.983571095430108,1.0,0.49579204850382214,0.9,nan,9c5b5fb4a4a0d6accf34e8481d505c31facb4c3c56828cb7ec86c9eda06ae3bb,artifacts/goal_bowl_destination_steering_formal_t1_lambda2_combined/goal_bowl_destination_time_decay_plate_init40_repeat1_success.json
time_decay,plate,41,0,True,74,15,0.7187990706728673,11.526233090788919,1.0,0.49579204850382214,0.9,nan,edd6d06d90f10ef8e0b62dbcff76dc6a4ce864589ac6aae93cefb2d121581ccd,artifacts/goal_bowl_destination_steering_formal_t1_lambda2_combined/goal_bowl_destination_time_decay_plate_init41_repeat0_success.json
time_decay,plate,41,1,True,76,16,0.7159782264779733,11.457260471268231,1.0,0.47646532074321063,0.9,nan,edd6d06d90f10ef8e0b62dbcff76dc6a4ce864589ac6aae93cefb2d121581ccd,artifacts/goal_bowl_destination_steering_formal_t1_lambda2_combined/goal_bowl_destination_time_decay_plate_init41_repeat1_success.json
time_decay,plate,42,0,True,77,16,0.7273385866124135,11.653152245370988,1.0,0.47646532074321063,0.9,nan,f74b8a3a12f0050082ddb338e8dba356c64dab1568df68a4244be0f6b9c7d80f,artifacts/goal_bowl_destination_steering_formal_t1_lambda2_combined/goal_bowl_destination_time_decay_plate_init42_repeat0_success.json
time_decay,plate,42,1,True,78,16,0.7477026144991218,11.859493410343617,1.0,0.47646532074321063,0.9,nan,f74b8a3a12f0050082ddb338e8dba356c64dab1568df68a4244be0f6b9c7d80f,artifacts/goal_bowl_destination_steering_formal_t1_lambda2_combined/goal_bowl_destination_time_decay_plate_init42_repeat1_success.json
time_decay,plate,43,0,True,72,15,0.6319002070464204,11.4481193688783,1.0,0.49579204850382214,0.9,nan,020ac5a1be49c80a8c8b309386b59eb6166c069aba2ef11217e990b03f1fd91d,artifacts/goal_bowl_destination_steering_formal_t1_lambda2_combined/goal_bowl_destination_time_decay_plate_init43_repeat0_success.json
time_decay,plate,43,1,True,80,16,0.6291890529147072,11.870371303458219,1.0,0.47646532074321063,0.9,nan,020ac5a1be49c80a8c8b309386b59eb6166c069aba2ef11217e990b03f1fd91d,artifacts/goal_bowl_destination_steering_formal_t1_lambda2_combined/goal_bowl_destination_time_decay_plate_init43_repeat1_success.json
time_decay,plate,44,0,True,77,16,0.7328300769321859,11.197401957365797,1.0,0.47646532074321063,0.9,nan,4d10ceaa18c70ad0d99146527023cb48672d04c87d7a110e1207f14f99b9ed81,artifacts/goal_bowl_destination_steering_formal_t1_lambda2_combined/goal_bowl_destination_time_decay_plate_init44_repeat0_success.json
time_decay,plate,44,1,True,74,15,0.6466265595439382,11.167431368264413,1.0,0.49579204850382214,0.9,nan,4d10ceaa18c70ad0d99146527023cb48672d04c87d7a110e1207f14f99b9ed81,artifacts/goal_bowl_destination_steering_formal_t1_lambda2_combined/goal_bowl_destination_time_decay_plate_init44_repeat1_success.json
time_decay,plate,45,0,True,89,18,0.820347790651695,11.469117885424806,1.0,0.4411208027664712,0.9,nan,863dbb9318777a1f5abd0107bd1fd2131403e996a836949a900a6daeb3ee88d4,artifacts/goal_bowl_destination_steering_formal_t1_lambda2_combined/goal_bowl_destination_time_decay_plate_init45_repeat0_success.json
time_decay,plate,45,1,True,91,19,0.8407296917795912,11.348776240937779,1.0,0.4249526823515005,0.9,nan,863dbb9318777a1f5abd0107bd1fd2131403e996a836949a900a6daeb3ee88d4,artifacts/goal_bowl_destination_steering_formal_t1_lambda2_combined/goal_bowl_destination_time_decay_plate_init45_repeat1_success.json
time_decay,plate,46,0,True,72,15,0.6768013686878823,12.321043395422782,1.0,0.49579204850382214,0.9,nan,381a1965c57a0f37a00c739f4ceb99ec40d8e0e73716d8a227134b2ca8e6d462,artifacts/goal_bowl_destination_steering_formal_t1_lambda2_combined/goal_bowl_destination_time_decay_plate_init46_repeat0_success.json
time_decay,plate,46,1,True,76,16,0.676839692471348,12.467151031067797,1.0,0.47646532074321063,0.9,nan,381a1965c57a0f37a00c739f4ceb99ec40d8e0e73716d8a227134b2ca8e6d462,artifacts/goal_bowl_destination_steering_formal_t1_lambda2_combined/goal_bowl_destination_time_decay_plate_init46_repeat1_success.json
time_decay,plate,47,0,True,76,16,0.6970634912522998,12.374751911835483,1.0,0.47646532074321063,0.9,nan,bb1226460e01343913836b28c9b815429fd61222acb8ff8bb130841f721786fd,artifacts/goal_bowl_destination_steering_formal_t1_lambda2_combined/goal_bowl_destination_time_decay_plate_init47_repeat0_success.json
time_decay,plate,47,1,True,70,14,0.6633159604246238,11.687372196792731,1.0,0.5163323657310692,0.9,nan,bb1226460e01343913836b28c9b815429fd61222acb8ff8bb130841f721786fd,artifacts/goal_bowl_destination_steering_formal_t1_lambda2_combined/goal_bowl_destination_time_decay_plate_init47_repeat1_success.json
time_decay,plate,48,0,True,76,16,0.7098600780455611,11.923896736492798,1.0,0.47646532074321063,0.9,nan,18d3cff932758062f0e5fa19ce2103e943f08c0ed4952964e4ef48ae095b3a9e,artifacts/goal_bowl_destination_steering_formal_t1_lambda2_combined/goal_bowl_destination_time_decay_plate_init48_repeat0_success.json
time_decay,plate,48,1,True,72,15,0.6768999826461133,11.929186708392796,1.0,0.49579204850382214,0.9,nan,18d3cff932758062f0e5fa19ce2103e943f08c0ed4952964e4ef48ae095b3a9e,artifacts/goal_bowl_destination_steering_formal_t1_lambda2_combined/goal_bowl_destination_time_decay_plate_init48_repeat1_success.json
time_decay,plate,49,0,True,74,15,0.7288971807067173,11.79642531421551,1.0,0.49579204850382214,0.9,nan,ce71b0cf7cd5719991794bc42ddc6bb5f9f21d17404c865970188525831b8f3f,artifacts/goal_bowl_destination_steering_formal_t1_lambda2_combined/goal_bowl_destination_time_decay_plate_init49_repeat0_success.json
time_decay,plate,49,1,True,76,16,0.74525539688553,11.94689047944989,1.0,0.47646532074321063,0.9,nan,ce71b0cf7cd5719991794bc42ddc6bb5f9f21d17404c865970188525831b8f3f,artifacts/goal_bowl_destination_steering_formal_t1_lambda2_combined/goal_bowl_destination_time_decay_plate_init49_repeat1_success.json
time_decay,plate,4,0,True,84,17,0.6965915368249451,13.313380404601494,1.0,0.458267614377084,0.9,nan,8748abf02fa82a0ccf84c6edd6046d278ce3948aa9ea574f4c72608e6d3f5aea,artifacts/goal_bowl_destination_steering_formal_t1_lambda2_combined/goal_bowl_destination_time_decay_plate_init4_repeat0_success.json
time_decay,plate,4,1,True,87,18,0.7135758177585453,13.065934993511693,1.0,0.4411208027664712,0.9,nan,8748abf02fa82a0ccf84c6edd6046d278ce3948aa9ea574f4c72608e6d3f5aea,artifacts/goal_bowl_destination_steering_formal_t1_lambda2_combined/goal_bowl_destination_time_decay_plate_init4_repeat1_success.json
time_decay,plate,5,0,True,74,15,0.6729009913570813,11.086889542683307,1.0,0.49579204850382214,0.9,nan,db55836b3fa3a38e92dcd65480a54dd73569d3eee3160a6357e187db05a62c1d,artifacts/goal_bowl_destination_steering_formal_t1_lambda2_combined/goal_bowl_destination_time_decay_plate_init5_repeat0_success.json
time_decay,plate,5,1,True,74,15,0.6710553515901638,11.380421375467435,1.0,0.49579204850382214,0.9,nan,db55836b3fa3a38e92dcd65480a54dd73569d3eee3160a6357e187db05a62c1d,artifacts/goal_bowl_destination_steering_formal_t1_lambda2_combined/goal_bowl_destination_time_decay_plate_init5_repeat1_success.json
time_decay,plate,6,0,True,76,16,0.6654131723010098,12.085570378779996,1.0,0.47646532074321063,0.9,nan,08bccb5245ef1786c860b08ad293254c08bc853bb020be2ee9c3d9bd6cea51df,artifacts/goal_bowl_destination_steering_formal_t1_lambda2_combined/goal_bowl_destination_time_decay_plate_init6_repeat0_success.json
time_decay,plate,6,1,True,70,14,0.6194272742528378,11.985507168958906,1.0,0.5163323657310692,0.9,nan,08bccb5245ef1786c860b08ad293254c08bc853bb020be2ee9c3d9bd6cea51df,artifacts/goal_bowl_destination_steering_formal_t1_lambda2_combined/goal_bowl_destination_time_decay_plate_init6_repeat1_success.json
time_decay,plate,7,0,True,71,15,0.6662372376948659,12.132630457617765,1.0,0.49579204850382214,0.9,nan,2d31485544883555816a362896526655501fb74e77e3e81ee15bc4aa1b383da8,artifacts/goal_bowl_destination_steering_formal_t1_lambda2_combined/goal_bowl_destination_time_decay_plate_init7_repeat0_success.json
time_decay,plate,7,1,True,73,15,0.6836780577010761,12.09461391618009,1.0,0.49579204850382214,0.9,nan,2d31485544883555816a362896526655501fb74e77e3e81ee15bc4aa1b383da8,artifacts/goal_bowl_destination_steering_formal_t1_lambda2_combined/goal_bowl_destination_time_decay_plate_init7_repeat1_success.json
time_decay,plate,8,0,True,70,14,0.6634326370123478,11.902110135441639,1.0,0.5163323657310692,0.9,nan,7d7bacc44a7528ac627221b2742307a0f48c5b807a850273c138d3fc81c54640,artifacts/goal_bowl_destination_steering_formal_t1_lambda2_combined/goal_bowl_destination_time_decay_plate_init8_repeat0_success.json
time_decay,plate,8,1,True,70,14,0.6692837967616948,11.543910008492045,1.0,0.5163323657310692,0.9,nan,7d7bacc44a7528ac627221b2742307a0f48c5b807a850273c138d3fc81c54640,artifacts/goal_bowl_destination_steering_formal_t1_lambda2_combined/goal_bowl_destination_time_decay_plate_init8_repeat1_success.json
time_decay,plate,9,0,True,78,16,0.6945391859992754,12.613514384070431,1.0,0.47646532074321063,0.9,nan,a09237ab8244c5b1fdb40814eea337b511411cc03dc329aa719df31bccd7907d,artifacts/goal_bowl_destination_steering_formal_t1_lambda2_combined/goal_bowl_destination_time_decay_plate_init9_repeat0_success.json
time_decay,plate,9,1,True,82,17,0.729888236983389,13.240238473978373,1.0,0.458267614377084,0.9,nan,a09237ab8244c5b1fdb40814eea337b511411cc03dc329aa719df31bccd7907d,artifacts/goal_bowl_destination_steering_formal_t1_lambda2_combined/goal_bowl_destination_time_decay_plate_init9_repeat1_success.json
