condition,target,init_state_index,repeat_index,success,policy_steps,close_step,grasp_state,lift_state,close_query,grasp_query,lift_query,pre_lift_steps,pre_lift_eef_path_m,pre_lift_action_tv_l2,post_lift_evidence_5,post_lift_evidence_10,post_lift_evidence_15,post_lift_evidence_20,post_lift_early_auc20,post_lift_wrong_fraction15,metadata_path,guidance_at_close,belief_positive_at_close,belief_negative_at_close,guidance_close_plus_1,belief_positive_close_plus_1,belief_negative_close_plus_1,guidance_close_plus_2,belief_positive_close_plus_2,belief_negative_close_plus_2,guidance_close_plus_3,belief_positive_close_plus_3,belief_negative_close_plus_3,guidance_at_grasp,belief_positive_at_grasp,belief_negative_at_grasp,guidance_grasp_plus_1,belief_positive_grasp_plus_1,belief_negative_grasp_plus_1,guidance_grasp_plus_2,belief_positive_grasp_plus_2,belief_negative_grasp_plus_2,guidance_grasp_plus_3,belief_positive_grasp_plus_3,belief_negative_grasp_plus_3,guidance_at_lift,belief_positive_at_lift,belief_negative_at_lift,guidance_lift_plus_1,belief_positive_lift_plus_1,belief_negative_lift_plus_1,guidance_lift_plus_2,belief_positive_lift_plus_2,belief_negative_lift_plus_2,guidance_lift_plus_3,belief_positive_lift_plus_3,belief_negative_lift_plus_3
base,cabinet,0,0,True,84,42,55,63,6,9,10,53.0,0.43068752824615664,6.8043150060695705,0.1778213882418253,0.4002087404772787,0.6587206607720444,0.8815688167525699,0.2948635306696029,0.0,artifacts/goal_bowl_destination_steering_formal_t1_lambda2_combined/goal_bowl_destination_base_cabinet_init0_repeat0_success.json,0.0,nan,nan,0.0,nan,nan,0.0,nan,nan,0.0,nan,nan,0.0,nan,nan,0.0,nan,nan,0.0,nan,nan,0.0,nan,nan,0.0,nan,nan,0.0,nan,nan,0.0,nan,nan,0.0,nan,nan
base,cabinet,0,1,True,92,39,58,61,5,9,10,51.0,0.4313014660683375,6.885887714304479,0.17718248177359833,0.40951595530909285,0.6565745723452278,0.8544402371532356,0.2946609370211963,0.0,artifacts/goal_bowl_destination_steering_formal_t1_lambda2_combined/goal_bowl_destination_base_cabinet_init0_repeat1_success.json,0.0,nan,nan,0.0,nan,nan,0.0,nan,nan,0.0,nan,nan,0.0,nan,nan,0.0,nan,nan,0.0,nan,nan,0.0,nan,nan,0.0,nan,nan,0.0,nan,nan,0.0,nan,nan,0.0,nan,nan
base,cabinet,10,0,True,91,42,87,61,6,15,10,51.0,0.4494355239447522,7.332059900785239,0.1487921900408687,0.3066621660395404,0.4996424399914987,0.7146601517973165,0.23025498306915684,0.0,artifacts/goal_bowl_destination_steering_formal_t1_lambda2_combined/goal_bowl_destination_base_cabinet_init10_repeat0_success.json,0.0,nan,nan,0.0,nan,nan,0.0,nan,nan,0.0,nan,nan,0.0,nan,nan,0.0,nan,nan,0.0,nan,nan,0.0,nan,nan,0.0,nan,nan,0.0,nan,nan,0.0,nan,nan,0.0,nan,nan
base,cabinet,10,1,True,99,40,69,59,6,11,9,49.0,0.44143256251775925,7.347551515778338,0.15172757033310555,0.3130060138201699,0.5218714689281814,0.7419692000114078,0.23691142809988364,0.0,artifacts/goal_bowl_destination_steering_formal_t1_lambda2_combined/goal_bowl_destination_base_cabinet_init10_repeat1_success.json,0.0,nan,nan,0.0,nan,nan,0.0,nan,nan,0.0,nan,nan,0.0,nan,nan,0.0,nan,nan,0.0,nan,nan,0.0,nan,nan,0.0,nan,nan,0.0,nan,nan,0.0,nan,nan,0.0,nan,nan
base,cabinet,11,0,True,85,40,56,62,6,9,10,52.0,0.43552343618640904,6.690948901290015,0.15657364996946505,0.37053732418342983,0.6312369359998452,0.8618360198013679,0.27279718163633165,0.0,artifacts/goal_bowl_destination_steering_formal_t1_lambda2_combined/goal_bowl_destination_base_cabinet_init11_repeat0_success.json,0.0,nan,nan,0.0,nan,nan,0.0,nan,nan,0.0,nan,nan,0.0,nan,nan,0.0,nan,nan,0.0,nan,nan,0.0,nan,nan,0.0,nan,nan,0.0,nan,nan,0.0,nan,nan,0.0,nan,nan
base,cabinet,11,1,True,83,40,55,62,6,9,10,52.0,0.44389176539979625,7.277956155447783,0.1782873086144492,0.4239208186432904,0.6874267514487464,0.9040876506686795,0.3048374640425419,0.0,artifacts/goal_bowl_destination_steering_formal_t1_lambda2_combined/goal_bowl_destination_base_cabinet_init11_repeat1_success.json,0.0,nan,nan,0.0,nan,nan,0.0,nan,nan,0.0,nan,nan,0.0,nan,nan,0.0,nan,nan,0.0,nan,nan,0.0,nan,nan,0.0,nan,nan,0.0,nan,nan,0.0,nan,nan,0.0,nan,nan
base,cabinet,12,0,True,92,40,73,60,6,12,10,50.0,0.44146655820270375,8.07228189131754,0.16248309886527923,0.37582971105959845,0.62089058110755,0.8367212138954742,0.27465849045995433,0.0,artifacts/goal_bowl_destination_steering_formal_t1_lambda2_combined/goal_bowl_destination_base_cabinet_init12_repeat0_success.json,0.0,nan,nan,0.0,nan,nan,0.0,nan,nan,0.0,nan,nan,0.0,nan,nan,0.0,nan,nan,0.0,nan,nan,0.0,nan,nan,0.0,nan,nan,0.0,nan,nan,0.0,nan,nan,0.0,nan,nan
base,cabinet,12,1,True,90,41,57,60,6,9,10,50.0,0.4551742757448989,7.474907044525198,0.16146204156916472,0.3590276947136795,0.5917927191635549,0.8015787236674152,0.2647006198032251,0.0,artifacts/goal_bowl_destination_steering_formal_t1_lambda2_combined/goal_bowl_destination_base_cabinet_init12_repeat1_success.json,0.0,nan,nan,0.0,nan,nan,0.0,nan,nan,0.0,nan,nan,0.0,nan,nan,0.0,nan,nan,0.0,nan,nan,0.0,nan,nan,0.0,nan,nan,0.0,nan,nan,0.0,nan,nan,0.0,nan,nan
base,cabinet,13,0,True,84,39,84,59,5,14,9,49.0,0.423783213504407,7.307530785218764,0.14695520302235487,0.3492712954211722,0.6141367778041665,0.8435789105026748,0.260182555060904,0.0,artifacts/goal_bowl_destination_steering_formal_t1_lambda2_combined/goal_bowl_destination_base_cabinet_init13_repeat0_success.json,0.0,nan,nan,0.0,nan,nan,0.0,nan,nan,0.0,nan,nan,0.0,nan,nan,0.0,nan,nan,0.0,nan,nan,nan,nan,nan,0.0,nan,nan,0.0,nan,nan,0.0,nan,nan,0.0,nan,nan
base,cabinet,13,1,True,87,39,55,61,5,9,10,51.0,0.4313401125864746,7.346884320155789,0.14853908121826429,0.32349445184767933,0.5791726757994785,0.805308617951175,0.24857595835106422,0.0,artifacts/goal_bowl_destination_steering_formal_t1_lambda2_combined/goal_bowl_destination_base_cabinet_init13_repeat1_success.json,0.0,nan,nan,0.0,nan,nan,0.0,nan,nan,0.0,nan,nan,0.0,nan,nan,0.0,nan,nan,0.0,nan,nan,0.0,nan,nan,0.0,nan,nan,0.0,nan,nan,0.0,nan,nan,0.0,nan,nan
base,cabinet,14,0,True,85,42,72,62,6,12,10,52.0,0.442756696472359,7.012619620853242,0.17953805551067664,0.40261648535532324,0.6531922571940152,0.8884965138903798,0.29486014865784266,0.0,artifacts/goal_bowl_destination_steering_formal_t1_lambda2_combined/goal_bowl_destination_base_cabinet_init14_repeat0_success.json,0.0,nan,nan,0.0,nan,nan,0.0,nan,nan,0.0,nan,nan,0.0,nan,nan,0.0,nan,nan,0.0,nan,nan,0.0,nan,nan,0.0,nan,nan,0.0,nan,nan,0.0,nan,nan,0.0,nan,nan
base,cabinet,14,1,True,84,41,87,61,6,15,10,51.0,0.43838558497060054,7.2677014505941635,0.17323823384839232,0.400662522018376,0.6652002388660344,0.9093407414029883,0.2937584061768713,0.0,artifacts/goal_bowl_destination_steering_formal_t1_lambda2_combined/goal_bowl_destination_base_cabinet_init14_repeat1_success.json,0.0,nan,nan,0.0,nan,nan,0.0,nan,nan,0.0,nan,nan,0.0,nan,nan,0.0,nan,nan,nan,nan,nan,nan,nan,nan,0.0,nan,nan,0.0,nan,nan,0.0,nan,nan,0.0,nan,nan
base,cabinet,15,0,True,77,38,48,56,5,7,9,46.0,0.416967584087009,7.301899093831589,0.19847880120460926,0.4693931278332707,0.7437470688858409,0.9520181193482575,0.33317110618279067,0.0,artifacts/goal_bowl_destination_steering_formal_t1_lambda2_combined/goal_bowl_destination_base_cabinet_init15_repeat0_success.json,0.0,nan,nan,0.0,nan,nan,0.0,nan,nan,0.0,nan,nan,0.0,nan,nan,0.0,nan,nan,0.0,nan,nan,0.0,nan,nan,0.0,nan,nan,0.0,nan,nan,0.0,nan,nan,0.0,nan,nan
base,cabinet,15,1,True,77,38,48,57,5,7,9,47.0,0.41897348365920356,7.216577444334858,0.20664823822912615,0.4725435385137671,0.7385187449042555,0.9480142726432996,0.3370530722825716,0.0,artifacts/goal_bowl_destination_steering_formal_t1_lambda2_combined/goal_bowl_destination_base_cabinet_init15_repeat1_success.json,0.0,nan,nan,0.0,nan,nan,0.0,nan,nan,0.0,nan,nan,0.0,nan,nan,0.0,nan,nan,0.0,nan,nan,0.0,nan,nan,0.0,nan,nan,0.0,nan,nan,0.0,nan,nan,0.0,nan,nan
base,cabinet,16,0,True,85,39,61,61,5,10,10,51.0,0.4110394381702372,7.421528280367593,0.1549944705657576,0.340115288211843,0.5600511792480508,0.7809656617748684,0.2519437390161182,0.0,artifacts/goal_bowl_destination_steering_formal_t1_lambda2_combined/goal_bowl_destination_base_cabinet_init16_repeat0_success.json,0.0,nan,nan,0.0,nan,nan,0.0,nan,nan,0.0,nan,nan,0.0,nan,nan,0.0,nan,nan,0.0,nan,nan,0.0,nan,nan,0.0,nan,nan,0.0,nan,nan,0.0,nan,nan,0.0,nan,nan
base,cabinet,16,1,True,89,39,61,58,5,10,9,48.0,0.39304629549779924,7.153104709336671,0.14912564211109958,0.3077067959460278,0.4907518077580901,0.7018973335103268,0.22914912905405804,0.0,artifacts/goal_bowl_destination_steering_formal_t1_lambda2_combined/goal_bowl_destination_base_cabinet_init16_repeat1_success.json,0.0,nan,nan,0.0,nan,nan,0.0,nan,nan,0.0,nan,nan,0.0,nan,nan,0.0,nan,nan,0.0,nan,nan,0.0,nan,nan,0.0,nan,nan,0.0,nan,nan,0.0,nan,nan,0.0,nan,nan
base,cabinet,17,0,True,86,42,54,62,6,8,10,52.0,0.4465455636978174,7.2264715273156215,0.18365621180739886,0.4264410204246239,0.7021645350198201,0.9405039814496114,0.3104578626842814,0.0,artifacts/goal_bowl_destination_steering_formal_t1_lambda2_combined/goal_bowl_destination_base_cabinet_init17_repeat0_success.json,0.0,nan,nan,0.0,nan,nan,0.0,nan,nan,0.0,nan,nan,0.0,nan,nan,0.0,nan,nan,0.0,nan,nan,0.0,nan,nan,0.0,nan,nan,0.0,nan,nan,0.0,nan,nan,0.0,nan,nan
base,cabinet,17,1,True,75,41,,61,6,,10,51.0,0.4376345223910031,7.31825635989523,0.16389324189111532,0.37876427343832714,0.6544165093409313,0.9175516928897363,0.2831913917769734,0.0,artifacts/goal_bowl_destination_steering_formal_t1_lambda2_combined/goal_bowl_destination_base_cabinet_init17_repeat1_success.json,0.0,nan,nan,0.0,nan,nan,0.0,nan,nan,0.0,nan,nan,nan,nan,nan,nan,nan,nan,nan,nan,nan,nan,nan,nan,0.0,nan,nan,0.0,nan,nan,0.0,nan,nan,0.0,nan,nan
base,cabinet,18,0,True,98,43,56,62,6,9,10,52.0,0.4632815984875485,7.137797299087197,0.1649820745822964,0.340009686075407,0.5379341382744155,0.7281045316397228,0.25228540048740505,0.0,artifacts/goal_bowl_destination_steering_formal_t1_lambda2_combined/goal_bowl_destination_base_cabinet_init18_repeat0_success.json,0.0,nan,nan,0.0,nan,nan,0.0,nan,nan,0.0,nan,nan,0.0,nan,nan,0.0,nan,nan,0.0,nan,nan,0.0,nan,nan,0.0,nan,nan,0.0,nan,nan,0.0,nan,nan,0.0,nan,nan
base,cabinet,18,1,True,87,43,84,62,6,14,10,52.0,0.4550883525313682,7.061702751376664,0.1657390332352722,0.37157398777720396,0.6306127873527567,0.8828611488917575,0.2774310815469193,0.0,artifacts/goal_bowl_destination_steering_formal_t1_lambda2_combined/goal_bowl_destination_base_cabinet_init18_repeat1_success.json,0.0,nan,nan,0.0,nan,nan,0.0,nan,nan,0.0,nan,nan,0.0,nan,nan,0.0,nan,nan,0.0,nan,nan,0.0,nan,nan,0.0,nan,nan,0.0,nan,nan,0.0,nan,nan,0.0,nan,nan
base,cabinet,19,0,True,85,38,50,58,5,8,9,48.0,0.4238210727076167,7.0573684639143,0.16373153680012958,0.3646678601463723,0.6189283214905985,0.85820656276104,0.2728698002860683,0.0,artifacts/goal_bowl_destination_steering_formal_t1_lambda2_combined/goal_bowl_destination_base_cabinet_init19_repeat0_success.json,0.0,nan,nan,0.0,nan,nan,0.0,nan,nan,0.0,nan,nan,0.0,nan,nan,0.0,nan,nan,0.0,nan,nan,0.0,nan,nan,0.0,nan,nan,0.0,nan,nan,0.0,nan,nan,0.0,nan,nan
base,cabinet,19,1,True,88,39,54,58,5,8,9,48.0,0.41904128655561423,7.125905556469275,0.15960246265892455,0.3350921807184126,0.5658598394260699,0.791267714486192,0.25396741551933877,0.0,artifacts/goal_bowl_destination_steering_formal_t1_lambda2_combined/goal_bowl_destination_base_cabinet_init19_repeat1_success.json,0.0,nan,nan,0.0,nan,nan,0.0,nan,nan,0.0,nan,nan,0.0,nan,nan,0.0,nan,nan,0.0,nan,nan,0.0,nan,nan,0.0,nan,nan,0.0,nan,nan,0.0,nan,nan,0.0,nan,nan
base,cabinet,1,0,True,90,41,74,61,6,12,10,51.0,0.4373077090603529,7.302992029689583,0.1753140671976267,0.3924963628259087,0.6550361864610061,0.89028101853075,0.29018902749131414,0.0,artifacts/goal_bowl_destination_steering_formal_t1_lambda2_combined/goal_bowl_destination_base_cabinet_init1_repeat0_success.json,0.0,nan,nan,0.0,nan,nan,0.0,nan,nan,0.0,nan,nan,0.0,nan,nan,0.0,nan,nan,0.0,nan,nan,0.0,nan,nan,0.0,nan,nan,0.0,nan,nan,0.0,nan,nan,0.0,nan,nan
base,cabinet,1,1,True,86,40,73,59,6,12,9,49.0,0.43525306334503305,7.293803199509818,0.17429479759407138,0.3911149819314353,0.651287792103474,0.8935330097091589,0.2893100169064575,0.0,artifacts/goal_bowl_destination_steering_formal_t1_lambda2_combined/goal_bowl_destination_base_cabinet_init1_repeat1_success.json,0.0,nan,nan,0.0,nan,nan,0.0,nan,nan,0.0,nan,nan,0.0,nan,nan,0.0,nan,nan,0.0,nan,nan,0.0,nan,nan,0.0,nan,nan,0.0,nan,nan,0.0,nan,nan,0.0,nan,nan
base,cabinet,20,0,True,86,39,50,58,5,8,9,48.0,0.4540265631652186,7.503711510275628,0.17831862786119868,0.38525976225715247,0.6422700184381407,0.871561085272573,0.2876557234553763,0.0,artifacts/goal_bowl_destination_steering_formal_t1_lambda2_combined/goal_bowl_destination_base_cabinet_init20_repeat0_success.json,0.0,nan,nan,0.0,nan,nan,0.0,nan,nan,0.0,nan,nan,0.0,nan,nan,0.0,nan,nan,0.0,nan,nan,0.0,nan,nan,0.0,nan,nan,0.0,nan,nan,0.0,nan,nan,0.0,nan,nan
base,cabinet,20,1,True,83,38,52,57,5,8,9,47.0,0.4384659926730094,7.370549762018374,0.17853557622849384,0.39598886688844587,0.6641343698697004,0.9097799061579296,0.2943471831003732,0.0,artifacts/goal_bowl_destination_steering_formal_t1_lambda2_combined/goal_bowl_destination_base_cabinet_init20_repeat1_success.json,0.0,nan,nan,0.0,nan,nan,0.0,nan,nan,0.0,nan,nan,0.0,nan,nan,0.0,nan,nan,0.0,nan,nan,0.0,nan,nan,0.0,nan,nan,0.0,nan,nan,0.0,nan,nan,0.0,nan,nan
base,cabinet,21,0,True,85,41,71,61,6,12,10,51.0,0.44275779617018884,7.316603052520745,0.17244990386668865,0.3844938538068627,0.6547589452197272,0.8992851588602568,0.28754102926718594,0.0,artifacts/goal_bowl_destination_steering_formal_t1_lambda2_combined/goal_bowl_destination_base_cabinet_init21_repeat0_success.json,0.0,nan,nan,0.0,nan,nan,0.0,nan,nan,0.0,nan,nan,0.0,nan,nan,0.0,nan,nan,0.0,nan,nan,0.0,nan,nan,0.0,nan,nan,0.0,nan,nan,0.0,nan,nan,0.0,nan,nan
base,cabinet,21,1,True,80,40,83,59,6,14,9,49.0,0.4494794099620295,7.649379645497554,0.17125253363821621,0.3793998373310553,0.650107640560141,0.8907103019169631,0.28492689118406256,0.0,artifacts/goal_bowl_destination_steering_formal_t1_lambda2_combined/goal_bowl_destination_base_cabinet_init21_repeat1_success.json,0.0,nan,nan,0.0,nan,nan,0.0,nan,nan,0.0,nan,nan,0.0,nan,nan,0.0,nan,nan,nan,nan,nan,nan,nan,nan,0.0,nan,nan,0.0,nan,nan,0.0,nan,nan,0.0,nan,nan
base,cabinet,22,0,True,76,39,49,57,5,7,9,47.0,0.41142354681029314,6.580568273002779,0.1951701423959173,0.4320988100252092,0.6997676164797437,0.9102844996621663,0.31627050147345603,0.0,artifacts/goal_bowl_destination_steering_formal_t1_lambda2_combined/goal_bowl_destination_base_cabinet_init22_repeat0_success.json,0.0,nan,nan,0.0,nan,nan,0.0,nan,nan,0.0,nan,nan,0.0,nan,nan,0.0,nan,nan,0.0,nan,nan,0.0,nan,nan,0.0,nan,nan,0.0,nan,nan,0.0,nan,nan,0.0,nan,nan
base,cabinet,22,1,True,78,39,53,58,5,8,9,48.0,0.3973114027458441,6.513506369834399,0.16839955559977518,0.37291357297056726,0.6282852145605173,0.8645260364286074,0.27821889544341705,0.0,artifacts/goal_bowl_destination_steering_formal_t1_lambda2_combined/goal_bowl_destination_base_cabinet_init22_repeat1_success.json,0.0,nan,nan,0.0,nan,nan,0.0,nan,nan,0.0,nan,nan,0.0,nan,nan,0.0,nan,nan,0.0,nan,nan,0.0,nan,nan,0.0,nan,nan,0.0,nan,nan,0.0,nan,nan,0.0,nan,nan
base,cabinet,23,0,True,87,43,54,62,6,8,10,52.0,0.4361676527430475,7.599110361530249,0.238312324450583,0.4923595802656939,0.7370379661277399,0.9352761804959902,0.3562900308839553,0.0,artifacts/goal_bowl_destination_steering_formal_t1_lambda2_combined/goal_bowl_destination_base_cabinet_init23_repeat0_success.json,0.0,nan,nan,0.0,nan,nan,0.0,nan,nan,0.0,nan,nan,0.0,nan,nan,0.0,nan,nan,0.0,nan,nan,0.0,nan,nan,0.0,nan,nan,0.0,nan,nan,0.0,nan,nan,0.0,nan,nan
base,cabinet,23,1,True,87,43,53,62,6,8,10,52.0,0.44020697176979484,7.234233770610488,0.23301741829223033,0.4892572422262304,0.732175556383484,0.9175086151887837,0.35206457737199565,0.0,artifacts/goal_bowl_destination_steering_formal_t1_lambda2_combined/goal_bowl_destination_base_cabinet_init23_repeat1_success.json,0.0,nan,nan,0.0,nan,nan,0.0,nan,nan,0.0,nan,nan,0.0,nan,nan,0.0,nan,nan,0.0,nan,nan,0.0,nan,nan,0.0,nan,nan,0.0,nan,nan,0.0,nan,nan,0.0,nan,nan
base,cabinet,24,0,True,80,37,58,58,5,9,9,48.0,0.39929911125903844,6.843073507458411,0.17583996748183378,0.3965171093617168,0.6565385344895228,0.8816795479995557,0.29101750863213693,0.0,artifacts/goal_bowl_destination_steering_formal_t1_lambda2_combined/goal_bowl_destination_base_cabinet_init24_repeat0_success.json,0.0,nan,nan,0.0,nan,nan,0.0,nan,nan,0.0,nan,nan,0.0,nan,nan,0.0,nan,nan,0.0,nan,nan,0.0,nan,nan,0.0,nan,nan,0.0,nan,nan,0.0,nan,nan,0.0,nan,nan
base,cabinet,24,1,True,83,39,58,63,5,9,10,53.0,0.4384113029129616,6.985371377780697,0.17272458404102745,0.384737224856883,0.6315510986416478,0.8384058458040321,0.2831724019768699,0.0,artifacts/goal_bowl_destination_steering_formal_t1_lambda2_combined/goal_bowl_destination_base_cabinet_init24_repeat1_success.json,0.0,nan,nan,0.0,nan,nan,0.0,nan,nan,0.0,nan,nan,0.0,nan,nan,0.0,nan,nan,0.0,nan,nan,0.0,nan,nan,0.0,nan,nan,0.0,nan,nan,0.0,nan,nan,0.0,nan,nan
base,cabinet,25,0,True,88,42,53,61,6,8,10,51.0,0.4729097142510896,7.437234644970674,0.18331458493764202,0.3862071419549731,0.636440145385193,0.8627066421376249,0.28862593646259754,0.0,artifacts/goal_bowl_destination_steering_formal_t1_lambda2_combined/goal_bowl_destination_base_cabinet_init25_repeat0_success.json,0.0,nan,nan,0.0,nan,nan,0.0,nan,nan,0.0,nan,nan,0.0,nan,nan,0.0,nan,nan,0.0,nan,nan,0.0,nan,nan,0.0,nan,nan,0.0,nan,nan,0.0,nan,nan,0.0,nan,nan
base,cabinet,25,1,True,90,43,,62,6,,10,52.0,0.4732665816157937,7.759606566957245,0.19369312276903444,0.4276258122544586,0.6859107585746758,0.9115014700161855,0.3120452452794147,0.0,artifacts/goal_bowl_destination_steering_formal_t1_lambda2_combined/goal_bowl_destination_base_cabinet_init25_repeat1_success.json,0.0,nan,nan,0.0,nan,nan,0.0,nan,nan,0.0,nan,nan,nan,nan,nan,nan,nan,nan,nan,nan,nan,nan,nan,nan,0.0,nan,nan,0.0,nan,nan,0.0,nan,nan,0.0,nan,nan
base,cabinet,26,0,True,89,43,60,66,6,10,11,56.0,0.4888522331589196,7.535422437836023,0.1594303051254075,0.3769003803784738,0.6414457371621298,0.8714544925408316,0.27723633321540647,0.0,artifacts/goal_bowl_destination_steering_formal_t1_lambda2_combined/goal_bowl_destination_base_cabinet_init26_repeat0_success.json,0.0,nan,nan,0.0,nan,nan,0.0,nan,nan,0.0,nan,nan,0.0,nan,nan,0.0,nan,nan,0.0,nan,nan,0.0,nan,nan,0.0,nan,nan,0.0,nan,nan,0.0,nan,nan,0.0,nan,nan
base,cabinet,26,1,True,90,44,61,66,6,10,11,56.0,0.47643703913791163,7.213824092571923,0.16739197571685185,0.396741098190817,0.6596135978980261,0.8749602864626738,0.28868674589605225,0.0,artifacts/goal_bowl_destination_steering_formal_t1_lambda2_combined/goal_bowl_destination_base_cabinet_init26_repeat1_success.json,0.0,nan,nan,0.0,nan,nan,0.0,nan,nan,0.0,nan,nan,0.0,nan,nan,0.0,nan,nan,0.0,nan,nan,0.0,nan,nan,0.0,nan,nan,0.0,nan,nan,0.0,nan,nan,0.0,nan,nan
base,cabinet,27,0,True,84,39,,57,5,,9,47.0,0.4340832300441526,7.367819526818539,0.17447339070282017,0.3899235512706879,0.6579981784735107,0.9012881849957727,0.29017316010072447,0.0,artifacts/goal_bowl_destination_steering_formal_t1_lambda2_combined/goal_bowl_destination_base_cabinet_init27_repeat0_success.json,0.0,nan,nan,0.0,nan,nan,0.0,nan,nan,0.0,nan,nan,nan,nan,nan,nan,nan,nan,nan,nan,nan,nan,nan,nan,0.0,nan,nan,0.0,nan,nan,0.0,nan,nan,0.0,nan,nan
base,cabinet,27,1,True,83,39,68,58,5,11,9,48.0,0.44107521535753363,7.228924979880335,0.17681363783107426,0.4015844144208863,0.667777476088987,0.8964621091031042,0.2956382295611356,0.0,artifacts/goal_bowl_destination_steering_formal_t1_lambda2_combined/goal_bowl_destination_base_cabinet_init27_repeat1_success.json,0.0,nan,nan,0.0,nan,nan,0.0,nan,nan,0.0,nan,nan,0.0,nan,nan,0.0,nan,nan,0.0,nan,nan,0.0,nan,nan,0.0,nan,nan,0.0,nan,nan,0.0,nan,nan,0.0,nan,nan
base,cabinet,28,0,True,90,42,54,62,6,8,10,52.0,0.46883962288624664,7.344398401226823,0.15997998999769952,0.3506909987383038,0.6004307599747061,0.8210642500774467,0.26340489474123274,0.0,artifacts/goal_bowl_destination_steering_formal_t1_lambda2_combined/goal_bowl_destination_base_cabinet_init28_repeat0_success.json,0.0,nan,nan,0.0,nan,nan,0.0,nan,nan,0.0,nan,nan,0.0,nan,nan,0.0,nan,nan,0.0,nan,nan,0.0,nan,nan,0.0,nan,nan,0.0,nan,nan,0.0,nan,nan,0.0,nan,nan
base,cabinet,28,1,True,78,42,,61,6,,10,51.0,0.46409199149880775,7.329700272217424,0.1879626481578174,0.44204565063855955,0.7173732416728532,0.9380193716366182,0.3175806604122939,0.0,artifacts/goal_bowl_destination_steering_formal_t1_lambda2_combined/goal_bowl_destination_base_cabinet_init28_repeat1_success.json,0.0,nan,nan,0.0,nan,nan,0.0,nan,nan,0.0,nan,nan,nan,nan,nan,nan,nan,nan,nan,nan,nan,nan,nan,nan,0.0,nan,nan,0.0,nan,nan,0.0,nan,nan,0.0,nan,nan
base,cabinet,29,0,True,84,41,55,61,6,9,10,51.0,0.44348575295244297,7.169651645632938,0.15555919396628287,0.36703683200673226,0.6364617250675961,0.8799968586064393,0.2728448950779111,0.0,artifacts/goal_bowl_destination_steering_formal_t1_lambda2_combined/goal_bowl_destination_base_cabinet_init29_repeat0_success.json,0.0,nan,nan,0.0,nan,nan,0.0,nan,nan,0.0,nan,nan,0.0,nan,nan,0.0,nan,nan,0.0,nan,nan,0.0,nan,nan,0.0,nan,nan,0.0,nan,nan,0.0,nan,nan,0.0,nan,nan
base,cabinet,29,1,True,81,39,72,60,5,12,10,50.0,0.44136405809381796,7.098156171735292,0.1568058212919806,0.37901556111844975,0.6471063474300677,0.8770883621687152,0.2776503639606317,0.0,artifacts/goal_bowl_destination_steering_formal_t1_lambda2_combined/goal_bowl_destination_base_cabinet_init29_repeat1_success.json,0.0,nan,nan,0.0,nan,nan,0.0,nan,nan,0.0,nan,nan,0.0,nan,nan,0.0,nan,nan,0.0,nan,nan,0.0,nan,nan,0.0,nan,nan,0.0,nan,nan,0.0,nan,nan,0.0,nan,nan
base,cabinet,2,0,True,80,39,72,59,5,12,9,49.0,0.44143410851193476,7.5672307448759195,0.1907104108306158,0.4392213502962197,0.715336511773778,0.943705566713927,0.318512814787577,0.0,artifacts/goal_bowl_destination_steering_formal_t1_lambda2_combined/goal_bowl_destination_base_cabinet_init2_repeat0_success.json,0.0,nan,nan,0.0,nan,nan,0.0,nan,nan,0.0,nan,nan,0.0,nan,nan,0.0,nan,nan,0.0,nan,nan,0.0,nan,nan,0.0,nan,nan,0.0,nan,nan,0.0,nan,nan,0.0,nan,nan
base,cabinet,2,1,True,130,40,50,59,6,8,9,49.0,0.44832265211093875,7.293554255724409,0.20270328637778648,0.4440517308881652,0.46151768283705613,0.26907949259287445,0.2750107045083604,0.0,artifacts/goal_bowl_destination_steering_formal_t1_lambda2_combined/goal_bowl_destination_base_cabinet_init2_repeat1_success.json,0.0,nan,nan,0.0,nan,nan,0.0,nan,nan,0.0,nan,nan,0.0,nan,nan,0.0,nan,nan,0.0,nan,nan,0.0,nan,nan,0.0,nan,nan,0.0,nan,nan,0.0,nan,nan,0.0,nan,nan
base,cabinet,30,0,True,88,42,55,61,6,9,10,51.0,0.4606376628521967,7.428549894729418,0.17615832061219092,0.393875103823322,0.6729860499938423,0.9226582210136272,0.2944944920256011,0.0,artifacts/goal_bowl_destination_steering_formal_t1_lambda2_combined/goal_bowl_destination_base_cabinet_init30_repeat0_success.json,0.0,nan,nan,0.0,nan,nan,0.0,nan,nan,0.0,nan,nan,0.0,nan,nan,0.0,nan,nan,0.0,nan,nan,0.0,nan,nan,0.0,nan,nan,0.0,nan,nan,0.0,nan,nan,0.0,nan,nan
base,cabinet,30,1,True,87,42,56,62,6,9,10,52.0,0.4654401833383619,7.433497598703388,0.1746397693786588,0.39501316007420495,0.6734062343306694,0.910892804416989,0.29401524437261545,0.0,artifacts/goal_bowl_destination_steering_formal_t1_lambda2_combined/goal_bowl_destination_base_cabinet_init30_repeat1_success.json,0.0,nan,nan,0.0,nan,nan,0.0,nan,nan,0.0,nan,nan,0.0,nan,nan,0.0,nan,nan,0.0,nan,nan,0.0,nan,nan,0.0,nan,nan,0.0,nan,nan,0.0,nan,nan,0.0,nan,nan
base,cabinet,31,0,True,82,39,53,59,5,8,9,49.0,0.43588480972545396,7.223719367936763,0.20074117823702106,0.44478114330993634,0.7146210009472124,0.9264029844109773,0.3249482973357299,0.0,artifacts/goal_bowl_destination_steering_formal_t1_lambda2_combined/goal_bowl_destination_base_cabinet_init31_repeat0_success.json,0.0,nan,nan,0.0,nan,nan,0.0,nan,nan,0.0,nan,nan,0.0,nan,nan,0.0,nan,nan,0.0,nan,nan,0.0,nan,nan,0.0,nan,nan,0.0,nan,nan,0.0,nan,nan,0.0,nan,nan
base,cabinet,31,1,True,76,39,50,58,5,8,9,48.0,0.41385514120368533,7.012553449760551,0.21642820389164114,0.48824645638595926,0.7541892535188403,0.958438010345051,0.3476107069611237,0.0,artifacts/goal_bowl_destination_steering_formal_t1_lambda2_combined/goal_bowl_destination_base_cabinet_init31_repeat1_success.json,0.0,nan,nan,0.0,nan,nan,0.0,nan,nan,0.0,nan,nan,0.0,nan,nan,0.0,nan,nan,0.0,nan,nan,0.0,nan,nan,0.0,nan,nan,0.0,nan,nan,0.0,nan,nan,0.0,nan,nan
base,cabinet,32,0,True,83,37,60,58,5,10,9,48.0,0.43316982423584327,6.963773751291663,0.15603399759593783,0.34599470548581346,0.5979805559819606,0.8281243824922183,0.26084975139493477,0.0,artifacts/goal_bowl_destination_steering_formal_t1_lambda2_combined/goal_bowl_destination_base_cabinet_init32_repeat0_success.json,0.0,nan,nan,0.0,nan,nan,0.0,nan,nan,0.0,nan,nan,0.0,nan,nan,0.0,nan,nan,0.0,nan,nan,0.0,nan,nan,0.0,nan,nan,0.0,nan,nan,0.0,nan,nan,0.0,nan,nan
base,cabinet,32,1,True,81,38,51,57,5,8,9,47.0,0.4170487488997988,6.917590025248283,0.17128684145915032,0.3889882324961307,0.652418022865089,0.8913056163004669,0.2873269820165551,0.0,artifacts/goal_bowl_destination_steering_formal_t1_lambda2_combined/goal_bowl_destination_base_cabinet_init32_repeat1_success.json,0.0,nan,nan,0.0,nan,nan,0.0,nan,nan,0.0,nan,nan,0.0,nan,nan,0.0,nan,nan,0.0,nan,nan,0.0,nan,nan,0.0,nan,nan,0.0,nan,nan,0.0,nan,nan,0.0,nan,nan
base,cabinet,33,0,True,83,38,55,58,5,9,9,48.0,0.4200764671217109,6.687283031831328,0.16287487819297378,0.38236082790577275,0.6470178659578399,0.8774652726175497,0.281198816750186,0.0,artifacts/goal_bowl_destination_steering_formal_t1_lambda2_combined/goal_bowl_destination_base_cabinet_init33_repeat0_success.json,0.0,nan,nan,0.0,nan,nan,0.0,nan,nan,0.0,nan,nan,0.0,nan,nan,0.0,nan,nan,0.0,nan,nan,0.0,nan,nan,0.0,nan,nan,0.0,nan,nan,0.0,nan,nan,0.0,nan,nan
base,cabinet,33,1,True,79,37,51,57,5,8,9,47.0,0.41626293604919395,6.839100557566613,0.187839470603307,0.42146459701149847,0.6908484505369884,0.9191319624924471,0.30917671517441414,0.0,artifacts/goal_bowl_destination_steering_formal_t1_lambda2_combined/goal_bowl_destination_base_cabinet_init33_repeat1_success.json,0.0,nan,nan,0.0,nan,nan,0.0,nan,nan,0.0,nan,nan,0.0,nan,nan,0.0,nan,nan,0.0,nan,nan,0.0,nan,nan,0.0,nan,nan,0.0,nan,nan,0.0,nan,nan,0.0,nan,nan
base,cabinet,34,0,True,89,41,53,59,6,8,9,49.0,0.43193170074009035,7.463351635016939,0.1599172647789609,0.3454700144979049,0.5882487816404945,0.833916729407042,0.2606675839703109,0.0,artifacts/goal_bowl_destination_steering_formal_t1_lambda2_combined/goal_bowl_destination_base_cabinet_init34_repeat0_success.json,0.0,nan,nan,0.0,nan,nan,0.0,nan,nan,0.0,nan,nan,0.0,nan,nan,0.0,nan,nan,0.0,nan,nan,0.0,nan,nan,0.0,nan,nan,0.0,nan,nan,0.0,nan,nan,0.0,nan,nan
base,cabinet,34,1,True,92,40,52,59,6,8,9,49.0,0.4444063246798073,7.561042866059299,0.16641853833996165,0.36043673776949886,0.5888589350162404,0.8086725395203397,0.26697743046397043,0.0,artifacts/goal_bowl_destination_steering_formal_t1_lambda2_combined/goal_bowl_destination_base_cabinet_init34_repeat1_success.json,0.0,nan,nan,0.0,nan,nan,0.0,nan,nan,0.0,nan,nan,0.0,nan,nan,0.0,nan,nan,0.0,nan,nan,0.0,nan,nan,0.0,nan,nan,0.0,nan,nan,0.0,nan,nan,0.0,nan,nan
base,cabinet,35,0,True,80,38,49,57,5,7,9,47.0,0.420853114299873,7.21142606687788,0.16822679008930067,0.3802467015735652,0.6471554910443937,0.8788566717559549,0.2831894010474317,0.0,artifacts/goal_bowl_destination_steering_formal_t1_lambda2_combined/goal_bowl_destination_base_cabinet_init35_repeat0_success.json,0.0,nan,nan,0.0,nan,nan,0.0,nan,nan,0.0,nan,nan,0.0,nan,nan,0.0,nan,nan,0.0,nan,nan,0.0,nan,nan,0.0,nan,nan,0.0,nan,nan,0.0,nan,nan,0.0,nan,nan
base,cabinet,35,1,True,77,37,50,56,5,8,9,46.0,0.41616786757849095,7.00278904206419,0.16549557459392708,0.3835667906071737,0.6517714925441929,0.8833575396840753,0.28391637247418755,0.0,artifacts/goal_bowl_destination_steering_formal_t1_lambda2_combined/goal_bowl_destination_base_cabinet_init35_repeat1_success.json,0.0,nan,nan,0.0,nan,nan,0.0,nan,nan,0.0,nan,nan,0.0,nan,nan,0.0,nan,nan,0.0,nan,nan,0.0,nan,nan,0.0,nan,nan,0.0,nan,nan,0.0,nan,nan,0.0,nan,nan
base,cabinet,36,0,True,81,39,52,58,5,8,9,48.0,0.4219577247367586,7.020992084708921,0.15975399801223872,0.3544546385784036,0.624148743073209,0.875324546107848,0.26884526855859986,0.0,artifacts/goal_bowl_destination_steering_formal_t1_lambda2_combined/goal_bowl_destination_base_cabinet_init36_repeat0_success.json,0.0,nan,nan,0.0,nan,nan,0.0,nan,nan,0.0,nan,nan,0.0,nan,nan,0.0,nan,nan,0.0,nan,nan,0.0,nan,nan,0.0,nan,nan,0.0,nan,nan,0.0,nan,nan,0.0,nan,nan
base,cabinet,36,1,True,82,38,53,58,5,8,9,48.0,0.4247405817601275,6.859078644338274,0.1721212728932428,0.3934554310678114,0.6713914232583349,0.909197881762264,0.29219519863468024,0.0,artifacts/goal_bowl_destination_steering_formal_t1_lambda2_combined/goal_bowl_destination_base_cabinet_init36_repeat1_success.json,0.0,nan,nan,0.0,nan,nan,0.0,nan,nan,0.0,nan,nan,0.0,nan,nan,0.0,nan,nan,0.0,nan,nan,0.0,nan,nan,0.0,nan,nan,0.0,nan,nan,0.0,nan,nan,0.0,nan,nan
base,cabinet,37,0,True,90,41,67,59,6,11,9,49.0,0.41052497760091344,7.152789222391017,0.13624998635710198,0.2879965230717719,0.46191969465482025,0.6600603951056646,0.21325636442162152,0.0,artifacts/goal_bowl_destination_steering_formal_t1_lambda2_combined/goal_bowl_destination_base_cabinet_init37_repeat0_success.json,0.0,nan,nan,0.0,nan,nan,0.0,nan,nan,0.0,nan,nan,0.0,nan,nan,0.0,nan,nan,0.0,nan,nan,0.0,nan,nan,0.0,nan,nan,0.0,nan,nan,0.0,nan,nan,0.0,nan,nan
base,cabinet,37,1,True,87,40,59,59,6,9,9,49.0,0.41631755773541046,7.130046717145428,0.14163675856643843,0.29562186772915217,0.4785637580410186,0.6775722725314124,0.22041455156528217,0.0,artifacts/goal_bowl_destination_steering_formal_t1_lambda2_combined/goal_bowl_destination_base_cabinet_init37_repeat1_success.json,0.0,nan,nan,0.0,nan,nan,0.0,nan,nan,0.0,nan,nan,0.0,nan,nan,0.0,nan,nan,0.0,nan,nan,0.0,nan,nan,0.0,nan,nan,0.0,nan,nan,0.0,nan,nan,0.0,nan,nan
base,cabinet,38,0,True,84,42,57,64,6,9,10,54.0,0.4666101311160831,7.490751599345177,0.17110808715384224,0.39741178768139546,0.6601850035602871,0.8757102975200709,0.29046445801762266,0.0,artifacts/goal_bowl_destination_steering_formal_t1_lambda2_combined/goal_bowl_destination_base_cabinet_init38_repeat0_success.json,0.0,nan,nan,0.0,nan,nan,0.0,nan,nan,0.0,nan,nan,0.0,nan,nan,0.0,nan,nan,0.0,nan,nan,0.0,nan,nan,0.0,nan,nan,0.0,nan,nan,0.0,nan,nan,0.0,nan,nan
base,cabinet,38,1,True,83,40,55,62,6,9,10,52.0,0.44747886424432476,7.237486627641718,0.15891581759756995,0.3721522785117724,0.6280907885423141,0.8454605245044868,0.27360293947262315,0.0,artifacts/goal_bowl_destination_steering_formal_t1_lambda2_combined/goal_bowl_destination_base_cabinet_init38_repeat1_success.json,0.0,nan,nan,0.0,nan,nan,0.0,nan,nan,0.0,nan,nan,0.0,nan,nan,0.0,nan,nan,0.0,nan,nan,0.0,nan,nan,0.0,nan,nan,0.0,nan,nan,0.0,nan,nan,0.0,nan,nan
base,cabinet,39,0,True,87,41,56,62,6,9,10,52.0,0.4660138474367382,6.945834533586263,0.18202217975717103,0.41354018751255955,0.6777362776198168,0.8942277975622871,0.30241641604330805,0.0,artifacts/goal_bowl_destination_steering_formal_t1_lambda2_combined/goal_bowl_destination_base_cabinet_init39_repeat0_success.json,0.0,nan,nan,0.0,nan,nan,0.0,nan,nan,0.0,nan,nan,0.0,nan,nan,0.0,nan,nan,0.0,nan,nan,0.0,nan,nan,0.0,nan,nan,0.0,nan,nan,0.0,nan,nan,0.0,nan,nan
base,cabinet,39,1,True,80,41,52,60,6,8,10,50.0,0.4489619719480488,6.928283513548162,0.19997734689349805,0.4395907661502259,0.7141105564376279,0.9436001886110861,0.3222094064859337,0.0,artifacts/goal_bowl_destination_steering_formal_t1_lambda2_combined/goal_bowl_destination_base_cabinet_init39_repeat1_success.json,0.0,nan,nan,0.0,nan,nan,0.0,nan,nan,0.0,nan,nan,0.0,nan,nan,0.0,nan,nan,0.0,nan,nan,0.0,nan,nan,0.0,nan,nan,0.0,nan,nan,0.0,nan,nan,0.0,nan,nan
base,cabinet,3,0,True,97,44,57,63,6,9,10,53.0,0.4780497201778469,7.489337654906804,0.17145933097739938,0.35963428147395987,0.5732737748992794,0.7727331983301663,0.2657624598674084,0.0,artifacts/goal_bowl_destination_steering_formal_t1_lambda2_combined/goal_bowl_destination_base_cabinet_init3_repeat0_success.json,0.0,nan,nan,0.0,nan,nan,0.0,nan,nan,0.0,nan,nan,0.0,nan,nan,0.0,nan,nan,0.0,nan,nan,0.0,nan,nan,0.0,nan,nan,0.0,nan,nan,0.0,nan,nan,0.0,nan,nan
base,cabinet,3,1,True,97,43,59,62,6,9,10,52.0,0.4624764942158938,7.169133272025258,0.16904540127651546,0.35251037767588744,0.5598959851199831,0.7678094433549904,0.2611312352820046,0.0,artifacts/goal_bowl_destination_steering_formal_t1_lambda2_combined/goal_bowl_destination_base_cabinet_init3_repeat1_success.json,0.0,nan,nan,0.0,nan,nan,0.0,nan,nan,0.0,nan,nan,0.0,nan,nan,0.0,nan,nan,0.0,nan,nan,0.0,nan,nan,0.0,nan,nan,0.0,nan,nan,0.0,nan,nan,0.0,nan,nan
base,cabinet,40,0,True,85,38,64,60,5,10,10,50.0,0.4213471391097388,6.8251920566363085,0.1554455231714992,0.34965668437384506,0.5950241736915667,0.824516415489637,0.26084156022546234,0.0,artifacts/goal_bowl_destination_steering_formal_t1_lambda2_combined/goal_bowl_destination_base_cabinet_init40_repeat0_success.json,0.0,nan,nan,0.0,nan,nan,0.0,nan,nan,0.0,nan,nan,0.0,nan,nan,0.0,nan,nan,0.0,nan,nan,0.0,nan,nan,0.0,nan,nan,0.0,nan,nan,0.0,nan,nan,0.0,nan,nan
base,cabinet,40,1,True,85,39,75,61,5,13,10,51.0,0.43274716568090627,7.413524254866882,0.1539096851626252,0.3655950404291645,0.6391566657735307,0.8660062078674169,0.2722014533727489,0.0,artifacts/goal_bowl_destination_steering_formal_t1_lambda2_combined/goal_bowl_destination_base_cabinet_init40_repeat1_success.json,0.0,nan,nan,0.0,nan,nan,0.0,nan,nan,0.0,nan,nan,0.0,nan,nan,0.0,nan,nan,0.0,nan,nan,0.0,nan,nan,0.0,nan,nan,0.0,nan,nan,0.0,nan,nan,0.0,nan,nan
base,cabinet,41,0,True,83,37,54,56,5,8,9,46.0,0.4110992081987736,6.996268074208167,0.15446259828233644,0.33175847692505733,0.5750407297475372,0.7987824280182003,0.2525466850189564,0.0,artifacts/goal_bowl_destination_steering_formal_t1_lambda2_combined/goal_bowl_destination_base_cabinet_init41_repeat0_success.json,0.0,nan,nan,0.0,nan,nan,0.0,nan,nan,0.0,nan,nan,0.0,nan,nan,0.0,nan,nan,0.0,nan,nan,0.0,nan,nan,0.0,nan,nan,0.0,nan,nan,0.0,nan,nan,0.0,nan,nan
base,cabinet,41,1,True,83,39,50,59,5,8,9,49.0,0.42920936555446754,7.609166549815321,0.16560450325467274,0.371597659029875,0.6122200120238018,0.8135248399045113,0.27321004636778057,0.0,artifacts/goal_bowl_destination_steering_formal_t1_lambda2_combined/goal_bowl_destination_base_cabinet_init41_repeat1_success.json,0.0,nan,nan,0.0,nan,nan,0.0,nan,nan,0.0,nan,nan,0.0,nan,nan,0.0,nan,nan,0.0,nan,nan,0.0,nan,nan,0.0,nan,nan,0.0,nan,nan,0.0,nan,nan,0.0,nan,nan
base,cabinet,42,0,True,84,38,,58,5,,9,48.0,0.42906590925809385,7.163423058258593,0.17675414402025078,0.40346529618089105,0.653647838529556,0.871901297971141,0.2928011189396031,0.0,artifacts/goal_bowl_destination_steering_formal_t1_lambda2_combined/goal_bowl_destination_base_cabinet_init42_repeat0_success.json,0.0,nan,nan,0.0,nan,nan,0.0,nan,nan,0.0,nan,nan,nan,nan,nan,nan,nan,nan,nan,nan,nan,nan,nan,nan,0.0,nan,nan,0.0,nan,nan,0.0,nan,nan,0.0,nan,nan
base,cabinet,42,1,True,84,37,80,58,5,14,9,48.0,0.4248435228167438,7.34696171468432,0.15317465788924603,0.370241774435791,0.6333804032197226,0.8671693327718331,0.2714283135785952,0.0,artifacts/goal_bowl_destination_steering_formal_t1_lambda2_combined/goal_bowl_destination_base_cabinet_init42_repeat1_success.json,0.0,nan,nan,0.0,nan,nan,0.0,nan,nan,0.0,nan,nan,0.0,nan,nan,0.0,nan,nan,0.0,nan,nan,nan,nan,nan,0.0,nan,nan,0.0,nan,nan,0.0,nan,nan,0.0,nan,nan
base,cabinet,43,0,True,82,39,49,64,5,7,10,54.0,0.4631093296576658,7.44065817309224,0.17641573159252233,0.3905269389216699,0.6174575659356144,0.8089248093377762,0.2831718532289451,0.0,artifacts/goal_bowl_destination_steering_formal_t1_lambda2_combined/goal_bowl_destination_base_cabinet_init43_repeat0_success.json,0.0,nan,nan,0.0,nan,nan,0.0,nan,nan,0.0,nan,nan,0.0,nan,nan,0.0,nan,nan,0.0,nan,nan,0.0,nan,nan,0.0,nan,nan,0.0,nan,nan,0.0,nan,nan,0.0,nan,nan
base,cabinet,43,1,True,78,40,63,61,6,10,10,51.0,0.4150198738078111,7.087787548825482,0.17656482725473058,0.3987298108057604,0.6693073492688265,0.9052802091991211,0.2947623882558895,0.0,artifacts/goal_bowl_destination_steering_formal_t1_lambda2_combined/goal_bowl_destination_base_cabinet_init43_repeat1_success.json,0.0,nan,nan,0.0,nan,nan,0.0,nan,nan,0.0,nan,nan,0.0,nan,nan,0.0,nan,nan,0.0,nan,nan,0.0,nan,nan,0.0,nan,nan,0.0,nan,nan,0.0,nan,nan,0.0,nan,nan
base,cabinet,44,0,True,81,38,52,58,5,8,9,48.0,0.4212807693764358,6.912284456463662,0.1637075136548277,0.34679122992941036,0.5735811682424733,0.7805560945943056,0.2593047869344907,0.0,artifacts/goal_bowl_destination_steering_formal_t1_lambda2_combined/goal_bowl_destination_base_cabinet_init44_repeat0_success.json,0.0,nan,nan,0.0,nan,nan,0.0,nan,nan,0.0,nan,nan,0.0,nan,nan,0.0,nan,nan,0.0,nan,nan,0.0,nan,nan,0.0,nan,nan,0.0,nan,nan,0.0,nan,nan,0.0,nan,nan
base,cabinet,44,1,True,80,39,51,59,5,8,9,49.0,0.4149519738410302,7.1906621423355945,0.150229953329084,0.33953572373588475,0.603112971864617,0.8341485132998455,0.2569968393018773,0.0,artifacts/goal_bowl_destination_steering_formal_t1_lambda2_combined/goal_bowl_destination_base_cabinet_init44_repeat1_success.json,0.0,nan,nan,0.0,nan,nan,0.0,nan,nan,0.0,nan,nan,0.0,nan,nan,0.0,nan,nan,0.0,nan,nan,0.0,nan,nan,0.0,nan,nan,0.0,nan,nan,0.0,nan,nan,0.0,nan,nan
base,cabinet,45,0,True,87,41,57,63,6,9,10,53.0,0.46546361368204153,7.3874099865257135,0.16659789774034872,0.35859585362312213,0.5942750322926805,0.7990495868164851,0.26673891245234144,0.0,artifacts/goal_bowl_destination_steering_formal_t1_lambda2_combined/goal_bowl_destination_base_cabinet_init45_repeat0_success.json,0.0,nan,nan,0.0,nan,nan,0.0,nan,nan,0.0,nan,nan,0.0,nan,nan,0.0,nan,nan,0.0,nan,nan,0.0,nan,nan,0.0,nan,nan,0.0,nan,nan,0.0,nan,nan,0.0,nan,nan
base,cabinet,45,1,True,84,39,55,58,5,9,9,48.0,0.4178020430051492,7.344443226434895,0.15079478360406032,0.32360313117729095,0.5517849392395967,0.762082021971622,0.24469243471328964,0.0,artifacts/goal_bowl_destination_steering_formal_t1_lambda2_combined/goal_bowl_destination_base_cabinet_init45_repeat1_success.json,0.0,nan,nan,0.0,nan,nan,0.0,nan,nan,0.0,nan,nan,0.0,nan,nan,0.0,nan,nan,0.0,nan,nan,0.0,nan,nan,0.0,nan,nan,0.0,nan,nan,0.0,nan,nan,0.0,nan,nan
base,cabinet,46,0,True,81,40,51,59,6,8,9,49.0,0.42974694363275645,6.92511708592519,0.17448242517874207,0.3826641502145054,0.6529910462196218,0.8974450011166409,0.28754670520970527,0.0,artifacts/goal_bowl_destination_steering_formal_t1_lambda2_combined/goal_bowl_destination_base_cabinet_init46_repeat0_success.json,0.0,nan,nan,0.0,nan,nan,0.0,nan,nan,0.0,nan,nan,0.0,nan,nan,0.0,nan,nan,0.0,nan,nan,0.0,nan,nan,0.0,nan,nan,0.0,nan,nan,0.0,nan,nan,0.0,nan,nan
base,cabinet,46,1,True,85,39,49,58,5,7,9,48.0,0.43011018230950737,6.887647353125415,0.17391390220659414,0.3893516993714185,0.6490145092193305,0.8825195804057993,0.28814849376329,0.0,artifacts/goal_bowl_destination_steering_formal_t1_lambda2_combined/goal_bowl_destination_base_cabinet_init46_repeat1_success.json,0.0,nan,nan,0.0,nan,nan,0.0,nan,nan,0.0,nan,nan,0.0,nan,nan,0.0,nan,nan,0.0,nan,nan,0.0,nan,nan,0.0,nan,nan,0.0,nan,nan,0.0,nan,nan,0.0,nan,nan
base,cabinet,47,0,True,86,43,54,62,6,8,10,52.0,0.4370410318501435,6.944960394609403,0.15733705191317385,0.37667184360981226,0.6211740187265642,0.8300635777169053,0.27236270508904087,0.0,artifacts/goal_bowl_destination_steering_formal_t1_lambda2_combined/goal_bowl_destination_base_cabinet_init47_repeat0_success.json,0.0,nan,nan,0.0,nan,nan,0.0,nan,nan,0.0,nan,nan,0.0,nan,nan,0.0,nan,nan,0.0,nan,nan,0.0,nan,nan,0.0,nan,nan,0.0,nan,nan,0.0,nan,nan,0.0,nan,nan
base,cabinet,47,1,True,88,43,53,61,6,8,10,51.0,0.43625743227892816,6.858187841902592,0.1389186476490375,0.3378682525283731,0.5603736664641157,0.7790712589216247,0.24474123896769298,0.0,artifacts/goal_bowl_destination_steering_formal_t1_lambda2_combined/goal_bowl_destination_base_cabinet_init47_repeat1_success.json,0.0,nan,nan,0.0,nan,nan,0.0,nan,nan,0.0,nan,nan,0.0,nan,nan,0.0,nan,nan,0.0,nan,nan,0.0,nan,nan,0.0,nan,nan,0.0,nan,nan,0.0,nan,nan,0.0,nan,nan
base,cabinet,48,0,True,90,42,54,63,6,8,10,53.0,0.43876213420570476,7.508076849359782,0.16794532647424426,0.3983869496713429,0.6725373669449166,0.9101713305596854,0.2912179837789608,0.0,artifacts/goal_bowl_destination_steering_formal_t1_lambda2_combined/goal_bowl_destination_base_cabinet_init48_repeat0_success.json,0.0,nan,nan,0.0,nan,nan,0.0,nan,nan,0.0,nan,nan,0.0,nan,nan,0.0,nan,nan,0.0,nan,nan,0.0,nan,nan,0.0,nan,nan,0.0,nan,nan,0.0,nan,nan,0.0,nan,nan
base,cabinet,48,1,True,82,41,52,61,6,8,10,51.0,0.4313222996489063,7.0927221831699665,0.18384332668514694,0.43106543563514055,0.7019392743137768,0.9166108436309969,0.3104748259512419,0.0,artifacts/goal_bowl_destination_steering_formal_t1_lambda2_combined/goal_bowl_destination_base_cabinet_init48_repeat1_success.json,0.0,nan,nan,0.0,nan,nan,0.0,nan,nan,0.0,nan,nan,0.0,nan,nan,0.0,nan,nan,0.0,nan,nan,0.0,nan,nan,0.0,nan,nan,0.0,nan,nan,0.0,nan,nan,0.0,nan,nan
base,cabinet,49,0,True,89,42,69,60,6,11,10,50.0,0.4611366136561941,7.556782518126334,0.13337852272196365,0.2839497281323269,0.4706377661561493,0.6751921354709947,0.21296528448533383,0.0,artifacts/goal_bowl_destination_steering_formal_t1_lambda2_combined/goal_bowl_destination_base_cabinet_init49_repeat0_success.json,0.0,nan,nan,0.0,nan,nan,0.0,nan,nan,0.0,nan,nan,0.0,nan,nan,0.0,nan,nan,0.0,nan,nan,0.0,nan,nan,0.0,nan,nan,0.0,nan,nan,0.0,nan,nan,0.0,nan,nan
base,cabinet,49,1,True,92,43,64,64,6,10,10,54.0,0.4631799026892751,11.656676200554761,0.13935361499830323,0.29191494228346243,0.479776077059844,0.6788148854979079,0.21890565148211158,0.0,artifacts/goal_bowl_destination_steering_formal_t1_lambda2_combined/goal_bowl_destination_base_cabinet_init49_repeat1_success.json,0.0,nan,nan,0.0,nan,nan,0.0,nan,nan,0.0,nan,nan,0.0,nan,nan,0.0,nan,nan,0.0,nan,nan,0.0,nan,nan,0.0,nan,nan,0.0,nan,nan,0.0,nan,nan,0.0,nan,nan
base,cabinet,4,0,True,81,38,51,57,5,8,9,47.0,0.40656384383076705,6.8352769360618275,0.15442220373761978,0.346098226104389,0.6005097239099166,0.8443410551211877,0.26096479144753754,0.0,artifacts/goal_bowl_destination_steering_formal_t1_lambda2_combined/goal_bowl_destination_base_cabinet_init4_repeat0_success.json,0.0,nan,nan,0.0,nan,nan,0.0,nan,nan,0.0,nan,nan,0.0,nan,nan,0.0,nan,nan,0.0,nan,nan,0.0,nan,nan,0.0,nan,nan,0.0,nan,nan,0.0,nan,nan,0.0,nan,nan
base,cabinet,4,1,True,79,36,48,57,5,7,9,47.0,0.41117596979455673,6.6580032706065815,0.17136246405628902,0.3880438207817955,0.6540606141910064,0.8725327315789264,0.28715336007805836,0.0,artifacts/goal_bowl_destination_steering_formal_t1_lambda2_combined/goal_bowl_destination_base_cabinet_init4_repeat1_success.json,0.0,nan,nan,0.0,nan,nan,0.0,nan,nan,0.0,nan,nan,0.0,nan,nan,0.0,nan,nan,0.0,nan,nan,0.0,nan,nan,0.0,nan,nan,0.0,nan,nan,0.0,nan,nan,0.0,nan,nan
base,cabinet,5,0,True,76,37,47,55,5,7,9,45.0,0.4051308263641243,7.209375665619739,0.19946148203046848,0.45553686733056725,0.7277598039704178,0.9418804468206687,0.3283492187484337,0.0,artifacts/goal_bowl_destination_steering_formal_t1_lambda2_combined/goal_bowl_destination_base_cabinet_init5_repeat0_success.json,0.0,nan,nan,0.0,nan,nan,0.0,nan,nan,0.0,nan,nan,0.0,nan,nan,0.0,nan,nan,0.0,nan,nan,0.0,nan,nan,0.0,nan,nan,0.0,nan,nan,0.0,nan,nan,0.0,nan,nan
base,cabinet,5,1,True,81,39,49,58,5,7,9,48.0,0.4122884225100155,7.0501234044317735,0.18391867811186838,0.412016194679496,0.6844614620242366,0.9202186105285214,0.3039938373091839,0.0,artifacts/goal_bowl_destination_steering_formal_t1_lambda2_combined/goal_bowl_destination_base_cabinet_init5_repeat1_success.json,0.0,nan,nan,0.0,nan,nan,0.0,nan,nan,0.0,nan,nan,0.0,nan,nan,0.0,nan,nan,0.0,nan,nan,0.0,nan,nan,0.0,nan,nan,0.0,nan,nan,0.0,nan,nan,0.0,nan,nan
base,cabinet,6,0,True,79,40,51,58,6,8,9,48.0,0.427262799104271,7.444550386231819,0.1860900974171342,0.4181148560795113,0.6891918801452006,0.9097365098299526,0.3072978907516419,0.0,artifacts/goal_bowl_destination_steering_formal_t1_lambda2_combined/goal_bowl_destination_base_cabinet_init6_repeat0_success.json,0.0,nan,nan,0.0,nan,nan,0.0,nan,nan,0.0,nan,nan,0.0,nan,nan,0.0,nan,nan,0.0,nan,nan,0.0,nan,nan,0.0,nan,nan,0.0,nan,nan,0.0,nan,nan,0.0,nan,nan
base,cabinet,6,1,True,78,39,50,57,5,8,9,47.0,0.4156124297663317,7.068897444693713,0.16250918042891593,0.38951021711163336,0.655581066793452,0.8912461807112927,0.28453107747602097,0.0,artifacts/goal_bowl_destination_steering_formal_t1_lambda2_combined/goal_bowl_destination_base_cabinet_init6_repeat1_success.json,0.0,nan,nan,0.0,nan,nan,0.0,nan,nan,0.0,nan,nan,0.0,nan,nan,0.0,nan,nan,0.0,nan,nan,0.0,nan,nan,0.0,nan,nan,0.0,nan,nan,0.0,nan,nan,0.0,nan,nan
base,cabinet,7,0,True,86,39,76,59,5,13,9,49.0,0.4464504951742019,7.644281147796475,0.15883469816450027,0.35938336546127403,0.600222982509976,0.824623304248652,0.2652366195642072,0.0,artifacts/goal_bowl_destination_steering_formal_t1_lambda2_combined/goal_bowl_destination_base_cabinet_init7_repeat0_success.json,0.0,nan,nan,0.0,nan,nan,0.0,nan,nan,0.0,nan,nan,0.0,nan,nan,0.0,nan,nan,0.0,nan,nan,0.0,nan,nan,0.0,nan,nan,0.0,nan,nan,0.0,nan,nan,0.0,nan,nan
base,cabinet,7,1,True,82,38,56,60,5,9,10,50.0,0.4466774537046015,7.210515851993496,0.15923019286797452,0.3708634810521779,0.6362677460888095,0.8592735741092613,0.2745298165595612,0.0,artifacts/goal_bowl_destination_steering_formal_t1_lambda2_combined/goal_bowl_destination_base_cabinet_init7_repeat1_success.json,0.0,nan,nan,0.0,nan,nan,0.0,nan,nan,0.0,nan,nan,0.0,nan,nan,0.0,nan,nan,0.0,nan,nan,0.0,nan,nan,0.0,nan,nan,0.0,nan,nan,0.0,nan,nan,0.0,nan,nan
base,cabinet,8,0,True,80,38,53,59,5,8,9,49.0,0.4161189345561928,6.782357449578779,0.14879219524732662,0.3574054996969797,0.6203443713257274,0.8483867597108157,0.26451517370346794,0.0,artifacts/goal_bowl_destination_steering_formal_t1_lambda2_combined/goal_bowl_destination_base_cabinet_init8_repeat0_success.json,0.0,nan,nan,0.0,nan,nan,0.0,nan,nan,0.0,nan,nan,0.0,nan,nan,0.0,nan,nan,0.0,nan,nan,0.0,nan,nan,0.0,nan,nan,0.0,nan,nan,0.0,nan,nan,0.0,nan,nan
base,cabinet,8,1,True,81,37,50,58,5,8,9,48.0,0.41363540654320713,6.786464651999316,0.15203097013289496,0.35145340373371337,0.6077111549783942,0.8296516987101215,0.262111481606046,0.0,artifacts/goal_bowl_destination_steering_formal_t1_lambda2_combined/goal_bowl_destination_base_cabinet_init8_repeat1_success.json,0.0,nan,nan,0.0,nan,nan,0.0,nan,nan,0.0,nan,nan,0.0,nan,nan,0.0,nan,nan,0.0,nan,nan,0.0,nan,nan,0.0,nan,nan,0.0,nan,nan,0.0,nan,nan,0.0,nan,nan
base,cabinet,9,0,True,85,40,53,59,6,8,9,49.0,0.43297375784485437,6.944034961233665,0.17349839629084562,0.3894754320243086,0.6505582060183902,0.8841776560745911,0.28780040135754453,0.0,artifacts/goal_bowl_destination_steering_formal_t1_lambda2_combined/goal_bowl_destination_base_cabinet_init9_repeat0_success.json,0.0,nan,nan,0.0,nan,nan,0.0,nan,nan,0.0,nan,nan,0.0,nan,nan,0.0,nan,nan,0.0,nan,nan,0.0,nan,nan,0.0,nan,nan,0.0,nan,nan,0.0,nan,nan,0.0,nan,nan
base,cabinet,9,1,True,85,41,53,60,6,8,10,50.0,0.44026776370220644,7.173430174634833,0.20177276519934792,0.4246794454311184,0.6834895489483288,0.9028286819305094,0.3147689086787179,0.0,artifacts/goal_bowl_destination_steering_formal_t1_lambda2_combined/goal_bowl_destination_base_cabinet_init9_repeat1_success.json,0.0,nan,nan,0.0,nan,nan,0.0,nan,nan,0.0,nan,nan,0.0,nan,nan,0.0,nan,nan,0.0,nan,nan,0.0,nan,nan,0.0,nan,nan,0.0,nan,nan,0.0,nan,nan,0.0,nan,nan
base,plate,0,0,True,73,42,54,62,6,8,10,52.0,0.4455399380425257,8.11865568476232,-0.09173608868892516,-0.04141131962064354,0.1438178643494525,0.36743766320169186,-0.021028212805280205,0.7333333333333333,artifacts/goal_bowl_destination_steering_formal_t1_lambda2_combined/goal_bowl_destination_base_plate_init0_repeat0_success.json,0.0,nan,nan,0.0,nan,nan,0.0,nan,nan,0.0,nan,nan,0.0,nan,nan,0.0,nan,nan,0.0,nan,nan,0.0,nan,nan,0.0,nan,nan,0.0,nan,nan,0.0,nan,nan,0.0,nan,nan
base,plate,0,1,True,74,43,54,63,6,8,10,53.0,0.433370375932201,7.7309077059670575,-0.08736740212648593,-0.05986850152554634,0.12657642003334563,0.3410622524103033,-0.025762396428171946,0.7333333333333333,artifacts/goal_bowl_destination_steering_formal_t1_lambda2_combined/goal_bowl_destination_base_plate_init0_repeat1_success.json,0.0,nan,nan,0.0,nan,nan,0.0,nan,nan,0.0,nan,nan,0.0,nan,nan,0.0,nan,nan,0.0,nan,nan,0.0,nan,nan,0.0,nan,nan,0.0,nan,nan,0.0,nan,nan,0.0,nan,nan
base,plate,10,0,True,72,44,58,64,6,9,10,54.0,0.49016548923204034,8.305455968818258,-0.0686897388122346,0.033903820625584564,0.2605910285213007,0.3732564287724332,0.02502493522003102,0.6,artifacts/goal_bowl_destination_steering_formal_t1_lambda2_combined/goal_bowl_destination_base_plate_init10_repeat0_success.json,0.0,nan,nan,0.0,nan,nan,0.0,nan,nan,0.0,nan,nan,0.0,nan,nan,0.0,nan,nan,0.0,nan,nan,0.0,nan,nan,0.0,nan,nan,0.0,nan,nan,0.0,nan,nan,0.0,nan,nan
base,plate,10,1,True,72,45,58,65,7,9,11,55.0,0.4925447790416051,8.305238864921094,-0.07233036896231501,0.06584185020067926,0.29167862427708957,0.36638383442062283,0.03611125736896098,0.5333333333333333,artifacts/goal_bowl_destination_steering_formal_t1_lambda2_combined/goal_bowl_destination_base_plate_init10_repeat1_success.json,0.0,nan,nan,0.0,nan,nan,0.0,nan,nan,0.0,nan,nan,0.0,nan,nan,0.0,nan,nan,0.0,nan,nan,0.0,nan,nan,0.0,nan,nan,0.0,nan,nan,0.0,nan,nan,0.0,nan,nan
base,plate,11,0,True,74,45,65,66,7,11,11,56.0,0.48171948342765997,8.064451864053664,-0.05559908022627413,0.0433654705642258,0.23685454166329797,0.34366490511735925,0.030043766735570288,0.5333333333333333,artifacts/goal_bowl_destination_steering_formal_t1_lambda2_combined/goal_bowl_destination_base_plate_init11_repeat0_success.json,0.0,nan,nan,0.0,nan,nan,0.0,nan,nan,0.0,nan,nan,0.0,nan,nan,0.0,nan,nan,0.0,nan,nan,0.0,nan,nan,0.0,nan,nan,0.0,nan,nan,0.0,nan,nan,0.0,nan,nan
base,plate,11,1,True,73,44,59,66,6,9,11,56.0,0.49569736465441494,7.809085348517632,-0.05250622522438247,0.060083078831305974,0.26622615323825266,0.3426744089359353,0.0397975224413807,0.5333333333333333,artifacts/goal_bowl_destination_steering_formal_t1_lambda2_combined/goal_bowl_destination_base_plate_init11_repeat1_success.json,0.0,nan,nan,0.0,nan,nan,0.0,nan,nan,0.0,nan,nan,0.0,nan,nan,0.0,nan,nan,0.0,nan,nan,0.0,nan,nan,0.0,nan,nan,0.0,nan,nan,0.0,nan,nan,0.0,nan,nan
base,plate,12,0,True,78,46,63,68,7,10,11,58.0,0.46357146403737554,8.205725898325532,-0.05708127388778576,0.003754707199858032,0.20965262971225082,0.42422073985568237,0.017054523669354317,0.6,artifacts/goal_bowl_destination_steering_formal_t1_lambda2_combined/goal_bowl_destination_base_plate_init12_repeat0_success.json,0.0,nan,nan,0.0,nan,nan,0.0,nan,nan,0.0,nan,nan,0.0,nan,nan,0.0,nan,nan,0.0,nan,nan,0.0,nan,nan,0.0,nan,nan,0.0,nan,nan,0.0,nan,nan,0.0,nan,nan
base,plate,12,1,True,77,46,82,65,7,14,11,55.0,0.4608034248633133,8.227936784004724,-0.049972169017392834,0.01030934810513749,0.18210839126514888,0.3754096000581814,0.014878619051157237,0.6,artifacts/goal_bowl_destination_steering_formal_t1_lambda2_combined/goal_bowl_destination_base_plate_init12_repeat1_success.json,0.0,nan,nan,0.0,nan,nan,0.0,nan,nan,0.0,nan,nan,0.0,nan,nan,0.0,nan,nan,nan,nan,nan,nan,nan,nan,0.0,nan,nan,0.0,nan,nan,0.0,nan,nan,0.0,nan,nan
base,plate,13,0,True,89,51,97,71,8,17,12,61.0,0.47547398255647544,7.8585043851463405,-0.0660380653754644,-0.0785181017227416,-0.011020565314602429,0.14537681701740407,-0.04793603836311979,1.0,artifacts/goal_bowl_destination_steering_formal_t1_lambda2_combined/goal_bowl_destination_base_plate_init13_repeat0_success.json,0.0,nan,nan,0.0,nan,nan,0.0,nan,nan,0.0,nan,nan,0.0,nan,nan,nan,nan,nan,nan,nan,nan,nan,nan,nan,0.0,nan,nan,0.0,nan,nan,0.0,nan,nan,0.0,nan,nan
base,plate,13,1,True,89,51,,71,8,,12,61.0,0.48372264349620403,8.041214915806961,-0.07187959463286239,-0.08113837232606982,-0.028900095715456507,0.12985072337764034,-0.053678380269838524,1.0,artifacts/goal_bowl_destination_steering_formal_t1_lambda2_combined/goal_bowl_destination_base_plate_init13_repeat1_success.json,0.0,nan,nan,0.0,nan,nan,0.0,nan,nan,0.0,nan,nan,nan,nan,nan,nan,nan,nan,nan,nan,nan,nan,nan,nan,0.0,nan,nan,0.0,nan,nan,0.0,nan,nan,0.0,nan,nan
base,plate,14,0,True,81,49,60,70,7,10,12,60.0,0.4590916689046122,6.751398305861723,-0.0598122226181545,0.023777689750642036,0.1767747377501149,0.34142496571205216,0.010726048985297403,0.6,artifacts/goal_bowl_destination_steering_formal_t1_lambda2_combined/goal_bowl_destination_base_plate_init14_repeat0_success.json,0.0,nan,nan,0.0,nan,nan,0.0,nan,nan,0.0,nan,nan,0.0,nan,nan,0.0,nan,nan,0.0,nan,nan,0.0,nan,nan,0.0,nan,nan,0.0,nan,nan,0.0,nan,nan,0.0,nan,nan
base,plate,14,1,True,77,48,59,69,7,9,11,59.0,0.4576501721639923,7.19251983898015,-0.045486288782156575,0.07456366183670096,0.25270725823345475,0.35041029514052807,0.04281392163743388,0.4666666666666667,artifacts/goal_bowl_destination_steering_formal_t1_lambda2_combined/goal_bowl_destination_base_plate_init14_repeat1_success.json,0.0,nan,nan,0.0,nan,nan,0.0,nan,nan,0.0,nan,nan,0.0,nan,nan,0.0,nan,nan,0.0,nan,nan,0.0,nan,nan,0.0,nan,nan,0.0,nan,nan,0.0,nan,nan,0.0,nan,nan
base,plate,15,0,True,76,44,,63,6,,10,53.0,0.4709037701975272,8.20362927809234,-0.08109954257009595,-0.04230160488226877,0.15877994439542253,0.34547455725105897,-0.014301832775415555,0.7333333333333333,artifacts/goal_bowl_destination_steering_formal_t1_lambda2_combined/goal_bowl_destination_base_plate_init15_repeat0_success.json,0.0,nan,nan,0.0,nan,nan,0.0,nan,nan,0.0,nan,nan,nan,nan,nan,nan,nan,nan,nan,nan,nan,nan,nan,nan,0.0,nan,nan,0.0,nan,nan,0.0,nan,nan,0.0,nan,nan
base,plate,15,1,True,74,43,63,63,6,10,10,53.0,0.4707824054127775,7.872416062013403,-0.08157200850932958,-0.07167475524652718,0.10521867617927949,0.3268109158665305,-0.0319026368981328,0.8,artifacts/goal_bowl_destination_steering_formal_t1_lambda2_combined/goal_bowl_destination_base_plate_init15_repeat1_success.json,0.0,nan,nan,0.0,nan,nan,0.0,nan,nan,0.0,nan,nan,0.0,nan,nan,0.0,nan,nan,0.0,nan,nan,0.0,nan,nan,0.0,nan,nan,0.0,nan,nan,0.0,nan,nan,0.0,nan,nan
base,plate,16,0,True,70,43,56,63,6,9,10,53.0,0.47498563268359767,7.354505096645011,-0.0676272680399447,0.06402473422665654,0.28020527163495124,0.3470343174040918,0.03254267109256004,0.5333333333333333,artifacts/goal_bowl_destination_steering_formal_t1_lambda2_combined/goal_bowl_destination_base_plate_init16_repeat0_success.json,0.0,nan,nan,0.0,nan,nan,0.0,nan,nan,0.0,nan,nan,0.0,nan,nan,0.0,nan,nan,0.0,nan,nan,0.0,nan,nan,0.0,nan,nan,0.0,nan,nan,0.0,nan,nan,0.0,nan,nan
base,plate,16,1,True,71,45,57,64,7,9,10,54.0,0.4781586132752441,7.378304530542416,-0.08189419564927819,0.038846786634353606,0.25566035378999746,0.33439606035354935,0.0185986297323165,0.6,artifacts/goal_bowl_destination_steering_formal_t1_lambda2_combined/goal_bowl_destination_base_plate_init16_repeat1_success.json,0.0,nan,nan,0.0,nan,nan,0.0,nan,nan,0.0,nan,nan,0.0,nan,nan,0.0,nan,nan,0.0,nan,nan,0.0,nan,nan,0.0,nan,nan,0.0,nan,nan,0.0,nan,nan,0.0,nan,nan
base,plate,17,0,True,75,47,61,68,7,10,11,58.0,0.4930411514870657,8.071992816520215,-0.03637207661568947,0.12086664210526232,0.31123952688082934,0.3603687027947508,0.06889110633069066,0.4,artifacts/goal_bowl_destination_steering_formal_t1_lambda2_combined/goal_bowl_destination_base_plate_init17_repeat0_success.json,0.0,nan,nan,0.0,nan,nan,0.0,nan,nan,0.0,nan,nan,0.0,nan,nan,0.0,nan,nan,0.0,nan,nan,0.0,nan,nan,0.0,nan,nan,0.0,nan,nan,0.0,nan,nan,0.0,nan,nan
base,plate,17,1,True,74,47,59,67,7,9,11,57.0,0.5003219208828489,8.541586551442666,-0.04979918756227947,0.08823405647854192,0.2884545666966695,0.3533020388955116,0.05020354787355472,0.4666666666666667,artifacts/goal_bowl_destination_steering_formal_t1_lambda2_combined/goal_bowl_destination_base_plate_init17_repeat1_success.json,0.0,nan,nan,0.0,nan,nan,0.0,nan,nan,0.0,nan,nan,0.0,nan,nan,0.0,nan,nan,0.0,nan,nan,0.0,nan,nan,0.0,nan,nan,0.0,nan,nan,0.0,nan,nan,0.0,nan,nan
base,plate,18,0,True,78,46,58,66,7,9,11,56.0,0.49984590747388136,8.483374595636967,-0.0716863580715899,-0.008656732108501644,0.14450504801506647,0.2944420163713351,-0.00586842747875377,0.6666666666666666,artifacts/goal_bowl_destination_steering_formal_t1_lambda2_combined/goal_bowl_destination_base_plate_init18_repeat0_success.json,0.0,nan,nan,0.0,nan,nan,0.0,nan,nan,0.0,nan,nan,0.0,nan,nan,0.0,nan,nan,0.0,nan,nan,0.0,nan,nan,0.0,nan,nan,0.0,nan,nan,0.0,nan,nan,0.0,nan,nan
base,plate,18,1,True,77,47,60,68,7,10,11,58.0,0.5031283739639479,7.898407164037312,-0.0623990341725719,0.03178189064898542,0.2204325656445242,0.33520667786910946,0.020704803272841847,0.6,artifacts/goal_bowl_destination_steering_formal_t1_lambda2_combined/goal_bowl_destination_base_plate_init18_repeat1_success.json,0.0,nan,nan,0.0,nan,nan,0.0,nan,nan,0.0,nan,nan,0.0,nan,nan,0.0,nan,nan,0.0,nan,nan,0.0,nan,nan,0.0,nan,nan,0.0,nan,nan,0.0,nan,nan,0.0,nan,nan
base,plate,19,0,True,75,43,54,63,6,8,10,53.0,0.4407303389875704,7.917027867881328,-0.080038969682248,-0.0496181853914486,0.10791337896781023,0.2986869792095402,-0.02427653132488934,0.7333333333333333,artifacts/goal_bowl_destination_steering_formal_t1_lambda2_combined/goal_bowl_destination_base_plate_init19_repeat0_success.json,0.0,nan,nan,0.0,nan,nan,0.0,nan,nan,0.0,nan,nan,0.0,nan,nan,0.0,nan,nan,0.0,nan,nan,0.0,nan,nan,0.0,nan,nan,0.0,nan,nan,0.0,nan,nan,0.0,nan,nan
base,plate,19,1,True,78,44,60,66,6,10,11,56.0,0.45424903563094293,8.322756111678252,-0.05997484891104383,-0.028331472093595777,0.13647401840338613,0.3275496402644052,-0.006898357267845308,0.7333333333333333,artifacts/goal_bowl_destination_steering_formal_t1_lambda2_combined/goal_bowl_destination_base_plate_init19_repeat1_success.json,0.0,nan,nan,0.0,nan,nan,0.0,nan,nan,0.0,nan,nan,0.0,nan,nan,0.0,nan,nan,0.0,nan,nan,0.0,nan,nan,0.0,nan,nan,0.0,nan,nan,0.0,nan,nan,0.0,nan,nan
base,plate,1,0,True,80,48,90,66,7,15,11,56.0,0.4834480427472895,8.665790599541257,-0.07818366663415828,-0.06146449304637356,0.09894495297137622,0.2671019327583486,-0.03031012668952742,0.8,artifacts/goal_bowl_destination_steering_formal_t1_lambda2_combined/goal_bowl_destination_base_plate_init1_repeat0_success.json,0.0,nan,nan,0.0,nan,nan,0.0,nan,nan,0.0,nan,nan,0.0,nan,nan,nan,nan,nan,nan,nan,nan,nan,nan,nan,0.0,nan,nan,0.0,nan,nan,0.0,nan,nan,0.0,nan,nan
base,plate,1,1,True,78,48,72,67,7,12,11,57.0,0.48545913825689585,8.621305734976524,-0.09159373637812314,-0.08862556254197354,0.035377361021773024,0.2065034337417776,-0.05194123769716213,0.8666666666666667,artifacts/goal_bowl_destination_steering_formal_t1_lambda2_combined/goal_bowl_destination_base_plate_init1_repeat1_success.json,0.0,nan,nan,0.0,nan,nan,0.0,nan,nan,0.0,nan,nan,0.0,nan,nan,0.0,nan,nan,0.0,nan,nan,0.0,nan,nan,0.0,nan,nan,0.0,nan,nan,0.0,nan,nan,0.0,nan,nan
base,plate,20,0,True,76,44,54,64,6,8,10,54.0,0.46395032576890743,8.303221484255547,-0.10228105384438241,-0.08483395463379563,0.06808092175945708,0.2702673307052969,-0.049615375453363315,0.8666666666666667,artifacts/goal_bowl_destination_steering_formal_t1_lambda2_combined/goal_bowl_destination_base_plate_init20_repeat0_success.json,0.0,nan,nan,0.0,nan,nan,0.0,nan,nan,0.0,nan,nan,0.0,nan,nan,0.0,nan,nan,0.0,nan,nan,0.0,nan,nan,0.0,nan,nan,0.0,nan,nan,0.0,nan,nan,0.0,nan,nan
base,plate,20,1,True,76,44,55,64,6,9,10,54.0,0.4602802252034616,8.058729479030676,-0.11148341143698243,-0.10085824681991522,0.06522579355209009,0.27083147619231124,-0.05817369240140265,0.8666666666666667,artifacts/goal_bowl_destination_steering_formal_t1_lambda2_combined/goal_bowl_destination_base_plate_init20_repeat1_success.json,0.0,nan,nan,0.0,nan,nan,0.0,nan,nan,0.0,nan,nan,0.0,nan,nan,0.0,nan,nan,0.0,nan,nan,0.0,nan,nan,0.0,nan,nan,0.0,nan,nan,0.0,nan,nan,0.0,nan,nan
base,plate,21,0,True,77,46,69,70,7,11,12,60.0,0.5150271933029994,7.870997681109289,-0.03354589183887638,0.08302467668573514,0.2661070949601048,0.3348332798228691,0.05272003050942549,0.4,artifacts/goal_bowl_destination_steering_formal_t1_lambda2_combined/goal_bowl_destination_base_plate_init21_repeat0_success.json,0.0,nan,nan,0.0,nan,nan,0.0,nan,nan,0.0,nan,nan,0.0,nan,nan,0.0,nan,nan,0.0,nan,nan,0.0,nan,nan,0.0,nan,nan,0.0,nan,nan,0.0,nan,nan,0.0,nan,nan
base,plate,21,1,True,75,45,69,65,7,11,11,55.0,0.48388098860136053,7.905874958645619,-0.05740123970234475,-0.015274771210663462,0.15600105058168978,0.32251833809196767,-0.0011749042676710468,0.6666666666666666,artifacts/goal_bowl_destination_steering_formal_t1_lambda2_combined/goal_bowl_destination_base_plate_init21_repeat1_success.json,0.0,nan,nan,0.0,nan,nan,0.0,nan,nan,0.0,nan,nan,0.0,nan,nan,0.0,nan,nan,0.0,nan,nan,0.0,nan,nan,0.0,nan,nan,0.0,nan,nan,0.0,nan,nan,0.0,nan,nan
base,plate,22,0,True,72,41,54,62,6,8,10,52.0,0.44194215641052137,8.126919004392347,-0.04987677826234517,0.0202593951749333,0.1828841562918893,0.3342757508986579,0.017619990687132575,0.6,artifacts/goal_bowl_destination_steering_formal_t1_lambda2_combined/goal_bowl_destination_base_plate_init22_repeat0_success.json,0.0,nan,nan,0.0,nan,nan,0.0,nan,nan,0.0,nan,nan,0.0,nan,nan,0.0,nan,nan,0.0,nan,nan,0.0,nan,nan,0.0,nan,nan,0.0,nan,nan,0.0,nan,nan,0.0,nan,nan
base,plate,22,1,True,69,41,62,59,6,10,9,49.0,0.4230351924487307,7.733516491182927,-0.07376278948538788,-0.029120751131851613,0.14847815078123267,0.3128923204027978,-0.010744081717901184,0.6666666666666666,artifacts/goal_bowl_destination_steering_formal_t1_lambda2_combined/goal_bowl_destination_base_plate_init22_repeat1_success.json,0.0,nan,nan,0.0,nan,nan,0.0,nan,nan,0.0,nan,nan,0.0,nan,nan,0.0,nan,nan,0.0,nan,nan,0.0,nan,nan,0.0,nan,nan,0.0,nan,nan,0.0,nan,nan,0.0,nan,nan
base,plate,23,0,True,76,45,58,66,7,9,11,56.0,0.48242913564702555,8.40011283155008,-0.11494005220598874,-0.02149020164909336,0.18537986136278037,0.371271276114309,-0.020801655161225525,0.6666666666666666,artifacts/goal_bowl_destination_steering_formal_t1_lambda2_combined/goal_bowl_destination_base_plate_init23_repeat0_success.json,0.0,nan,nan,0.0,nan,nan,0.0,nan,nan,0.0,nan,nan,0.0,nan,nan,0.0,nan,nan,0.0,nan,nan,0.0,nan,nan,0.0,nan,nan,0.0,nan,nan,0.0,nan,nan,0.0,nan,nan
base,plate,23,1,True,78,46,59,66,7,9,11,56.0,0.44749780565121833,7.9894065384024335,-0.08093137869942582,-0.024190661873562672,0.12440403705979061,0.28763933382405465,-0.016465287308365884,0.7333333333333333,artifacts/goal_bowl_destination_steering_formal_t1_lambda2_combined/goal_bowl_destination_base_plate_init23_repeat1_success.json,0.0,nan,nan,0.0,nan,nan,0.0,nan,nan,0.0,nan,nan,0.0,nan,nan,0.0,nan,nan,0.0,nan,nan,0.0,nan,nan,0.0,nan,nan,0.0,nan,nan,0.0,nan,nan,0.0,nan,nan
base,plate,24,0,True,72,42,60,63,6,10,10,53.0,0.4519823865427311,7.790267144660198,-0.04967526887312349,0.04256103351075677,0.23937299157653885,0.3913090708502306,0.032686571955264754,0.5333333333333333,artifacts/goal_bowl_destination_steering_formal_t1_lambda2_combined/goal_bowl_destination_base_plate_init24_repeat0_success.json,0.0,nan,nan,0.0,nan,nan,0.0,nan,nan,0.0,nan,nan,0.0,nan,nan,0.0,nan,nan,0.0,nan,nan,0.0,nan,nan,0.0,nan,nan,0.0,nan,nan,0.0,nan,nan,0.0,nan,nan
base,plate,24,1,True,72,41,59,62,6,9,10,52.0,0.45720820304362175,7.475615130663671,-0.05206936951429242,0.03686588550569729,0.2260489440059049,0.4059793404612298,0.02854545914367073,0.5333333333333333,artifacts/goal_bowl_destination_steering_formal_t1_lambda2_combined/goal_bowl_destination_base_plate_init24_repeat1_success.json,0.0,nan,nan,0.0,nan,nan,0.0,nan,nan,0.0,nan,nan,0.0,nan,nan,0.0,nan,nan,0.0,nan,nan,0.0,nan,nan,0.0,nan,nan,0.0,nan,nan,0.0,nan,nan,0.0,nan,nan
base,plate,25,0,True,73,44,55,65,6,9,11,55.0,0.4721325945647482,8.035676618721975,-0.02546888434269344,0.08891953568700096,0.2569494186219332,0.3600191789007146,0.056151022644952885,0.4,artifacts/goal_bowl_destination_steering_formal_t1_lambda2_combined/goal_bowl_destination_base_plate_init25_repeat0_success.json,0.0,nan,nan,0.0,nan,nan,0.0,nan,nan,0.0,nan,nan,0.0,nan,nan,0.0,nan,nan,0.0,nan,nan,0.0,nan,nan,0.0,nan,nan,0.0,nan,nan,0.0,nan,nan,0.0,nan,nan
base,plate,25,1,True,75,47,59,67,7,9,11,57.0,0.4919955515364865,8.753262507554616,-0.05314103092151199,0.04460528804220841,0.26360752125403825,0.38819114802851473,0.035642508549711814,0.5333333333333333,artifacts/goal_bowl_destination_steering_formal_t1_lambda2_combined/goal_bowl_destination_base_plate_init25_repeat1_success.json,0.0,nan,nan,0.0,nan,nan,0.0,nan,nan,0.0,nan,nan,0.0,nan,nan,0.0,nan,nan,0.0,nan,nan,0.0,nan,nan,0.0,nan,nan,0.0,nan,nan,0.0,nan,nan,0.0,nan,nan
base,plate,26,0,True,77,46,60,67,7,10,11,57.0,0.505816264044123,8.085531047561432,-0.04265837321749322,0.05516717359772616,0.24506480144238263,0.4021703456581803,0.039604830698618455,0.5333333333333333,artifacts/goal_bowl_destination_steering_formal_t1_lambda2_combined/goal_bowl_destination_base_plate_init26_repeat0_success.json,0.0,nan,nan,0.0,nan,nan,0.0,nan,nan,0.0,nan,nan,0.0,nan,nan,0.0,nan,nan,0.0,nan,nan,0.0,nan,nan,0.0,nan,nan,0.0,nan,nan,0.0,nan,nan,0.0,nan,nan
base,plate,26,1,True,74,46,59,67,7,9,11,57.0,0.49362513458088414,8.248583599046508,-0.013644011128540193,0.1207228876540787,0.3387271011582459,0.40735084034417834,0.08306454052875824,0.4,artifacts/goal_bowl_destination_steering_formal_t1_lambda2_combined/goal_bowl_destination_base_plate_init26_repeat1_success.json,0.0,nan,nan,0.0,nan,nan,0.0,nan,nan,0.0,nan,nan,0.0,nan,nan,0.0,nan,nan,0.0,nan,nan,0.0,nan,nan,0.0,nan,nan,0.0,nan,nan,0.0,nan,nan,0.0,nan,nan
base,plate,27,0,True,75,46,60,67,7,10,11,57.0,0.5053105807631633,8.814046691251974,-0.047856592859219164,0.06978981325284829,0.2790950324856844,0.39547725075190837,0.045572910318428306,0.5333333333333333,artifacts/goal_bowl_destination_steering_formal_t1_lambda2_combined/goal_bowl_destination_base_plate_init27_repeat0_success.json,0.0,nan,nan,0.0,nan,nan,0.0,nan,nan,0.0,nan,nan,0.0,nan,nan,0.0,nan,nan,0.0,nan,nan,0.0,nan,nan,0.0,nan,nan,0.0,nan,nan,0.0,nan,nan,0.0,nan,nan
base,plate,27,1,True,80,47,72,67,7,12,11,57.0,0.4616562622133114,8.888516530386047,-0.06640504908175884,-0.03559093257953868,0.1314131290068128,0.3336240802585443,-0.011462606129316169,0.7333333333333333,artifacts/goal_bowl_destination_steering_formal_t1_lambda2_combined/goal_bowl_destination_base_plate_init27_repeat1_success.json,0.0,nan,nan,0.0,nan,nan,0.0,nan,nan,0.0,nan,nan,0.0,nan,nan,0.0,nan,nan,0.0,nan,nan,0.0,nan,nan,0.0,nan,nan,0.0,nan,nan,0.0,nan,nan,0.0,nan,nan
base,plate,28,0,True,86,50,66,72,8,11,12,62.0,0.5310582334750011,7.893353901855429,-0.06519148849104893,-0.023511262413593168,0.10045806751706764,0.26605369684192776,-0.013176528888180338,0.7333333333333333,artifacts/goal_bowl_destination_steering_formal_t1_lambda2_combined/goal_bowl_destination_base_plate_init28_repeat0_success.json,0.0,nan,nan,0.0,nan,nan,0.0,nan,nan,0.0,nan,nan,0.0,nan,nan,0.0,nan,nan,0.0,nan,nan,0.0,nan,nan,0.0,nan,nan,0.0,nan,nan,0.0,nan,nan,0.0,nan,nan
base,plate,28,1,True,85,48,61,69,7,10,11,59.0,0.5126357795684513,7.733614827872939,-0.10560531096299366,-0.07544694475776816,0.08531672540019085,0.25125914626416224,-0.04611540121586298,0.8,artifacts/goal_bowl_destination_steering_formal_t1_lambda2_combined/goal_bowl_destination_base_plate_init28_repeat1_success.json,0.0,nan,nan,0.0,nan,nan,0.0,nan,nan,0.0,nan,nan,0.0,nan,nan,0.0,nan,nan,0.0,nan,nan,0.0,nan,nan,0.0,nan,nan,0.0,nan,nan,0.0,nan,nan,0.0,nan,nan
base,plate,29,0,True,69,45,58,66,7,9,11,56.0,0.4966145453357435,7.825909338740223,0.03023417038100821,0.2284774103036033,0.3492418375021884,0.3492418375021884,0.1294269864391136,0.2,artifacts/goal_bowl_destination_steering_formal_t1_lambda2_combined/goal_bowl_destination_base_plate_init29_repeat0_success.json,0.0,nan,nan,0.0,nan,nan,0.0,nan,nan,0.0,nan,nan,0.0,nan,nan,0.0,nan,nan,0.0,nan,nan,0.0,nan,nan,0.0,nan,nan,0.0,nan,nan,0.0,nan,nan,nan,nan,nan
base,plate,29,1,True,73,45,59,67,7,9,11,57.0,0.49695635450916825,7.629131450734017,-0.026306838656772927,0.14442124793980898,0.35020119908140906,0.3790584910933695,0.08319902295172144,0.4,artifacts/goal_bowl_destination_steering_formal_t1_lambda2_combined/goal_bowl_destination_base_plate_init29_repeat1_success.json,0.0,nan,nan,0.0,nan,nan,0.0,nan,nan,0.0,nan,nan,0.0,nan,nan,0.0,nan,nan,0.0,nan,nan,0.0,nan,nan,0.0,nan,nan,0.0,nan,nan,0.0,nan,nan,0.0,nan,nan
base,plate,2,0,True,76,45,,64,7,,10,54.0,0.47613383120082503,7.95813344032896,-0.0818003438652362,-0.03058880914208134,0.16272549456903526,0.3413935865646698,-0.013046699966150281,0.6666666666666666,artifacts/goal_bowl_destination_steering_formal_t1_lambda2_combined/goal_bowl_destination_base_plate_init2_repeat0_success.json,0.0,nan,nan,0.0,nan,nan,0.0,nan,nan,0.0,nan,nan,nan,nan,nan,nan,nan,nan,nan,nan,nan,nan,nan,nan,0.0,nan,nan,0.0,nan,nan,0.0,nan,nan,0.0,nan,nan
base,plate,2,1,True,73,44,56,64,6,9,10,54.0,0.484243616386915,7.830159105321306,-0.06014560821095031,0.04558152081120731,0.264157944721835,0.39644136406988073,0.03185862610874954,0.5333333333333333,artifacts/goal_bowl_destination_steering_formal_t1_lambda2_combined/goal_bowl_destination_base_plate_init2_repeat1_success.json,0.0,nan,nan,0.0,nan,nan,0.0,nan,nan,0.0,nan,nan,0.0,nan,nan,0.0,nan,nan,0.0,nan,nan,0.0,nan,nan,0.0,nan,nan,0.0,nan,nan,0.0,nan,nan,0.0,nan,nan
base,plate,30,0,True,79,48,,69,7,,11,59.0,0.4733473674974372,8.504777393789063,-0.015612563987161194,0.10815752978933149,0.29747181861720634,0.41900587278048196,0.07122391150292304,0.4,artifacts/goal_bowl_destination_steering_formal_t1_lambda2_combined/goal_bowl_destination_base_plate_init30_repeat0_success.json,0.0,nan,nan,0.0,nan,nan,0.0,nan,nan,0.0,nan,nan,nan,nan,nan,nan,nan,nan,nan,nan,nan,nan,nan,nan,0.0,nan,nan,0.0,nan,nan,0.0,nan,nan,0.0,nan,nan
base,plate,30,1,True,74,47,59,69,7,9,11,59.0,0.47636846605595073,8.483604648491374,-0.008166634569111673,0.15966668765590494,0.38445588833242916,0.38445588833242916,0.09780991573554461,0.3333333333333333,artifacts/goal_bowl_destination_steering_formal_t1_lambda2_combined/goal_bowl_destination_base_plate_init30_repeat1_success.json,0.0,nan,nan,0.0,nan,nan,0.0,nan,nan,0.0,nan,nan,0.0,nan,nan,0.0,nan,nan,0.0,nan,nan,0.0,nan,nan,0.0,nan,nan,0.0,nan,nan,0.0,nan,nan,0.0,nan,nan
base,plate,31,0,True,76,45,,64,7,,10,54.0,0.46871519328813566,7.807909335518714,-0.0568163864470658,0.004681092772140162,0.149567507213284,0.3313772428563952,0.0040493945847375245,0.6,artifacts/goal_bowl_destination_steering_formal_t1_lambda2_combined/goal_bowl_destination_base_plate_init31_repeat0_success.json,0.0,nan,nan,0.0,nan,nan,0.0,nan,nan,0.0,nan,nan,nan,nan,nan,nan,nan,nan,nan,nan,nan,nan,nan,nan,0.0,nan,nan,0.0,nan,nan,0.0,nan,nan,0.0,nan,nan
base,plate,31,1,True,73,45,78,65,7,13,11,55.0,0.4750711798500682,7.978379833128115,-0.010100428705226093,0.10394604704194804,0.2827984761253977,0.37191612134977986,0.06922582492558774,0.3333333333333333,artifacts/goal_bowl_destination_steering_formal_t1_lambda2_combined/goal_bowl_destination_base_plate_init31_repeat1_success.json,0.0,nan,nan,0.0,nan,nan,0.0,nan,nan,0.0,nan,nan,0.0,nan,nan,0.0,nan,nan,nan,nan,nan,nan,nan,nan,0.0,nan,nan,0.0,nan,nan,0.0,nan,nan,0.0,nan,nan
base,plate,32,0,True,74,42,52,62,6,8,10,52.0,0.47110446697942526,7.455745789850143,-0.07951641049385567,-0.05180722650266373,0.0806883227076103,0.2588445481704101,-0.030686672504792633,0.8,artifacts/goal_bowl_destination_steering_formal_t1_lambda2_combined/goal_bowl_destination_base_plate_init32_repeat0_success.json,0.0,nan,nan,0.0,nan,nan,0.0,nan,nan,0.0,nan,nan,0.0,nan,nan,0.0,nan,nan,0.0,nan,nan,0.0,nan,nan,0.0,nan,nan,0.0,nan,nan,0.0,nan,nan,0.0,nan,nan
base,plate,32,1,True,74,41,54,60,6,8,10,50.0,0.4637623385949115,7.495069177434616,-0.10449426053863409,-0.07517093685727082,0.06684314071004199,0.23763293159435414,-0.04958747974691917,0.8,artifacts/goal_bowl_destination_steering_formal_t1_lambda2_combined/goal_bowl_destination_base_plate_init32_repeat1_success.json,0.0,nan,nan,0.0,nan,nan,0.0,nan,nan,0.0,nan,nan,0.0,nan,nan,0.0,nan,nan,0.0,nan,nan,0.0,nan,nan,0.0,nan,nan,0.0,nan,nan,0.0,nan,nan,0.0,nan,nan
base,plate,33,0,True,71,43,54,63,6,8,10,53.0,0.4671686917714392,7.44582849884943,-0.05412113428131564,0.08308027086937925,0.27514958758541025,0.37372311990452567,0.045546938118845026,0.4666666666666667,artifacts/goal_bowl_destination_steering_formal_t1_lambda2_combined/goal_bowl_destination_base_plate_init33_repeat0_success.json,0.0,nan,nan,0.0,nan,nan,0.0,nan,nan,0.0,nan,nan,0.0,nan,nan,0.0,nan,nan,0.0,nan,nan,0.0,nan,nan,0.0,nan,nan,0.0,nan,nan,0.0,nan,nan,0.0,nan,nan
base,plate,33,1,True,71,43,54,63,6,8,10,53.0,0.46186213080711724,7.789203041618273,-0.05898156042497877,0.049115585823200546,0.2535473213573649,0.35310190888145904,0.031954797281410485,0.5333333333333333,artifacts/goal_bowl_destination_steering_formal_t1_lambda2_combined/goal_bowl_destination_base_plate_init33_repeat1_success.json,0.0,nan,nan,0.0,nan,nan,0.0,nan,nan,0.0,nan,nan,0.0,nan,nan,0.0,nan,nan,0.0,nan,nan,0.0,nan,nan,0.0,nan,nan,0.0,nan,nan,0.0,nan,nan,0.0,nan,nan
base,plate,34,0,True,81,48,70,69,7,12,11,59.0,0.452184348658398,9.422726980954623,-0.0995025435636163,-0.11649787382019644,0.07245764452220683,0.3198615750991581,-0.055437938911602404,0.8666666666666667,artifacts/goal_bowl_destination_steering_formal_t1_lambda2_combined/goal_bowl_destination_base_plate_init34_repeat0_success.json,0.0,nan,nan,0.0,nan,nan,0.0,nan,nan,0.0,nan,nan,0.0,nan,nan,0.0,nan,nan,0.0,nan,nan,0.0,nan,nan,0.0,nan,nan,0.0,nan,nan,0.0,nan,nan,0.0,nan,nan
base,plate,34,1,True,77,44,66,63,6,11,10,53.0,0.44153999027974583,8.55383434053058,-0.0804986574311471,-0.08663787855531441,0.08079919651151626,0.3144696217838561,-0.038485026235989324,0.8666666666666667,artifacts/goal_bowl_destination_steering_formal_t1_lambda2_combined/goal_bowl_destination_base_plate_init34_repeat1_success.json,0.0,nan,nan,0.0,nan,nan,0.0,nan,nan,0.0,nan,nan,0.0,nan,nan,0.0,nan,nan,0.0,nan,nan,0.0,nan,nan,0.0,nan,nan,0.0,nan,nan,0.0,nan,nan,0.0,nan,nan
base,plate,35,0,True,72,44,54,63,6,8,10,53.0,0.45992665016555845,8.064573265173593,-0.09375421145977061,0.014167661262986611,0.25483905880290136,0.41138731277853924,0.00853227443877163,0.6,artifacts/goal_bowl_destination_steering_formal_t1_lambda2_combined/goal_bowl_destination_base_plate_init35_repeat0_success.json,0.0,nan,nan,0.0,nan,nan,0.0,nan,nan,0.0,nan,nan,0.0,nan,nan,0.0,nan,nan,0.0,nan,nan,0.0,nan,nan,0.0,nan,nan,0.0,nan,nan,0.0,nan,nan,0.0,nan,nan
base,plate,35,1,True,74,46,57,65,7,9,11,55.0,0.4573140770019694,8.388429049792293,-0.08266282931072513,0.050007738290402046,0.2838724281433428,0.41145056676794733,0.02708453218291146,0.5333333333333333,artifacts/goal_bowl_destination_steering_formal_t1_lambda2_combined/goal_bowl_destination_base_plate_init35_repeat1_success.json,0.0,nan,nan,0.0,nan,nan,0.0,nan,nan,0.0,nan,nan,0.0,nan,nan,0.0,nan,nan,0.0,nan,nan,0.0,nan,nan,0.0,nan,nan,0.0,nan,nan,0.0,nan,nan,0.0,nan,nan
base,plate,36,0,False,300,44,55,64,6,9,10,54.0,0.47825449380317087,8.202044492906424,-0.06046778996281744,-0.009330942115969177,0.11970264808581933,0.28185331180954815,-0.006808176415005211,0.6666666666666666,artifacts/goal_bowl_destination_steering_formal_t1_lambda2_combined/goal_bowl_destination_base_plate_init36_repeat0_failure.json,0.0,nan,nan,0.0,nan,nan,0.0,nan,nan,0.0,nan,nan,0.0,nan,nan,0.0,nan,nan,0.0,nan,nan,0.0,nan,nan,0.0,nan,nan,0.0,nan,nan,0.0,nan,nan,0.0,nan,nan
base,plate,36,1,True,126,43,53,120,6,8,22,110.0,0.7629570275293418,23.244640688250644,-0.06371289496681538,0.09391147860266777,0.2925287308999938,0.32892318775252594,0.045319007088610266,0.4666666666666667,artifacts/goal_bowl_destination_steering_formal_t1_lambda2_combined/goal_bowl_destination_base_plate_init36_repeat1_success.json,0.0,nan,nan,0.0,nan,nan,0.0,nan,nan,0.0,nan,nan,0.0,nan,nan,0.0,nan,nan,0.0,nan,nan,0.0,nan,nan,0.0,nan,nan,0.0,nan,nan,0.0,nan,nan,0.0,nan,nan
base,plate,37,0,True,77,45,57,66,7,9,11,56.0,0.48918153873582704,8.310548598539517,-0.12007418456211827,-0.06552293429967729,0.136047971803242,0.3414333955061027,-0.042183490599911916,0.7333333333333333,artifacts/goal_bowl_destination_steering_formal_t1_lambda2_combined/goal_bowl_destination_base_plate_init37_repeat0_success.json,0.0,nan,nan,0.0,nan,nan,0.0,nan,nan,0.0,nan,nan,0.0,nan,nan,0.0,nan,nan,0.0,nan,nan,0.0,nan,nan,0.0,nan,nan,0.0,nan,nan,0.0,nan,nan,0.0,nan,nan
base,plate,37,1,True,79,46,66,66,7,11,11,56.0,0.4817962319990045,8.134246143790786,-0.10416571395112717,-0.12598029910109343,0.040456525601118676,0.2506114980306275,-0.06627710864003322,0.9333333333333333,artifacts/goal_bowl_destination_steering_formal_t1_lambda2_combined/goal_bowl_destination_base_plate_init37_repeat1_success.json,0.0,nan,nan,0.0,nan,nan,0.0,nan,nan,0.0,nan,nan,0.0,nan,nan,0.0,nan,nan,0.0,nan,nan,0.0,nan,nan,0.0,nan,nan,0.0,nan,nan,0.0,nan,nan,0.0,nan,nan
base,plate,38,0,True,73,45,56,64,7,9,10,54.0,0.45914758241907655,8.447071298733517,-0.07128385070924076,0.02106248529111911,0.23411695709964775,0.3936214255253599,0.017002652301553654,0.6,artifacts/goal_bowl_destination_steering_formal_t1_lambda2_combined/goal_bowl_destination_base_plate_init38_repeat0_success.json,0.0,nan,nan,0.0,nan,nan,0.0,nan,nan,0.0,nan,nan,0.0,nan,nan,0.0,nan,nan,0.0,nan,nan,0.0,nan,nan,0.0,nan,nan,0.0,nan,nan,0.0,nan,nan,0.0,nan,nan
base,plate,38,1,True,74,44,56,63,6,9,10,53.0,0.4478464011170406,8.329553436643355,-0.09139758108512544,-0.04841635815045848,0.14230461152438034,0.34764983583451087,-0.023537370171951517,0.7333333333333333,artifacts/goal_bowl_destination_steering_formal_t1_lambda2_combined/goal_bowl_destination_base_plate_init38_repeat1_success.json,0.0,nan,nan,0.0,nan,nan,0.0,nan,nan,0.0,nan,nan,0.0,nan,nan,0.0,nan,nan,0.0,nan,nan,0.0,nan,nan,0.0,nan,nan,0.0,nan,nan,0.0,nan,nan,0.0,nan,nan
base,plate,39,0,True,74,43,83,63,6,14,10,53.0,0.47716723062791677,7.707050345653646,-0.10084872687212207,-0.021441512079392797,0.20002503951271655,0.34588475198903035,-0.011604050377711438,0.6666666666666666,artifacts/goal_bowl_destination_steering_formal_t1_lambda2_combined/goal_bowl_destination_base_plate_init39_repeat0_success.json,0.0,nan,nan,0.0,nan,nan,0.0,nan,nan,0.0,nan,nan,0.0,nan,nan,nan,nan,nan,nan,nan,nan,nan,nan,nan,0.0,nan,nan,0.0,nan,nan,0.0,nan,nan,0.0,nan,nan
base,plate,39,1,True,73,43,55,63,6,9,10,53.0,0.47160387763467415,7.7695010141003245,-0.0672274024204352,0.030470584629646483,0.21735457043630746,0.3571031889380581,0.01733309062271555,0.6,artifacts/goal_bowl_destination_steering_formal_t1_lambda2_combined/goal_bowl_destination_base_plate_init39_repeat1_success.json,0.0,nan,nan,0.0,nan,nan,0.0,nan,nan,0.0,nan,nan,0.0,nan,nan,0.0,nan,nan,0.0,nan,nan,0.0,nan,nan,0.0,nan,nan,0.0,nan,nan,0.0,nan,nan,0.0,nan,nan
base,plate,3,0,True,75,48,59,68,7,9,11,58.0,0.4992296093454182,8.72883759424273,-0.07253156532764866,0.04418982870696809,0.2475644880880223,0.3167345372879937,0.022725804587420788,0.5333333333333333,artifacts/goal_bowl_destination_steering_formal_t1_lambda2_combined/goal_bowl_destination_base_plate_init3_repeat0_success.json,0.0,nan,nan,0.0,nan,nan,0.0,nan,nan,0.0,nan,nan,0.0,nan,nan,0.0,nan,nan,0.0,nan,nan,0.0,nan,nan,0.0,nan,nan,0.0,nan,nan,0.0,nan,nan,0.0,nan,nan
base,plate,3,1,True,77,48,75,67,7,13,11,57.0,0.4827081807031236,8.03881396434404,-0.08460135630899898,0.0019554920060813356,0.21729005701663512,0.3676396656556367,0.0036204713367624323,0.6,artifacts/goal_bowl_destination_steering_formal_t1_lambda2_combined/goal_bowl_destination_base_plate_init3_repeat1_success.json,0.0,nan,nan,0.0,nan,nan,0.0,nan,nan,0.0,nan,nan,0.0,nan,nan,0.0,nan,nan,0.0,nan,nan,nan,nan,nan,0.0,nan,nan,0.0,nan,nan,0.0,nan,nan,0.0,nan,nan
base,plate,40,0,True,77,43,56,64,6,9,10,54.0,0.44981003580289275,7.958445795849523,-0.10637458498348738,-0.10525314019586089,0.053270879525391654,0.2499876073866989,-0.05998291629528615,0.8666666666666667,artifacts/goal_bowl_destination_steering_formal_t1_lambda2_combined/goal_bowl_destination_base_plate_init40_repeat0_success.json,0.0,nan,nan,0.0,nan,nan,0.0,nan,nan,0.0,nan,nan,0.0,nan,nan,0.0,nan,nan,0.0,nan,nan,0.0,nan,nan,0.0,nan,nan,0.0,nan,nan,0.0,nan,nan,0.0,nan,nan
base,plate,40,1,True,75,43,57,63,6,9,10,53.0,0.4625292378535274,8.037886306492377,-0.08509162379608591,-0.0713954271047404,0.10120241078038741,0.2929720408036205,-0.034867961142339844,0.8,artifacts/goal_bowl_destination_steering_formal_t1_lambda2_combined/goal_bowl_destination_base_plate_init40_repeat1_success.json,0.0,nan,nan,0.0,nan,nan,0.0,nan,nan,0.0,nan,nan,0.0,nan,nan,0.0,nan,nan,0.0,nan,nan,0.0,nan,nan,0.0,nan,nan,0.0,nan,nan,0.0,nan,nan,0.0,nan,nan
base,plate,41,0,True,77,42,,61,6,,10,51.0,0.46366288582757753,7.561797825908684,-0.0719763843690511,-0.04487387466577884,0.10124442070133681,0.2911780888960489,-0.022351040946193463,0.7333333333333333,artifacts/goal_bowl_destination_steering_formal_t1_lambda2_combined/goal_bowl_destination_base_plate_init41_repeat0_success.json,0.0,nan,nan,0.0,nan,nan,0.0,nan,nan,0.0,nan,nan,nan,nan,nan,nan,nan,nan,nan,nan,nan,nan,nan,nan,0.0,nan,nan,0.0,nan,nan,0.0,nan,nan,0.0,nan,nan
base,plate,41,1,True,75,42,60,61,6,10,10,51.0,0.4663653453312466,7.883038819089507,-0.1089237630177406,-0.12466087808082194,0.04867449456507945,0.27146627204690704,-0.06624574218238488,0.8666666666666667,artifacts/goal_bowl_destination_steering_formal_t1_lambda2_combined/goal_bowl_destination_base_plate_init41_repeat1_success.json,0.0,nan,nan,0.0,nan,nan,0.0,nan,nan,0.0,nan,nan,0.0,nan,nan,0.0,nan,nan,0.0,nan,nan,0.0,nan,nan,0.0,nan,nan,0.0,nan,nan,0.0,nan,nan,0.0,nan,nan
base,plate,42,0,True,71,42,52,62,6,8,10,52.0,0.46712512855198424,8.27069255597051,-0.06591275269513397,0.0319064242392938,0.2592043228143024,0.42864820740793214,0.028011937206107264,0.5333333333333333,artifacts/goal_bowl_destination_steering_formal_t1_lambda2_combined/goal_bowl_destination_base_plate_init42_repeat0_success.json,0.0,nan,nan,0.0,nan,nan,0.0,nan,nan,0.0,nan,nan,0.0,nan,nan,0.0,nan,nan,0.0,nan,nan,0.0,nan,nan,0.0,nan,nan,0.0,nan,nan,0.0,nan,nan,0.0,nan,nan
base,plate,42,1,True,78,42,,61,6,,10,51.0,0.4466645972873656,8.104557716028395,-0.083916347775007,-0.10990969540322242,0.00604900300326972,0.19998411333260857,-0.060193348451973015,0.9333333333333333,artifacts/goal_bowl_destination_steering_formal_t1_lambda2_combined/goal_bowl_destination_base_plate_init42_repeat1_success.json,0.0,nan,nan,0.0,nan,nan,0.0,nan,nan,0.0,nan,nan,nan,nan,nan,nan,nan,nan,nan,nan,nan,nan,nan,nan,0.0,nan,nan,0.0,nan,nan,0.0,nan,nan,0.0,nan,nan
base,plate,43,0,True,72,43,56,63,6,9,10,53.0,0.47317427345878826,7.803911527704166,-0.06381925077101072,0.006646123374001362,0.21748547718435002,0.3805554217727526,0.013691056066312522,0.6,artifacts/goal_bowl_destination_steering_formal_t1_lambda2_combined/goal_bowl_destination_base_plate_init43_repeat0_success.json,0.0,nan,nan,0.0,nan,nan,0.0,nan,nan,0.0,nan,nan,0.0,nan,nan,0.0,nan,nan,0.0,nan,nan,0.0,nan,nan,0.0,nan,nan,0.0,nan,nan,0.0,nan,nan,0.0,nan,nan
base,plate,43,1,True,75,43,54,63,6,8,10,53.0,0.47311042454890007,7.872686751039788,-0.07175398815990598,-0.015237167970908912,0.1559573339373284,0.3293345931396734,-0.00449439012886922,0.6666666666666666,artifacts/goal_bowl_destination_steering_formal_t1_lambda2_combined/goal_bowl_destination_base_plate_init43_repeat1_success.json,0.0,nan,nan,0.0,nan,nan,0.0,nan,nan,0.0,nan,nan,0.0,nan,nan,0.0,nan,nan,0.0,nan,nan,0.0,nan,nan,0.0,nan,nan,0.0,nan,nan,0.0,nan,nan,0.0,nan,nan
base,plate,44,0,True,74,42,56,63,6,9,10,53.0,0.4756603067669112,7.517187357044753,-0.05928128364883607,0.016107150371575694,0.19083353429706726,0.363125504990767,0.013938915689383522,0.6,artifacts/goal_bowl_destination_steering_formal_t1_lambda2_combined/goal_bowl_destination_base_plate_init44_repeat0_success.json,0.0,nan,nan,0.0,nan,nan,0.0,nan,nan,0.0,nan,nan,0.0,nan,nan,0.0,nan,nan,0.0,nan,nan,0.0,nan,nan,0.0,nan,nan,0.0,nan,nan,0.0,nan,nan,0.0,nan,nan
base,plate,44,1,True,77,44,56,65,6,9,11,55.0,0.4887375101999781,7.729215141092277,-0.05296630417087329,0.019031040477905187,0.2065710473528988,0.36150082736657185,0.01835710451950715,0.6,artifacts/goal_bowl_destination_steering_formal_t1_lambda2_combined/goal_bowl_destination_base_plate_init44_repeat1_success.json,0.0,nan,nan,0.0,nan,nan,0.0,nan,nan,0.0,nan,nan,0.0,nan,nan,0.0,nan,nan,0.0,nan,nan,0.0,nan,nan,0.0,nan,nan,0.0,nan,nan,0.0,nan,nan,0.0,nan,nan
base,plate,45,0,True,81,46,,66,7,,11,56.0,0.49560605729901996,7.559283850693953,-0.06992954441467822,-0.054651240500538927,0.10132060884188925,0.2929035815166349,-0.02418733198579965,0.8,artifacts/goal_bowl_destination_steering_formal_t1_lambda2_combined/goal_bowl_destination_base_plate_init45_repeat0_success.json,0.0,nan,nan,0.0,nan,nan,0.0,nan,nan,0.0,nan,nan,nan,nan,nan,nan,nan,nan,nan,nan,nan,nan,nan,nan,0.0,nan,nan,0.0,nan,nan,0.0,nan,nan,0.0,nan,nan
base,plate,45,1,True,79,46,89,65,7,15,11,55.0,0.48902006294035016,7.998539969047454,-0.071102828753849,-0.0616014403395903,0.08537150787113454,0.28964866798766165,-0.02879519183648526,0.8,artifacts/goal_bowl_destination_steering_formal_t1_lambda2_combined/goal_bowl_destination_base_plate_init45_repeat1_success.json,0.0,nan,nan,0.0,nan,nan,0.0,nan,nan,0.0,nan,nan,0.0,nan,nan,nan,nan,nan,nan,nan,nan,nan,nan,nan,0.0,nan,nan,0.0,nan,nan,0.0,nan,nan,0.0,nan,nan
base,plate,46,0,True,64,43,53,63,6,8,10,53.0,0.46760383561407604,8.280686950582236,-0.022892126989239873,0.10291210912888872,0.13852832870431914,0.13852832870431914,0.03819638731940901,0.4,artifacts/goal_bowl_destination_steering_formal_t1_lambda2_combined/goal_bowl_destination_base_plate_init46_repeat0_success.json,0.0,nan,nan,0.0,nan,nan,0.0,nan,nan,0.0,nan,nan,0.0,nan,nan,0.0,nan,nan,0.0,nan,nan,0.0,nan,nan,0.0,nan,nan,0.0,nan,nan,0.0,nan,nan,nan,nan,nan
base,plate,46,1,True,69,43,53,63,6,8,10,53.0,0.463426838474164,8.28437498462492,-0.04054746669649948,0.1024562519129464,0.30619224568964515,0.3413373455141289,0.05907841757838737,0.4666666666666667,artifacts/goal_bowl_destination_steering_formal_t1_lambda2_combined/goal_bowl_destination_base_plate_init46_repeat1_success.json,0.0,nan,nan,0.0,nan,nan,0.0,nan,nan,0.0,nan,nan,0.0,nan,nan,0.0,nan,nan,0.0,nan,nan,0.0,nan,nan,0.0,nan,nan,0.0,nan,nan,0.0,nan,nan,0.0,nan,nan
base,plate,47,0,True,73,44,58,63,6,9,10,53.0,0.44298538186123515,8.08070484118784,-0.08541844716090229,-0.029386839034933703,0.17306066306667284,0.36874246470313315,-0.01157630693629572,0.6666666666666666,artifacts/goal_bowl_destination_steering_formal_t1_lambda2_combined/goal_bowl_destination_base_plate_init47_repeat0_success.json,0.0,nan,nan,0.0,nan,nan,0.0,nan,nan,0.0,nan,nan,0.0,nan,nan,0.0,nan,nan,0.0,nan,nan,0.0,nan,nan,0.0,nan,nan,0.0,nan,nan,0.0,nan,nan,0.0,nan,nan
base,plate,47,1,True,72,43,54,63,6,8,10,53.0,0.45552481488871205,7.98250178844191,-0.06059276395075072,0.010309511141208937,0.20396451967126433,0.3572086938746181,0.013998735293274663,0.6,artifacts/goal_bowl_destination_steering_formal_t1_lambda2_combined/goal_bowl_destination_base_plate_init47_repeat1_success.json,0.0,nan,nan,0.0,nan,nan,0.0,nan,nan,0.0,nan,nan,0.0,nan,nan,0.0,nan,nan,0.0,nan,nan,0.0,nan,nan,0.0,nan,nan,0.0,nan,nan,0.0,nan,nan,0.0,nan,nan
base,plate,48,0,True,73,45,58,65,7,9,11,55.0,0.46808684724700833,7.766238581834209,-0.05215261434230029,0.0643818069597316,0.257576867086655,0.33765200766931125,0.03916732866003071,0.5333333333333333,artifacts/goal_bowl_destination_steering_formal_t1_lambda2_combined/goal_bowl_destination_base_plate_init48_repeat0_success.json,0.0,nan,nan,0.0,nan,nan,0.0,nan,nan,0.0,nan,nan,0.0,nan,nan,0.0,nan,nan,0.0,nan,nan,0.0,nan,nan,0.0,nan,nan,0.0,nan,nan,0.0,nan,nan,0.0,nan,nan
base,plate,48,1,True,70,42,53,62,6,8,10,52.0,0.4515317992362848,7.596918762525356,-0.04107935787549573,0.07858078437528129,0.26528700048706777,0.34340359636189643,0.04877945505634395,0.4666666666666667,artifacts/goal_bowl_destination_steering_formal_t1_lambda2_combined/goal_bowl_destination_base_plate_init48_repeat1_success.json,0.0,nan,nan,0.0,nan,nan,0.0,nan,nan,0.0,nan,nan,0.0,nan,nan,0.0,nan,nan,0.0,nan,nan,0.0,nan,nan,0.0,nan,nan,0.0,nan,nan,0.0,nan,nan,0.0,nan,nan
base,plate,49,0,True,80,46,90,65,7,15,11,55.0,0.48120295974914434,8.418384834093079,-0.10174477276923297,-0.13823776298340537,-0.04771492941181905,0.15723729162684233,-0.08415126805089482,1.0,artifacts/goal_bowl_destination_steering_formal_t1_lambda2_combined/goal_bowl_destination_base_plate_init49_repeat0_success.json,0.0,nan,nan,0.0,nan,nan,0.0,nan,nan,0.0,nan,nan,0.0,nan,nan,nan,nan,nan,nan,nan,nan,nan,nan,nan,0.0,nan,nan,0.0,nan,nan,0.0,nan,nan,0.0,nan,nan
base,plate,49,1,True,83,46,,65,7,,11,55.0,0.4812215164514467,8.447927253031072,-0.10756143924556599,-0.13510227105353756,-0.03351708903347953,0.1760364640513778,-0.08306844037813592,1.0,artifacts/goal_bowl_destination_steering_formal_t1_lambda2_combined/goal_bowl_destination_base_plate_init49_repeat1_success.json,0.0,nan,nan,0.0,nan,nan,0.0,nan,nan,0.0,nan,nan,nan,nan,nan,nan,nan,nan,nan,nan,nan,nan,nan,nan,0.0,nan,nan,0.0,nan,nan,0.0,nan,nan,0.0,nan,nan
base,plate,4,0,True,74,44,54,64,6,8,10,54.0,0.4697581385111155,8.078440873486295,-0.0922695331847284,-0.030617213791872787,0.20207454948844136,0.43875466614693054,-0.008579134102910415,0.6666666666666666,artifacts/goal_bowl_destination_steering_formal_t1_lambda2_combined/goal_bowl_destination_base_plate_init4_repeat0_success.json,0.0,nan,nan,0.0,nan,nan,0.0,nan,nan,0.0,nan,nan,0.0,nan,nan,0.0,nan,nan,0.0,nan,nan,0.0,nan,nan,0.0,nan,nan,0.0,nan,nan,0.0,nan,nan,0.0,nan,nan
base,plate,4,1,True,74,44,76,63,6,13,10,53.0,0.44391941466269624,8.48622813619135,-0.06999063882872816,-0.04361869304025689,0.1455238089926539,0.37912403376954895,-0.011999955518253821,0.7333333333333333,artifacts/goal_bowl_destination_steering_formal_t1_lambda2_combined/goal_bowl_destination_base_plate_init4_repeat1_success.json,0.0,nan,nan,0.0,nan,nan,0.0,nan,nan,0.0,nan,nan,0.0,nan,nan,0.0,nan,nan,nan,nan,nan,nan,nan,nan,0.0,nan,nan,0.0,nan,nan,0.0,nan,nan,0.0,nan,nan
base,plate,5,0,True,74,42,74,64,6,12,10,54.0,0.45264225070398845,8.3332700466622,-0.06044331434507335,-0.006476220213011803,0.17368527081703172,0.3029004983638826,0.0040321286286651055,0.6666666666666666,artifacts/goal_bowl_destination_steering_formal_t1_lambda2_combined/goal_bowl_destination_base_plate_init5_repeat0_success.json,0.0,nan,nan,0.0,nan,nan,0.0,nan,nan,0.0,nan,nan,0.0,nan,nan,0.0,nan,nan,0.0,nan,nan,nan,nan,nan,0.0,nan,nan,0.0,nan,nan,0.0,nan,nan,0.0,nan,nan
base,plate,5,1,True,73,42,70,62,6,12,10,52.0,0.44374304237698364,8.051200738789142,-0.06602605446575721,-0.011573291263826948,0.1655070985423411,0.36234502859844375,-0.0005013553565661718,0.6666666666666666,artifacts/goal_bowl_destination_steering_formal_t1_lambda2_combined/goal_bowl_destination_base_plate_init5_repeat1_success.json,0.0,nan,nan,0.0,nan,nan,0.0,nan,nan,0.0,nan,nan,0.0,nan,nan,0.0,nan,nan,0.0,nan,nan,nan,nan,nan,0.0,nan,nan,0.0,nan,nan,0.0,nan,nan,0.0,nan,nan
base,plate,6,0,True,70,43,54,63,6,8,10,53.0,0.45167815657956534,8.39955676358164,-0.0559609872425229,0.08554039663448056,0.3275276261358954,0.39751633076718157,0.049800347009628314,0.5333333333333333,artifacts/goal_bowl_destination_steering_formal_t1_lambda2_combined/goal_bowl_destination_base_plate_init6_repeat0_success.json,0.0,nan,nan,0.0,nan,nan,0.0,nan,nan,0.0,nan,nan,0.0,nan,nan,0.0,nan,nan,0.0,nan,nan,0.0,nan,nan,0.0,nan,nan,0.0,nan,nan,0.0,nan,nan,0.0,nan,nan
base,plate,6,1,True,72,43,54,62,6,8,10,52.0,0.44341574001270107,8.35155171894764,-0.08889337460768335,-0.03079374183148355,0.17046112925004653,0.3616976013498633,-0.01328771565174384,0.6666666666666666,artifacts/goal_bowl_destination_steering_formal_t1_lambda2_combined/goal_bowl_destination_base_plate_init6_repeat1_success.json,0.0,nan,nan,0.0,nan,nan,0.0,nan,nan,0.0,nan,nan,0.0,nan,nan,0.0,nan,nan,0.0,nan,nan,0.0,nan,nan,0.0,nan,nan,0.0,nan,nan,0.0,nan,nan,0.0,nan,nan
base,plate,7,0,True,72,43,56,63,6,9,10,53.0,0.4867692483902543,8.288929948583752,-0.04118042481022949,0.04720865780335326,0.24336762754826521,0.3771553587839746,0.037288726064629046,0.5333333333333333,artifacts/goal_bowl_destination_steering_formal_t1_lambda2_combined/goal_bowl_destination_base_plate_init7_repeat0_success.json,0.0,nan,nan,0.0,nan,nan,0.0,nan,nan,0.0,nan,nan,0.0,nan,nan,0.0,nan,nan,0.0,nan,nan,0.0,nan,nan,0.0,nan,nan,0.0,nan,nan,0.0,nan,nan,0.0,nan,nan
base,plate,7,1,True,69,43,59,64,6,9,10,54.0,0.48012291367182114,7.892503777282827,0.01195111536287708,0.1705188351322937,0.37189886856102,0.37189886856102,0.10636347447895382,0.26666666666666666,artifacts/goal_bowl_destination_steering_formal_t1_lambda2_combined/goal_bowl_destination_base_plate_init7_repeat1_success.json,0.0,nan,nan,0.0,nan,nan,0.0,nan,nan,0.0,nan,nan,0.0,nan,nan,0.0,nan,nan,0.0,nan,nan,0.0,nan,nan,0.0,nan,nan,0.0,nan,nan,0.0,nan,nan,0.0,nan,nan
base,plate,8,0,True,75,44,56,63,6,9,10,53.0,0.4721838488157932,7.6350949696645385,-0.061021755042614576,-0.010096693225944243,0.16044719251476663,0.3305386133454069,0.0011929500143590343,0.6666666666666666,artifacts/goal_bowl_destination_steering_formal_t1_lambda2_combined/goal_bowl_destination_base_plate_init8_repeat0_success.json,0.0,nan,nan,0.0,nan,nan,0.0,nan,nan,0.0,nan,nan,0.0,nan,nan,0.0,nan,nan,0.0,nan,nan,0.0,nan,nan,0.0,nan,nan,0.0,nan,nan,0.0,nan,nan,0.0,nan,nan
base,plate,8,1,True,76,43,55,66,6,9,11,56.0,0.47654635032713516,7.896226726364066,-0.09389666016920276,-0.03720425630145299,0.20259317140644365,0.40153775130129277,-0.012159931367549396,0.6666666666666666,artifacts/goal_bowl_destination_steering_formal_t1_lambda2_combined/goal_bowl_destination_base_plate_init8_repeat1_success.json,0.0,nan,nan,0.0,nan,nan,0.0,nan,nan,0.0,nan,nan,0.0,nan,nan,0.0,nan,nan,0.0,nan,nan,0.0,nan,nan,0.0,nan,nan,0.0,nan,nan,0.0,nan,nan,0.0,nan,nan
base,plate,9,0,True,78,46,59,66,7,9,11,56.0,0.4697483536033077,7.765428214016319,-0.07381438923817839,-0.014075740101665239,0.1706257913854314,0.3318707290019127,-0.005430311184534894,0.6666666666666666,artifacts/goal_bowl_destination_steering_formal_t1_lambda2_combined/goal_bowl_destination_base_plate_init9_repeat0_success.json,0.0,nan,nan,0.0,nan,nan,0.0,nan,nan,0.0,nan,nan,0.0,nan,nan,0.0,nan,nan,0.0,nan,nan,0.0,nan,nan,0.0,nan,nan,0.0,nan,nan,0.0,nan,nan,0.0,nan,nan
base,plate,9,1,True,78,45,54,66,7,8,11,56.0,0.4743062954237518,7.735379827709599,-0.08294243211665406,-0.04518704117485554,0.13864955203709936,0.34677622453779533,-0.020932581923469504,0.7333333333333333,artifacts/goal_bowl_destination_steering_formal_t1_lambda2_combined/goal_bowl_destination_base_plate_init9_repeat1_success.json,0.0,nan,nan,0.0,nan,nan,0.0,nan,nan,0.0,nan,nan,0.0,nan,nan,0.0,nan,nan,0.0,nan,nan,0.0,nan,nan,0.0,nan,nan,0.0,nan,nan,0.0,nan,nan,0.0,nan,nan
belief,cabinet,0,0,True,84,40,51,58,6,8,9,48.0,0.4227299979062161,6.714361659427023,0.14442637811947387,0.35125826019916523,0.5773294410873397,0.7857347113487434,0.252363035137951,0.0,artifacts/goal_bowl_destination_steering_formal_t1_lambda2_combined/goal_bowl_destination_belief_cabinet_init0_repeat0_success.json,0.3700436615057039,0.814978169247148,0.18502183075285195,0.2931572032272619,0.8534213983863691,0.14657860161363095,0.2714856926525305,0.8642571536737347,0.13574284632626524,0.199163561257324,0.900418219371338,0.099581780628662,0.2714856926525305,0.8642571536737347,0.13574284632626524,0.199163561257324,0.900418219371338,0.099581780628662,0.13339669180722719,0.9333016540963863,0.06669834590361359,0.07356720121239299,0.9632163993938034,0.036783600606196495,0.199163561257324,0.900418219371338,0.099581780628662,0.13339669180722719,0.9333016540963863,0.06669834590361359,0.07356720121239299,0.9632163993938034,0.036783600606196495,0.037736238797563194,0.9811318806012184,0.018868119398781597
belief,cabinet,0,1,True,117,40,81,89,6,14,15,79.0,0.6396499649822807,15.371439052961389,0.17172785290730344,0.3856878748318209,0.6122557413038406,0.8028231401991387,0.2791682398188162,0.0,artifacts/goal_bowl_destination_steering_formal_t1_lambda2_combined/goal_bowl_destination_belief_cabinet_init0_repeat1_success.json,0.503481166888894,0.7482594165555531,0.251740583444447,0.4134412147460572,0.7932793926269714,0.2067206073730286,0.38659727395929955,0.8067013630203502,0.19329863697964977,0.31592037999814837,0.8420398100009258,0.15796018999907419,0.20112496023161633,0.8994375198841917,0.10056248011580816,0.18285684472648855,0.9085715776367558,0.09142842236324428,0.10411018218445682,0.9479449089077715,0.05205509109222841,0.048323153542613406,0.9758384232286933,0.024161576771306703,0.18285684472648855,0.9085715776367558,0.09142842236324428,0.10411018218445682,0.9479449089077715,0.05205509109222841,0.048323153542613406,0.9758384232286933,0.024161576771306703,0.020696317685145862,0.989651841157427,0.010348158842572931
belief,cabinet,10,0,True,83,40,68,60,6,11,10,50.0,0.4276613291707152,7.883203354505127,0.16040732878104308,0.3455181760598117,0.6012864168920151,0.8271325343581708,0.26308880531406437,0.0,artifacts/goal_bowl_destination_steering_formal_t1_lambda2_combined/goal_bowl_destination_belief_cabinet_init10_repeat0_success.json,0.5209294628217506,0.7395352685891247,0.2604647314108753,0.45973459704925446,0.7701327014753728,0.22986729852462723,0.40523492974535663,0.7973825351273216,0.20261746487267832,0.3419195559103545,0.8290402220448227,0.17095977795517725,0.1821174569938768,0.9089412715030615,0.0910587284969384,0.10394890945256943,0.9480255452737152,0.051974454726284716,0.03331377552887702,0.9833431122355615,0.01665688776443851,0.007339532851666225,0.9963302335741668,0.0036697664258331123,0.2655909300643059,0.867204534967847,0.13279546503215295,0.1821174569938768,0.9089412715030615,0.0910587284969384,0.10394890945256943,0.9480255452737152,0.051974454726284716,0.03331377552887702,0.9833431122355615,0.01665688776443851
belief,cabinet,10,1,True,87,39,51,58,5,8,9,48.0,0.4190267994266538,7.502770121355947,0.15973476378715076,0.36607287860563903,0.6225795051713631,0.8676225253091955,0.2717798798986478,0.0,artifacts/goal_bowl_destination_steering_formal_t1_lambda2_combined/goal_bowl_destination_belief_cabinet_init10_repeat1_success.json,0.7174586049946745,0.6412706975026627,0.35872930249733725,0.5849830710872973,0.7075084644563513,0.29249153554364865,0.484536804210201,0.7577315978948994,0.2422684021051005,0.36293317641669187,0.818533411791654,0.18146658820834594,0.36293317641669187,0.818533411791654,0.18146658820834594,0.322970019419343,0.8385149902903285,0.1614850097096715,0.2704570452953528,0.8647714773523236,0.1352285226476764,0.17551075308369646,0.9122446234581518,0.08775537654184823,0.322970019419343,0.8385149902903285,0.1614850097096715,0.2704570452953528,0.8647714773523236,0.1352285226476764,0.17551075308369646,0.9122446234581518,0.08775537654184823,0.0851688776320948,0.9574155611839527,0.0425844388160474
belief,cabinet,11,0,True,114,39,,89,5,,15,79.0,0.5640748596989792,20.072133067765073,0.1753370867598573,0.41225781315159593,0.681737942893282,0.9147352342924019,0.29947847252689547,0.0,artifacts/goal_bowl_destination_steering_formal_t1_lambda2_combined/goal_bowl_destination_belief_cabinet_init11_repeat0_success.json,0.6905673677145445,0.6547163161427277,0.34528368385727226,0.5484165585209685,0.7257917207395157,0.27420827926048424,0.5046416037134815,0.7476791981432592,0.2523208018567408,0.47483286965822347,0.7625835651708882,0.23741643482911173,nan,nan,nan,nan,nan,nan,nan,nan,nan,nan,nan,nan,0.2023958065380976,0.8988020967309512,0.1011979032690488,0.1632542459415573,0.9183728770292214,0.08162712297077865,0.08571166419337371,0.9571441679033132,0.042855832096686856,0.04071557452176842,0.9796422127391159,0.02035778726088421
belief,cabinet,11,1,True,114,38,94,89,5,16,15,79.0,0.6011172126314472,14.571810053718174,0.20586685080228884,0.4540859161358353,0.6901053325818823,0.9007325927989518,0.3230385739889849,0.0,artifacts/goal_bowl_destination_steering_formal_t1_lambda2_combined/goal_bowl_destination_belief_cabinet_init11_repeat1_success.json,0.6815304035193158,0.6592347982403421,0.3407652017596579,0.5374520071024604,0.7312739964487697,0.2687260035512302,0.42816456104492834,0.7859177194775359,0.21408228052246417,0.40277191363940984,0.798614043180295,0.20138595681970492,0.11549827987893621,0.9422508600605318,0.057749139939468105,0.04537418810410562,0.9773129059479471,0.02268709405205281,0.021068384175845598,0.9894658079120773,0.010534192087922799,0.008498647724571217,0.9957506761377144,0.0042493238622856085,0.15427970524101042,0.9228601473794948,0.07713985262050521,0.11549827987893621,0.9422508600605318,0.057749139939468105,0.04537418810410562,0.9773129059479471,0.02268709405205281,0.021068384175845598,0.9894658079120773,0.010534192087922799
belief,cabinet,12,0,True,85,38,55,56,5,9,9,46.0,0.4309508919502017,8.330142661867642,0.1705588730014705,0.3990995572234985,0.6552347012984495,0.8665739638453321,0.2891992086361489,0.0,artifacts/goal_bowl_destination_steering_formal_t1_lambda2_combined/goal_bowl_destination_belief_cabinet_init12_repeat0_success.json,0.5461080888118683,0.7269459555940657,0.27305404440593417,0.5031459951136414,0.7484270024431793,0.2515729975568207,0.4427544109875389,0.7786227945062306,0.22137720549376946,0.4121136190021093,0.7939431904989452,0.20605680950105465,0.295572476445903,0.8522137617770486,0.1477862382229515,0.20656436423947916,0.8967178178802605,0.10328218211973958,0.10846840327710372,0.9457657983614481,0.05423420163855186,0.042713043721616495,0.9786434781391918,0.021356521860808247,0.295572476445903,0.8522137617770486,0.1477862382229515,0.20656436423947916,0.8967178178802605,0.10328218211973958,0.10846840327710372,0.9457657983614481,0.05423420163855186,0.042713043721616495,0.9786434781391918,0.021356521860808247
belief,cabinet,12,1,True,96,38,49,56,5,7,9,46.0,0.4317587639848537,8.26337449967472,0.1614387198527012,0.36174008707046895,0.5928220471060475,0.7991893539876065,0.2651800544921284,0.0,artifacts/goal_bowl_destination_steering_formal_t1_lambda2_combined/goal_bowl_destination_belief_cabinet_init12_repeat1_success.json,0.46539222982234263,0.7673038850888287,0.23269611491117131,0.43856957675074926,0.7807152116246254,0.21928478837537463,0.41837629996053327,0.7908118500197334,0.20918814998026664,0.3865612197641519,0.806719390117924,0.19328060988207596,0.41837629996053327,0.7908118500197334,0.20918814998026664,0.3865612197641519,0.806719390117924,0.19328060988207596,0.31311865949397755,0.8434406702530111,0.15655932974698877,0.23270848952399362,0.8836457552380033,0.11635424476199681,0.31311865949397755,0.8434406702530111,0.15655932974698877,0.23270848952399362,0.8836457552380033,0.11635424476199681,0.12178602780248766,0.9391069860987563,0.06089301390124383,0.026077858955677435,0.9869610705221613,0.013038929477838718
belief,cabinet,13,0,True,81,38,52,58,5,8,9,48.0,0.41655724073444567,7.909392652781932,0.1593585797342129,0.3685183380313484,0.6132166930994729,0.816496815636105,0.27006331864956745,0.0,artifacts/goal_bowl_destination_steering_formal_t1_lambda2_combined/goal_bowl_destination_belief_cabinet_init13_repeat0_success.json,0.575733929508884,0.7121330352455579,0.287866964754442,0.4958581464905289,0.7520709267547356,0.24792907324526445,0.4592521421859284,0.7703739289070358,0.2296260710929642,0.32344344360044974,0.8382782781997753,0.16172172180022487,0.32344344360044974,0.8382782781997753,0.16172172180022487,0.18598680775965232,0.9070065961201739,0.09299340387982616,0.11389296346237922,0.9430535182688105,0.05694648173118961,0.07139943584783714,0.9643002820760813,0.03569971792391857,0.18598680775965232,0.9070065961201739,0.09299340387982616,0.11389296346237922,0.9430535182688105,0.05694648173118961,0.07139943584783714,0.9643002820760813,0.03569971792391857,0.022887772768932484,0.9885561136155337,0.011443886384466242
belief,cabinet,13,1,True,80,38,52,60,5,8,10,50.0,0.4188691365947772,11.65409440844579,0.16736515643806618,0.38046171093540493,0.6221196954483936,0.8004267616346268,0.27756495716678903,0.0,artifacts/goal_bowl_destination_steering_formal_t1_lambda2_combined/goal_bowl_destination_belief_cabinet_init13_repeat1_success.json,0.5523308301618394,0.7238345849190804,0.2761654150809197,0.4863905169126792,0.7568047415436605,0.2431952584563396,0.39528826698205793,0.8023558665089711,0.19764413349102897,0.3495645017531543,0.8252177491234229,0.17478225087657714,0.3495645017531543,0.8252177491234229,0.17478225087657714,0.17332008812542068,0.9133399559372897,0.08666004406271034,0.09886372692471916,0.9505681365376404,0.04943186346235958,0.05523962862541856,0.9723801856872907,0.02761981431270928,0.09886372692471916,0.9505681365376404,0.04943186346235958,0.05523962862541856,0.9723801856872907,0.02761981431270928,0.023110637424189277,0.9884446812879053,0.011555318712094639,0.004943161541444887,0.9975284192292776,0.0024715807707224435
belief,cabinet,14,0,True,85,40,54,60,6,8,10,50.0,0.42568640738690294,6.927503986477213,0.1876787998649482,0.4297876471289534,0.6999847723325802,0.9340892832940058,0.31283385280097864,0.0,artifacts/goal_bowl_destination_steering_formal_t1_lambda2_combined/goal_bowl_destination_belief_cabinet_init14_repeat0_success.json,0.5876673274117223,0.7061663362941387,0.29383366370586117,0.5357361167717083,0.7321319416141459,0.26786805838585415,0.4904985674755631,0.7547507162622185,0.24524928373778154,0.4512722127375739,0.774363893631213,0.22563610636878695,0.4904985674755631,0.7547507162622185,0.24524928373778154,0.4512722127375739,0.774363893631213,0.22563610636878695,0.40378938192311736,0.7981053090384413,0.20189469096155868,0.21437547201918283,0.8928122639904087,0.10718773600959142,0.40378938192311736,0.7981053090384413,0.20189469096155868,0.21437547201918283,0.8928122639904087,0.10718773600959142,0.0491968667151292,0.9754015666424354,0.0245984333575646,0.009471805287304678,0.9952640973563476,0.004735902643652339
belief,cabinet,14,1,True,84,40,52,59,6,8,9,49.0,0.4243716715716821,7.247712249825029,0.18025252753117407,0.4099686007016247,0.6897343664117697,0.9339894327067554,0.30269152951024303,0.0,artifacts/goal_bowl_destination_steering_formal_t1_lambda2_combined/goal_bowl_destination_belief_cabinet_init14_repeat1_success.json,0.6460780109536924,0.6769609945231538,0.3230390054768462,0.6119175018719046,0.6940412490640476,0.3059587509359523,0.5749930971134006,0.7125034514432997,0.2874965485567003,0.5041576381566861,0.7479211809216569,0.25207881907834306,0.5749930971134006,0.7125034514432997,0.2874965485567003,0.5041576381566861,0.7479211809216569,0.25207881907834306,0.4383085446873518,0.7808457276563241,0.2191542723436759,0.21885054943137805,0.890574725284311,0.10942527471568902,0.5041576381566861,0.7479211809216569,0.25207881907834306,0.4383085446873518,0.7808457276563241,0.2191542723436759,0.21885054943137805,0.890574725284311,0.10942527471568902,0.0985550396851496,0.9507224801574253,0.0492775198425748
belief,cabinet,15,0,True,76,36,71,54,5,12,8,44.0,0.40128237998304955,8.025948525431062,0.1793474155960856,0.4213560181588216,0.6903423212839939,0.925597804050285,0.3049705307824319,0.0,artifacts/goal_bowl_destination_steering_formal_t1_lambda2_combined/goal_bowl_destination_belief_cabinet_init15_repeat0_success.json,0.6229511505441743,0.6885244247279129,0.31147557527208714,0.4982326187079867,0.7508836906460067,0.24911630935399334,0.4649624198206201,0.7675187900896898,0.23248120991031004,0.4539506091062862,0.7730246954468568,0.2269753045531431,0.026829030834644215,0.9865854845826778,0.013414515417322108,0.005250582641778729,0.9973747086791107,0.0026252913208893646,0.0034974995345730423,0.9982512502327135,0.0017487497672865212,0.0020051823768119825,0.9989974088115939,0.0010025911884059913,0.4539506091062862,0.7730246954468568,0.2269753045531431,0.3631829336200852,0.8184085331899574,0.1815914668100426,0.2626763106224473,0.8686618446887763,0.13133815531122364,0.11676900302620184,0.9416154984868992,0.05838450151310092
belief,cabinet,15,1,True,76,35,46,54,5,7,8,44.0,0.42400531566165045,7.358377946571668,0.1933512268874505,0.4344996091882376,0.6963800344261035,0.9166016934987694,0.31481418962189317,0.0,artifacts/goal_bowl_destination_steering_formal_t1_lambda2_combined/goal_bowl_destination_belief_cabinet_init15_repeat1_success.json,0.5612275971676859,0.7193862014161571,0.28061379858384294,0.44648157268454924,0.7767592136577253,0.22324078634227462,0.42498122613617695,0.7875093869319114,0.21249061306808847,0.3786948768932275,0.8106525615533863,0.18934743844661375,0.42498122613617695,0.7875093869319114,0.21249061306808847,0.3786948768932275,0.8106525615533863,0.18934743844661375,0.2606684298694258,0.869665785065287,0.1303342149347129,0.16428057371965954,0.9178597131401701,0.08214028685982977,0.3786948768932275,0.8106525615533863,0.18934743844661375,0.2606684298694258,0.869665785065287,0.1303342149347129,0.16428057371965954,0.9178597131401701,0.08214028685982977,0.04271360280962734,0.9786431985951863,0.02135680140481367
belief,cabinet,16,0,True,85,36,65,56,5,11,9,46.0,0.38930491394604594,7.419262869102104,0.15399682910237494,0.32564160687426863,0.5431761856543674,0.7500160506972019,0.24478096647921554,0.0,artifacts/goal_bowl_destination_steering_formal_t1_lambda2_combined/goal_bowl_destination_belief_cabinet_init16_repeat0_success.json,0.433857304353848,0.783071347823076,0.216928652176924,0.33404488755024336,0.8329775562248783,0.16702244377512168,0.27745570628623983,0.8612721468568801,0.13872785314311992,0.2586855784237274,0.8706572107881362,0.1293427892118637,0.08684030451564123,0.9565798477421793,0.043420152257820616,0.02801007145023547,0.9859949642748822,0.014005035725117736,0.006008005996140409,0.9969959970019298,0.0030040029980702046,0.0006219878830207408,0.9996890060584895,0.0003109939415103704,0.21698543638763781,0.891507281806181,0.10849271819381891,0.15291655849651148,0.9235417207517443,0.07645827924825574,0.08684030451564123,0.9565798477421793,0.043420152257820616,0.02801007145023547,0.9859949642748822,0.014005035725117736
belief,cabinet,16,1,False,300,35,60,55,5,10,9,45.0,0.3852215985537587,7.2380556773979015,0.1514638311164456,0.3145543972939018,0.5092666691188367,0.7397282956500596,0.23606412016471895,0.0,artifacts/goal_bowl_destination_steering_formal_t1_lambda2_combined/goal_bowl_destination_belief_cabinet_init16_repeat1_failure.json,0.4320973785875696,0.7839513107062152,0.2160486892937848,0.2748697649393055,0.8625651175303474,0.13743488246965274,0.20912654454848834,0.8954367277257559,0.10456327227424417,0.19765628374478664,0.9011718581276067,0.09882814187239332,0.11364489029157353,0.9431775548542133,0.056822445145786764,0.06760137838745475,0.9661993108062727,0.033800689193727376,0.023440460759886032,0.9882797696200569,0.011720230379943016,0.005494652327437759,0.997252673836281,0.0027473261637188796,0.1686561933376122,0.915671903331194,0.0843280966688061,0.11364489029157353,0.9431775548542133,0.056822445145786764,0.06760137838745475,0.9661993108062727,0.033800689193727376,0.023440460759886032,0.9882797696200569,0.011720230379943016
belief,cabinet,17,0,True,83,38,60,60,5,10,10,50.0,0.41985256906740837,7.592188958672976,0.19314315409855723,0.4263448113639867,0.6885760124304237,0.9040712131330911,0.31149701130035606,0.0,artifacts/goal_bowl_destination_steering_formal_t1_lambda2_combined/goal_bowl_destination_belief_cabinet_init17_repeat0_success.json,0.7619255842713375,0.6190372078643313,0.38096279213566875,0.6499311095735772,0.6750344452132113,0.3249655547867886,0.6156551716092278,0.692172414195386,0.3078275858046139,0.4145836855484671,0.7927081572257665,0.20729184277423354,0.20523585894747148,0.8973820705262642,0.10261792947373574,0.10848872858965082,0.9457556357051746,0.05424436429482541,0.04718212180205222,0.976408939098974,0.02359106090102611,0.012134137695737374,0.9939329311521313,0.006067068847868687,0.20523585894747148,0.8973820705262642,0.10261792947373574,0.10848872858965082,0.9457556357051746,0.05424436429482541,0.04718212180205222,0.976408939098974,0.02359106090102611,0.012134137695737374,0.9939329311521313,0.006067068847868687
belief,cabinet,17,1,True,110,38,88,89,5,15,15,79.0,0.5991658347891222,14.880984932082786,0.17588710880519998,0.400766468352382,0.6783544650440847,0.9089082286984416,0.2968893606823838,0.0,artifacts/goal_bowl_destination_steering_formal_t1_lambda2_combined/goal_bowl_destination_belief_cabinet_init17_repeat1_success.json,0.7769103502370661,0.611544824881467,0.38845517511853306,0.6809083028023926,0.6595458485988038,0.3404541514011963,0.642498157090943,0.6787509214545284,0.3212490785454715,0.6276212084420122,0.686189395778994,0.3138106042210061,0.2335479472651772,0.8832260263674114,0.1167739736325886,0.14877090351281522,0.9256145482435925,0.07438545175640761,0.06652154611482106,0.9667392269425894,0.03326077305741053,0.01568264095375216,0.9921586795231239,0.00784132047687608,0.2335479472651772,0.8832260263674114,0.1167739736325886,0.14877090351281522,0.9256145482435925,0.07438545175640761,0.06652154611482106,0.9667392269425894,0.03326077305741053,0.01568264095375216,0.9921586795231239,0.00784132047687608
belief,cabinet,18,0,True,87,44,55,62,6,9,10,52.0,0.45771210850563115,8.572142560551082,0.23960915834046947,0.5008045361302035,0.7454769355605284,0.9479336630508312,0.3596558558417833,0.0,artifacts/goal_bowl_destination_steering_formal_t1_lambda2_combined/goal_bowl_destination_belief_cabinet_init18_repeat0_success.json,0.6916203265720731,0.6541898367139635,0.34581016328603653,0.4468360858231144,0.7765819570884428,0.2234180429115572,0.33086958055250215,0.8345652097237488,0.16543479027625108,0.30314906566383654,0.8484254671680816,0.15157453283191827,0.30314906566383654,0.8484254671680816,0.15157453283191827,0.27385800019339424,0.8630709999033029,0.13692900009669712,0.16854474979955159,0.9157276251002242,0.08427237489977579,0.06563342530257203,0.967183287348714,0.032816712651286016,0.27385800019339424,0.8630709999033029,0.13692900009669712,0.16854474979955159,0.9157276251002242,0.08427237489977579,0.06563342530257203,0.967183287348714,0.032816712651286016,0.019193283480620486,0.9904033582596897,0.009596641740310243
belief,cabinet,18,1,True,88,44,57,63,6,9,10,53.0,0.45034959393032686,12.268077550289952,0.21431786412565104,0.4708874039723492,0.7229182290641969,0.9394390656346226,0.33801363032076254,0.0,artifacts/goal_bowl_destination_steering_formal_t1_lambda2_combined/goal_bowl_destination_belief_cabinet_init18_repeat1_success.json,0.6355820312930989,0.6822089843534506,0.31779101564654944,0.4403850471115691,0.7798074764442154,0.22019252355578456,0.3764215068503104,0.8117892465748449,0.1882107534251552,0.30701476164899716,0.8464926191755014,0.15350738082449858,0.30701476164899716,0.8464926191755014,0.15350738082449858,0.29309994899386427,0.8534500255030678,0.14654997449693213,0.1933529084611114,0.9033235457694443,0.0966764542305557,0.07638298216747028,0.9618085089162649,0.03819149108373514,0.29309994899386427,0.8534500255030678,0.14654997449693213,0.1933529084611114,0.9033235457694443,0.0966764542305557,0.07638298216747028,0.9618085089162649,0.03819149108373514,0.011756078914101882,0.9941219605429492,0.005878039457050941
belief,cabinet,19,0,True,79,36,53,55,5,8,9,45.0,0.4207787685999118,7.607756846337082,0.17559388125412909,0.4002768901861151,0.6598900559771428,0.8739264403323327,0.2923921625100589,0.0,artifacts/goal_bowl_destination_steering_formal_t1_lambda2_combined/goal_bowl_destination_belief_cabinet_init19_repeat0_success.json,0.7212394813579055,0.6393802593210474,0.36061974067895275,0.6640010518036645,0.6679994740981677,0.33200052590183227,0.5804793423661485,0.7097603288169256,0.29023967118307425,0.5120978595087609,0.7439510702456197,0.2560489297543804,0.5120978595087609,0.7439510702456197,0.2560489297543804,0.3842644413922361,0.8078677793038821,0.19213222069611804,0.22510193025378478,0.8874490348731076,0.11255096512689239,0.10836565744646993,0.945817171276765,0.05418282872323497,0.3842644413922361,0.8078677793038821,0.19213222069611804,0.22510193025378478,0.8874490348731076,0.11255096512689239,0.10836565744646993,0.945817171276765,0.05418282872323497,0.034212867457909336,0.9828935662710453,0.017106433728954668
belief,cabinet,19,1,False,300,36,,55,5,,9,45.0,0.391523195301607,8.06493240982488,0.1741065817602663,0.3624058279940003,0.6146883214297895,0.8514189509773379,0.275623443527061,0.0,artifacts/goal_bowl_destination_steering_formal_t1_lambda2_combined/goal_bowl_destination_belief_cabinet_init19_repeat1_failure.json,0.7172640592019801,0.6413679703990101,0.35863202960099005,0.6396465441890575,0.6801767279054712,0.31982327209452877,0.6136245608577283,0.6931877195711359,0.30681228042886416,0.5731549768625348,0.7134225115687326,0.2865774884312674,nan,nan,nan,nan,nan,nan,nan,nan,nan,nan,nan,nan,0.49819354216918693,0.7509032289154065,0.24909677108459347,0.38020669918953554,0.8098966504052322,0.19010334959476777,0.21177595351446046,0.8941120232427698,0.10588797675723023,0.046540656609296016,0.976729671695352,0.023270328304648008
belief,cabinet,1,0,True,84,38,,58,5,,9,48.0,0.41501182880853105,6.995387477674529,0.20206763024213378,0.45460999033858623,0.7306338598324368,0.9606981576655864,0.33026450312359434,0.0,artifacts/goal_bowl_destination_steering_formal_t1_lambda2_combined/goal_bowl_destination_belief_cabinet_init1_repeat0_success.json,0.6470504774637763,0.6764747612681118,0.32352523873188815,0.492558575346085,0.7537207123269575,0.2462792876730425,0.4792618317823214,0.7603690841088394,0.2396309158911607,0.4589041864285791,0.7705479067857104,0.22945209321428955,nan,nan,nan,nan,nan,nan,nan,nan,nan,nan,nan,nan,0.42850005377577355,0.7857499731121133,0.21425002688788677,0.310943372124078,0.844528313937961,0.155471686062039,0.1775378556250394,0.9112310721874803,0.0887689278125197,0.07173956296557286,0.9641302185172137,0.03586978148278643
belief,cabinet,1,1,True,86,38,59,61,5,9,10,51.0,0.4673192535322339,7.496411978679505,0.2042507198690955,0.4437939762273448,0.6895417249936013,0.8804265492019292,0.3202427456366106,0.0,artifacts/goal_bowl_destination_steering_formal_t1_lambda2_combined/goal_bowl_destination_belief_cabinet_init1_repeat1_success.json,0.6662874842843548,0.6668562578578225,0.3331437421421774,0.5006031024230849,0.7496984487884575,0.25030155121154246,0.49218726125233636,0.7539063693738319,0.24609363062616818,0.47378668203199703,0.7631066589840015,0.23689334101599852,0.44228119384425535,0.7788594030778724,0.22114059692212767,0.31723625923298393,0.841381870383508,0.15861812961649197,0.13211503786214646,0.9339424810689269,0.06605751893107323,0.05890259879588724,0.9705487006020564,0.02945129939794362,0.31723625923298393,0.841381870383508,0.15861812961649197,0.13211503786214646,0.9339424810689269,0.06605751893107323,0.05890259879588724,0.9705487006020564,0.02945129939794362,0.01248547546287691,0.9937572622685616,0.006242737731438455
belief,cabinet,20,0,True,77,36,50,55,5,8,9,45.0,0.43546099109913217,7.8241700898998054,0.21045109008390167,0.46820769566332116,0.7435070942457639,0.9679163473753826,0.33932716185669737,0.0,artifacts/goal_bowl_destination_steering_formal_t1_lambda2_combined/goal_bowl_destination_belief_cabinet_init20_repeat0_success.json,0.7107549387927955,0.6446225306036022,0.35537746939639775,0.3169900938354312,0.8415049530822845,0.1584950469177156,0.28631859865110376,0.8568407006744482,0.14315929932555188,0.24720676400850294,0.8763966179957485,0.12360338200425147,0.24720676400850294,0.8763966179957485,0.12360338200425147,0.19995878080630752,0.9000206095968462,0.09997939040315376,0.1139323308638925,0.9430338345680538,0.05696616543194625,0.04974363211010461,0.9751281839449477,0.024871816055052304,0.19995878080630752,0.9000206095968462,0.09997939040315376,0.1139323308638925,0.9430338345680538,0.05696616543194625,0.04974363211010461,0.9751281839449477,0.024871816055052304,0.013343564368955388,0.9933282178155223,0.006671782184477694
belief,cabinet,20,1,True,86,37,57,58,5,9,9,48.0,0.4538590457693237,8.15355710297194,0.1961869760636706,0.41660351570897347,0.6651873369364939,0.8830384707169694,0.3073995498655026,0.0,artifacts/goal_bowl_destination_steering_formal_t1_lambda2_combined/goal_bowl_destination_belief_cabinet_init20_repeat1_success.json,0.7500265747540684,0.6249867126229658,0.3750132873770342,0.35921192880034064,0.8203940355998298,0.17960596440017032,0.3217538390981866,0.8391230804509067,0.1608769195490933,0.2309752341357463,0.8845123829321269,0.11548761706787315,0.21828241850060168,0.8908587907496992,0.10914120925030084,0.14715785357764843,0.9264210732111757,0.07357892678882422,0.09471317478970454,0.9526434126051477,0.04735658739485227,0.03154080770089986,0.9842295961495501,0.01577040385044993,0.21828241850060168,0.8908587907496992,0.10914120925030084,0.14715785357764843,0.9264210732111757,0.07357892678882422,0.09471317478970454,0.9526434126051477,0.04735658739485227,0.03154080770089986,0.9842295961495501,0.01577040385044993
belief,cabinet,21,0,True,80,39,51,57,5,8,9,47.0,0.43322853506373465,7.67875898855668,0.21400168816891538,0.4786374385558283,0.7472491091022817,0.9632649505042856,0.34367284091992156,0.0,artifacts/goal_bowl_destination_steering_formal_t1_lambda2_combined/goal_bowl_destination_belief_cabinet_init21_repeat0_success.json,0.7256523872795375,0.6371738063602311,0.36282619363976876,0.6778187979399811,0.6610906010300094,0.33890939896999056,0.47692579506883825,0.7615371024655808,0.23846289753441913,0.44991419401951627,0.7750429029902419,0.22495709700975813,0.44991419401951627,0.7750429029902419,0.22495709700975813,0.39574931254037726,0.8021253437298114,0.19787465627018863,0.24547131538302286,0.8772643423084886,0.12273565769151143,0.11197224262964348,0.9440138786851782,0.05598612131482174,0.39574931254037726,0.8021253437298114,0.19787465627018863,0.24547131538302286,0.8772643423084886,0.12273565769151143,0.11197224262964348,0.9440138786851782,0.05598612131482174,0.032130533834788824,0.9839347330826056,0.016065266917394412
belief,cabinet,21,1,True,83,39,50,57,5,8,9,47.0,0.4415971326975887,7.703382288617975,0.1894322247182905,0.4140219750034725,0.6584226615211805,0.8760869375715594,0.3021751266249447,0.0,artifacts/goal_bowl_destination_steering_formal_t1_lambda2_combined/goal_bowl_destination_belief_cabinet_init21_repeat1_success.json,0.7137302224163581,0.6431348887918209,0.35686511120817904,0.6612963318888471,0.6693518340555765,0.33064816594442353,0.45724765887021906,0.7713761705648905,0.22862382943510953,0.4426610456349247,0.7786694771825377,0.22133052281746235,0.4426610456349247,0.7786694771825377,0.22133052281746235,0.39892098235031737,0.8005395088248413,0.19946049117515868,0.2763435286447445,0.8618282356776277,0.13817176432237224,0.17261916231367186,0.9136904188431642,0.08630958115683593,0.39892098235031737,0.8005395088248413,0.19946049117515868,0.2763435286447445,0.8618282356776277,0.13817176432237224,0.17261916231367186,0.9136904188431642,0.08630958115683593,0.05612586922077438,0.9719370653896128,0.02806293461038719
belief,cabinet,22,0,True,109,37,71,77,5,12,13,67.0,0.45290713231565927,12.545197353323248,0.17701066692648224,0.37047508584253636,0.6033916493241743,0.8312356988003256,0.2768056439831828,0.0,artifacts/goal_bowl_destination_steering_formal_t1_lambda2_combined/goal_bowl_destination_belief_cabinet_init22_repeat0_success.json,0.754645804495629,0.6226770977521855,0.3773229022478145,0.7048747468760074,0.6475626265619964,0.3524373734380037,0.6554753442359699,0.6722623278820151,0.32773767211798494,0.3788215486470516,0.8105892256764742,0.1894107743235258,0.12346464901658097,0.9382676754917094,0.061732324508290484,0.12046386372352406,0.9397680681382379,0.06023193186176203,0.09161858922354377,0.954190705388228,0.045809294611771884,0.04748623986096464,0.9762568800695176,0.02374311993048232,0.12046386372352406,0.9397680681382379,0.06023193186176203,0.09161858922354377,0.954190705388228,0.045809294611771884,0.04748623986096464,0.9762568800695176,0.02374311993048232,0.009909020009866057,0.995045489995067,0.0049545100049330285
belief,cabinet,22,1,True,112,41,37,84,6,5,14,74.0,0.47233904894072853,13.163735627528457,0.19204314204852996,0.4350328713831311,0.7162592226493145,0.9538165237501974,0.3189512264341559,0.0,artifacts/goal_bowl_destination_steering_formal_t1_lambda2_combined/goal_bowl_destination_belief_cabinet_init22_repeat1_success.json,0.6770301195528473,0.6614849402235764,0.33851505977642365,0.6549887994028897,0.6725056002985551,0.32749439970144484,0.650144202074526,0.6749278989627371,0.325072101037263,0.6081678498619584,0.6959160750690209,0.3040839249309792,0.7250240990359619,0.637487950482019,0.36251204951798094,0.6770301195528473,0.6614849402235764,0.33851505977642365,0.6549887994028897,0.6725056002985551,0.32749439970144484,0.650144202074526,0.6749278989627371,0.325072101037263,0.507072907531376,0.746463546234312,0.253536453765688,0.42444170736325165,0.7877791463183742,0.21222085368162583,0.2135304592523466,0.8932347703738267,0.1067652296261733,0.06386408351284116,0.9680679582435794,0.03193204175642058
belief,cabinet,23,0,True,83,41,52,60,6,8,10,50.0,0.4251899348488548,7.955789533366778,0.2559622185144748,0.518981950128876,0.7606817327385634,0.9471630253413577,0.373874523833065,0.0,artifacts/goal_bowl_destination_steering_formal_t1_lambda2_combined/goal_bowl_destination_belief_cabinet_init23_repeat0_success.json,0.6046831829626607,0.6976584085186697,0.30234159148133033,0.4233483281957114,0.7883258359021443,0.2116741640978557,0.28967042399082893,0.8551647880045855,0.14483521199541446,0.2335053220537371,0.8832473389731315,0.11675266102686856,0.28967042399082893,0.8551647880045855,0.14483521199541446,0.2335053220537371,0.8832473389731315,0.11675266102686856,0.14303129909921958,0.9284843504503902,0.07151564954960979,0.06997943353969285,0.9650102832301536,0.03498971676984643,0.14303129909921958,0.9284843504503902,0.07151564954960979,0.06997943353969285,0.9650102832301536,0.03498971676984643,0.037039686716691396,0.9814801566416542,0.018519843358345698,0.012295208510633223,0.9938523957446834,0.006147604255316612
belief,cabinet,23,1,True,83,41,52,59,6,8,9,49.0,0.40908676978481184,7.795164990426562,0.22982954728490435,0.49551706179062033,0.7553417909527066,0.9580850275455195,0.35620312453697517,0.0,artifacts/goal_bowl_destination_steering_formal_t1_lambda2_combined/goal_bowl_destination_belief_cabinet_init23_repeat1_success.json,0.6015883290427818,0.6992058354786092,0.3007941645213909,0.3518289630040712,0.8240855184979643,0.1759144815020356,0.2722712798456908,0.8638643600771546,0.1361356399228454,0.22682224955434802,0.8865888752228259,0.11341112477717401,0.2722712798456908,0.8638643600771546,0.1361356399228454,0.22682224955434802,0.8865888752228259,0.11341112477717401,0.16620802232242612,0.9168959888387869,0.08310401116121306,0.08961884346768241,0.9551905782661587,0.044809421733841205,0.22682224955434802,0.8865888752228259,0.11341112477717401,0.16620802232242612,0.9168959888387869,0.08310401116121306,0.08961884346768241,0.9551905782661587,0.044809421733841205,0.032922157177434505,0.9835389214112826,0.016461078588717253
belief,cabinet,24,0,True,104,35,77,84,5,13,14,74.0,0.5854859712908268,14.888538340064564,0.1944192670912453,0.43062790407846013,0.6973224780386269,0.9158149680127122,0.31525457588982764,0.0,artifacts/goal_bowl_destination_steering_formal_t1_lambda2_combined/goal_bowl_destination_belief_cabinet_init24_repeat0_success.json,0.5773085021051362,0.7113457489474319,0.2886542510525681,0.5060747374851401,0.7469626312574298,0.25303736874257005,0.386818261783863,0.8065908691080684,0.1934091308919315,0.317528386439523,0.8412358067802385,0.1587641932197615,0.19616892284475876,0.9019155385776206,0.09808446142237938,0.1759353523162308,0.9120323238418846,0.0879676761581154,0.10696505518935483,0.9465174724053225,0.05348252759467741,0.04570419007776233,0.9771479049611188,0.022852095038881165,0.1759353523162308,0.9120323238418846,0.0879676761581154,0.10696505518935483,0.9465174724053225,0.05348252759467741,0.04570419007776233,0.9771479049611188,0.022852095038881165,0.018181789125858383,0.9909091054370708,0.009090894562929192
belief,cabinet,24,1,True,104,35,76,85,5,13,15,75.0,0.6188118692317959,14.883979819019634,0.22359255105559694,0.4844073196964611,0.7456403591883147,0.9346850376041825,0.3479835009375963,0.0,artifacts/goal_bowl_destination_steering_formal_t1_lambda2_combined/goal_bowl_destination_belief_cabinet_init24_repeat1_success.json,0.630119547752517,0.6849402261237415,0.3150597738762585,0.5843420485075795,0.7078289757462103,0.29217102425378977,0.4552486122372786,0.7723756938813607,0.2276243061186393,0.38746041620336763,0.8062697918983163,0.19373020810168382,0.23892226432719674,0.8805388678364016,0.11946113216359837,0.23449341628074444,0.8827532918596278,0.11724670814037222,0.17574067587316394,0.9121296620634181,0.08787033793658197,0.08400076436430111,0.9579996178178495,0.042000382182150554,0.17574067587316394,0.9121296620634181,0.08787033793658197,0.08400076436430111,0.9579996178178495,0.042000382182150554,0.022857324638275722,0.9885713376808621,0.011428662319137861,0.00465417223371953,0.9976729138831403,0.002327086116859765
belief,cabinet,25,0,True,89,40,64,59,6,10,9,49.0,0.466449986477671,8.205722313904747,0.18723171264715707,0.4297263080392341,0.6709781084716685,0.8612207034487517,0.30682210818464606,0.0,artifacts/goal_bowl_destination_steering_formal_t1_lambda2_combined/goal_bowl_destination_belief_cabinet_init25_repeat0_success.json,0.6644637601241632,0.6677681199379185,0.3322318800620816,0.29657976792254986,0.8517101160387252,0.14828988396127493,0.2521011969599462,0.8739494015200269,0.1260505984799731,0.23336610706143912,0.8833169464692804,0.11668305353071956,0.20409648925040633,0.897951755374797,0.10204824462520316,0.13166901566119046,0.9341654921694047,0.06583450783059523,0.04316261570721039,0.9784186921463949,0.021581307853605194,0.004102788908337479,0.9979486055458313,0.0020513944541687393,0.23336610706143912,0.8833169464692804,0.11668305353071956,0.20409648925040633,0.897951755374797,0.10204824462520316,0.13166901566119046,0.9341654921694047,0.06583450783059523,0.04316261570721039,0.9784186921463949,0.021581307853605194
belief,cabinet,25,1,True,90,40,52,59,6,8,9,49.0,0.45014870817859853,8.182512203377263,0.16875703267223235,0.3939099682016539,0.6585879926742507,0.8879048896834721,0.2880837022430792,0.0,artifacts/goal_bowl_destination_steering_formal_t1_lambda2_combined/goal_bowl_destination_belief_cabinet_init25_repeat1_success.json,0.7164148423386585,0.6417925788306706,0.35820742116932924,0.4409447652646071,0.7795276173676965,0.22047238263230354,0.3857035451215251,0.8071482274392375,0.19285177256076255,0.35873226552619014,0.8206338672369049,0.17936613276309507,0.3857035451215251,0.8071482274392375,0.19285177256076255,0.35873226552619014,0.8206338672369049,0.17936613276309507,0.31519879103168974,0.8424006044841552,0.15759939551584487,0.18657434683066,0.9067128265846701,0.09328717341533,0.35873226552619014,0.8206338672369049,0.17936613276309507,0.31519879103168974,0.8424006044841552,0.15759939551584487,0.18657434683066,0.9067128265846701,0.09328717341533,0.06741866582206842,0.9662906670889658,0.03370933291103421
belief,cabinet,26,0,True,86,40,58,59,6,9,9,49.0,0.4562990921032987,7.967409664184888,0.17037287223278705,0.3774238305864305,0.6226969979596325,0.824313803920445,0.2781464799421649,0.0,artifacts/goal_bowl_destination_steering_formal_t1_lambda2_combined/goal_bowl_destination_belief_cabinet_init26_repeat0_success.json,0.7387249624535757,0.6306375187732122,0.36936248122678783,0.6265040260335084,0.6867479869832457,0.3132520130167542,0.5495709683115284,0.7252145158442359,0.2747854841557642,0.5085444627548659,0.7457277686225671,0.25427223137743293,0.5085444627548659,0.7457277686225671,0.25427223137743293,0.3960728871090575,0.8019635564454712,0.19803644355452876,0.24572895793631472,0.8771355210318427,0.12286447896815736,0.1118975842092377,0.9440512078953812,0.05594879210461885,0.5085444627548659,0.7457277686225671,0.25427223137743293,0.3960728871090575,0.8019635564454712,0.19803644355452876,0.24572895793631472,0.8771355210318427,0.12286447896815736,0.1118975842092377,0.9440512078953812,0.05594879210461885
belief,cabinet,26,1,True,114,40,91,95,6,16,17,85.0,0.6582729418872781,17.134327927595365,0.19596229073329888,0.47250055906155025,0.7514484240368284,0.9635508318037818,0.33440398280695893,0.0,artifacts/goal_bowl_destination_steering_formal_t1_lambda2_combined/goal_bowl_destination_belief_cabinet_init26_repeat1_success.json,0.6966189715419537,0.6516905142290231,0.34830948577097687,0.5819846023113356,0.7090076988443323,0.2909923011556678,0.5101743373671315,0.7449128313164342,0.25508716868356573,0.4870774868209739,0.756461256589513,0.24353874341048695,0.23263749468599598,0.883681252657002,0.11631874734299799,0.21680084267792588,0.891599578661037,0.10840042133896294,0.10958212386204058,0.9452089380689798,0.05479106193102029,0.026085715627021226,0.9869571421864893,0.013042857813510613,0.21680084267792588,0.891599578661037,0.10840042133896294,0.10958212386204058,0.9452089380689798,0.05479106193102029,0.026085715627021226,0.9869571421864893,0.013042857813510613,0.006635577176532625,0.9966822114117336,0.0033177885882663123
belief,cabinet,27,0,True,79,38,55,59,5,9,9,49.0,0.4623085458213802,7.761440128431584,0.18759942712163793,0.4289273095936124,0.6873182776375424,0.8824900758244206,0.3097792417632957,0.0,artifacts/goal_bowl_destination_steering_formal_t1_lambda2_combined/goal_bowl_destination_belief_cabinet_init27_repeat0_success.json,0.6942090147147173,0.6528954926426414,0.34710450735735865,0.5024554327086246,0.7487722836456877,0.2512277163543123,0.4181359075451068,0.7909320462274465,0.2090679537725534,0.4056695349830918,0.7971652325084541,0.2028347674915459,0.36639515007280815,0.8168024249635959,0.18319757503640408,0.24044635507709797,0.8797768224614511,0.12022317753854898,0.14040242185170237,0.9297987890741488,0.07020121092585119,0.043061133655943676,0.9784694331720283,0.021530566827971838,0.36639515007280815,0.8168024249635959,0.18319757503640408,0.24044635507709797,0.8797768224614511,0.12022317753854898,0.14040242185170237,0.9297987890741488,0.07020121092585119,0.043061133655943676,0.9784694331720283,0.021530566827971838
belief,cabinet,27,1,True,75,37,48,56,5,7,9,46.0,0.4370979118510357,8.069407471898263,0.18917550940262265,0.42855001311212854,0.717521180139761,0.9354137830633238,0.31635636772870157,0.0,artifacts/goal_bowl_destination_steering_formal_t1_lambda2_combined/goal_bowl_destination_belief_cabinet_init27_repeat1_success.json,0.7605160304787032,0.6197419847606483,0.3802580152393516,0.5850332421756222,0.7074833789121888,0.2925166210878111,0.5544146186640324,0.7227926906679838,0.2772073093320162,0.5148090243402994,0.7425954878298503,0.2574045121701497,0.5544146186640324,0.7227926906679838,0.2772073093320162,0.5148090243402994,0.7425954878298503,0.2574045121701497,0.40880521539267173,0.795597392303664,0.20440260769633586,0.22531203939688693,0.8873439803015566,0.11265601969844347,0.40880521539267173,0.795597392303664,0.20440260769633586,0.22531203939688693,0.8873439803015566,0.11265601969844347,0.103902000798714,0.9480489996006429,0.051951000399357,0.015859790202867242,0.9920701048985664,0.007929895101433621
belief,cabinet,28,0,True,85,43,55,63,6,9,10,53.0,0.4662900621868432,7.609149655304596,0.1706178995680871,0.405028500755533,0.6475192049226576,0.8363564688027165,0.28953668547502026,0.0,artifacts/goal_bowl_destination_steering_formal_t1_lambda2_combined/goal_bowl_destination_belief_cabinet_init28_repeat0_success.json,0.46527130559689533,0.7673643472015524,0.23263565279844767,0.2655142715547421,0.867242864222629,0.13275713577737105,0.2524056675182138,0.8737971662408931,0.1262028337591069,0.16371511890750623,0.9181424405462468,0.08185755945375311,0.16371511890750623,0.9181424405462468,0.08185755945375311,0.1034317973950027,0.9482841013024986,0.05171589869750135,0.06294046118400494,0.9685297694079975,0.03147023059200247,0.03308438771309856,0.9834578061434507,0.01654219385654928,0.1034317973950027,0.9482841013024986,0.05171589869750135,0.06294046118400494,0.9685297694079975,0.03147023059200247,0.03308438771309856,0.9834578061434507,0.01654219385654928,0.005180773078285439,0.9974096134608574,0.0025903865391427197
belief,cabinet,28,1,True,85,41,54,61,6,8,10,51.0,0.46628237623913826,7.671355485629048,0.16480620800169465,0.3543685710023267,0.5766832899272576,0.7631282191637838,0.2621503944582869,0.0,artifacts/goal_bowl_destination_steering_formal_t1_lambda2_combined/goal_bowl_destination_belief_cabinet_init28_repeat1_success.json,0.5452510045552101,0.7273744977223949,0.27262550227760507,0.4716704844452447,0.7641647577773778,0.23583524222262234,0.35129986459869755,0.8243500677006512,0.17564993229934878,0.21088046764807344,0.8945597661759634,0.10544023382403672,0.35129986459869755,0.8243500677006512,0.17564993229934878,0.21088046764807344,0.8945597661759634,0.10544023382403672,0.13525372063231245,0.9323731396838437,0.06762686031615622,0.07001251544677177,0.9649937422766142,0.035006257723385885,0.13525372063231245,0.9323731396838437,0.06762686031615622,0.07001251544677177,0.9649937422766142,0.035006257723385885,0.03985006751198901,0.9800749662440056,0.019925033755994505,0.003964678878830497,0.9980176605605847,0.0019823394394152486
belief,cabinet,29,0,True,78,38,50,58,5,8,9,48.0,0.41890310659667235,7.378732669327559,0.20155677377950196,0.45759904827029907,0.7145761435406927,0.9190896440486855,0.32704483197528783,0.0,artifacts/goal_bowl_destination_steering_formal_t1_lambda2_combined/goal_bowl_destination_belief_cabinet_init29_repeat0_success.json,0.7891516193877003,0.6054241903061499,0.39457580969385014,0.7298266096796759,0.635086695160162,0.36491330483983797,0.6714438523048494,0.6642780738475752,0.3357219261524247,0.5848148833531133,0.7075925583234435,0.29240744167655663,0.5848148833531133,0.7075925583234435,0.29240744167655663,0.4649100843587547,0.7675449578206226,0.23245504217937735,0.2622441855313164,0.8688779072343419,0.1311220927656582,0.10352762354999978,0.9482361882250001,0.05176381177499989,0.4649100843587547,0.7675449578206226,0.23245504217937735,0.2622441855313164,0.8688779072343419,0.1311220927656582,0.10352762354999978,0.9482361882250001,0.05176381177499989,0.00965415151644947,0.9951729242417752,0.004827075758224735
belief,cabinet,29,1,True,80,38,57,60,5,9,10,50.0,0.4335312349935364,7.554027424437722,0.17816240241218298,0.4240526184342708,0.6929437909725511,0.9000021759573239,0.3053573204289696,0.0,artifacts/goal_bowl_destination_steering_formal_t1_lambda2_combined/goal_bowl_destination_belief_cabinet_init29_repeat1_success.json,0.7731826900273909,0.6134086549863046,0.38659134501369546,0.7330508026190972,0.6334745986904514,0.3665254013095486,0.686248941806486,0.656875529096757,0.343124470903243,0.5825423045357533,0.7087288477321233,0.29127115226787664,0.5158638890268751,0.7420680554865625,0.25793194451343754,0.34545683779763153,0.8272715811011842,0.17272841889881577,0.16624586804402183,0.9168770659779891,0.08312293402201092,0.054502117578687746,0.9727489412106562,0.027251058789343873,0.34545683779763153,0.8272715811011842,0.17272841889881577,0.16624586804402183,0.9168770659779891,0.08312293402201092,0.054502117578687746,0.9727489412106562,0.027251058789343873,0.013225702120802525,0.9933871489395987,0.0066128510604012624
belief,cabinet,2,0,True,79,40,51,58,6,8,9,48.0,0.42929801208982576,8.496535788949497,0.19589810988946377,0.4505265823669982,0.7156908717253858,0.9236366714461274,0.32309780409649963,0.0,artifacts/goal_bowl_destination_steering_formal_t1_lambda2_combined/goal_bowl_destination_belief_cabinet_init2_repeat0_success.json,0.6195524586834706,0.6902237706582648,0.3097762293417353,0.2894588278339709,0.8552705860830147,0.14472941391698546,0.25657120124376426,0.8717143993781179,0.12828560062188213,0.17868262090639703,0.9106586895468015,0.08934131045319851,0.25657120124376426,0.8717143993781179,0.12828560062188213,0.17868262090639703,0.9106586895468015,0.08934131045319851,0.10191211970619243,0.9490439401469037,0.05095605985309622,0.04948555267729855,0.9752572236613507,0.024742776338649276,0.17868262090639703,0.9106586895468015,0.08934131045319851,0.10191211970619243,0.9490439401469037,0.05095605985309622,0.04948555267729855,0.9752572236613507,0.024742776338649276,0.019843284970465412,0.9900783575147674,0.009921642485232706
belief,cabinet,2,1,True,74,38,48,56,5,7,9,46.0,0.42070934451565495,7.603753075565938,0.23143604681994517,0.5172078332089433,0.7860156754743532,0.9744063131789822,0.36594259591195155,0.0,artifacts/goal_bowl_destination_steering_formal_t1_lambda2_combined/goal_bowl_destination_belief_cabinet_init2_repeat1_success.json,0.7070907030407828,0.6464546484796085,0.3535453515203914,0.5940780753097868,0.7029609623451065,0.2970390376548934,0.532678203746359,0.7336608981268204,0.2663391018731795,0.4481031123565301,0.7759484438217348,0.22405155617826505,0.532678203746359,0.7336608981268204,0.2663391018731795,0.4481031123565301,0.7759484438217348,0.22405155617826505,0.39785719008655185,0.801071404956724,0.19892859504327592,0.22165601373256877,0.8891719931337155,0.11082800686628438,0.39785719008655185,0.801071404956724,0.19892859504327592,0.22165601373256877,0.8891719931337155,0.11082800686628438,0.0899494145607434,0.9550252927196282,0.0449747072803717,0.0182131327693448,0.9908934336153277,0.0091065663846724
belief,cabinet,30,0,True,83,39,60,59,5,10,9,49.0,0.4471874728492348,7.494268986020278,0.1815060626110794,0.401552910223796,0.6668230882806779,0.8983921229931017,0.297422871242966,0.0,artifacts/goal_bowl_destination_steering_formal_t1_lambda2_combined/goal_bowl_destination_belief_cabinet_init30_repeat0_success.json,0.7560461167068263,0.6219769416465869,0.37802305835341315,0.6026342798224872,0.6986828600887565,0.3013171399112436,0.5443727359075942,0.727813632046203,0.2721863679537971,0.49928319765779905,0.7503584011711004,0.24964159882889952,0.37106293756918146,0.8144685312154092,0.18553146878459073,0.20445084755013895,0.8977745762249305,0.10222542377506948,0.07273729093643706,0.9636313545317815,0.03636864546821853,0.020419298364083648,0.9897903508179583,0.010209649182041824,0.4436371024126964,0.7781814487936518,0.2218185512063482,0.37106293756918146,0.8144685312154092,0.18553146878459073,0.20445084755013895,0.8977745762249305,0.10222542377506948,0.07273729093643706,0.9636313545317815,0.03636864546821853
belief,cabinet,30,1,True,84,40,56,60,6,9,10,50.0,0.45182472523305145,7.440576840018987,0.1896751331407371,0.41809496289726217,0.6875366414962858,0.9177574304808818,0.30865055756515175,0.0,artifacts/goal_bowl_destination_steering_formal_t1_lambda2_combined/goal_bowl_destination_belief_cabinet_init30_repeat1_success.json,0.7184500639386586,0.6407749680306707,0.3592250319693293,0.672107380303152,0.6639463098484241,0.336053690151576,0.5845963881342869,0.7077018059328565,0.29229819406714347,0.42735049648742474,0.7863247517562876,0.21367524824371237,0.42735049648742474,0.7863247517562876,0.21367524824371237,0.37196842992464313,0.8140157850376785,0.18598421496232156,0.20805888386214802,0.8959705580689261,0.10402944193107401,0.07014862448654907,0.9649256877567254,0.035074312243274536,0.37196842992464313,0.8140157850376785,0.18598421496232156,0.20805888386214802,0.8959705580689261,0.10402944193107401,0.07014862448654907,0.9649256877567254,0.035074312243274536,0.015949286573985984,0.992025356713007,0.007974643286992992
belief,cabinet,31,0,True,74,35,49,55,5,7,9,45.0,0.4264010128136452,7.139711340100202,0.22802002299662233,0.4855477770347376,0.7465380440686274,0.939382940029671,0.3502544949305202,0.0,artifacts/goal_bowl_destination_steering_formal_t1_lambda2_combined/goal_bowl_destination_belief_cabinet_init31_repeat0_success.json,0.7794952160975122,0.6102523919512438,0.3897476080487561,0.620577552622794,0.6897112236886029,0.310288776311397,0.4934558652911747,0.7532720673544125,0.24672793264558734,0.3986749816021453,0.8006625091989273,0.19933749080107266,0.4934558652911747,0.7532720673544125,0.24672793264558734,0.3986749816021453,0.8006625091989273,0.19933749080107266,0.2616270263688822,0.869186486815559,0.1308135131844411,0.12891582522295456,0.9355420873885227,0.06445791261147728,0.2616270263688822,0.869186486815559,0.1308135131844411,0.12891582522295456,0.9355420873885227,0.06445791261147728,0.034965247098262243,0.982517376450869,0.017482623549131122,0.007083986462491602,0.9964580067687542,0.003541993231245801
belief,cabinet,31,1,True,77,37,48,56,5,7,9,46.0,0.40876601524336387,7.542285700627585,0.20924993274117512,0.45869952851659146,0.716749460614088,0.9187586299584847,0.3309977926051874,0.0,artifacts/goal_bowl_destination_steering_formal_t1_lambda2_combined/goal_bowl_destination_belief_cabinet_init31_repeat1_success.json,0.749372456871155,0.6253137715644225,0.3746862284355775,0.47572835019301746,0.7621358249034913,0.23786417509650873,0.3918809444652485,0.8040595277673758,0.19594047223262426,0.3328974171833648,0.8335512914083176,0.1664487085916824,0.3918809444652485,0.8040595277673758,0.19594047223262426,0.3328974171833648,0.8335512914083176,0.1664487085916824,0.20651273516704327,0.8967436324164784,0.10325636758352164,0.11390391039257954,0.9430480448037102,0.05695195519628977,0.20651273516704327,0.8967436324164784,0.10325636758352164,0.11390391039257954,0.9430480448037102,0.05695195519628977,0.05294818692889288,0.9735259065355535,0.02647409346444644,0.015036070293243525,0.9924819648533783,0.007518035146621763
belief,cabinet,32,0,True,80,35,62,56,5,10,9,46.0,0.42477890917528677,7.353700170828177,0.16982498781152164,0.39646506437271084,0.6665157730781947,0.8708475389524515,0.2905487745860106,0.0,artifacts/goal_bowl_destination_steering_formal_t1_lambda2_combined/goal_bowl_destination_belief_cabinet_init32_repeat0_success.json,0.7321523545264895,0.6339238227367552,0.36607617726324476,0.6552991714256948,0.6723504142871526,0.3276495857128474,0.6477204823543198,0.6761397588228402,0.3238602411771599,0.625420686223822,0.6872896568880891,0.312710343111911,0.3125724881040972,0.8437137559479515,0.1562862440520486,0.14622548465689145,0.9268872576715543,0.07311274232844572,0.026721746224157912,0.9866391268879211,0.013360873112078956,0.0038470276690755253,0.9980764861654622,0.0019235138345377626,0.4922072314386202,0.75389638428069,0.2461036157193101,0.3125724881040972,0.8437137559479515,0.1562862440520486,0.14622548465689145,0.9268872576715543,0.07311274232844572,0.026721746224157912,0.9866391268879211,0.013360873112078956
belief,cabinet,32,1,True,78,37,49,55,5,7,9,45.0,0.39166483297336135,7.163641066881133,0.1679200867682352,0.41245469185480094,0.698198760892349,0.9412195128734094,0.3002725543414938,0.0,artifacts/goal_bowl_destination_steering_formal_t1_lambda2_combined/goal_bowl_destination_belief_cabinet_init32_repeat1_success.json,0.5861028438985653,0.7069485780507173,0.29305142194928263,0.5037502377069397,0.7481248811465302,0.25187511885346986,0.41170466996970123,0.7941476650151493,0.20585233498485062,0.3892999783788842,0.8053500108105579,0.1946499891894421,0.41170466996970123,0.7941476650151493,0.20585233498485062,0.3892999783788842,0.8053500108105579,0.1946499891894421,0.33859884429110493,0.8307005778544475,0.16929942214555246,0.258805066268808,0.8705974668655959,0.129402533134404,0.33859884429110493,0.8307005778544475,0.16929942214555246,0.258805066268808,0.8705974668655959,0.129402533134404,0.07845358823320774,0.9607732058833961,0.03922679411660387,0.01775051740654998,0.991124741296725,0.00887525870327499
belief,cabinet,33,0,True,77,35,55,56,5,9,9,46.0,0.4078816550017812,7.182490881358534,0.1872081364771201,0.42496628061902686,0.6932230837570009,0.915119835786721,0.30942686398961355,0.0,artifacts/goal_bowl_destination_steering_formal_t1_lambda2_combined/goal_bowl_destination_belief_cabinet_init33_repeat0_success.json,0.7512345406332599,0.6243827296833699,0.37561727031662995,0.7219045375061057,0.6390477312469471,0.36095226875305286,0.6931990614878378,0.6534004692560811,0.3465995307439189,0.5237205113339538,0.7381397443330231,0.2618602556669769,0.3524201130115808,0.8237899434942096,0.1762100565057904,0.1959530459615008,0.9020234770192496,0.0979765229807504,0.10045799137629943,0.9497710043118502,0.050228995688149716,0.01729789192941763,0.9913510540352912,0.008648945964708814,0.3524201130115808,0.8237899434942096,0.1762100565057904,0.1959530459615008,0.9020234770192496,0.0979765229807504,0.10045799137629943,0.9497710043118502,0.050228995688149716,0.01729789192941763,0.9913510540352912,0.008648945964708814
belief,cabinet,33,1,True,76,34,53,53,4,8,8,43.0,0.40077329889920177,6.857717077854873,0.18519517874356906,0.4156056473849102,0.6833145186468051,0.9155669533856089,0.30547678977679893,0.0,artifacts/goal_bowl_destination_steering_formal_t1_lambda2_combined/goal_bowl_destination_belief_cabinet_init33_repeat1_success.json,0.8407900406491061,0.579604979675447,0.42039502032455306,0.7307651706391716,0.6346174146804142,0.3653825853195858,0.7005259169533843,0.649737041523308,0.35026295847669214,0.577678131330091,0.7111609343349544,0.2888390656650455,0.46193786785249485,0.7690310660737525,0.23096893392624743,0.30319812018427883,0.8484009399078606,0.15159906009213941,0.14822723154123532,0.9258863842293823,0.07411361577061766,0.04172790323540964,0.9791360483822952,0.02086395161770482,0.46193786785249485,0.7690310660737525,0.23096893392624743,0.30319812018427883,0.8484009399078606,0.15159906009213941,0.14822723154123532,0.9258863842293823,0.07411361577061766,0.04172790323540964,0.9791360483822952,0.02086395161770482
belief,cabinet,34,0,True,87,37,61,57,5,10,9,47.0,0.4113318762239716,8.070159631238951,0.16899336075500931,0.39017971965600473,0.6336735432647858,0.8504453543321481,0.28292596947872145,0.0,artifacts/goal_bowl_destination_steering_formal_t1_lambda2_combined/goal_bowl_destination_belief_cabinet_init34_repeat0_success.json,0.573841930270581,0.7130790348647095,0.2869209651352905,0.471362735071702,0.764318632464149,0.235681367535851,0.4564662470759459,0.771766876462027,0.22823312353797295,0.4416897109676338,0.7791551445161832,0.2208448554838169,0.2102595732683394,0.8948702133658303,0.1051297866341697,0.1134714139554131,0.9432642930222935,0.05673570697770655,0.05493206487189494,0.9725339675640524,0.02746603243594747,0.016269201656733356,0.9918653991716332,0.008134600828366678,0.35665669806692873,0.8216716509665356,0.17832834903346437,0.2102595732683394,0.8948702133658303,0.1051297866341697,0.1134714139554131,0.9432642930222935,0.05673570697770655,0.05493206487189494,0.9725339675640524,0.02746603243594747
belief,cabinet,34,1,True,94,37,75,59,5,13,9,49.0,0.4300385262632066,8.242502375444314,0.1622990748218803,0.3787454030580815,0.6239887459355778,0.8312214851050665,0.27547232418009027,0.0,artifacts/goal_bowl_destination_steering_formal_t1_lambda2_combined/goal_bowl_destination_belief_cabinet_init34_repeat1_success.json,0.6307939670108798,0.6846030164945601,0.3153969835054399,0.5070223347480926,0.7464888326259537,0.2535111673740463,0.46525152006440246,0.7673742399677989,0.23262576003220123,0.45520717446530373,0.7723964127673482,0.22760358723265187,0.00824560433891447,0.9958771978305428,0.004122802169457235,0.002300805805508238,0.998849597097246,0.001150402902754119,0.0013781353937527877,0.9993109323031236,0.0006890676968763939,0.0008266088417037907,0.9995866955791481,0.00041330442085189535,0.4384622908521706,0.7807688545739148,0.2192311454260853,0.3025103011025045,0.8487448494487477,0.15125515055125224,0.1345537541096281,0.932723122945186,0.06727687705481405,0.04385605508598242,0.9780719724570087,0.02192802754299121
belief,cabinet,35,0,True,91,35,48,54,5,7,8,44.0,0.39266659283054434,7.599798850708136,0.20619500284038214,0.48231817891275824,0.750563210969861,0.9434077391837471,0.3405931201395297,0.0,artifacts/goal_bowl_destination_steering_formal_t1_lambda2_combined/goal_bowl_destination_belief_cabinet_init35_repeat0_success.json,0.7557030987322227,0.6221484506338887,0.37785154936611137,0.5054270834912752,0.7472864582543625,0.2527135417456376,0.4261551330400295,0.7869224334799853,0.21307756652001475,0.38628986904034673,0.8068550654798267,0.19314493452017337,0.4261551330400295,0.7869224334799853,0.21307756652001475,0.38628986904034673,0.8068550654798267,0.19314493452017337,0.27724718709869667,0.8613764064506517,0.13862359354934833,0.14749147832225107,0.9262542608388745,0.07374573916112553,0.38628986904034673,0.8068550654798267,0.19314493452017337,0.27724718709869667,0.8613764064506517,0.13862359354934833,0.14749147832225107,0.9262542608388745,0.07374573916112553,0.04123296138813815,0.9793835193059309,0.020616480694069076
belief,cabinet,35,1,True,75,35,,53,5,,8,43.0,0.39308700241953104,7.2193597739531254,0.19443162930976732,0.4474154122950341,0.7309101915252276,0.950972656852034,0.3248671579808582,0.0,artifacts/goal_bowl_destination_steering_formal_t1_lambda2_combined/goal_bowl_destination_belief_cabinet_init35_repeat1_success.json,0.7413599799242004,0.6293200100378997,0.3706799899621002,0.47558564089952965,0.7622071795502353,0.23779282044976482,0.4044537999937415,0.7977731000031293,0.20222689999687074,0.35156900698686966,0.8242154965065651,0.17578450349343483,nan,nan,nan,nan,nan,nan,nan,nan,nan,nan,nan,nan,0.35156900698686966,0.8242154965065651,0.17578450349343483,0.22927152937854658,0.8853642353107267,0.11463576468927329,0.12761135945101,0.936194320274495,0.063805679725505,0.03702440868892336,0.9814877956555383,0.01851220434446168
belief,cabinet,36,0,True,82,38,62,60,5,10,10,50.0,0.4188705818168784,7.369112494330964,0.17631380182596787,0.41134246022678367,0.681018312959079,0.8821951166815145,0.29913763365347956,0.0,artifacts/goal_bowl_destination_steering_formal_t1_lambda2_combined/goal_bowl_destination_belief_cabinet_init36_repeat0_success.json,0.7461864257225053,0.6269067871387473,0.37309321286125263,0.6668781155714273,0.6665609422142864,0.33343905778571364,0.5879146509522359,0.706042674523882,0.29395732547611797,0.5393323936077307,0.7303338031961346,0.26966619680386533,0.3604282417667195,0.8197858791166404,0.18021412088335975,0.2135727264104263,0.8932136367947869,0.10678636320521315,0.061564646188916515,0.9692176769055418,0.030782323094458258,0.014669905167494545,0.9926650474162526,0.007334952583747272,0.3604282417667195,0.8197858791166404,0.18021412088335975,0.2135727264104263,0.8932136367947869,0.10678636320521315,0.061564646188916515,0.9692176769055418,0.030782323094458258,0.014669905167494545,0.9926650474162526,0.007334952583747272
belief,cabinet,36,1,True,78,36,54,58,5,8,9,48.0,0.4292089431238331,7.136762275592698,0.21615280067389378,0.48406884579203985,0.7426700779494991,0.9310179938250931,0.3449451137825886,0.0,artifacts/goal_bowl_destination_steering_formal_t1_lambda2_combined/goal_bowl_destination_belief_cabinet_init36_repeat1_success.json,0.7685813561684428,0.6157093219157787,0.3842906780842214,0.7170019187453449,0.6414990406273275,0.35850095937267246,0.6715738459698318,0.6642130770150841,0.3357869229849159,0.5921063209003182,0.7039468395498408,0.2960531604501591,0.5921063209003182,0.7039468395498408,0.2960531604501591,0.563014699362537,0.7184926503187314,0.2815073496812685,0.35852799316693007,0.820736003416535,0.17926399658346504,0.11136879268864892,0.9443156036556756,0.05568439634432446,0.563014699362537,0.7184926503187314,0.2815073496812685,0.35852799316693007,0.820736003416535,0.17926399658346504,0.11136879268864892,0.9443156036556756,0.05568439634432446,0.02233240162863422,0.9888337991856829,0.01116620081431711
belief,cabinet,37,0,True,83,38,51,57,5,8,9,47.0,0.39959193116902036,7.30069177802771,0.16283418413633732,0.36288055064381763,0.6043844237790752,0.8114488699713521,0.26854054134034044,0.0,artifacts/goal_bowl_destination_steering_formal_t1_lambda2_combined/goal_bowl_destination_belief_cabinet_init37_repeat0_success.json,0.43102772363560937,0.7844861381821954,0.21551386181780469,0.3649063049222973,0.8175468475388513,0.18245315246114865,0.3518189235866327,0.8240905382066837,0.17590946179331635,0.2916885371613451,0.8541557314193274,0.14584426858067254,0.2916885371613451,0.8541557314193274,0.14584426858067254,0.22765777734530898,0.8861711113273456,0.11382888867265449,0.12469655851245875,0.9376517207437707,0.06234827925622938,0.052403581413701404,0.9737982092931492,0.026201790706850702,0.22765777734530898,0.8861711113273456,0.11382888867265449,0.12469655851245875,0.9376517207437707,0.06234827925622938,0.052403581413701404,0.9737982092931492,0.026201790706850702,0.013157477775467373,0.9934212611122663,0.006578738887733687
belief,cabinet,37,1,True,80,38,49,57,5,7,9,47.0,0.41690875846698244,7.16967855838289,0.17115058554023904,0.3837221452251489,0.6305178252330029,0.8357919512884785,0.2819528398373781,0.0,artifacts/goal_bowl_destination_steering_formal_t1_lambda2_combined/goal_bowl_destination_belief_cabinet_init37_repeat1_success.json,0.44074528521984047,0.7796273573900797,0.22037264260992023,0.375626479297755,0.8121867603511225,0.1878132396488775,0.3525671734670521,0.8237164132664738,0.17628358673352604,0.28224407972925136,0.8588779601353744,0.14112203986462568,0.3525671734670521,0.8237164132664738,0.17628358673352604,0.28224407972925136,0.8588779601353744,0.14112203986462568,0.13938520639364746,0.9303073968031762,0.06969260319682373,0.08311884721795092,0.9584405763910245,0.04155942360897546,0.13938520639364746,0.9303073968031762,0.06969260319682373,0.08311884721795092,0.9584405763910245,0.04155942360897546,0.04801525825818304,0.9759923708709085,0.02400762912909152,0.012426406521426245,0.9937867967392868,0.006213203260713123
belief,cabinet,38,0,True,116,41,83,90,6,14,16,80.0,0.5259376886935194,20.775167255981142,0.2114990280782909,0.4608239689257049,0.717539096824125,0.9087848579382182,0.33277679985290215,0.0,artifacts/goal_bowl_destination_steering_formal_t1_lambda2_combined/goal_bowl_destination_belief_cabinet_init38_repeat0_success.json,0.8298777013195309,0.5850611493402346,0.41493885065976543,0.7767952339215366,0.6116023830392318,0.3883976169607683,0.6881707862277691,0.6559146068861154,0.34408539311388453,0.6103784177953331,0.6948107911023336,0.30518920889766654,0.3231572344512585,0.8384213827743707,0.16157861722562925,0.24760753732008103,0.8761962313399594,0.12380376866004052,0.14344768390694776,0.9282761580465262,0.07172384195347388,0.07636620261271883,0.9618168986936405,0.038183101306359414,0.14344768390694776,0.9282761580465262,0.07172384195347388,0.07636620261271883,0.9618168986936405,0.038183101306359414,0.029708374029911073,0.9851458129850446,0.014854187014955536,0.009892887171622152,0.9950535564141889,0.004946443585811076
belief,cabinet,38,1,True,109,40,77,83,6,13,14,73.0,0.5211715786716056,14.802636759866765,0.18534881983719403,0.4184068999328428,0.6808164726784209,0.9171338199612206,0.3050935181325494,0.0,artifacts/goal_bowl_destination_steering_formal_t1_lambda2_combined/goal_bowl_destination_belief_cabinet_init38_repeat1_success.json,0.7973408549262283,0.6013295725368858,0.39867042746311415,0.6600478555523523,0.6699760722238238,0.3300239277761762,0.6141436004405372,0.6929281997797314,0.3070718002202686,0.4866256919042219,0.7566871540478891,0.24331284595211095,0.2710889574819575,0.8644555212590213,0.13554447874097875,0.19367868825976564,0.9031606558701172,0.09683934412988282,0.13675777053960325,0.9316211147301983,0.06837888526980163,0.08831750750158823,0.9558412462492057,0.044158753750794116,0.19367868825976564,0.9031606558701172,0.09683934412988282,0.13675777053960325,0.9316211147301983,0.06837888526980163,0.08831750750158823,0.9558412462492057,0.044158753750794116,0.028258313768988904,0.9858708431155057,0.014129156884494452
belief,cabinet,39,0,True,104,42,77,83,6,13,14,73.0,0.5103774952765103,13.84421632455192,0.21476935927842541,0.4965387414138662,0.7864852588571692,1.0066992989938774,0.35530776557571164,0.0,artifacts/goal_bowl_destination_steering_formal_t1_lambda2_combined/goal_bowl_destination_belief_cabinet_init39_repeat0_success.json,0.8278444328280626,0.5860777835859687,0.4139222164140313,0.7206113328276915,0.6396943335861544,0.36030566641384576,0.678709753201714,0.6606451233991429,0.339354876600857,0.4731244377089733,0.7634377811455133,0.23656221885448664,0.3161545856100289,0.8419227071949856,0.15807729280501445,0.2960878460461446,0.8519560769769277,0.1480439230230723,0.21703221705830206,0.8914838914708488,0.10851610852915103,0.06710680486191907,0.9664465975690405,0.033553402430959535,0.2960878460461446,0.8519560769769277,0.1480439230230723,0.21703221705830206,0.8914838914708488,0.10851610852915103,0.06710680486191907,0.9664465975690405,0.033553402430959535,0.012293700526060752,0.9938531497369695,0.006146850263030376
belief,cabinet,39,1,True,108,42,80,83,6,14,14,73.0,0.520571366187876,14.899071688554326,0.19440578654849866,0.4417719508064402,0.729630353525366,0.9638188453886556,0.32382267897861794,0.0,artifacts/goal_bowl_destination_steering_formal_t1_lambda2_combined/goal_bowl_destination_belief_cabinet_init39_repeat1_success.json,0.8285345217726989,0.5857327391136504,0.41426726088634946,0.7331935106576503,0.6334032446711749,0.36659675532882513,0.6572408736479193,0.6713795631760403,0.32862043682395964,0.4755764967377596,0.7622117516311202,0.2377882483688798,0.30242982337671775,0.8487850883116412,0.15121491168835888,0.20475018490741928,0.8976249075462903,0.10237509245370964,0.10364947051334265,0.9481752647433287,0.05182473525667133,0.02192185920729096,0.9890390703963545,0.01096092960364548,0.30242982337671775,0.8487850883116412,0.15121491168835888,0.20475018490741928,0.8976249075462903,0.10237509245370964,0.10364947051334265,0.9481752647433287,0.05182473525667133,0.02192185920729096,0.9890390703963545,0.01096092960364548
belief,cabinet,3,0,False,300,42,,60,6,,10,50.0,0.4451262526497225,7.64019672834297,0.18562007698576694,0.4249735018906335,0.7042753959429406,0.9412997215233126,0.31112800608950186,0.0,artifacts/goal_bowl_destination_steering_formal_t1_lambda2_combined/goal_bowl_destination_belief_cabinet_init3_repeat0_failure.json,0.7094488154107212,0.6452755922946393,0.3547244077053606,0.6259776596621058,0.6870111701689471,0.3129888298310529,0.5180265512509521,0.740986724374524,0.25901327562547605,0.4135964575601317,0.7932017712199342,0.20679822878006585,nan,nan,nan,nan,nan,nan,nan,nan,nan,nan,nan,nan,0.3646901305310385,0.8176549347344808,0.18234506526551925,0.18741228704520446,0.9062938564773977,0.09370614352260223,0.0726152287906492,0.9636923856046755,0.0363076143953246,0.012823607929455671,0.9935881960352722,0.006411803964727836
belief,cabinet,3,1,True,89,41,56,59,6,9,9,49.0,0.44877579039400617,7.569094637805279,0.1740236324562749,0.37330770608531955,0.6182302027162566,0.8401350359688876,0.27779122055998673,0.0,artifacts/goal_bowl_destination_steering_formal_t1_lambda2_combined/goal_bowl_destination_belief_cabinet_init3_repeat1_success.json,0.7331648750816867,0.6334175624591568,0.36658243754084335,0.6915997902357013,0.6542001048821493,0.34579989511785064,0.5513475706602733,0.7243262146698632,0.27567378533013664,0.4434688168981707,0.7782655915509147,0.22173440844908535,0.4434688168981707,0.7782655915509147,0.22173440844908535,0.29445217522274464,0.8527739123886277,0.14722608761137232,0.13918293336609422,0.930408533316953,0.06959146668304711,0.05895499080446967,0.9705225045977651,0.029477495402234835,0.4434688168981707,0.7782655915509147,0.22173440844908535,0.29445217522274464,0.8527739123886277,0.14722608761137232,0.13918293336609422,0.930408533316953,0.06959146668304711,0.05895499080446967,0.9705225045977651,0.029477495402234835
belief,cabinet,40,0,True,132,39,36,100,5,5,18,90.0,0.5766770753774895,27.83937525538025,0.19297691934864508,0.43130040330913644,0.6569857247738385,0.83534311508798,0.3055565126724471,0.0,artifacts/goal_bowl_destination_steering_formal_t1_lambda2_combined/goal_bowl_destination_belief_cabinet_init40_repeat0_success.json,0.8144439917449131,0.5927780041275433,0.40722199587245655,0.7301222960896666,0.6349388519551667,0.3650611480448333,0.6029615003225964,0.6985192498387017,0.3014807501612982,0.47742489890043854,0.7612875505497808,0.23871244945021927,0.8144439917449131,0.5927780041275433,0.40722199587245655,0.7301222960896666,0.6349388519551667,0.3650611480448333,0.6029615003225964,0.6985192498387017,0.3014807501612982,0.47742489890043854,0.7612875505497808,0.23871244945021927,0.13731611617037942,0.9313419419148102,0.06865805808518971,0.07327460391093281,0.9633626980445337,0.036637301955466405,0.007565151286291598,0.9962174243568541,0.003782575643145799,0.0005464857705620282,0.999726757114719,0.0002732428852810141
belief,cabinet,40,1,True,114,38,36,93,5,5,16,83.0,0.5798095108118241,20.680602255554025,0.18402916746611553,0.42189236715716893,0.6854514253534325,0.9057902595357498,0.3062872957584457,0.0,artifacts/goal_bowl_destination_steering_formal_t1_lambda2_combined/goal_bowl_destination_belief_cabinet_init40_repeat1_success.json,0.7710746533831994,0.6144626733084003,0.3855373266915997,0.7200907252861849,0.6399546373569075,0.36004536264309245,0.5792177291745321,0.7103911354127339,0.28960886458726603,0.5302886050164132,0.7348556974917934,0.2651443025082066,0.7710746533831994,0.6144626733084003,0.3855373266915997,0.7200907252861849,0.6399546373569075,0.36004536264309245,0.5792177291745321,0.7103911354127339,0.28960886458726603,0.5302886050164132,0.7348556974917934,0.2651443025082066,0.15329415749917974,0.9233529212504101,0.07664707874958987,0.08375497233770397,0.9581225138311479,0.041877486168851986,0.04714072327701702,0.9764296383614915,0.02357036163850851,0.014932043548789664,0.9925339782256051,0.007466021774394832
belief,cabinet,41,0,True,82,37,48,57,5,7,9,47.0,0.424145390958142,7.103982218152011,0.16660904517532024,0.3550516403340665,0.5811175962845344,0.7839179181867114,0.2639668687156141,0.0,artifacts/goal_bowl_destination_steering_formal_t1_lambda2_combined/goal_bowl_destination_belief_cabinet_init41_repeat0_success.json,0.5303030217134154,0.7348484891432923,0.2651515108567077,0.3992763655827032,0.8003618172086485,0.1996381827913516,0.3593402277541054,0.8203298861229473,0.1796701138770527,0.2601568783689594,0.8699215608155203,0.1300784391844797,0.3593402277541054,0.8203298861229473,0.1796701138770527,0.2601568783689594,0.8699215608155203,0.1300784391844797,0.14711542939162928,0.9264422853041854,0.07355771469581464,0.08691313897819569,0.9565434305109023,0.043456569489097846,0.14711542939162928,0.9264422853041854,0.07355771469581464,0.08691313897819569,0.9565434305109023,0.043456569489097846,0.04964770253744236,0.9751761487312788,0.02482385126872118,0.006469485333730712,0.9967652573331347,0.003234742666865356
belief,cabinet,41,1,True,76,35,46,54,5,7,8,44.0,0.4128369498043968,6.906380714495179,0.16841327608677295,0.3660113998088233,0.6078836364755764,0.8145638558491464,0.2725230209874227,0.0,artifacts/goal_bowl_destination_steering_formal_t1_lambda2_combined/goal_bowl_destination_belief_cabinet_init41_repeat1_success.json,0.5187253787037237,0.7406373106481382,0.25936268935186185,0.4974948796228902,0.7512525601885548,0.2487474398114451,0.3869594311926934,0.8065202844036533,0.1934797155963467,0.24465348678696883,0.8776732566065156,0.12232674339348441,0.3869594311926934,0.8065202844036533,0.1934797155963467,0.24465348678696883,0.8776732566065156,0.12232674339348441,0.17951076939359706,0.9102446153032014,0.08975538469679853,0.08713437508664633,0.9564328124566768,0.043567187543323165,0.24465348678696883,0.8776732566065156,0.12232674339348441,0.17951076939359706,0.9102446153032014,0.08975538469679853,0.08713437508664633,0.9564328124566768,0.043567187543323165,0.046894045969685216,0.9765529770151575,0.023447022984842608
belief,cabinet,42,0,True,84,36,65,54,5,11,8,44.0,0.408688468415505,7.553922194986432,0.15103001001274288,0.35122235294837456,0.5905312209850649,0.7962124696354538,0.25786053222303,0.0,artifacts/goal_bowl_destination_steering_formal_t1_lambda2_combined/goal_bowl_destination_belief_cabinet_init42_repeat0_success.json,0.7284238321121089,0.6357880839439455,0.36421191605605446,0.6561249163251547,0.6719375418374228,0.32806245816257734,0.6221494883148776,0.6889252558425613,0.3110747441574388,0.5415393408562826,0.7292303295718586,0.2707696704281413,0.1076504366966242,0.9461747816516878,0.0538252183483121,0.02487056528692335,0.9875647173565383,0.012435282643461675,0.004004484688402756,0.9979977576557986,0.002002242344201378,0.0015597032252119825,0.999220148387394,0.0007798516126059912,0.5415393408562826,0.7292303295718586,0.2707696704281413,0.4195939815806929,0.7902030092096536,0.20979699079034644,0.29186571789317745,0.8540671410534114,0.14593285894658872,0.1076504366966242,0.9461747816516878,0.0538252183483121
belief,cabinet,42,1,False,300,36,,55,5,,9,45.0,0.40150919326307904,7.607211632431226,0.16258946420689707,0.36256764083250204,0.6075938451422048,0.8157933828247294,0.2691410790339972,0.0,artifacts/goal_bowl_destination_steering_formal_t1_lambda2_combined/goal_bowl_destination_belief_cabinet_init42_repeat1_failure.json,0.653319715276874,0.6733401423615629,0.326659857638437,0.6029213540158206,0.6985393229920898,0.3014606770079103,0.5537559935253475,0.7231220032373262,0.2768779967626738,0.4984672148783238,0.7507663925608381,0.2492336074391619,nan,nan,nan,nan,nan,nan,nan,nan,nan,nan,nan,nan,0.43177874258702315,0.7841106287064885,0.21588937129351157,0.3340382754255697,0.8329808622872151,0.16701913771278484,0.1597736949539671,0.9201131525230164,0.07988684747698355,0.041593219883366186,0.9792033900583169,0.020796609941683093
belief,cabinet,43,0,True,117,37,82,91,5,14,16,81.0,0.6478065940405531,15.958647772058887,0.18431043778110567,0.4091907197722333,0.6421718613336589,0.846311070497901,0.2959776585587636,0.0,artifacts/goal_bowl_destination_steering_formal_t1_lambda2_combined/goal_bowl_destination_belief_cabinet_init43_repeat0_success.json,0.47283900300279774,0.7635804984986011,0.23641950150139887,0.3853186778031238,0.807340661098438,0.1926593389015619,0.3690601065212213,0.8154699467393893,0.18453005326061064,0.35941646459867493,0.8202917677006626,0.17970823229933747,0.1444454972958902,0.9277772513520549,0.0722227486479451,0.10057199156520344,0.9497140042173983,0.05028599578260172,0.06356195241327561,0.9682190237933623,0.03178097620663781,0.035241489401172374,0.9823792552994138,0.017620744700586187,0.06356195241327561,0.9682190237933623,0.03178097620663781,0.035241489401172374,0.9823792552994138,0.017620744700586187,0.008750151575380314,0.9956249242123097,0.004375075787690157,0.001999843771209092,0.9990000781143955,0.000999921885604546
belief,cabinet,43,1,True,120,37,85,95,5,15,17,85.0,0.6672402045606661,15.52173979933964,0.19237936971056666,0.42578692793225714,0.6648070607042623,0.8707508020413536,0.30731741025179493,0.0,artifacts/goal_bowl_destination_steering_formal_t1_lambda2_combined/goal_bowl_destination_belief_cabinet_init43_repeat1_success.json,0.4744949576863312,0.7627525211568342,0.2372474788431656,0.36591425806054767,0.8170428709697262,0.18295712903027384,0.3375129687673461,0.831243515616327,0.16875648438367305,0.3100352608174817,0.8449823695912593,0.15501763040874084,0.10580078211306865,0.9470996089434657,0.052900391056534324,0.05306110042097794,0.973469449789511,0.02653055021048897,0.033920963277282654,0.9830395183613586,0.016960481638641327,0.015001517758627668,0.9924992411206861,0.007500758879313834,0.033920963277282654,0.9830395183613586,0.016960481638641327,0.015001517758627668,0.9924992411206861,0.007500758879313834,0.0038437466909387414,0.9980781266545307,0.0019218733454693707,0.00031292214212680906,0.9998435389289366,0.00015646107106340453
belief,cabinet,44,0,True,78,37,48,57,5,7,9,47.0,0.41682156630926165,7.175428432652142,0.17421917905264037,0.37326023011212395,0.609465093783168,0.8025928801738207,0.2765447488175773,0.0,artifacts/goal_bowl_destination_steering_formal_t1_lambda2_combined/goal_bowl_destination_belief_cabinet_init44_repeat0_success.json,0.6229556896190467,0.6885221551904768,0.31147784480952334,0.4439616443303313,0.7780191778348344,0.22198082216516565,0.36994421257389803,0.815027893713051,0.18497210628694902,0.25079924438506745,0.8746003778074664,0.12539962219253373,0.36994421257389803,0.815027893713051,0.18497210628694902,0.25079924438506745,0.8746003778074664,0.12539962219253373,0.16412362912309045,0.9179381854384547,0.08206181456154522,0.10482444508411695,0.9475877774579416,0.052412222542058476,0.16412362912309045,0.9179381854384547,0.08206181456154522,0.10482444508411695,0.9475877774579416,0.052412222542058476,0.05859069960777628,0.970704650196112,0.02929534980388814,0.013006037216481636,0.9934969813917592,0.006503018608240818
belief,cabinet,44,1,True,114,38,81,91,5,14,16,81.0,0.6047865905768903,15.470459969705294,0.16486539539971073,0.3749883833271161,0.6185783917652568,0.8438122381525319,0.2751086599945716,0.0,artifacts/goal_bowl_destination_steering_formal_t1_lambda2_combined/goal_bowl_destination_belief_cabinet_init44_repeat1_success.json,0.5523177396497498,0.7238411301751252,0.2761588698248749,0.41044524179575737,0.7947773791021213,0.20522262089787868,0.3499839156554038,0.8250080421722982,0.1749919578277019,0.33820591197704725,0.8308970440114763,0.16910295598852362,0.141398179503287,0.9293009102483565,0.0706990897516435,0.078851426357344,0.9605742868213281,0.039425713178672,0.07329383306894759,0.9633530834655263,0.03664691653447379,0.06155725554106723,0.9692213722294665,0.030778627770533615,0.07329383306894759,0.9633530834655263,0.03664691653447379,0.06155725554106723,0.9692213722294665,0.030778627770533615,0.030575963239313095,0.9847120183803434,0.015287981619656547,0.011637192204061462,0.9941814038979693,0.005818596102030731
belief,cabinet,45,0,True,81,39,53,60,5,8,10,50.0,0.42251237028560923,11.587362502231757,0.1681538016243397,0.4063329154128904,0.6589320109088062,0.8577068677353686,0.29129225108298185,0.0,artifacts/goal_bowl_destination_steering_formal_t1_lambda2_combined/goal_bowl_destination_belief_cabinet_init45_repeat0_success.json,0.40841368915699094,0.7957931554215044,0.20420684457849547,0.320137902181122,0.8399310489094389,0.160068951090561,0.2955200064114549,0.8522399967942724,0.14776000320572746,0.23876098552817288,0.8806195072359136,0.11938049276408644,0.23876098552817288,0.8806195072359136,0.11938049276408644,0.1614425008851044,0.9192787495574479,0.0807212504425522,0.09878576442505606,0.950607117787472,0.04939288221252803,0.06473432085714509,0.9676328395714273,0.032367160428572544,0.09878576442505606,0.950607117787472,0.04939288221252803,0.06473432085714509,0.9676328395714273,0.032367160428572544,0.012950376169932195,0.993524811915034,0.006475188084966097,0.0008049365052672642,0.9995975317473664,0.0004024682526336321
belief,cabinet,45,1,True,78,39,51,58,5,8,9,48.0,0.42315261549968275,7.560091769124856,0.17092376781271187,0.4050887461432113,0.6527561002328031,0.8457894249162514,0.2905150702693791,0.0,artifacts/goal_bowl_destination_steering_formal_t1_lambda2_combined/goal_bowl_destination_belief_cabinet_init45_repeat1_success.json,0.5066938971270584,0.7466530514364709,0.2533469485635292,0.41774419401552315,0.7911279029922383,0.20887209700776158,0.406703056606793,0.7966484716966035,0.2033515283033965,0.29799218050255777,0.8510039097487211,0.14899609025127888,0.29799218050255777,0.8510039097487211,0.14899609025127888,0.12907925365205938,0.9354603731739702,0.06453962682602969,0.08142098786274501,0.9592895060686274,0.04071049393137251,0.040766182687797775,0.9796169086561011,0.020383091343898888,0.12907925365205938,0.9354603731739702,0.06453962682602969,0.08142098786274501,0.9592895060686274,0.04071049393137251,0.040766182687797775,0.9796169086561011,0.020383091343898888,0.0034520583197884475,0.9982739708401058,0.0017260291598942237
belief,cabinet,46,0,True,78,37,48,55,5,7,9,45.0,0.4217143836532655,7.747142859833223,0.2550526344950129,0.5342698871137702,0.7940362351427043,0.989441099986451,0.38306440596400926,0.0,artifacts/goal_bowl_destination_steering_formal_t1_lambda2_combined/goal_bowl_destination_belief_cabinet_init46_repeat0_success.json,0.6962966841590034,0.6518516579204984,0.3481483420795017,0.5685799000521591,0.7157100499739204,0.28428995002607954,0.4588450523627239,0.7705774738186381,0.22942252618136194,0.4198298024376477,0.790085098781176,0.20991490121882386,0.4588450523627239,0.7705774738186381,0.22942252618136194,0.4198298024376477,0.790085098781176,0.20991490121882386,0.32122554520899715,0.8393872273955014,0.16061277260449858,0.18358899815746194,0.9082055009212691,0.09179449907873097,0.32122554520899715,0.8393872273955014,0.16061277260449858,0.18358899815746194,0.9082055009212691,0.09179449907873097,0.06086156128458597,0.969569219357707,0.030430780642292984,0.017086338992063587,0.9914568305039682,0.008543169496031794
belief,cabinet,46,1,True,80,37,48,54,5,7,8,44.0,0.41583398575958125,7.6529893229684784,0.2319997433570442,0.5022649388158966,0.7623023561124741,0.9664180296944682,0.36004368857218627,0.0,artifacts/goal_bowl_destination_steering_formal_t1_lambda2_combined/goal_bowl_destination_belief_cabinet_init46_repeat1_success.json,0.757019456348038,0.6214902718259809,0.378509728174019,0.6282309776869369,0.6858845111565315,0.31411548884346846,0.5002961041726859,0.7498519479136571,0.25014805208634294,0.47900216190031714,0.7604989190498415,0.23950108095015857,0.5002961041726859,0.7498519479136571,0.25014805208634294,0.47900216190031714,0.7604989190498415,0.23950108095015857,0.38239320489604933,0.8088033975519754,0.19119660244802467,0.2222546080726248,0.8888726959636876,0.1111273040363124,0.47900216190031714,0.7604989190498415,0.23950108095015857,0.38239320489604933,0.8088033975519754,0.19119660244802467,0.2222546080726248,0.8888726959636876,0.1111273040363124,0.06688792592008552,0.9665560370399573,0.03344396296004276
belief,cabinet,47,0,True,87,42,52,61,6,8,10,51.0,0.4360766281379556,6.939044483099913,0.1430240407217012,0.34903209934152474,0.5702916920551224,0.7793752932663827,0.2507918267201312,0.0,artifacts/goal_bowl_destination_steering_formal_t1_lambda2_combined/goal_bowl_destination_belief_cabinet_init47_repeat0_success.json,0.3886085779502156,0.8056957110248921,0.1943042889751078,0.26839194801687916,0.8658040259915604,0.13419597400843958,0.2325024492411827,0.8837487753794087,0.11625122462059136,0.21632617725388376,0.8918369113730581,0.10816308862694188,0.2325024492411827,0.8837487753794087,0.11625122462059136,0.21632617725388376,0.8918369113730581,0.10816308862694188,0.1546471873629756,0.9226764063185122,0.0773235936814878,0.08655207028448852,0.9567239648577558,0.04327603514224426,0.1546471873629756,0.9226764063185122,0.0773235936814878,0.08655207028448852,0.9567239648577558,0.04327603514224426,0.05664144496104011,0.9716792775194799,0.028320722480520054,0.02883625592925565,0.9855818720353722,0.014418127964627825
belief,cabinet,47,1,True,86,43,54,61,6,8,10,51.0,0.4304177291259122,6.997503268294125,0.136620788359578,0.33596355749533047,0.556812982682102,0.7731492135138441,0.24279368166117296,0.0,artifacts/goal_bowl_destination_steering_formal_t1_lambda2_combined/goal_bowl_destination_belief_cabinet_init47_repeat1_success.json,0.38888021915754895,0.8055598904212256,0.19444010957877447,0.2796549965178647,0.8601725017410676,0.13982749825893234,0.23073311276332967,0.8846334436183353,0.11536655638166483,0.21933430554371705,0.8903328472281415,0.10966715277185853,0.23073311276332967,0.8846334436183353,0.11536655638166483,0.21933430554371705,0.8903328472281415,0.10966715277185853,0.1430949158905315,0.9284525420547342,0.07154745794526575,0.07488819461243873,0.9625559026937806,0.037444097306219365,0.1430949158905315,0.9284525420547342,0.07154745794526575,0.07488819461243873,0.9625559026937806,0.037444097306219365,0.04864223925667588,0.9756788803716622,0.02432111962833794,0.018897257243329992,0.990551371378335,0.009448628621664996
belief,cabinet,48,0,True,156,43,41,132,6,6,24,122.0,0.7094226546582741,30.855240537846285,0.17487169003670386,0.40163470092182985,0.6863487472743502,0.9400547813841921,0.2981064607106114,0.0,artifacts/goal_bowl_destination_steering_formal_t1_lambda2_combined/goal_bowl_destination_belief_cabinet_init48_repeat0_success.json,0.7961621070828104,0.6019189464585948,0.3980810535414052,0.6704570214220754,0.6647714892889623,0.3352285107110377,0.6088612806815326,0.6955693596592336,0.3044306403407663,0.573791496279488,0.7131042518602559,0.286895748139744,0.7961621070828104,0.6019189464585948,0.3980810535414052,0.6704570214220754,0.6647714892889623,0.3352285107110377,0.6088612806815326,0.6955693596592336,0.3044306403407663,0.573791496279488,0.7131042518602559,0.286895748139744,0.12164904374934217,0.9391754781253289,0.060824521874671085,0.07421644177013996,0.96289177911493,0.03710822088506998,0.03215690677739581,0.983921546611302,0.016078453388697907,0.009092922950560797,0.9954535385247195,0.004546461475280398
belief,cabinet,48,1,False,300,42,82,92,6,14,16,82.0,0.5329456031718464,18.422476364436577,0.2112973612500304,0.45325847479420067,0.7031953013149016,0.9519277190384139,0.3284934744679465,0.0,artifacts/goal_bowl_destination_steering_formal_t1_lambda2_combined/goal_bowl_destination_belief_cabinet_init48_repeat1_failure.json,0.816607056883248,0.591696471558376,0.408303528441624,0.7370086358249541,0.6314956820875229,0.36850431791247706,0.6975837446804226,0.6512081276597886,0.3487918723402113,0.6403129995973259,0.6798435002013371,0.32015649979866295,0.33330445530469033,0.8333477723476548,0.16665222765234516,0.32643871851148903,0.8367806407442554,0.16321935925574452,0.2979572620290877,0.8510213689854561,0.14897863101454384,0.23055557306900748,0.8847222134654961,0.11527778653450374,0.2979572620290877,0.8510213689854561,0.14897863101454384,0.23055557306900748,0.8847222134654961,0.11527778653450374,0.1258863871921408,0.9370568064039295,0.0629431935960704,0.039685708433955795,0.9801571457830222,0.019842854216977898
belief,cabinet,49,0,False,300,41,54,60,6,8,10,50.0,0.45766635936026745,7.956309524870536,0.13632521091551916,0.2855375693005357,0.47271855241981175,0.7003728882435767,0.21564993951841777,0.0,artifacts/goal_bowl_destination_steering_formal_t1_lambda2_combined/goal_bowl_destination_belief_cabinet_init49_repeat0_failure.json,0.4342408774277499,0.7828795612861251,0.21712043871387496,0.3452442176080908,0.8273778911959546,0.1726221088040454,0.2659572460542715,0.8670213769728643,0.13297862302713576,0.23827249867048764,0.8808637506647562,0.11913624933524382,0.2659572460542715,0.8670213769728643,0.13297862302713576,0.23827249867048764,0.8808637506647562,0.11913624933524382,0.2137842411265823,0.8931078794367089,0.10689212056329114,0.17703976984455377,0.9114801150777232,0.08851988492227689,0.2137842411265823,0.8931078794367089,0.10689212056329114,0.17703976984455377,0.9114801150777232,0.08851988492227689,0.10763437782660312,0.9461828110866984,0.05381718891330156,0.04141990215415707,0.9792900489229215,0.020709951077078535
belief,cabinet,49,1,True,96,41,68,59,6,11,9,49.0,0.4435728160613157,7.989938316048667,0.13691561746990658,0.29199899663201556,0.49807290755800515,0.7145288198334672,0.2210254127464171,0.0,artifacts/goal_bowl_destination_steering_formal_t1_lambda2_combined/goal_bowl_destination_belief_cabinet_init49_repeat1_success.json,0.3352026064831766,0.8323986967584117,0.1676013032415883,0.2416697795521394,0.8791651102239303,0.1208348897760697,0.20542235234633274,0.8972888238268337,0.10271117617316637,0.18246012376392423,0.9087699381180379,0.09123006188196212,0.1226297014790172,0.9386851492604914,0.0613148507395086,0.0645603703588247,0.9677198148205877,0.03228018517941235,0.02763738877237295,0.9861813056138135,0.013818694386186475,0.01027817831469206,0.994860910842654,0.00513908915734603,0.18246012376392423,0.9087699381180379,0.09123006188196212,0.1609976721443079,0.9195011639278461,0.08049883607215395,0.1226297014790172,0.9386851492604914,0.0613148507395086,0.0645603703588247,0.9677198148205877,0.03228018517941235
belief,cabinet,4,0,True,78,35,55,57,5,9,9,47.0,0.41610091326668835,7.160519593590208,0.1796827978948202,0.4147631259330787,0.6573990674448593,0.8426704593387183,0.297495941510634,0.0,artifacts/goal_bowl_destination_steering_formal_t1_lambda2_combined/goal_bowl_destination_belief_cabinet_init4_repeat0_success.json,0.6519504469664781,0.6740247765167608,0.32597522348323904,0.5701906379397348,0.7149046810301326,0.2850953189698674,0.5473216538955583,0.7263391730522208,0.27366082694777916,0.46685623772905804,0.7665718811354709,0.23342811886452902,0.39743668431201445,0.8012816578439927,0.19871834215600723,0.215957522730965,0.8920212386345174,0.1079787613654825,0.11586177283756942,0.9420691135812154,0.05793088641878471,0.03188024376923813,0.9840598781153809,0.015940121884619064,0.39743668431201445,0.8012816578439927,0.19871834215600723,0.215957522730965,0.8920212386345174,0.1079787613654825,0.11586177283756942,0.9420691135812154,0.05793088641878471,0.03188024376923813,0.9840598781153809,0.015940121884619064
belief,cabinet,4,1,True,80,35,56,56,5,9,9,46.0,0.39317811080179604,7.171524343702953,0.196838970937948,0.4176417128197423,0.6635994898835822,0.8511655657070439,0.3062933700890439,0.0,artifacts/goal_bowl_destination_steering_formal_t1_lambda2_combined/goal_bowl_destination_belief_cabinet_init4_repeat1_success.json,0.6637423783115292,0.6681288108442355,0.3318711891557646,0.6147388778561094,0.6926305610719453,0.3073694389280547,0.5950233847344963,0.7024883076327519,0.29751169236724817,0.4992975850054767,0.7503512074972617,0.24964879250273836,0.34495877596048913,0.8275206120197555,0.17247938798024456,0.19994578968419438,0.9000271051579027,0.09997289484209719,0.11374860837040202,0.9431256958147989,0.05687430418520101,0.031162665722658,0.984418667138671,0.015581332861329,0.34495877596048913,0.8275206120197555,0.17247938798024456,0.19994578968419438,0.9000271051579027,0.09997289484209719,0.11374860837040202,0.9431256958147989,0.05687430418520101,0.031162665722658,0.984418667138671,0.015581332861329
belief,cabinet,5,0,True,106,36,46,84,5,7,14,74.0,0.6081739776531961,16.031644243015243,0.20234467595933806,0.4411540621021992,0.7151205996039209,0.9406652877825288,0.32407027277895856,0.0,artifacts/goal_bowl_destination_steering_formal_t1_lambda2_combined/goal_bowl_destination_belief_cabinet_init5_repeat0_success.json,0.759986135314944,0.620006932342528,0.379993067657472,0.5196139425233124,0.7401930287383438,0.2598069712616562,0.4236031964383399,0.78819840178083,0.21180159821916994,0.3726563122390139,0.813671843880493,0.18632815611950695,0.4236031964383399,0.78819840178083,0.21180159821916994,0.3726563122390139,0.813671843880493,0.18632815611950695,0.1681282443591713,0.9159358778204143,0.08406412217958566,0.16597805003583085,0.9170109749820845,0.08298902501791543,0.13887942434964579,0.9305602878251771,0.06943971217482289,0.11674840183847338,0.9416257990807634,0.05837420091923669,0.06409812848842573,0.9679509357557872,0.03204906424421287,0.021183317549026172,0.9894083412254869,0.010591658774513086
belief,cabinet,5,1,True,91,35,44,54,5,6,8,44.0,0.3952480859712211,7.956053134198775,0.21346917928651965,0.5009136373513929,0.7756867974377513,0.9721019996301496,0.3523910998457979,0.0,artifacts/goal_bowl_destination_steering_formal_t1_lambda2_combined/goal_bowl_destination_belief_cabinet_init5_repeat1_success.json,0.7653315644718687,0.6173342177640657,0.38266578223593434,0.6074294359077324,0.6962852820461338,0.3037147179538662,0.540269909375899,0.7298650453120505,0.2701349546879495,0.4865168488944082,0.7567415755527958,0.2432584244472041,0.6074294359077324,0.6962852820461338,0.3037147179538662,0.540269909375899,0.7298650453120505,0.2701349546879495,0.4865168488944082,0.7567415755527958,0.2432584244472041,0.406379711803531,0.7968101440982345,0.2031898559017655,0.4865168488944082,0.7567415755527958,0.2432584244472041,0.406379711803531,0.7968101440982345,0.2031898559017655,0.2121231181197202,0.8939384409401399,0.1060615590598601,0.06753801573765264,0.9662309921311737,0.03376900786882632
belief,cabinet,6,0,True,115,39,83,80,5,14,14,70.0,0.5476036611120149,14.839468259288857,0.17083961405444556,0.4000583140925516,0.6614727202070871,0.8878564767745558,0.2913817397390166,0.0,artifacts/goal_bowl_destination_steering_formal_t1_lambda2_combined/goal_bowl_destination_belief_cabinet_init6_repeat0_success.json,0.8616199854162161,0.569190007291892,0.43080999270810805,0.7472150964391827,0.6263924517804086,0.37360754821959136,0.6019054794751825,0.6990472602624088,0.30095273973759123,0.4759707571432316,0.7620146214283842,0.2379853785716158,0.19116764332704722,0.9044161783364764,0.09558382166352361,0.1303997429419991,0.9348001285290005,0.06519987147099955,0.07024866047604596,0.964875669761977,0.03512433023802298,0.022449216494560817,0.9887753917527197,0.011224608247280408,0.19116764332704722,0.9044161783364764,0.09558382166352361,0.1303997429419991,0.9348001285290005,0.06519987147099955,0.07024866047604596,0.964875669761977,0.03512433023802298,0.022449216494560817,0.9887753917527197,0.011224608247280408
belief,cabinet,6,1,True,109,38,79,84,5,13,14,74.0,0.5762019126350061,15.207049395171806,0.1950069052389039,0.43297451902587125,0.6836856768316047,0.8998122091635767,0.31313757840670026,0.0,artifacts/goal_bowl_destination_steering_formal_t1_lambda2_combined/goal_bowl_destination_belief_cabinet_init6_repeat1_success.json,0.8471430657127583,0.5764284671436208,0.42357153285637916,0.7302587420968789,0.6348706289515605,0.36512937104843946,0.6147202207703907,0.6926398896148046,0.30736011038519534,0.5340214835460367,0.7329892582269817,0.26701074177301837,0.33896031976391966,0.8305198401180403,0.16948015988195983,0.2994873673039432,0.8502563163480285,0.1497436836519716,0.19760446232696832,0.9011977688365158,0.09880223116348416,0.12699330944757362,0.9365033452762133,0.06349665472378681,0.2994873673039432,0.8502563163480285,0.1497436836519716,0.19760446232696832,0.9011977688365158,0.09880223116348416,0.12699330944757362,0.9365033452762133,0.06349665472378681,0.04947878262873541,0.9752606086856322,0.024739391314367705
belief,cabinet,7,0,True,86,36,72,57,5,12,9,47.0,0.44016692587707856,8.33701005730091,0.1685665057272994,0.37043372109676026,0.6122854198784529,0.8230595947372162,0.2741307847893494,0.0,artifacts/goal_bowl_destination_steering_formal_t1_lambda2_combined/goal_bowl_destination_belief_cabinet_init7_repeat0_success.json,0.6980934930708059,0.6509532534645972,0.34904674653540296,0.6156280835473272,0.6921859582263363,0.3078140417736636,0.48147978373460343,0.7592601081326983,0.24073989186730171,0.45434203750787855,0.7728289812460606,0.22717101875393927,0.06559609638314302,0.9672019518084285,0.03279804819157151,0.01590680758254567,0.9920465962087271,0.007953403791272835,0.007389801438309472,0.9963050992808453,0.003694900719154736,0.005338687960699234,0.9973306560196504,0.002669343980349617,0.4256019347458873,0.7871990326270564,0.21280096737294366,0.32568454257089596,0.8371577287145521,0.16284227128544798,0.16009556044267645,0.9199522197786618,0.08004778022133822,0.06559609638314302,0.9672019518084285,0.03279804819157151
belief,cabinet,7,1,True,93,36,53,56,5,8,9,46.0,0.4213652347780911,8.007754902843342,0.1768145780085558,0.43308289644820175,0.705872441830554,0.9149295376126658,0.30938804609856047,0.0,artifacts/goal_bowl_destination_steering_formal_t1_lambda2_combined/goal_bowl_destination_belief_cabinet_init7_repeat1_success.json,0.7544211419653698,0.6227894290173152,0.3772105709826849,0.6928921314608917,0.6535539342695543,0.34644606573044584,0.5902856071078516,0.7048571964460741,0.2951428035539258,0.5583913915552827,0.7208043042223586,0.27919569577764136,0.5583913915552827,0.7208043042223586,0.27919569577764136,0.4509894427077558,0.7745052786461221,0.2254947213538779,0.28044583941114165,0.8597770802944291,0.14022291970557083,0.07766794047726298,0.9611660297613687,0.03883397023863149,0.4509894427077558,0.7745052786461221,0.2254947213538779,0.28044583941114165,0.8597770802944291,0.14022291970557083,0.07766794047726298,0.9611660297613687,0.03883397023863149,0.013081444833318053,0.993459277583341,0.006540722416659026
belief,cabinet,8,0,True,79,37,47,56,5,7,9,46.0,0.4141295475292892,6.978196299316117,0.1538930981148355,0.35624646888907924,0.590762677123349,0.7998541490391365,0.2610833089679745,0.0,artifacts/goal_bowl_destination_steering_formal_t1_lambda2_combined/goal_bowl_destination_belief_cabinet_init8_repeat0_success.json,0.5093912802813007,0.7453043598593497,0.2546956401406503,0.4153758822079212,0.7923120588960394,0.2076879411039606,0.3771860033547786,0.8114069983226108,0.1885930016773893,0.35581498196471545,0.8220925090176424,0.17790749098235772,0.3771860033547786,0.8114069983226108,0.1885930016773893,0.35581498196471545,0.8220925090176424,0.17790749098235772,0.2586617232912036,0.8706691383543982,0.1293308616456018,0.1376764825686377,0.9311617587156811,0.06883824128431885,0.2586617232912036,0.8706691383543982,0.1293308616456018,0.1376764825686377,0.9311617587156811,0.06883824128431885,0.07286932892081792,0.963565335539591,0.03643466446040896,0.028044278294643923,0.985977860852678,0.014022139147321961
belief,cabinet,8,1,True,80,37,48,56,5,7,9,46.0,0.4067043851756882,6.8589218254436854,0.1494578157239098,0.3433033104525151,0.5732177147251183,0.7895150123169825,0.25295875974857646,0.0,artifacts/goal_bowl_destination_steering_formal_t1_lambda2_combined/goal_bowl_destination_belief_cabinet_init8_repeat1_success.json,0.4170625277926938,0.7914687361036531,0.2085312638963469,0.3541383506890971,0.8229308246554514,0.17706917534454855,0.3174705599457794,0.8412647200271102,0.1587352799728897,0.2960211377432771,0.8519894311283613,0.14801056887163855,0.3174705599457794,0.8412647200271102,0.1587352799728897,0.2960211377432771,0.8519894311283613,0.14801056887163855,0.1912049107265878,0.9043975446367061,0.0956024553632939,0.10918349677097083,0.9454082516145146,0.05459174838548542,0.1912049107265878,0.9043975446367061,0.0956024553632939,0.10918349677097083,0.9454082516145146,0.05459174838548542,0.05621820725647124,0.9718908963717644,0.02810910362823562,0.021925756336566488,0.9890371218317168,0.010962878168283244
belief,cabinet,9,0,True,83,39,,57,5,,9,47.0,0.39491148546598104,6.880295847742653,0.19197050422041836,0.42717940751650924,0.7010970593940719,0.9353888110190093,0.3135986415080039,0.0,artifacts/goal_bowl_destination_steering_formal_t1_lambda2_combined/goal_bowl_destination_belief_cabinet_init9_repeat0_success.json,0.7560094117454967,0.6219952941272517,0.37800470587274837,0.6669233087879836,0.6665383456060082,0.3334616543939918,0.5987735294952832,0.7006132352523584,0.2993867647476416,0.5730781823876452,0.7134609088061774,0.2865390911938226,nan,nan,nan,nan,nan,nan,nan,nan,nan,nan,nan,nan,0.5359582308376832,0.7320208845811583,0.2679791154188416,0.3834974842569015,0.8082512578715493,0.19174874212845075,0.1859153870444858,0.9070423064777571,0.0929576935222429,0.04867190094140136,0.9756640495292992,0.02433595047070068
belief,cabinet,9,1,True,83,38,51,58,5,8,9,48.0,0.42079327361555935,7.360512626909153,0.19458537934102577,0.4424279271505712,0.7067240711232827,0.9122513697486238,0.31955745146347636,0.0,artifacts/goal_bowl_destination_steering_formal_t1_lambda2_combined/goal_bowl_destination_belief_cabinet_init9_repeat1_success.json,0.7737694386607804,0.6131152806696097,0.3868847193303902,0.5850079040285648,0.7074960479857175,0.2925039520142824,0.4690445604853522,0.765477719757324,0.2345222802426761,0.42605174693675596,0.7869741265316221,0.21302587346837798,0.42605174693675596,0.7869741265316221,0.21302587346837798,0.41516040426500594,0.792419797867497,0.20758020213250297,0.31000237472825515,0.8449988126358723,0.15500118736412757,0.12748087275434936,0.9362595636228254,0.06374043637717468,0.41516040426500594,0.792419797867497,0.20758020213250297,0.31000237472825515,0.8449988126358723,0.15500118736412757,0.12748087275434936,0.9362595636228254,0.06374043637717468,0.03612720909256622,0.9819363954537168,0.01806360454628311
belief,plate,0,0,True,80,49,61,69,7,10,11,59.0,0.47430899054234343,10.321613475003563,-0.0877619473821458,-0.032156942000163356,0.162054395020945,0.374723424323346,-0.01353317749947078,0.7333333333333333,artifacts/goal_bowl_destination_steering_formal_t1_lambda2_combined/goal_bowl_destination_belief_plate_init0_repeat0_success.json,0.26470397118849925,0.8676480144057505,0.13235198559424963,0.2030764869394109,0.8984617565302946,0.10153824346970546,0.19027807997449972,0.9048609600127502,0.09513903998724986,0.18629122826590255,0.9068543858670487,0.09314561413295128,0.18629122826590255,0.9068543858670487,0.09314561413295128,0.14382975762072428,0.9280851211896378,0.07191487881036214,0.08614661264355107,0.9569266936782245,0.043073306321775535,0.036665977408371124,0.9816670112958145,0.018332988704185562,0.14382975762072428,0.9280851211896378,0.07191487881036214,0.08614661264355107,0.9569266936782245,0.043073306321775535,0.036665977408371124,0.9816670112958145,0.018332988704185562,0.011556052787214121,0.994221973606393,0.0057780263936070605
belief,plate,0,1,True,80,48,60,69,7,10,11,59.0,0.46967096455669044,9.726111809754698,-0.07791445888383365,-0.02463143793656923,0.1760887503029189,0.38175040083547435,-0.004003145857679603,0.6666666666666666,artifacts/goal_bowl_destination_steering_formal_t1_lambda2_combined/goal_bowl_destination_belief_plate_init0_repeat1_success.json,0.36506767151616976,0.8174661642419151,0.18253383575808488,0.26570186099214654,0.8671490695039268,0.13285093049607327,0.2511746390947441,0.874412680452628,0.12558731954737204,0.23775326895223162,0.8811233655238843,0.11887663447611581,0.23775326895223162,0.8811233655238843,0.11887663447611581,0.22592263401169585,0.887038682994152,0.11296131700584792,0.16504905221266913,0.9174754738936653,0.08252452610633457,0.10161342632968338,0.9491932868351584,0.05080671316484169,0.22592263401169585,0.887038682994152,0.11296131700584792,0.16504905221266913,0.9174754738936653,0.08252452610633457,0.10161342632968338,0.9491932868351584,0.05080671316484169,0.031967761323665154,0.9840161193381673,0.015983880661832577
belief,plate,10,0,True,73,48,59,69,7,9,11,59.0,0.530716956236094,9.446523145896457,0.0027052747040216575,0.22295517733789275,0.36172701530108203,0.36172701530108203,0.11637632501746051,0.26666666666666666,artifacts/goal_bowl_destination_steering_formal_t1_lambda2_combined/goal_bowl_destination_belief_plate_init10_repeat0_success.json,0.6792222734641403,0.6603888632679298,0.33961113673207016,0.649066016717548,0.675466991641226,0.324533008358774,0.6096654979221355,0.6951672510389322,0.30483274896106777,0.5915695796066041,0.704215210196698,0.29578478980330203,0.6096654979221355,0.6951672510389322,0.30483274896106777,0.5915695796066041,0.704215210196698,0.29578478980330203,0.4773285360195846,0.7613357319902078,0.2386642680097923,0.29433745687183316,0.8528312715640834,0.14716872843591658,0.4773285360195846,0.7613357319902078,0.2386642680097923,0.29433745687183316,0.8528312715640834,0.14716872843591658,0.0687848100729353,0.9656075949635323,0.03439240503646765,0.06670460299234356,0.9666476985038281,0.03335230149617178
belief,plate,10,1,True,74,47,58,66,7,9,11,56.0,0.5003314435353177,9.033681640908593,-0.05917386482674081,0.057529784346284876,0.2543799556949241,0.33782523533147263,0.03332652760229337,0.5333333333333333,artifacts/goal_bowl_destination_steering_formal_t1_lambda2_combined/goal_bowl_destination_belief_plate_init10_repeat1_success.json,0.7428079232938289,0.6285960383530854,0.37140396164691447,0.7101236081589853,0.6449381959205073,0.35506180407949267,0.6470879184461775,0.6764560407769111,0.32354395922308876,0.6281760904112246,0.6859119547943876,0.3140880452056123,0.6470879184461775,0.6764560407769111,0.32354395922308876,0.6281760904112246,0.6859119547943876,0.3140880452056123,0.4905556341676833,0.7547221829161582,0.24527781708384164,0.22574160472216065,0.8871291976389196,0.11287080236108032,0.4905556341676833,0.7547221829161582,0.24527781708384164,0.22574160472216065,0.8871291976389196,0.11287080236108032,0.09863759773927812,0.9506812011303608,0.04931879886963906,0.09632702624456901,0.9518364868777156,0.04816351312228451
belief,plate,11,0,True,73,46,57,67,7,9,11,57.0,0.5085858193080903,9.222152156179195,-0.04365235869339358,0.09986638839706014,0.2908516307357509,0.33018904381072606,0.055167778242942764,0.4666666666666667,artifacts/goal_bowl_destination_steering_formal_t1_lambda2_combined/goal_bowl_destination_belief_plate_init11_repeat0_success.json,0.6092971620837778,0.6953514189581111,0.3046485810418889,0.46383867279804986,0.768080663600975,0.23191933639902493,0.43114269571879577,0.7844286521406021,0.21557134785939788,0.4038251518785019,0.7980874240607492,0.20191257593925094,0.43114269571879577,0.7844286521406021,0.21557134785939788,0.4038251518785019,0.7980874240607492,0.20191257593925094,0.2596891497439431,0.8701554251280285,0.12984457487197154,0.1288317630907134,0.9355841184546433,0.0644158815453567,0.2596891497439431,0.8701554251280285,0.12984457487197154,0.1288317630907134,0.9355841184546433,0.0644158815453567,0.03590313794271176,0.9820484310286441,0.01795156897135588,0.03148437283068751,0.9842578135846562,0.015742186415343754
belief,plate,11,1,True,75,46,57,67,7,9,11,57.0,0.5142336765048393,8.898728193789934,-0.0419418009451609,0.0721821207437777,0.24598416060707684,0.3312165765078996,0.04193198876373455,0.4666666666666667,artifacts/goal_bowl_destination_steering_formal_t1_lambda2_combined/goal_bowl_destination_belief_plate_init11_repeat1_success.json,0.6525119898823791,0.6737440050588106,0.32625599494118956,0.5401920719074532,0.7299039640462734,0.2700960359537266,0.502031978330101,0.7489840108349495,0.2510159891650505,0.4241202503488255,0.7879398748255874,0.21206012517441275,0.502031978330101,0.7489840108349495,0.2510159891650505,0.4241202503488255,0.7879398748255874,0.21206012517441275,0.2553414449228931,0.8723292775385534,0.12767072246144656,0.15937716045606495,0.9203114197719675,0.07968858022803248,0.2553414449228931,0.8723292775385534,0.12767072246144656,0.15937716045606495,0.9203114197719675,0.07968858022803248,0.07676026675457487,0.9616198666227127,0.038380133377287434,0.07495961083323088,0.9625201945833846,0.03747980541661544
belief,plate,12,0,True,75,48,59,70,7,9,12,60.0,0.4980718674052062,9.954825362449979,-0.014024244741433203,0.1805585159965112,0.4237047894784265,0.4237047894784265,0.10506426054954587,0.3333333333333333,artifacts/goal_bowl_destination_steering_formal_t1_lambda2_combined/goal_bowl_destination_belief_plate_init12_repeat0_success.json,0.6310833948183029,0.6844583025908485,0.31554169740915144,0.4723539720004226,0.7638230139997887,0.2361769860002113,0.42771257972909626,0.7861437101354519,0.21385628986454813,0.36761547125386357,0.8161922643730682,0.18380773562693178,0.42771257972909626,0.7861437101354519,0.21385628986454813,0.36761547125386357,0.8161922643730682,0.18380773562693178,0.3302038535632803,0.8348980732183598,0.16510192678164015,0.2298625954144589,0.8850687022927706,0.11493129770722944,0.2298625954144589,0.8850687022927706,0.11493129770722944,0.0898252525922622,0.9550873737038689,0.0449126262961311,0.024934152583180776,0.9875329237084096,0.012467076291590388,nan,nan,nan
belief,plate,12,1,True,77,49,60,68,7,10,11,58.0,0.4578505583340316,10.19894648169687,-0.04322232527493978,0.03219215484363656,0.24932258581332115,0.4092476608708619,0.035258283368938076,0.5333333333333333,artifacts/goal_bowl_destination_steering_formal_t1_lambda2_combined/goal_bowl_destination_belief_plate_init12_repeat1_success.json,0.3950165943496623,0.8024917028251689,0.19750829717483115,0.2955666877663373,0.8522166561168314,0.14778334388316866,0.24859729159087873,0.8757013542045606,0.12429864579543937,0.2271706760214953,0.8864146619892523,0.11358533801074765,0.2271706760214953,0.8864146619892523,0.11358533801074765,0.1989711913299492,0.9005144043350255,0.0994855956649746,0.11803280735417349,0.9409835963229134,0.05901640367708674,0.04134876527608787,0.979325617361956,0.020674382638043935,0.1989711913299492,0.9005144043350255,0.0994855956649746,0.11803280735417349,0.9409835963229134,0.05901640367708674,0.04134876527608787,0.979325617361956,0.020674382638043935,0.01593390754215972,0.9920330462289202,0.00796695377107986
belief,plate,13,0,True,96,57,69,80,9,11,14,70.0,0.49872392054227094,8.005171421741228,-0.09044492127353364,-0.09522161022220056,0.0006456273374466599,0.15201023727871277,-0.060924022626130406,0.9333333333333333,artifacts/goal_bowl_destination_steering_formal_t1_lambda2_combined/goal_bowl_destination_belief_plate_init13_repeat0_success.json,0.2489913963168553,0.8755043018415724,0.12449569815842765,0.2350829871351064,0.8824585064324468,0.1175414935675532,0.2272117280461887,0.8863941359769056,0.11360586402309435,0.19523727315201964,0.9023813634239902,0.09761863657600982,0.2272117280461887,0.8863941359769056,0.11360586402309435,0.19523727315201964,0.9023813634239902,0.09761863657600982,0.10520408207866891,0.9473979589606656,0.052602041039334455,0.0778291071592433,0.9610854464203783,0.03891455357962165,0.0778291071592433,0.9610854464203783,0.03891455357962165,0.04964042356271026,0.9751797882186449,0.02482021178135513,0.017320612049853898,0.991339693975073,0.008660306024926949,0.009902976750106434,0.9950485116249468,0.004951488375053217
belief,plate,13,1,True,97,59,72,81,9,12,14,71.0,0.5171558718056748,7.798857217748308,-0.08064944736078024,-0.09966716395780129,0.0007494162493982442,0.17783792635587115,-0.057848177444869406,0.9333333333333333,artifacts/goal_bowl_destination_steering_formal_t1_lambda2_combined/goal_bowl_destination_belief_plate_init13_repeat1_success.json,0.28739893648290454,0.8563005317585477,0.14369946824145227,0.2538802835520958,0.873059858223952,0.1269401417760479,0.2408751813000395,0.8795624093499803,0.12043759065001974,0.1931462341047431,0.9034268829476284,0.09657311705237155,0.1931462341047431,0.9034268829476284,0.09657311705237155,0.09632327287988333,0.9518383635600582,0.04816163643994167,0.05683415627554595,0.9715829218622271,0.028417078137772975,0.03413814095536071,0.9829309295223198,0.017069070477680356,0.05683415627554595,0.9715829218622271,0.028417078137772975,0.03413814095536071,0.9829309295223198,0.017069070477680356,0.020069810842914655,0.9899650945785428,0.010034905421457328,0.0047010005246465696,0.9976494997376768,0.0023505002623232848
belief,plate,14,0,True,82,54,64,75,8,10,13,65.0,0.4864232612115709,8.97335672109634,-0.033814370962811126,0.09266148736087217,0.26971890609753735,0.32938664374799687,0.05466016554354541,0.4,artifacts/goal_bowl_destination_steering_formal_t1_lambda2_combined/goal_bowl_destination_belief_plate_init14_repeat0_success.json,0.616011058604683,0.6919944706976586,0.3080055293023415,0.5718080038322579,0.7140959980838711,0.28590400191612897,0.5470809683784197,0.7264595158107902,0.27354048418920984,0.4558385571978775,0.7720807214010612,0.22791927859893876,0.5470809683784197,0.7264595158107902,0.27354048418920984,0.4558385571978775,0.7720807214010612,0.22791927859893876,0.4069593978951173,0.7965203010524414,0.20347969894755866,0.31822698485246875,0.8408865075737657,0.15911349242623438,0.31822698485246875,0.8408865075737657,0.15911349242623438,0.15764073626583397,0.921179631867083,0.07882036813291698,0.13793878340853785,0.9310306082957311,0.06896939170426893,0.12803908829638233,0.9359804558518088,0.06401954414819117
belief,plate,14,1,True,77,52,62,77,8,10,13,67.0,0.513214415677995,9.832027558712529,0.081036535981023,0.31028907232262987,0.31028907232262987,0.31028907232262987,0.15606011891297142,0.13333333333333333,artifacts/goal_bowl_destination_steering_formal_t1_lambda2_combined/goal_bowl_destination_belief_plate_init14_repeat1_success.json,0.5248941499815397,0.7375529250092301,0.26244707499076986,0.3473736545882502,0.826313172705875,0.1736868272941251,0.3372388001316256,0.8313805999341872,0.1686194000658128,0.3290312053285018,0.8354843973357491,0.1645156026642509,0.3372388001316256,0.8313805999341872,0.1686194000658128,0.3290312053285018,0.8354843973357491,0.1645156026642509,0.3131874865998427,0.8434062567000786,0.15659374329992135,0.21849179790208145,0.8907541010489591,0.10924589895104073,0.21849179790208145,0.8907541010489591,0.10924589895104073,0.06132158091885611,0.9693392095405718,0.030660790459428055,0.05781148118802409,0.9710942594059879,0.028905740594012044,nan,nan,nan
belief,plate,15,0,True,73,48,58,68,7,9,11,58.0,0.5050460575223528,8.61620052883535,-0.04791334329991162,0.12583231859071622,0.31829703456325104,0.31829703456325104,0.05909422212298687,0.4,artifacts/goal_bowl_destination_steering_formal_t1_lambda2_combined/goal_bowl_destination_belief_plate_init15_repeat0_success.json,0.6564837614039359,0.671758119298032,0.32824188070196797,0.4600130812060097,0.7699934593969953,0.23000654060300485,0.4010422552177297,0.7994788723911351,0.20052112760886484,0.381928629957519,0.8090356850212405,0.1909643149787595,0.4010422552177297,0.7994788723911351,0.20052112760886484,0.381928629957519,0.8090356850212405,0.1909643149787595,0.30847966445022035,0.8457601677748898,0.15423983222511017,0.17895342780962156,0.9105232860951892,0.08947671390481078,0.30847966445022035,0.8457601677748898,0.15423983222511017,0.17895342780962156,0.9105232860951892,0.08947671390481078,0.06151904682818891,0.9692404765859055,0.030759523414094454,0.06020232247441428,0.9698988387627929,0.03010116123720714
belief,plate,15,1,True,73,47,58,68,7,9,11,58.0,0.5085091943903506,8.57296054136494,-0.04802390479562213,0.13669796753147534,0.3244538487662809,0.3244538487662809,0.06497184830436455,0.4,artifacts/goal_bowl_destination_steering_formal_t1_lambda2_combined/goal_bowl_destination_belief_plate_init15_repeat1_success.json,0.6523244673033043,0.6738377663483479,0.32616223365165214,0.49903969702393874,0.7504801514880306,0.24951984851196937,0.4647802974395496,0.7676098512802252,0.2323901487197748,0.4384918188371942,0.7807540905814028,0.2192459094185971,0.4647802974395496,0.7676098512802252,0.2323901487197748,0.4384918188371942,0.7807540905814028,0.2192459094185971,0.252187182413674,0.8739064087931631,0.126093591206837,0.12773113283076826,0.9361344335846159,0.06386556641538413,0.252187182413674,0.8739064087931631,0.126093591206837,0.12773113283076826,0.9361344335846159,0.06386556641538413,0.0354897671628943,0.9822551164185528,0.01774488358144715,0.03433680664272342,0.9828315966786383,0.01716840332136171
belief,plate,16,0,True,83,49,85,71,7,15,12,61.0,0.49053697845612554,8.630310872400024,-0.05055903022558489,-0.005715098295643832,0.142081068899522,0.3143153137743465,0.0037696899493651617,0.6666666666666666,artifacts/goal_bowl_destination_steering_formal_t1_lambda2_combined/goal_bowl_destination_belief_plate_init16_repeat0_success.json,0.5085436863535934,0.7457281568232034,0.2542718431767967,0.4757035299210225,0.7621482350394888,0.23785176496051125,0.44471496287825246,0.7776425185608737,0.22235748143912623,0.4319309798544843,0.7840345100727579,0.21596548992724215,0.015509931423490938,0.9922450342882545,0.007754965711745469,0.004289632804757435,0.9978551835976213,0.0021448164023787175,nan,nan,nan,nan,nan,nan,0.3059395191439046,0.8470302404280476,0.1529697595719523,0.15701794074881045,0.9214910296255948,0.07850897037440523,0.046296859924505065,0.9768515700377474,0.023148429962252533,0.015509931423490938,0.9922450342882545,0.007754965711745469
belief,plate,16,1,True,86,57,70,77,9,12,13,67.0,0.48099555862011867,7.648688552080012,-0.06977828651722913,0.015126965473590473,0.19770105588739956,0.33196990433361323,0.009857457073431391,0.6,artifacts/goal_bowl_destination_steering_formal_t1_lambda2_combined/goal_bowl_destination_belief_plate_init16_repeat1_success.json,0.30944765239133676,0.8452761738043316,0.15472382619566838,0.267767809325408,0.866116095337296,0.133883904662704,0.24653498851675207,0.876732505741624,0.12326749425837603,0.2072900325714192,0.8963549837142905,0.1036450162857096,0.2072900325714192,0.8963549837142905,0.1036450162857096,0.15389161929479545,0.9230541903526023,0.07694580964739772,0.08565065271023867,0.9571746736448807,0.042825326355119334,0.02357536265342404,0.988212318673288,0.01178768132671202,0.15389161929479545,0.9230541903526023,0.07694580964739772,0.08565065271023867,0.9571746736448807,0.042825326355119334,0.02357536265342404,0.988212318673288,0.01178768132671202,0.02155084202819622,0.9892245789859019,0.01077542101409811
belief,plate,17,0,True,80,53,63,74,8,10,12,64.0,0.5101765073203732,8.859480009577707,-0.026846134807479476,0.09869953757844134,0.21325109409644225,0.26058477229692617,0.05011050232896429,0.4,artifacts/goal_bowl_destination_steering_formal_t1_lambda2_combined/goal_bowl_destination_belief_plate_init17_repeat0_success.json,0.5527516994524388,0.7236241502737805,0.2763758497262194,0.44471378213922297,0.7776431089303886,0.22235689106961148,0.41430893802826324,0.7928455309858683,0.20715446901413162,0.3757177676147346,0.8121411161926326,0.1878588838073673,0.41430893802826324,0.7928455309858683,0.20715446901413162,0.3757177676147346,0.8121411161926326,0.1878588838073673,0.24458553364498228,0.8777072331775088,0.12229276682249114,0.126169122678885,0.9369154386605576,0.0630845613394425,0.24458553364498228,0.8777072331775088,0.12229276682249114,0.126169122678885,0.9369154386605576,0.0630845613394425,0.04507525910478198,0.977462370447609,0.02253762955239099,0.03751151230889039,0.9812442438455549,0.018755756154445195
belief,plate,17,1,True,75,49,61,71,7,10,12,61.0,0.5342457282261588,9.266866422821805,0.0008940418010391281,0.1640908981129042,0.28496037811298974,0.28496037811298974,0.08839435917214118,0.26666666666666666,artifacts/goal_bowl_destination_steering_formal_t1_lambda2_combined/goal_bowl_destination_belief_plate_init17_repeat1_success.json,0.7946360892627635,0.6026819553686181,0.39731804463138176,0.7551659179126159,0.622417041043692,0.37758295895630795,0.6724394554462738,0.663780272276863,0.3362197277231369,0.5731693400480057,0.713415329975997,0.28658467002400284,0.5731693400480057,0.713415329975997,0.28658467002400284,0.3735938327436893,0.8132030836281554,0.18679691637184465,0.2064019463454488,0.8967990268272755,0.1032009731727244,0.1110432230710461,0.9444783884644771,0.05552161153552305,0.2064019463454488,0.8967990268272755,0.1032009731727244,0.1110432230710461,0.9444783884644771,0.05552161153552305,0.06793887338712992,0.9660305633064351,0.03396943669356496,nan,nan,nan
belief,plate,18,0,True,75,49,62,71,7,10,12,61.0,0.5258797457525634,9.736637207393652,-0.018441039159169663,0.1611695678640586,0.3054126678558576,0.3054126678558576,0.08354381591414872,0.3333333333333333,artifacts/goal_bowl_destination_steering_formal_t1_lambda2_combined/goal_bowl_destination_belief_plate_init18_repeat0_success.json,0.659651524490866,0.6701742377545671,0.329825762245433,0.466386319579006,0.7668068402104969,0.233193159789503,0.44453788782625425,0.777731056086873,0.22226894391312713,0.4280862043123915,0.7859568978438043,0.21404310215619576,0.4280862043123915,0.7859568978438043,0.21404310215619576,0.396221692883414,0.8018891535582929,0.198110846441707,0.2766617226759537,0.8616691386620232,0.13833086133797684,0.10943808548384466,0.9452809572580776,0.05471904274192233,0.2766617226759537,0.8616691386620232,0.13833086133797684,0.10943808548384466,0.9452809572580776,0.05471904274192233,0.09988488890478872,0.9500575555476056,0.04994244445239436,nan,nan,nan
belief,plate,18,1,True,75,49,60,72,7,10,12,62.0,0.5270037042230625,9.93251975009788,-0.014378145595948234,0.18866553607370587,0.2975067506082364,0.2975067506082364,0.088862202084746,0.3333333333333333,artifacts/goal_bowl_destination_steering_formal_t1_lambda2_combined/goal_bowl_destination_belief_plate_init18_repeat1_success.json,0.6900568196698746,0.6549715901650627,0.3450284098349373,0.5556765602409584,0.7221617198795208,0.2778382801204792,0.4922211439432608,0.7538894280283697,0.2461105719716304,0.47629539713233954,0.7618523014338302,0.23814769856616977,0.47629539713233954,0.7618523014338302,0.23814769856616977,0.4332951694743561,0.783352415262822,0.21664758473717804,0.34353965072102244,0.8282301746394889,0.17176982536051122,0.17136412401117473,0.9143179379944126,0.08568206200558737,0.34353965072102244,0.8282301746394889,0.17176982536051122,0.17136412401117473,0.9143179379944126,0.08568206200558737,0.15586128052928228,0.9220693597353589,0.07793064026464114,nan,nan,nan
belief,plate,19,0,True,72,45,55,66,7,9,11,56.0,0.4822606454837195,8.859093933953208,-0.01700669955591734,0.11341926999644913,0.3084777248386464,0.3507229473010068,0.07129125085441353,0.4,artifacts/goal_bowl_destination_steering_formal_t1_lambda2_combined/goal_bowl_destination_belief_plate_init19_repeat0_success.json,0.601673023861453,0.6991634880692735,0.3008365119307265,0.48244446415788855,0.7587777679210559,0.24122223207894428,0.42503537917394985,0.7874823104130251,0.21251768958697492,0.3859930165432884,0.8070034917283558,0.1929965082716442,0.42503537917394985,0.7874823104130251,0.21251768958697492,0.3859930165432884,0.8070034917283558,0.1929965082716442,0.22070964881040492,0.8896451755947976,0.11035482440520246,0.09849872419528585,0.950750637902357,0.049249362097642926,0.22070964881040492,0.8896451755947976,0.11035482440520246,0.09849872419528585,0.950750637902357,0.049249362097642926,0.030143979321734037,0.9849280103391329,0.015071989660867018,0.027430001510285427,0.9862849992448572,0.013715000755142714
belief,plate,19,1,True,74,46,59,66,7,9,11,56.0,0.48796224396400245,8.937117621286781,-0.04016810178252595,0.09141650803795773,0.3027340814741091,0.3991931340834075,0.05772220577714194,0.4666666666666667,artifacts/goal_bowl_destination_steering_formal_t1_lambda2_combined/goal_bowl_destination_belief_plate_init19_repeat1_success.json,0.6281833751106874,0.6859083124446563,0.3140916875553437,0.5497465901044934,0.7251267049477532,0.2748732950522467,0.46405754677905736,0.7679712266104712,0.23202877338952868,0.404931766880599,0.7975341165597004,0.2024658834402995,0.46405754677905736,0.7679712266104712,0.23202877338952868,0.404931766880599,0.7975341165597004,0.2024658834402995,0.30109679298264236,0.8494516035086788,0.15054839649132118,0.16130823671806366,0.9193458816409682,0.08065411835903183,0.30109679298264236,0.8494516035086788,0.15054839649132118,0.16130823671806366,0.9193458816409682,0.08065411835903183,0.05796652736347563,0.9710167363182622,0.028983263681737814,0.057012898273338906,0.9714935508633304,0.028506449136669453
belief,plate,1,0,True,82,53,65,73,8,11,12,63.0,0.5384277864839567,10.020071672552968,-0.10160124528638542,-0.030183293835727674,0.15875426222783137,0.2985600710498111,-0.022477196018321214,0.6666666666666666,artifacts/goal_bowl_destination_steering_formal_t1_lambda2_combined/goal_bowl_destination_belief_plate_init1_repeat0_success.json,0.46388337381207695,0.7680583130939614,0.23194168690603847,0.3439406976121005,0.8280296511939498,0.17197034880605025,0.32781770224318796,0.8360911488784061,0.16390885112159398,0.2983194234035765,0.8508402882982118,0.14915971170178824,0.2983194234035765,0.8508402882982118,0.14915971170178824,0.22853038794299343,0.8857348060285034,0.11426519397149672,0.15217949840479778,0.9239102507976013,0.07608974920239889,0.061641531309082294,0.9691792343454589,0.030820765654541147,0.22853038794299343,0.8857348060285034,0.11426519397149672,0.15217949840479778,0.9239102507976013,0.07608974920239889,0.061641531309082294,0.9691792343454589,0.030820765654541147,0.05600794857910693,0.9719960257104464,0.028003974289553465
belief,plate,1,1,True,73,49,61,69,7,10,11,59.0,0.5422298798172331,9.534875128206076,-0.028047508072393184,0.14417333006260755,0.2997819104725171,0.2997819104725171,0.07145441926512433,0.4,artifacts/goal_bowl_destination_steering_formal_t1_lambda2_combined/goal_bowl_destination_belief_plate_init1_repeat1_success.json,0.6880326823386288,0.6559836588306857,0.3440163411693144,0.5313097283787122,0.734345135810644,0.2656548641893561,0.458554922335689,0.7707225388321556,0.2292774611678445,0.3961428428449666,0.8019285785775166,0.1980714214224833,0.3961428428449666,0.8019285785775166,0.1980714214224833,0.2740613868440507,0.8629693065779745,0.13703069342202534,0.18178715171236157,0.9091064241438193,0.09089357585618078,0.04682040371022418,0.976589798144888,0.02341020185511209,0.2740613868440507,0.8629693065779745,0.13703069342202534,0.18178715171236157,0.9091064241438193,0.09089357585618078,0.04682040371022418,0.976589798144888,0.02341020185511209,0.0457681017090651,0.9771159491454674,0.02288405085453255
belief,plate,20,0,True,75,47,58,68,7,9,11,58.0,0.48422325600875343,8.867069879926554,-0.05655012832277231,0.07408868356589779,0.27818016811269813,0.3477462691533581,0.04106181630528906,0.4666666666666667,artifacts/goal_bowl_destination_steering_formal_t1_lambda2_combined/goal_bowl_destination_belief_plate_init20_repeat0_success.json,0.5875203806827629,0.7062398096586185,0.29376019034138146,0.4997518532470895,0.7501240733764551,0.24987592662354474,0.4325757455215611,0.7837121272392195,0.21628787276078054,0.3595834792278896,0.8202082603860552,0.1797917396139448,0.4325757455215611,0.7837121272392195,0.21628787276078054,0.3595834792278896,0.8202082603860552,0.1797917396139448,0.2622776536261296,0.8688611731869352,0.1311388268130648,0.16254554907802177,0.9187272254609891,0.08127277453901088,0.2622776536261296,0.8688611731869352,0.1311388268130648,0.16254554907802177,0.9187272254609891,0.08127277453901088,0.032926960175036116,0.983536519912482,0.016463480087518058,0.031822463858186795,0.9840887680709065,0.015911231929093397
belief,plate,20,1,True,78,47,58,68,7,9,11,58.0,0.46688931721768534,9.230428240433454,-0.08228199664521489,-0.020445963651244146,0.14198032819744055,0.3068945936000816,-0.013673802325938865,0.6666666666666666,artifacts/goal_bowl_destination_steering_formal_t1_lambda2_combined/goal_bowl_destination_belief_plate_init20_repeat1_success.json,0.5960272294248343,0.7019863852875828,0.29801361471241716,0.507115772500419,0.7464421137497905,0.2535578862502095,0.4953735968403314,0.7523132015798344,0.2476867984201657,0.45316412352299423,0.7734179382385029,0.22658206176149712,0.4953735968403314,0.7523132015798344,0.2476867984201657,0.45316412352299423,0.7734179382385029,0.22658206176149712,0.3482643109218672,0.8258678445390664,0.1741321554609336,0.22572252653959446,0.8871387367302027,0.11286126326979723,0.3482643109218672,0.8258678445390664,0.1741321554609336,0.22572252653959446,0.8871387367302027,0.11286126326979723,0.07675075073372553,0.9616246246331372,0.038375375366862766,0.06569270940397155,0.9671536452980143,0.032846354701985776
belief,plate,21,0,True,79,54,65,76,8,11,13,66.0,0.5378033644350833,8.623881119964956,0.0031805965044914676,0.16153260775709924,0.2681687469648373,0.2681687469648373,0.08711730622824905,0.26666666666666666,artifacts/goal_bowl_destination_steering_formal_t1_lambda2_combined/goal_bowl_destination_belief_plate_init21_repeat0_success.json,0.5718064032698126,0.7140967983650938,0.2859032016349063,0.48571811566984957,0.7571409421650753,0.24285905783492479,0.46099736890997695,0.7695013155450116,0.23049868445498847,0.4413674929888233,0.7793162535055883,0.22068374649441164,0.4413674929888233,0.7793162535055883,0.22068374649441164,0.3181832126756727,0.8409083936621636,0.15909160633783634,0.18738175186214673,0.9063091240689266,0.09369087593107336,0.038576008864527465,0.9807119955677362,0.019288004432263733,0.18738175186214673,0.9063091240689266,0.09369087593107336,0.038576008864527465,0.9807119955677362,0.019288004432263733,0.03429516233125655,0.9828524188343717,0.017147581165628274,nan,nan,nan
belief,plate,21,1,True,77,50,63,71,8,10,12,61.0,0.516714117032152,8.405872285658685,-0.006778516492508039,0.11049548541560349,0.26121636357460265,0.2964900974663082,0.06632989824344786,0.3333333333333333,artifacts/goal_bowl_destination_steering_formal_t1_lambda2_combined/goal_bowl_destination_belief_plate_init21_repeat1_success.json,0.593558585384273,0.7032207073078635,0.2967792926921365,0.46933810987303043,0.7653309450634848,0.23466905493651521,0.4479142872878783,0.7760428563560609,0.22395714364393915,0.27045597775631447,0.8647720111218428,0.13522798887815723,0.4479142872878783,0.7760428563560609,0.22395714364393915,0.27045597775631447,0.8647720111218428,0.13522798887815723,0.1599755147920989,0.9200122426039505,0.07998775739604945,0.06262615406902382,0.9686869229654881,0.03131307703451191,0.1599755147920989,0.9200122426039505,0.07998775739604945,0.06262615406902382,0.9686869229654881,0.03131307703451191,0.03123356504383401,0.9843832174780831,0.015616782521917005,0.029769501161004238,0.9851152494194979,0.014884750580502119
belief,plate,22,0,True,73,43,57,65,6,9,11,55.0,0.45956564949267764,8.76768534755862,-0.09437599904364104,0.01617938875851545,0.20343692081468584,0.29104988019876765,0.00041584928223040326,0.6,artifacts/goal_bowl_destination_steering_formal_t1_lambda2_combined/goal_bowl_destination_belief_plate_init22_repeat0_success.json,0.7322014557783807,0.6338992721108095,0.36610072788919035,0.6796597176311668,0.6601701411844166,0.3398298588155834,0.5610126705409981,0.7194936647295009,0.28050633527049906,0.5357707051725681,0.7321146474137159,0.26788535258628404,0.5357707051725681,0.7321146474137159,0.26788535258628404,0.4563986160254545,0.7718006919872726,0.22819930801272725,0.26337752944119247,0.8683112352794037,0.13168876472059624,0.1453925225653154,0.9273037387173423,0.0726962612826577,0.26337752944119247,0.8683112352794037,0.13168876472059624,0.1453925225653154,0.9273037387173423,0.0726962612826577,0.04532490152886599,0.977337549235567,0.022662450764432997,0.04427062663026624,0.9778646866848668,0.02213531331513312
belief,plate,22,1,True,68,43,55,64,6,9,10,54.0,0.47180133610542885,9.368287277964148,-0.019807742677265084,0.13889443321255376,0.28279245658085395,0.28279245658085395,0.07266344214431035,0.4,artifacts/goal_bowl_destination_steering_formal_t1_lambda2_combined/goal_bowl_destination_belief_plate_init22_repeat1_success.json,0.7121739749333293,0.6439130125333352,0.3560869874666647,0.6678848527121017,0.6660575736439491,0.33394242635605087,0.5826532290273517,0.7086733854863241,0.29132661451367586,0.4931894665202676,0.7534052667398663,0.2465947332601338,0.4931894665202676,0.7534052667398663,0.2465947332601338,0.3968104903965763,0.8015947548017118,0.19840524519828814,0.27237815010788374,0.863810924946058,0.13618907505394187,0.09762951630807865,0.9511852418459606,0.04881475815403932,0.3968104903965763,0.8015947548017118,0.19840524519828814,0.27237815010788374,0.863810924946058,0.13618907505394187,0.09762951630807865,0.9511852418459606,0.04881475815403932,0.09388123707310693,0.9530593814634465,0.046940618536553465
belief,plate,23,0,True,73,48,60,67,7,10,11,57.0,0.5103746063186593,8.802019761545612,-0.050814976111998714,0.10376741473397519,0.29658811747551556,0.32728596429624085,0.05381712076573737,0.4666666666666667,artifacts/goal_bowl_destination_steering_formal_t1_lambda2_combined/goal_bowl_destination_belief_plate_init23_repeat0_success.json,0.5831272042475671,0.7084363978762165,0.29156360212378357,0.43819799716555136,0.7809010014172244,0.21909899858277568,0.39252856628700866,0.8037357168564957,0.19626428314350433,0.33381787628833065,0.8330910618558346,0.16690893814416533,0.33381787628833065,0.8330910618558346,0.16690893814416533,0.24808130867361894,0.8759593456631906,0.12404065433680947,0.158217352005947,0.9208913239970266,0.0791086760029735,0.051654770328036885,0.9741726148359815,0.025827385164018443,0.24808130867361894,0.8759593456631906,0.12404065433680947,0.158217352005947,0.9208913239970266,0.0791086760029735,0.051654770328036885,0.9741726148359815,0.025827385164018443,0.046738492323722715,0.9766307538381387,0.023369246161861357
belief,plate,23,1,True,76,50,62,71,8,10,12,61.0,0.5325768230015873,9.576257583895067,-0.05336326090293661,0.11591008027143941,0.3262474575758596,0.3262474575758596,0.05773303137102753,0.4666666666666667,artifacts/goal_bowl_destination_steering_formal_t1_lambda2_combined/goal_bowl_destination_belief_plate_init23_repeat1_success.json,0.42508248246864705,0.7874587587656765,0.21254124123432352,0.39614484627114593,0.8019275768644271,0.19807242313557297,0.3836690529567602,0.8081654735216199,0.1918345264783801,0.32519882671753825,0.8374005866412308,0.16259941335876912,0.3836690529567602,0.8081654735216199,0.1918345264783801,0.32519882671753825,0.8374005866412308,0.16259941335876912,0.20436262177075684,0.8978186891146216,0.10218131088537842,0.09604742428467741,0.9519762878576612,0.048023712142338706,0.20436262177075684,0.8978186891146216,0.10218131088537842,0.09604742428467741,0.9519762878576612,0.048023712142338706,0.07575914845474822,0.9621204257726258,0.03787957422737411,0.06902708516184765,0.9654864574190761,0.034513542580923824
belief,plate,24,0,True,74,45,,64,7,,10,54.0,0.4837205021546249,8.748468854225008,-0.03168432258975572,0.08468324652258344,0.2919071166941194,0.4250662077177828,0.059214787925995056,0.4666666666666667,artifacts/goal_bowl_destination_steering_formal_t1_lambda2_combined/goal_bowl_destination_belief_plate_init24_repeat0_success.json,0.5255039130251928,0.7372480434874037,0.2627519565125964,0.4149829317451338,0.792508534127433,0.2074914658725669,0.34824190908064484,0.8258790454596775,0.17412095454032242,0.2062342112340662,0.8968828943829669,0.1031171056170331,nan,nan,nan,nan,nan,nan,nan,nan,nan,nan,nan,nan,0.2062342112340662,0.8968828943829669,0.1031171056170331,0.12586168848022797,0.937069155759886,0.06293084424011398,0.05718593178290254,0.9714070341085488,0.02859296589145127,0.012702501128637252,0.9936487494356815,0.006351250564318626
belief,plate,24,1,True,69,44,62,66,6,10,11,56.0,0.50903260560275,8.837840662735307,0.024042099488150864,0.24333112944505925,0.40034385375943027,0.40034385375943027,0.13883558669374563,0.2,artifacts/goal_bowl_destination_steering_formal_t1_lambda2_combined/goal_bowl_destination_belief_plate_init24_repeat1_success.json,0.7379424018685821,0.631028799065709,0.36897120093429103,0.5128287195219039,0.7435856402390479,0.25641435976095195,0.4469761926286489,0.7765119036856755,0.22348809631432445,0.39659000716516163,0.8017049964174192,0.19829500358258081,0.26605235717342884,0.8669738214132856,0.13302617858671442,0.19950073307751218,0.900249633461244,0.09975036653875609,0.06667109941635066,0.9666644502918247,0.03333554970817533,0.011127935300255874,0.9944360323498721,0.005563967650127937,0.19950073307751218,0.900249633461244,0.09975036653875609,0.06667109941635066,0.9666644502918247,0.03333554970817533,0.011127935300255874,0.9944360323498721,0.005563967650127937,nan,nan,nan
belief,plate,25,0,True,79,48,59,69,7,9,11,59.0,0.5096557648894848,9.035631552161458,-0.04148629620402155,0.05553619591591961,0.22822501886112626,0.3642271308594028,0.03698832857427892,0.4666666666666667,artifacts/goal_bowl_destination_steering_formal_t1_lambda2_combined/goal_bowl_destination_belief_plate_init25_repeat0_success.json,0.7246612964346991,0.6376693517826505,0.36233064821734956,0.5307659752492194,0.7346170123753903,0.2653829876246097,0.49674993252229777,0.7516250337388511,0.24837496626114888,0.4833855318598635,0.7583072340700683,0.24169276592993175,0.49674993252229777,0.7516250337388511,0.24837496626114888,0.4833855318598635,0.7583072340700683,0.24169276592993175,0.42449652624214623,0.7877517368789269,0.21224826312107312,0.24958547098665862,0.8752072645066707,0.12479273549332931,0.42449652624214623,0.7877517368789269,0.21224826312107312,0.24958547098665862,0.8752072645066707,0.12479273549332931,0.10386455570369087,0.9480677221481545,0.05193227785184543,0.09285839277926919,0.9535708036103654,0.046429196389634594
belief,plate,25,1,True,73,47,57,68,7,9,11,58.0,0.5213257848931986,8.923718839597237,-0.006936170914970429,0.20097313359401406,0.39985569250370495,0.39985569250370495,0.11323273330751128,0.3333333333333333,artifacts/goal_bowl_destination_steering_formal_t1_lambda2_combined/goal_bowl_destination_belief_plate_init25_repeat1_success.json,0.7595234470901163,0.6202382764549418,0.37976172354505816,0.6246617622612354,0.6876691188693823,0.3123308811306177,0.566070437958931,0.7169647810205346,0.2830352189794655,0.5420526846147293,0.7289736576926353,0.27102634230736466,0.566070437958931,0.7169647810205346,0.2830352189794655,0.5420526846147293,0.7289736576926353,0.27102634230736466,0.3378199900180063,0.8310900049909969,0.16890999500900314,0.21630370708819543,0.8918481464559023,0.10815185354409772,0.3378199900180063,0.8310900049909969,0.16890999500900314,0.21630370708819543,0.8918481464559023,0.10815185354409772,0.0486741126054763,0.9756629436972619,0.02433705630273815,0.04612874262553051,0.9769356286872347,0.023064371312765255
belief,plate,26,0,True,75,49,64,71,7,10,12,61.0,0.5643729310332567,9.874166911610656,0.02623215300960124,0.22633964435807621,0.39770001332262683,0.39770001332262683,0.13388930065863025,0.2,artifacts/goal_bowl_destination_steering_formal_t1_lambda2_combined/goal_bowl_destination_belief_plate_init26_repeat0_success.json,0.7538103117063959,0.623094844146802,0.37690515585319795,0.6172150221926084,0.6913924889036958,0.3086075110963042,0.5326315144409194,0.7336842427795404,0.2663157572204597,0.5115290699573338,0.7442354650213331,0.2557645349786669,0.5115290699573338,0.7442354650213331,0.2557645349786669,0.3782267825119717,0.8108866087440142,0.18911339125598586,0.26788909596665816,0.8660554520166709,0.13394454798332908,0.1347906488486012,0.9326046755756995,0.0673953244243006,0.26788909596665816,0.8660554520166709,0.13394454798332908,0.1347906488486012,0.9326046755756995,0.0673953244243006,0.049633112287695215,0.9751834438561523,0.024816556143847607,nan,nan,nan
belief,plate,26,1,True,73,49,63,70,7,10,12,60.0,0.5495184751038822,9.641605933550514,0.009799610173998732,0.23631286717885638,0.37294757520679034,0.37294757520679034,0.12704165525815306,0.26666666666666666,artifacts/goal_bowl_destination_steering_formal_t1_lambda2_combined/goal_bowl_destination_belief_plate_init26_repeat1_success.json,0.777423659609168,0.611288170195416,0.388711829804584,0.693380029451968,0.653309985274016,0.346690014725984,0.6124625252994088,0.6937687373502957,0.3062312626497044,0.5760292421152927,0.7119853789423538,0.28801462105764636,0.5760292421152927,0.7119853789423538,0.28801462105764636,0.4618643156648866,0.7690678421675566,0.2309321578324433,0.3210153427457011,0.8394923286271494,0.16050767137285055,0.12945122442506662,0.9352743877874667,0.06472561221253331,0.3210153427457011,0.8394923286271494,0.16050767137285055,0.12945122442506662,0.9352743877874667,0.06472561221253331,0.08981469202601619,0.955092653986992,0.044907346013008095,nan,nan,nan
belief,plate,27,0,True,84,56,67,74,9,11,12,64.0,0.48935827454504466,9.705791371020759,-0.05296969832910285,0.008747034899805125,0.22482122053656495,0.4180083559295978,0.020391620026823497,0.6,artifacts/goal_bowl_destination_steering_formal_t1_lambda2_combined/goal_bowl_destination_belief_plate_init27_repeat0_success.json,0.1608479183900677,0.9195760408049662,0.08042395919503385,0.12544262607790113,0.9372786869610494,0.06272131303895057,0.0945475933047955,0.9527262033476022,0.04727379665239775,0.07876373036588664,0.9606181348170567,0.03938186518294332,0.0945475933047955,0.9527262033476022,0.04727379665239775,0.07876373036588664,0.9606181348170567,0.03938186518294332,0.05346072732108296,0.9732696363394584,0.02673036366054148,0.02151587818811599,0.9892420609059419,0.010757939094057995,0.07876373036588664,0.9606181348170567,0.03938186518294332,0.05346072732108296,0.9732696363394584,0.02673036366054148,0.02151587818811599,0.9892420609059419,0.010757939094057995,0.005921639829749288,0.9970391800851253,0.002960819914874644
belief,plate,27,1,True,82,55,66,74,9,11,12,64.0,0.4845446461351376,10.11704151348828,-0.07888925409731427,0.05049194801605209,0.2991922876513548,0.40093085151198254,0.030106447251435593,0.5333333333333333,artifacts/goal_bowl_destination_steering_formal_t1_lambda2_combined/goal_bowl_destination_belief_plate_init27_repeat1_success.json,0.15813028203805604,0.9209348589809719,0.07906514101902802,0.13306002348137144,0.9334699882593143,0.06653001174068572,0.11147008124060324,0.9442649593796985,0.05573504062030162,0.09288330587656951,0.9535583470617153,0.046441652938284755,0.11147008124060324,0.9442649593796985,0.05573504062030162,0.09288330587656951,0.9535583470617153,0.046441652938284755,0.051051043677182925,0.9744744781614084,0.025525521838591463,0.019178697897316396,0.9904106510513417,0.009589348948658198,0.09288330587656951,0.9535583470617153,0.046441652938284755,0.051051043677182925,0.9744744781614084,0.025525521838591463,0.019178697897316396,0.9904106510513417,0.009589348948658198,0.0037054653286304473,0.9981472673356848,0.0018527326643152237
belief,plate,28,0,True,93,54,,75,8,,13,65.0,0.553520558639355,8.144602970049643,-0.05820153828885295,-0.017641991028624123,0.17084364545305483,0.3441513876407425,0.002476525613953578,0.6666666666666666,artifacts/goal_bowl_destination_steering_formal_t1_lambda2_combined/goal_bowl_destination_belief_plate_init28_repeat0_success.json,0.669144719073751,0.6654276404631245,0.3345723595368755,0.5778884906643638,0.7110557546678181,0.2889442453321819,0.48615514352679606,0.7569224282366019,0.24307757176339803,0.4151385610820618,0.792430719458969,0.2075692805410309,nan,nan,nan,nan,nan,nan,nan,nan,nan,nan,nan,nan,0.22341464879706602,0.888292675601467,0.11170732439853301,0.14867577868103585,0.925662110659482,0.07433788934051792,0.06624866625271322,0.9668756668736435,0.03312433312635661,0.054154437203047294,0.9729227813984763,0.027077218601523647
belief,plate,28,1,True,80,52,62,74,8,10,12,64.0,0.5334512937322735,8.455103461939732,-0.03197340752601394,0.09743637506936281,0.2819345749586259,0.3164634313336887,0.057112212524483605,0.4666666666666667,artifacts/goal_bowl_destination_steering_formal_t1_lambda2_combined/goal_bowl_destination_belief_plate_init28_repeat1_success.json,0.746337674435115,0.6268311627824426,0.3731688372175575,0.5759104886983581,0.712044755650821,0.2879552443491791,0.49241065263196254,0.7537946736840186,0.24620532631598127,0.41766403603285795,0.791167981983571,0.20883201801642898,0.49241065263196254,0.7537946736840186,0.24620532631598127,0.41766403603285795,0.791167981983571,0.20883201801642898,0.35344597908282727,0.8232770104585865,0.17672298954141363,0.20441472594331037,0.8977926370283448,0.10220736297165518,0.35344597908282727,0.8232770104585865,0.17672298954141363,0.20441472594331037,0.8977926370283448,0.10220736297165518,0.07547694435239474,0.9622615278238026,0.03773847217619737,0.024775205709557997,0.987612397145221,0.012387602854778999
belief,plate,29,0,True,68,46,57,67,7,9,11,57.0,0.520843857025903,8.92581962630516,0.09024187511510277,0.31610031022947377,0.3486408936722309,0.3486408936722309,0.17280334629340363,0.06666666666666667,artifacts/goal_bowl_destination_steering_formal_t1_lambda2_combined/goal_bowl_destination_belief_plate_init29_repeat0_success.json,0.7084562046507071,0.6457718976746465,0.35422810232535357,0.6040568774700682,0.697971561264966,0.3020284387350341,0.5014609331113015,0.7492695334443493,0.25073046655565073,0.4477592760989827,0.7761203619505086,0.22387963804949135,0.5014609331113015,0.7492695334443493,0.25073046655565073,0.4477592760989827,0.7761203619505086,0.22387963804949135,0.263893349821466,0.868053325089267,0.131946674910733,0.10801521585838653,0.9459923920708068,0.05400760792919326,0.263893349821466,0.868053325089267,0.131946674910733,0.10801521585838653,0.9459923920708068,0.05400760792919326,0.06080241008310284,0.9695987949584486,0.03040120504155142,nan,nan,nan
belief,plate,29,1,True,69,46,59,67,7,9,11,57.0,0.5248828000600565,8.893996143334942,0.041991920242005494,0.25871092041829236,0.34607503988285915,0.34607503988285915,0.14108388201371036,0.2,artifacts/goal_bowl_destination_steering_formal_t1_lambda2_combined/goal_bowl_destination_belief_plate_init29_repeat1_success.json,0.7588601601021399,0.6205699199489301,0.37943008005106993,0.6702833551750431,0.6648583224124784,0.33514167758752156,0.56534161515628,0.71732919242186,0.28267080757814,0.479424212999987,0.7602878935000065,0.2397121064999935,0.56534161515628,0.71732919242186,0.28267080757814,0.479424212999987,0.7602878935000065,0.2397121064999935,0.2805583743133686,0.8597208128433158,0.1402791871566843,0.13335091592046938,0.9333245420397654,0.06667545796023469,0.2805583743133686,0.8597208128433158,0.1402791871566843,0.13335091592046938,0.9333245420397654,0.06667545796023469,0.0639935801913536,0.9680032099043232,0.0319967900956768,nan,nan,nan
belief,plate,2,0,True,77,52,64,73,8,10,12,63.0,0.5191869833571798,9.151217865572534,0.0007088087161162692,0.13499656498683404,0.2681173047109648,0.2681173047109648,0.08026573222967566,0.26666666666666666,artifacts/goal_bowl_destination_steering_formal_t1_lambda2_combined/goal_bowl_destination_belief_plate_init2_repeat0_success.json,0.5483733332621078,0.7258133333689459,0.2741866666310539,0.47283108046961675,0.7635844597651916,0.23641554023480837,0.45829350309314215,0.770853248453429,0.22914675154657108,0.40451687370602213,0.7977415631469889,0.20225843685301106,0.45829350309314215,0.770853248453429,0.22914675154657108,0.40451687370602213,0.7977415631469889,0.20225843685301106,0.24163241530576904,0.8791837923471155,0.12081620765288452,0.1391377235987684,0.9304311382006158,0.0695688617993842,0.24163241530576904,0.8791837923471155,0.12081620765288452,0.1391377235987684,0.9304311382006158,0.0695688617993842,0.034443200569650126,0.9827783997151749,0.017221600284825063,0.03294579849024908,0.9835271007548754,0.01647289924512454
belief,plate,2,1,True,80,52,64,73,8,10,12,63.0,0.51691509012855,8.466019982192206,-0.018948922575842655,0.0934568842202221,0.20717999114381758,0.2793643448097043,0.05207797382030792,0.4,artifacts/goal_bowl_destination_steering_formal_t1_lambda2_combined/goal_bowl_destination_belief_plate_init2_repeat1_success.json,0.5562574086925627,0.7218712956537185,0.27812870434628134,0.4815671585313587,0.7592164207343207,0.24078357926567934,0.4683661407489935,0.7658169296255032,0.23418307037449676,0.4147174675218261,0.7926412662390869,0.20735873376091304,0.4683661407489935,0.7658169296255032,0.23418307037449676,0.4147174675218261,0.7926412662390869,0.20735873376091304,0.22693410019915267,0.8865329499004236,0.11346705009957633,0.10048412953228207,0.949757935233859,0.050242064766141036,0.22693410019915267,0.8865329499004236,0.11346705009957633,0.10048412953228207,0.949757935233859,0.050242064766141036,0.03632243725062273,0.9818387813746886,0.018161218625311365,0.029724762268895723,0.9851376188655521,0.014862381134447862
belief,plate,30,0,True,77,51,,69,8,,11,59.0,0.4783295089013914,8.78434026007823,-0.07692139869329924,0.03852116492197682,0.23858781421767353,0.3392403684840426,0.019767297901340453,0.6,artifacts/goal_bowl_destination_steering_formal_t1_lambda2_combined/goal_bowl_destination_belief_plate_init30_repeat0_success.json,0.5561801482001454,0.7219099258999273,0.2780900741000727,0.5020691730408049,0.7489654134795976,0.25103458652040245,0.3835032978423492,0.8082483510788253,0.1917516489211746,0.3023118755111298,0.8488440622444351,0.1511559377555649,nan,nan,nan,nan,nan,nan,nan,nan,nan,nan,nan,nan,0.3023118755111298,0.8488440622444351,0.1511559377555649,0.19897947625546758,0.9005102618722663,0.09948973812773379,0.10115472348999012,0.949422638255005,0.05057736174499506,0.025933792177353168,0.9870331039113234,0.012966896088676584
belief,plate,30,1,True,74,51,64,72,8,10,12,62.0,0.5001506788847282,9.464101998067957,0.035863201786048834,0.24344919090799813,0.3266008509843918,0.3266008509843918,0.1303977508552808,0.2,artifacts/goal_bowl_destination_steering_formal_t1_lambda2_combined/goal_bowl_destination_belief_plate_init30_repeat1_success.json,0.5703744022479572,0.7148127988760214,0.2851872011239786,0.518254938430795,0.7408725307846025,0.2591274692153975,0.4319522019643904,0.7840238990178048,0.2159761009821952,0.41553044680601453,0.7922347765969927,0.20776522340300727,0.4319522019643904,0.7840238990178048,0.2159761009821952,0.41553044680601453,0.7922347765969927,0.20776522340300727,0.24233525126253483,0.8788323743687326,0.12116762563126741,0.14477191755391805,0.9276140412230409,0.07238595877695903,0.24233525126253483,0.8788323743687326,0.12116762563126741,0.14477191755391805,0.9276140412230409,0.07238595877695903,0.060589867166461815,0.9697050664167691,0.030294933583230908,nan,nan,nan
belief,plate,31,0,True,73,49,60,70,7,10,12,60.0,0.5326571171296045,9.44421719597551,0.0004970128792224218,0.22543927925183174,0.36263770510993676,0.36263770510993676,0.12039273855426291,0.26666666666666666,artifacts/goal_bowl_destination_steering_formal_t1_lambda2_combined/goal_bowl_destination_belief_plate_init31_repeat0_success.json,0.6075422378944673,0.6962288810527664,0.30377111894723363,0.5670349020903585,0.7164825489548208,0.2835174510451792,0.5358907368269026,0.7320546315865486,0.2679453684134513,0.4525240234608134,0.7737379882695933,0.2262620117304067,0.4525240234608134,0.7737379882695933,0.2262620117304067,0.2537040681806357,0.8731479659096821,0.12685203409031784,0.15018046792918652,0.9249097660354068,0.07509023396459326,0.07214119059677192,0.963929404701614,0.03607059529838596,0.15018046792918652,0.9249097660354068,0.07509023396459326,0.07214119059677192,0.963929404701614,0.03607059529838596,0.020235734978629197,0.9898821325106854,0.010117867489314598,nan,nan,nan
belief,plate,31,1,True,72,49,62,70,7,10,12,60.0,0.5454887286513183,9.482498268150263,0.06131334353526213,0.28815608923437797,0.37235073931591534,0.37235073931591534,0.16053906264390239,0.13333333333333333,artifacts/goal_bowl_destination_steering_formal_t1_lambda2_combined/goal_bowl_destination_belief_plate_init31_repeat1_success.json,0.6368392094036011,0.6815803952981995,0.31841960470180053,0.5271257394458148,0.7364371302770926,0.2635628697229074,0.4795839290169341,0.7602080354915329,0.23979196450846704,0.45455750333086353,0.7727212483345685,0.22727875166543177,0.45455750333086353,0.7727212483345685,0.22727875166543177,0.3750309911235495,0.8124845044382253,0.18751549556177474,0.2506675390883797,0.8746662304558103,0.12533376954418984,0.09152903162062705,0.9542354841896864,0.04576451581031352,0.2506675390883797,0.8746662304558103,0.12533376954418984,0.09152903162062705,0.9542354841896864,0.04576451581031352,0.07402565827902194,0.9629871708604891,0.03701282913951097,nan,nan,nan
belief,plate,32,0,True,82,52,64,73,8,10,12,63.0,0.5317167569064113,8.382037636212566,-0.02432908222755956,0.05877111280889769,0.21102256437056333,0.30278644606654553,0.041278781676117635,0.4666666666666667,artifacts/goal_bowl_destination_steering_formal_t1_lambda2_combined/goal_bowl_destination_belief_plate_init32_repeat0_success.json,0.16095642591195158,0.9195217870440243,0.08047821295597579,0.08631620765585683,0.9568418961720716,0.04315810382792842,0.06412684114325291,0.9679365794283734,0.03206342057162646,0.06054991180826005,0.9697250440958699,0.030274955904130024,0.06412684114325291,0.9679365794283734,0.03206342057162646,0.06054991180826005,0.9697250440958699,0.030274955904130024,0.048286685677774256,0.9758566571611129,0.024143342838887128,0.027490055391889114,0.9862549723040555,0.013745027695944557,0.048286685677774256,0.9758566571611129,0.024143342838887128,0.027490055391889114,0.9862549723040555,0.013745027695944557,0.011303986095372595,0.9943480069523136,0.005651993047686298,0.01069609595031969,0.9946519520248402,0.005348047975159845
belief,plate,32,1,True,109,48,88,98,7,15,17,88.0,0.6987488895227583,16.13990538196231,-0.09855186199443747,-0.09409128668211668,0.061519771475166726,0.24179360240659414,-0.05183776585290528,0.8666666666666667,artifacts/goal_bowl_destination_steering_formal_t1_lambda2_combined/goal_bowl_destination_belief_plate_init32_repeat1_success.json,0.25925394717851175,0.8703730264107441,0.12962697358925587,0.125691083585917,0.9371544582070416,0.0628455417929585,0.08930830210998596,0.9553458489450071,0.04465415105499298,0.08308811936644046,0.9584559403167798,0.04154405968322023,0.05162761362193586,0.974186193189032,0.02581380681096793,0.05123504016352622,0.9743824799182369,0.02561752008176311,0.04726289385035888,0.9763685530748205,0.02363144692517944,0.03589734614173468,0.9820513269291326,0.01794867307086734,0.04726289385035888,0.9763685530748205,0.02363144692517944,0.03589734614173468,0.9820513269291326,0.01794867307086734,0.020419712206251075,0.9897901438968745,0.010209856103125537,0.00641408395041525,0.9967929580247923,0.003207041975207625
belief,plate,33,0,True,75,47,56,69,7,9,11,59.0,0.501126894251038,8.855036022133902,-0.03152526107235543,0.13749559958050742,0.3342467276723954,0.36861726661348415,0.07719229596048617,0.4,artifacts/goal_bowl_destination_steering_formal_t1_lambda2_combined/goal_bowl_destination_belief_plate_init33_repeat0_success.json,0.7509624862834896,0.6245187568582551,0.3754812431417448,0.6407747053515942,0.6796126473242029,0.3203873526757971,0.5910386419978418,0.704480679001079,0.2955193209989209,0.5403715842266303,0.7298142078866848,0.27018579211331517,0.5910386419978418,0.704480679001079,0.2955193209989209,0.5403715842266303,0.7298142078866848,0.27018579211331517,0.3023192161620377,0.8488403919189812,0.15115960808101886,0.1670860162229109,0.9164569918885447,0.08354300811145544,0.3023192161620377,0.8488403919189812,0.15115960808101886,0.1670860162229109,0.9164569918885447,0.08354300811145544,0.0525583746214386,0.9737208126892806,0.0262791873107193,0.04143849111392972,0.9792807544430351,0.02071924555696486
belief,plate,33,1,True,67,47,58,,7,9,,nan,nan,nan,nan,nan,nan,nan,nan,nan,artifacts/goal_bowl_destination_steering_formal_t1_lambda2_combined/goal_bowl_destination_belief_plate_init33_repeat1_success.json,0.6399396491782077,0.6800301754108962,0.31996982458910384,0.5537395846486336,0.7231302076756833,0.2768697923243168,0.5090801462642937,0.7454599268678532,0.2545400731321468,0.45574254388564367,0.7721287280571782,0.22787127194282183,0.5090801462642937,0.7454599268678532,0.2545400731321468,0.45574254388564367,0.7721287280571782,0.22787127194282183,0.2520242232315556,0.8739878883842221,0.1260121116157778,0.14233324266238656,0.9288333786688067,0.07116662133119328,nan,nan,nan,nan,nan,nan,nan,nan,nan,nan,nan,nan
belief,plate,34,0,True,87,56,69,75,9,11,13,65.0,0.47164633842386156,10.020503824517434,-0.0540148699560922,-0.0027047220078556464,0.1624018286849776,0.3722120527511118,0.006133769085151688,0.6666666666666666,artifacts/goal_bowl_destination_steering_formal_t1_lambda2_combined/goal_bowl_destination_belief_plate_init34_repeat0_success.json,0.18276343617064425,0.9086182819146779,0.09138171808532213,0.148299809061896,0.9258500954690521,0.074149904530948,0.13107614900570172,0.9344619254971492,0.06553807450285086,0.11523873148210588,0.942380634258947,0.05761936574105294,0.13107614900570172,0.9344619254971492,0.06553807450285086,0.11523873148210588,0.942380634258947,0.05761936574105294,0.07573038288186143,0.9621348085590692,0.037865191440930715,0.03383890381705086,0.9830805480914745,0.01691945190852543,0.07573038288186143,0.9621348085590692,0.037865191440930715,0.03383890381705086,0.9830805480914745,0.01691945190852543,0.010043216113939234,0.9949783919430304,0.005021608056969617,0.005772144191079556,0.9971139279044601,0.002886072095539778
belief,plate,34,1,True,81,52,64,71,8,10,12,61.0,0.46555991078736775,10.030539575408506,-0.05034593976073118,0.026796169299748814,0.2266950283793663,0.40717129961996656,0.025708566056167278,0.5333333333333333,artifacts/goal_bowl_destination_steering_formal_t1_lambda2_combined/goal_bowl_destination_belief_plate_init34_repeat1_success.json,0.20142903509448984,0.899285482452755,0.10071451754724492,0.17865809267930527,0.9106709536603473,0.08932904633965263,0.15356173115104224,0.9232191344244789,0.07678086557552112,0.1432244497029134,0.9283877751485433,0.0716122248514567,0.15356173115104224,0.9232191344244789,0.07678086557552112,0.1432244497029134,0.9283877751485433,0.0716122248514567,0.09800095271867446,0.9509995236406629,0.04900047635933723,0.054659814829120114,0.97267009258544,0.027329907414560057,0.09800095271867446,0.9509995236406629,0.04900047635933723,0.054659814829120114,0.97267009258544,0.027329907414560057,0.01508997907307225,0.9924550104634637,0.007544989536536125,0.00399719105746649,0.9980014044712667,0.001998595528733245
belief,plate,35,0,True,111,48,92,99,7,16,17,89.0,0.6668398241982388,17.51873423324031,-0.12080671491334322,-0.1083967751739933,0.08255523972580098,0.2940088719923734,-0.061033940204524094,0.8666666666666667,artifacts/goal_bowl_destination_steering_formal_t1_lambda2_combined/goal_bowl_destination_belief_plate_init35_repeat0_success.json,0.4402700937914519,0.7798649531042741,0.22013504689572594,0.3693214001550057,0.8153392999224971,0.18466070007750285,0.3398681240787973,0.8300659379606015,0.16993406203939865,0.3285470015406996,0.8357264992296501,0.1642735007703498,0.1422306237702229,0.9288846881148886,0.07111531188511146,0.11322682976869483,0.9433865851156525,0.056613414884347416,0.0699946951141575,0.9650026524429213,0.03499734755707875,0.028994475817759054,0.9855027620911204,0.014497237908879527,0.11322682976869483,0.9433865851156525,0.056613414884347416,0.0699946951141575,0.9650026524429213,0.03499734755707875,0.028994475817759054,0.9855027620911204,0.014497237908879527,0.008395198857675088,0.9958024005711625,0.004197599428837544
belief,plate,35,1,True,74,49,61,69,7,10,11,59.0,0.48148004373981246,9.076279827805845,-0.013225827476852374,0.13977275635733433,0.2550198156147155,0.2550198156147155,0.069761865168274,0.3333333333333333,artifacts/goal_bowl_destination_steering_formal_t1_lambda2_combined/goal_bowl_destination_belief_plate_init35_repeat1_success.json,0.46312626941524915,0.7684368652923755,0.23156313470762457,0.3133892463461271,0.8433053768269364,0.15669462317306354,0.28604239222375266,0.8569788038881236,0.14302119611187633,0.27590073259270775,0.8620496337036462,0.13795036629635388,0.27590073259270775,0.8620496337036462,0.13795036629635388,0.18798778668199811,0.9060061066590009,0.09399389334099906,0.11709017406397802,0.9414549129680109,0.05854508703198901,0.03114062714266802,0.9844296864286661,0.01557031357133401,0.18798778668199811,0.9060061066590009,0.09399389334099906,0.11709017406397802,0.9414549129680109,0.05854508703198901,0.03114062714266802,0.9844296864286661,0.01557031357133401,0.02647468790619897,0.9867626560469006,0.013237343953099485
belief,plate,36,0,True,77,47,58,68,7,9,11,58.0,0.4927355345931928,9.00432285607656,-0.05763313149207561,0.016858735358744104,0.1941296634034357,0.3446107825762571,0.0156884865857128,0.6,artifacts/goal_bowl_destination_steering_formal_t1_lambda2_combined/goal_bowl_destination_belief_plate_init36_repeat0_success.json,0.622619535768906,0.6886902321155469,0.311309767884453,0.5196257500108554,0.7401871249945723,0.2598128750054277,0.4417959137159008,0.7791020431420496,0.2208979568579504,0.3187549145078042,0.8406225427460979,0.1593774572539021,0.4417959137159008,0.7791020431420496,0.2208979568579504,0.3187549145078042,0.8406225427460979,0.1593774572539021,0.22362442671346183,0.8881877866432691,0.11181221335673092,0.1317786828751532,0.9341106585624234,0.0658893414375766,0.22362442671346183,0.8881877866432691,0.11181221335673092,0.1317786828751532,0.9341106585624234,0.0658893414375766,0.06726594131597112,0.9663670293420143,0.03363297065798556,0.05884019437694222,0.970579902811529,0.02942009718847111
belief,plate,36,1,True,74,46,57,68,7,9,11,58.0,0.5011872059270543,8.729638974684796,-0.02726700757958658,0.10442765883457264,0.28939768563949897,0.3199499372618662,0.06317132528526034,0.4,artifacts/goal_bowl_destination_steering_formal_t1_lambda2_combined/goal_bowl_destination_belief_plate_init36_repeat1_success.json,0.6488551396676736,0.6755724301661632,0.3244275698338368,0.5670902954322476,0.7164548522838763,0.2835451477161238,0.4748514068575414,0.7625742965712293,0.2374257034287707,0.37940725551774573,0.8102963722411272,0.18970362775887287,0.4748514068575414,0.7625742965712293,0.2374257034287707,0.37940725551774573,0.8102963722411272,0.18970362775887287,0.27286080460717654,0.8635695976964118,0.13643040230358827,0.16758538917738555,0.9162073054113072,0.08379269458869278,0.27286080460717654,0.8635695976964118,0.13643040230358827,0.16758538917738555,0.9162073054113072,0.08379269458869278,0.06411173264170321,0.9679441336791484,0.032055866320851605,0.056024410156003804,0.971987794921998,0.028012205078001902
belief,plate,37,0,True,74,48,59,68,7,9,11,58.0,0.5243245222989904,9.016998854679317,-0.03182615813675518,0.16515291053941047,0.3697892675182737,0.3920425407955569,0.08838860184814433,0.4,artifacts/goal_bowl_destination_steering_formal_t1_lambda2_combined/goal_bowl_destination_belief_plate_init37_repeat0_success.json,0.6536574394202997,0.6731712802898502,0.3268287197101499,0.5425198642715623,0.7287400678642189,0.27125993213578115,0.48578438157663467,0.7571078092116826,0.24289219078831734,0.4612492422001221,0.7693753788999389,0.23062462110006104,0.48578438157663467,0.7571078092116826,0.24289219078831734,0.4612492422001221,0.7693753788999389,0.23062462110006104,0.3297514022524018,0.8351242988737991,0.1648757011262009,0.17409025325531485,0.9129548733723426,0.08704512662765743,0.3297514022524018,0.8351242988737991,0.1648757011262009,0.17409025325531485,0.9129548733723426,0.08704512662765743,0.04868527670881025,0.9756573616455948,0.024342638354405127,0.04543868898156252,0.9772806555092187,0.02271934449078126
belief,plate,37,1,True,74,47,57,68,7,9,11,58.0,0.515472321474446,8.8841785935241,-0.010807740445641928,0.1029662398484477,0.26847948284563306,0.2989494346029707,0.06546047007166493,0.3333333333333333,artifacts/goal_bowl_destination_steering_formal_t1_lambda2_combined/goal_bowl_destination_belief_plate_init37_repeat1_success.json,0.5027510142721017,0.7486244928639492,0.25137550713605084,0.37013521816104994,0.814932390919475,0.18506760908052497,0.32413580744086645,0.8379320962795668,0.16206790372043323,0.31385737224924337,0.8430713138753783,0.15692868612462169,0.32413580744086645,0.8379320962795668,0.16206790372043323,0.31385737224924337,0.8430713138753783,0.15692868612462169,0.24414160614234073,0.8779291969288296,0.12207080307117037,0.1408190889804768,0.9295904555097616,0.0704095444902384,0.24414160614234073,0.8779291969288296,0.12207080307117037,0.1408190889804768,0.9295904555097616,0.0704095444902384,0.04693349682736215,0.976533251586319,0.023466748413681075,0.04537294128481786,0.9773135293575912,0.02268647064240893
belief,plate,38,0,True,76,48,59,68,7,9,11,58.0,0.47821168475465636,9.489989469481863,-0.06565676001955671,0.027061852969369898,0.23670735426334816,0.3323431189664355,0.016211767964303854,0.6,artifacts/goal_bowl_destination_steering_formal_t1_lambda2_combined/goal_bowl_destination_belief_plate_init38_repeat0_success.json,0.4661499185235226,0.7669250407382388,0.2330749592617613,0.4215908908442606,0.7892045545778698,0.2107954454221303,0.3828006371838249,0.8085996814080876,0.19140031859191245,0.3678147984420051,0.8160926007789975,0.18390739922100255,0.3828006371838249,0.8085996814080876,0.19140031859191245,0.3678147984420051,0.8160926007789975,0.18390739922100255,0.25500400439004556,0.8724979978049773,0.12750200219502278,0.14048101676151215,0.9297594916192439,0.07024050838075607,0.25500400439004556,0.8724979978049773,0.12750200219502278,0.14048101676151215,0.9297594916192439,0.07024050838075607,0.04231281756108063,0.9788435912194597,0.021156408780540314,0.03390848981289704,0.9830457550935514,0.01695424490644852
belief,plate,38,1,True,79,48,59,68,7,9,11,58.0,0.480097302706003,9.473709245186242,-0.0831155338490703,-0.03324349796285594,0.1434818936280759,0.32252230952489896,-0.01812415323967346,0.7333333333333333,artifacts/goal_bowl_destination_steering_formal_t1_lambda2_combined/goal_bowl_destination_belief_plate_init38_repeat1_success.json,0.3051264093497571,0.8474367953251215,0.15256320467487855,0.2790516367234803,0.8604741816382597,0.13952581836174016,0.2694691203651766,0.8652654398174117,0.1347345601825883,0.23567865153092757,0.8821606742345363,0.11783932576546378,0.2694691203651766,0.8652654398174117,0.1347345601825883,0.23567865153092757,0.8821606742345363,0.11783932576546378,0.1637390230577252,0.9181304884711373,0.0818695115288626,0.09018486628265811,0.9549075668586711,0.045092433141329054,0.1637390230577252,0.9181304884711373,0.0818695115288626,0.09018486628265811,0.9549075668586711,0.045092433141329054,0.04384012662126568,0.9780799366893671,0.02192006331063284,0.02579559001581333,0.9871022049920933,0.012897795007906665
belief,plate,39,0,True,74,49,63,71,7,10,12,61.0,0.5469381376429582,9.48359096264883,0.0599531827131371,0.24892572883194183,0.3378329542866052,0.3378329542866052,0.14308698659369953,0.13333333333333333,artifacts/goal_bowl_destination_steering_formal_t1_lambda2_combined/goal_bowl_destination_belief_plate_init39_repeat0_success.json,0.739454301756793,0.6302728491216034,0.3697271508783965,0.7036920427253611,0.6481539786373196,0.35184602136268056,0.6274756081320471,0.6862621959339764,0.31373780406602353,0.6057138011229556,0.6971430994385223,0.3028569005614778,0.6057138011229556,0.6971430994385223,0.3028569005614778,0.5680838396330755,0.7159580801834623,0.28404191981653776,0.4304604898591005,0.7847697550704498,0.21523024492955026,0.12546181334772422,0.9372690933261381,0.06273090667386211,0.4304604898591005,0.7847697550704498,0.21523024492955026,0.12546181334772422,0.9372690933261381,0.06273090667386211,0.11875128964627323,0.9406243551768635,0.05937564482313661,nan,nan,nan
belief,plate,39,1,True,74,48,59,70,7,9,12,60.0,0.5160525315903879,9.445335313088272,-0.03845111121086128,0.15898147350895564,0.30062812448356224,0.30062812448356224,0.07480114853260968,0.4,artifacts/goal_bowl_destination_steering_formal_t1_lambda2_combined/goal_bowl_destination_belief_plate_init39_repeat1_success.json,0.6695741130573751,0.6652129434713125,0.33478705652868757,0.5976926042661094,0.7011536978669453,0.2988463021330547,0.5221875524778817,0.7389062237610591,0.26109377623894087,0.5092138276989787,0.7453930861505107,0.25460691384948936,0.5221875524778817,0.7389062237610591,0.26109377623894087,0.5092138276989787,0.7453930861505107,0.25460691384948936,0.4111710998388569,0.7944144500805715,0.20558554991942846,0.24897608029669507,0.8755119598516525,0.12448804014834754,0.24897608029669507,0.8755119598516525,0.12448804014834754,0.09245311978390416,0.953773440108048,0.04622655989195208,0.08486594505409704,0.9575670274729515,0.04243297252704852,nan,nan,nan
belief,plate,3,0,True,82,51,63,72,8,10,12,62.0,0.5123909271369214,10.467517182391001,-0.0808530677340573,-0.014008455904640534,0.14051037038099481,0.3328081107116998,-0.01250360579649382,0.6666666666666666,artifacts/goal_bowl_destination_steering_formal_t1_lambda2_combined/goal_bowl_destination_belief_plate_init3_repeat0_success.json,0.41508865114963245,0.7924556744251837,0.20754432557481622,0.3169226002348849,0.8415386998825576,0.15846130011744244,0.24634544219176013,0.87682727890412,0.12317272109588007,0.20938058136263626,0.8953097093186818,0.10469029068131813,0.24634544219176013,0.87682727890412,0.12317272109588007,0.20938058136263626,0.8953097093186818,0.10469029068131813,0.1644427549257032,0.9177786225371484,0.0822213774628516,0.11511599334668199,0.9424420033266591,0.057557996673340994,0.1644427549257032,0.9177786225371484,0.0822213774628516,0.11511599334668199,0.9424420033266591,0.057557996673340994,0.03535639706736801,0.982321801466316,0.017678198533684006,0.03178407998089122,0.9841079600095545,0.01589203999044561
belief,plate,3,1,True,80,52,,71,8,,12,61.0,0.5096608376366651,9.782512780785677,-0.06647702211669673,0.06456073485575449,0.25269570860480867,0.34102816376029826,0.031207347635587725,0.5333333333333333,artifacts/goal_bowl_destination_steering_formal_t1_lambda2_combined/goal_bowl_destination_belief_plate_init3_repeat1_success.json,0.5604281311566777,0.7197859344216612,0.28021406557833883,0.5084640774505927,0.7457679612747037,0.25423203872529637,0.3885408355473434,0.8057295822263283,0.1942704177736717,0.2671527890619862,0.866423605469007,0.1335763945309931,nan,nan,nan,nan,nan,nan,nan,nan,nan,nan,nan,nan,0.19001853916447725,0.9049907304177613,0.09500926958223863,0.12083919361015778,0.9395804031949211,0.06041959680507889,0.03132786156646633,0.9843360692167669,0.015663930783233165,0.028442496754678533,0.9857787516226606,0.014221248377339266
belief,plate,40,0,True,78,44,53,66,6,8,11,56.0,0.46923997897002395,8.943431309468227,-0.08844865823356285,-0.04583035203122268,0.13247717570302134,0.2826733529519895,-0.02402862973527659,0.7333333333333333,artifacts/goal_bowl_destination_steering_formal_t1_lambda2_combined/goal_bowl_destination_belief_plate_init40_repeat0_success.json,0.7644513337760568,0.6177743331119715,0.3822256668880284,0.49565928987047136,0.7521703550647644,0.24782964493523568,0.34203990630431547,0.8289800468478423,0.17101995315215773,0.33246445606348607,0.8337677719682569,0.16623222803174303,0.34203990630431547,0.8289800468478423,0.17101995315215773,0.33246445606348607,0.8337677719682569,0.16623222803174303,0.3155366228297581,0.8422316885851209,0.15776831141487904,0.20074217316302512,0.8996289134184875,0.10037108658151256,0.20074217316302512,0.8996289134184875,0.10037108658151256,0.10796795208296597,0.9460160239585169,0.05398397604148299,0.035638940498333,0.9821805297508335,0.0178194702491665,0.03483876787227886,0.9825806160638606,0.01741938393613943
belief,plate,40,1,True,75,47,58,69,7,9,11,59.0,0.5071080998703105,8.77787478788272,0.0023818057072928483,0.13557232018878893,0.27393288216981865,0.289897672562517,0.08062882758382213,0.26666666666666666,artifacts/goal_bowl_destination_steering_formal_t1_lambda2_combined/goal_bowl_destination_belief_plate_init40_repeat1_success.json,0.273043048117134,0.863478475941433,0.136521524058567,0.13157597950448205,0.9342120102477589,0.06578798975224102,0.09834847396683828,0.9508257630165808,0.04917423698341914,0.09499634675139579,0.952501826624302,0.047498173375697894,0.09834847396683828,0.9508257630165808,0.04917423698341914,0.09499634675139579,0.952501826624302,0.047498173375697894,0.05923223955410045,0.9703838802229496,0.029616119777050226,0.02770064364192437,0.9861496781790378,0.013850321820962184,0.05923223955410045,0.9703838802229496,0.029616119777050226,0.02770064364192437,0.9861496781790378,0.013850321820962184,0.016623688099890104,0.9916881559500549,0.008311844049945052,0.016432081396040008,0.9917839593019799,0.008216040698020004
belief,plate,41,0,True,71,45,57,65,7,9,11,55.0,0.5208483494222476,8.192575091990806,-0.050195950057366864,0.10601902559396749,0.3167178447775122,0.34819536622453345,0.05611306288627828,0.4666666666666667,artifacts/goal_bowl_destination_steering_formal_t1_lambda2_combined/goal_bowl_destination_belief_plate_init41_repeat0_success.json,0.6541606083184672,0.6729196958407663,0.3270803041592336,0.5160333729550045,0.7419833135224978,0.25801668647750226,0.47817295169053925,0.7609135241547303,0.23908647584526962,0.3956349603749309,0.8021825198125345,0.19781748018746545,0.47817295169053925,0.7609135241547303,0.23908647584526962,0.3956349603749309,0.8021825198125345,0.19781748018746545,0.262334877221613,0.8688325613891934,0.1311674386108065,0.08478754889113785,0.9576062255544311,0.042393774445568924,0.262334877221613,0.8688325613891934,0.1311674386108065,0.08478754889113785,0.9576062255544311,0.042393774445568924,0.02502790328798214,0.987486048356009,0.01251395164399107,0.02470676557122505,0.9876466172143875,0.012353382785612524
belief,plate,41,1,True,72,47,59,67,7,9,11,57.0,0.5138002846599579,8.923167452563824,-0.022930697293118345,0.18324848324638388,0.3925885343071429,0.3925885343071429,0.09852638132938446,0.3333333333333333,artifacts/goal_bowl_destination_steering_formal_t1_lambda2_combined/goal_bowl_destination_belief_plate_init41_repeat1_success.json,0.6209884241238626,0.6895057879380687,0.3104942120619313,0.5446237270182751,0.7276881364908625,0.27231186350913755,0.5108078099712735,0.7445960950143633,0.25540390498563675,0.4632335082411451,0.7683832458794274,0.23161675412057256,0.5108078099712735,0.7445960950143633,0.25540390498563675,0.4632335082411451,0.7683832458794274,0.23161675412057256,0.2951532183022849,0.8524233908488574,0.14757660915114246,0.14368705762915487,0.9281564711854225,0.07184352881457744,0.2951532183022849,0.8524233908488574,0.14757660915114246,0.14368705762915487,0.9281564711854225,0.07184352881457744,0.030221516795965058,0.9848892416020175,0.015110758397982529,0.028776870043577957,0.9856115649782111,0.014388435021788978
belief,plate,42,0,True,79,43,62,65,6,10,11,55.0,0.5018803577860985,8.610562096806364,-0.059593625179595926,0.0010009303967369525,0.14988753687397657,0.3058628868539109,0.0016996248592993394,0.6,artifacts/goal_bowl_destination_steering_formal_t1_lambda2_combined/goal_bowl_destination_belief_plate_init42_repeat0_success.json,0.7603935158605138,0.6198032420697431,0.3801967579302569,0.6748586964761885,0.6625706517619058,0.33742934823809423,0.6243558941651312,0.6878220529174344,0.3121779470825656,0.5477280766370172,0.7261359616814915,0.2738640383185086,0.29464984631842,0.8526750768407899,0.14732492315921,0.17888023005034123,0.9105598849748294,0.08944011502517062,0.09124052812610148,0.9543797359369492,0.04562026406305074,0.03405047718682227,0.982974761406589,0.017025238593411134,0.17888023005034123,0.9105598849748294,0.08944011502517062,0.09124052812610148,0.9543797359369492,0.04562026406305074,0.03405047718682227,0.982974761406589,0.017025238593411134,0.03334347714881815,0.9833282614255909,0.016671738574409074
belief,plate,42,1,True,79,43,58,64,6,9,10,54.0,0.49654616722219636,9.167474420710553,-0.09111017426381275,-0.07610449403487818,0.04147678137948448,0.22317819946529413,-0.04713555273920065,0.8666666666666667,artifacts/goal_bowl_destination_steering_formal_t1_lambda2_combined/goal_bowl_destination_belief_plate_init42_repeat1_success.json,0.7284647873471208,0.6357676063264395,0.3642323936735604,0.6009523276236719,0.699523836188164,0.30047616381183595,0.512215428967585,0.7438922855162076,0.2561077144837925,0.43406663905818993,0.7829666804709051,0.21703331952909496,0.43406663905818993,0.7829666804709051,0.21703331952909496,0.27637135557060366,0.8618143222146982,0.13818567778530183,0.132736968777457,0.9336315156112714,0.0663684843887285,0.09277374213172696,0.9536131289341364,0.04638687106586348,0.27637135557060366,0.8618143222146982,0.13818567778530183,0.132736968777457,0.9336315156112714,0.0663684843887285,0.09277374213172696,0.9536131289341364,0.04638687106586348,0.03125954051238888,0.9843702297438055,0.01562977025619444
belief,plate,43,0,True,73,48,59,68,7,9,11,58.0,0.5098062321359887,9.130770803232238,-0.030079806741467152,0.151352233028969,0.33778327571698896,0.33778327571698896,0.07828788710362819,0.4,artifacts/goal_bowl_destination_steering_formal_t1_lambda2_combined/goal_bowl_destination_belief_plate_init43_repeat0_success.json,0.5735507652012664,0.7132246173993668,0.2867753826006332,0.471666843079151,0.7641665784604245,0.2358334215395755,0.40657144964626163,0.7967142751768692,0.20328572482313081,0.3703734600373525,0.8148132699813239,0.18518673001867625,0.40657144964626163,0.7967142751768692,0.20328572482313081,0.3703734600373525,0.8148132699813239,0.18518673001867625,0.2918535689879883,0.8540732155060058,0.14592678449399415,0.20541300536844914,0.8972934973157756,0.10270650268422457,0.2918535689879883,0.8540732155060058,0.14592678449399415,0.20541300536844914,0.8972934973157756,0.10270650268422457,0.07893856901317856,0.9605307154934107,0.03946928450658928,0.07523489797388967,0.9623825510130551,0.037617448986944836
belief,plate,43,1,True,106,48,93,103,7,16,18,93.0,0.738520335590559,17.16503308029997,0.017323811516945224,0.17356550298784387,0.2750174383439421,0.2750174383439421,0.09636653060373426,0.26666666666666666,artifacts/goal_bowl_destination_steering_formal_t1_lambda2_combined/goal_bowl_destination_belief_plate_init43_repeat1_success.json,0.23323958617568274,0.8833802069121587,0.11661979308784137,0.08769820455878462,0.9561508977206076,0.04384910227939231,0.06594435266433396,0.9670278236678331,0.03297217633216698,0.0640450985194015,0.9679774507402993,0.03202254925970075,0.022627890583655344,0.9886860547081723,0.011313945291827672,0.021842052469496342,0.9890789737652518,0.010921026234748171,0.01783592113252433,0.9910820394337377,0.008917960566262165,0.010615104018873557,0.9946924479905633,0.005307552009436779,0.01783592113252433,0.9910820394337377,0.008917960566262165,0.010615104018873557,0.9946924479905633,0.005307552009436779,0.00805875932896756,0.9959706203355162,0.00402937966448378,0.007953979131198037,0.996023010434401,0.003976989565599018
belief,plate,44,0,True,75,48,59,68,7,9,11,58.0,0.5150690001977435,8.354796533289347,-0.03946826252191984,0.052168671037075114,0.251459426046143,0.31691894019336586,0.03893776569581357,0.5333333333333333,artifacts/goal_bowl_destination_steering_formal_t1_lambda2_combined/goal_bowl_destination_belief_plate_init44_repeat0_success.json,0.6131979252464833,0.6934010373767584,0.30659896262324166,0.4859138093996962,0.7570430953001519,0.2429569046998481,0.4472176625639306,0.7763911687180347,0.2236088312819653,0.421776979799398,0.789111510100301,0.210888489899699,0.4472176625639306,0.7763911687180347,0.2236088312819653,0.421776979799398,0.789111510100301,0.210888489899699,0.34949951763303333,0.8252502411834832,0.17474975881651666,0.24601493114091044,0.8769925344295447,0.12300746557045522,0.34949951763303333,0.8252502411834832,0.17474975881651666,0.24601493114091044,0.8769925344295447,0.12300746557045522,0.1200805347489216,0.9399597326255392,0.0600402673744608,0.11248672683652138,0.9437566365817394,0.05624336341826069
belief,plate,44,1,True,80,49,59,69,7,9,11,59.0,0.5164149337802932,8.775450003773981,-0.04155003084814841,0.04789248252515421,0.21786923475058656,0.3445745195386753,0.033186370576053593,0.5333333333333333,artifacts/goal_bowl_destination_steering_formal_t1_lambda2_combined/goal_bowl_destination_belief_plate_init44_repeat1_success.json,0.39161927380603334,0.8041903630969833,0.19580963690301667,0.29394431421823564,0.8530278428908823,0.14697215710911782,0.1853590626302023,0.9073204686848988,0.09267953131510115,0.17646805187446885,0.9117659740627657,0.08823402593723442,0.1853590626302023,0.9073204686848988,0.09267953131510115,0.17646805187446885,0.9117659740627657,0.08823402593723442,0.15564813203244912,0.9221759339837754,0.07782406601622456,0.07718099181416072,0.9614095040929197,0.03859049590708036,0.15564813203244912,0.9221759339837754,0.07782406601622456,0.07718099181416072,0.9614095040929197,0.03859049590708036,0.03417544449614996,0.9829122777519251,0.01708772224807498,0.013351137167165038,0.9933244314164175,0.006675568583582519
belief,plate,45,0,True,87,54,67,72,8,11,12,62.0,0.5417419942989116,7.920995409159816,-0.07820620548861214,-0.027654640287771027,0.09174658695267326,0.3008369874196793,-0.02084820058957209,0.8,artifacts/goal_bowl_destination_steering_formal_t1_lambda2_combined/goal_bowl_destination_belief_plate_init45_repeat0_success.json,0.6063259089811944,0.6968370455094028,0.3031629544905972,0.5066225384697072,0.7466887307651464,0.2533112692348536,0.4653799051226837,0.767310047438658,0.23268995256134184,0.343665548639314,0.828167225680343,0.171832774319657,0.343665548639314,0.828167225680343,0.171832774319657,0.17390022502852825,0.9130498874857358,0.08695011251426413,0.10261375988997291,0.9486931200550135,0.05130687994498646,0.04097729481706032,0.9795113525914698,0.02048864740853016,0.17390022502852825,0.9130498874857358,0.08695011251426413,0.10261375988997291,0.9486931200550135,0.05130687994498646,0.04097729481706032,0.9795113525914698,0.02048864740853016,0.011282519121067354,0.9943587404394663,0.005641259560533677
belief,plate,45,1,True,85,53,66,71,8,11,12,61.0,0.5374271676218316,8.104842050800302,-0.07097999639067099,-0.045433876058150864,0.11845410445016114,0.3221486806203276,-0.01882138538271581,0.8,artifacts/goal_bowl_destination_steering_formal_t1_lambda2_combined/goal_bowl_destination_belief_plate_init45_repeat1_success.json,0.5855050517221233,0.7072474741389384,0.29275252586106165,0.4860037786579802,0.75699811067101,0.2430018893289901,0.4439855095909241,0.778007245204538,0.22199275479546204,0.2906512614293236,0.8546743692853381,0.1453256307146618,0.2906512614293236,0.8546743692853381,0.1453256307146618,0.22657603600597728,0.8867119819970113,0.11328801800298864,0.11680631346121947,0.9415968432693902,0.05840315673060974,0.0522652442282259,0.9738673778858871,0.02613262211411295,0.22657603600597728,0.8867119819970113,0.11328801800298864,0.11680631346121947,0.9415968432693902,0.05840315673060974,0.0522652442282259,0.9738673778858871,0.02613262211411295,0.011337059855781192,0.9943314700721094,0.005668529927890596
belief,plate,46,0,True,77,47,60,69,7,10,11,59.0,0.5031547991737911,10.309282925097843,-0.05275553165711209,0.03977417944466208,0.20923648487183663,0.3153343940517203,0.02442493854081282,0.5333333333333333,artifacts/goal_bowl_destination_steering_formal_t1_lambda2_combined/goal_bowl_destination_belief_plate_init46_repeat0_success.json,0.401457235797607,0.7992713821011965,0.2007286178988035,0.31456707618567087,0.8427164619071646,0.15728353809283543,0.2615599892344708,0.8692200053827647,0.1307799946172354,0.20905078646104422,0.895474606769478,0.10452539323052211,0.20905078646104422,0.895474606769478,0.10452539323052211,0.1633505567985419,0.918324721600729,0.08167527839927095,0.1260073336046018,0.936996333197699,0.0630036668023009,0.05585086696344774,0.9720745665182762,0.02792543348172387,0.1633505567985419,0.918324721600729,0.08167527839927095,0.1260073336046018,0.936996333197699,0.0630036668023009,0.05585086696344774,0.9720745665182762,0.02792543348172387,0.050294320774125774,0.9748528396129371,0.025147160387062887
belief,plate,46,1,True,77,47,58,68,7,9,11,58.0,0.49379871109659107,9.69190819874606,-0.06001793668826757,0.006560110357089136,0.16708510527959655,0.3127277922830223,0.005560080291152918,0.6,artifacts/goal_bowl_destination_steering_formal_t1_lambda2_combined/goal_bowl_destination_belief_plate_init46_repeat1_success.json,0.40847224656341535,0.7957638767182923,0.20423612328170768,0.2781851329892228,0.8609074335053886,0.1390925664946114,0.23511089453875803,0.882444552730621,0.11755544726937901,0.19429665434107127,0.9028516728294644,0.09714832717053563,0.23511089453875803,0.882444552730621,0.11755544726937901,0.19429665434107127,0.9028516728294644,0.09714832717053563,0.15476730379980586,0.9226163481000971,0.07738365189990293,0.10484383864151536,0.9475780806792423,0.05242191932075768,0.15476730379980586,0.9226163481000971,0.07738365189990293,0.10484383864151536,0.9475780806792423,0.05242191932075768,0.036491678036356535,0.9817541609818218,0.018245839018178268,0.03309631571509831,0.9834518421424507,0.016548157857549154
belief,plate,47,0,True,75,46,,64,7,,10,54.0,0.469182789266914,8.877784836788027,-0.05451039161687041,0.043897589438573685,0.23942742057748734,0.375297786677162,0.029876648694190718,0.5333333333333333,artifacts/goal_bowl_destination_steering_formal_t1_lambda2_combined/goal_bowl_destination_belief_plate_init47_repeat0_success.json,0.37892334397683985,0.81053832801158,0.18946167198841993,0.3088914158034579,0.8455542920982712,0.15444570790172896,0.27476077555186973,0.8626196122240651,0.13738038777593486,0.2197255890002984,0.8901372054998508,0.1098627945001492,nan,nan,nan,nan,nan,nan,nan,nan,nan,nan,nan,nan,0.2197255890002984,0.8901372054998508,0.1098627945001492,0.15609069399578598,0.9219546530021071,0.07804534699789299,0.08535355181381504,0.9573232240930925,0.04267677590690752,0.024074608928998483,0.9879626955355009,0.012037304464499242
belief,plate,47,1,True,70,44,55,64,6,9,10,54.0,0.477807566271613,8.802430003630144,-0.04774507209463203,0.06209888100874217,0.24988712898463078,0.28880612466586764,0.03552184678915703,0.5333333333333333,artifacts/goal_bowl_destination_steering_formal_t1_lambda2_combined/goal_bowl_destination_belief_plate_init47_repeat1_success.json,0.5577139218829997,0.7211430390585002,0.27885696094149987,0.49727800598592353,0.7513609970070383,0.24863900299296177,0.4462997644842656,0.776850117757867,0.2231498822421328,0.42849974679020164,0.7857501266048993,0.21424987339510082,0.42849974679020164,0.7857501266048993,0.21424987339510082,0.3357192408794665,0.8321403795602667,0.16785962043973324,0.19850597948611295,0.9007470102569435,0.09925298974305648,0.05771223289956482,0.9711438835502176,0.02885611644978241,0.3357192408794665,0.8321403795602667,0.16785962043973324,0.19850597948611295,0.9007470102569435,0.09925298974305648,0.05771223289956482,0.9711438835502176,0.02885611644978241,0.033543838729841964,0.983228080635079,0.016771919364920982
belief,plate,48,0,True,71,49,60,70,7,10,12,60.0,0.5348647705048848,9.361509551838349,0.04499151146639873,0.2881135577927083,0.3313257947137651,0.3313257947137651,0.14553066774489515,0.2,artifacts/goal_bowl_destination_steering_formal_t1_lambda2_combined/goal_bowl_destination_belief_plate_init48_repeat0_success.json,0.7041444564938861,0.6479277717530569,0.35207222824694306,0.6396870764285648,0.6801564617857176,0.3198435382142824,0.5606881256672864,0.7196559371663569,0.2803440628336432,0.5165843205804982,0.7417078397097511,0.2582921602902491,0.5165843205804982,0.7417078397097511,0.2582921602902491,0.38405474141559043,0.8079726292922047,0.19202737070779521,0.22718588509569024,0.8864070574521548,0.11359294254784512,0.08228702310900507,0.9588564884454975,0.041143511554502535,0.22718588509569024,0.8864070574521548,0.11359294254784512,0.08228702310900507,0.9588564884454975,0.041143511554502535,0.06684357982804005,0.9665782100859799,0.03342178991402003,nan,nan,nan
belief,plate,48,1,True,72,49,62,69,7,10,11,59.0,0.5200710623546333,9.071943820194198,-0.017731807307296708,0.17016431148933572,0.30813448792692666,0.30813448792692666,0.08709206160678652,0.3333333333333333,artifacts/goal_bowl_destination_steering_formal_t1_lambda2_combined/goal_bowl_destination_belief_plate_init48_repeat1_success.json,0.7086636606343387,0.6456681696828306,0.35433183031716936,0.6360415894220163,0.6819792052889918,0.31802079471100814,0.533052191812366,0.733473904093817,0.266526095906183,0.4823582650788513,0.7588208674605744,0.24117913253942566,0.4823582650788513,0.7588208674605744,0.24117913253942566,0.33758601567433,0.831206992162835,0.168793007837165,0.20106479172067002,0.899467604139665,0.10053239586033501,0.049861108315298046,0.9750694458423511,0.024930554157649023,0.33758601567433,0.831206992162835,0.168793007837165,0.20106479172067002,0.899467604139665,0.10053239586033501,0.049861108315298046,0.9750694458423511,0.024930554157649023,0.043513446011579575,0.9782432769942103,0.021756723005789787
belief,plate,49,0,True,75,48,61,69,7,10,11,59.0,0.5276586638793969,9.369634727081031,-0.035584481772801484,0.13892402521583982,0.3550382606431846,0.3910305669874034,0.07961466915038634,0.4,artifacts/goal_bowl_destination_steering_formal_t1_lambda2_combined/goal_bowl_destination_belief_plate_init49_repeat0_success.json,0.6423249607056187,0.6788375196471906,0.32116248035280937,0.5591654934644431,0.7204172532677784,0.27958274673222155,0.5269211130674284,0.7365394434662859,0.2634605565337142,0.5023497433628803,0.7488251283185599,0.25117487168144015,0.5023497433628803,0.7488251283185599,0.25117487168144015,0.29232664169928163,0.8538366791503591,0.14616332084964082,0.1695242773637149,0.9152378613181427,0.08476213868185745,0.05444958520267314,0.9727752073986634,0.02722479260133657,0.29232664169928163,0.8538366791503591,0.14616332084964082,0.1695242773637149,0.9152378613181427,0.08476213868185745,0.05444958520267314,0.9727752073986634,0.02722479260133657,0.03339775248034228,0.9833011237598288,0.01669887624017114
belief,plate,49,1,True,75,47,58,66,7,9,11,56.0,0.5040686662831217,9.094920580283038,-0.054481778597322054,0.021685918985272973,0.20799687036131784,0.36729468229690276,0.020153881196575553,0.6,artifacts/goal_bowl_destination_steering_formal_t1_lambda2_combined/goal_bowl_destination_belief_plate_init49_repeat1_success.json,0.6243984874026582,0.6878007562986709,0.3121992437013291,0.5785531285447362,0.7107234357276321,0.2892765642723681,0.5573763810294873,0.7213118094852563,0.27868819051474364,0.4995394135273689,0.7502302932363155,0.24976970676368446,0.5573763810294873,0.7213118094852563,0.27868819051474364,0.4995394135273689,0.7502302932363155,0.24976970676368446,0.3778400266485969,0.8110799866757015,0.18892001332429845,0.2102523173296832,0.8948738413351585,0.1051261586648416,0.3778400266485969,0.8110799866757015,0.18892001332429845,0.2102523173296832,0.8948738413351585,0.1051261586648416,0.04560992225239138,0.9771950388738044,0.02280496112619569,0.03868936263643034,0.9806553186817848,0.01934468131821517
belief,plate,4,0,True,85,54,78,74,8,13,12,64.0,0.4986710081027933,9.705281273687365,-0.037230701392511674,0.028046760025005123,0.2082793927689024,0.40748640764961813,0.030643312764986795,0.5333333333333333,artifacts/goal_bowl_destination_steering_formal_t1_lambda2_combined/goal_bowl_destination_belief_plate_init4_repeat0_success.json,0.2390979576575196,0.8804510211712403,0.1195489788287598,0.19879070754475847,0.9006046462276207,0.09939535377237924,0.17233444221429284,0.9138327788928536,0.08616722110714642,0.1489675553163618,0.9255162223418191,0.0744837776581809,0.06272641282216049,0.9686367935889196,0.031363206411080244,0.032533980222825956,0.983733009888587,0.016266990111412978,0.010122533092902283,0.9949387334535488,0.005061266546451141,0.009726636274501849,0.9951366818627491,0.004863318137250924,0.11502514987789456,0.9424874250610527,0.05751257493894728,0.06272641282216049,0.9686367935889196,0.031363206411080244,0.032533980222825956,0.983733009888587,0.016266990111412978,0.010122533092902283,0.9949387334535488,0.005061266546451141
belief,plate,4,1,True,84,55,68,74,9,11,12,64.0,0.47843239987924085,9.688398368030576,-0.06078348456806633,-0.01377308667420061,0.1827044551472918,0.38443335429652076,0.0063261854166187645,0.6666666666666666,artifacts/goal_bowl_destination_steering_formal_t1_lambda2_combined/goal_bowl_destination_belief_plate_init4_repeat1_success.json,0.1718684486383107,0.9140657756808446,0.08593422431915534,0.1543593724352798,0.9228203137823601,0.0771796862176399,0.1367538982954628,0.9316230508522686,0.0683769491477314,0.12746871603563908,0.9362656419821804,0.06373435801781954,0.1367538982954628,0.9316230508522686,0.0683769491477314,0.12746871603563908,0.9362656419821804,0.06373435801781954,0.08365346994652421,0.9581732650267379,0.04182673497326211,0.0512889568883304,0.9743555215558348,0.0256444784441652,0.12746871603563908,0.9362656419821804,0.06373435801781954,0.08365346994652421,0.9581732650267379,0.04182673497326211,0.0512889568883304,0.9743555215558348,0.0256444784441652,0.007137531908239946,0.9964312340458801,0.003568765954119973
belief,plate,5,0,True,73,47,56,69,7,9,11,59.0,0.49010249434670766,8.359086931947212,-0.00786087828924432,0.170009778379184,0.32296717476178105,0.32296717476178105,0.09490450573770774,0.3333333333333333,artifacts/goal_bowl_destination_steering_formal_t1_lambda2_combined/goal_bowl_destination_belief_plate_init5_repeat0_success.json,0.517041056442549,0.7414794717787254,0.2585205282212745,0.43451156133014074,0.7827442193349297,0.21725578066507037,0.4029619540655576,0.7985190229672211,0.2014809770327788,0.3399791226369712,0.8300104386815144,0.1699895613184856,0.4029619540655576,0.7985190229672211,0.2014809770327788,0.3399791226369712,0.8300104386815144,0.1699895613184856,0.21023838678521573,0.8948808066073921,0.10511919339260786,0.11534495093312687,0.9423275245334365,0.057672475466563435,0.21023838678521573,0.8948808066073921,0.10511919339260786,0.11534495093312687,0.9423275245334365,0.057672475466563435,0.022234802568384258,0.9888825987158077,0.011117401284192129,0.019987872070812124,0.9900060639645939,0.009993936035406062
belief,plate,5,1,True,74,48,57,70,7,9,12,60.0,0.5089104094400391,8.606694202771978,0.04209628133669383,0.17534016048366055,0.30431038738652405,0.30431038738652405,0.11138951886209376,0.13333333333333333,artifacts/goal_bowl_destination_steering_formal_t1_lambda2_combined/goal_bowl_destination_belief_plate_init5_repeat1_success.json,0.6204226159085688,0.6897886920457156,0.3102113079542844,0.45581509182395497,0.7720924540880226,0.22790754591197748,0.43358286533047835,0.7832085673347607,0.21679143266523918,0.399986244441575,0.8000068777792125,0.1999931222207875,0.43358286533047835,0.7832085673347607,0.21679143266523918,0.399986244441575,0.8000068777792125,0.1999931222207875,0.26749725703285704,0.8662513714835715,0.13374862851642852,0.1730833599776749,0.9134583200111626,0.08654167998883745,0.1730833599776749,0.9134583200111626,0.08654167998883745,0.05951749122684852,0.9702412543865757,0.02975874561342426,0.05532133572363838,0.9723393321381808,0.02766066786181919,nan,nan,nan
belief,plate,6,0,True,78,47,60,68,7,10,11,58.0,0.48317118969772527,9.501903479825607,-0.05660401244576404,0.004550656199435373,0.15989551604796995,0.30304838900441267,0.00399856553758166,0.6,artifacts/goal_bowl_destination_steering_formal_t1_lambda2_combined/goal_bowl_destination_belief_plate_init6_repeat0_success.json,0.35867984240873196,0.8206600787956341,0.17933992120436598,0.33830640408829576,0.8308467979558521,0.16915320204414788,0.31937494363505353,0.8403125281824732,0.15968747181752677,0.2616987769772415,0.8691506115113792,0.13084938848862074,0.2616987769772415,0.8691506115113792,0.13084938848862074,0.1614430562466964,0.9192784718766518,0.0807215281233482,0.09473337875123863,0.9526333106243806,0.04736668937561932,0.032416983399751666,0.9837915083001242,0.016208491699875833,0.1614430562466964,0.9192784718766518,0.0807215281233482,0.09473337875123863,0.9526333106243806,0.04736668937561932,0.032416983399751666,0.9837915083001242,0.016208491699875833,0.02225719857035719,0.9888714007148215,0.011128599285178595
belief,plate,6,1,True,74,44,55,63,6,9,10,53.0,0.4377522044697818,9.047058033154306,-0.0914450645448552,-0.06359255989606033,0.11582700374775887,0.30354975667357403,-0.032480492692122775,0.8,artifacts/goal_bowl_destination_steering_formal_t1_lambda2_combined/goal_bowl_destination_belief_plate_init6_repeat1_success.json,0.4276141884205362,0.786192905789732,0.2138070942102681,0.3212386283247722,0.8393806858376139,0.1606193141623861,0.2860217905592941,0.8569891047203531,0.14301089527964705,0.2571367279638535,0.8714316360180732,0.12856836398192675,0.2571367279638535,0.8714316360180732,0.12856836398192675,0.21874028214060434,0.8906298589296977,0.10937014107030217,0.11089783973532291,0.9445510801323386,0.055448919867661456,0.0398632397004138,0.9800683801497931,0.0199316198502069,0.21874028214060434,0.8906298589296977,0.10937014107030217,0.11089783973532291,0.9445510801323386,0.055448919867661456,0.0398632397004138,0.9800683801497931,0.0199316198502069,0.019119224842266115,0.9904403875788669,0.009559612421133058
belief,plate,7,0,True,75,46,69,66,7,11,11,56.0,0.49788616921214335,8.802504665625928,-0.08351427428792729,0.02624964787766928,0.221661998206936,0.33368439719680304,0.010827234818628708,0.6,artifacts/goal_bowl_destination_steering_formal_t1_lambda2_combined/goal_bowl_destination_belief_plate_init7_repeat0_success.json,0.5697491819110245,0.7151254090444878,0.28487459095551226,0.4025188283984162,0.7987405858007919,0.2012594141992081,0.36634125582527904,0.8168293720873605,0.18317062791263952,0.3570279788814788,0.8214860105592606,0.1785139894407394,0.23886426299318078,0.8805678685034095,0.11943213149659039,0.1441373460044198,0.9279313269977901,0.0720686730022099,0.03687989458828814,0.9815600527058559,0.01843994729414407,0.03551577827874555,0.9822421108606273,0.017757889139372776,0.23886426299318078,0.8805678685034095,0.11943213149659039,0.1441373460044198,0.9279313269977901,0.0720686730022099,0.03687989458828814,0.9815600527058559,0.01843994729414407,0.03551577827874555,0.9822421108606273,0.017757889139372776
belief,plate,7,1,True,68,46,57,67,7,9,11,57.0,0.5257914287043272,9.359679758377215,0.0809831661909785,0.2937094817333398,0.3314972891388148,0.3314972891388148,0.16291800068155432,0.0,artifacts/goal_bowl_destination_steering_formal_t1_lambda2_combined/goal_bowl_destination_belief_plate_init7_repeat1_success.json,0.733093894335109,0.6334530528324456,0.3665469471675545,0.5255322161785746,0.7372338919107126,0.2627661080892873,0.4958275950190611,0.7520862024904695,0.24791379750953055,0.44376890530842233,0.7781155473457888,0.22188445265421117,0.4958275950190611,0.7520862024904695,0.24791379750953055,0.44376890530842233,0.7781155473457888,0.22188445265421117,0.2764149391071216,0.8617925304464392,0.1382074695535608,0.14034629896161938,0.9298268505191903,0.07017314948080969,0.2764149391071216,0.8617925304464392,0.1382074695535608,0.14034629896161938,0.9298268505191903,0.07017314948080969,0.06888563900074027,0.9655571804996299,0.034442819500370134,nan,nan,nan
belief,plate,8,0,True,73,45,55,65,7,9,11,55.0,0.5117332442768866,9.013385955949333,0.00713501355063495,0.1299031119639463,0.3243909015864505,0.4108181436653794,0.09150716689501658,0.26666666666666666,artifacts/goal_bowl_destination_steering_formal_t1_lambda2_combined/goal_bowl_destination_belief_plate_init8_repeat0_success.json,0.3524035276990251,0.8237982361504874,0.17620176384951255,0.27932524960832794,0.8603373751958361,0.13966262480416397,0.26610504985467764,0.8669474750726611,0.13305252492733882,0.23865313034115437,0.8806734348294227,0.11932656517057719,0.26610504985467764,0.8669474750726611,0.13305252492733882,0.23865313034115437,0.8806734348294227,0.11932656517057719,0.1640798073899978,0.917960096305001,0.0820399036949989,0.08234990496527357,0.9588250475173633,0.041174952482636785,0.1640798073899978,0.917960096305001,0.0820399036949989,0.08234990496527357,0.9588250475173633,0.041174952482636785,0.06278094070845133,0.9686095296457744,0.031390470354225666,0.059012440566568874,0.9704937797167156,0.029506220283284437
belief,plate,8,1,True,71,45,55,65,7,9,11,55.0,0.4999955061092527,8.940388722299362,0.0018032511470251324,0.15260122690800185,0.3541445962738083,0.3834011630900532,0.09797435437345173,0.26666666666666666,artifacts/goal_bowl_destination_steering_formal_t1_lambda2_combined/goal_bowl_destination_belief_plate_init8_repeat1_success.json,0.48346089979310486,0.7582695501034477,0.24173044989655243,0.36817593679037447,0.8159120316048127,0.18408796839518723,0.3470065323312908,0.8264967338343546,0.1735032661656454,0.3029829542221569,0.8485085228889215,0.15149147711107844,0.3470065323312908,0.8264967338343546,0.1735032661656454,0.3029829542221569,0.8485085228889215,0.15149147711107844,0.1654777693584122,0.9172611153207938,0.0827388846792061,0.05312547451466732,0.9734372627426664,0.02656273725733366,0.1654777693584122,0.9172611153207938,0.0827388846792061,0.05312547451466732,0.9734372627426664,0.02656273725733366,0.04338555463392221,0.9783072226830389,0.021692777316961107,0.04304971919632726,0.9784751404018363,0.02152485959816363
belief,plate,9,0,True,74,49,59,70,7,9,12,60.0,0.49816246071341547,9.6700577723614,-0.01766424633518706,0.19119775746848228,0.38160731576207996,0.38160731576207996,0.1030435289943459,0.3333333333333333,artifacts/goal_bowl_destination_steering_formal_t1_lambda2_combined/goal_bowl_destination_belief_plate_init9_repeat0_success.json,0.7346102012950634,0.6326948993524684,0.3673051006475317,0.5016484995938645,0.7491757502030678,0.25082424979693224,0.45093635773080265,0.7745318211345987,0.22546817886540133,0.438614084705949,0.7806929576470254,0.2193070423529745,0.45093635773080265,0.7745318211345987,0.22546817886540133,0.438614084705949,0.7806929576470254,0.2193070423529745,0.3525389028321304,0.8237305485839348,0.1762694514160652,0.1801946108932182,0.9099026945533909,0.0900973054466091,0.1801946108932182,0.9099026945533909,0.0900973054466091,0.07921110646595585,0.9603944467670221,0.03960555323297792,0.01658516496041731,0.9917074175197914,0.008292582480208656,nan,nan,nan
belief,plate,9,1,True,118,49,59,109,7,9,19,99.0,0.7829508731536687,23.38451668572966,-0.05546046081883504,0.014859936235896303,0.23882335681522138,0.40250765143227296,0.024201600278750172,0.6,artifacts/goal_bowl_destination_steering_formal_t1_lambda2_combined/goal_bowl_destination_belief_plate_init9_repeat1_success.json,0.7661395935292687,0.6169302032353656,0.3830697967646344,0.6236462795885089,0.6881768602057454,0.31182313979425447,0.5220271583353491,0.7389864208323255,0.26101357916767454,0.5083484454881677,0.7458257772559163,0.25417422274408386,0.5220271583353491,0.7389864208323255,0.26101357916767454,0.5083484454881677,0.7458257772559163,0.25417422274408386,0.40081294262351824,0.7995935286882409,0.20040647131175912,0.33458055935851444,0.8327097203207428,0.16729027967925722,0.15116288885318083,0.9244185555734097,0.07558144442659041,0.1077072285855101,0.946146385707245,0.05385361429275505,0.05077532059976797,0.9746123397001161,0.025387660299883985,0.013561580318670939,0.9932192098406646,0.006780790159335469
time_decay,cabinet,0,0,True,85,40,49,58,6,7,9,48.0,0.4162864721786984,6.573881410650014,0.13471403150400493,0.335285446513238,0.5727678917570925,0.7970402752475647,0.24418316510367535,0.0,artifacts/goal_bowl_destination_steering_formal_t1_lambda2_combined/goal_bowl_destination_time_decay_cabinet_init0_repeat0_success.json,0.531441,nan,nan,0.4782969000000001,nan,nan,0.4304672100000001,nan,nan,0.3874204890000001,nan,nan,0.4782969000000001,nan,nan,0.4304672100000001,nan,nan,0.3874204890000001,nan,nan,0.3486784401000001,nan,nan,0.3874204890000001,nan,nan,0.3486784401000001,nan,nan,0.31381059609000006,nan,nan,0.2824295364810001,nan,nan
time_decay,cabinet,0,1,True,86,41,52,60,6,8,10,50.0,0.42601691812747894,6.953485878072525,0.13246356653954947,0.3361240134420608,0.5673916987246544,0.7845694215970431,0.2425886596431211,0.0,artifacts/goal_bowl_destination_steering_formal_t1_lambda2_combined/goal_bowl_destination_time_decay_cabinet_init0_repeat1_success.json,0.531441,nan,nan,0.4782969000000001,nan,nan,0.4304672100000001,nan,nan,0.3874204890000001,nan,nan,0.4304672100000001,nan,nan,0.3874204890000001,nan,nan,0.3486784401000001,nan,nan,0.31381059609000006,nan,nan,0.3486784401000001,nan,nan,0.31381059609000006,nan,nan,0.2824295364810001,nan,nan,0.2541865828329001,nan,nan
time_decay,cabinet,10,0,True,83,40,58,61,6,9,10,51.0,0.4333936042861416,7.8112869960843785,0.19571211737510613,0.4609867255883067,0.7523065733582568,0.9809129645101147,0.3323225529332299,0.0,artifacts/goal_bowl_destination_steering_formal_t1_lambda2_combined/goal_bowl_destination_time_decay_cabinet_init10_repeat0_success.json,0.531441,nan,nan,0.4782969000000001,nan,nan,0.4304672100000001,nan,nan,0.3874204890000001,nan,nan,0.3874204890000001,nan,nan,0.3486784401000001,nan,nan,0.31381059609000006,nan,nan,0.2824295364810001,nan,nan,0.3486784401000001,nan,nan,0.31381059609000006,nan,nan,0.2824295364810001,nan,nan,0.2541865828329001,nan,nan
time_decay,cabinet,10,1,True,81,40,53,60,6,8,10,50.0,0.42462930660524995,7.501389961766383,0.21109153409168285,0.4860075088683032,0.7782009075643964,1.0039908397244732,0.34951292067538936,0.0,artifacts/goal_bowl_destination_steering_formal_t1_lambda2_combined/goal_bowl_destination_time_decay_cabinet_init10_repeat1_success.json,0.531441,nan,nan,0.4782969000000001,nan,nan,0.4304672100000001,nan,nan,0.3874204890000001,nan,nan,0.4304672100000001,nan,nan,0.3874204890000001,nan,nan,0.3486784401000001,nan,nan,0.31381059609000006,nan,nan,0.3486784401000001,nan,nan,0.31381059609000006,nan,nan,0.2824295364810001,nan,nan,0.2541865828329001,nan,nan
time_decay,cabinet,11,0,True,109,35,,89,5,,15,79.0,0.6375882025827229,16.32288364808618,0.19124245110311075,0.4374451590592268,0.7149403644602057,0.9294468675479562,0.31701042433803817,0.0,artifacts/goal_bowl_destination_steering_formal_t1_lambda2_combined/goal_bowl_destination_time_decay_cabinet_init11_repeat0_success.json,0.5904900000000001,nan,nan,0.531441,nan,nan,0.4782969000000001,nan,nan,0.4304672100000001,nan,nan,nan,nan,nan,nan,nan,nan,nan,nan,nan,nan,nan,nan,0.20589113209464907,nan,nan,0.18530201888518416,nan,nan,0.16677181699666577,nan,nan,0.15009463529699918,nan,nan
time_decay,cabinet,11,1,True,116,38,117,91,5,21,16,81.0,0.6204982755254491,19.991239589482795,0.16755283404841523,0.3736150544556657,0.6550598949371217,0.9015219414445572,0.28298257148578027,0.0,artifacts/goal_bowl_destination_steering_formal_t1_lambda2_combined/goal_bowl_destination_time_decay_cabinet_init11_repeat1_success.json,0.5904900000000001,nan,nan,0.531441,nan,nan,0.4782969000000001,nan,nan,0.4304672100000001,nan,nan,0.10941898913151242,nan,nan,0.09847709021836118,nan,nan,0.08862938119652507,nan,nan,nan,nan,nan,0.18530201888518416,nan,nan,0.16677181699666577,nan,nan,0.15009463529699918,nan,nan,0.13508517176729928,nan,nan
time_decay,cabinet,12,0,True,82,37,55,55,5,9,9,45.0,0.43306029454423767,7.938497929520997,0.17169547298665958,0.4127262928928032,0.6800455736540307,0.90374529187863,0.2980312519376233,0.0,artifacts/goal_bowl_destination_steering_formal_t1_lambda2_combined/goal_bowl_destination_time_decay_cabinet_init12_repeat0_success.json,0.5904900000000001,nan,nan,0.531441,nan,nan,0.4782969000000001,nan,nan,0.4304672100000001,nan,nan,0.3874204890000001,nan,nan,0.3486784401000001,nan,nan,0.31381059609000006,nan,nan,0.2824295364810001,nan,nan,0.3874204890000001,nan,nan,0.3486784401000001,nan,nan,0.31381059609000006,nan,nan,0.2824295364810001,nan,nan
time_decay,cabinet,12,1,True,85,37,56,55,5,9,9,45.0,0.4363118608036834,7.710785510352455,0.172477737150986,0.4038784631428191,0.6624319273778168,0.8764866387348151,0.2928898845828074,0.0,artifacts/goal_bowl_destination_steering_formal_t1_lambda2_combined/goal_bowl_destination_time_decay_cabinet_init12_repeat1_success.json,0.5904900000000001,nan,nan,0.531441,nan,nan,0.4782969000000001,nan,nan,0.4304672100000001,nan,nan,0.3874204890000001,nan,nan,0.3486784401000001,nan,nan,0.31381059609000006,nan,nan,0.2824295364810001,nan,nan,0.3874204890000001,nan,nan,0.3486784401000001,nan,nan,0.31381059609000006,nan,nan,0.2824295364810001,nan,nan
time_decay,cabinet,13,0,True,76,35,47,54,5,7,8,44.0,0.41810345059643994,7.109667667969601,0.17803896429661448,0.4106146503501793,0.6615202961164262,0.8593382593652334,0.296911522735843,0.0,artifacts/goal_bowl_destination_steering_formal_t1_lambda2_combined/goal_bowl_destination_time_decay_cabinet_init13_repeat0_success.json,0.5904900000000001,nan,nan,0.531441,nan,nan,0.4782969000000001,nan,nan,0.4304672100000001,nan,nan,0.4782969000000001,nan,nan,0.4304672100000001,nan,nan,0.3874204890000001,nan,nan,0.3486784401000001,nan,nan,0.4304672100000001,nan,nan,0.3874204890000001,nan,nan,0.3486784401000001,nan,nan,0.31381059609000006,nan,nan
time_decay,cabinet,13,1,True,72,35,45,54,5,7,8,44.0,0.41270863282235015,6.939220683000371,0.17490288581008764,0.41426655370760374,0.6706951022665614,0.8685226651566501,0.2979539412068113,0.0,artifacts/goal_bowl_destination_steering_formal_t1_lambda2_combined/goal_bowl_destination_time_decay_cabinet_init13_repeat1_success.json,0.5904900000000001,nan,nan,0.531441,nan,nan,0.4782969000000001,nan,nan,0.4304672100000001,nan,nan,0.4782969000000001,nan,nan,0.4304672100000001,nan,nan,0.3874204890000001,nan,nan,0.3486784401000001,nan,nan,0.4304672100000001,nan,nan,0.3874204890000001,nan,nan,0.3486784401000001,nan,nan,0.31381059609000006,nan,nan
time_decay,cabinet,14,0,True,85,40,76,58,6,13,9,48.0,0.4120557547348211,6.8955333446292055,0.17718665855005133,0.41746208171858484,0.6947104367675725,0.9372342187202651,0.30427735258542227,0.0,artifacts/goal_bowl_destination_steering_formal_t1_lambda2_combined/goal_bowl_destination_time_decay_cabinet_init14_repeat0_success.json,0.531441,nan,nan,0.4782969000000001,nan,nan,0.4304672100000001,nan,nan,0.3874204890000001,nan,nan,0.2541865828329001,nan,nan,0.2287679245496101,nan,nan,0.20589113209464907,nan,nan,0.18530201888518416,nan,nan,0.3874204890000001,nan,nan,0.3486784401000001,nan,nan,0.31381059609000006,nan,nan,0.2824295364810001,nan,nan
time_decay,cabinet,14,1,True,77,40,62,59,6,10,9,49.0,0.4152268139047245,7.053595102292084,0.19706058764247736,0.45894802955051106,0.7605278520571074,1.0018852738423347,0.33389626662311145,0.0,artifacts/goal_bowl_destination_steering_formal_t1_lambda2_combined/goal_bowl_destination_time_decay_cabinet_init14_repeat1_success.json,0.531441,nan,nan,0.4782969000000001,nan,nan,0.4304672100000001,nan,nan,0.3874204890000001,nan,nan,0.3486784401000001,nan,nan,0.31381059609000006,nan,nan,0.2824295364810001,nan,nan,0.2541865828329001,nan,nan,0.3874204890000001,nan,nan,0.3486784401000001,nan,nan,0.31381059609000006,nan,nan,0.2824295364810001,nan,nan
time_decay,cabinet,15,0,True,77,35,46,53,5,7,8,43.0,0.41815240109924295,7.3626898880747005,0.2045020760885718,0.4673424381484986,0.7327835357944825,0.9351236256467836,0.33409808557039977,0.0,artifacts/goal_bowl_destination_steering_formal_t1_lambda2_combined/goal_bowl_destination_time_decay_cabinet_init15_repeat0_success.json,0.5904900000000001,nan,nan,0.531441,nan,nan,0.4782969000000001,nan,nan,0.4304672100000001,nan,nan,0.4782969000000001,nan,nan,0.4304672100000001,nan,nan,0.3874204890000001,nan,nan,0.3486784401000001,nan,nan,0.4304672100000001,nan,nan,0.3874204890000001,nan,nan,0.3486784401000001,nan,nan,0.31381059609000006,nan,nan
time_decay,cabinet,15,1,True,75,35,47,53,5,7,8,43.0,0.41391187498707865,6.786814815563589,0.18529619103569925,0.4223296088682944,0.6884208769862546,0.9052526908024777,0.3074550216863278,0.0,artifacts/goal_bowl_destination_steering_formal_t1_lambda2_combined/goal_bowl_destination_time_decay_cabinet_init15_repeat1_success.json,0.5904900000000001,nan,nan,0.531441,nan,nan,0.4782969000000001,nan,nan,0.4304672100000001,nan,nan,0.4782969000000001,nan,nan,0.4304672100000001,nan,nan,0.3874204890000001,nan,nan,0.3486784401000001,nan,nan,0.4304672100000001,nan,nan,0.3874204890000001,nan,nan,0.3486784401000001,nan,nan,0.31381059609000006,nan,nan
time_decay,cabinet,16,0,True,80,34,47,54,4,7,8,44.0,0.3925018606718505,7.315051390531999,0.18254312823429883,0.41685519466952614,0.6803758877257234,0.8894458488338269,0.303722766177581,0.0,artifacts/goal_bowl_destination_steering_formal_t1_lambda2_combined/goal_bowl_destination_time_decay_cabinet_init16_repeat0_success.json,0.6561,nan,nan,0.5904900000000001,nan,nan,0.531441,nan,nan,0.4782969000000001,nan,nan,0.4782969000000001,nan,nan,0.4304672100000001,nan,nan,0.3874204890000001,nan,nan,0.3486784401000001,nan,nan,0.4304672100000001,nan,nan,0.3874204890000001,nan,nan,0.3486784401000001,nan,nan,0.31381059609000006,nan,nan
time_decay,cabinet,16,1,True,105,34,45,89,4,7,15,79.0,0.633146385301579,16.08811663414508,0.15667770396316846,0.3634550884972308,0.6177476328361442,0.8467325343766036,0.26822421548431624,0.0,artifacts/goal_bowl_destination_steering_formal_t1_lambda2_combined/goal_bowl_destination_time_decay_cabinet_init16_repeat1_success.json,0.6561,nan,nan,0.5904900000000001,nan,nan,0.531441,nan,nan,0.4782969000000001,nan,nan,0.4782969000000001,nan,nan,0.4304672100000001,nan,nan,0.3874204890000001,nan,nan,0.3486784401000001,nan,nan,0.20589113209464907,nan,nan,0.18530201888518416,nan,nan,0.16677181699666577,nan,nan,0.15009463529699918,nan,nan
time_decay,cabinet,17,0,True,114,39,83,90,5,14,16,80.0,0.5297133395319547,21.635760932433026,0.19573655220933797,0.4425843649186908,0.7259418318282652,0.9640737142822798,0.32363619510500996,0.0,artifacts/goal_bowl_destination_steering_formal_t1_lambda2_combined/goal_bowl_destination_time_decay_cabinet_init17_repeat0_success.json,0.5904900000000001,nan,nan,0.531441,nan,nan,0.4782969000000001,nan,nan,0.4304672100000001,nan,nan,0.2287679245496101,nan,nan,0.20589113209464907,nan,nan,0.18530201888518416,nan,nan,0.16677181699666577,nan,nan,0.18530201888518416,nan,nan,0.16677181699666577,nan,nan,0.15009463529699918,nan,nan,0.13508517176729928,nan,nan
time_decay,cabinet,17,1,True,108,38,87,87,5,15,15,77.0,0.5557437971028317,14.8549745359824,0.1811552804724118,0.3989965207899057,0.6911131508921804,0.937969193906773,0.30062221972451164,0.0,artifacts/goal_bowl_destination_steering_formal_t1_lambda2_combined/goal_bowl_destination_time_decay_cabinet_init17_repeat1_success.json,0.5904900000000001,nan,nan,0.531441,nan,nan,0.4782969000000001,nan,nan,0.4304672100000001,nan,nan,0.20589113209464907,nan,nan,0.18530201888518416,nan,nan,0.16677181699666577,nan,nan,0.15009463529699918,nan,nan,0.20589113209464907,nan,nan,0.18530201888518416,nan,nan,0.16677181699666577,nan,nan,0.15009463529699918,nan,nan
time_decay,cabinet,18,0,True,84,43,54,61,6,8,10,51.0,0.4530167052074474,8.211956639152861,0.2482336267496431,0.5262153866048462,0.7946107407194996,1.0058568894219995,0.37778262328067536,0.0,artifacts/goal_bowl_destination_steering_formal_t1_lambda2_combined/goal_bowl_destination_time_decay_cabinet_init18_repeat0_success.json,0.531441,nan,nan,0.4782969000000001,nan,nan,0.4304672100000001,nan,nan,0.3874204890000001,nan,nan,0.4304672100000001,nan,nan,0.3874204890000001,nan,nan,0.3486784401000001,nan,nan,0.31381059609000006,nan,nan,0.3486784401000001,nan,nan,0.31381059609000006,nan,nan,0.2824295364810001,nan,nan,0.2541865828329001,nan,nan
time_decay,cabinet,18,1,True,84,43,53,61,6,8,10,51.0,0.4569777887334135,8.462674107883355,0.2631377109410361,0.5434431716863161,0.8097883132030542,1.0056428913924198,0.3915920361045617,0.0,artifacts/goal_bowl_destination_steering_formal_t1_lambda2_combined/goal_bowl_destination_time_decay_cabinet_init18_repeat1_success.json,0.531441,nan,nan,0.4782969000000001,nan,nan,0.4304672100000001,nan,nan,0.3874204890000001,nan,nan,0.4304672100000001,nan,nan,0.3874204890000001,nan,nan,0.3486784401000001,nan,nan,0.31381059609000006,nan,nan,0.3486784401000001,nan,nan,0.31381059609000006,nan,nan,0.2824295364810001,nan,nan,0.2541865828329001,nan,nan
time_decay,cabinet,19,0,True,76,35,47,53,5,7,8,43.0,0.3999328981811479,6.959410743149178,0.19768700609035192,0.4643619442820864,0.7494156748490096,0.9763471839790062,0.33348837069127,0.0,artifacts/goal_bowl_destination_steering_formal_t1_lambda2_combined/goal_bowl_destination_time_decay_cabinet_init19_repeat0_success.json,0.5904900000000001,nan,nan,0.531441,nan,nan,0.4782969000000001,nan,nan,0.4304672100000001,nan,nan,0.4782969000000001,nan,nan,0.4304672100000001,nan,nan,0.3874204890000001,nan,nan,0.3486784401000001,nan,nan,0.4304672100000001,nan,nan,0.3874204890000001,nan,nan,0.3486784401000001,nan,nan,0.31381059609000006,nan,nan
time_decay,cabinet,19,1,True,76,36,50,55,5,8,9,45.0,0.40149841750811605,6.895323640421728,0.17521419117418455,0.3808204106367464,0.6612213059073132,0.8973655638543984,0.2890225294095685,0.0,artifacts/goal_bowl_destination_steering_formal_t1_lambda2_combined/goal_bowl_destination_time_decay_cabinet_init19_repeat1_success.json,0.5904900000000001,nan,nan,0.531441,nan,nan,0.4782969000000001,nan,nan,0.4304672100000001,nan,nan,0.4304672100000001,nan,nan,0.3874204890000001,nan,nan,0.3486784401000001,nan,nan,0.31381059609000006,nan,nan,0.3874204890000001,nan,nan,0.3486784401000001,nan,nan,0.31381059609000006,nan,nan,0.2824295364810001,nan,nan
time_decay,cabinet,1,0,True,78,36,84,56,5,14,9,46.0,0.410626091373674,7.118919966661754,0.20664246414311824,0.4675753285424345,0.7521915449940464,0.9955045837414658,0.33916586728458065,0.0,artifacts/goal_bowl_destination_steering_formal_t1_lambda2_combined/goal_bowl_destination_time_decay_cabinet_init1_repeat0_success.json,0.5904900000000001,nan,nan,0.531441,nan,nan,0.4782969000000001,nan,nan,0.4304672100000001,nan,nan,0.2287679245496101,nan,nan,0.20589113209464907,nan,nan,nan,nan,nan,nan,nan,nan,0.3874204890000001,nan,nan,0.3486784401000001,nan,nan,0.31381059609000006,nan,nan,0.2824295364810001,nan,nan
time_decay,cabinet,1,1,True,79,38,81,57,5,14,9,47.0,0.41631482300351164,7.002163341233811,0.20322220275529046,0.46220553212418297,0.7496803390124666,0.9846307377401531,0.3360880788114438,0.0,artifacts/goal_bowl_destination_steering_formal_t1_lambda2_combined/goal_bowl_destination_time_decay_cabinet_init1_repeat1_success.json,0.5904900000000001,nan,nan,0.531441,nan,nan,0.4782969000000001,nan,nan,0.4304672100000001,nan,nan,0.2287679245496101,nan,nan,0.20589113209464907,nan,nan,nan,nan,nan,nan,nan,nan,0.3874204890000001,nan,nan,0.3486784401000001,nan,nan,0.31381059609000006,nan,nan,0.2824295364810001,nan,nan
time_decay,cabinet,20,0,True,78,35,51,53,5,8,8,43.0,0.4307438202364178,7.7345945872602,0.18715321710578997,0.4341849803175949,0.7083647719476386,0.9440966394399813,0.3150801557379412,0.0,artifacts/goal_bowl_destination_steering_formal_t1_lambda2_combined/goal_bowl_destination_time_decay_cabinet_init20_repeat0_success.json,0.5904900000000001,nan,nan,0.531441,nan,nan,0.4782969000000001,nan,nan,0.4304672100000001,nan,nan,0.4304672100000001,nan,nan,0.3874204890000001,nan,nan,0.3486784401000001,nan,nan,0.31381059609000006,nan,nan,0.4304672100000001,nan,nan,0.3874204890000001,nan,nan,0.3486784401000001,nan,nan,0.31381059609000006,nan,nan
time_decay,cabinet,20,1,True,82,36,56,55,5,9,9,45.0,0.4280570067660491,8.019568196168347,0.19018806357554527,0.41740474765271124,0.6928626393732086,0.9344930314746546,0.3093303343485637,0.0,artifacts/goal_bowl_destination_steering_formal_t1_lambda2_combined/goal_bowl_destination_time_decay_cabinet_init20_repeat1_success.json,0.5904900000000001,nan,nan,0.531441,nan,nan,0.4782969000000001,nan,nan,0.4304672100000001,nan,nan,0.3874204890000001,nan,nan,0.3486784401000001,nan,nan,0.31381059609000006,nan,nan,0.2824295364810001,nan,nan,0.3874204890000001,nan,nan,0.3486784401000001,nan,nan,0.31381059609000006,nan,nan,0.2824295364810001,nan,nan
time_decay,cabinet,21,0,True,77,39,52,57,5,8,9,47.0,0.42882068762874703,7.8033434591637985,0.218315464583957,0.4972808858132931,0.7916671208839278,1.0152682520205503,0.3579505156876138,0.0,artifacts/goal_bowl_destination_steering_formal_t1_lambda2_combined/goal_bowl_destination_time_decay_cabinet_init21_repeat0_success.json,0.5904900000000001,nan,nan,0.531441,nan,nan,0.4782969000000001,nan,nan,0.4304672100000001,nan,nan,0.4304672100000001,nan,nan,0.3874204890000001,nan,nan,0.3486784401000001,nan,nan,0.31381059609000006,nan,nan,0.3874204890000001,nan,nan,0.3486784401000001,nan,nan,0.31381059609000006,nan,nan,0.2824295364810001,nan,nan
time_decay,cabinet,21,1,True,77,40,52,57,6,8,9,47.0,0.43270043411872866,7.87251212766145,0.23465440455246048,0.5166708375123776,0.785237830605414,0.9876046948844825,0.3679820334140836,0.0,artifacts/goal_bowl_destination_steering_formal_t1_lambda2_combined/goal_bowl_destination_time_decay_cabinet_init21_repeat1_success.json,0.531441,nan,nan,0.4782969000000001,nan,nan,0.4304672100000001,nan,nan,0.3874204890000001,nan,nan,0.4304672100000001,nan,nan,0.3874204890000001,nan,nan,0.3486784401000001,nan,nan,0.31381059609000006,nan,nan,0.3874204890000001,nan,nan,0.3486784401000001,nan,nan,0.31381059609000006,nan,nan,0.2824295364810001,nan,nan
time_decay,cabinet,22,0,True,105,38,72,78,5,12,13,68.0,0.4547666926468444,12.730315079683482,0.19493560856055012,0.41421949642554917,0.6929798224641667,0.9446248362822459,0.3115817105971518,0.0,artifacts/goal_bowl_destination_steering_formal_t1_lambda2_combined/goal_bowl_destination_time_decay_cabinet_init22_repeat0_success.json,0.5904900000000001,nan,nan,0.531441,nan,nan,0.4782969000000001,nan,nan,0.4304672100000001,nan,nan,0.2824295364810001,nan,nan,0.2541865828329001,nan,nan,0.2287679245496101,nan,nan,0.20589113209464907,nan,nan,0.2541865828329001,nan,nan,0.2287679245496101,nan,nan,0.20589113209464907,nan,nan,0.18530201888518416,nan,nan
time_decay,cabinet,22,1,False,300,39,36,83,5,5,14,73.0,0.454898242742424,16.503976081990526,0.2116793490919849,0.4676335871784157,0.741563145463746,0.8622803738074915,0.3375956158379643,0.0,artifacts/goal_bowl_destination_steering_formal_t1_lambda2_combined/goal_bowl_destination_time_decay_cabinet_init22_repeat1_failure.json,0.5904900000000001,nan,nan,0.531441,nan,nan,0.4782969000000001,nan,nan,0.4304672100000001,nan,nan,0.5904900000000001,nan,nan,0.531441,nan,nan,0.4782969000000001,nan,nan,0.4304672100000001,nan,nan,0.2287679245496101,nan,nan,0.20589113209464907,nan,nan,0.18530201888518416,nan,nan,0.16677181699666577,nan,nan
time_decay,cabinet,23,0,True,78,41,52,59,6,8,9,49.0,0.406882334767349,8.03060464688157,0.2611219449446938,0.5454323290965367,0.8159663951489047,1.015945658911377,0.3926175041114866,0.0,artifacts/goal_bowl_destination_steering_formal_t1_lambda2_combined/goal_bowl_destination_time_decay_cabinet_init23_repeat0_success.json,0.531441,nan,nan,0.4782969000000001,nan,nan,0.4304672100000001,nan,nan,0.3874204890000001,nan,nan,0.4304672100000001,nan,nan,0.3874204890000001,nan,nan,0.3486784401000001,nan,nan,0.31381059609000006,nan,nan,0.3874204890000001,nan,nan,0.3486784401000001,nan,nan,0.31381059609000006,nan,nan,0.2824295364810001,nan,nan
time_decay,cabinet,23,1,True,81,41,52,59,6,8,9,49.0,0.4031122962212179,7.7002863037969105,0.23313678928964818,0.5097070873940072,0.7840838277418356,0.9968292313125091,0.3662387910196771,0.0,artifacts/goal_bowl_destination_steering_formal_t1_lambda2_combined/goal_bowl_destination_time_decay_cabinet_init23_repeat1_success.json,0.531441,nan,nan,0.4782969000000001,nan,nan,0.4304672100000001,nan,nan,0.3874204890000001,nan,nan,0.4304672100000001,nan,nan,0.3874204890000001,nan,nan,0.3486784401000001,nan,nan,0.31381059609000006,nan,nan,0.3874204890000001,nan,nan,0.3486784401000001,nan,nan,0.31381059609000006,nan,nan,0.2824295364810001,nan,nan
time_decay,cabinet,24,0,True,106,35,78,86,5,13,15,76.0,0.5928492374018189,15.297181121186675,0.21101272538189322,0.47263952422829875,0.7425346628248238,0.9503501861055645,0.3399102004865989,0.0,artifacts/goal_bowl_destination_steering_formal_t1_lambda2_combined/goal_bowl_destination_time_decay_cabinet_init24_repeat0_success.json,0.5904900000000001,nan,nan,0.531441,nan,nan,0.4782969000000001,nan,nan,0.4304672100000001,nan,nan,0.2541865828329001,nan,nan,0.2287679245496101,nan,nan,0.20589113209464907,nan,nan,0.18530201888518416,nan,nan,0.20589113209464907,nan,nan,0.18530201888518416,nan,nan,0.16677181699666577,nan,nan,0.15009463529699918,nan,nan
time_decay,cabinet,24,1,True,105,35,75,84,5,13,14,74.0,0.5984410677531294,14.505400659278106,0.2039146741797568,0.4639177241765002,0.7415400809139802,0.9496754436400903,0.33454357925536055,0.0,artifacts/goal_bowl_destination_steering_formal_t1_lambda2_combined/goal_bowl_destination_time_decay_cabinet_init24_repeat1_success.json,0.5904900000000001,nan,nan,0.531441,nan,nan,0.4782969000000001,nan,nan,0.4304672100000001,nan,nan,0.2541865828329001,nan,nan,0.2287679245496101,nan,nan,0.20589113209464907,nan,nan,0.18530201888518416,nan,nan,0.2287679245496101,nan,nan,0.20589113209464907,nan,nan,0.18530201888518416,nan,nan,0.16677181699666577,nan,nan
time_decay,cabinet,25,0,True,79,40,,58,6,,9,48.0,0.4604701123871708,7.8766983218030395,0.22305568415871507,0.484166532047927,0.7661941774306893,0.9970327579339934,0.35316119860135936,0.0,artifacts/goal_bowl_destination_steering_formal_t1_lambda2_combined/goal_bowl_destination_time_decay_cabinet_init25_repeat0_success.json,0.531441,nan,nan,0.4782969000000001,nan,nan,0.4304672100000001,nan,nan,0.3874204890000001,nan,nan,nan,nan,nan,nan,nan,nan,nan,nan,nan,nan,nan,nan,0.3874204890000001,nan,nan,0.3486784401000001,nan,nan,0.31381059609000006,nan,nan,0.2824295364810001,nan,nan
time_decay,cabinet,25,1,True,79,40,84,59,6,14,9,49.0,0.47171458440256037,8.223796598714177,0.2247159973461209,0.4934247316760698,0.7757585058725074,0.9955611618794895,0.3572582416241725,0.0,artifacts/goal_bowl_destination_steering_formal_t1_lambda2_combined/goal_bowl_destination_time_decay_cabinet_init25_repeat1_success.json,0.531441,nan,nan,0.4782969000000001,nan,nan,0.4304672100000001,nan,nan,0.3874204890000001,nan,nan,0.2287679245496101,nan,nan,0.20589113209464907,nan,nan,nan,nan,nan,nan,nan,nan,0.3874204890000001,nan,nan,0.3486784401000001,nan,nan,0.31381059609000006,nan,nan,0.2824295364810001,nan,nan
time_decay,cabinet,26,0,True,85,40,57,60,6,9,10,50.0,0.45660690861955344,7.637523901391698,0.164021000287119,0.3979067863769386,0.6667100388117035,0.8908258793623252,0.28816125966377165,0.0,artifacts/goal_bowl_destination_steering_formal_t1_lambda2_combined/goal_bowl_destination_time_decay_cabinet_init26_repeat0_success.json,0.531441,nan,nan,0.4782969000000001,nan,nan,0.4304672100000001,nan,nan,0.3874204890000001,nan,nan,0.3874204890000001,nan,nan,0.3486784401000001,nan,nan,0.31381059609000006,nan,nan,0.2824295364810001,nan,nan,0.3486784401000001,nan,nan,0.31381059609000006,nan,nan,0.2824295364810001,nan,nan,0.2541865828329001,nan,nan
time_decay,cabinet,26,1,True,83,40,55,63,6,9,10,53.0,0.46329776108083626,7.78107762091659,0.18802025905300013,0.4483647657277448,0.7190061883800966,0.9186590395384034,0.32020802903276635,0.0,artifacts/goal_bowl_destination_steering_formal_t1_lambda2_combined/goal_bowl_destination_time_decay_cabinet_init26_repeat1_success.json,0.531441,nan,nan,0.4782969000000001,nan,nan,0.4304672100000001,nan,nan,0.3874204890000001,nan,nan,0.3874204890000001,nan,nan,0.3486784401000001,nan,nan,0.31381059609000006,nan,nan,0.2824295364810001,nan,nan,0.3486784401000001,nan,nan,0.31381059609000006,nan,nan,0.2824295364810001,nan,nan,0.2541865828329001,nan,nan
time_decay,cabinet,27,0,True,79,37,62,55,5,10,9,45.0,0.4243449299057363,7.273519125856731,0.1992206225142031,0.44480444382759016,0.7287715742264058,0.9630276614928647,0.3260479065598678,0.0,artifacts/goal_bowl_destination_steering_formal_t1_lambda2_combined/goal_bowl_destination_time_decay_cabinet_init27_repeat0_success.json,0.5904900000000001,nan,nan,0.531441,nan,nan,0.4782969000000001,nan,nan,0.4304672100000001,nan,nan,0.3486784401000001,nan,nan,0.31381059609000006,nan,nan,0.2824295364810001,nan,nan,0.2541865828329001,nan,nan,0.3874204890000001,nan,nan,0.3486784401000001,nan,nan,0.31381059609000006,nan,nan,0.2824295364810001,nan,nan
time_decay,cabinet,27,1,True,79,36,47,55,5,7,9,45.0,0.4366572929110799,7.628196620977843,0.21982306972451093,0.4890548557472405,0.7336810963026194,0.9279074588311529,0.346524459239793,0.0,artifacts/goal_bowl_destination_steering_formal_t1_lambda2_combined/goal_bowl_destination_time_decay_cabinet_init27_repeat1_success.json,0.5904900000000001,nan,nan,0.531441,nan,nan,0.4782969000000001,nan,nan,0.4304672100000001,nan,nan,0.4782969000000001,nan,nan,0.4304672100000001,nan,nan,0.3874204890000001,nan,nan,0.3486784401000001,nan,nan,0.3874204890000001,nan,nan,0.3486784401000001,nan,nan,0.31381059609000006,nan,nan,0.2824295364810001,nan,nan
time_decay,cabinet,28,0,True,80,40,52,60,6,8,10,50.0,0.45766179710402166,7.505506395422893,0.16773953036651099,0.3669520943926497,0.6114577070509057,0.8109525283605757,0.27287241472229007,0.0,artifacts/goal_bowl_destination_steering_formal_t1_lambda2_combined/goal_bowl_destination_time_decay_cabinet_init28_repeat0_success.json,0.531441,nan,nan,0.4782969000000001,nan,nan,0.4304672100000001,nan,nan,0.3874204890000001,nan,nan,0.4304672100000001,nan,nan,0.3874204890000001,nan,nan,0.3486784401000001,nan,nan,0.31381059609000006,nan,nan,0.3486784401000001,nan,nan,0.31381059609000006,nan,nan,0.2824295364810001,nan,nan,0.2541865828329001,nan,nan
time_decay,cabinet,28,1,True,81,40,52,59,6,8,9,49.0,0.4544436333753857,7.446999719703965,0.16949174133637923,0.39023835599329704,0.6377812834573678,0.8343036493894952,0.2837478552686403,0.0,artifacts/goal_bowl_destination_steering_formal_t1_lambda2_combined/goal_bowl_destination_time_decay_cabinet_init28_repeat1_success.json,0.531441,nan,nan,0.4782969000000001,nan,nan,0.4304672100000001,nan,nan,0.3874204890000001,nan,nan,0.4304672100000001,nan,nan,0.3874204890000001,nan,nan,0.3486784401000001,nan,nan,0.31381059609000006,nan,nan,0.3874204890000001,nan,nan,0.3486784401000001,nan,nan,0.31381059609000006,nan,nan,0.2824295364810001,nan,nan
time_decay,cabinet,29,0,True,79,41,52,58,6,8,9,48.0,0.4233655431958159,7.953993888485096,0.21777614075610263,0.4980113210017916,0.7735639141466716,0.988448473462347,0.35397257117282954,0.0,artifacts/goal_bowl_destination_steering_formal_t1_lambda2_combined/goal_bowl_destination_time_decay_cabinet_init29_repeat0_success.json,0.531441,nan,nan,0.4782969000000001,nan,nan,0.4304672100000001,nan,nan,0.3874204890000001,nan,nan,0.4304672100000001,nan,nan,0.3874204890000001,nan,nan,0.3486784401000001,nan,nan,0.31381059609000006,nan,nan,0.3874204890000001,nan,nan,0.3486784401000001,nan,nan,0.31381059609000006,nan,nan,0.2824295364810001,nan,nan
time_decay,cabinet,29,1,True,73,35,46,54,5,7,8,44.0,0.41028440950688055,7.284612382638751,0.22432113196295758,0.502526409729145,0.7810739036159141,0.9888854425501813,0.35882984138156065,0.0,artifacts/goal_bowl_destination_steering_formal_t1_lambda2_combined/goal_bowl_destination_time_decay_cabinet_init29_repeat1_success.json,0.5904900000000001,nan,nan,0.531441,nan,nan,0.4782969000000001,nan,nan,0.4304672100000001,nan,nan,0.4782969000000001,nan,nan,0.4304672100000001,nan,nan,0.3874204890000001,nan,nan,0.3486784401000001,nan,nan,0.4304672100000001,nan,nan,0.3874204890000001,nan,nan,0.3486784401000001,nan,nan,0.31381059609000006,nan,nan
time_decay,cabinet,2,0,True,80,38,49,56,5,7,9,46.0,0.42844866176799845,7.859534398378509,0.20894105127924922,0.47954751729935974,0.7497441050433873,0.9462925145896782,0.341867620231921,0.0,artifacts/goal_bowl_destination_steering_formal_t1_lambda2_combined/goal_bowl_destination_time_decay_cabinet_init2_repeat0_success.json,0.5904900000000001,nan,nan,0.531441,nan,nan,0.4782969000000001,nan,nan,0.4304672100000001,nan,nan,0.4782969000000001,nan,nan,0.4304672100000001,nan,nan,0.3874204890000001,nan,nan,0.3486784401000001,nan,nan,0.3874204890000001,nan,nan,0.3486784401000001,nan,nan,0.31381059609000006,nan,nan,0.2824295364810001,nan,nan
time_decay,cabinet,2,1,True,83,37,48,55,5,7,9,45.0,0.4251442971707947,7.821183274945795,0.17596931360711182,0.3699981442642622,0.6088792337659653,0.838251795609061,0.2774888698019827,0.0,artifacts/goal_bowl_destination_steering_formal_t1_lambda2_combined/goal_bowl_destination_time_decay_cabinet_init2_repeat1_success.json,0.5904900000000001,nan,nan,0.531441,nan,nan,0.4782969000000001,nan,nan,0.4304672100000001,nan,nan,0.4782969000000001,nan,nan,0.4304672100000001,nan,nan,0.3874204890000001,nan,nan,0.3486784401000001,nan,nan,0.3874204890000001,nan,nan,0.3486784401000001,nan,nan,0.31381059609000006,nan,nan,0.2824295364810001,nan,nan
time_decay,cabinet,30,0,True,82,38,57,57,5,9,9,47.0,0.4381785600133931,7.555890237668279,0.1796793890479878,0.3908167868222729,0.669263925906765,0.9256496341523631,0.2948076420876149,0.0,artifacts/goal_bowl_destination_steering_formal_t1_lambda2_combined/goal_bowl_destination_time_decay_cabinet_init30_repeat0_success.json,0.5904900000000001,nan,nan,0.531441,nan,nan,0.4782969000000001,nan,nan,0.4304672100000001,nan,nan,0.3874204890000001,nan,nan,0.3486784401000001,nan,nan,0.31381059609000006,nan,nan,0.2824295364810001,nan,nan,0.3874204890000001,nan,nan,0.3486784401000001,nan,nan,0.31381059609000006,nan,nan,0.2824295364810001,nan,nan
time_decay,cabinet,30,1,True,82,39,53,58,5,8,9,48.0,0.445019082404701,7.835326212214218,0.1953110902345994,0.4465708115717274,0.7347925552529376,0.9816530139214714,0.3258743407314396,0.0,artifacts/goal_bowl_destination_steering_formal_t1_lambda2_combined/goal_bowl_destination_time_decay_cabinet_init30_repeat1_success.json,0.5904900000000001,nan,nan,0.531441,nan,nan,0.4782969000000001,nan,nan,0.4304672100000001,nan,nan,0.4304672100000001,nan,nan,0.3874204890000001,nan,nan,0.3486784401000001,nan,nan,0.31381059609000006,nan,nan,0.3874204890000001,nan,nan,0.3486784401000001,nan,nan,0.31381059609000006,nan,nan,0.2824295364810001,nan,nan
time_decay,cabinet,31,0,True,70,35,45,52,5,7,8,42.0,0.400318388849766,6.738519976011499,0.2187882107564241,0.49357111539914483,0.7807251409106561,0.9864914986815464,0.35507142626896077,0.0,artifacts/goal_bowl_destination_steering_formal_t1_lambda2_combined/goal_bowl_destination_time_decay_cabinet_init31_repeat0_success.json,0.5904900000000001,nan,nan,0.531441,nan,nan,0.4782969000000001,nan,nan,0.4304672100000001,nan,nan,0.4782969000000001,nan,nan,0.4304672100000001,nan,nan,0.3874204890000001,nan,nan,0.3486784401000001,nan,nan,0.4304672100000001,nan,nan,0.3874204890000001,nan,nan,0.3486784401000001,nan,nan,0.31381059609000006,nan,nan
time_decay,cabinet,31,1,True,71,37,48,55,5,7,9,45.0,0.41578525917766057,7.152549293311759,0.23216332261358866,0.5287246959283157,0.8114883212500981,0.9905386624966027,0.37476887751676324,0.0,artifacts/goal_bowl_destination_steering_formal_t1_lambda2_combined/goal_bowl_destination_time_decay_cabinet_init31_repeat1_success.json,0.5904900000000001,nan,nan,0.531441,nan,nan,0.4782969000000001,nan,nan,0.4304672100000001,nan,nan,0.4782969000000001,nan,nan,0.4304672100000001,nan,nan,0.3874204890000001,nan,nan,0.3486784401000001,nan,nan,0.3874204890000001,nan,nan,0.3486784401000001,nan,nan,0.31381059609000006,nan,nan,0.2824295364810001,nan,nan
time_decay,cabinet,32,0,True,77,34,49,53,4,7,8,43.0,0.40237576718548057,7.429460965296869,0.16781873575633494,0.3941654335115762,0.6813473626794395,0.9330941996119959,0.29273505249746135,0.0,artifacts/goal_bowl_destination_steering_formal_t1_lambda2_combined/goal_bowl_destination_time_decay_cabinet_init32_repeat0_success.json,0.6561,nan,nan,0.5904900000000001,nan,nan,0.531441,nan,nan,0.4782969000000001,nan,nan,0.4782969000000001,nan,nan,0.4304672100000001,nan,nan,0.3874204890000001,nan,nan,0.3486784401000001,nan,nan,0.4304672100000001,nan,nan,0.3874204890000001,nan,nan,0.3486784401000001,nan,nan,0.31381059609000006,nan,nan
time_decay,cabinet,32,1,True,80,36,57,57,5,9,9,47.0,0.4029978196910532,7.758300798954563,0.20800980924357682,0.4795698189328414,0.754607903882909,0.9770165590951597,0.3422178647353212,0.0,artifacts/goal_bowl_destination_steering_formal_t1_lambda2_combined/goal_bowl_destination_time_decay_cabinet_init32_repeat1_success.json,0.5904900000000001,nan,nan,0.531441,nan,nan,0.4782969000000001,nan,nan,0.4304672100000001,nan,nan,0.3874204890000001,nan,nan,0.3486784401000001,nan,nan,0.31381059609000006,nan,nan,0.2824295364810001,nan,nan,0.3874204890000001,nan,nan,0.3486784401000001,nan,nan,0.31381059609000006,nan,nan,0.2824295364810001,nan,nan
time_decay,cabinet,33,0,True,78,34,54,55,4,8,9,45.0,0.3993675425832,7.166576261116783,0.190574997656487,0.45172048712710733,0.7440187585582264,0.9811345650027464,0.32681798773548065,0.0,artifacts/goal_bowl_destination_steering_formal_t1_lambda2_combined/goal_bowl_destination_time_decay_cabinet_init33_repeat0_success.json,0.6561,nan,nan,0.5904900000000001,nan,nan,0.531441,nan,nan,0.4782969000000001,nan,nan,0.4304672100000001,nan,nan,0.3874204890000001,nan,nan,0.3486784401000001,nan,nan,0.31381059609000006,nan,nan,0.3874204890000001,nan,nan,0.3486784401000001,nan,nan,0.31381059609000006,nan,nan,0.2824295364810001,nan,nan
time_decay,cabinet,33,1,True,75,33,49,52,4,7,8,42.0,0.39683709646770726,6.850046197662269,0.20049474814787863,0.4653560640806632,0.7492807560503586,0.9701625442138687,0.3349495013731757,0.0,artifacts/goal_bowl_destination_steering_formal_t1_lambda2_combined/goal_bowl_destination_time_decay_cabinet_init33_repeat1_success.json,0.6561,nan,nan,0.5904900000000001,nan,nan,0.531441,nan,nan,0.4782969000000001,nan,nan,0.4782969000000001,nan,nan,0.4304672100000001,nan,nan,0.3874204890000001,nan,nan,0.3486784401000001,nan,nan,0.4304672100000001,nan,nan,0.3874204890000001,nan,nan,0.3486784401000001,nan,nan,0.31381059609000006,nan,nan
time_decay,cabinet,34,0,True,85,36,62,58,5,10,9,48.0,0.42709021986321904,8.234920209361983,0.16245428865682973,0.3804360977366166,0.6376495404406418,0.8632692659164967,0.2782036232315455,0.0,artifacts/goal_bowl_destination_steering_formal_t1_lambda2_combined/goal_bowl_destination_time_decay_cabinet_init34_repeat0_success.json,0.5904900000000001,nan,nan,0.531441,nan,nan,0.4782969000000001,nan,nan,0.4304672100000001,nan,nan,0.3486784401000001,nan,nan,0.31381059609000006,nan,nan,0.2824295364810001,nan,nan,0.2541865828329001,nan,nan,0.3874204890000001,nan,nan,0.3486784401000001,nan,nan,0.31381059609000006,nan,nan,0.2824295364810001,nan,nan
time_decay,cabinet,34,1,True,94,36,71,58,5,12,9,48.0,0.42373864923566407,8.171671939348695,0.15837266063619845,0.38123701383858194,0.6418571384029446,0.8640350181250228,0.27736282454304456,0.0,artifacts/goal_bowl_destination_steering_formal_t1_lambda2_combined/goal_bowl_destination_time_decay_cabinet_init34_repeat1_success.json,0.5904900000000001,nan,nan,0.531441,nan,nan,0.4782969000000001,nan,nan,0.4304672100000001,nan,nan,0.2824295364810001,nan,nan,0.2541865828329001,nan,nan,0.2287679245496101,nan,nan,0.20589113209464907,nan,nan,0.3874204890000001,nan,nan,0.3486784401000001,nan,nan,0.31381059609000006,nan,nan,0.2824295364810001,nan,nan
time_decay,cabinet,35,0,True,93,35,54,54,5,8,8,44.0,0.3866297179331387,7.382653325215618,0.2025148679186771,0.48259494108526735,0.772334947729836,0.9796522708887906,0.3425019668631134,0.0,artifacts/goal_bowl_destination_steering_formal_t1_lambda2_combined/goal_bowl_destination_time_decay_cabinet_init35_repeat0_success.json,0.5904900000000001,nan,nan,0.531441,nan,nan,0.4782969000000001,nan,nan,0.4304672100000001,nan,nan,0.4304672100000001,nan,nan,0.3874204890000001,nan,nan,0.3486784401000001,nan,nan,0.31381059609000006,nan,nan,0.4304672100000001,nan,nan,0.3874204890000001,nan,nan,0.3486784401000001,nan,nan,0.31381059609000006,nan,nan
time_decay,cabinet,35,1,True,91,35,68,54,5,11,8,44.0,0.3952853389983587,7.071175033640662,0.19948364032989233,0.4791159635651127,0.7666779916128424,0.9723675339826591,0.3398541349313036,0.0,artifacts/goal_bowl_destination_steering_formal_t1_lambda2_combined/goal_bowl_destination_time_decay_cabinet_init35_repeat1_success.json,0.5904900000000001,nan,nan,0.531441,nan,nan,0.4782969000000001,nan,nan,0.4304672100000001,nan,nan,0.31381059609000006,nan,nan,0.2824295364810001,nan,nan,0.2541865828329001,nan,nan,0.2287679245496101,nan,nan,0.4304672100000001,nan,nan,0.3874204890000001,nan,nan,0.3486784401000001,nan,nan,0.31381059609000006,nan,nan
time_decay,cabinet,36,0,True,98,36,60,60,5,10,10,50.0,0.4216353061601364,6.927215082209794,0.18799576699134524,0.4315808272377204,0.7113773233632368,0.9105562731583071,0.31388451244240806,0.0,artifacts/goal_bowl_destination_steering_formal_t1_lambda2_combined/goal_bowl_destination_time_decay_cabinet_init36_repeat0_success.json,0.5904900000000001,nan,nan,0.531441,nan,nan,0.4782969000000001,nan,nan,0.4304672100000001,nan,nan,0.3486784401000001,nan,nan,0.31381059609000006,nan,nan,0.2824295364810001,nan,nan,0.2541865828329001,nan,nan,0.3486784401000001,nan,nan,0.31381059609000006,nan,nan,0.2824295364810001,nan,nan,0.2541865828329001,nan,nan
time_decay,cabinet,36,1,True,77,35,49,57,5,7,9,47.0,0.4189585778305197,6.867941999426308,0.23256949915924335,0.5121250107060699,0.7836197912690729,0.9696645029572576,0.36615964027894154,0.0,artifacts/goal_bowl_destination_steering_formal_t1_lambda2_combined/goal_bowl_destination_time_decay_cabinet_init36_repeat1_success.json,0.5904900000000001,nan,nan,0.531441,nan,nan,0.4782969000000001,nan,nan,0.4304672100000001,nan,nan,0.4782969000000001,nan,nan,0.4304672100000001,nan,nan,0.3874204890000001,nan,nan,0.3486784401000001,nan,nan,0.3874204890000001,nan,nan,0.3486784401000001,nan,nan,0.31381059609000006,nan,nan,0.2824295364810001,nan,nan
time_decay,cabinet,37,0,True,80,38,50,57,5,8,9,47.0,0.40823410155679984,6.810873445503912,0.1743145008530465,0.40165135056267265,0.6618518630447229,0.8784520092583105,0.29342300772059415,0.0,artifacts/goal_bowl_destination_steering_formal_t1_lambda2_combined/goal_bowl_destination_time_decay_cabinet_init37_repeat0_success.json,0.5904900000000001,nan,nan,0.531441,nan,nan,0.4782969000000001,nan,nan,0.4304672100000001,nan,nan,0.4304672100000001,nan,nan,0.3874204890000001,nan,nan,0.3486784401000001,nan,nan,0.31381059609000006,nan,nan,0.3874204890000001,nan,nan,0.3486784401000001,nan,nan,0.31381059609000006,nan,nan,0.2824295364810001,nan,nan
time_decay,cabinet,37,1,True,76,38,50,56,5,8,9,46.0,0.4132994420290015,7.0382242724145705,0.182197565355658,0.4237292091205297,0.6866659126059507,0.8905871833473369,0.3064857528542452,0.0,artifacts/goal_bowl_destination_steering_formal_t1_lambda2_combined/goal_bowl_destination_time_decay_cabinet_init37_repeat1_success.json,0.5904900000000001,nan,nan,0.531441,nan,nan,0.4782969000000001,nan,nan,0.4304672100000001,nan,nan,0.4304672100000001,nan,nan,0.3874204890000001,nan,nan,0.3486784401000001,nan,nan,0.31381059609000006,nan,nan,0.3874204890000001,nan,nan,0.3486784401000001,nan,nan,0.31381059609000006,nan,nan,0.2824295364810001,nan,nan
time_decay,cabinet,38,0,True,112,41,80,88,6,14,15,78.0,0.5480475556038553,14.938050136261102,0.1964657034509636,0.4441472682573513,0.7308402456421141,0.9564832070509998,0.3249420400657783,0.0,artifacts/goal_bowl_destination_steering_formal_t1_lambda2_combined/goal_bowl_destination_time_decay_cabinet_init38_repeat0_success.json,0.531441,nan,nan,0.4782969000000001,nan,nan,0.4304672100000001,nan,nan,0.3874204890000001,nan,nan,0.2287679245496101,nan,nan,0.20589113209464907,nan,nan,0.18530201888518416,nan,nan,0.16677181699666577,nan,nan,0.20589113209464907,nan,nan,0.18530201888518416,nan,nan,0.16677181699666577,nan,nan,0.15009463529699918,nan,nan
time_decay,cabinet,38,1,True,110,39,78,86,5,13,15,76.0,0.5428150128884319,15.295001154053073,0.1698301218875638,0.4097218982699574,0.7014831586041362,0.9481243062504154,0.30068562974108076,0.0,artifacts/goal_bowl_destination_steering_formal_t1_lambda2_combined/goal_bowl_destination_time_decay_cabinet_init38_repeat1_success.json,0.5904900000000001,nan,nan,0.531441,nan,nan,0.4782969000000001,nan,nan,0.4304672100000001,nan,nan,0.2541865828329001,nan,nan,0.2287679245496101,nan,nan,0.20589113209464907,nan,nan,0.18530201888518416,nan,nan,0.20589113209464907,nan,nan,0.18530201888518416,nan,nan,0.16677181699666577,nan,nan,0.15009463529699918,nan,nan
time_decay,cabinet,39,0,True,107,42,78,85,6,13,15,75.0,0.514817380788851,13.7250577732203,0.17851245137749486,0.41255176336696425,0.7070036528766814,0.9660276341703724,0.30632569678912597,0.0,artifacts/goal_bowl_destination_steering_formal_t1_lambda2_combined/goal_bowl_destination_time_decay_cabinet_init39_repeat0_success.json,0.531441,nan,nan,0.4782969000000001,nan,nan,0.4304672100000001,nan,nan,0.3874204890000001,nan,nan,0.2541865828329001,nan,nan,0.2287679245496101,nan,nan,0.20589113209464907,nan,nan,0.18530201888518416,nan,nan,0.20589113209464907,nan,nan,0.18530201888518416,nan,nan,0.16677181699666577,nan,nan,0.15009463529699918,nan,nan
time_decay,cabinet,39,1,True,109,40,76,83,6,13,14,73.0,0.5185215562148283,14.08871451695423,0.19972867689753235,0.4346651338222726,0.7120323287457335,0.9565375091605757,0.3214717039626168,0.0,artifacts/goal_bowl_destination_steering_formal_t1_lambda2_combined/goal_bowl_destination_time_decay_cabinet_init39_repeat1_success.json,0.531441,nan,nan,0.4782969000000001,nan,nan,0.4304672100000001,nan,nan,0.3874204890000001,nan,nan,0.2541865828329001,nan,nan,0.2287679245496101,nan,nan,0.20589113209464907,nan,nan,0.18530201888518416,nan,nan,0.2287679245496101,nan,nan,0.20589113209464907,nan,nan,0.18530201888518416,nan,nan,0.16677181699666577,nan,nan
time_decay,cabinet,3,0,False,300,42,,61,6,,10,51.0,0.4579047609383514,7.873306198539023,0.1877201476247046,0.43540536810247804,0.7254790228622253,0.9449583290318628,0.3186032602332479,0.0,artifacts/goal_bowl_destination_steering_formal_t1_lambda2_combined/goal_bowl_destination_time_decay_cabinet_init3_repeat0_failure.json,0.531441,nan,nan,0.4782969000000001,nan,nan,0.4304672100000001,nan,nan,0.3874204890000001,nan,nan,nan,nan,nan,nan,nan,nan,nan,nan,nan,nan,nan,nan,0.3486784401000001,nan,nan,0.31381059609000006,nan,nan,0.2824295364810001,nan,nan,0.2541865828329001,nan,nan
time_decay,cabinet,3,1,True,87,41,56,58,6,9,9,48.0,0.4367785213400015,7.33645542379657,0.16575753387066705,0.3637859328845202,0.6322671338928736,0.8881841629238569,0.2754331260930943,0.0,artifacts/goal_bowl_destination_steering_formal_t1_lambda2_combined/goal_bowl_destination_time_decay_cabinet_init3_repeat1_success.json,0.531441,nan,nan,0.4782969000000001,nan,nan,0.4304672100000001,nan,nan,0.3874204890000001,nan,nan,0.3874204890000001,nan,nan,0.3486784401000001,nan,nan,0.31381059609000006,nan,nan,0.2824295364810001,nan,nan,0.3874204890000001,nan,nan,0.3486784401000001,nan,nan,0.31381059609000006,nan,nan,0.2824295364810001,nan,nan
time_decay,cabinet,40,0,True,125,37,90,96,5,16,17,86.0,0.6283451949345313,30.269072231640255,0.16963110306707124,0.36600926626689045,0.5905137401806421,0.7906275378609812,0.2699262995440558,0.0,artifacts/goal_bowl_destination_steering_formal_t1_lambda2_combined/goal_bowl_destination_time_decay_cabinet_init40_repeat0_success.json,0.5904900000000001,nan,nan,0.531441,nan,nan,0.4782969000000001,nan,nan,0.4304672100000001,nan,nan,0.18530201888518416,nan,nan,0.16677181699666577,nan,nan,0.15009463529699918,nan,nan,0.13508517176729928,nan,nan,0.16677181699666577,nan,nan,0.15009463529699918,nan,nan,0.13508517176729928,nan,nan,0.12157665459056935,nan,nan
time_decay,cabinet,40,1,True,109,38,36,88,5,5,15,78.0,0.6214311949505485,14.84991628499532,0.2089619023133673,0.48772222636675544,0.7659558876648271,0.9676690772411255,0.3468217051263719,0.0,artifacts/goal_bowl_destination_steering_formal_t1_lambda2_combined/goal_bowl_destination_time_decay_cabinet_init40_repeat1_success.json,0.5904900000000001,nan,nan,0.531441,nan,nan,0.4782969000000001,nan,nan,0.4304672100000001,nan,nan,0.5904900000000001,nan,nan,0.531441,nan,nan,0.4782969000000001,nan,nan,0.4304672100000001,nan,nan,0.20589113209464907,nan,nan,0.18530201888518416,nan,nan,0.16677181699666577,nan,nan,0.15009463529699918,nan,nan
time_decay,cabinet,41,0,True,76,35,46,54,5,7,8,44.0,0.4225955432081208,6.545011579551082,0.17391371897168892,0.3776237308514186,0.6228066540749583,0.8243252714593359,0.28051003472157854,0.0,artifacts/goal_bowl_destination_steering_formal_t1_lambda2_combined/goal_bowl_destination_time_decay_cabinet_init41_repeat0_success.json,0.5904900000000001,nan,nan,0.531441,nan,nan,0.4782969000000001,nan,nan,0.4304672100000001,nan,nan,0.4782969000000001,nan,nan,0.4304672100000001,nan,nan,0.3874204890000001,nan,nan,0.3486784401000001,nan,nan,0.4304672100000001,nan,nan,0.3874204890000001,nan,nan,0.3486784401000001,nan,nan,0.31381059609000006,nan,nan
time_decay,cabinet,41,1,True,73,35,46,53,5,7,8,43.0,0.4118211803975565,6.594552767538872,0.17650553961359672,0.3961008347944917,0.6431678897590114,0.8387664728817137,0.2892918813214199,0.0,artifacts/goal_bowl_destination_steering_formal_t1_lambda2_combined/goal_bowl_destination_time_decay_cabinet_init41_repeat1_success.json,0.5904900000000001,nan,nan,0.531441,nan,nan,0.4782969000000001,nan,nan,0.4304672100000001,nan,nan,0.4782969000000001,nan,nan,0.4304672100000001,nan,nan,0.3874204890000001,nan,nan,0.3486784401000001,nan,nan,0.4304672100000001,nan,nan,0.3874204890000001,nan,nan,0.3486784401000001,nan,nan,0.31381059609000006,nan,nan
time_decay,cabinet,42,0,True,89,35,63,54,5,10,8,44.0,0.4105086294662436,7.558116230166659,0.16268830289184358,0.3720022460708381,0.6177908336947142,0.8307976144314522,0.2728259698027732,0.0,artifacts/goal_bowl_destination_steering_formal_t1_lambda2_combined/goal_bowl_destination_time_decay_cabinet_init42_repeat0_success.json,0.5904900000000001,nan,nan,0.531441,nan,nan,0.4782969000000001,nan,nan,0.4304672100000001,nan,nan,0.3486784401000001,nan,nan,0.31381059609000006,nan,nan,0.2824295364810001,nan,nan,0.2541865828329001,nan,nan,0.4304672100000001,nan,nan,0.3874204890000001,nan,nan,0.3486784401000001,nan,nan,0.31381059609000006,nan,nan
time_decay,cabinet,42,1,True,82,36,48,55,5,7,9,45.0,0.40019114529619926,7.234471763302971,0.16394438091916105,0.3785893027716503,0.6424627373826866,0.8650440117702203,0.2800139154526945,0.0,artifacts/goal_bowl_destination_steering_formal_t1_lambda2_combined/goal_bowl_destination_time_decay_cabinet_init42_repeat1_success.json,0.5904900000000001,nan,nan,0.531441,nan,nan,0.4782969000000001,nan,nan,0.4304672100000001,nan,nan,0.4782969000000001,nan,nan,0.4304672100000001,nan,nan,0.3874204890000001,nan,nan,0.3486784401000001,nan,nan,0.3874204890000001,nan,nan,0.3486784401000001,nan,nan,0.31381059609000006,nan,nan,0.2824295364810001,nan,nan
time_decay,cabinet,43,0,False,300,39,52,59,5,8,9,49.0,0.39004812732445315,6.966099952177522,0.17700923251019288,0.41999563775964033,0.6827049350612024,0.7161297273936925,0.29835607286334576,0.0,artifacts/goal_bowl_destination_steering_formal_t1_lambda2_combined/goal_bowl_destination_time_decay_cabinet_init43_repeat0_failure.json,0.5904900000000001,nan,nan,0.531441,nan,nan,0.4782969000000001,nan,nan,0.4304672100000001,nan,nan,0.4304672100000001,nan,nan,0.3874204890000001,nan,nan,0.3486784401000001,nan,nan,0.31381059609000006,nan,nan,0.3874204890000001,nan,nan,0.3486784401000001,nan,nan,0.31381059609000006,nan,nan,0.2824295364810001,nan,nan
time_decay,cabinet,43,1,True,72,37,,57,5,,9,47.0,0.3890013319191262,6.824862640961541,0.18808938212730214,0.44711732244810776,0.6925284251068227,0.8676606079367074,0.3146548293996017,0.0,artifacts/goal_bowl_destination_steering_formal_t1_lambda2_combined/goal_bowl_destination_time_decay_cabinet_init43_repeat1_success.json,0.5904900000000001,nan,nan,0.531441,nan,nan,0.4782969000000001,nan,nan,0.4304672100000001,nan,nan,nan,nan,nan,nan,nan,nan,nan,nan,nan,nan,nan,nan,0.3874204890000001,nan,nan,0.3486784401000001,nan,nan,0.31381059609000006,nan,nan,0.2824295364810001,nan,nan
time_decay,cabinet,44,0,True,76,35,44,54,5,6,8,44.0,0.4053167995522988,6.771411736866972,0.1734956943697946,0.37651084557730913,0.6385327161366859,0.8614611362440153,0.28261638470287986,0.0,artifacts/goal_bowl_destination_steering_formal_t1_lambda2_combined/goal_bowl_destination_time_decay_cabinet_init44_repeat0_success.json,0.5904900000000001,nan,nan,0.531441,nan,nan,0.4782969000000001,nan,nan,0.4304672100000001,nan,nan,0.531441,nan,nan,0.4782969000000001,nan,nan,0.4304672100000001,nan,nan,0.3874204890000001,nan,nan,0.4304672100000001,nan,nan,0.3874204890000001,nan,nan,0.3486784401000001,nan,nan,0.31381059609000006,nan,nan
time_decay,cabinet,44,1,True,76,32,46,53,4,7,8,43.0,0.412331593409358,7.142272335079046,0.17207106599565383,0.3653734914486774,0.6087868832330117,0.8146920845261091,0.2737824700193931,0.0,artifacts/goal_bowl_destination_steering_formal_t1_lambda2_combined/goal_bowl_destination_time_decay_cabinet_init44_repeat1_success.json,0.6561,nan,nan,0.5904900000000001,nan,nan,0.531441,nan,nan,0.4782969000000001,nan,nan,0.4782969000000001,nan,nan,0.4304672100000001,nan,nan,0.3874204890000001,nan,nan,0.3486784401000001,nan,nan,0.4304672100000001,nan,nan,0.3874204890000001,nan,nan,0.3486784401000001,nan,nan,0.31381059609000006,nan,nan
time_decay,cabinet,45,0,True,78,38,50,57,5,8,9,47.0,0.41535410753039087,7.535227409025964,0.1676459465972694,0.4069357778142315,0.6777309147980148,0.8827209254159915,0.2939186142928331,0.0,artifacts/goal_bowl_destination_steering_formal_t1_lambda2_combined/goal_bowl_destination_time_decay_cabinet_init45_repeat0_success.json,0.5904900000000001,nan,nan,0.531441,nan,nan,0.4782969000000001,nan,nan,0.4304672100000001,nan,nan,0.4304672100000001,nan,nan,0.3874204890000001,nan,nan,0.3486784401000001,nan,nan,0.31381059609000006,nan,nan,0.3874204890000001,nan,nan,0.3486784401000001,nan,nan,0.31381059609000006,nan,nan,0.2824295364810001,nan,nan
time_decay,cabinet,45,1,True,77,38,51,57,5,8,9,47.0,0.4187710911136937,7.582073006418598,0.17399364423132166,0.4049053167508256,0.6594897909870248,0.8511713718813326,0.29254368838699074,0.0,artifacts/goal_bowl_destination_steering_formal_t1_lambda2_combined/goal_bowl_destination_time_decay_cabinet_init45_repeat1_success.json,0.5904900000000001,nan,nan,0.531441,nan,nan,0.4782969000000001,nan,nan,0.4304672100000001,nan,nan,0.4304672100000001,nan,nan,0.3874204890000001,nan,nan,0.3486784401000001,nan,nan,0.31381059609000006,nan,nan,0.3874204890000001,nan,nan,0.3486784401000001,nan,nan,0.31381059609000006,nan,nan,0.2824295364810001,nan,nan
time_decay,cabinet,46,0,True,75,36,47,54,5,7,8,44.0,0.41195927950912875,7.102671384407064,0.23299322704649494,0.5227513239937092,0.8118783328971176,1.019113616543254,0.372961113678345,0.0,artifacts/goal_bowl_destination_steering_formal_t1_lambda2_combined/goal_bowl_destination_time_decay_cabinet_init46_repeat0_success.json,0.5904900000000001,nan,nan,0.531441,nan,nan,0.4782969000000001,nan,nan,0.4304672100000001,nan,nan,0.4782969000000001,nan,nan,0.4304672100000001,nan,nan,0.3874204890000001,nan,nan,0.3486784401000001,nan,nan,0.4304672100000001,nan,nan,0.3874204890000001,nan,nan,0.3486784401000001,nan,nan,0.31381059609000006,nan,nan
time_decay,cabinet,46,1,True,80,40,51,57,6,8,9,47.0,0.41995100919497436,7.226643224253544,0.22662492893505673,0.5071740840124118,0.7783332135600882,0.9882821212355759,0.36098401588579765,0.0,artifacts/goal_bowl_destination_steering_formal_t1_lambda2_combined/goal_bowl_destination_time_decay_cabinet_init46_repeat1_success.json,0.531441,nan,nan,0.4782969000000001,nan,nan,0.4304672100000001,nan,nan,0.3874204890000001,nan,nan,0.4304672100000001,nan,nan,0.3874204890000001,nan,nan,0.3486784401000001,nan,nan,0.31381059609000006,nan,nan,0.3874204890000001,nan,nan,0.3486784401000001,nan,nan,0.31381059609000006,nan,nan,0.2824295364810001,nan,nan
time_decay,cabinet,47,0,True,84,41,51,60,6,8,10,50.0,0.4311837268770788,6.743628606618154,0.13950210026777854,0.3468051770824363,0.5803347234076706,0.8042001168623939,0.2507242454058906,0.0,artifacts/goal_bowl_destination_steering_formal_t1_lambda2_combined/goal_bowl_destination_time_decay_cabinet_init47_repeat0_success.json,0.531441,nan,nan,0.4782969000000001,nan,nan,0.4304672100000001,nan,nan,0.3874204890000001,nan,nan,0.4304672100000001,nan,nan,0.3874204890000001,nan,nan,0.3486784401000001,nan,nan,0.31381059609000006,nan,nan,0.3486784401000001,nan,nan,0.31381059609000006,nan,nan,0.2824295364810001,nan,nan,0.2541865828329001,nan,nan
time_decay,cabinet,47,1,True,82,40,50,59,6,8,9,49.0,0.43450292828728765,6.693915532825474,0.13746988435891375,0.34235056186188684,0.5793202297032435,0.8044221837886291,0.24893885082743142,0.0,artifacts/goal_bowl_destination_steering_formal_t1_lambda2_combined/goal_bowl_destination_time_decay_cabinet_init47_repeat1_success.json,0.531441,nan,nan,0.4782969000000001,nan,nan,0.4304672100000001,nan,nan,0.3874204890000001,nan,nan,0.4304672100000001,nan,nan,0.3874204890000001,nan,nan,0.3486784401000001,nan,nan,0.31381059609000006,nan,nan,0.3874204890000001,nan,nan,0.3486784401000001,nan,nan,0.31381059609000006,nan,nan,0.2824295364810001,nan,nan
time_decay,cabinet,48,0,True,108,41,76,84,6,13,14,74.0,0.48968059310967976,13.986823884504673,0.18978141562118933,0.4427718454081972,0.7318692256567675,0.9726412091488035,0.32199640608837904,0.0,artifacts/goal_bowl_destination_steering_formal_t1_lambda2_combined/goal_bowl_destination_time_decay_cabinet_init48_repeat0_success.json,0.531441,nan,nan,0.4782969000000001,nan,nan,0.4304672100000001,nan,nan,0.3874204890000001,nan,nan,0.2541865828329001,nan,nan,0.2287679245496101,nan,nan,0.20589113209464907,nan,nan,0.18530201888518416,nan,nan,0.2287679245496101,nan,nan,0.20589113209464907,nan,nan,0.18530201888518416,nan,nan,0.16677181699666577,nan,nan
time_decay,cabinet,48,1,True,183,42,109,155,6,19,29,145.0,0.8618166447957081,33.2946078365291,0.17092640227647862,0.40236474293208097,0.6553959956928502,0.8833635354433881,0.2910065951526586,0.0,artifacts/goal_bowl_destination_steering_formal_t1_lambda2_combined/goal_bowl_destination_time_decay_cabinet_init48_repeat1_success.json,0.531441,nan,nan,0.4782969000000001,nan,nan,0.4304672100000001,nan,nan,0.3874204890000001,nan,nan,0.13508517176729928,nan,nan,0.12157665459056935,nan,nan,0.10941898913151242,nan,nan,0.09847709021836118,nan,nan,0.047101286972462485,nan,nan,0.04239115827521624,nan,nan,0.038152042447694615,nan,nan,0.03433683820292515,nan,nan
time_decay,cabinet,49,0,True,93,41,70,61,6,12,10,51.0,0.45192452487183193,7.881042792414837,0.13288840608598304,0.285602684374592,0.46728130383736893,0.6724541717220118,0.21254028428648863,0.0,artifacts/goal_bowl_destination_steering_formal_t1_lambda2_combined/goal_bowl_destination_time_decay_cabinet_init49_repeat0_success.json,0.531441,nan,nan,0.4782969000000001,nan,nan,0.4304672100000001,nan,nan,0.3874204890000001,nan,nan,0.2824295364810001,nan,nan,0.2541865828329001,nan,nan,0.2287679245496101,nan,nan,0.20589113209464907,nan,nan,0.3486784401000001,nan,nan,0.31381059609000006,nan,nan,0.2824295364810001,nan,nan,0.2541865828329001,nan,nan
time_decay,cabinet,49,1,True,92,41,70,59,6,12,9,49.0,0.44356872192915076,7.617051855162795,0.13468685976002023,0.2823528346825413,0.47048834072094325,0.6828399509342636,0.2126869675674892,0.0,artifacts/goal_bowl_destination_steering_formal_t1_lambda2_combined/goal_bowl_destination_time_decay_cabinet_init49_repeat1_success.json,0.531441,nan,nan,0.4782969000000001,nan,nan,0.4304672100000001,nan,nan,0.3874204890000001,nan,nan,0.2824295364810001,nan,nan,0.2541865828329001,nan,nan,0.2287679245496101,nan,nan,0.20589113209464907,nan,nan,0.3874204890000001,nan,nan,0.3486784401000001,nan,nan,0.31381059609000006,nan,nan,0.2824295364810001,nan,nan
time_decay,cabinet,4,0,True,80,35,51,55,5,8,9,45.0,0.3922654731855432,7.15180810375671,0.18471050732762878,0.4128275205556567,0.6715442040342544,0.8718215453882643,0.30251188945037677,0.0,artifacts/goal_bowl_destination_steering_formal_t1_lambda2_combined/goal_bowl_destination_time_decay_cabinet_init4_repeat0_success.json,0.5904900000000001,nan,nan,0.531441,nan,nan,0.4782969000000001,nan,nan,0.4304672100000001,nan,nan,0.4304672100000001,nan,nan,0.3874204890000001,nan,nan,0.3486784401000001,nan,nan,0.31381059609000006,nan,nan,0.3874204890000001,nan,nan,0.3486784401000001,nan,nan,0.31381059609000006,nan,nan,0.2824295364810001,nan,nan
time_decay,cabinet,4,1,True,74,33,49,52,4,7,8,42.0,0.3849048498014216,6.693427528196475,0.18899507125752726,0.4496758826027396,0.7274846822525574,0.9268160224145305,0.3223033962940121,0.0,artifacts/goal_bowl_destination_steering_formal_t1_lambda2_combined/goal_bowl_destination_time_decay_cabinet_init4_repeat1_success.json,0.6561,nan,nan,0.5904900000000001,nan,nan,0.531441,nan,nan,0.4782969000000001,nan,nan,0.4782969000000001,nan,nan,0.4304672100000001,nan,nan,0.3874204890000001,nan,nan,0.3486784401000001,nan,nan,0.4304672100000001,nan,nan,0.3874204890000001,nan,nan,0.3486784401000001,nan,nan,0.31381059609000006,nan,nan
time_decay,cabinet,5,0,True,70,34,47,52,4,7,8,42.0,0.396138965729371,7.183904363445487,0.229340586000193,0.5084796960636174,0.802590688837476,1.017314451351731,0.3670173092346352,0.0,artifacts/goal_bowl_destination_steering_formal_t1_lambda2_combined/goal_bowl_destination_time_decay_cabinet_init5_repeat0_success.json,0.6561,nan,nan,0.5904900000000001,nan,nan,0.531441,nan,nan,0.4782969000000001,nan,nan,0.4782969000000001,nan,nan,0.4304672100000001,nan,nan,0.3874204890000001,nan,nan,0.3486784401000001,nan,nan,0.4304672100000001,nan,nan,0.3874204890000001,nan,nan,0.3486784401000001,nan,nan,0.31381059609000006,nan,nan
time_decay,cabinet,5,1,False,300,34,44,52,4,6,8,42.0,0.39464520149882143,7.110205605539242,0.23353926165872968,0.5357856090369542,0.7762115173205466,0.9693861449467152,0.370762505288793,0.0,artifacts/goal_bowl_destination_steering_formal_t1_lambda2_combined/goal_bowl_destination_time_decay_cabinet_init5_repeat1_failure.json,0.6561,nan,nan,0.5904900000000001,nan,nan,0.531441,nan,nan,0.4782969000000001,nan,nan,0.531441,nan,nan,0.4782969000000001,nan,nan,0.4304672100000001,nan,nan,0.3874204890000001,nan,nan,0.4304672100000001,nan,nan,0.3874204890000001,nan,nan,0.3486784401000001,nan,nan,0.31381059609000006,nan,nan
time_decay,cabinet,6,0,True,79,39,53,58,5,8,9,48.0,0.42664284611390335,7.678194700830947,0.20153788963668343,0.4488720084229265,0.7224636734944574,0.9366037608239414,0.3268222444981229,0.0,artifacts/goal_bowl_destination_steering_formal_t1_lambda2_combined/goal_bowl_destination_time_decay_cabinet_init6_repeat0_success.json,0.5904900000000001,nan,nan,0.531441,nan,nan,0.4782969000000001,nan,nan,0.4304672100000001,nan,nan,0.4304672100000001,nan,nan,0.3874204890000001,nan,nan,0.3486784401000001,nan,nan,0.31381059609000006,nan,nan,0.3874204890000001,nan,nan,0.3486784401000001,nan,nan,0.31381059609000006,nan,nan,0.2824295364810001,nan,nan
time_decay,cabinet,6,1,True,103,38,70,77,5,12,13,67.0,0.48411874273175437,13.680957845692708,0.16229615829839533,0.3748455091491793,0.6539750128833085,0.902199871101352,0.28012704831301055,0.0,artifacts/goal_bowl_destination_steering_formal_t1_lambda2_combined/goal_bowl_destination_time_decay_cabinet_init6_repeat1_success.json,0.5904900000000001,nan,nan,0.531441,nan,nan,0.4782969000000001,nan,nan,0.4304672100000001,nan,nan,0.2824295364810001,nan,nan,0.2541865828329001,nan,nan,0.2287679245496101,nan,nan,0.20589113209464907,nan,nan,0.2541865828329001,nan,nan,0.2287679245496101,nan,nan,0.20589113209464907,nan,nan,0.18530201888518416,nan,nan
time_decay,cabinet,7,0,True,81,37,52,57,5,8,9,47.0,0.4377933157181039,8.588419082457103,0.1664701615829489,0.3523833194218489,0.5953034741470629,0.8293593920312509,0.26625460101120335,0.0,artifacts/goal_bowl_destination_steering_formal_t1_lambda2_combined/goal_bowl_destination_time_decay_cabinet_init7_repeat0_success.json,0.5904900000000001,nan,nan,0.531441,nan,nan,0.4782969000000001,nan,nan,0.4304672100000001,nan,nan,0.4304672100000001,nan,nan,0.3874204890000001,nan,nan,0.3486784401000001,nan,nan,0.31381059609000006,nan,nan,0.3874204890000001,nan,nan,0.3486784401000001,nan,nan,0.31381059609000006,nan,nan,0.2824295364810001,nan,nan
time_decay,cabinet,7,1,True,80,37,51,57,5,8,9,47.0,0.4328053817060967,7.727383093156812,0.1881123963296843,0.4330319888392652,0.7210700049585942,0.9476715490546459,0.3170822886191455,0.0,artifacts/goal_bowl_destination_steering_formal_t1_lambda2_combined/goal_bowl_destination_time_decay_cabinet_init7_repeat1_success.json,0.5904900000000001,nan,nan,0.531441,nan,nan,0.4782969000000001,nan,nan,0.4304672100000001,nan,nan,0.4304672100000001,nan,nan,0.3874204890000001,nan,nan,0.3486784401000001,nan,nan,0.31381059609000006,nan,nan,0.3874204890000001,nan,nan,0.3486784401000001,nan,nan,0.31381059609000006,nan,nan,0.2824295364810001,nan,nan
time_decay,cabinet,8,0,True,77,35,45,53,5,7,8,43.0,0.39836590193514404,6.467741449992314,0.15235203692526497,0.3447021174029659,0.5901366876764209,0.8173741672919583,0.25735298810067303,0.0,artifacts/goal_bowl_destination_steering_formal_t1_lambda2_combined/goal_bowl_destination_time_decay_cabinet_init8_repeat0_success.json,0.5904900000000001,nan,nan,0.531441,nan,nan,0.4782969000000001,nan,nan,0.4304672100000001,nan,nan,0.4782969000000001,nan,nan,0.4304672100000001,nan,nan,0.3874204890000001,nan,nan,0.3486784401000001,nan,nan,0.4304672100000001,nan,nan,0.3874204890000001,nan,nan,0.3486784401000001,nan,nan,0.31381059609000006,nan,nan
time_decay,cabinet,8,1,True,76,35,45,53,5,7,8,43.0,0.3942648896782227,6.404605026943449,0.15192820736593957,0.346371004415973,0.5859268040131187,0.8118489800187685,0.256960771994752,0.0,artifacts/goal_bowl_destination_steering_formal_t1_lambda2_combined/goal_bowl_destination_time_decay_cabinet_init8_repeat1_success.json,0.5904900000000001,nan,nan,0.531441,nan,nan,0.4782969000000001,nan,nan,0.4304672100000001,nan,nan,0.4782969000000001,nan,nan,0.4304672100000001,nan,nan,0.3874204890000001,nan,nan,0.3486784401000001,nan,nan,0.4304672100000001,nan,nan,0.3874204890000001,nan,nan,0.3486784401000001,nan,nan,0.31381059609000006,nan,nan
time_decay,cabinet,9,0,True,83,38,87,56,5,15,9,46.0,0.3974639658230697,7.191921619938693,0.17879602153566332,0.3947964740074914,0.6635642335915667,0.9071991000188562,0.29365018774592827,0.0,artifacts/goal_bowl_destination_steering_formal_t1_lambda2_combined/goal_bowl_destination_time_decay_cabinet_init9_repeat0_success.json,0.5904900000000001,nan,nan,0.531441,nan,nan,0.4782969000000001,nan,nan,0.4304672100000001,nan,nan,0.20589113209464907,nan,nan,0.18530201888518416,nan,nan,nan,nan,nan,nan,nan,nan,0.3874204890000001,nan,nan,0.3486784401000001,nan,nan,0.31381059609000006,nan,nan,0.2824295364810001,nan,nan
time_decay,cabinet,9,1,True,80,38,88,57,5,15,9,47.0,0.41864944569442397,7.862530006035616,0.2237100751548838,0.4758612690879693,0.7430289554751278,0.9740420472214582,0.3468501427975716,0.0,artifacts/goal_bowl_destination_steering_formal_t1_lambda2_combined/goal_bowl_destination_time_decay_cabinet_init9_repeat1_success.json,0.5904900000000001,nan,nan,0.531441,nan,nan,0.4782969000000001,nan,nan,0.4304672100000001,nan,nan,0.20589113209464907,nan,nan,nan,nan,nan,nan,nan,nan,nan,nan,nan,0.3874204890000001,nan,nan,0.3486784401000001,nan,nan,0.31381059609000006,nan,nan,0.2824295364810001,nan,nan
time_decay,plate,0,0,True,78,49,61,69,7,10,11,59.0,0.4749630274359809,9.800123368941945,-0.05747747550105126,0.03735673165603227,0.23306917625858398,0.38072320696292794,0.026572762826286803,0.5333333333333333,artifacts/goal_bowl_destination_steering_formal_t1_lambda2_combined/goal_bowl_destination_time_decay_plate_init0_repeat0_success.json,0.4782969000000001,nan,nan,0.4304672100000001,nan,nan,0.3874204890000001,nan,nan,0.3486784401000001,nan,nan,0.3486784401000001,nan,nan,0.31381059609000006,nan,nan,0.2824295364810001,nan,nan,0.2541865828329001,nan,nan,0.31381059609000006,nan,nan,0.2824295364810001,nan,nan,0.2541865828329001,nan,nan,0.2287679245496101,nan,nan
time_decay,plate,0,1,True,76,49,60,69,7,10,11,59.0,0.4898505780555372,8.955336723541054,-0.05862558459781962,0.0876281430951988,0.3293188071472587,0.40660660777187924,0.0531386447270697,0.4666666666666667,artifacts/goal_bowl_destination_steering_formal_t1_lambda2_combined/goal_bowl_destination_time_decay_plate_init0_repeat1_success.json,0.4782969000000001,nan,nan,0.4304672100000001,nan,nan,0.3874204890000001,nan,nan,0.3486784401000001,nan,nan,0.3486784401000001,nan,nan,0.31381059609000006,nan,nan,0.2824295364810001,nan,nan,0.2541865828329001,nan,nan,0.31381059609000006,nan,nan,0.2824295364810001,nan,nan,0.2541865828329001,nan,nan,0.2287679245496101,nan,nan
time_decay,plate,10,0,True,72,46,57,66,7,9,11,56.0,0.5217316158023966,8.746005989525395,-0.024455132015632403,0.12083633881879045,0.3100269958076327,0.3431200019630349,0.07171598412291369,0.4,artifacts/goal_bowl_destination_steering_formal_t1_lambda2_combined/goal_bowl_destination_time_decay_plate_init10_repeat0_success.json,0.4782969000000001,nan,nan,0.4304672100000001,nan,nan,0.3874204890000001,nan,nan,0.3486784401000001,nan,nan,0.3874204890000001,nan,nan,0.3486784401000001,nan,nan,0.31381059609000006,nan,nan,0.2824295364810001,nan,nan,0.31381059609000006,nan,nan,0.2824295364810001,nan,nan,0.2541865828329001,nan,nan,0.2287679245496101,nan,nan
time_decay,plate,10,1,True,73,46,57,65,7,9,11,55.0,0.4958447845910403,8.924183854490453,-0.07739792784211005,0.03499205373268654,0.23548080167180954,0.33892195376840256,0.018563011942276175,0.6,artifacts/goal_bowl_destination_steering_formal_t1_lambda2_combined/goal_bowl_destination_time_decay_plate_init10_repeat1_success.json,0.4782969000000001,nan,nan,0.4304672100000001,nan,nan,0.3874204890000001,nan,nan,0.3486784401000001,nan,nan,0.3874204890000001,nan,nan,0.3486784401000001,nan,nan,0.31381059609000006,nan,nan,0.2824295364810001,nan,nan,0.31381059609000006,nan,nan,0.2824295364810001,nan,nan,0.2541865828329001,nan,nan,0.2287679245496101,nan,nan
time_decay,plate,11,0,True,71,46,57,67,7,9,11,57.0,0.5180606841674691,9.188659798673221,-0.021199718859228223,0.16137219848519235,0.32984724126625636,0.32984724126625636,0.08692553899726481,0.3333333333333333,artifacts/goal_bowl_destination_steering_formal_t1_lambda2_combined/goal_bowl_destination_time_decay_plate_init11_repeat0_success.json,0.4782969000000001,nan,nan,0.4304672100000001,nan,nan,0.3874204890000001,nan,nan,0.3486784401000001,nan,nan,0.3874204890000001,nan,nan,0.3486784401000001,nan,nan,0.31381059609000006,nan,nan,0.2824295364810001,nan,nan,0.31381059609000006,nan,nan,0.2824295364810001,nan,nan,0.2541865828329001,nan,nan,0.2287679245496101,nan,nan
time_decay,plate,11,1,True,72,45,80,64,7,14,10,54.0,0.5019834083112904,8.585673294564643,-0.046436001609660854,0.06657910077563708,0.24411567169179965,0.3268634831995347,0.04013587533195467,0.4666666666666667,artifacts/goal_bowl_destination_steering_formal_t1_lambda2_combined/goal_bowl_destination_time_decay_plate_init11_repeat1_success.json,0.4782969000000001,nan,nan,0.4304672100000001,nan,nan,0.3874204890000001,nan,nan,0.3486784401000001,nan,nan,0.2287679245496101,nan,nan,nan,nan,nan,nan,nan,nan,nan,nan,nan,0.3486784401000001,nan,nan,0.31381059609000006,nan,nan,0.2824295364810001,nan,nan,0.2541865828329001,nan,nan
time_decay,plate,12,0,True,82,49,66,70,7,11,12,60.0,0.4895163713174536,9.024129007356994,-0.07020114126054917,-0.006397591282119581,0.1607743551449684,0.3479144423786069,-0.0013750638115663251,0.6666666666666666,artifacts/goal_bowl_destination_steering_formal_t1_lambda2_combined/goal_bowl_destination_time_decay_plate_init12_repeat0_success.json,0.4782969000000001,nan,nan,0.4304672100000001,nan,nan,0.3874204890000001,nan,nan,0.3486784401000001,nan,nan,0.31381059609000006,nan,nan,0.2824295364810001,nan,nan,0.2541865828329001,nan,nan,0.2287679245496101,nan,nan,0.2824295364810001,nan,nan,0.2541865828329001,nan,nan,0.2287679245496101,nan,nan,0.20589113209464907,nan,nan
time_decay,plate,12,1,True,74,50,61,69,8,10,11,59.0,0.4746069849999407,9.154776488195736,-0.06809359453426933,0.11994621862467254,0.3838937117582546,0.3838937117582546,0.061649821047278064,0.4666666666666667,artifacts/goal_bowl_destination_steering_formal_t1_lambda2_combined/goal_bowl_destination_time_decay_plate_init12_repeat1_success.json,0.4304672100000001,nan,nan,0.3874204890000001,nan,nan,0.3486784401000001,nan,nan,0.31381059609000006,nan,nan,0.3486784401000001,nan,nan,0.31381059609000006,nan,nan,0.2824295364810001,nan,nan,0.2541865828329001,nan,nan,0.31381059609000006,nan,nan,0.2824295364810001,nan,nan,0.2541865828329001,nan,nan,0.2287679245496101,nan,nan
time_decay,plate,13,0,True,98,61,73,84,10,12,14,74.0,0.5205160155783305,8.01390797215322,-0.09021079474380489,-0.07108405085522362,0.050074243925119284,0.21526733100302975,-0.04415271170803969,0.8666666666666667,artifacts/goal_bowl_destination_steering_formal_t1_lambda2_combined/goal_bowl_destination_time_decay_plate_init13_repeat0_success.json,0.3486784401000001,nan,nan,0.31381059609000006,nan,nan,0.2824295364810001,nan,nan,0.2541865828329001,nan,nan,0.2824295364810001,nan,nan,0.2541865828329001,nan,nan,0.2287679245496101,nan,nan,0.20589113209464907,nan,nan,0.2287679245496101,nan,nan,0.20589113209464907,nan,nan,0.18530201888518416,nan,nan,0.16677181699666577,nan,nan
time_decay,plate,13,1,True,98,63,76,85,10,13,15,75.0,0.5427426251519489,8.157733931177003,-0.07675873777105685,-0.06697162366440225,0.10287850132282274,0.30283273349641315,-0.02947792809329571,0.8,artifacts/goal_bowl_destination_steering_formal_t1_lambda2_combined/goal_bowl_destination_time_decay_plate_init13_repeat1_success.json,0.3486784401000001,nan,nan,0.31381059609000006,nan,nan,0.2824295364810001,nan,nan,0.2541865828329001,nan,nan,0.2541865828329001,nan,nan,0.2287679245496101,nan,nan,0.20589113209464907,nan,nan,0.18530201888518416,nan,nan,0.20589113209464907,nan,nan,0.18530201888518416,nan,nan,0.16677181699666577,nan,nan,0.15009463529699918,nan,nan
time_decay,plate,14,0,True,78,52,62,76,8,10,13,66.0,0.49678648875048836,9.703509024756858,0.02828848836427995,0.25195106298190795,0.32977180253747274,0.32977180253747274,0.13051629713719362,0.2,artifacts/goal_bowl_destination_steering_formal_t1_lambda2_combined/goal_bowl_destination_time_decay_plate_init14_repeat0_success.json,0.4304672100000001,nan,nan,0.3874204890000001,nan,nan,0.3486784401000001,nan,nan,0.31381059609000006,nan,nan,0.3486784401000001,nan,nan,0.31381059609000006,nan,nan,0.2824295364810001,nan,nan,0.2541865828329001,nan,nan,0.2541865828329001,nan,nan,0.2287679245496101,nan,nan,0.20589113209464907,nan,nan,nan,nan,nan
time_decay,plate,14,1,True,79,51,64,73,8,10,12,63.0,0.4987429669777785,9.589336679726813,-0.020951129270764337,0.142749463021277,0.32444195636425244,0.3453569477140109,0.07920940587857683,0.4,artifacts/goal_bowl_destination_steering_formal_t1_lambda2_combined/goal_bowl_destination_time_decay_plate_init14_repeat1_success.json,0.4304672100000001,nan,nan,0.3874204890000001,nan,nan,0.3486784401000001,nan,nan,0.31381059609000006,nan,nan,0.3486784401000001,nan,nan,0.31381059609000006,nan,nan,0.2824295364810001,nan,nan,0.2541865828329001,nan,nan,0.2824295364810001,nan,nan,0.2541865828329001,nan,nan,0.2287679245496101,nan,nan,0.20589113209464907,nan,nan
time_decay,plate,15,0,True,77,49,66,67,7,11,11,57.0,0.4962595137727838,8.446786560753964,-0.07057040273724105,-0.004262414906839309,0.20153534375420074,0.3673259797907181,0.005248722138769542,0.6666666666666666,artifacts/goal_bowl_destination_steering_formal_t1_lambda2_combined/goal_bowl_destination_time_decay_plate_init15_repeat0_success.json,0.4782969000000001,nan,nan,0.4304672100000001,nan,nan,0.3874204890000001,nan,nan,0.3486784401000001,nan,nan,0.31381059609000006,nan,nan,0.2824295364810001,nan,nan,0.2541865828329001,nan,nan,0.2287679245496101,nan,nan,0.31381059609000006,nan,nan,0.2824295364810001,nan,nan,0.2541865828329001,nan,nan,0.2287679245496101,nan,nan
time_decay,plate,15,1,True,72,47,58,67,7,9,11,57.0,0.4988576074641137,8.426053104780278,-0.028887533678937982,0.14255447619183229,0.32050947513932665,0.32050947513932665,0.07360061223882068,0.4,artifacts/goal_bowl_destination_steering_formal_t1_lambda2_combined/goal_bowl_destination_time_decay_plate_init15_repeat1_success.json,0.4782969000000001,nan,nan,0.4304672100000001,nan,nan,0.3874204890000001,nan,nan,0.3486784401000001,nan,nan,0.3874204890000001,nan,nan,0.3486784401000001,nan,nan,0.31381059609000006,nan,nan,0.2824295364810001,nan,nan,0.31381059609000006,nan,nan,0.2824295364810001,nan,nan,0.2541865828329001,nan,nan,0.2287679245496101,nan,nan
time_decay,plate,16,0,True,88,59,77,80,9,13,14,70.0,0.4764545264398915,7.422965080974921,-0.06537415504956873,0.06954606442069673,0.2726338034021295,0.3600699875626227,0.03783076532917749,0.5333333333333333,artifacts/goal_bowl_destination_steering_formal_t1_lambda2_combined/goal_bowl_destination_time_decay_plate_init16_repeat0_success.json,0.3874204890000001,nan,nan,0.3486784401000001,nan,nan,0.31381059609000006,nan,nan,0.2824295364810001,nan,nan,0.2541865828329001,nan,nan,0.2287679245496101,nan,nan,0.20589113209464907,nan,nan,0.18530201888518416,nan,nan,0.2287679245496101,nan,nan,0.20589113209464907,nan,nan,0.18530201888518416,nan,nan,0.16677181699666577,nan,nan
time_decay,plate,16,1,True,109,65,80,86,11,14,15,76.0,0.47734731295376376,7.404790818985153,-0.14071133796951402,-0.13868247911959009,0.01596767488470449,0.1503192739226175,-0.08882308659272317,0.9333333333333333,artifacts/goal_bowl_destination_steering_formal_t1_lambda2_combined/goal_bowl_destination_time_decay_plate_init16_repeat1_success.json,0.31381059609000006,nan,nan,0.2824295364810001,nan,nan,0.2541865828329001,nan,nan,0.2287679245496101,nan,nan,0.2287679245496101,nan,nan,0.20589113209464907,nan,nan,0.18530201888518416,nan,nan,0.16677181699666577,nan,nan,0.20589113209464907,nan,nan,0.18530201888518416,nan,nan,0.16677181699666577,nan,nan,0.15009463529699918,nan,nan
time_decay,plate,17,0,True,82,53,63,75,8,10,13,65.0,0.5075109009138088,8.703537487621567,-0.051633347752838725,0.0401871356334511,0.19203121766241485,0.278360725743012,0.022263462122431223,0.5333333333333333,artifacts/goal_bowl_destination_steering_formal_t1_lambda2_combined/goal_bowl_destination_time_decay_plate_init17_repeat0_success.json,0.4304672100000001,nan,nan,0.3874204890000001,nan,nan,0.3486784401000001,nan,nan,0.31381059609000006,nan,nan,0.3486784401000001,nan,nan,0.31381059609000006,nan,nan,0.2824295364810001,nan,nan,0.2541865828329001,nan,nan,0.2541865828329001,nan,nan,0.2287679245496101,nan,nan,0.20589113209464907,nan,nan,0.18530201888518416,nan,nan
time_decay,plate,17,1,True,79,53,64,74,8,10,12,64.0,0.5230642846886904,9.470539507788704,-0.01965740904325443,0.11843339365338806,0.2794731546926019,0.2794731546926019,0.0638823429495628,0.3333333333333333,artifacts/goal_bowl_destination_steering_formal_t1_lambda2_combined/goal_bowl_destination_time_decay_plate_init17_repeat1_success.json,0.4304672100000001,nan,nan,0.3874204890000001,nan,nan,0.3486784401000001,nan,nan,0.31381059609000006,nan,nan,0.3486784401000001,nan,nan,0.31381059609000006,nan,nan,0.2824295364810001,nan,nan,0.2541865828329001,nan,nan,0.2824295364810001,nan,nan,0.2541865828329001,nan,nan,0.2287679245496101,nan,nan,0.20589113209464907,nan,nan
time_decay,plate,18,0,True,75,49,68,71,7,11,12,61.0,0.5390689240010466,9.361669074707732,-0.005998047217341212,0.15883985843788384,0.29564712837798723,0.29564712837798723,0.08641643957739388,0.3333333333333333,artifacts/goal_bowl_destination_steering_formal_t1_lambda2_combined/goal_bowl_destination_time_decay_plate_init18_repeat0_success.json,0.4782969000000001,nan,nan,0.4304672100000001,nan,nan,0.3874204890000001,nan,nan,0.3486784401000001,nan,nan,0.31381059609000006,nan,nan,0.2824295364810001,nan,nan,0.2541865828329001,nan,nan,0.2287679245496101,nan,nan,0.2824295364810001,nan,nan,0.2541865828329001,nan,nan,0.2287679245496101,nan,nan,nan,nan,nan
time_decay,plate,18,1,True,74,48,61,70,7,10,12,60.0,0.520010081466442,9.492398888317396,-0.014522567108160345,0.14394050199845035,0.2881396074836335,0.2881396074836335,0.07725279693281122,0.3333333333333333,artifacts/goal_bowl_destination_steering_formal_t1_lambda2_combined/goal_bowl_destination_time_decay_plate_init18_repeat1_success.json,0.4782969000000001,nan,nan,0.4304672100000001,nan,nan,0.3874204890000001,nan,nan,0.3486784401000001,nan,nan,0.3486784401000001,nan,nan,0.31381059609000006,nan,nan,0.2824295364810001,nan,nan,0.2541865828329001,nan,nan,0.2824295364810001,nan,nan,0.2541865828329001,nan,nan,0.2287679245496101,nan,nan,nan,nan,nan
time_decay,plate,19,0,True,79,46,57,67,7,9,11,57.0,0.4707051051688378,8.932710098881323,-0.05558259891586135,0.011163459530672104,0.1754334780997159,0.3360088669685389,0.011298684001756279,0.6,artifacts/goal_bowl_destination_steering_formal_t1_lambda2_combined/goal_bowl_destination_time_decay_plate_init19_repeat0_success.json,0.4782969000000001,nan,nan,0.4304672100000001,nan,nan,0.3874204890000001,nan,nan,0.3486784401000001,nan,nan,0.3874204890000001,nan,nan,0.3486784401000001,nan,nan,0.31381059609000006,nan,nan,0.2824295364810001,nan,nan,0.31381059609000006,nan,nan,0.2824295364810001,nan,nan,0.2541865828329001,nan,nan,0.2287679245496101,nan,nan
time_decay,plate,19,1,True,75,47,60,68,7,10,11,58.0,0.49292354296253466,9.152411465820858,-0.04873346728504069,0.10807779926806603,0.32509140340226916,0.39491593029577066,0.06194915730597724,0.4666666666666667,artifacts/goal_bowl_destination_steering_formal_t1_lambda2_combined/goal_bowl_destination_time_decay_plate_init19_repeat1_success.json,0.4782969000000001,nan,nan,0.4304672100000001,nan,nan,0.3874204890000001,nan,nan,0.3486784401000001,nan,nan,0.3486784401000001,nan,nan,0.31381059609000006,nan,nan,0.2824295364810001,nan,nan,0.2541865828329001,nan,nan,0.31381059609000006,nan,nan,0.2824295364810001,nan,nan,0.2541865828329001,nan,nan,0.2287679245496101,nan,nan
time_decay,plate,1,0,True,78,53,64,72,8,10,12,62.0,0.5427772232309216,9.064550700340492,-0.10522017184430889,0.049159922445543604,0.2714368015193777,0.30255483081060475,0.012812417661100643,0.5333333333333333,artifacts/goal_bowl_destination_steering_formal_t1_lambda2_combined/goal_bowl_destination_time_decay_plate_init1_repeat0_success.json,0.4304672100000001,nan,nan,0.3874204890000001,nan,nan,0.3486784401000001,nan,nan,0.31381059609000006,nan,nan,0.3486784401000001,nan,nan,0.31381059609000006,nan,nan,0.2824295364810001,nan,nan,0.2541865828329001,nan,nan,0.2824295364810001,nan,nan,0.2541865828329001,nan,nan,0.2287679245496101,nan,nan,0.20589113209464907,nan,nan
time_decay,plate,1,1,True,75,49,62,69,7,10,11,59.0,0.5415800564795846,8.774547786523392,-0.07419683728651863,0.07401476688381972,0.28410226410288403,0.3171799568503511,0.03443637043542448,0.5333333333333333,artifacts/goal_bowl_destination_steering_formal_t1_lambda2_combined/goal_bowl_destination_time_decay_plate_init1_repeat1_success.json,0.4782969000000001,nan,nan,0.4304672100000001,nan,nan,0.3874204890000001,nan,nan,0.3486784401000001,nan,nan,0.3486784401000001,nan,nan,0.31381059609000006,nan,nan,0.2824295364810001,nan,nan,0.2541865828329001,nan,nan,0.31381059609000006,nan,nan,0.2824295364810001,nan,nan,0.2541865828329001,nan,nan,0.2287679245496101,nan,nan
time_decay,plate,20,0,True,85,50,62,71,8,10,12,61.0,0.5053247088640384,9.5010369408337,-0.11254440358112366,-0.09235641204568452,0.05707525360201042,0.22783087583430747,-0.05704379463503976,0.8666666666666667,artifacts/goal_bowl_destination_steering_formal_t1_lambda2_combined/goal_bowl_destination_time_decay_plate_init20_repeat0_success.json,0.4304672100000001,nan,nan,0.3874204890000001,nan,nan,0.3486784401000001,nan,nan,0.31381059609000006,nan,nan,0.3486784401000001,nan,nan,0.31381059609000006,nan,nan,0.2824295364810001,nan,nan,0.2541865828329001,nan,nan,0.2824295364810001,nan,nan,0.2541865828329001,nan,nan,0.2287679245496101,nan,nan,0.20589113209464907,nan,nan
time_decay,plate,20,1,True,81,47,58,68,7,9,11,58.0,0.4777931504521526,8.81695339371326,-0.09357923264277737,-0.056690780746834084,0.07777191537848392,0.22211444432935135,-0.039341435664359894,0.8,artifacts/goal_bowl_destination_steering_formal_t1_lambda2_combined/goal_bowl_destination_time_decay_plate_init20_repeat1_success.json,0.4782969000000001,nan,nan,0.4304672100000001,nan,nan,0.3874204890000001,nan,nan,0.3486784401000001,nan,nan,0.3874204890000001,nan,nan,0.3486784401000001,nan,nan,0.31381059609000006,nan,nan,0.2824295364810001,nan,nan,0.31381059609000006,nan,nan,0.2824295364810001,nan,nan,0.2541865828329001,nan,nan,0.2287679245496101,nan,nan
time_decay,plate,21,0,True,80,54,64,75,8,10,13,65.0,0.5253479028235004,8.255604047002976,-0.031054911864958155,0.09471155069740353,0.2651565209251945,0.2651565209251945,0.05223792530471458,0.4,artifacts/goal_bowl_destination_steering_formal_t1_lambda2_combined/goal_bowl_destination_time_decay_plate_init21_repeat0_success.json,0.4304672100000001,nan,nan,0.3874204890000001,nan,nan,0.3486784401000001,nan,nan,0.31381059609000006,nan,nan,0.3486784401000001,nan,nan,0.31381059609000006,nan,nan,0.2824295364810001,nan,nan,0.2541865828329001,nan,nan,0.2541865828329001,nan,nan,0.2287679245496101,nan,nan,0.20589113209464907,nan,nan,nan,nan,nan
time_decay,plate,21,1,True,79,50,62,71,8,10,12,61.0,0.5171866400660103,8.404551519088466,-0.03587060774367483,0.08901258620327203,0.2030073308659922,0.25778716716709454,0.04033712882678162,0.4666666666666667,artifacts/goal_bowl_destination_steering_formal_t1_lambda2_combined/goal_bowl_destination_time_decay_plate_init21_repeat1_success.json,0.4304672100000001,nan,nan,0.3874204890000001,nan,nan,0.3486784401000001,nan,nan,0.31381059609000006,nan,nan,0.3486784401000001,nan,nan,0.31381059609000006,nan,nan,0.2824295364810001,nan,nan,0.2541865828329001,nan,nan,0.2824295364810001,nan,nan,0.2541865828329001,nan,nan,0.2287679245496101,nan,nan,0.20589113209464907,nan,nan
time_decay,plate,22,0,True,72,42,57,64,6,9,10,54.0,0.45408506280347616,8.750256261681967,-0.07973146237393428,-0.011653492334190066,0.1718560258276491,0.2674312697759034,-0.007243144019112898,0.6666666666666666,artifacts/goal_bowl_destination_steering_formal_t1_lambda2_combined/goal_bowl_destination_time_decay_plate_init22_repeat0_success.json,0.531441,nan,nan,0.4782969000000001,nan,nan,0.4304672100000001,nan,nan,0.3874204890000001,nan,nan,0.3874204890000001,nan,nan,0.3486784401000001,nan,nan,0.31381059609000006,nan,nan,0.2824295364810001,nan,nan,0.3486784401000001,nan,nan,0.31381059609000006,nan,nan,0.2824295364810001,nan,nan,0.2541865828329001,nan,nan
time_decay,plate,22,1,True,74,42,57,63,6,9,10,53.0,0.43699395128643304,8.674241923593362,-0.1100881970615447,-0.07437479636157933,0.10889917896957489,0.2544249792411373,-0.04503162132995263,0.8,artifacts/goal_bowl_destination_steering_formal_t1_lambda2_combined/goal_bowl_destination_time_decay_plate_init22_repeat1_success.json,0.531441,nan,nan,0.4782969000000001,nan,nan,0.4304672100000001,nan,nan,0.3874204890000001,nan,nan,0.3874204890000001,nan,nan,0.3486784401000001,nan,nan,0.31381059609000006,nan,nan,0.2824295364810001,nan,nan,0.3486784401000001,nan,nan,0.31381059609000006,nan,nan,0.2824295364810001,nan,nan,0.2541865828329001,nan,nan
time_decay,plate,23,0,True,73,47,57,69,7,9,11,59.0,0.5509924322437191,9.009161590396157,0.021900278097988,0.17445834297191268,0.30158998572942997,0.30158998572942997,0.10462229921096895,0.2,artifacts/goal_bowl_destination_steering_formal_t1_lambda2_combined/goal_bowl_destination_time_decay_plate_init23_repeat0_success.json,0.4782969000000001,nan,nan,0.4304672100000001,nan,nan,0.3874204890000001,nan,nan,0.3486784401000001,nan,nan,0.3874204890000001,nan,nan,0.3486784401000001,nan,nan,0.31381059609000006,nan,nan,0.2824295364810001,nan,nan,0.31381059609000006,nan,nan,0.2824295364810001,nan,nan,0.2541865828329001,nan,nan,0.2287679245496101,nan,nan
time_decay,plate,23,1,True,75,50,62,70,8,10,12,60.0,0.5310422331796912,9.179010532490071,-0.03873809329389469,0.1301241848252312,0.3309252594444042,0.3309252594444042,0.06829894110028971,0.4,artifacts/goal_bowl_destination_steering_formal_t1_lambda2_combined/goal_bowl_destination_time_decay_plate_init23_repeat1_success.json,0.4304672100000001,nan,nan,0.3874204890000001,nan,nan,0.3486784401000001,nan,nan,0.31381059609000006,nan,nan,0.3486784401000001,nan,nan,0.31381059609000006,nan,nan,0.2824295364810001,nan,nan,0.2541865828329001,nan,nan,0.2824295364810001,nan,nan,0.2541865828329001,nan,nan,0.2287679245496101,nan,nan,nan,nan,nan
time_decay,plate,24,0,True,72,45,,64,7,,10,54.0,0.49189323580769917,8.857749278627189,-0.024315617329971596,0.11848944940524574,0.3313994493926137,0.4209197917781447,0.07646416067945361,0.4,artifacts/goal_bowl_destination_steering_formal_t1_lambda2_combined/goal_bowl_destination_time_decay_plate_init24_repeat0_success.json,0.4782969000000001,nan,nan,0.4304672100000001,nan,nan,0.3874204890000001,nan,nan,0.3486784401000001,nan,nan,nan,nan,nan,nan,nan,nan,nan,nan,nan,nan,nan,nan,0.3486784401000001,nan,nan,0.31381059609000006,nan,nan,0.2824295364810001,nan,nan,0.2541865828329001,nan,nan
time_decay,plate,24,1,True,70,44,57,66,6,9,11,56.0,0.502595075465015,8.542353182608386,0.014214397070021102,0.22840164361148224,0.40504110718338104,0.40504110718338104,0.13119438541241019,0.26666666666666666,artifacts/goal_bowl_destination_steering_formal_t1_lambda2_combined/goal_bowl_destination_time_decay_plate_init24_repeat1_success.json,0.531441,nan,nan,0.4782969000000001,nan,nan,0.4304672100000001,nan,nan,0.3874204890000001,nan,nan,0.3874204890000001,nan,nan,0.3486784401000001,nan,nan,0.31381059609000006,nan,nan,0.2824295364810001,nan,nan,0.31381059609000006,nan,nan,0.2824295364810001,nan,nan,0.2541865828329001,nan,nan,nan,nan,nan
time_decay,plate,25,0,True,74,48,60,69,7,10,11,59.0,0.5137329274728768,9.142947630329196,-0.02528893973476988,0.14199630346035855,0.3604016723438235,0.3604016723438235,0.08237093144224106,0.4,artifacts/goal_bowl_destination_steering_formal_t1_lambda2_combined/goal_bowl_destination_time_decay_plate_init25_repeat0_success.json,0.4782969000000001,nan,nan,0.4304672100000001,nan,nan,0.3874204890000001,nan,nan,0.3486784401000001,nan,nan,0.3486784401000001,nan,nan,0.31381059609000006,nan,nan,0.2824295364810001,nan,nan,0.2541865828329001,nan,nan,0.31381059609000006,nan,nan,0.2824295364810001,nan,nan,0.2541865828329001,nan,nan,0.2287679245496101,nan,nan
time_decay,plate,25,1,True,72,47,57,68,7,9,11,58.0,0.5161638153514402,8.756417225027691,-0.00867792697020414,0.20815695705555098,0.37032500452856637,0.37032500452856637,0.11115420063872125,0.3333333333333333,artifacts/goal_bowl_destination_steering_formal_t1_lambda2_combined/goal_bowl_destination_time_decay_plate_init25_repeat1_success.json,0.4782969000000001,nan,nan,0.4304672100000001,nan,nan,0.3874204890000001,nan,nan,0.3486784401000001,nan,nan,0.3874204890000001,nan,nan,0.3486784401000001,nan,nan,0.31381059609000006,nan,nan,0.2824295364810001,nan,nan,0.31381059609000006,nan,nan,0.2824295364810001,nan,nan,0.2541865828329001,nan,nan,0.2287679245496101,nan,nan
time_decay,plate,26,0,True,78,48,,69,7,,11,59.0,0.5343725128651673,9.72631103227642,-0.013644418709089034,0.11500371277249352,0.31129397014649085,0.42668884320404393,0.07724753827250717,0.4,artifacts/goal_bowl_destination_steering_formal_t1_lambda2_combined/goal_bowl_destination_time_decay_plate_init26_repeat0_success.json,0.4782969000000001,nan,nan,0.4304672100000001,nan,nan,0.3874204890000001,nan,nan,0.3486784401000001,nan,nan,nan,nan,nan,nan,nan,nan,nan,nan,nan,nan,nan,nan,0.31381059609000006,nan,nan,0.2824295364810001,nan,nan,0.2541865828329001,nan,nan,0.2287679245496101,nan,nan
time_decay,plate,26,1,True,72,48,57,69,7,9,11,59.0,0.5485102390174376,8.752190945167616,0.0168361623426205,0.25601316853749495,0.40448401168198433,0.40448401168198433,0.14033245535948113,0.26666666666666666,artifacts/goal_bowl_destination_steering_formal_t1_lambda2_combined/goal_bowl_destination_time_decay_plate_init26_repeat1_success.json,0.4782969000000001,nan,nan,0.4304672100000001,nan,nan,0.3874204890000001,nan,nan,0.3486784401000001,nan,nan,0.3874204890000001,nan,nan,0.3486784401000001,nan,nan,0.31381059609000006,nan,nan,0.2824295364810001,nan,nan,0.31381059609000006,nan,nan,0.2824295364810001,nan,nan,0.2541865828329001,nan,nan,0.2287679245496101,nan,nan
time_decay,plate,27,0,True,81,56,68,76,9,11,13,66.0,0.49825515941623955,10.151135134637933,0.0014371867048312268,0.18900234833208626,0.4102717228322589,0.4102717228322589,0.11290947352782005,0.26666666666666666,artifacts/goal_bowl_destination_steering_formal_t1_lambda2_combined/goal_bowl_destination_time_decay_plate_init27_repeat0_success.json,0.3874204890000001,nan,nan,0.3486784401000001,nan,nan,0.31381059609000006,nan,nan,0.2824295364810001,nan,nan,0.31381059609000006,nan,nan,0.2824295364810001,nan,nan,0.2541865828329001,nan,nan,0.2287679245496101,nan,nan,0.2541865828329001,nan,nan,0.2287679245496101,nan,nan,0.20589113209464907,nan,nan,0.18530201888518416,nan,nan
time_decay,plate,27,1,True,80,54,66,74,8,11,12,64.0,0.4796768768982474,9.968864867049064,-0.02508022522212101,0.14704242857761204,0.3699026995397309,0.4003001132975238,0.0858173566607591,0.4,artifacts/goal_bowl_destination_steering_formal_t1_lambda2_combined/goal_bowl_destination_time_decay_plate_init27_repeat1_success.json,0.4304672100000001,nan,nan,0.3874204890000001,nan,nan,0.3486784401000001,nan,nan,0.31381059609000006,nan,nan,0.31381059609000006,nan,nan,0.2824295364810001,nan,nan,0.2541865828329001,nan,nan,0.2287679245496101,nan,nan,0.2824295364810001,nan,nan,0.2541865828329001,nan,nan,0.2287679245496101,nan,nan,0.20589113209464907,nan,nan
time_decay,plate,28,0,True,86,54,70,76,8,12,13,66.0,0.5568793894422046,8.180328129557932,-0.053969937389034044,0.0012894678647986865,0.17685948705854804,0.3655525567891887,0.01065065554405735,0.6,artifacts/goal_bowl_destination_steering_formal_t1_lambda2_combined/goal_bowl_destination_time_decay_plate_init28_repeat0_success.json,0.4304672100000001,nan,nan,0.3874204890000001,nan,nan,0.3486784401000001,nan,nan,0.31381059609000006,nan,nan,0.2824295364810001,nan,nan,0.2541865828329001,nan,nan,0.2287679245496101,nan,nan,0.20589113209464907,nan,nan,0.2541865828329001,nan,nan,0.2287679245496101,nan,nan,0.20589113209464907,nan,nan,0.18530201888518416,nan,nan
time_decay,plate,28,1,True,80,52,62,74,8,10,12,64.0,0.5398986241437258,8.359117821496984,-0.021602393718361087,0.1273721213316709,0.3156769575848616,0.3480827848911882,0.0747690083985807,0.4,artifacts/goal_bowl_destination_steering_formal_t1_lambda2_combined/goal_bowl_destination_time_decay_plate_init28_repeat1_success.json,0.4304672100000001,nan,nan,0.3874204890000001,nan,nan,0.3486784401000001,nan,nan,0.31381059609000006,nan,nan,0.3486784401000001,nan,nan,0.31381059609000006,nan,nan,0.2824295364810001,nan,nan,0.2541865828329001,nan,nan,0.2824295364810001,nan,nan,0.2541865828329001,nan,nan,0.2287679245496101,nan,nan,0.20589113209464907,nan,nan
time_decay,plate,29,0,False,300,48,,67,7,,11,57.0,0.5135065402947903,8.598255241348644,-0.020121012380479277,0.07773908487263484,0.2464939628157419,0.32615981320726234,0.053552870930183606,0.4,artifacts/goal_bowl_destination_steering_formal_t1_lambda2_combined/goal_bowl_destination_time_decay_plate_init29_repeat0_failure.json,0.4782969000000001,nan,nan,0.4304672100000001,nan,nan,0.3874204890000001,nan,nan,0.3486784401000001,nan,nan,nan,nan,nan,nan,nan,nan,nan,nan,nan,nan,nan,nan,0.31381059609000006,nan,nan,0.2824295364810001,nan,nan,0.2541865828329001,nan,nan,0.2287679245496101,nan,nan
time_decay,plate,29,1,True,73,47,57,69,7,9,11,59.0,0.5283496390128296,9.028583841676078,0.0003024788113755261,0.17303801479873507,0.34227548212886966,0.34227548212886966,0.09989453854813972,0.26666666666666666,artifacts/goal_bowl_destination_steering_formal_t1_lambda2_combined/goal_bowl_destination_time_decay_plate_init29_repeat1_success.json,0.4782969000000001,nan,nan,0.4304672100000001,nan,nan,0.3874204890000001,nan,nan,0.3486784401000001,nan,nan,0.3874204890000001,nan,nan,0.3486784401000001,nan,nan,0.31381059609000006,nan,nan,0.2824295364810001,nan,nan,0.31381059609000006,nan,nan,0.2824295364810001,nan,nan,0.2541865828329001,nan,nan,0.2287679245496101,nan,nan
time_decay,plate,2,0,True,81,52,65,71,8,11,12,61.0,0.49827684691453245,8.739370057874726,-0.0774050054759362,-0.03109358919316497,0.1325614921691845,0.31261659264726677,-0.015848031031256784,0.7333333333333333,artifacts/goal_bowl_destination_steering_formal_t1_lambda2_combined/goal_bowl_destination_time_decay_plate_init2_repeat0_success.json,0.4304672100000001,nan,nan,0.3874204890000001,nan,nan,0.3486784401000001,nan,nan,0.31381059609000006,nan,nan,0.31381059609000006,nan,nan,0.2824295364810001,nan,nan,0.2541865828329001,nan,nan,0.2287679245496101,nan,nan,0.2824295364810001,nan,nan,0.2541865828329001,nan,nan,0.2287679245496101,nan,nan,0.20589113209464907,nan,nan
time_decay,plate,2,1,True,77,51,60,72,8,10,12,62.0,0.5183070794667533,8.62914482460539,0.005955260731398757,0.1295101487660274,0.28544109398296796,0.28544109398296796,0.08068986408996606,0.26666666666666666,artifacts/goal_bowl_destination_steering_formal_t1_lambda2_combined/goal_bowl_destination_time_decay_plate_init2_repeat1_success.json,0.4304672100000001,nan,nan,0.3874204890000001,nan,nan,0.3486784401000001,nan,nan,0.31381059609000006,nan,nan,0.3486784401000001,nan,nan,0.31381059609000006,nan,nan,0.2824295364810001,nan,nan,0.2541865828329001,nan,nan,0.2824295364810001,nan,nan,0.2541865828329001,nan,nan,0.2287679245496101,nan,nan,0.20589113209464907,nan,nan
time_decay,plate,30,0,True,76,51,63,70,8,10,12,60.0,0.4841632890547375,8.58622308227958,-0.023355271570252592,0.11886528105084868,0.3098125121325138,0.34270610270923385,0.07160208964742576,0.4,artifacts/goal_bowl_destination_steering_formal_t1_lambda2_combined/goal_bowl_destination_time_decay_plate_init30_repeat0_success.json,0.4304672100000001,nan,nan,0.3874204890000001,nan,nan,0.3486784401000001,nan,nan,0.31381059609000006,nan,nan,0.3486784401000001,nan,nan,0.31381059609000006,nan,nan,0.2824295364810001,nan,nan,0.2541865828329001,nan,nan,0.2824295364810001,nan,nan,0.2541865828329001,nan,nan,0.2287679245496101,nan,nan,0.20589113209464907,nan,nan
time_decay,plate,30,1,True,74,49,60,72,7,10,12,62.0,0.505871216823424,9.34412233886131,0.09142080873161343,0.2759862090511899,0.3412713386110023,0.3412713386110023,0.16425239166302116,0.0,artifacts/goal_bowl_destination_steering_formal_t1_lambda2_combined/goal_bowl_destination_time_decay_plate_init30_repeat1_success.json,0.4782969000000001,nan,nan,0.4304672100000001,nan,nan,0.3874204890000001,nan,nan,0.3486784401000001,nan,nan,0.3486784401000001,nan,nan,0.31381059609000006,nan,nan,0.2824295364810001,nan,nan,0.2541865828329001,nan,nan,0.2824295364810001,nan,nan,0.2541865828329001,nan,nan,0.2287679245496101,nan,nan,nan,nan,nan
time_decay,plate,31,0,True,77,51,62,71,8,10,12,61.0,0.5360698880349635,9.750903676296076,-0.01630973011102218,0.13241694096650233,0.3342846413806616,0.36378315476642903,0.08254689902922727,0.3333333333333333,artifacts/goal_bowl_destination_steering_formal_t1_lambda2_combined/goal_bowl_destination_time_decay_plate_init31_repeat0_success.json,0.4304672100000001,nan,nan,0.3874204890000001,nan,nan,0.3486784401000001,nan,nan,0.31381059609000006,nan,nan,0.3486784401000001,nan,nan,0.31381059609000006,nan,nan,0.2824295364810001,nan,nan,0.2541865828329001,nan,nan,0.2824295364810001,nan,nan,0.2541865828329001,nan,nan,0.2287679245496101,nan,nan,0.20589113209464907,nan,nan
time_decay,plate,31,1,True,75,51,61,73,8,10,12,63.0,0.5775263114944355,9.772699865954909,0.06203621197576139,0.2745056380352048,0.3556061886398607,0.3556061886398607,0.15629738080618152,0.06666666666666667,artifacts/goal_bowl_destination_steering_formal_t1_lambda2_combined/goal_bowl_destination_time_decay_plate_init31_repeat1_success.json,0.4304672100000001,nan,nan,0.3874204890000001,nan,nan,0.3486784401000001,nan,nan,0.31381059609000006,nan,nan,0.3486784401000001,nan,nan,0.31381059609000006,nan,nan,0.2824295364810001,nan,nan,0.2541865828329001,nan,nan,0.2824295364810001,nan,nan,0.2541865828329001,nan,nan,0.2287679245496101,nan,nan,nan,nan,nan
time_decay,plate,32,0,True,113,52,95,105,8,17,19,95.0,0.7882357956822719,17.568315507425883,-0.03533253756238787,0.02845583433795734,0.18511738378715653,0.2823656056421383,0.024590789725914226,0.5333333333333333,artifacts/goal_bowl_destination_steering_formal_t1_lambda2_combined/goal_bowl_destination_time_decay_plate_init32_repeat0_success.json,0.4304672100000001,nan,nan,0.3874204890000001,nan,nan,0.3486784401000001,nan,nan,0.31381059609000006,nan,nan,0.16677181699666577,nan,nan,0.15009463529699918,nan,nan,0.13508517176729928,nan,nan,0.12157665459056935,nan,nan,0.13508517176729928,nan,nan,0.12157665459056935,nan,nan,0.10941898913151242,nan,nan,0.09847709021836118,nan,nan
time_decay,plate,32,1,True,82,53,,,8,,,nan,nan,nan,nan,nan,nan,nan,nan,nan,artifacts/goal_bowl_destination_steering_formal_t1_lambda2_combined/goal_bowl_destination_time_decay_plate_init32_repeat1_success.json,0.4304672100000001,nan,nan,0.3874204890000001,nan,nan,0.3486784401000001,nan,nan,0.31381059609000006,nan,nan,nan,nan,nan,nan,nan,nan,nan,nan,nan,nan,nan,nan,nan,nan,nan,nan,nan,nan,nan,nan,nan,nan,nan,nan
time_decay,plate,33,0,True,71,47,57,69,7,9,11,59.0,0.5076352529063112,9.15378034466909,0.04104437890689769,0.25992926599140653,0.33446343437069337,0.33446343437069337,0.13819777351662285,0.2,artifacts/goal_bowl_destination_steering_formal_t1_lambda2_combined/goal_bowl_destination_time_decay_plate_init33_repeat0_success.json,0.4782969000000001,nan,nan,0.4304672100000001,nan,nan,0.3874204890000001,nan,nan,0.3486784401000001,nan,nan,0.3874204890000001,nan,nan,0.3486784401000001,nan,nan,0.31381059609000006,nan,nan,0.2824295364810001,nan,nan,0.31381059609000006,nan,nan,0.2824295364810001,nan,nan,0.2541865828329001,nan,nan,0.2287679245496101,nan,nan
time_decay,plate,33,1,True,68,46,59,67,7,9,11,57.0,0.5133018362658456,9.210660275383123,0.06756834187807864,0.24943270617372262,0.2956505453854241,0.2956505453854241,0.13905812346841448,0.06666666666666667,artifacts/goal_bowl_destination_steering_formal_t1_lambda2_combined/goal_bowl_destination_time_decay_plate_init33_repeat1_success.json,0.4782969000000001,nan,nan,0.4304672100000001,nan,nan,0.3874204890000001,nan,nan,0.3486784401000001,nan,nan,0.3874204890000001,nan,nan,0.3486784401000001,nan,nan,0.31381059609000006,nan,nan,0.2824295364810001,nan,nan,0.31381059609000006,nan,nan,0.2824295364810001,nan,nan,0.2541865828329001,nan,nan,nan,nan,nan
time_decay,plate,34,0,True,80,53,64,72,8,10,12,62.0,0.4610630256843122,9.694724287931667,-0.06515896039363892,0.037089380308311,0.2920004903082112,0.41629039021888686,0.032324289873213154,0.6,artifacts/goal_bowl_destination_steering_formal_t1_lambda2_combined/goal_bowl_destination_time_decay_plate_init34_repeat0_success.json,0.4304672100000001,nan,nan,0.3874204890000001,nan,nan,0.3486784401000001,nan,nan,0.31381059609000006,nan,nan,0.3486784401000001,nan,nan,0.31381059609000006,nan,nan,0.2824295364810001,nan,nan,0.2541865828329001,nan,nan,0.2824295364810001,nan,nan,0.2541865828329001,nan,nan,0.2287679245496101,nan,nan,0.20589113209464907,nan,nan
time_decay,plate,34,1,True,81,52,71,71,8,12,12,61.0,0.45675000521887577,9.681663557081892,-0.03894327766755365,0.031051960904950285,0.23375962680920606,0.40527804653516014,0.032762566738048886,0.5333333333333333,artifacts/goal_bowl_destination_steering_formal_t1_lambda2_combined/goal_bowl_destination_time_decay_plate_init34_repeat1_success.json,0.4304672100000001,nan,nan,0.3874204890000001,nan,nan,0.3486784401000001,nan,nan,0.31381059609000006,nan,nan,0.2824295364810001,nan,nan,0.2541865828329001,nan,nan,0.2287679245496101,nan,nan,0.20589113209464907,nan,nan,0.2824295364810001,nan,nan,0.2541865828329001,nan,nan,0.2287679245496101,nan,nan,0.20589113209464907,nan,nan
time_decay,plate,35,0,True,72,48,59,68,7,9,11,58.0,0.5024888371855623,8.999350091904681,-0.000518282003338024,0.16708685880743554,0.28374860379424943,0.28374860379424943,0.08798361622341092,0.3333333333333333,artifacts/goal_bowl_destination_steering_formal_t1_lambda2_combined/goal_bowl_destination_time_decay_plate_init35_repeat0_success.json,0.4782969000000001,nan,nan,0.4304672100000001,nan,nan,0.3874204890000001,nan,nan,0.3486784401000001,nan,nan,0.3874204890000001,nan,nan,0.3486784401000001,nan,nan,0.31381059609000006,nan,nan,0.2824295364810001,nan,nan,0.31381059609000006,nan,nan,0.2824295364810001,nan,nan,0.2541865828329001,nan,nan,0.2287679245496101,nan,nan
time_decay,plate,35,1,True,75,51,62,71,8,10,12,61.0,0.4927194578259776,9.744376547425428,0.023868021304306267,0.1956577565767931,0.27889536854740404,0.27889536854740404,0.10358923851568007,0.2,artifacts/goal_bowl_destination_steering_formal_t1_lambda2_combined/goal_bowl_destination_time_decay_plate_init35_repeat1_success.json,0.4304672100000001,nan,nan,0.3874204890000001,nan,nan,0.3486784401000001,nan,nan,0.31381059609000006,nan,nan,0.3486784401000001,nan,nan,0.31381059609000006,nan,nan,0.2824295364810001,nan,nan,0.2541865828329001,nan,nan,0.2824295364810001,nan,nan,0.2541865828329001,nan,nan,0.2287679245496101,nan,nan,nan,nan,nan
time_decay,plate,36,0,True,77,47,58,68,7,9,11,58.0,0.4930077360852457,8.912176890114331,-0.05477420811532237,0.0292883712524253,0.20926355521252077,0.35536738047377986,0.022073077557150593,0.5333333333333333,artifacts/goal_bowl_destination_steering_formal_t1_lambda2_combined/goal_bowl_destination_time_decay_plate_init36_repeat0_success.json,0.4782969000000001,nan,nan,0.4304672100000001,nan,nan,0.3874204890000001,nan,nan,0.3486784401000001,nan,nan,0.3874204890000001,nan,nan,0.3486784401000001,nan,nan,0.31381059609000006,nan,nan,0.2824295364810001,nan,nan,0.31381059609000006,nan,nan,0.2824295364810001,nan,nan,0.2541865828329001,nan,nan,0.2287679245496101,nan,nan
time_decay,plate,36,1,True,74,46,58,68,7,9,11,58.0,0.501798279115054,8.875213753166557,-0.028879489930867013,0.11269622592678892,0.2968550352654104,0.3275016464725798,0.06430065623086104,0.4,artifacts/goal_bowl_destination_steering_formal_t1_lambda2_combined/goal_bowl_destination_time_decay_plate_init36_repeat1_success.json,0.4782969000000001,nan,nan,0.4304672100000001,nan,nan,0.3874204890000001,nan,nan,0.3486784401000001,nan,nan,0.3874204890000001,nan,nan,0.3486784401000001,nan,nan,0.31381059609000006,nan,nan,0.2824295364810001,nan,nan,0.31381059609000006,nan,nan,0.2824295364810001,nan,nan,0.2541865828329001,nan,nan,0.2287679245496101,nan,nan
time_decay,plate,37,0,True,74,48,58,69,7,9,11,59.0,0.521515224202035,8.60265863721082,-0.0010768490995197739,0.10482645394409174,0.2452715691455408,0.2452715691455408,0.0649556618486252,0.3333333333333333,artifacts/goal_bowl_destination_steering_formal_t1_lambda2_combined/goal_bowl_destination_time_decay_plate_init37_repeat0_success.json,0.4782969000000001,nan,nan,0.4304672100000001,nan,nan,0.3874204890000001,nan,nan,0.3486784401000001,nan,nan,0.3874204890000001,nan,nan,0.3486784401000001,nan,nan,0.31381059609000006,nan,nan,0.2824295364810001,nan,nan,0.31381059609000006,nan,nan,0.2824295364810001,nan,nan,0.2541865828329001,nan,nan,0.2287679245496101,nan,nan
time_decay,plate,37,1,True,75,48,59,70,7,9,12,60.0,0.5264675096482224,8.802081980988758,0.02543564426845178,0.1367772531445419,0.2741627302363582,0.2741627302363582,0.08883432500332164,0.13333333333333333,artifacts/goal_bowl_destination_steering_formal_t1_lambda2_combined/goal_bowl_destination_time_decay_plate_init37_repeat1_success.json,0.4782969000000001,nan,nan,0.4304672100000001,nan,nan,0.3874204890000001,nan,nan,0.3486784401000001,nan,nan,0.3874204890000001,nan,nan,0.3486784401000001,nan,nan,0.31381059609000006,nan,nan,0.2824295364810001,nan,nan,0.2824295364810001,nan,nan,0.2541865828329001,nan,nan,0.2287679245496101,nan,nan,nan,nan,nan
time_decay,plate,38,0,True,78,49,60,69,7,10,11,59.0,0.47789345977220904,9.534882596312379,-0.051371146154194594,0.04258048495111455,0.23948597056665014,0.34917261594772225,0.028565306058687838,0.5333333333333333,artifacts/goal_bowl_destination_steering_formal_t1_lambda2_combined/goal_bowl_destination_time_decay_plate_init38_repeat0_success.json,0.4782969000000001,nan,nan,0.4304672100000001,nan,nan,0.3874204890000001,nan,nan,0.3486784401000001,nan,nan,0.3486784401000001,nan,nan,0.31381059609000006,nan,nan,0.2824295364810001,nan,nan,0.2541865828329001,nan,nan,0.31381059609000006,nan,nan,0.2824295364810001,nan,nan,0.2541865828329001,nan,nan,0.2287679245496101,nan,nan
time_decay,plate,38,1,True,73,47,58,67,7,9,11,57.0,0.48789796694713683,9.809849559007088,-0.004439531641767183,0.13806288000043943,0.3242219857778301,0.34863352639318707,0.08532460622372601,0.3333333333333333,artifacts/goal_bowl_destination_steering_formal_t1_lambda2_combined/goal_bowl_destination_time_decay_plate_init38_repeat1_success.json,0.4782969000000001,nan,nan,0.4304672100000001,nan,nan,0.3874204890000001,nan,nan,0.3486784401000001,nan,nan,0.3874204890000001,nan,nan,0.3486784401000001,nan,nan,0.31381059609000006,nan,nan,0.2824295364810001,nan,nan,0.31381059609000006,nan,nan,0.2824295364810001,nan,nan,0.2541865828329001,nan,nan,0.2287679245496101,nan,nan
time_decay,plate,39,0,True,78,49,76,69,7,13,11,59.0,0.5306690797527633,9.078722945737592,-0.05114761577525848,0.0474779844939036,0.23009954347112574,0.3521215087003584,0.030996948925519015,0.5333333333333333,artifacts/goal_bowl_destination_steering_formal_t1_lambda2_combined/goal_bowl_destination_time_decay_plate_init39_repeat0_success.json,0.4782969000000001,nan,nan,0.4304672100000001,nan,nan,0.3874204890000001,nan,nan,0.3486784401000001,nan,nan,0.2541865828329001,nan,nan,0.2287679245496101,nan,nan,0.20589113209464907,nan,nan,nan,nan,nan,0.31381059609000006,nan,nan,0.2824295364810001,nan,nan,0.2541865828329001,nan,nan,0.2287679245496101,nan,nan
time_decay,plate,39,1,True,71,47,58,68,7,9,11,58.0,0.5283710040614662,9.145688175217327,0.04215684268318411,0.24763959258312213,0.346416322113484,0.346416322113484,0.13563428551113257,0.2,artifacts/goal_bowl_destination_steering_formal_t1_lambda2_combined/goal_bowl_destination_time_decay_plate_init39_repeat1_success.json,0.4782969000000001,nan,nan,0.4304672100000001,nan,nan,0.3874204890000001,nan,nan,0.3486784401000001,nan,nan,0.3874204890000001,nan,nan,0.3486784401000001,nan,nan,0.31381059609000006,nan,nan,0.2824295364810001,nan,nan,0.31381059609000006,nan,nan,0.2824295364810001,nan,nan,0.2541865828329001,nan,nan,0.2287679245496101,nan,nan
time_decay,plate,3,0,True,77,49,65,69,7,11,11,59.0,0.5181780522810605,9.339259595508489,-0.05120079210187193,0.06112939540921114,0.23363957253448514,0.31455409125741435,0.03413864486372167,0.4666666666666667,artifacts/goal_bowl_destination_steering_formal_t1_lambda2_combined/goal_bowl_destination_time_decay_plate_init3_repeat0_success.json,0.4782969000000001,nan,nan,0.4304672100000001,nan,nan,0.3874204890000001,nan,nan,0.3486784401000001,nan,nan,0.31381059609000006,nan,nan,0.2824295364810001,nan,nan,0.2541865828329001,nan,nan,0.2287679245496101,nan,nan,0.31381059609000006,nan,nan,0.2824295364810001,nan,nan,0.2541865828329001,nan,nan,0.2287679245496101,nan,nan
time_decay,plate,3,1,True,77,49,60,69,7,10,11,59.0,0.5110673086557799,9.610105282008787,-0.04612238373220733,0.05960778725544679,0.23537627960032312,0.33157213735567914,0.03597785420137003,0.4666666666666667,artifacts/goal_bowl_destination_steering_formal_t1_lambda2_combined/goal_bowl_destination_time_decay_plate_init3_repeat1_success.json,0.4782969000000001,nan,nan,0.4304672100000001,nan,nan,0.3874204890000001,nan,nan,0.3486784401000001,nan,nan,0.3486784401000001,nan,nan,0.31381059609000006,nan,nan,0.2824295364810001,nan,nan,0.2541865828329001,nan,nan,0.31381059609000006,nan,nan,0.2824295364810001,nan,nan,0.2541865828329001,nan,nan,0.2287679245496101,nan,nan
time_decay,plate,40,0,True,74,44,53,67,6,8,11,57.0,0.4984511785123024,8.797270546874447,-0.06637619559649176,0.04669967800305259,0.21843956055743496,0.2924968546144147,0.01978435019832129,0.5333333333333333,artifacts/goal_bowl_destination_steering_formal_t1_lambda2_combined/goal_bowl_destination_time_decay_plate_init40_repeat0_success.json,0.531441,nan,nan,0.4782969000000001,nan,nan,0.4304672100000001,nan,nan,0.3874204890000001,nan,nan,0.4304672100000001,nan,nan,0.3874204890000001,nan,nan,0.3486784401000001,nan,nan,0.31381059609000006,nan,nan,0.31381059609000006,nan,nan,0.2824295364810001,nan,nan,0.2541865828329001,nan,nan,0.2287679245496101,nan,nan
time_decay,plate,40,1,True,72,47,57,68,7,9,11,58.0,0.5071915099876436,9.174892392901244,0.004849264076409754,0.17000178421331205,0.2808250729666755,0.2808250729666755,0.09036982169713134,0.26666666666666666,artifacts/goal_bowl_destination_steering_formal_t1_lambda2_combined/goal_bowl_destination_time_decay_plate_init40_repeat1_success.json,0.4782969000000001,nan,nan,0.4304672100000001,nan,nan,0.3874204890000001,nan,nan,0.3486784401000001,nan,nan,0.3874204890000001,nan,nan,0.3486784401000001,nan,nan,0.31381059609000006,nan,nan,0.2824295364810001,nan,nan,0.31381059609000006,nan,nan,0.2824295364810001,nan,nan,0.2541865828329001,nan,nan,0.2287679245496101,nan,nan
time_decay,plate,41,0,True,74,47,60,67,7,10,11,57.0,0.5306787332472592,8.429001616920523,-0.043277166672556655,0.08700879040395432,0.2931542795618053,0.35243204343586604,0.050669061510827784,0.4666666666666667,artifacts/goal_bowl_destination_steering_formal_t1_lambda2_combined/goal_bowl_destination_time_decay_plate_init41_repeat0_success.json,0.4782969000000001,nan,nan,0.4304672100000001,nan,nan,0.3874204890000001,nan,nan,0.3486784401000001,nan,nan,0.3486784401000001,nan,nan,0.31381059609000006,nan,nan,0.2824295364810001,nan,nan,0.2541865828329001,nan,nan,0.31381059609000006,nan,nan,0.2824295364810001,nan,nan,0.2541865828329001,nan,nan,0.2287679245496101,nan,nan
time_decay,plate,41,1,True,76,47,59,67,7,9,11,57.0,0.5164266478014404,8.243822850122204,-0.07211196213092791,0.00834561984309752,0.20414313287372557,0.3517657242883456,0.005232038717984676,0.6,artifacts/goal_bowl_destination_steering_formal_t1_lambda2_combined/goal_bowl_destination_time_decay_plate_init41_repeat1_success.json,0.4782969000000001,nan,nan,0.4304672100000001,nan,nan,0.3874204890000001,nan,nan,0.3486784401000001,nan,nan,0.3874204890000001,nan,nan,0.3486784401000001,nan,nan,0.31381059609000006,nan,nan,0.2824295364810001,nan,nan,0.31381059609000006,nan,nan,0.2824295364810001,nan,nan,0.2541865828329001,nan,nan,0.2287679245496101,nan,nan
time_decay,plate,42,0,True,77,43,59,66,6,9,11,56.0,0.5208210436875206,9.013893633146887,-0.04247869882513974,0.04012423875452985,0.19366907279056159,0.34434429113170734,0.026389685255099327,0.5333333333333333,artifacts/goal_bowl_destination_steering_formal_t1_lambda2_combined/goal_bowl_destination_time_decay_plate_init42_repeat0_success.json,0.531441,nan,nan,0.4782969000000001,nan,nan,0.4304672100000001,nan,nan,0.3874204890000001,nan,nan,0.3874204890000001,nan,nan,0.3486784401000001,nan,nan,0.31381059609000006,nan,nan,0.2824295364810001,nan,nan,0.31381059609000006,nan,nan,0.2824295364810001,nan,nan,0.2541865828329001,nan,nan,0.2287679245496101,nan,nan
time_decay,plate,42,1,True,78,43,59,64,6,9,10,54.0,0.5001484989968993,8.835659269001365,-0.0675846501023251,-0.021544784311557853,0.13032990243152673,0.3047997418882771,-0.008362960359459458,0.6666666666666666,artifacts/goal_bowl_destination_steering_formal_t1_lambda2_combined/goal_bowl_destination_time_decay_plate_init42_repeat1_success.json,0.531441,nan,nan,0.4782969000000001,nan,nan,0.4304672100000001,nan,nan,0.3874204890000001,nan,nan,0.3874204890000001,nan,nan,0.3486784401000001,nan,nan,0.31381059609000006,nan,nan,0.2824295364810001,nan,nan,0.3486784401000001,nan,nan,0.31381059609000006,nan,nan,0.2824295364810001,nan,nan,0.2541865828329001,nan,nan
time_decay,plate,43,0,True,72,48,60,,7,10,,nan,nan,nan,nan,nan,nan,nan,nan,nan,artifacts/goal_bowl_destination_steering_formal_t1_lambda2_combined/goal_bowl_destination_time_decay_plate_init43_repeat0_success.json,0.4782969000000001,nan,nan,0.4304672100000001,nan,nan,0.3874204890000001,nan,nan,0.3486784401000001,nan,nan,0.3486784401000001,nan,nan,0.31381059609000006,nan,nan,0.2824295364810001,nan,nan,0.2541865828329001,nan,nan,nan,nan,nan,nan,nan,nan,nan,nan,nan,nan,nan,nan
time_decay,plate,43,1,True,80,48,,,7,,,nan,nan,nan,nan,nan,nan,nan,nan,nan,artifacts/goal_bowl_destination_steering_formal_t1_lambda2_combined/goal_bowl_destination_time_decay_plate_init43_repeat1_success.json,0.4782969000000001,nan,nan,0.4304672100000001,nan,nan,0.3874204890000001,nan,nan,0.3486784401000001,nan,nan,nan,nan,nan,nan,nan,nan,nan,nan,nan,nan,nan,nan,nan,nan,nan,nan,nan,nan,nan,nan,nan,nan,nan,nan
time_decay,plate,44,0,True,77,49,62,69,7,10,11,59.0,0.5327974419424711,8.455671059319775,-0.056570624754935496,0.05557006303121291,0.26681126221573803,0.37202923330277665,0.03791651006576106,0.5333333333333333,artifacts/goal_bowl_destination_steering_formal_t1_lambda2_combined/goal_bowl_destination_time_decay_plate_init44_repeat0_success.json,0.4782969000000001,nan,nan,0.4304672100000001,nan,nan,0.3874204890000001,nan,nan,0.3486784401000001,nan,nan,0.3486784401000001,nan,nan,0.31381059609000006,nan,nan,0.2824295364810001,nan,nan,0.2541865828329001,nan,nan,0.31381059609000006,nan,nan,0.2824295364810001,nan,nan,0.2541865828329001,nan,nan,0.2287679245496101,nan,nan
time_decay,plate,44,1,True,74,49,62,,7,10,,nan,nan,nan,nan,nan,nan,nan,nan,nan,artifacts/goal_bowl_destination_steering_formal_t1_lambda2_combined/goal_bowl_destination_time_decay_plate_init44_repeat1_success.json,0.4782969000000001,nan,nan,0.4304672100000001,nan,nan,0.3874204890000001,nan,nan,0.3486784401000001,nan,nan,0.3486784401000001,nan,nan,0.31381059609000006,nan,nan,0.2824295364810001,nan,nan,0.2541865828329001,nan,nan,nan,nan,nan,nan,nan,nan,nan,nan,nan,nan,nan,nan
time_decay,plate,45,0,True,89,55,70,75,9,12,13,65.0,0.561828170366836,7.806223515909833,-0.044403954325480055,-0.011436523066169522,0.15173964200383247,0.33345087149596964,0.005061525793436865,0.6666666666666666,artifacts/goal_bowl_destination_steering_formal_t1_lambda2_combined/goal_bowl_destination_time_decay_plate_init45_repeat0_success.json,0.3874204890000001,nan,nan,0.3486784401000001,nan,nan,0.31381059609000006,nan,nan,0.2824295364810001,nan,nan,0.2824295364810001,nan,nan,0.2541865828329001,nan,nan,0.2287679245496101,nan,nan,0.20589113209464907,nan,nan,0.2541865828329001,nan,nan,0.2287679245496101,nan,nan,0.20589113209464907,nan,nan,0.18530201888518416,nan,nan
time_decay,plate,45,1,True,91,54,69,73,8,11,12,63.0,0.5420388078364327,8.121838284871847,-0.060149736698726974,-0.04193708439038401,0.03912602375817219,0.1950348585543068,-0.027652581106459555,0.8666666666666667,artifacts/goal_bowl_destination_steering_formal_t1_lambda2_combined/goal_bowl_destination_time_decay_plate_init45_repeat1_success.json,0.4304672100000001,nan,nan,0.3874204890000001,nan,nan,0.3486784401000001,nan,nan,0.31381059609000006,nan,nan,0.31381059609000006,nan,nan,0.2824295364810001,nan,nan,0.2541865828329001,nan,nan,0.2287679245496101,nan,nan,0.2824295364810001,nan,nan,0.2541865828329001,nan,nan,0.2287679245496101,nan,nan,0.20589113209464907,nan,nan
time_decay,plate,46,0,True,72,46,58,66,7,9,11,56.0,0.49954077223481375,9.653337983286919,-0.03611822687434323,0.08747166781700319,0.27774017466328593,0.3053083009631619,0.05214193197410138,0.4666666666666667,artifacts/goal_bowl_destination_steering_formal_t1_lambda2_combined/goal_bowl_destination_time_decay_plate_init46_repeat0_success.json,0.4782969000000001,nan,nan,0.4304672100000001,nan,nan,0.3874204890000001,nan,nan,0.3486784401000001,nan,nan,0.3874204890000001,nan,nan,0.3486784401000001,nan,nan,0.31381059609000006,nan,nan,0.2824295364810001,nan,nan,0.31381059609000006,nan,nan,0.2824295364810001,nan,nan,0.2541865828329001,nan,nan,0.2287679245496101,nan,nan
time_decay,plate,46,1,True,76,47,60,68,7,10,11,58.0,0.49701192228801117,9.74272218847046,-0.050117916569139234,0.03700543218900638,0.20750615355793772,0.31045560714149373,0.023375519848275676,0.5333333333333333,artifacts/goal_bowl_destination_steering_formal_t1_lambda2_combined/goal_bowl_destination_time_decay_plate_init46_repeat1_success.json,0.4782969000000001,nan,nan,0.4304672100000001,nan,nan,0.3874204890000001,nan,nan,0.3486784401000001,nan,nan,0.3486784401000001,nan,nan,0.31381059609000006,nan,nan,0.2824295364810001,nan,nan,0.2541865828329001,nan,nan,0.31381059609000006,nan,nan,0.2824295364810001,nan,nan,0.2541865828329001,nan,nan,0.2287679245496101,nan,nan
time_decay,plate,47,0,True,76,46,,66,7,,11,56.0,0.47379059769320647,8.866511876355746,-0.06332376989337225,0.014539115886538573,0.2192988795014874,0.3726372688706929,0.016443904916833514,0.6,artifacts/goal_bowl_destination_steering_formal_t1_lambda2_combined/goal_bowl_destination_time_decay_plate_init47_repeat0_success.json,0.4782969000000001,nan,nan,0.4304672100000001,nan,nan,0.3874204890000001,nan,nan,0.3486784401000001,nan,nan,nan,nan,nan,nan,nan,nan,nan,nan,nan,nan,nan,nan,0.31381059609000006,nan,nan,0.2824295364810001,nan,nan,0.2541865828329001,nan,nan,0.2287679245496101,nan,nan
time_decay,plate,47,1,True,70,44,55,64,6,9,10,54.0,0.4788255515980907,8.647900432897902,-0.04953691095406032,0.060359227792598745,0.2440632431379719,0.28622548338430176,0.03374520559147766,0.5333333333333333,artifacts/goal_bowl_destination_steering_formal_t1_lambda2_combined/goal_bowl_destination_time_decay_plate_init47_repeat1_success.json,0.531441,nan,nan,0.4782969000000001,nan,nan,0.4304672100000001,nan,nan,0.3874204890000001,nan,nan,0.3874204890000001,nan,nan,0.3486784401000001,nan,nan,0.31381059609000006,nan,nan,0.2824295364810001,nan,nan,0.3486784401000001,nan,nan,0.31381059609000006,nan,nan,0.2824295364810001,nan,nan,0.2541865828329001,nan,nan
time_decay,plate,48,0,True,76,49,62,70,7,10,12,60.0,0.5446157640337095,9.15952164521735,-0.028137659326053777,0.12571925613106694,0.3004924756687481,0.3326527300528037,0.06981299810382481,0.4,artifacts/goal_bowl_destination_steering_formal_t1_lambda2_combined/goal_bowl_destination_time_decay_plate_init48_repeat0_success.json,0.4782969000000001,nan,nan,0.4304672100000001,nan,nan,0.3874204890000001,nan,nan,0.3486784401000001,nan,nan,0.3486784401000001,nan,nan,0.31381059609000006,nan,nan,0.2824295364810001,nan,nan,0.2541865828329001,nan,nan,0.2824295364810001,nan,nan,0.2541865828329001,nan,nan,0.2287679245496101,nan,nan,0.20589113209464907,nan,nan
time_decay,plate,48,1,True,72,49,60,70,7,10,12,60.0,0.5369106190954345,9.046898686408081,0.0452084236491281,0.259351986085147,0.3439293585200975,0.3439293585200975,0.14236013132048325,0.2,artifacts/goal_bowl_destination_steering_formal_t1_lambda2_combined/goal_bowl_destination_time_decay_plate_init48_repeat1_success.json,0.4782969000000001,nan,nan,0.4304672100000001,nan,nan,0.3874204890000001,nan,nan,0.3486784401000001,nan,nan,0.3486784401000001,nan,nan,0.31381059609000006,nan,nan,0.2824295364810001,nan,nan,0.2541865828329001,nan,nan,0.2824295364810001,nan,nan,0.2541865828329001,nan,nan,0.2287679245496101,nan,nan,nan,nan,nan
time_decay,plate,49,0,True,74,46,57,65,7,9,11,55.0,0.5164170700211483,8.793010379871077,-0.0485313861702606,0.03547652176752422,0.21287909532058316,0.364264606928357,0.027260604546375394,0.5333333333333333,artifacts/goal_bowl_destination_steering_formal_t1_lambda2_combined/goal_bowl_destination_time_decay_plate_init49_repeat0_success.json,0.4782969000000001,nan,nan,0.4304672100000001,nan,nan,0.3874204890000001,nan,nan,0.3486784401000001,nan,nan,0.3874204890000001,nan,nan,0.3486784401000001,nan,nan,0.31381059609000006,nan,nan,0.2824295364810001,nan,nan,0.31381059609000006,nan,nan,0.2824295364810001,nan,nan,0.2541865828329001,nan,nan,0.2287679245496101,nan,nan
time_decay,plate,49,1,True,76,46,58,65,7,9,11,55.0,0.5085225370406274,8.624942505100847,-0.06022759960040486,0.011292687378698943,0.1829853578019121,0.37332226058898355,0.011512213458291226,0.6,artifacts/goal_bowl_destination_steering_formal_t1_lambda2_combined/goal_bowl_destination_time_decay_plate_init49_repeat1_success.json,0.4782969000000001,nan,nan,0.4304672100000001,nan,nan,0.3874204890000001,nan,nan,0.3486784401000001,nan,nan,0.3874204890000001,nan,nan,0.3486784401000001,nan,nan,0.31381059609000006,nan,nan,0.2824295364810001,nan,nan,0.31381059609000006,nan,nan,0.2824295364810001,nan,nan,0.2541865828329001,nan,nan,0.2287679245496101,nan,nan
time_decay,plate,4,0,True,84,58,70,78,9,12,13,68.0,0.5095120013680885,10.219075683806528,-0.05338658925309105,0.08850051049114897,0.3228887504632707,0.37260765122674433,0.05415527244581259,0.5333333333333333,artifacts/goal_bowl_destination_steering_formal_t1_lambda2_combined/goal_bowl_destination_time_decay_plate_init4_repeat0_success.json,0.3874204890000001,nan,nan,0.3486784401000001,nan,nan,0.31381059609000006,nan,nan,0.2824295364810001,nan,nan,0.2824295364810001,nan,nan,0.2541865828329001,nan,nan,0.2287679245496101,nan,nan,0.20589113209464907,nan,nan,0.2541865828329001,nan,nan,0.2287679245496101,nan,nan,0.20589113209464907,nan,nan,0.18530201888518416,nan,nan
time_decay,plate,4,1,True,87,57,70,76,9,12,13,66.0,0.4803283155651509,9.93012136776577,-0.04398532960189522,0.02402439111196325,0.19646960842743197,0.38412054316700356,0.02310288724755641,0.5333333333333333,artifacts/goal_bowl_destination_steering_formal_t1_lambda2_combined/goal_bowl_destination_time_decay_plate_init4_repeat1_success.json,0.3874204890000001,nan,nan,0.3486784401000001,nan,nan,0.31381059609000006,nan,nan,0.2824295364810001,nan,nan,0.2824295364810001,nan,nan,0.2541865828329001,nan,nan,0.2287679245496101,nan,nan,0.20589113209464907,nan,nan,0.2541865828329001,nan,nan,0.2287679245496101,nan,nan,0.20589113209464907,nan,nan,0.18530201888518416,nan,nan
time_decay,plate,5,0,True,74,45,55,66,7,9,11,56.0,0.4992664519603468,8.517721973842297,-0.03701123690978759,0.08802524375800345,0.2691639970437275,0.3496469269375615,0.05274373376866725,0.4666666666666667,artifacts/goal_bowl_destination_steering_formal_t1_lambda2_combined/goal_bowl_destination_time_decay_plate_init5_repeat0_success.json,0.4782969000000001,nan,nan,0.4304672100000001,nan,nan,0.3874204890000001,nan,nan,0.3486784401000001,nan,nan,0.3874204890000001,nan,nan,0.3486784401000001,nan,nan,0.31381059609000006,nan,nan,0.2824295364810001,nan,nan,0.31381059609000006,nan,nan,0.2824295364810001,nan,nan,0.2541865828329001,nan,nan,0.2287679245496101,nan,nan
time_decay,plate,5,1,True,74,48,60,70,7,10,12,60.0,0.5200833164873826,8.717845404280325,0.005331822910767299,0.20586925468444045,0.35212499249513135,0.35212499249513135,0.11324621654812958,0.26666666666666666,artifacts/goal_bowl_destination_steering_formal_t1_lambda2_combined/goal_bowl_destination_time_decay_plate_init5_repeat1_success.json,0.4782969000000001,nan,nan,0.4304672100000001,nan,nan,0.3874204890000001,nan,nan,0.3486784401000001,nan,nan,0.3486784401000001,nan,nan,0.31381059609000006,nan,nan,0.2824295364810001,nan,nan,0.2541865828329001,nan,nan,0.2824295364810001,nan,nan,0.2541865828329001,nan,nan,0.2287679245496101,nan,nan,nan,nan,nan
time_decay,plate,6,0,True,76,47,60,68,7,10,11,58.0,0.48025642524441176,9.39092305134039,-0.04665444350123602,0.02602847002901483,0.19299509764753092,0.2935382664293434,0.017687954220582343,0.6,artifacts/goal_bowl_destination_steering_formal_t1_lambda2_combined/goal_bowl_destination_time_decay_plate_init6_repeat0_success.json,0.4782969000000001,nan,nan,0.4304672100000001,nan,nan,0.3874204890000001,nan,nan,0.3486784401000001,nan,nan,0.3486784401000001,nan,nan,0.31381059609000006,nan,nan,0.2824295364810001,nan,nan,0.2541865828329001,nan,nan,0.31381059609000006,nan,nan,0.2824295364810001,nan,nan,0.2541865828329001,nan,nan,0.2287679245496101,nan,nan
time_decay,plate,6,1,True,70,43,54,63,6,8,10,53.0,0.44343044612058113,9.358677344733092,-0.030050980157338706,0.06098026835755004,0.23685096424877317,0.3044702275213286,0.042208510754315844,0.4666666666666667,artifacts/goal_bowl_destination_steering_formal_t1_lambda2_combined/goal_bowl_destination_time_decay_plate_init6_repeat1_success.json,0.531441,nan,nan,0.4782969000000001,nan,nan,0.4304672100000001,nan,nan,0.3874204890000001,nan,nan,0.4304672100000001,nan,nan,0.3874204890000001,nan,nan,0.3486784401000001,nan,nan,0.31381059609000006,nan,nan,0.3486784401000001,nan,nan,0.31381059609000006,nan,nan,0.2824295364810001,nan,nan,0.2541865828329001,nan,nan
time_decay,plate,7,0,True,71,47,58,68,7,9,11,58.0,0.5211826413439692,9.140384550884624,0.013142288860669845,0.24688920779297321,0.35064702408891174,0.35064702408891174,0.12269320559110852,0.26666666666666666,artifacts/goal_bowl_destination_steering_formal_t1_lambda2_combined/goal_bowl_destination_time_decay_plate_init7_repeat0_success.json,0.4782969000000001,nan,nan,0.4304672100000001,nan,nan,0.3874204890000001,nan,nan,0.3486784401000001,nan,nan,0.3874204890000001,nan,nan,0.3486784401000001,nan,nan,0.31381059609000006,nan,nan,0.2824295364810001,nan,nan,0.31381059609000006,nan,nan,0.2824295364810001,nan,nan,0.2541865828329001,nan,nan,0.2287679245496101,nan,nan
time_decay,plate,7,1,True,73,46,65,67,7,11,11,57.0,0.506729589164168,9.133788879155766,-0.013917085853359145,0.11899361206559171,0.32265040056590694,0.3544452474043031,0.07721461024267559,0.4,artifacts/goal_bowl_destination_steering_formal_t1_lambda2_combined/goal_bowl_destination_time_decay_plate_init7_repeat1_success.json,0.4782969000000001,nan,nan,0.4304672100000001,nan,nan,0.3874204890000001,nan,nan,0.3486784401000001,nan,nan,0.31381059609000006,nan,nan,0.2824295364810001,nan,nan,0.2541865828329001,nan,nan,0.2287679245496101,nan,nan,0.31381059609000006,nan,nan,0.2824295364810001,nan,nan,0.2541865828329001,nan,nan,0.2287679245496101,nan,nan
time_decay,plate,8,0,True,70,45,56,64,7,9,10,54.0,0.4956768728209811,9.10127102584896,-0.011013376715955375,0.13381939171701124,0.3196845568402894,0.34258600920482735,0.08127606040078666,0.3333333333333333,artifacts/goal_bowl_destination_steering_formal_t1_lambda2_combined/goal_bowl_destination_time_decay_plate_init8_repeat0_success.json,0.4782969000000001,nan,nan,0.4304672100000001,nan,nan,0.3874204890000001,nan,nan,0.3486784401000001,nan,nan,0.3874204890000001,nan,nan,0.3486784401000001,nan,nan,0.31381059609000006,nan,nan,0.2824295364810001,nan,nan,0.3486784401000001,nan,nan,0.31381059609000006,nan,nan,0.2824295364810001,nan,nan,0.2541865828329001,nan,nan
time_decay,plate,8,1,True,70,45,55,65,7,9,11,55.0,0.5024851760033434,8.810971672391204,0.011753054728736806,0.19137045420270196,0.38312148352436604,0.38312148352436604,0.11531152318652789,0.26666666666666666,artifacts/goal_bowl_destination_steering_formal_t1_lambda2_combined/goal_bowl_destination_time_decay_plate_init8_repeat1_success.json,0.4782969000000001,nan,nan,0.4304672100000001,nan,nan,0.3874204890000001,nan,nan,0.3486784401000001,nan,nan,0.3874204890000001,nan,nan,0.3486784401000001,nan,nan,0.31381059609000006,nan,nan,0.2824295364810001,nan,nan,0.31381059609000006,nan,nan,0.2824295364810001,nan,nan,0.2541865828329001,nan,nan,nan,nan,nan
time_decay,plate,9,0,True,78,49,58,72,7,9,12,62.0,0.5135936505361092,9.610169479309658,-0.018936349001763456,0.1719759938436666,0.391058132741306,0.42816816542951774,0.10019385882426537,0.4,artifacts/goal_bowl_destination_steering_formal_t1_lambda2_combined/goal_bowl_destination_time_decay_plate_init9_repeat0_success.json,0.4782969000000001,nan,nan,0.4304672100000001,nan,nan,0.3874204890000001,nan,nan,0.3486784401000001,nan,nan,0.3874204890000001,nan,nan,0.3486784401000001,nan,nan,0.31381059609000006,nan,nan,0.2824295364810001,nan,nan,0.2824295364810001,nan,nan,0.2541865828329001,nan,nan,0.2287679245496101,nan,nan,0.20589113209464907,nan,nan
time_decay,plate,9,1,True,82,49,59,71,7,9,12,61.0,0.5017323498536526,9.904199595732388,-0.05681388190990947,0.014357287800795263,0.23998120146672977,0.4137720833912082,0.024024267104872085,0.6,artifacts/goal_bowl_destination_steering_formal_t1_lambda2_combined/goal_bowl_destination_time_decay_plate_init9_repeat1_success.json,0.4782969000000001,nan,nan,0.4304672100000001,nan,nan,0.3874204890000001,nan,nan,0.3486784401000001,nan,nan,0.3874204890000001,nan,nan,0.3486784401000001,nan,nan,0.31381059609000006,nan,nan,0.2824295364810001,nan,nan,0.2824295364810001,nan,nan,0.2541865828329001,nan,nan,0.2287679245496101,nan,nan,0.20589113209464907,nan,nan
