split,condition,pair_index,episode_id,target_side,instruction,chunk_index,phase,start,stop,executed_steps,progress_pregrasp,progress_full,seed,num_samples,tau_min,tau_max,action_dims,energy_left,energy_right,energy_true,energy_alternative,margin_alternative_minus_true,cartesian_x,cartesian_y,cartesian_z
test,C0_natural_direct,0,00_L0_C1_left,left,pick up the left block,0,pregrasp,0,16,16,0.125,0.10738255033557047,0,8,0.3,0.7,8,0.3266907036304474,0.3421857953071594,0.3266907036304474,0.3421857953071594,0.015495091676712036,0.37187665700912476,0.025239121168851852,0.4779358208179474
test,C0_natural_direct,0,00_L0_C1_left,left,pick up the left block,0,pregrasp,0,16,16,0.125,0.10738255033557047,1,8,0.3,0.7,8,0.2713446021080017,0.26656585931777954,0.2713446021080017,0.26656585931777954,-0.004778742790222168,0.37187665700912476,0.025239121168851852,0.4779358208179474
test,C0_natural_direct,0,00_L0_C1_left,left,pick up the left block,0,pregrasp,0,16,16,0.125,0.10738255033557047,2,8,0.3,0.7,8,0.3146776556968689,0.3355306088924408,0.3146776556968689,0.3355306088924408,0.0208529531955719,0.37187665700912476,0.025239121168851852,0.4779358208179474
test,C0_natural_direct,0,00_L0_C1_left,left,pick up the left block,0,pregrasp,0,16,16,0.125,0.10738255033557047,3,8,0.3,0.7,8,0.2510400116443634,0.252775102853775,0.2510400116443634,0.252775102853775,0.001735091209411621,0.37187665700912476,0.025239121168851852,0.4779358208179474
test,C0_natural_direct,0,00_L0_C1_left,left,pick up the left block,0,pregrasp,0,16,16,0.125,0.10738255033557047,4,8,0.3,0.7,8,0.18694499135017395,0.20922699570655823,0.18694499135017395,0.20922699570655823,0.022282004356384277,0.37187665700912476,0.025239121168851852,0.4779358208179474
test,C0_natural_direct,0,00_L0_C1_left,left,pick up the left block,0,pregrasp,0,16,16,0.125,0.10738255033557047,5,8,0.3,0.7,8,0.3586637079715729,0.37699639797210693,0.3586637079715729,0.37699639797210693,0.018332690000534058,0.37187665700912476,0.025239121168851852,0.4779358208179474
test,C0_natural_direct,0,00_L0_C1_left,left,pick up the left block,0,pregrasp,0,16,16,0.125,0.10738255033557047,6,8,0.3,0.7,8,0.29532578587532043,0.31925711035728455,0.29532578587532043,0.31925711035728455,0.02393132448196411,0.37187665700912476,0.025239121168851852,0.4779358208179474
test,C0_natural_direct,0,00_L0_C1_left,left,pick up the left block,0,pregrasp,0,16,16,0.125,0.10738255033557047,7,8,0.3,0.7,8,0.2971597909927368,0.311192125082016,0.2971597909927368,0.311192125082016,0.014032334089279175,0.37187665700912476,0.025239121168851852,0.4779358208179474
test,C0_natural_direct,0,00_L0_C1_left,left,pick up the left block,0,pregrasp,0,16,16,0.125,0.10738255033557047,8,8,0.3,0.7,8,0.15351563692092896,0.17115947604179382,0.15351563692092896,0.17115947604179382,0.017643839120864868,0.37187665700912476,0.025239121168851852,0.4779358208179474
test,C0_natural_direct,0,00_L0_C1_left,left,pick up the left block,0,pregrasp,0,16,16,0.125,0.10738255033557047,9,8,0.3,0.7,8,0.3145795464515686,0.3205077648162842,0.3145795464515686,0.3205077648162842,0.005928218364715576,0.37187665700912476,0.025239121168851852,0.4779358208179474
test,C0_natural_direct,0,00_L0_C1_left,left,pick up the left block,1,pregrasp,16,32,16,0.25,0.21476510067114093,0,8,0.3,0.7,8,0.2917887568473816,0.31772351264953613,0.2917887568473816,0.31772351264953613,0.02593475580215454,0.4006977677345276,0.07220770418643951,0.43831801414489746
test,C0_natural_direct,0,00_L0_C1_left,left,pick up the left block,1,pregrasp,16,32,16,0.25,0.21476510067114093,1,8,0.3,0.7,8,0.21097274124622345,0.23845267295837402,0.21097274124622345,0.23845267295837402,0.027479931712150574,0.4006977677345276,0.07220770418643951,0.43831801414489746
test,C0_natural_direct,0,00_L0_C1_left,left,pick up the left block,1,pregrasp,16,32,16,0.25,0.21476510067114093,2,8,0.3,0.7,8,0.25358647108078003,0.2868751287460327,0.25358647108078003,0.2868751287460327,0.033288657665252686,0.4006977677345276,0.07220770418643951,0.43831801414489746
test,C0_natural_direct,0,00_L0_C1_left,left,pick up the left block,1,pregrasp,16,32,16,0.25,0.21476510067114093,3,8,0.3,0.7,8,0.3021230101585388,0.3020089268684387,0.3021230101585388,0.3020089268684387,-0.00011408329010009766,0.4006977677345276,0.07220770418643951,0.43831801414489746
test,C0_natural_direct,0,00_L0_C1_left,left,pick up the left block,1,pregrasp,16,32,16,0.25,0.21476510067114093,4,8,0.3,0.7,8,0.30973491072654724,0.33354341983795166,0.30973491072654724,0.33354341983795166,0.02380850911140442,0.4006977677345276,0.07220770418643951,0.43831801414489746
test,C0_natural_direct,0,00_L0_C1_left,left,pick up the left block,1,pregrasp,16,32,16,0.25,0.21476510067114093,5,8,0.3,0.7,8,0.27294087409973145,0.2924407720565796,0.27294087409973145,0.2924407720565796,0.019499897956848145,0.4006977677345276,0.07220770418643951,0.43831801414489746
test,C0_natural_direct,0,00_L0_C1_left,left,pick up the left block,1,pregrasp,16,32,16,0.25,0.21476510067114093,6,8,0.3,0.7,8,0.3050939440727234,0.3354986011981964,0.3050939440727234,0.3354986011981964,0.030404657125473022,0.4006977677345276,0.07220770418643951,0.43831801414489746
test,C0_natural_direct,0,00_L0_C1_left,left,pick up the left block,1,pregrasp,16,32,16,0.25,0.21476510067114093,7,8,0.3,0.7,8,0.23012690246105194,0.2524319589138031,0.23012690246105194,0.2524319589138031,0.02230505645275116,0.4006977677345276,0.07220770418643951,0.43831801414489746
test,C0_natural_direct,0,00_L0_C1_left,left,pick up the left block,1,pregrasp,16,32,16,0.25,0.21476510067114093,8,8,0.3,0.7,8,0.1671847403049469,0.18574963510036469,0.1671847403049469,0.18574963510036469,0.018564894795417786,0.4006977677345276,0.07220770418643951,0.43831801414489746
test,C0_natural_direct,0,00_L0_C1_left,left,pick up the left block,1,pregrasp,16,32,16,0.25,0.21476510067114093,9,8,0.3,0.7,8,0.23128461837768555,0.24793051183223724,0.23128461837768555,0.24793051183223724,0.016645893454551697,0.4006977677345276,0.07220770418643951,0.43831801414489746
test,C0_natural_direct,0,00_L0_C1_left,left,pick up the left block,2,pregrasp,32,48,16,0.375,0.3221476510067114,0,8,0.3,0.7,8,0.34346967935562134,0.39283818006515503,0.34346967935562134,0.39283818006515503,0.04936850070953369,0.4432421028614044,0.10172133147716522,0.3929961323738098
test,C0_natural_direct,0,00_L0_C1_left,left,pick up the left block,2,pregrasp,32,48,16,0.375,0.3221476510067114,1,8,0.3,0.7,8,0.2710474729537964,0.29664355516433716,0.2710474729537964,0.29664355516433716,0.02559608221054077,0.4432421028614044,0.10172133147716522,0.3929961323738098
test,C0_natural_direct,0,00_L0_C1_left,left,pick up the left block,2,pregrasp,32,48,16,0.375,0.3221476510067114,2,8,0.3,0.7,8,0.31324952840805054,0.3590869903564453,0.31324952840805054,0.3590869903564453,0.045837461948394775,0.4432421028614044,0.10172133147716522,0.3929961323738098
test,C0_natural_direct,0,00_L0_C1_left,left,pick up the left block,2,pregrasp,32,48,16,0.375,0.3221476510067114,3,8,0.3,0.7,8,0.21599410474300385,0.2630574107170105,0.21599410474300385,0.2630574107170105,0.04706330597400665,0.4432421028614044,0.10172133147716522,0.3929961323738098
test,C0_natural_direct,0,00_L0_C1_left,left,pick up the left block,2,pregrasp,32,48,16,0.375,0.3221476510067114,4,8,0.3,0.7,8,0.20769065618515015,0.2470390498638153,0.20769065618515015,0.2470390498638153,0.03934839367866516,0.4432421028614044,0.10172133147716522,0.3929961323738098
test,C0_natural_direct,0,00_L0_C1_left,left,pick up the left block,2,pregrasp,32,48,16,0.375,0.3221476510067114,5,8,0.3,0.7,8,0.20254281163215637,0.2490766942501068,0.20254281163215637,0.2490766942501068,0.04653388261795044,0.4432421028614044,0.10172133147716522,0.3929961323738098
test,C0_natural_direct,0,00_L0_C1_left,left,pick up the left block,2,pregrasp,32,48,16,0.375,0.3221476510067114,6,8,0.3,0.7,8,0.25098904967308044,0.2947852611541748,0.25098904967308044,0.2947852611541748,0.04379621148109436,0.4432421028614044,0.10172133147716522,0.3929961323738098
test,C0_natural_direct,0,00_L0_C1_left,left,pick up the left block,2,pregrasp,32,48,16,0.375,0.3221476510067114,7,8,0.3,0.7,8,0.18679854273796082,0.2323516607284546,0.18679854273796082,0.2323516607284546,0.045553117990493774,0.4432421028614044,0.10172133147716522,0.3929961323738098
test,C0_natural_direct,0,00_L0_C1_left,left,pick up the left block,2,pregrasp,32,48,16,0.375,0.3221476510067114,8,8,0.3,0.7,8,0.17772255837917328,0.21854859590530396,0.17772255837917328,0.21854859590530396,0.040826037526130676,0.4432421028614044,0.10172133147716522,0.3929961323738098
test,C0_natural_direct,0,00_L0_C1_left,left,pick up the left block,2,pregrasp,32,48,16,0.375,0.3221476510067114,9,8,0.3,0.7,8,0.2282743901014328,0.26389414072036743,0.2282743901014328,0.26389414072036743,0.03561975061893463,0.4432421028614044,0.10172133147716522,0.3929961323738098
test,C0_natural_direct,0,00_L0_C1_left,left,pick up the left block,3,pregrasp,48,64,16,0.5,0.42953020134228187,0,8,0.3,0.7,8,0.15940962731838226,0.18561193346977234,0.15940962731838226,0.18561193346977234,0.026202306151390076,0.48977047204971313,0.1116723045706749,0.3431423306465149
test,C0_natural_direct,0,00_L0_C1_left,left,pick up the left block,3,pregrasp,48,64,16,0.5,0.42953020134228187,1,8,0.3,0.7,8,0.2617848813533783,0.23381096124649048,0.2617848813533783,0.23381096124649048,-0.027973920106887817,0.48977047204971313,0.1116723045706749,0.3431423306465149
test,C0_natural_direct,0,00_L0_C1_left,left,pick up the left block,3,pregrasp,48,64,16,0.5,0.42953020134228187,2,8,0.3,0.7,8,0.2924148440361023,0.3143029808998108,0.2924148440361023,0.3143029808998108,0.021888136863708496,0.48977047204971313,0.1116723045706749,0.3431423306465149
test,C0_natural_direct,0,00_L0_C1_left,left,pick up the left block,3,pregrasp,48,64,16,0.5,0.42953020134228187,3,8,0.3,0.7,8,0.20928171277046204,0.17300783097743988,0.20928171277046204,0.17300783097743988,-0.036273881793022156,0.48977047204971313,0.1116723045706749,0.3431423306465149
test,C0_natural_direct,0,00_L0_C1_left,left,pick up the left block,3,pregrasp,48,64,16,0.5,0.42953020134228187,4,8,0.3,0.7,8,0.16957978904247284,0.19204306602478027,0.16957978904247284,0.19204306602478027,0.022463276982307434,0.48977047204971313,0.1116723045706749,0.3431423306465149
test,C0_natural_direct,0,00_L0_C1_left,left,pick up the left block,3,pregrasp,48,64,16,0.5,0.42953020134228187,5,8,0.3,0.7,8,0.2619737386703491,0.2874639630317688,0.2619737386703491,0.2874639630317688,0.025490224361419678,0.48977047204971313,0.1116723045706749,0.3431423306465149
test,C0_natural_direct,0,00_L0_C1_left,left,pick up the left block,3,pregrasp,48,64,16,0.5,0.42953020134228187,6,8,0.3,0.7,8,0.3841930329799652,0.40280935168266296,0.3841930329799652,0.40280935168266296,0.018616318702697754,0.48977047204971313,0.1116723045706749,0.3431423306465149
test,C0_natural_direct,0,00_L0_C1_left,left,pick up the left block,3,pregrasp,48,64,16,0.5,0.42953020134228187,7,8,0.3,0.7,8,0.3331887722015381,0.3556141257286072,0.3331887722015381,0.3556141257286072,0.022425353527069092,0.48977047204971313,0.1116723045706749,0.3431423306465149
test,C0_natural_direct,0,00_L0_C1_left,left,pick up the left block,3,pregrasp,48,64,16,0.5,0.42953020134228187,8,8,0.3,0.7,8,0.2986188530921936,0.32164695858955383,0.2986188530921936,0.32164695858955383,0.02302810549736023,0.48977047204971313,0.1116723045706749,0.3431423306465149
test,C0_natural_direct,0,00_L0_C1_left,left,pick up the left block,3,pregrasp,48,64,16,0.5,0.42953020134228187,9,8,0.3,0.7,8,0.27567964792251587,0.25055742263793945,0.27567964792251587,0.25055742263793945,-0.025122225284576416,0.48977047204971313,0.1116723045706749,0.3431423306465149
test,C0_natural_direct,0,00_L0_C1_left,left,pick up the left block,4,pregrasp,64,80,16,0.625,0.5369127516778524,0,8,0.3,0.7,8,0.3779315650463104,0.39302587509155273,0.3779315650463104,0.39302587509155273,0.01509431004524231,0.5364757776260376,0.10176117718219757,0.2940201461315155
test,C0_natural_direct,0,00_L0_C1_left,left,pick up the left block,4,pregrasp,64,80,16,0.625,0.5369127516778524,1,8,0.3,0.7,8,0.24625910818576813,0.24062198400497437,0.24625910818576813,0.24062198400497437,-0.005637124180793762,0.5364757776260376,0.10176117718219757,0.2940201461315155
test,C0_natural_direct,0,00_L0_C1_left,left,pick up the left block,4,pregrasp,64,80,16,0.625,0.5369127516778524,2,8,0.3,0.7,8,0.30254805088043213,0.3073446750640869,0.30254805088043213,0.3073446750640869,0.004796624183654785,0.5364757776260376,0.10176117718219757,0.2940201461315155
test,C0_natural_direct,0,00_L0_C1_left,left,pick up the left block,4,pregrasp,64,80,16,0.625,0.5369127516778524,3,8,0.3,0.7,8,0.30401191115379333,0.2879606783390045,0.30401191115379333,0.2879606783390045,-0.01605123281478882,0.5364757776260376,0.10176117718219757,0.2940201461315155
test,C0_natural_direct,0,00_L0_C1_left,left,pick up the left block,4,pregrasp,64,80,16,0.625,0.5369127516778524,4,8,0.3,0.7,8,0.3574199080467224,0.3494071960449219,0.3574199080467224,0.3494071960449219,-0.008012712001800537,0.5364757776260376,0.10176117718219757,0.2940201461315155
test,C0_natural_direct,0,00_L0_C1_left,left,pick up the left block,4,pregrasp,64,80,16,0.625,0.5369127516778524,5,8,0.3,0.7,8,0.19166235625743866,0.2066352814435959,0.19166235625743866,0.2066352814435959,0.014972925186157227,0.5364757776260376,0.10176117718219757,0.2940201461315155
test,C0_natural_direct,0,00_L0_C1_left,left,pick up the left block,4,pregrasp,64,80,16,0.625,0.5369127516778524,6,8,0.3,0.7,8,0.22099669277668,0.205911323428154,0.22099669277668,0.205911323428154,-0.015085369348526001,0.5364757776260376,0.10176117718219757,0.2940201461315155
test,C0_natural_direct,0,00_L0_C1_left,left,pick up the left block,4,pregrasp,64,80,16,0.625,0.5369127516778524,7,8,0.3,0.7,8,0.28780728578567505,0.2748521566390991,0.28780728578567505,0.2748521566390991,-0.012955129146575928,0.5364757776260376,0.10176117718219757,0.2940201461315155
test,C0_natural_direct,0,00_L0_C1_left,left,pick up the left block,4,pregrasp,64,80,16,0.625,0.5369127516778524,8,8,0.3,0.7,8,0.20429182052612305,0.19772058725357056,0.20429182052612305,0.19772058725357056,-0.00657123327255249,0.5364757776260376,0.10176117718219757,0.2940201461315155
test,C0_natural_direct,0,00_L0_C1_left,left,pick up the left block,4,pregrasp,64,80,16,0.625,0.5369127516778524,9,8,0.3,0.7,8,0.3186678886413574,0.3201488256454468,0.3186678886413574,0.3201488256454468,0.0014809370040893555,0.5364757776260376,0.10176117718219757,0.2940201461315155
test,C0_natural_direct,0,00_L0_C1_left,left,pick up the left block,5,pregrasp,80,96,16,0.75,0.6442953020134228,0,8,0.3,0.7,8,0.38184624910354614,0.405475378036499,0.38184624910354614,0.405475378036499,0.02362912893295288,0.5816958546638489,0.07941457629203796,0.2461690902709961
test,C0_natural_direct,0,00_L0_C1_left,left,pick up the left block,5,pregrasp,80,96,16,0.75,0.6442953020134228,1,8,0.3,0.7,8,0.339652419090271,0.3570649325847626,0.339652419090271,0.3570649325847626,0.017412513494491577,0.5816958546638489,0.07941457629203796,0.2461690902709961
test,C0_natural_direct,0,00_L0_C1_left,left,pick up the left block,5,pregrasp,80,96,16,0.75,0.6442953020134228,2,8,0.3,0.7,8,0.2554037570953369,0.2676832675933838,0.2554037570953369,0.2676832675933838,0.012279510498046875,0.5816958546638489,0.07941457629203796,0.2461690902709961
test,C0_natural_direct,0,00_L0_C1_left,left,pick up the left block,5,pregrasp,80,96,16,0.75,0.6442953020134228,3,8,0.3,0.7,8,0.20548519492149353,0.21823126077651978,0.20548519492149353,0.21823126077651978,0.012746065855026245,0.5816958546638489,0.07941457629203796,0.2461690902709961
test,C0_natural_direct,0,00_L0_C1_left,left,pick up the left block,5,pregrasp,80,96,16,0.75,0.6442953020134228,4,8,0.3,0.7,8,0.30920904874801636,0.330087274312973,0.30920904874801636,0.330087274312973,0.020878225564956665,0.5816958546638489,0.07941457629203796,0.2461690902709961
test,C0_natural_direct,0,00_L0_C1_left,left,pick up the left block,5,pregrasp,80,96,16,0.75,0.6442953020134228,5,8,0.3,0.7,8,0.34890803694725037,0.3689776062965393,0.34890803694725037,0.3689776062965393,0.02006956934928894,0.5816958546638489,0.07941457629203796,0.2461690902709961
test,C0_natural_direct,0,00_L0_C1_left,left,pick up the left block,5,pregrasp,80,96,16,0.75,0.6442953020134228,6,8,0.3,0.7,8,0.2183283567428589,0.23860836029052734,0.2183283567428589,0.23860836029052734,0.020280003547668457,0.5816958546638489,0.07941457629203796,0.2461690902709961
test,C0_natural_direct,0,00_L0_C1_left,left,pick up the left block,5,pregrasp,80,96,16,0.75,0.6442953020134228,7,8,0.3,0.7,8,0.20968379080295563,0.23352554440498352,0.20968379080295563,0.23352554440498352,0.023841753602027893,0.5816958546638489,0.07941457629203796,0.2461690902709961
test,C0_natural_direct,0,00_L0_C1_left,left,pick up the left block,5,pregrasp,80,96,16,0.75,0.6442953020134228,8,8,0.3,0.7,8,0.28527048230171204,0.2996159493923187,0.28527048230171204,0.2996159493923187,0.01434546709060669,0.5816958546638489,0.07941457629203796,0.2461690902709961
test,C0_natural_direct,0,00_L0_C1_left,left,pick up the left block,5,pregrasp,80,96,16,0.75,0.6442953020134228,9,8,0.3,0.7,8,0.24720898270606995,0.26327183842658997,0.24720898270606995,0.26327183842658997,0.01606285572052002,0.5816958546638489,0.07941457629203796,0.2461690902709961
test,C0_natural_direct,0,00_L0_C1_left,left,pick up the left block,6,pregrasp,96,112,16,0.875,0.7516778523489933,0,8,0.3,0.7,8,0.23226754367351532,0.2508472502231598,0.23226754367351532,0.2508472502231598,0.01857970654964447,0.6253124475479126,0.051184285432100296,0.20051544904708862
test,C0_natural_direct,0,00_L0_C1_left,left,pick up the left block,6,pregrasp,96,112,16,0.875,0.7516778523489933,1,8,0.3,0.7,8,0.24863772094249725,0.2735922932624817,0.24863772094249725,0.2735922932624817,0.024954572319984436,0.6253124475479126,0.051184285432100296,0.20051544904708862
test,C0_natural_direct,0,00_L0_C1_left,left,pick up the left block,6,pregrasp,96,112,16,0.875,0.7516778523489933,2,8,0.3,0.7,8,0.27955228090286255,0.30219030380249023,0.27955228090286255,0.30219030380249023,0.022638022899627686,0.6253124475479126,0.051184285432100296,0.20051544904708862
test,C0_natural_direct,0,00_L0_C1_left,left,pick up the left block,6,pregrasp,96,112,16,0.875,0.7516778523489933,3,8,0.3,0.7,8,0.34311747550964355,0.36011743545532227,0.34311747550964355,0.36011743545532227,0.01699995994567871,0.6253124475479126,0.051184285432100296,0.20051544904708862
test,C0_natural_direct,0,00_L0_C1_left,left,pick up the left block,6,pregrasp,96,112,16,0.875,0.7516778523489933,4,8,0.3,0.7,8,0.33305734395980835,0.3548705577850342,0.33305734395980835,0.3548705577850342,0.02181321382522583,0.6253124475479126,0.051184285432100296,0.20051544904708862
test,C0_natural_direct,0,00_L0_C1_left,left,pick up the left block,6,pregrasp,96,112,16,0.875,0.7516778523489933,5,8,0.3,0.7,8,0.22772866487503052,0.24344074726104736,0.22772866487503052,0.24344074726104736,0.015712082386016846,0.6253124475479126,0.051184285432100296,0.20051544904708862
test,C0_natural_direct,0,00_L0_C1_left,left,pick up the left block,6,pregrasp,96,112,16,0.875,0.7516778523489933,6,8,0.3,0.7,8,0.2800058126449585,0.29775476455688477,0.2800058126449585,0.29775476455688477,0.01774895191192627,0.6253124475479126,0.051184285432100296,0.20051544904708862
test,C0_natural_direct,0,00_L0_C1_left,left,pick up the left block,6,pregrasp,96,112,16,0.875,0.7516778523489933,7,8,0.3,0.7,8,0.37802428007125854,0.4011778235435486,0.37802428007125854,0.4011778235435486,0.02315354347229004,0.6253124475479126,0.051184285432100296,0.20051544904708862
test,C0_natural_direct,0,00_L0_C1_left,left,pick up the left block,6,pregrasp,96,112,16,0.875,0.7516778523489933,8,8,0.3,0.7,8,0.22926603257656097,0.24619917571544647,0.22926603257656097,0.24619917571544647,0.016933143138885498,0.6253124475479126,0.051184285432100296,0.20051544904708862
test,C0_natural_direct,0,00_L0_C1_left,left,pick up the left block,6,pregrasp,96,112,16,0.875,0.7516778523489933,9,8,0.3,0.7,8,0.24028469622135162,0.2634509205818176,0.24028469622135162,0.2634509205818176,0.023166224360466003,0.6253124475479126,0.051184285432100296,0.20051544904708862
test,C0_natural_direct,0,00_L0_C1_left,left,pick up the left block,7,pregrasp,112,128,16,1.0,0.8590604026845637,0,8,0.3,0.7,8,0.29036903381347656,0.2901668846607208,0.29036903381347656,0.2901668846607208,-0.0002021491527557373,0.635952353477478,0.04640251398086548,0.19016507267951965
test,C0_natural_direct,0,00_L0_C1_left,left,pick up the left block,7,pregrasp,112,128,16,1.0,0.8590604026845637,1,8,0.3,0.7,8,0.17569689452648163,0.17948952317237854,0.17569689452648163,0.17948952317237854,0.0037926286458969116,0.635952353477478,0.04640251398086548,0.19016507267951965
test,C0_natural_direct,0,00_L0_C1_left,left,pick up the left block,7,pregrasp,112,128,16,1.0,0.8590604026845637,2,8,0.3,0.7,8,0.27280279994010925,0.2680404484272003,0.27280279994010925,0.2680404484272003,-0.0047623515129089355,0.635952353477478,0.04640251398086548,0.19016507267951965
test,C0_natural_direct,0,00_L0_C1_left,left,pick up the left block,7,pregrasp,112,128,16,1.0,0.8590604026845637,3,8,0.3,0.7,8,0.2755778729915619,0.270342081785202,0.2755778729915619,0.270342081785202,-0.005235791206359863,0.635952353477478,0.04640251398086548,0.19016507267951965
test,C0_natural_direct,0,00_L0_C1_left,left,pick up the left block,7,pregrasp,112,128,16,1.0,0.8590604026845637,4,8,0.3,0.7,8,0.25935080647468567,0.25705263018608093,0.25935080647468567,0.25705263018608093,-0.0022981762886047363,0.635952353477478,0.04640251398086548,0.19016507267951965
test,C0_natural_direct,0,00_L0_C1_left,left,pick up the left block,7,pregrasp,112,128,16,1.0,0.8590604026845637,5,8,0.3,0.7,8,0.32715773582458496,0.3253014087677002,0.32715773582458496,0.3253014087677002,-0.0018563270568847656,0.635952353477478,0.04640251398086548,0.19016507267951965
test,C0_natural_direct,0,00_L0_C1_left,left,pick up the left block,7,pregrasp,112,128,16,1.0,0.8590604026845637,6,8,0.3,0.7,8,0.2573997378349304,0.25467368960380554,0.2573997378349304,0.25467368960380554,-0.002726048231124878,0.635952353477478,0.04640251398086548,0.19016507267951965
test,C0_natural_direct,0,00_L0_C1_left,left,pick up the left block,7,pregrasp,112,128,16,1.0,0.8590604026845637,7,8,0.3,0.7,8,0.23747292160987854,0.23815934360027313,0.23747292160987854,0.23815934360027313,0.0006864219903945923,0.635952353477478,0.04640251398086548,0.19016507267951965
test,C0_natural_direct,0,00_L0_C1_left,left,pick up the left block,7,pregrasp,112,128,16,1.0,0.8590604026845637,8,8,0.3,0.7,8,0.22310888767242432,0.21872884035110474,0.22310888767242432,0.21872884035110474,-0.00438004732131958,0.635952353477478,0.04640251398086548,0.19016507267951965
test,C0_natural_direct,0,00_L0_C1_left,left,pick up the left block,7,pregrasp,112,128,16,1.0,0.8590604026845637,9,8,0.3,0.7,8,0.19337444007396698,0.19464857876300812,0.19337444007396698,0.19464857876300812,0.0012741386890411377,0.635952353477478,0.04640251398086548,0.19016507267951965
test,C0_natural_direct,0,00_L0_C1_left,left,pick up the left block,8,postgrasp,128,144,16,1.0,0.9664429530201343,0,8,0.3,0.7,8,0.20442025363445282,0.20616288483142853,0.20442025363445282,0.20616288483142853,0.001742631196975708,0.6359682679176331,0.046382542699575424,0.19015908241271973
test,C0_natural_direct,0,00_L0_C1_left,left,pick up the left block,8,postgrasp,128,144,16,1.0,0.9664429530201343,1,8,0.3,0.7,8,0.18409733474254608,0.18808740377426147,0.18409733474254608,0.18808740377426147,0.003990069031715393,0.6359682679176331,0.046382542699575424,0.19015908241271973
test,C0_natural_direct,0,00_L0_C1_left,left,pick up the left block,8,postgrasp,128,144,16,1.0,0.9664429530201343,2,8,0.3,0.7,8,0.19254547357559204,0.19475802779197693,0.19254547357559204,0.19475802779197693,0.0022125542163848877,0.6359682679176331,0.046382542699575424,0.19015908241271973
test,C0_natural_direct,0,00_L0_C1_left,left,pick up the left block,8,postgrasp,128,144,16,1.0,0.9664429530201343,3,8,0.3,0.7,8,0.18243147432804108,0.18566007912158966,0.18243147432804108,0.18566007912158966,0.003228604793548584,0.6359682679176331,0.046382542699575424,0.19015908241271973
test,C0_natural_direct,0,00_L0_C1_left,left,pick up the left block,8,postgrasp,128,144,16,1.0,0.9664429530201343,4,8,0.3,0.7,8,0.22959282994270325,0.23248843848705292,0.22959282994270325,0.23248843848705292,0.0028956085443496704,0.6359682679176331,0.046382542699575424,0.19015908241271973
test,C0_natural_direct,0,00_L0_C1_left,left,pick up the left block,8,postgrasp,128,144,16,1.0,0.9664429530201343,5,8,0.3,0.7,8,0.22842735052108765,0.2278251200914383,0.22842735052108765,0.2278251200914383,-0.000602230429649353,0.6359682679176331,0.046382542699575424,0.19015908241271973
test,C0_natural_direct,0,00_L0_C1_left,left,pick up the left block,8,postgrasp,128,144,16,1.0,0.9664429530201343,6,8,0.3,0.7,8,0.21038512885570526,0.2143324762582779,0.21038512885570526,0.2143324762582779,0.003947347402572632,0.6359682679176331,0.046382542699575424,0.19015908241271973
test,C0_natural_direct,0,00_L0_C1_left,left,pick up the left block,8,postgrasp,128,144,16,1.0,0.9664429530201343,7,8,0.3,0.7,8,0.2481948733329773,0.24916458129882812,0.2481948733329773,0.24916458129882812,0.0009697079658508301,0.6359682679176331,0.046382542699575424,0.19015908241271973
test,C0_natural_direct,0,00_L0_C1_left,left,pick up the left block,8,postgrasp,128,144,16,1.0,0.9664429530201343,8,8,0.3,0.7,8,0.16783320903778076,0.16974784433841705,0.16783320903778076,0.16974784433841705,0.0019146353006362915,0.6359682679176331,0.046382542699575424,0.19015908241271973
test,C0_natural_direct,0,00_L0_C1_left,left,pick up the left block,8,postgrasp,128,144,16,1.0,0.9664429530201343,9,8,0.3,0.7,8,0.20696964859962463,0.20899030566215515,0.20696964859962463,0.20899030566215515,0.0020206570625305176,0.6359682679176331,0.046382542699575424,0.19015908241271973
test,C0_natural_direct,0,00_L0_C1_left,left,pick up the left block,9,postgrasp,144,149,5,1.0,1.0,0,8,0.3,0.7,8,0.24401526153087616,0.24419808387756348,0.24401526153087616,0.24419808387756348,0.0001828223466873169,0.635970413684845,0.0463838055729866,0.19015942513942719
test,C0_natural_direct,0,00_L0_C1_left,left,pick up the left block,9,postgrasp,144,149,5,1.0,1.0,1,8,0.3,0.7,8,0.21303923428058624,0.21405740082263947,0.21303923428058624,0.21405740082263947,0.0010181665420532227,0.635970413684845,0.0463838055729866,0.19015942513942719
test,C0_natural_direct,0,00_L0_C1_left,left,pick up the left block,9,postgrasp,144,149,5,1.0,1.0,2,8,0.3,0.7,8,0.16516919434070587,0.1696682572364807,0.16516919434070587,0.1696682572364807,0.004499062895774841,0.635970413684845,0.0463838055729866,0.19015942513942719
test,C0_natural_direct,0,00_L0_C1_left,left,pick up the left block,9,postgrasp,144,149,5,1.0,1.0,3,8,0.3,0.7,8,0.2067287564277649,0.21108414232730865,0.2067287564277649,0.21108414232730865,0.004355385899543762,0.635970413684845,0.0463838055729866,0.19015942513942719
test,C0_natural_direct,0,00_L0_C1_left,left,pick up the left block,9,postgrasp,144,149,5,1.0,1.0,4,8,0.3,0.7,8,0.2166942059993744,0.21880173683166504,0.2166942059993744,0.21880173683166504,0.0021075308322906494,0.635970413684845,0.0463838055729866,0.19015942513942719
test,C0_natural_direct,0,00_L0_C1_left,left,pick up the left block,9,postgrasp,144,149,5,1.0,1.0,5,8,0.3,0.7,8,0.17076213657855988,0.17600864171981812,0.17076213657855988,0.17600864171981812,0.00524650514125824,0.635970413684845,0.0463838055729866,0.19015942513942719
test,C0_natural_direct,0,00_L0_C1_left,left,pick up the left block,9,postgrasp,144,149,5,1.0,1.0,6,8,0.3,0.7,8,0.1840679794549942,0.1885216236114502,0.1840679794549942,0.1885216236114502,0.004453644156455994,0.635970413684845,0.0463838055729866,0.19015942513942719
test,C0_natural_direct,0,00_L0_C1_left,left,pick up the left block,9,postgrasp,144,149,5,1.0,1.0,7,8,0.3,0.7,8,0.306907594203949,0.30905044078826904,0.306907594203949,0.30905044078826904,0.0021428465843200684,0.635970413684845,0.0463838055729866,0.19015942513942719
test,C0_natural_direct,0,00_L0_C1_left,left,pick up the left block,9,postgrasp,144,149,5,1.0,1.0,8,8,0.3,0.7,8,0.189885675907135,0.1917542964220047,0.189885675907135,0.1917542964220047,0.00186862051486969,0.635970413684845,0.0463838055729866,0.19015942513942719
test,C0_natural_direct,0,00_L0_C1_left,left,pick up the left block,9,postgrasp,144,149,5,1.0,1.0,9,8,0.3,0.7,8,0.19882138073444366,0.2006053328514099,0.19882138073444366,0.2006053328514099,0.0017839521169662476,0.635970413684845,0.0463838055729866,0.19015942513942719
test,C0_natural_direct,0,01_L0_C1_right,right,pick up the right block,0,pregrasp,0,16,16,0.125,0.10738255033557047,0,8,0.3,0.7,8,0.36131033301353455,0.3796413540840149,0.3796413540840149,0.36131033301353455,-0.018331021070480347,0.37188684940338135,-0.024321820586919785,0.4779376983642578
test,C0_natural_direct,0,01_L0_C1_right,right,pick up the right block,0,pregrasp,0,16,16,0.125,0.10738255033557047,1,8,0.3,0.7,8,0.3269961476325989,0.32078707218170166,0.32078707218170166,0.3269961476325989,0.006209075450897217,0.37188684940338135,-0.024321820586919785,0.4779376983642578
test,C0_natural_direct,0,01_L0_C1_right,right,pick up the right block,0,pregrasp,0,16,16,0.125,0.10738255033557047,2,8,0.3,0.7,8,0.4034423828125,0.3864407539367676,0.3864407539367676,0.4034423828125,0.017001628875732422,0.37188684940338135,-0.024321820586919785,0.4779376983642578
test,C0_natural_direct,0,01_L0_C1_right,right,pick up the right block,0,pregrasp,0,16,16,0.125,0.10738255033557047,3,8,0.3,0.7,8,0.43903958797454834,0.44823452830314636,0.44823452830314636,0.43903958797454834,-0.009194940328598022,0.37188684940338135,-0.024321820586919785,0.4779376983642578
test,C0_natural_direct,0,01_L0_C1_right,right,pick up the right block,0,pregrasp,0,16,16,0.125,0.10738255033557047,4,8,0.3,0.7,8,0.4521085023880005,0.4387664794921875,0.4387664794921875,0.4521085023880005,0.013342022895812988,0.37188684940338135,-0.024321820586919785,0.4779376983642578
test,C0_natural_direct,0,01_L0_C1_right,right,pick up the right block,0,pregrasp,0,16,16,0.125,0.10738255033557047,5,8,0.3,0.7,8,0.46698641777038574,0.4486131966114044,0.4486131966114044,0.46698641777038574,0.018373221158981323,0.37188684940338135,-0.024321820586919785,0.4779376983642578
test,C0_natural_direct,0,01_L0_C1_right,right,pick up the right block,0,pregrasp,0,16,16,0.125,0.10738255033557047,6,8,0.3,0.7,8,0.3988379240036011,0.39211785793304443,0.39211785793304443,0.3988379240036011,0.006720066070556641,0.37188684940338135,-0.024321820586919785,0.4779376983642578
test,C0_natural_direct,0,01_L0_C1_right,right,pick up the right block,0,pregrasp,0,16,16,0.125,0.10738255033557047,7,8,0.3,0.7,8,0.3754273056983948,0.384907603263855,0.384907603263855,0.3754273056983948,-0.009480297565460205,0.37188684940338135,-0.024321820586919785,0.4779376983642578
test,C0_natural_direct,0,01_L0_C1_right,right,pick up the right block,0,pregrasp,0,16,16,0.125,0.10738255033557047,8,8,0.3,0.7,8,0.3791695833206177,0.3922794759273529,0.3922794759273529,0.3791695833206177,-0.01310989260673523,0.37188684940338135,-0.024321820586919785,0.4779376983642578
test,C0_natural_direct,0,01_L0_C1_right,right,pick up the right block,0,pregrasp,0,16,16,0.125,0.10738255033557047,9,8,0.3,0.7,8,0.33917856216430664,0.34438836574554443,0.34438836574554443,0.33917856216430664,-0.005209803581237793,0.37188684940338135,-0.024321820586919785,0.4779376983642578
test,C0_natural_direct,0,01_L0_C1_right,right,pick up the right block,1,pregrasp,16,32,16,0.25,0.21476510067114093,0,8,0.3,0.7,8,0.18061594665050507,0.2103804349899292,0.2103804349899292,0.18061594665050507,-0.029764488339424133,0.40034785866737366,-0.07317396998405457,0.4384535551071167
test,C0_natural_direct,0,01_L0_C1_right,right,pick up the right block,1,pregrasp,16,32,16,0.25,0.21476510067114093,1,8,0.3,0.7,8,0.26807886362075806,0.3092680871486664,0.3092680871486664,0.26807886362075806,-0.041189223527908325,0.40034785866737366,-0.07317396998405457,0.4384535551071167
test,C0_natural_direct,0,01_L0_C1_right,right,pick up the right block,1,pregrasp,16,32,16,0.25,0.21476510067114093,2,8,0.3,0.7,8,0.17266491055488586,0.19795182347297668,0.19795182347297668,0.17266491055488586,-0.02528691291809082,0.40034785866737366,-0.07317396998405457,0.4384535551071167
test,C0_natural_direct,0,01_L0_C1_right,right,pick up the right block,1,pregrasp,16,32,16,0.25,0.21476510067114093,3,8,0.3,0.7,8,0.25653406977653503,0.2969473898410797,0.2969473898410797,0.25653406977653503,-0.04041332006454468,0.40034785866737366,-0.07317396998405457,0.4384535551071167
test,C0_natural_direct,0,01_L0_C1_right,right,pick up the right block,1,pregrasp,16,32,16,0.25,0.21476510067114093,4,8,0.3,0.7,8,0.26151952147483826,0.290891170501709,0.290891170501709,0.26151952147483826,-0.029371649026870728,0.40034785866737366,-0.07317396998405457,0.4384535551071167
test,C0_natural_direct,0,01_L0_C1_right,right,pick up the right block,1,pregrasp,16,32,16,0.25,0.21476510067114093,5,8,0.3,0.7,8,0.40713396668434143,0.4691852331161499,0.4691852331161499,0.40713396668434143,-0.06205126643180847,0.40034785866737366,-0.07317396998405457,0.4384535551071167
test,C0_natural_direct,0,01_L0_C1_right,right,pick up the right block,1,pregrasp,16,32,16,0.25,0.21476510067114093,6,8,0.3,0.7,8,0.2035241574048996,0.227031871676445,0.227031871676445,0.2035241574048996,-0.02350771427154541,0.40034785866737366,-0.07317396998405457,0.4384535551071167
test,C0_natural_direct,0,01_L0_C1_right,right,pick up the right block,1,pregrasp,16,32,16,0.25,0.21476510067114093,7,8,0.3,0.7,8,0.11675797402858734,0.11956489831209183,0.11956489831209183,0.11675797402858734,-0.002806924283504486,0.40034785866737366,-0.07317396998405457,0.4384535551071167
test,C0_natural_direct,0,01_L0_C1_right,right,pick up the right block,1,pregrasp,16,32,16,0.25,0.21476510067114093,8,8,0.3,0.7,8,0.2646362781524658,0.31518784165382385,0.31518784165382385,0.2646362781524658,-0.05055156350135803,0.40034785866737366,-0.07317396998405457,0.4384535551071167
test,C0_natural_direct,0,01_L0_C1_right,right,pick up the right block,1,pregrasp,16,32,16,0.25,0.21476510067114093,9,8,0.3,0.7,8,0.27321597933769226,0.3181649446487427,0.3181649446487427,0.27321597933769226,-0.044948965311050415,0.40034785866737366,-0.07317396998405457,0.4384535551071167
test,C0_natural_direct,0,01_L0_C1_right,right,pick up the right block,2,pregrasp,32,48,16,0.375,0.3221476510067114,0,8,0.3,0.7,8,0.27607104182243347,0.3549221158027649,0.3549221158027649,0.27607104182243347,-0.07885107398033142,0.4428587555885315,-0.10315260291099548,0.3929910957813263
test,C0_natural_direct,0,01_L0_C1_right,right,pick up the right block,2,pregrasp,32,48,16,0.375,0.3221476510067114,1,8,0.3,0.7,8,0.2957237660884857,0.37812313437461853,0.37812313437461853,0.2957237660884857,-0.08239936828613281,0.4428587555885315,-0.10315260291099548,0.3929910957813263
test,C0_natural_direct,0,01_L0_C1_right,right,pick up the right block,2,pregrasp,32,48,16,0.375,0.3221476510067114,2,8,0.3,0.7,8,0.2665364146232605,0.3420604169368744,0.3420604169368744,0.2665364146232605,-0.07552400231361389,0.4428587555885315,-0.10315260291099548,0.3929910957813263
test,C0_natural_direct,0,01_L0_C1_right,right,pick up the right block,2,pregrasp,32,48,16,0.375,0.3221476510067114,3,8,0.3,0.7,8,0.18795891106128693,0.23241698741912842,0.23241698741912842,0.18795891106128693,-0.04445807635784149,0.4428587555885315,-0.10315260291099548,0.3929910957813263
test,C0_natural_direct,0,01_L0_C1_right,right,pick up the right block,2,pregrasp,32,48,16,0.375,0.3221476510067114,4,8,0.3,0.7,8,0.1373206079006195,0.15877145528793335,0.15877145528793335,0.1373206079006195,-0.021450847387313843,0.4428587555885315,-0.10315260291099548,0.3929910957813263
test,C0_natural_direct,0,01_L0_C1_right,right,pick up the right block,2,pregrasp,32,48,16,0.375,0.3221476510067114,5,8,0.3,0.7,8,0.2775164246559143,0.3419238030910492,0.3419238030910492,0.2775164246559143,-0.06440737843513489,0.4428587555885315,-0.10315260291099548,0.3929910957813263
test,C0_natural_direct,0,01_L0_C1_right,right,pick up the right block,2,pregrasp,32,48,16,0.375,0.3221476510067114,6,8,0.3,0.7,8,0.29804131388664246,0.3711516261100769,0.3711516261100769,0.29804131388664246,-0.07311031222343445,0.4428587555885315,-0.10315260291099548,0.3929910957813263
test,C0_natural_direct,0,01_L0_C1_right,right,pick up the right block,2,pregrasp,32,48,16,0.375,0.3221476510067114,7,8,0.3,0.7,8,0.16810525953769684,0.22484895586967468,0.22484895586967468,0.16810525953769684,-0.056743696331977844,0.4428587555885315,-0.10315260291099548,0.3929910957813263
test,C0_natural_direct,0,01_L0_C1_right,right,pick up the right block,2,pregrasp,32,48,16,0.375,0.3221476510067114,8,8,0.3,0.7,8,0.1437346637248993,0.17689788341522217,0.17689788341522217,0.1437346637248993,-0.033163219690322876,0.4428587555885315,-0.10315260291099548,0.3929910957813263
test,C0_natural_direct,0,01_L0_C1_right,right,pick up the right block,2,pregrasp,32,48,16,0.375,0.3221476510067114,9,8,0.3,0.7,8,0.20000123977661133,0.25067687034606934,0.25067687034606934,0.20000123977661133,-0.05067563056945801,0.4428587555885315,-0.10315260291099548,0.3929910957813263
test,C0_natural_direct,0,01_L0_C1_right,right,pick up the right block,3,pregrasp,48,64,16,0.5,0.42953020134228187,0,8,0.3,0.7,8,0.16533659398555756,0.19902122020721436,0.19902122020721436,0.16533659398555756,-0.0336846262216568,0.4893929958343506,-0.11254165321588516,0.34336522221565247
test,C0_natural_direct,0,01_L0_C1_right,right,pick up the right block,3,pregrasp,48,64,16,0.5,0.42953020134228187,1,8,0.3,0.7,8,0.12154525518417358,0.15093892812728882,0.15093892812728882,0.12154525518417358,-0.029393672943115234,0.4893929958343506,-0.11254165321588516,0.34336522221565247
test,C0_natural_direct,0,01_L0_C1_right,right,pick up the right block,3,pregrasp,48,64,16,0.5,0.42953020134228187,2,8,0.3,0.7,8,0.2177807241678238,0.2521871030330658,0.2521871030330658,0.2177807241678238,-0.034406378865242004,0.4893929958343506,-0.11254165321588516,0.34336522221565247
test,C0_natural_direct,0,01_L0_C1_right,right,pick up the right block,3,pregrasp,48,64,16,0.5,0.42953020134228187,3,8,0.3,0.7,8,0.17644749581813812,0.21357843279838562,0.21357843279838562,0.17644749581813812,-0.0371309369802475,0.4893929958343506,-0.11254165321588516,0.34336522221565247
test,C0_natural_direct,0,01_L0_C1_right,right,pick up the right block,3,pregrasp,48,64,16,0.5,0.42953020134228187,4,8,0.3,0.7,8,0.16643637418746948,0.1997223198413849,0.1997223198413849,0.16643637418746948,-0.033285945653915405,0.4893929958343506,-0.11254165321588516,0.34336522221565247
test,C0_natural_direct,0,01_L0_C1_right,right,pick up the right block,3,pregrasp,48,64,16,0.5,0.42953020134228187,5,8,0.3,0.7,8,0.1594718098640442,0.18686482310295105,0.18686482310295105,0.1594718098640442,-0.02739301323890686,0.4893929958343506,-0.11254165321588516,0.34336522221565247
test,C0_natural_direct,0,01_L0_C1_right,right,pick up the right block,3,pregrasp,48,64,16,0.5,0.42953020134228187,6,8,0.3,0.7,8,0.1742769479751587,0.2020951211452484,0.2020951211452484,0.1742769479751587,-0.02781817317008972,0.4893929958343506,-0.11254165321588516,0.34336522221565247
test,C0_natural_direct,0,01_L0_C1_right,right,pick up the right block,3,pregrasp,48,64,16,0.5,0.42953020134228187,7,8,0.3,0.7,8,0.16684043407440186,0.19558624923229218,0.19558624923229218,0.16684043407440186,-0.02874581515789032,0.4893929958343506,-0.11254165321588516,0.34336522221565247
test,C0_natural_direct,0,01_L0_C1_right,right,pick up the right block,3,pregrasp,48,64,16,0.5,0.42953020134228187,8,8,0.3,0.7,8,0.22808358073234558,0.28083536028862,0.28083536028862,0.22808358073234558,-0.052751779556274414,0.4893929958343506,-0.11254165321588516,0.34336522221565247
test,C0_natural_direct,0,01_L0_C1_right,right,pick up the right block,3,pregrasp,48,64,16,0.5,0.42953020134228187,9,8,0.3,0.7,8,0.18604302406311035,0.23209460079669952,0.23209460079669952,0.18604302406311035,-0.04605157673358917,0.4893929958343506,-0.11254165321588516,0.34336522221565247
test,C0_natural_direct,0,01_L0_C1_right,right,pick up the right block,4,pregrasp,64,80,16,0.625,0.5369127516778524,0,8,0.3,0.7,8,0.32558274269104004,0.35127225518226624,0.35127225518226624,0.32558274269104004,-0.025689512491226196,0.5363259315490723,-0.1013966053724289,0.29392221570014954
test,C0_natural_direct,0,01_L0_C1_right,right,pick up the right block,4,pregrasp,64,80,16,0.625,0.5369127516778524,1,8,0.3,0.7,8,0.2162737399339676,0.2320995330810547,0.2320995330810547,0.2162737399339676,-0.015825793147087097,0.5363259315490723,-0.1013966053724289,0.29392221570014954
test,C0_natural_direct,0,01_L0_C1_right,right,pick up the right block,4,pregrasp,64,80,16,0.625,0.5369127516778524,2,8,0.3,0.7,8,0.45089954137802124,0.48073074221611023,0.48073074221611023,0.45089954137802124,-0.02983120083808899,0.5363259315490723,-0.1013966053724289,0.29392221570014954
test,C0_natural_direct,0,01_L0_C1_right,right,pick up the right block,4,pregrasp,64,80,16,0.625,0.5369127516778524,3,8,0.3,0.7,8,0.2859651446342468,0.31220516562461853,0.31220516562461853,0.2859651446342468,-0.026240020990371704,0.5363259315490723,-0.1013966053724289,0.29392221570014954
test,C0_natural_direct,0,01_L0_C1_right,right,pick up the right block,4,pregrasp,64,80,16,0.625,0.5369127516778524,4,8,0.3,0.7,8,0.18074138462543488,0.20113569498062134,0.20113569498062134,0.18074138462543488,-0.020394310355186462,0.5363259315490723,-0.1013966053724289,0.29392221570014954
test,C0_natural_direct,0,01_L0_C1_right,right,pick up the right block,4,pregrasp,64,80,16,0.625,0.5369127516778524,5,8,0.3,0.7,8,0.22550414502620697,0.24288004636764526,0.24288004636764526,0.22550414502620697,-0.017375901341438293,0.5363259315490723,-0.1013966053724289,0.29392221570014954
test,C0_natural_direct,0,01_L0_C1_right,right,pick up the right block,4,pregrasp,64,80,16,0.625,0.5369127516778524,6,8,0.3,0.7,8,0.31173574924468994,0.3397102653980255,0.3397102653980255,0.31173574924468994,-0.02797451615333557,0.5363259315490723,-0.1013966053724289,0.29392221570014954
test,C0_natural_direct,0,01_L0_C1_right,right,pick up the right block,4,pregrasp,64,80,16,0.625,0.5369127516778524,7,8,0.3,0.7,8,0.2227398306131363,0.2425810992717743,0.2425810992717743,0.2227398306131363,-0.019841268658638,0.5363259315490723,-0.1013966053724289,0.29392221570014954
test,C0_natural_direct,0,01_L0_C1_right,right,pick up the right block,4,pregrasp,64,80,16,0.625,0.5369127516778524,8,8,0.3,0.7,8,0.21752092242240906,0.23251518607139587,0.23251518607139587,0.21752092242240906,-0.014994263648986816,0.5363259315490723,-0.1013966053724289,0.29392221570014954
test,C0_natural_direct,0,01_L0_C1_right,right,pick up the right block,4,pregrasp,64,80,16,0.625,0.5369127516778524,9,8,0.3,0.7,8,0.20426714420318604,0.21829302608966827,0.21829302608966827,0.20426714420318604,-0.014025881886482239,0.5363259315490723,-0.1013966053724289,0.29392221570014954
test,C0_natural_direct,0,01_L0_C1_right,right,pick up the right block,5,pregrasp,80,96,16,0.75,0.6442953020134228,0,8,0.3,0.7,8,0.19146175682544708,0.20877006649971008,0.20877006649971008,0.19146175682544708,-0.017308309674263,0.5816354155540466,-0.0789017379283905,0.24665077030658722
test,C0_natural_direct,0,01_L0_C1_right,right,pick up the right block,5,pregrasp,80,96,16,0.75,0.6442953020134228,1,8,0.3,0.7,8,0.2709790766239166,0.26551735401153564,0.26551735401153564,0.2709790766239166,0.0054617226123809814,0.5816354155540466,-0.0789017379283905,0.24665077030658722
test,C0_natural_direct,0,01_L0_C1_right,right,pick up the right block,5,pregrasp,80,96,16,0.75,0.6442953020134228,2,8,0.3,0.7,8,0.1853562295436859,0.18171334266662598,0.18171334266662598,0.1853562295436859,0.0036428868770599365,0.5816354155540466,-0.0789017379283905,0.24665077030658722
test,C0_natural_direct,0,01_L0_C1_right,right,pick up the right block,5,pregrasp,80,96,16,0.75,0.6442953020134228,3,8,0.3,0.7,8,0.28416064381599426,0.28023701906204224,0.28023701906204224,0.28416064381599426,0.003923624753952026,0.5816354155540466,-0.0789017379283905,0.24665077030658722
test,C0_natural_direct,0,01_L0_C1_right,right,pick up the right block,5,pregrasp,80,96,16,0.75,0.6442953020134228,4,8,0.3,0.7,8,0.25030505657196045,0.2484470009803772,0.2484470009803772,0.25030505657196045,0.001858055591583252,0.5816354155540466,-0.0789017379283905,0.24665077030658722
test,C0_natural_direct,0,01_L0_C1_right,right,pick up the right block,5,pregrasp,80,96,16,0.75,0.6442953020134228,5,8,0.3,0.7,8,0.26843932271003723,0.2851743996143341,0.2851743996143341,0.26843932271003723,-0.016735076904296875,0.5816354155540466,-0.0789017379283905,0.24665077030658722
test,C0_natural_direct,0,01_L0_C1_right,right,pick up the right block,5,pregrasp,80,96,16,0.75,0.6442953020134228,6,8,0.3,0.7,8,0.2574523389339447,0.26188433170318604,0.26188433170318604,0.2574523389339447,-0.004431992769241333,0.5816354155540466,-0.0789017379283905,0.24665077030658722
test,C0_natural_direct,0,01_L0_C1_right,right,pick up the right block,5,pregrasp,80,96,16,0.75,0.6442953020134228,7,8,0.3,0.7,8,0.33960074186325073,0.34567052125930786,0.34567052125930786,0.33960074186325073,-0.006069779396057129,0.5816354155540466,-0.0789017379283905,0.24665077030658722
test,C0_natural_direct,0,01_L0_C1_right,right,pick up the right block,5,pregrasp,80,96,16,0.75,0.6442953020134228,8,8,0.3,0.7,8,0.26963505148887634,0.2755489945411682,0.2755489945411682,0.26963505148887634,-0.00591394305229187,0.5816354155540466,-0.0789017379283905,0.24665077030658722
test,C0_natural_direct,0,01_L0_C1_right,right,pick up the right block,5,pregrasp,80,96,16,0.75,0.6442953020134228,9,8,0.3,0.7,8,0.2095201015472412,0.21075014770030975,0.21075014770030975,0.2095201015472412,-0.0012300461530685425,0.5816354155540466,-0.0789017379283905,0.24665077030658722
test,C0_natural_direct,0,01_L0_C1_right,right,pick up the right block,6,pregrasp,96,112,16,0.875,0.7516778523489933,0,8,0.3,0.7,8,0.2697025239467621,0.2796891927719116,0.2796891927719116,0.2697025239467621,-0.009986668825149536,0.6252171993255615,-0.05128025263547897,0.2003079503774643
test,C0_natural_direct,0,01_L0_C1_right,right,pick up the right block,6,pregrasp,96,112,16,0.875,0.7516778523489933,1,8,0.3,0.7,8,0.24640177190303802,0.25849148631095886,0.25849148631095886,0.24640177190303802,-0.012089714407920837,0.6252171993255615,-0.05128025263547897,0.2003079503774643
test,C0_natural_direct,0,01_L0_C1_right,right,pick up the right block,6,pregrasp,96,112,16,0.875,0.7516778523489933,2,8,0.3,0.7,8,0.2087760716676712,0.2239869236946106,0.2239869236946106,0.2087760716676712,-0.015210852026939392,0.6252171993255615,-0.05128025263547897,0.2003079503774643
test,C0_natural_direct,0,01_L0_C1_right,right,pick up the right block,6,pregrasp,96,112,16,0.875,0.7516778523489933,3,8,0.3,0.7,8,0.23131117224693298,0.24532833695411682,0.24532833695411682,0.23131117224693298,-0.014017164707183838,0.6252171993255615,-0.05128025263547897,0.2003079503774643
test,C0_natural_direct,0,01_L0_C1_right,right,pick up the right block,6,pregrasp,96,112,16,0.875,0.7516778523489933,4,8,0.3,0.7,8,0.36465686559677124,0.3792908489704132,0.3792908489704132,0.36465686559677124,-0.014633983373641968,0.6252171993255615,-0.05128025263547897,0.2003079503774643
test,C0_natural_direct,0,01_L0_C1_right,right,pick up the right block,6,pregrasp,96,112,16,0.875,0.7516778523489933,5,8,0.3,0.7,8,0.2896217405796051,0.30516207218170166,0.30516207218170166,0.2896217405796051,-0.015540331602096558,0.6252171993255615,-0.05128025263547897,0.2003079503774643
test,C0_natural_direct,0,01_L0_C1_right,right,pick up the right block,6,pregrasp,96,112,16,0.875,0.7516778523489933,6,8,0.3,0.7,8,0.19734099507331848,0.20735345780849457,0.20735345780849457,0.19734099507331848,-0.010012462735176086,0.6252171993255615,-0.05128025263547897,0.2003079503774643
test,C0_natural_direct,0,01_L0_C1_right,right,pick up the right block,6,pregrasp,96,112,16,0.875,0.7516778523489933,7,8,0.3,0.7,8,0.21789130568504333,0.2328091561794281,0.2328091561794281,0.21789130568504333,-0.014917850494384766,0.6252171993255615,-0.05128025263547897,0.2003079503774643
test,C0_natural_direct,0,01_L0_C1_right,right,pick up the right block,6,pregrasp,96,112,16,0.875,0.7516778523489933,8,8,0.3,0.7,8,0.3079870045185089,0.32189813256263733,0.32189813256263733,0.3079870045185089,-0.013911128044128418,0.6252171993255615,-0.05128025263547897,0.2003079503774643
test,C0_natural_direct,0,01_L0_C1_right,right,pick up the right block,6,pregrasp,96,112,16,0.875,0.7516778523489933,9,8,0.3,0.7,8,0.20671401917934418,0.21608376502990723,0.21608376502990723,0.20671401917934418,-0.00936974585056305,0.6252171993255615,-0.05128025263547897,0.2003079503774643
test,C0_natural_direct,0,01_L0_C1_right,right,pick up the right block,7,pregrasp,112,128,16,1.0,0.8590604026845637,0,8,0.3,0.7,8,0.2943500578403473,0.28909602761268616,0.28909602761268616,0.2943500578403473,0.005254030227661133,0.6355723142623901,-0.045885346829891205,0.18983423709869385
test,C0_natural_direct,0,01_L0_C1_right,right,pick up the right block,7,pregrasp,112,128,16,1.0,0.8590604026845637,1,8,0.3,0.7,8,0.2835456132888794,0.27793174982070923,0.27793174982070923,0.2835456132888794,0.005613863468170166,0.6355723142623901,-0.045885346829891205,0.18983423709869385
test,C0_natural_direct,0,01_L0_C1_right,right,pick up the right block,7,pregrasp,112,128,16,1.0,0.8590604026845637,2,8,0.3,0.7,8,0.2498900294303894,0.24712534248828888,0.24712534248828888,0.2498900294303894,0.002764686942100525,0.6355723142623901,-0.045885346829891205,0.18983423709869385
test,C0_natural_direct,0,01_L0_C1_right,right,pick up the right block,7,pregrasp,112,128,16,1.0,0.8590604026845637,3,8,0.3,0.7,8,0.2860378623008728,0.28167423605918884,0.28167423605918884,0.2860378623008728,0.00436362624168396,0.6355723142623901,-0.045885346829891205,0.18983423709869385
test,C0_natural_direct,0,01_L0_C1_right,right,pick up the right block,7,pregrasp,112,128,16,1.0,0.8590604026845637,4,8,0.3,0.7,8,0.22945129871368408,0.22606591880321503,0.22606591880321503,0.22945129871368408,0.003385379910469055,0.6355723142623901,-0.045885346829891205,0.18983423709869385
test,C0_natural_direct,0,01_L0_C1_right,right,pick up the right block,7,pregrasp,112,128,16,1.0,0.8590604026845637,5,8,0.3,0.7,8,0.3063897490501404,0.301038533449173,0.301038533449173,0.3063897490501404,0.005351215600967407,0.6355723142623901,-0.045885346829891205,0.18983423709869385
test,C0_natural_direct,0,01_L0_C1_right,right,pick up the right block,7,pregrasp,112,128,16,1.0,0.8590604026845637,6,8,0.3,0.7,8,0.25160184502601624,0.2490343153476715,0.2490343153476715,0.25160184502601624,0.0025675296783447266,0.6355723142623901,-0.045885346829891205,0.18983423709869385
test,C0_natural_direct,0,01_L0_C1_right,right,pick up the right block,7,pregrasp,112,128,16,1.0,0.8590604026845637,7,8,0.3,0.7,8,0.27529799938201904,0.27157026529312134,0.27157026529312134,0.27529799938201904,0.003727734088897705,0.6355723142623901,-0.045885346829891205,0.18983423709869385
test,C0_natural_direct,0,01_L0_C1_right,right,pick up the right block,7,pregrasp,112,128,16,1.0,0.8590604026845637,8,8,0.3,0.7,8,0.2464403510093689,0.24234269559383392,0.24234269559383392,0.2464403510093689,0.004097655415534973,0.6355723142623901,-0.045885346829891205,0.18983423709869385
test,C0_natural_direct,0,01_L0_C1_right,right,pick up the right block,7,pregrasp,112,128,16,1.0,0.8590604026845637,9,8,0.3,0.7,8,0.24912476539611816,0.24605214595794678,0.24605214595794678,0.24912476539611816,0.0030726194381713867,0.6355723142623901,-0.045885346829891205,0.18983423709869385
test,C0_natural_direct,0,01_L0_C1_right,right,pick up the right block,8,postgrasp,128,144,16,1.0,0.9664429530201343,0,8,0.3,0.7,8,0.2104150354862213,0.21619132161140442,0.21619132161140442,0.2104150354862213,-0.0057762861251831055,0.6355883479118347,-0.045873142778873444,0.1898365169763565
test,C0_natural_direct,0,01_L0_C1_right,right,pick up the right block,8,postgrasp,128,144,16,1.0,0.9664429530201343,1,8,0.3,0.7,8,0.2536942660808563,0.262713760137558,0.262713760137558,0.2536942660808563,-0.00901949405670166,0.6355883479118347,-0.045873142778873444,0.1898365169763565
test,C0_natural_direct,0,01_L0_C1_right,right,pick up the right block,8,postgrasp,128,144,16,1.0,0.9664429530201343,2,8,0.3,0.7,8,0.19360771775245667,0.2021389603614807,0.2021389603614807,0.19360771775245667,-0.008531242609024048,0.6355883479118347,-0.045873142778873444,0.1898365169763565
test,C0_natural_direct,0,01_L0_C1_right,right,pick up the right block,8,postgrasp,128,144,16,1.0,0.9664429530201343,3,8,0.3,0.7,8,0.28533852100372314,0.29752495884895325,0.29752495884895325,0.28533852100372314,-0.012186437845230103,0.6355883479118347,-0.045873142778873444,0.1898365169763565
test,C0_natural_direct,0,01_L0_C1_right,right,pick up the right block,8,postgrasp,128,144,16,1.0,0.9664429530201343,4,8,0.3,0.7,8,0.243912011384964,0.2529209852218628,0.2529209852218628,0.243912011384964,-0.009008973836898804,0.6355883479118347,-0.045873142778873444,0.1898365169763565
test,C0_natural_direct,0,01_L0_C1_right,right,pick up the right block,8,postgrasp,128,144,16,1.0,0.9664429530201343,5,8,0.3,0.7,8,0.27232521772384644,0.2865700423717499,0.2865700423717499,0.27232521772384644,-0.014244824647903442,0.6355883479118347,-0.045873142778873444,0.1898365169763565
test,C0_natural_direct,0,01_L0_C1_right,right,pick up the right block,8,postgrasp,128,144,16,1.0,0.9664429530201343,6,8,0.3,0.7,8,0.22928299009799957,0.23588036000728607,0.23588036000728607,0.22928299009799957,-0.006597369909286499,0.6355883479118347,-0.045873142778873444,0.1898365169763565
test,C0_natural_direct,0,01_L0_C1_right,right,pick up the right block,8,postgrasp,128,144,16,1.0,0.9664429530201343,7,8,0.3,0.7,8,0.260124146938324,0.27056798338890076,0.27056798338890076,0.260124146938324,-0.010443836450576782,0.6355883479118347,-0.045873142778873444,0.1898365169763565
test,C0_natural_direct,0,01_L0_C1_right,right,pick up the right block,8,postgrasp,128,144,16,1.0,0.9664429530201343,8,8,0.3,0.7,8,0.24963659048080444,0.2587834596633911,0.2587834596633911,0.24963659048080444,-0.00914686918258667,0.6355883479118347,-0.045873142778873444,0.1898365169763565
test,C0_natural_direct,0,01_L0_C1_right,right,pick up the right block,8,postgrasp,128,144,16,1.0,0.9664429530201343,9,8,0.3,0.7,8,0.19966468214988708,0.20587003231048584,0.20587003231048584,0.19966468214988708,-0.006205350160598755,0.6355883479118347,-0.045873142778873444,0.1898365169763565
test,C0_natural_direct,0,01_L0_C1_right,right,pick up the right block,9,postgrasp,144,149,5,1.0,1.0,0,8,0.3,0.7,8,0.2633169889450073,0.2709132730960846,0.2709132730960846,0.2633169889450073,-0.0075962841510772705,0.6355888843536377,-0.04587363079190254,0.18983308970928192
test,C0_natural_direct,0,01_L0_C1_right,right,pick up the right block,9,postgrasp,144,149,5,1.0,1.0,1,8,0.3,0.7,8,0.21537432074546814,0.22190235555171967,0.22190235555171967,0.21537432074546814,-0.006528034806251526,0.6355888843536377,-0.04587363079190254,0.18983308970928192
test,C0_natural_direct,0,01_L0_C1_right,right,pick up the right block,9,postgrasp,144,149,5,1.0,1.0,2,8,0.3,0.7,8,0.19290310144424438,0.1971280723810196,0.1971280723810196,0.19290310144424438,-0.0042249709367752075,0.6355888843536377,-0.04587363079190254,0.18983308970928192
test,C0_natural_direct,0,01_L0_C1_right,right,pick up the right block,9,postgrasp,144,149,5,1.0,1.0,3,8,0.3,0.7,8,0.2800014317035675,0.2899308502674103,0.2899308502674103,0.2800014317035675,-0.009929418563842773,0.6355888843536377,-0.04587363079190254,0.18983308970928192
test,C0_natural_direct,0,01_L0_C1_right,right,pick up the right block,9,postgrasp,144,149,5,1.0,1.0,4,8,0.3,0.7,8,0.2866370379924774,0.2964739501476288,0.2964739501476288,0.2866370379924774,-0.009836912155151367,0.6355888843536377,-0.04587363079190254,0.18983308970928192
test,C0_natural_direct,0,01_L0_C1_right,right,pick up the right block,9,postgrasp,144,149,5,1.0,1.0,5,8,0.3,0.7,8,0.26344120502471924,0.26982319355010986,0.26982319355010986,0.26344120502471924,-0.006381988525390625,0.6355888843536377,-0.04587363079190254,0.18983308970928192
test,C0_natural_direct,0,01_L0_C1_right,right,pick up the right block,9,postgrasp,144,149,5,1.0,1.0,6,8,0.3,0.7,8,0.1940939724445343,0.20115727186203003,0.20115727186203003,0.1940939724445343,-0.0070632994174957275,0.6355888843536377,-0.04587363079190254,0.18983308970928192
test,C0_natural_direct,0,01_L0_C1_right,right,pick up the right block,9,postgrasp,144,149,5,1.0,1.0,7,8,0.3,0.7,8,0.27899596095085144,0.2876068651676178,0.2876068651676178,0.27899596095085144,-0.008610904216766357,0.6355888843536377,-0.04587363079190254,0.18983308970928192
test,C0_natural_direct,0,01_L0_C1_right,right,pick up the right block,9,postgrasp,144,149,5,1.0,1.0,8,8,0.3,0.7,8,0.3094278573989868,0.3221976161003113,0.3221976161003113,0.3094278573989868,-0.012769758701324463,0.6355888843536377,-0.04587363079190254,0.18983308970928192
test,C0_natural_direct,0,01_L0_C1_right,right,pick up the right block,9,postgrasp,144,149,5,1.0,1.0,9,8,0.3,0.7,8,0.2156483680009842,0.21972575783729553,0.21972575783729553,0.2156483680009842,-0.00407738983631134,0.6355888843536377,-0.04587363079190254,0.18983308970928192
test,C1_mild_exaggeration,1,02_L0_C2_left,left,pick up the left block,0,pregrasp,0,16,16,0.1032258064516129,0.09090909090909091,0,8,0.3,0.7,8,0.2736254632472992,0.31004971265792847,0.2736254632472992,0.31004971265792847,0.03642424941062927,0.36753517389297485,0.029203524813055992,0.48352164030075073
test,C1_mild_exaggeration,1,02_L0_C2_left,left,pick up the left block,0,pregrasp,0,16,16,0.1032258064516129,0.09090909090909091,1,8,0.3,0.7,8,0.3020702302455902,0.31407901644706726,0.3020702302455902,0.31407901644706726,0.01200878620147705,0.36753517389297485,0.029203524813055992,0.48352164030075073
test,C1_mild_exaggeration,1,02_L0_C2_left,left,pick up the left block,0,pregrasp,0,16,16,0.1032258064516129,0.09090909090909091,2,8,0.3,0.7,8,0.21597452461719513,0.23931360244750977,0.21597452461719513,0.23931360244750977,0.023339077830314636,0.36753517389297485,0.029203524813055992,0.48352164030075073
test,C1_mild_exaggeration,1,02_L0_C2_left,left,pick up the left block,0,pregrasp,0,16,16,0.1032258064516129,0.09090909090909091,3,8,0.3,0.7,8,0.284872442483902,0.30563485622406006,0.284872442483902,0.30563485622406006,0.02076241374015808,0.36753517389297485,0.029203524813055992,0.48352164030075073
test,C1_mild_exaggeration,1,02_L0_C2_left,left,pick up the left block,0,pregrasp,0,16,16,0.1032258064516129,0.09090909090909091,4,8,0.3,0.7,8,0.2722915709018707,0.3010181486606598,0.2722915709018707,0.3010181486606598,0.028726577758789062,0.36753517389297485,0.029203524813055992,0.48352164030075073
test,C1_mild_exaggeration,1,02_L0_C2_left,left,pick up the left block,0,pregrasp,0,16,16,0.1032258064516129,0.09090909090909091,5,8,0.3,0.7,8,0.24973610043525696,0.26554155349731445,0.24973610043525696,0.26554155349731445,0.015805453062057495,0.36753517389297485,0.029203524813055992,0.48352164030075073
test,C1_mild_exaggeration,1,02_L0_C2_left,left,pick up the left block,0,pregrasp,0,16,16,0.1032258064516129,0.09090909090909091,6,8,0.3,0.7,8,0.37833887338638306,0.40090152621269226,0.37833887338638306,0.40090152621269226,0.022562652826309204,0.36753517389297485,0.029203524813055992,0.48352164030075073
test,C1_mild_exaggeration,1,02_L0_C2_left,left,pick up the left block,0,pregrasp,0,16,16,0.1032258064516129,0.09090909090909091,7,8,0.3,0.7,8,0.2559469938278198,0.2705255150794983,0.2559469938278198,0.2705255150794983,0.014578521251678467,0.36753517389297485,0.029203524813055992,0.48352164030075073
test,C1_mild_exaggeration,1,02_L0_C2_left,left,pick up the left block,0,pregrasp,0,16,16,0.1032258064516129,0.09090909090909091,8,8,0.3,0.7,8,0.2614375352859497,0.2827978730201721,0.2614375352859497,0.2827978730201721,0.021360337734222412,0.36753517389297485,0.029203524813055992,0.48352164030075073
test,C1_mild_exaggeration,1,02_L0_C2_left,left,pick up the left block,0,pregrasp,0,16,16,0.1032258064516129,0.09090909090909091,9,8,0.3,0.7,8,0.33089718222618103,0.3464081585407257,0.33089718222618103,0.3464081585407257,0.015510976314544678,0.36753517389297485,0.029203524813055992,0.48352164030075073
test,C1_mild_exaggeration,1,02_L0_C2_left,left,pick up the left block,1,pregrasp,16,32,16,0.2064516129032258,0.18181818181818182,0,8,0.3,0.7,8,0.2998412549495697,0.3377779722213745,0.2998412549495697,0.3377779722213745,0.03793671727180481,0.38037100434303284,0.0928923636674881,0.46008795499801636
test,C1_mild_exaggeration,1,02_L0_C2_left,left,pick up the left block,1,pregrasp,16,32,16,0.2064516129032258,0.18181818181818182,1,8,0.3,0.7,8,0.2872440218925476,0.31494033336639404,0.2872440218925476,0.31494033336639404,0.027696311473846436,0.38037100434303284,0.0928923636674881,0.46008795499801636
test,C1_mild_exaggeration,1,02_L0_C2_left,left,pick up the left block,1,pregrasp,16,32,16,0.2064516129032258,0.18181818181818182,2,8,0.3,0.7,8,0.34349361062049866,0.38833439350128174,0.34349361062049866,0.38833439350128174,0.04484078288078308,0.38037100434303284,0.0928923636674881,0.46008795499801636
test,C1_mild_exaggeration,1,02_L0_C2_left,left,pick up the left block,1,pregrasp,16,32,16,0.2064516129032258,0.18181818181818182,3,8,0.3,0.7,8,0.2695295810699463,0.2949868440628052,0.2695295810699463,0.2949868440628052,0.025457262992858887,0.38037100434303284,0.0928923636674881,0.46008795499801636
test,C1_mild_exaggeration,1,02_L0_C2_left,left,pick up the left block,1,pregrasp,16,32,16,0.2064516129032258,0.18181818181818182,4,8,0.3,0.7,8,0.26715219020843506,0.291694700717926,0.26715219020843506,0.291694700717926,0.024542510509490967,0.38037100434303284,0.0928923636674881,0.46008795499801636
test,C1_mild_exaggeration,1,02_L0_C2_left,left,pick up the left block,1,pregrasp,16,32,16,0.2064516129032258,0.18181818181818182,5,8,0.3,0.7,8,0.2658465504646301,0.2918899357318878,0.2658465504646301,0.2918899357318878,0.02604338526725769,0.38037100434303284,0.0928923636674881,0.46008795499801636
test,C1_mild_exaggeration,1,02_L0_C2_left,left,pick up the left block,1,pregrasp,16,32,16,0.2064516129032258,0.18181818181818182,6,8,0.3,0.7,8,0.2514533996582031,0.26427432894706726,0.2514533996582031,0.26427432894706726,0.012820929288864136,0.38037100434303284,0.0928923636674881,0.46008795499801636
test,C1_mild_exaggeration,1,02_L0_C2_left,left,pick up the left block,1,pregrasp,16,32,16,0.2064516129032258,0.18181818181818182,7,8,0.3,0.7,8,0.3572707772254944,0.37489408254623413,0.3572707772254944,0.37489408254623413,0.017623305320739746,0.38037100434303284,0.0928923636674881,0.46008795499801636
test,C1_mild_exaggeration,1,02_L0_C2_left,left,pick up the left block,1,pregrasp,16,32,16,0.2064516129032258,0.18181818181818182,8,8,0.3,0.7,8,0.26922881603240967,0.2959410548210144,0.26922881603240967,0.2959410548210144,0.026712238788604736,0.38037100434303284,0.0928923636674881,0.46008795499801636
test,C1_mild_exaggeration,1,02_L0_C2_left,left,pick up the left block,1,pregrasp,16,32,16,0.2064516129032258,0.18181818181818182,9,8,0.3,0.7,8,0.3381683826446533,0.36406388878822327,0.3381683826446533,0.36406388878822327,0.025895506143569946,0.38037100434303284,0.0928923636674881,0.46008795499801636
test,C1_mild_exaggeration,1,02_L0_C2_left,left,pick up the left block,2,pregrasp,32,48,16,0.3096774193548387,0.2727272727272727,0,8,0.3,0.7,8,0.19370537996292114,0.25203561782836914,0.19370537996292114,0.25203561782836914,0.058330237865448,0.40538841485977173,0.1514989286661148,0.43401971459388733
test,C1_mild_exaggeration,1,02_L0_C2_left,left,pick up the left block,2,pregrasp,32,48,16,0.3096774193548387,0.2727272727272727,1,8,0.3,0.7,8,0.14627227187156677,0.1830396056175232,0.14627227187156677,0.1830396056175232,0.03676733374595642,0.40538841485977173,0.1514989286661148,0.43401971459388733
test,C1_mild_exaggeration,1,02_L0_C2_left,left,pick up the left block,2,pregrasp,32,48,16,0.3096774193548387,0.2727272727272727,2,8,0.3,0.7,8,0.30831870436668396,0.38322365283966064,0.30831870436668396,0.38322365283966064,0.07490494847297668,0.40538841485977173,0.1514989286661148,0.43401971459388733
test,C1_mild_exaggeration,1,02_L0_C2_left,left,pick up the left block,2,pregrasp,32,48,16,0.3096774193548387,0.2727272727272727,3,8,0.3,0.7,8,0.261425256729126,0.3331216275691986,0.261425256729126,0.3331216275691986,0.07169637084007263,0.40538841485977173,0.1514989286661148,0.43401971459388733
test,C1_mild_exaggeration,1,02_L0_C2_left,left,pick up the left block,2,pregrasp,32,48,16,0.3096774193548387,0.2727272727272727,4,8,0.3,0.7,8,0.32697612047195435,0.4181953966617584,0.32697612047195435,0.4181953966617584,0.09121927618980408,0.40538841485977173,0.1514989286661148,0.43401971459388733
test,C1_mild_exaggeration,1,02_L0_C2_left,left,pick up the left block,2,pregrasp,32,48,16,0.3096774193548387,0.2727272727272727,5,8,0.3,0.7,8,0.27196425199508667,0.32852011919021606,0.27196425199508667,0.32852011919021606,0.056555867195129395,0.40538841485977173,0.1514989286661148,0.43401971459388733
test,C1_mild_exaggeration,1,02_L0_C2_left,left,pick up the left block,2,pregrasp,32,48,16,0.3096774193548387,0.2727272727272727,6,8,0.3,0.7,8,0.2622537314891815,0.32913124561309814,0.2622537314891815,0.32913124561309814,0.06687751412391663,0.40538841485977173,0.1514989286661148,0.43401971459388733
test,C1_mild_exaggeration,1,02_L0_C2_left,left,pick up the left block,2,pregrasp,32,48,16,0.3096774193548387,0.2727272727272727,7,8,0.3,0.7,8,0.2849954068660736,0.36945873498916626,0.2849954068660736,0.36945873498916626,0.08446332812309265,0.40538841485977173,0.1514989286661148,0.43401971459388733
test,C1_mild_exaggeration,1,02_L0_C2_left,left,pick up the left block,2,pregrasp,32,48,16,0.3096774193548387,0.2727272727272727,8,8,0.3,0.7,8,0.23070454597473145,0.29978302121162415,0.23070454597473145,0.29978302121162415,0.0690784752368927,0.40538841485977173,0.1514989286661148,0.43401971459388733
test,C1_mild_exaggeration,1,02_L0_C2_left,left,pick up the left block,2,pregrasp,32,48,16,0.3096774193548387,0.2727272727272727,9,8,0.3,0.7,8,0.22274816036224365,0.2746144235134125,0.22274816036224365,0.2746144235134125,0.05186626315116882,0.40538841485977173,0.1514989286661148,0.43401971459388733
test,C1_mild_exaggeration,1,02_L0_C2_left,left,pick up the left block,3,pregrasp,48,64,16,0.4129032258064516,0.36363636363636365,0,8,0.3,0.7,8,0.22813008725643158,0.30010780692100525,0.22813008725643158,0.30010780692100525,0.07197771966457367,0.4422761797904968,0.1961260735988617,0.39525139331817627
test,C1_mild_exaggeration,1,02_L0_C2_left,left,pick up the left block,3,pregrasp,48,64,16,0.4129032258064516,0.36363636363636365,1,8,0.3,0.7,8,0.22074973583221436,0.2656018137931824,0.22074973583221436,0.2656018137931824,0.04485207796096802,0.4422761797904968,0.1961260735988617,0.39525139331817627
test,C1_mild_exaggeration,1,02_L0_C2_left,left,pick up the left block,3,pregrasp,48,64,16,0.4129032258064516,0.36363636363636365,2,8,0.3,0.7,8,0.3542945384979248,0.4058719277381897,0.3542945384979248,0.4058719277381897,0.05157738924026489,0.4422761797904968,0.1961260735988617,0.39525139331817627
test,C1_mild_exaggeration,1,02_L0_C2_left,left,pick up the left block,3,pregrasp,48,64,16,0.4129032258064516,0.36363636363636365,3,8,0.3,0.7,8,0.24785509705543518,0.2836480140686035,0.24785509705543518,0.2836480140686035,0.035792917013168335,0.4422761797904968,0.1961260735988617,0.39525139331817627
test,C1_mild_exaggeration,1,02_L0_C2_left,left,pick up the left block,3,pregrasp,48,64,16,0.4129032258064516,0.36363636363636365,4,8,0.3,0.7,8,0.2740245759487152,0.3357416093349457,0.2740245759487152,0.3357416093349457,0.06171703338623047,0.4422761797904968,0.1961260735988617,0.39525139331817627
test,C1_mild_exaggeration,1,02_L0_C2_left,left,pick up the left block,3,pregrasp,48,64,16,0.4129032258064516,0.36363636363636365,5,8,0.3,0.7,8,0.22857899963855743,0.26413634419441223,0.22857899963855743,0.26413634419441223,0.0355573445558548,0.4422761797904968,0.1961260735988617,0.39525139331817627
test,C1_mild_exaggeration,1,02_L0_C2_left,left,pick up the left block,3,pregrasp,48,64,16,0.4129032258064516,0.36363636363636365,6,8,0.3,0.7,8,0.3283858597278595,0.38921019434928894,0.3283858597278595,0.38921019434928894,0.06082433462142944,0.4422761797904968,0.1961260735988617,0.39525139331817627
test,C1_mild_exaggeration,1,02_L0_C2_left,left,pick up the left block,3,pregrasp,48,64,16,0.4129032258064516,0.36363636363636365,7,8,0.3,0.7,8,0.27107349038124084,0.33177632093429565,0.27107349038124084,0.33177632093429565,0.06070283055305481,0.4422761797904968,0.1961260735988617,0.39525139331817627
test,C1_mild_exaggeration,1,02_L0_C2_left,left,pick up the left block,3,pregrasp,48,64,16,0.4129032258064516,0.36363636363636365,8,8,0.3,0.7,8,0.22466325759887695,0.277835488319397,0.22466325759887695,0.277835488319397,0.05317223072052002,0.4422761797904968,0.1961260735988617,0.39525139331817627
test,C1_mild_exaggeration,1,02_L0_C2_left,left,pick up the left block,3,pregrasp,48,64,16,0.4129032258064516,0.36363636363636365,9,8,0.3,0.7,8,0.24595898389816284,0.31081607937812805,0.24595898389816284,0.31081607937812805,0.06485709547996521,0.4422761797904968,0.1961260735988617,0.39525139331817627
test,C1_mild_exaggeration,1,02_L0_C2_left,left,pick up the left block,4,pregrasp,64,80,16,0.5161290322580645,0.45454545454545453,0,8,0.3,0.7,8,0.24770942330360413,0.242330402135849,0.24770942330360413,0.242330402135849,-0.005379021167755127,0.4873839318752289,0.20627468824386597,0.34517213702201843
test,C1_mild_exaggeration,1,02_L0_C2_left,left,pick up the left block,4,pregrasp,64,80,16,0.5161290322580645,0.45454545454545453,1,8,0.3,0.7,8,0.3984239101409912,0.42717164754867554,0.3984239101409912,0.42717164754867554,0.028747737407684326,0.4873839318752289,0.20627468824386597,0.34517213702201843
test,C1_mild_exaggeration,1,02_L0_C2_left,left,pick up the left block,4,pregrasp,64,80,16,0.5161290322580645,0.45454545454545453,2,8,0.3,0.7,8,0.2564850449562073,0.2676350474357605,0.2564850449562073,0.2676350474357605,0.011150002479553223,0.4873839318752289,0.20627468824386597,0.34517213702201843
test,C1_mild_exaggeration,1,02_L0_C2_left,left,pick up the left block,4,pregrasp,64,80,16,0.5161290322580645,0.45454545454545453,3,8,0.3,0.7,8,0.26162874698638916,0.26810094714164734,0.26162874698638916,0.26810094714164734,0.006472200155258179,0.4873839318752289,0.20627468824386597,0.34517213702201843
test,C1_mild_exaggeration,1,02_L0_C2_left,left,pick up the left block,4,pregrasp,64,80,16,0.5161290322580645,0.45454545454545453,4,8,0.3,0.7,8,0.2567548155784607,0.28447049856185913,0.2567548155784607,0.28447049856185913,0.027715682983398438,0.4873839318752289,0.20627468824386597,0.34517213702201843
test,C1_mild_exaggeration,1,02_L0_C2_left,left,pick up the left block,4,pregrasp,64,80,16,0.5161290322580645,0.45454545454545453,5,8,0.3,0.7,8,0.24405118823051453,0.26971176266670227,0.24405118823051453,0.26971176266670227,0.025660574436187744,0.4873839318752289,0.20627468824386597,0.34517213702201843
test,C1_mild_exaggeration,1,02_L0_C2_left,left,pick up the left block,4,pregrasp,64,80,16,0.5161290322580645,0.45454545454545453,6,8,0.3,0.7,8,0.18247009813785553,0.2101295292377472,0.18247009813785553,0.2101295292377472,0.027659431099891663,0.4873839318752289,0.20627468824386597,0.34517213702201843
test,C1_mild_exaggeration,1,02_L0_C2_left,left,pick up the left block,4,pregrasp,64,80,16,0.5161290322580645,0.45454545454545453,7,8,0.3,0.7,8,0.24335961043834686,0.25081950426101685,0.24335961043834686,0.25081950426101685,0.007459893822669983,0.4873839318752289,0.20627468824386597,0.34517213702201843
test,C1_mild_exaggeration,1,02_L0_C2_left,left,pick up the left block,4,pregrasp,64,80,16,0.5161290322580645,0.45454545454545453,8,8,0.3,0.7,8,0.3499961793422699,0.3735620379447937,0.3499961793422699,0.3735620379447937,0.023565858602523804,0.4873839318752289,0.20627468824386597,0.34517213702201843
test,C1_mild_exaggeration,1,02_L0_C2_left,left,pick up the left block,4,pregrasp,64,80,16,0.5161290322580645,0.45454545454545453,9,8,0.3,0.7,8,0.26699432730674744,0.2888455390930176,0.26699432730674744,0.2888455390930176,0.02185121178627014,0.4873839318752289,0.20627468824386597,0.34517213702201843
test,C1_mild_exaggeration,1,02_L0_C2_left,left,pick up the left block,5,pregrasp,80,96,16,0.6193548387096774,0.5454545454545454,0,8,0.3,0.7,8,0.139041006565094,0.11545797437429428,0.139041006565094,0.11545797437429428,-0.023583032190799713,0.5307915210723877,0.1802116483449936,0.2991812825202942
test,C1_mild_exaggeration,1,02_L0_C2_left,left,pick up the left block,5,pregrasp,80,96,16,0.6193548387096774,0.5454545454545454,1,8,0.3,0.7,8,0.2754073739051819,0.2811164855957031,0.2754073739051819,0.2811164855957031,0.00570911169052124,0.5307915210723877,0.1802116483449936,0.2991812825202942
test,C1_mild_exaggeration,1,02_L0_C2_left,left,pick up the left block,5,pregrasp,80,96,16,0.6193548387096774,0.5454545454545454,2,8,0.3,0.7,8,0.2936861515045166,0.30384278297424316,0.2936861515045166,0.30384278297424316,0.010156631469726562,0.5307915210723877,0.1802116483449936,0.2991812825202942
test,C1_mild_exaggeration,1,02_L0_C2_left,left,pick up the left block,5,pregrasp,80,96,16,0.6193548387096774,0.5454545454545454,3,8,0.3,0.7,8,0.3341570198535919,0.33608168363571167,0.3341570198535919,0.33608168363571167,0.001924663782119751,0.5307915210723877,0.1802116483449936,0.2991812825202942
test,C1_mild_exaggeration,1,02_L0_C2_left,left,pick up the left block,5,pregrasp,80,96,16,0.6193548387096774,0.5454545454545454,4,8,0.3,0.7,8,0.3657252788543701,0.36305421590805054,0.3657252788543701,0.36305421590805054,-0.00267106294631958,0.5307915210723877,0.1802116483449936,0.2991812825202942
test,C1_mild_exaggeration,1,02_L0_C2_left,left,pick up the left block,5,pregrasp,80,96,16,0.6193548387096774,0.5454545454545454,5,8,0.3,0.7,8,0.2991390824317932,0.3078332245349884,0.2991390824317932,0.3078332245349884,0.00869414210319519,0.5307915210723877,0.1802116483449936,0.2991812825202942
test,C1_mild_exaggeration,1,02_L0_C2_left,left,pick up the left block,5,pregrasp,80,96,16,0.6193548387096774,0.5454545454545454,6,8,0.3,0.7,8,0.21504764258861542,0.2192922830581665,0.21504764258861542,0.2192922830581665,0.004244640469551086,0.5307915210723877,0.1802116483449936,0.2991812825202942
test,C1_mild_exaggeration,1,02_L0_C2_left,left,pick up the left block,5,pregrasp,80,96,16,0.6193548387096774,0.5454545454545454,7,8,0.3,0.7,8,0.22449004650115967,0.2350774109363556,0.22449004650115967,0.2350774109363556,0.010587364435195923,0.5307915210723877,0.1802116483449936,0.2991812825202942
test,C1_mild_exaggeration,1,02_L0_C2_left,left,pick up the left block,5,pregrasp,80,96,16,0.6193548387096774,0.5454545454545454,8,8,0.3,0.7,8,0.23936161398887634,0.23399154841899872,0.23936161398887634,0.23399154841899872,-0.0053700655698776245,0.5307915210723877,0.1802116483449936,0.2991812825202942
test,C1_mild_exaggeration,1,02_L0_C2_left,left,pick up the left block,5,pregrasp,80,96,16,0.6193548387096774,0.5454545454545454,9,8,0.3,0.7,8,0.35560548305511475,0.3578929305076599,0.35560548305511475,0.3578929305076599,0.002287447452545166,0.5307915210723877,0.1802116483449936,0.2991812825202942
test,C1_mild_exaggeration,1,02_L0_C2_left,left,pick up the left block,6,pregrasp,96,112,16,0.7225806451612903,0.6363636363636364,0,8,0.3,0.7,8,0.19853539764881134,0.1902608573436737,0.19853539764881134,0.1902608573436737,-0.008274540305137634,0.5695081353187561,0.13745489716529846,0.25924476981163025
test,C1_mild_exaggeration,1,02_L0_C2_left,left,pick up the left block,6,pregrasp,96,112,16,0.7225806451612903,0.6363636363636364,1,8,0.3,0.7,8,0.24453002214431763,0.23715169727802277,0.24453002214431763,0.23715169727802277,-0.007378324866294861,0.5695081353187561,0.13745489716529846,0.25924476981163025
test,C1_mild_exaggeration,1,02_L0_C2_left,left,pick up the left block,6,pregrasp,96,112,16,0.7225806451612903,0.6363636363636364,2,8,0.3,0.7,8,0.34462571144104004,0.3357006907463074,0.34462571144104004,0.3357006907463074,-0.008925020694732666,0.5695081353187561,0.13745489716529846,0.25924476981163025
test,C1_mild_exaggeration,1,02_L0_C2_left,left,pick up the left block,6,pregrasp,96,112,16,0.7225806451612903,0.6363636363636364,3,8,0.3,0.7,8,0.3215928077697754,0.3149673640727997,0.3215928077697754,0.3149673640727997,-0.006625443696975708,0.5695081353187561,0.13745489716529846,0.25924476981163025
test,C1_mild_exaggeration,1,02_L0_C2_left,left,pick up the left block,6,pregrasp,96,112,16,0.7225806451612903,0.6363636363636364,4,8,0.3,0.7,8,0.18953639268875122,0.18489503860473633,0.18953639268875122,0.18489503860473633,-0.004641354084014893,0.5695081353187561,0.13745489716529846,0.25924476981163025
test,C1_mild_exaggeration,1,02_L0_C2_left,left,pick up the left block,6,pregrasp,96,112,16,0.7225806451612903,0.6363636363636364,5,8,0.3,0.7,8,0.28505203127861023,0.27751585841178894,0.28505203127861023,0.27751585841178894,-0.007536172866821289,0.5695081353187561,0.13745489716529846,0.25924476981163025
test,C1_mild_exaggeration,1,02_L0_C2_left,left,pick up the left block,6,pregrasp,96,112,16,0.7225806451612903,0.6363636363636364,6,8,0.3,0.7,8,0.28156939148902893,0.2740790545940399,0.28156939148902893,0.2740790545940399,-0.007490336894989014,0.5695081353187561,0.13745489716529846,0.25924476981163025
test,C1_mild_exaggeration,1,02_L0_C2_left,left,pick up the left block,6,pregrasp,96,112,16,0.7225806451612903,0.6363636363636364,7,8,0.3,0.7,8,0.34605222940444946,0.3379731774330139,0.34605222940444946,0.3379731774330139,-0.008079051971435547,0.5695081353187561,0.13745489716529846,0.25924476981163025
test,C1_mild_exaggeration,1,02_L0_C2_left,left,pick up the left block,6,pregrasp,96,112,16,0.7225806451612903,0.6363636363636364,8,8,0.3,0.7,8,0.3173258304595947,0.31078100204467773,0.3173258304595947,0.31078100204467773,-0.006544828414916992,0.5695081353187561,0.13745489716529846,0.25924476981163025
test,C1_mild_exaggeration,1,02_L0_C2_left,left,pick up the left block,6,pregrasp,96,112,16,0.7225806451612903,0.6363636363636364,9,8,0.3,0.7,8,0.27235177159309387,0.26440274715423584,0.27235177159309387,0.26440274715423584,-0.007949024438858032,0.5695081353187561,0.13745489716529846,0.25924476981163025
test,C1_mild_exaggeration,1,02_L0_C2_left,left,pick up the left block,7,pregrasp,112,128,16,0.8258064516129032,0.7272727272727273,0,8,0.3,0.7,8,0.4401647448539734,0.4603434205055237,0.4401647448539734,0.4603434205055237,0.020178675651550293,0.6050183176994324,0.08935854583978653,0.22259661555290222
test,C1_mild_exaggeration,1,02_L0_C2_left,left,pick up the left block,7,pregrasp,112,128,16,0.8258064516129032,0.7272727272727273,1,8,0.3,0.7,8,0.2553893029689789,0.2801383137702942,0.2553893029689789,0.2801383137702942,0.024749010801315308,0.6050183176994324,0.08935854583978653,0.22259661555290222
test,C1_mild_exaggeration,1,02_L0_C2_left,left,pick up the left block,7,pregrasp,112,128,16,0.8258064516129032,0.7272727272727273,2,8,0.3,0.7,8,0.3995569050312042,0.41071295738220215,0.3995569050312042,0.41071295738220215,0.011156052350997925,0.6050183176994324,0.08935854583978653,0.22259661555290222
test,C1_mild_exaggeration,1,02_L0_C2_left,left,pick up the left block,7,pregrasp,112,128,16,0.8258064516129032,0.7272727272727273,3,8,0.3,0.7,8,0.25432658195495605,0.27633386850357056,0.25432658195495605,0.27633386850357056,0.022007286548614502,0.6050183176994324,0.08935854583978653,0.22259661555290222
test,C1_mild_exaggeration,1,02_L0_C2_left,left,pick up the left block,7,pregrasp,112,128,16,0.8258064516129032,0.7272727272727273,4,8,0.3,0.7,8,0.19925111532211304,0.2158777415752411,0.19925111532211304,0.2158777415752411,0.016626626253128052,0.6050183176994324,0.08935854583978653,0.22259661555290222
test,C1_mild_exaggeration,1,02_L0_C2_left,left,pick up the left block,7,pregrasp,112,128,16,0.8258064516129032,0.7272727272727273,5,8,0.3,0.7,8,0.22407177090644836,0.24590808153152466,0.22407177090644836,0.24590808153152466,0.021836310625076294,0.6050183176994324,0.08935854583978653,0.22259661555290222
test,C1_mild_exaggeration,1,02_L0_C2_left,left,pick up the left block,7,pregrasp,112,128,16,0.8258064516129032,0.7272727272727273,6,8,0.3,0.7,8,0.36231693625450134,0.3800630569458008,0.36231693625450134,0.3800630569458008,0.01774612069129944,0.6050183176994324,0.08935854583978653,0.22259661555290222
test,C1_mild_exaggeration,1,02_L0_C2_left,left,pick up the left block,7,pregrasp,112,128,16,0.8258064516129032,0.7272727272727273,7,8,0.3,0.7,8,0.20151442289352417,0.21941667795181274,0.20151442289352417,0.21941667795181274,0.017902255058288574,0.6050183176994324,0.08935854583978653,0.22259661555290222
test,C1_mild_exaggeration,1,02_L0_C2_left,left,pick up the left block,7,pregrasp,112,128,16,0.8258064516129032,0.7272727272727273,8,8,0.3,0.7,8,0.29409825801849365,0.30951908230781555,0.29409825801849365,0.30951908230781555,0.0154208242893219,0.6050183176994324,0.08935854583978653,0.22259661555290222
test,C1_mild_exaggeration,1,02_L0_C2_left,left,pick up the left block,7,pregrasp,112,128,16,0.8258064516129032,0.7272727272727273,9,8,0.3,0.7,8,0.334229052066803,0.3476843237876892,0.334229052066803,0.3476843237876892,0.01345527172088623,0.6050183176994324,0.08935854583978653,0.22259661555290222
test,C1_mild_exaggeration,1,02_L0_C2_left,left,pick up the left block,8,pregrasp,128,144,16,0.9290322580645162,0.8181818181818182,0,8,0.3,0.7,8,0.31390029191970825,0.30761975049972534,0.31390029191970825,0.30761975049972534,-0.00628054141998291,0.6347812414169312,0.045924112200737,0.19136469066143036
test,C1_mild_exaggeration,1,02_L0_C2_left,left,pick up the left block,8,pregrasp,128,144,16,0.9290322580645162,0.8181818181818182,1,8,0.3,0.7,8,0.3204381763935089,0.3154926300048828,0.3204381763935089,0.3154926300048828,-0.004945546388626099,0.6347812414169312,0.045924112200737,0.19136469066143036
test,C1_mild_exaggeration,1,02_L0_C2_left,left,pick up the left block,8,pregrasp,128,144,16,0.9290322580645162,0.8181818181818182,2,8,0.3,0.7,8,0.4028445780277252,0.39400339126586914,0.4028445780277252,0.39400339126586914,-0.008841186761856079,0.6347812414169312,0.045924112200737,0.19136469066143036
test,C1_mild_exaggeration,1,02_L0_C2_left,left,pick up the left block,8,pregrasp,128,144,16,0.9290322580645162,0.8181818181818182,3,8,0.3,0.7,8,0.35194411873817444,0.3534398674964905,0.35194411873817444,0.3534398674964905,0.00149574875831604,0.6347812414169312,0.045924112200737,0.19136469066143036
test,C1_mild_exaggeration,1,02_L0_C2_left,left,pick up the left block,8,pregrasp,128,144,16,0.9290322580645162,0.8181818181818182,4,8,0.3,0.7,8,0.3312479555606842,0.32088130712509155,0.3312479555606842,0.32088130712509155,-0.010366648435592651,0.6347812414169312,0.045924112200737,0.19136469066143036
test,C1_mild_exaggeration,1,02_L0_C2_left,left,pick up the left block,8,pregrasp,128,144,16,0.9290322580645162,0.8181818181818182,5,8,0.3,0.7,8,0.39432603120803833,0.3869834840297699,0.39432603120803833,0.3869834840297699,-0.007342547178268433,0.6347812414169312,0.045924112200737,0.19136469066143036
test,C1_mild_exaggeration,1,02_L0_C2_left,left,pick up the left block,8,pregrasp,128,144,16,0.9290322580645162,0.8181818181818182,6,8,0.3,0.7,8,0.30943506956100464,0.30364903807640076,0.30943506956100464,0.30364903807640076,-0.005786031484603882,0.6347812414169312,0.045924112200737,0.19136469066143036
test,C1_mild_exaggeration,1,02_L0_C2_left,left,pick up the left block,8,pregrasp,128,144,16,0.9290322580645162,0.8181818181818182,7,8,0.3,0.7,8,0.393108606338501,0.3857748210430145,0.393108606338501,0.3857748210430145,-0.00733378529548645,0.6347812414169312,0.045924112200737,0.19136469066143036
test,C1_mild_exaggeration,1,02_L0_C2_left,left,pick up the left block,8,pregrasp,128,144,16,0.9290322580645162,0.8181818181818182,8,8,0.3,0.7,8,0.34915053844451904,0.35129573941230774,0.34915053844451904,0.35129573941230774,0.0021452009677886963,0.6347812414169312,0.045924112200737,0.19136469066143036
test,C1_mild_exaggeration,1,02_L0_C2_left,left,pick up the left block,8,pregrasp,128,144,16,0.9290322580645162,0.8181818181818182,9,8,0.3,0.7,8,0.3164353668689728,0.3113570511341095,0.3164353668689728,0.3113570511341095,-0.005078315734863281,0.6347812414169312,0.045924112200737,0.19136469066143036
test,C1_mild_exaggeration,1,02_L0_C2_left,left,pick up the left block,9,pregrasp,144,155,11,1.0,0.8806818181818182,0,8,0.3,0.7,8,0.22169245779514313,0.22880661487579346,0.22169245779514313,0.22880661487579346,0.00711415708065033,0.6359778046607971,0.04541238024830818,0.18998077511787415
test,C1_mild_exaggeration,1,02_L0_C2_left,left,pick up the left block,9,pregrasp,144,155,11,1.0,0.8806818181818182,1,8,0.3,0.7,8,0.23520424962043762,0.2395702302455902,0.23520424962043762,0.2395702302455902,0.004365980625152588,0.6359778046607971,0.04541238024830818,0.18998077511787415
test,C1_mild_exaggeration,1,02_L0_C2_left,left,pick up the left block,9,pregrasp,144,155,11,1.0,0.8806818181818182,2,8,0.3,0.7,8,0.3101915717124939,0.31367066502571106,0.3101915717124939,0.31367066502571106,0.003479093313217163,0.6359778046607971,0.04541238024830818,0.18998077511787415
test,C1_mild_exaggeration,1,02_L0_C2_left,left,pick up the left block,9,pregrasp,144,155,11,1.0,0.8806818181818182,3,8,0.3,0.7,8,0.24690818786621094,0.25122302770614624,0.24690818786621094,0.25122302770614624,0.004314839839935303,0.6359778046607971,0.04541238024830818,0.18998077511787415
test,C1_mild_exaggeration,1,02_L0_C2_left,left,pick up the left block,9,pregrasp,144,155,11,1.0,0.8806818181818182,4,8,0.3,0.7,8,0.24095390737056732,0.24694141745567322,0.24095390737056732,0.24694141745567322,0.005987510085105896,0.6359778046607971,0.04541238024830818,0.18998077511787415
test,C1_mild_exaggeration,1,02_L0_C2_left,left,pick up the left block,9,pregrasp,144,155,11,1.0,0.8806818181818182,5,8,0.3,0.7,8,0.23062948882579803,0.23798395693302155,0.23062948882579803,0.23798395693302155,0.007354468107223511,0.6359778046607971,0.04541238024830818,0.18998077511787415
test,C1_mild_exaggeration,1,02_L0_C2_left,left,pick up the left block,9,pregrasp,144,155,11,1.0,0.8806818181818182,6,8,0.3,0.7,8,0.28824466466903687,0.2911889851093292,0.28824466466903687,0.2911889851093292,0.0029443204402923584,0.6359778046607971,0.04541238024830818,0.18998077511787415
test,C1_mild_exaggeration,1,02_L0_C2_left,left,pick up the left block,9,pregrasp,144,155,11,1.0,0.8806818181818182,7,8,0.3,0.7,8,0.31400802731513977,0.31971150636672974,0.31400802731513977,0.31971150636672974,0.005703479051589966,0.6359778046607971,0.04541238024830818,0.18998077511787415
test,C1_mild_exaggeration,1,02_L0_C2_left,left,pick up the left block,9,pregrasp,144,155,11,1.0,0.8806818181818182,8,8,0.3,0.7,8,0.3879261016845703,0.3892708420753479,0.3879261016845703,0.3892708420753479,0.0013447403907775879,0.6359778046607971,0.04541238024830818,0.18998077511787415
test,C1_mild_exaggeration,1,02_L0_C2_left,left,pick up the left block,9,pregrasp,144,155,11,1.0,0.8806818181818182,9,8,0.3,0.7,8,0.19481971859931946,0.20119614899158478,0.19481971859931946,0.20119614899158478,0.00637643039226532,0.6359778046607971,0.04541238024830818,0.18998077511787415
test,C1_mild_exaggeration,1,02_L0_C2_left,left,pick up the left block,10,postgrasp,155,171,16,1.0,0.9715909090909091,0,8,0.3,0.7,8,0.25946566462516785,0.26060786843299866,0.25946566462516785,0.26060786843299866,0.0011422038078308105,0.6360004544258118,0.0454077310860157,0.18997707962989807
test,C1_mild_exaggeration,1,02_L0_C2_left,left,pick up the left block,10,postgrasp,155,171,16,1.0,0.9715909090909091,1,8,0.3,0.7,8,0.22146087884902954,0.22281458973884583,0.22146087884902954,0.22281458973884583,0.0013537108898162842,0.6360004544258118,0.0454077310860157,0.18997707962989807
test,C1_mild_exaggeration,1,02_L0_C2_left,left,pick up the left block,10,postgrasp,155,171,16,1.0,0.9715909090909091,2,8,0.3,0.7,8,0.2632784843444824,0.2642737925052643,0.2632784843444824,0.2642737925052643,0.0009953081607818604,0.6360004544258118,0.0454077310860157,0.18997707962989807
test,C1_mild_exaggeration,1,02_L0_C2_left,left,pick up the left block,10,postgrasp,155,171,16,1.0,0.9715909090909091,3,8,0.3,0.7,8,0.2285604178905487,0.22834184765815735,0.2285604178905487,0.22834184765815735,-0.00021857023239135742,0.6360004544258118,0.0454077310860157,0.18997707962989807
test,C1_mild_exaggeration,1,02_L0_C2_left,left,pick up the left block,10,postgrasp,155,171,16,1.0,0.9715909090909091,4,8,0.3,0.7,8,0.2180846631526947,0.21936273574829102,0.2180846631526947,0.21936273574829102,0.0012780725955963135,0.6360004544258118,0.0454077310860157,0.18997707962989807
test,C1_mild_exaggeration,1,02_L0_C2_left,left,pick up the left block,10,postgrasp,155,171,16,1.0,0.9715909090909091,5,8,0.3,0.7,8,0.30411189794540405,0.30479511618614197,0.30411189794540405,0.30479511618614197,0.000683218240737915,0.6360004544258118,0.0454077310860157,0.18997707962989807
test,C1_mild_exaggeration,1,02_L0_C2_left,left,pick up the left block,10,postgrasp,155,171,16,1.0,0.9715909090909091,6,8,0.3,0.7,8,0.1712697446346283,0.17289116978645325,0.1712697446346283,0.17289116978645325,0.0016214251518249512,0.6360004544258118,0.0454077310860157,0.18997707962989807
test,C1_mild_exaggeration,1,02_L0_C2_left,left,pick up the left block,10,postgrasp,155,171,16,1.0,0.9715909090909091,7,8,0.3,0.7,8,0.25420618057250977,0.25392618775367737,0.25420618057250977,0.25392618775367737,-0.00027999281883239746,0.6360004544258118,0.0454077310860157,0.18997707962989807
test,C1_mild_exaggeration,1,02_L0_C2_left,left,pick up the left block,10,postgrasp,155,171,16,1.0,0.9715909090909091,8,8,0.3,0.7,8,0.24401789903640747,0.24260124564170837,0.24401789903640747,0.24260124564170837,-0.0014166533946990967,0.6360004544258118,0.0454077310860157,0.18997707962989807
test,C1_mild_exaggeration,1,02_L0_C2_left,left,pick up the left block,10,postgrasp,155,171,16,1.0,0.9715909090909091,9,8,0.3,0.7,8,0.303875595331192,0.30315184593200684,0.303875595331192,0.30315184593200684,-0.0007237493991851807,0.6360004544258118,0.0454077310860157,0.18997707962989807
test,C1_mild_exaggeration,1,02_L0_C2_left,left,pick up the left block,11,postgrasp,171,176,5,1.0,1.0,0,8,0.3,0.7,8,0.2949349880218506,0.2970484793186188,0.2949349880218506,0.2970484793186188,0.0021134912967681885,0.6360026597976685,0.04540481045842171,0.18997584283351898
test,C1_mild_exaggeration,1,02_L0_C2_left,left,pick up the left block,11,postgrasp,171,176,5,1.0,1.0,1,8,0.3,0.7,8,0.28041741251945496,0.28213053941726685,0.28041741251945496,0.28213053941726685,0.0017131268978118896,0.6360026597976685,0.04540481045842171,0.18997584283351898
test,C1_mild_exaggeration,1,02_L0_C2_left,left,pick up the left block,11,postgrasp,171,176,5,1.0,1.0,2,8,0.3,0.7,8,0.2721548080444336,0.27359676361083984,0.2721548080444336,0.27359676361083984,0.00144195556640625,0.6360026597976685,0.04540481045842171,0.18997584283351898
test,C1_mild_exaggeration,1,02_L0_C2_left,left,pick up the left block,11,postgrasp,171,176,5,1.0,1.0,3,8,0.3,0.7,8,0.2337324619293213,0.2367001175880432,0.2337324619293213,0.2367001175880432,0.002967655658721924,0.6360026597976685,0.04540481045842171,0.18997584283351898
test,C1_mild_exaggeration,1,02_L0_C2_left,left,pick up the left block,11,postgrasp,171,176,5,1.0,1.0,4,8,0.3,0.7,8,0.22106195986270905,0.2236969769001007,0.22106195986270905,0.2236969769001007,0.0026350170373916626,0.6360026597976685,0.04540481045842171,0.18997584283351898
test,C1_mild_exaggeration,1,02_L0_C2_left,left,pick up the left block,11,postgrasp,171,176,5,1.0,1.0,5,8,0.3,0.7,8,0.34035682678222656,0.3436148762702942,0.34035682678222656,0.3436148762702942,0.003258049488067627,0.6360026597976685,0.04540481045842171,0.18997584283351898
test,C1_mild_exaggeration,1,02_L0_C2_left,left,pick up the left block,11,postgrasp,171,176,5,1.0,1.0,6,8,0.3,0.7,8,0.312070369720459,0.3155854642391205,0.312070369720459,0.3155854642391205,0.003515094518661499,0.6360026597976685,0.04540481045842171,0.18997584283351898
test,C1_mild_exaggeration,1,02_L0_C2_left,left,pick up the left block,11,postgrasp,171,176,5,1.0,1.0,7,8,0.3,0.7,8,0.2251087725162506,0.22760488092899323,0.2251087725162506,0.22760488092899323,0.0024961084127426147,0.6360026597976685,0.04540481045842171,0.18997584283351898
test,C1_mild_exaggeration,1,02_L0_C2_left,left,pick up the left block,11,postgrasp,171,176,5,1.0,1.0,8,8,0.3,0.7,8,0.32670581340789795,0.3269880712032318,0.32670581340789795,0.3269880712032318,0.0002822577953338623,0.6360026597976685,0.04540481045842171,0.18997584283351898
test,C1_mild_exaggeration,1,02_L0_C2_left,left,pick up the left block,11,postgrasp,171,176,5,1.0,1.0,9,8,0.3,0.7,8,0.22085635364055634,0.22252033650875092,0.22085635364055634,0.22252033650875092,0.00166398286819458,0.6360026597976685,0.04540481045842171,0.18997584283351898
test,C1_mild_exaggeration,1,03_L0_C2_right,right,pick up the right block,0,pregrasp,0,16,16,0.1032258064516129,0.09090909090909091,0,8,0.3,0.7,8,0.3681630492210388,0.3297199606895447,0.3297199606895447,0.3681630492210388,0.03844308853149414,0.36747291684150696,-0.029452817514538765,0.4834505319595337
test,C1_mild_exaggeration,1,03_L0_C2_right,right,pick up the right block,0,pregrasp,0,16,16,0.1032258064516129,0.09090909090909091,1,8,0.3,0.7,8,0.28200575709342957,0.26529085636138916,0.26529085636138916,0.28200575709342957,0.016714900732040405,0.36747291684150696,-0.029452817514538765,0.4834505319595337
test,C1_mild_exaggeration,1,03_L0_C2_right,right,pick up the right block,0,pregrasp,0,16,16,0.1032258064516129,0.09090909090909091,2,8,0.3,0.7,8,0.279000848531723,0.26660671830177307,0.26660671830177307,0.279000848531723,0.012394130229949951,0.36747291684150696,-0.029452817514538765,0.4834505319595337
test,C1_mild_exaggeration,1,03_L0_C2_right,right,pick up the right block,0,pregrasp,0,16,16,0.1032258064516129,0.09090909090909091,3,8,0.3,0.7,8,0.3979022800922394,0.4123042821884155,0.4123042821884155,0.3979022800922394,-0.014402002096176147,0.36747291684150696,-0.029452817514538765,0.4834505319595337
test,C1_mild_exaggeration,1,03_L0_C2_right,right,pick up the right block,0,pregrasp,0,16,16,0.1032258064516129,0.09090909090909091,4,8,0.3,0.7,8,0.4380461573600769,0.4501133859157562,0.4501133859157562,0.4380461573600769,-0.012067228555679321,0.36747291684150696,-0.029452817514538765,0.4834505319595337
test,C1_mild_exaggeration,1,03_L0_C2_right,right,pick up the right block,0,pregrasp,0,16,16,0.1032258064516129,0.09090909090909091,5,8,0.3,0.7,8,0.4460025727748871,0.4361652731895447,0.4361652731895447,0.4460025727748871,0.009837299585342407,0.36747291684150696,-0.029452817514538765,0.4834505319595337
test,C1_mild_exaggeration,1,03_L0_C2_right,right,pick up the right block,0,pregrasp,0,16,16,0.1032258064516129,0.09090909090909091,6,8,0.3,0.7,8,0.40558648109436035,0.3857252597808838,0.3857252597808838,0.40558648109436035,0.019861221313476562,0.36747291684150696,-0.029452817514538765,0.4834505319595337
test,C1_mild_exaggeration,1,03_L0_C2_right,right,pick up the right block,0,pregrasp,0,16,16,0.1032258064516129,0.09090909090909091,7,8,0.3,0.7,8,0.33784180879592896,0.29256659746170044,0.29256659746170044,0.33784180879592896,0.045275211334228516,0.36747291684150696,-0.029452817514538765,0.4834505319595337
test,C1_mild_exaggeration,1,03_L0_C2_right,right,pick up the right block,0,pregrasp,0,16,16,0.1032258064516129,0.09090909090909091,8,8,0.3,0.7,8,0.2398534119129181,0.23875854909420013,0.23875854909420013,0.2398534119129181,0.0010948628187179565,0.36747291684150696,-0.029452817514538765,0.4834505319595337
test,C1_mild_exaggeration,1,03_L0_C2_right,right,pick up the right block,0,pregrasp,0,16,16,0.1032258064516129,0.09090909090909091,9,8,0.3,0.7,8,0.4356001615524292,0.42010483145713806,0.42010483145713806,0.4356001615524292,0.015495330095291138,0.36747291684150696,-0.029452817514538765,0.4834505319595337
test,C1_mild_exaggeration,1,03_L0_C2_right,right,pick up the right block,1,pregrasp,16,32,16,0.2064516129032258,0.18181818181818182,0,8,0.3,0.7,8,0.3485575318336487,0.3651866912841797,0.3651866912841797,0.3485575318336487,-0.016629159450531006,0.3804094195365906,-0.09293494373559952,0.460183322429657
test,C1_mild_exaggeration,1,03_L0_C2_right,right,pick up the right block,1,pregrasp,16,32,16,0.2064516129032258,0.18181818181818182,1,8,0.3,0.7,8,0.23504570126533508,0.24457688629627228,0.24457688629627228,0.23504570126533508,-0.009531185030937195,0.3804094195365906,-0.09293494373559952,0.460183322429657
test,C1_mild_exaggeration,1,03_L0_C2_right,right,pick up the right block,1,pregrasp,16,32,16,0.2064516129032258,0.18181818181818182,2,8,0.3,0.7,8,0.3098392188549042,0.33952412009239197,0.33952412009239197,0.3098392188549042,-0.029684901237487793,0.3804094195365906,-0.09293494373559952,0.460183322429657
test,C1_mild_exaggeration,1,03_L0_C2_right,right,pick up the right block,1,pregrasp,16,32,16,0.2064516129032258,0.18181818181818182,3,8,0.3,0.7,8,0.19869515299797058,0.21491274237632751,0.21491274237632751,0.19869515299797058,-0.016217589378356934,0.3804094195365906,-0.09293494373559952,0.460183322429657
test,C1_mild_exaggeration,1,03_L0_C2_right,right,pick up the right block,1,pregrasp,16,32,16,0.2064516129032258,0.18181818181818182,4,8,0.3,0.7,8,0.31183362007141113,0.3411276340484619,0.3411276340484619,0.31183362007141113,-0.02929401397705078,0.3804094195365906,-0.09293494373559952,0.460183322429657
test,C1_mild_exaggeration,1,03_L0_C2_right,right,pick up the right block,1,pregrasp,16,32,16,0.2064516129032258,0.18181818181818182,5,8,0.3,0.7,8,0.2131410837173462,0.23919235169887543,0.23919235169887543,0.2131410837173462,-0.026051267981529236,0.3804094195365906,-0.09293494373559952,0.460183322429657
test,C1_mild_exaggeration,1,03_L0_C2_right,right,pick up the right block,1,pregrasp,16,32,16,0.2064516129032258,0.18181818181818182,6,8,0.3,0.7,8,0.230566143989563,0.24925728142261505,0.24925728142261505,0.230566143989563,-0.018691137433052063,0.3804094195365906,-0.09293494373559952,0.460183322429657
test,C1_mild_exaggeration,1,03_L0_C2_right,right,pick up the right block,1,pregrasp,16,32,16,0.2064516129032258,0.18181818181818182,7,8,0.3,0.7,8,0.30758580565452576,0.31925728917121887,0.31925728917121887,0.30758580565452576,-0.011671483516693115,0.3804094195365906,-0.09293494373559952,0.460183322429657
test,C1_mild_exaggeration,1,03_L0_C2_right,right,pick up the right block,1,pregrasp,16,32,16,0.2064516129032258,0.18181818181818182,8,8,0.3,0.7,8,0.29025033116340637,0.30655616521835327,0.30655616521835327,0.29025033116340637,-0.0163058340549469,0.3804094195365906,-0.09293494373559952,0.460183322429657
test,C1_mild_exaggeration,1,03_L0_C2_right,right,pick up the right block,1,pregrasp,16,32,16,0.2064516129032258,0.18181818181818182,9,8,0.3,0.7,8,0.18700598180294037,0.20805828273296356,0.20805828273296356,0.18700598180294037,-0.021052300930023193,0.3804094195365906,-0.09293494373559952,0.460183322429657
test,C1_mild_exaggeration,1,03_L0_C2_right,right,pick up the right block,2,pregrasp,32,48,16,0.3096774193548387,0.2727272727272727,0,8,0.3,0.7,8,0.2377592772245407,0.2684200406074524,0.2684200406074524,0.2377592772245407,-0.030660763382911682,0.40499311685562134,-0.15259136259555817,0.434199720621109
test,C1_mild_exaggeration,1,03_L0_C2_right,right,pick up the right block,2,pregrasp,32,48,16,0.3096774193548387,0.2727272727272727,1,8,0.3,0.7,8,0.2277916967868805,0.26723170280456543,0.26723170280456543,0.2277916967868805,-0.039440006017684937,0.40499311685562134,-0.15259136259555817,0.434199720621109
test,C1_mild_exaggeration,1,03_L0_C2_right,right,pick up the right block,2,pregrasp,32,48,16,0.3096774193548387,0.2727272727272727,2,8,0.3,0.7,8,0.22735431790351868,0.2732357382774353,0.2732357382774353,0.22735431790351868,-0.045881420373916626,0.40499311685562134,-0.15259136259555817,0.434199720621109
test,C1_mild_exaggeration,1,03_L0_C2_right,right,pick up the right block,2,pregrasp,32,48,16,0.3096774193548387,0.2727272727272727,3,8,0.3,0.7,8,0.24499103426933289,0.24878504872322083,0.24878504872322083,0.24499103426933289,-0.0037940144538879395,0.40499311685562134,-0.15259136259555817,0.434199720621109
test,C1_mild_exaggeration,1,03_L0_C2_right,right,pick up the right block,2,pregrasp,32,48,16,0.3096774193548387,0.2727272727272727,4,8,0.3,0.7,8,0.29494065046310425,0.34102779626846313,0.34102779626846313,0.29494065046310425,-0.04608714580535889,0.40499311685562134,-0.15259136259555817,0.434199720621109
test,C1_mild_exaggeration,1,03_L0_C2_right,right,pick up the right block,2,pregrasp,32,48,16,0.3096774193548387,0.2727272727272727,5,8,0.3,0.7,8,0.22946497797966003,0.24861007928848267,0.24861007928848267,0.22946497797966003,-0.019145101308822632,0.40499311685562134,-0.15259136259555817,0.434199720621109
test,C1_mild_exaggeration,1,03_L0_C2_right,right,pick up the right block,2,pregrasp,32,48,16,0.3096774193548387,0.2727272727272727,6,8,0.3,0.7,8,0.1931823343038559,0.1899261176586151,0.1899261176586151,0.1931823343038559,0.0032562166452407837,0.40499311685562134,-0.15259136259555817,0.434199720621109
test,C1_mild_exaggeration,1,03_L0_C2_right,right,pick up the right block,2,pregrasp,32,48,16,0.3096774193548387,0.2727272727272727,7,8,0.3,0.7,8,0.18775366246700287,0.22286313772201538,0.22286313772201538,0.18775366246700287,-0.03510947525501251,0.40499311685562134,-0.15259136259555817,0.434199720621109
test,C1_mild_exaggeration,1,03_L0_C2_right,right,pick up the right block,2,pregrasp,32,48,16,0.3096774193548387,0.2727272727272727,8,8,0.3,0.7,8,0.25014665722846985,0.3076564073562622,0.3076564073562622,0.25014665722846985,-0.05750975012779236,0.40499311685562134,-0.15259136259555817,0.434199720621109
test,C1_mild_exaggeration,1,03_L0_C2_right,right,pick up the right block,2,pregrasp,32,48,16,0.3096774193548387,0.2727272727272727,9,8,0.3,0.7,8,0.19953607022762299,0.22662758827209473,0.22662758827209473,0.19953607022762299,-0.02709151804447174,0.40499311685562134,-0.15259136259555817,0.434199720621109
test,C1_mild_exaggeration,1,03_L0_C2_right,right,pick up the right block,3,pregrasp,48,64,16,0.4129032258064516,0.36363636363636365,0,8,0.3,0.7,8,0.17779840528964996,0.23600846529006958,0.23600846529006958,0.17779840528964996,-0.05821006000041962,0.4416850507259369,-0.1969980150461197,0.39538323879241943
test,C1_mild_exaggeration,1,03_L0_C2_right,right,pick up the right block,3,pregrasp,48,64,16,0.4129032258064516,0.36363636363636365,1,8,0.3,0.7,8,0.22202685475349426,0.27474820613861084,0.27474820613861084,0.22202685475349426,-0.05272135138511658,0.4416850507259369,-0.1969980150461197,0.39538323879241943
test,C1_mild_exaggeration,1,03_L0_C2_right,right,pick up the right block,3,pregrasp,48,64,16,0.4129032258064516,0.36363636363636365,2,8,0.3,0.7,8,0.2853100299835205,0.36276981234550476,0.36276981234550476,0.2853100299835205,-0.07745978236198425,0.4416850507259369,-0.1969980150461197,0.39538323879241943
test,C1_mild_exaggeration,1,03_L0_C2_right,right,pick up the right block,3,pregrasp,48,64,16,0.4129032258064516,0.36363636363636365,3,8,0.3,0.7,8,0.2530398964881897,0.338054358959198,0.338054358959198,0.2530398964881897,-0.0850144624710083,0.4416850507259369,-0.1969980150461197,0.39538323879241943
test,C1_mild_exaggeration,1,03_L0_C2_right,right,pick up the right block,3,pregrasp,48,64,16,0.4129032258064516,0.36363636363636365,4,8,0.3,0.7,8,0.21127437055110931,0.24025706946849823,0.24025706946849823,0.21127437055110931,-0.028982698917388916,0.4416850507259369,-0.1969980150461197,0.39538323879241943
test,C1_mild_exaggeration,1,03_L0_C2_right,right,pick up the right block,3,pregrasp,48,64,16,0.4129032258064516,0.36363636363636365,5,8,0.3,0.7,8,0.2921918034553528,0.36895906925201416,0.36895906925201416,0.2921918034553528,-0.07676726579666138,0.4416850507259369,-0.1969980150461197,0.39538323879241943
test,C1_mild_exaggeration,1,03_L0_C2_right,right,pick up the right block,3,pregrasp,48,64,16,0.4129032258064516,0.36363636363636365,6,8,0.3,0.7,8,0.20044025778770447,0.25884944200515747,0.25884944200515747,0.20044025778770447,-0.058409184217453,0.4416850507259369,-0.1969980150461197,0.39538323879241943
test,C1_mild_exaggeration,1,03_L0_C2_right,right,pick up the right block,3,pregrasp,48,64,16,0.4129032258064516,0.36363636363636365,7,8,0.3,0.7,8,0.24915170669555664,0.3273005187511444,0.3273005187511444,0.24915170669555664,-0.07814881205558777,0.4416850507259369,-0.1969980150461197,0.39538323879241943
test,C1_mild_exaggeration,1,03_L0_C2_right,right,pick up the right block,3,pregrasp,48,64,16,0.4129032258064516,0.36363636363636365,8,8,0.3,0.7,8,0.24310405552387238,0.3020510971546173,0.3020510971546173,0.24310405552387238,-0.058947041630744934,0.4416850507259369,-0.1969980150461197,0.39538323879241943
test,C1_mild_exaggeration,1,03_L0_C2_right,right,pick up the right block,3,pregrasp,48,64,16,0.4129032258064516,0.36363636363636365,9,8,0.3,0.7,8,0.2519093453884125,0.2959153354167938,0.2959153354167938,0.2519093453884125,-0.04400599002838135,0.4416850507259369,-0.1969980150461197,0.39538323879241943
test,C1_mild_exaggeration,1,03_L0_C2_right,right,pick up the right block,4,pregrasp,64,80,16,0.5161290322580645,0.45454545454545453,0,8,0.3,0.7,8,0.24755437672138214,0.26722195744514465,0.26722195744514465,0.24755437672138214,-0.019667580723762512,0.487356036901474,-0.20636099576950073,0.34574398398399353
test,C1_mild_exaggeration,1,03_L0_C2_right,right,pick up the right block,4,pregrasp,64,80,16,0.5161290322580645,0.45454545454545453,1,8,0.3,0.7,8,0.2301713526248932,0.26746171712875366,0.26746171712875366,0.2301713526248932,-0.037290364503860474,0.487356036901474,-0.20636099576950073,0.34574398398399353
test,C1_mild_exaggeration,1,03_L0_C2_right,right,pick up the right block,4,pregrasp,64,80,16,0.5161290322580645,0.45454545454545453,2,8,0.3,0.7,8,0.3225021958351135,0.3490357995033264,0.3490357995033264,0.3225021958351135,-0.02653360366821289,0.487356036901474,-0.20636099576950073,0.34574398398399353
test,C1_mild_exaggeration,1,03_L0_C2_right,right,pick up the right block,4,pregrasp,64,80,16,0.5161290322580645,0.45454545454545453,3,8,0.3,0.7,8,0.3116871118545532,0.34252044558525085,0.34252044558525085,0.3116871118545532,-0.030833333730697632,0.487356036901474,-0.20636099576950073,0.34574398398399353
test,C1_mild_exaggeration,1,03_L0_C2_right,right,pick up the right block,4,pregrasp,64,80,16,0.5161290322580645,0.45454545454545453,4,8,0.3,0.7,8,0.1570969521999359,0.18633459508419037,0.18633459508419037,0.1570969521999359,-0.029237642884254456,0.487356036901474,-0.20636099576950073,0.34574398398399353
test,C1_mild_exaggeration,1,03_L0_C2_right,right,pick up the right block,4,pregrasp,64,80,16,0.5161290322580645,0.45454545454545453,5,8,0.3,0.7,8,0.2641841471195221,0.30542588233947754,0.30542588233947754,0.2641841471195221,-0.041241735219955444,0.487356036901474,-0.20636099576950073,0.34574398398399353
test,C1_mild_exaggeration,1,03_L0_C2_right,right,pick up the right block,4,pregrasp,64,80,16,0.5161290322580645,0.45454545454545453,6,8,0.3,0.7,8,0.26459184288978577,0.29994094371795654,0.29994094371795654,0.26459184288978577,-0.035349100828170776,0.487356036901474,-0.20636099576950073,0.34574398398399353
test,C1_mild_exaggeration,1,03_L0_C2_right,right,pick up the right block,4,pregrasp,64,80,16,0.5161290322580645,0.45454545454545453,7,8,0.3,0.7,8,0.24292424321174622,0.2758198082447052,0.2758198082447052,0.24292424321174622,-0.032895565032958984,0.487356036901474,-0.20636099576950073,0.34574398398399353
test,C1_mild_exaggeration,1,03_L0_C2_right,right,pick up the right block,4,pregrasp,64,80,16,0.5161290322580645,0.45454545454545453,8,8,0.3,0.7,8,0.1911613792181015,0.22594784200191498,0.22594784200191498,0.1911613792181015,-0.03478646278381348,0.487356036901474,-0.20636099576950073,0.34574398398399353
test,C1_mild_exaggeration,1,03_L0_C2_right,right,pick up the right block,4,pregrasp,64,80,16,0.5161290322580645,0.45454545454545453,9,8,0.3,0.7,8,0.24475742876529694,0.28040993213653564,0.28040993213653564,0.24475742876529694,-0.03565250337123871,0.487356036901474,-0.20636099576950073,0.34574398398399353
test,C1_mild_exaggeration,1,03_L0_C2_right,right,pick up the right block,5,pregrasp,80,96,16,0.6193548387096774,0.5454545454545454,0,8,0.3,0.7,8,0.3286456763744354,0.3599995970726013,0.3599995970726013,0.3286456763744354,-0.031353920698165894,0.530965268611908,-0.17903056740760803,0.2995457351207733
test,C1_mild_exaggeration,1,03_L0_C2_right,right,pick up the right block,5,pregrasp,80,96,16,0.6193548387096774,0.5454545454545454,1,8,0.3,0.7,8,0.29443371295928955,0.33554503321647644,0.33554503321647644,0.29443371295928955,-0.04111132025718689,0.530965268611908,-0.17903056740760803,0.2995457351207733
test,C1_mild_exaggeration,1,03_L0_C2_right,right,pick up the right block,5,pregrasp,80,96,16,0.6193548387096774,0.5454545454545454,2,8,0.3,0.7,8,0.3012082278728485,0.344145804643631,0.344145804643631,0.3012082278728485,-0.04293757677078247,0.530965268611908,-0.17903056740760803,0.2995457351207733
test,C1_mild_exaggeration,1,03_L0_C2_right,right,pick up the right block,5,pregrasp,80,96,16,0.6193548387096774,0.5454545454545454,3,8,0.3,0.7,8,0.3626515567302704,0.3976585268974304,0.3976585268974304,0.3626515567302704,-0.035006970167160034,0.530965268611908,-0.17903056740760803,0.2995457351207733
test,C1_mild_exaggeration,1,03_L0_C2_right,right,pick up the right block,5,pregrasp,80,96,16,0.6193548387096774,0.5454545454545454,4,8,0.3,0.7,8,0.2693985104560852,0.30481013655662537,0.30481013655662537,0.2693985104560852,-0.03541162610054016,0.530965268611908,-0.17903056740760803,0.2995457351207733
test,C1_mild_exaggeration,1,03_L0_C2_right,right,pick up the right block,5,pregrasp,80,96,16,0.6193548387096774,0.5454545454545454,5,8,0.3,0.7,8,0.2998562157154083,0.3391309976577759,0.3391309976577759,0.2998562157154083,-0.039274781942367554,0.530965268611908,-0.17903056740760803,0.2995457351207733
test,C1_mild_exaggeration,1,03_L0_C2_right,right,pick up the right block,5,pregrasp,80,96,16,0.6193548387096774,0.5454545454545454,6,8,0.3,0.7,8,0.23579367995262146,0.2768041491508484,0.2768041491508484,0.23579367995262146,-0.04101046919822693,0.530965268611908,-0.17903056740760803,0.2995457351207733
test,C1_mild_exaggeration,1,03_L0_C2_right,right,pick up the right block,5,pregrasp,80,96,16,0.6193548387096774,0.5454545454545454,7,8,0.3,0.7,8,0.3517797291278839,0.40858590602874756,0.40858590602874756,0.3517797291278839,-0.05680617690086365,0.530965268611908,-0.17903056740760803,0.2995457351207733
test,C1_mild_exaggeration,1,03_L0_C2_right,right,pick up the right block,5,pregrasp,80,96,16,0.6193548387096774,0.5454545454545454,8,8,0.3,0.7,8,0.34526583552360535,0.3961483836174011,0.3961483836174011,0.34526583552360535,-0.050882548093795776,0.530965268611908,-0.17903056740760803,0.2995457351207733
test,C1_mild_exaggeration,1,03_L0_C2_right,right,pick up the right block,5,pregrasp,80,96,16,0.6193548387096774,0.5454545454545454,9,8,0.3,0.7,8,0.2830718457698822,0.31740763783454895,0.31740763783454895,0.2830718457698822,-0.03433579206466675,0.530965268611908,-0.17903056740760803,0.2995457351207733
test,C1_mild_exaggeration,1,03_L0_C2_right,right,pick up the right block,6,pregrasp,96,112,16,0.7225806451612903,0.6363636363636364,0,8,0.3,0.7,8,0.29318225383758545,0.30239200592041016,0.30239200592041016,0.29318225383758545,-0.009209752082824707,0.5693609714508057,-0.13848422467708588,0.2595095634460449
test,C1_mild_exaggeration,1,03_L0_C2_right,right,pick up the right block,6,pregrasp,96,112,16,0.7225806451612903,0.6363636363636364,1,8,0.3,0.7,8,0.33011379837989807,0.3507592976093292,0.3507592976093292,0.33011379837989807,-0.020645499229431152,0.5693609714508057,-0.13848422467708588,0.2595095634460449
test,C1_mild_exaggeration,1,03_L0_C2_right,right,pick up the right block,6,pregrasp,96,112,16,0.7225806451612903,0.6363636363636364,2,8,0.3,0.7,8,0.27786898612976074,0.29137367010116577,0.29137367010116577,0.27786898612976074,-0.01350468397140503,0.5693609714508057,-0.13848422467708588,0.2595095634460449
test,C1_mild_exaggeration,1,03_L0_C2_right,right,pick up the right block,6,pregrasp,96,112,16,0.7225806451612903,0.6363636363636364,3,8,0.3,0.7,8,0.24223725497722626,0.2589998245239258,0.2589998245239258,0.24223725497722626,-0.016762569546699524,0.5693609714508057,-0.13848422467708588,0.2595095634460449
test,C1_mild_exaggeration,1,03_L0_C2_right,right,pick up the right block,6,pregrasp,96,112,16,0.7225806451612903,0.6363636363636364,4,8,0.3,0.7,8,0.18078364431858063,0.20312704145908356,0.20312704145908356,0.18078364431858063,-0.02234339714050293,0.5693609714508057,-0.13848422467708588,0.2595095634460449
test,C1_mild_exaggeration,1,03_L0_C2_right,right,pick up the right block,6,pregrasp,96,112,16,0.7225806451612903,0.6363636363636364,5,8,0.3,0.7,8,0.29350483417510986,0.2992779314517975,0.2992779314517975,0.29350483417510986,-0.005773097276687622,0.5693609714508057,-0.13848422467708588,0.2595095634460449
test,C1_mild_exaggeration,1,03_L0_C2_right,right,pick up the right block,6,pregrasp,96,112,16,0.7225806451612903,0.6363636363636364,6,8,0.3,0.7,8,0.3370855450630188,0.35866984724998474,0.35866984724998474,0.3370855450630188,-0.021584302186965942,0.5693609714508057,-0.13848422467708588,0.2595095634460449
test,C1_mild_exaggeration,1,03_L0_C2_right,right,pick up the right block,6,pregrasp,96,112,16,0.7225806451612903,0.6363636363636364,7,8,0.3,0.7,8,0.2597614824771881,0.27412834763526917,0.27412834763526917,0.2597614824771881,-0.014366865158081055,0.5693609714508057,-0.13848422467708588,0.2595095634460449
test,C1_mild_exaggeration,1,03_L0_C2_right,right,pick up the right block,6,pregrasp,96,112,16,0.7225806451612903,0.6363636363636364,8,8,0.3,0.7,8,0.3486254811286926,0.36011090874671936,0.36011090874671936,0.3486254811286926,-0.011485427618026733,0.5693609714508057,-0.13848422467708588,0.2595095634460449
test,C1_mild_exaggeration,1,03_L0_C2_right,right,pick up the right block,6,pregrasp,96,112,16,0.7225806451612903,0.6363636363636364,9,8,0.3,0.7,8,0.3273252546787262,0.33677953481674194,0.33677953481674194,0.3273252546787262,-0.009454280138015747,0.5693609714508057,-0.13848422467708588,0.2595095634460449
test,C1_mild_exaggeration,1,03_L0_C2_right,right,pick up the right block,7,pregrasp,112,128,16,0.8258064516129032,0.7272727272727273,0,8,0.3,0.7,8,0.3851999044418335,0.3917757570743561,0.3917757570743561,0.3851999044418335,-0.006575852632522583,0.6046216487884521,-0.08983577787876129,0.22247432172298431
test,C1_mild_exaggeration,1,03_L0_C2_right,right,pick up the right block,7,pregrasp,112,128,16,0.8258064516129032,0.7272727272727273,1,8,0.3,0.7,8,0.3390154242515564,0.3438313603401184,0.3438313603401184,0.3390154242515564,-0.004815936088562012,0.6046216487884521,-0.08983577787876129,0.22247432172298431
test,C1_mild_exaggeration,1,03_L0_C2_right,right,pick up the right block,7,pregrasp,112,128,16,0.8258064516129032,0.7272727272727273,2,8,0.3,0.7,8,0.3214210271835327,0.33117911219596863,0.33117911219596863,0.3214210271835327,-0.009758085012435913,0.6046216487884521,-0.08983577787876129,0.22247432172298431
test,C1_mild_exaggeration,1,03_L0_C2_right,right,pick up the right block,7,pregrasp,112,128,16,0.8258064516129032,0.7272727272727273,3,8,0.3,0.7,8,0.3229438364505768,0.3356335163116455,0.3356335163116455,0.3229438364505768,-0.012689679861068726,0.6046216487884521,-0.08983577787876129,0.22247432172298431
test,C1_mild_exaggeration,1,03_L0_C2_right,right,pick up the right block,7,pregrasp,112,128,16,0.8258064516129032,0.7272727272727273,4,8,0.3,0.7,8,0.34124961495399475,0.3421058654785156,0.3421058654785156,0.34124961495399475,-0.000856250524520874,0.6046216487884521,-0.08983577787876129,0.22247432172298431
test,C1_mild_exaggeration,1,03_L0_C2_right,right,pick up the right block,7,pregrasp,112,128,16,0.8258064516129032,0.7272727272727273,5,8,0.3,0.7,8,0.32269495725631714,0.32676535844802856,0.32676535844802856,0.32269495725631714,-0.004070401191711426,0.6046216487884521,-0.08983577787876129,0.22247432172298431
test,C1_mild_exaggeration,1,03_L0_C2_right,right,pick up the right block,7,pregrasp,112,128,16,0.8258064516129032,0.7272727272727273,6,8,0.3,0.7,8,0.25419333577156067,0.2631089687347412,0.2631089687347412,0.25419333577156067,-0.008915632963180542,0.6046216487884521,-0.08983577787876129,0.22247432172298431
test,C1_mild_exaggeration,1,03_L0_C2_right,right,pick up the right block,7,pregrasp,112,128,16,0.8258064516129032,0.7272727272727273,7,8,0.3,0.7,8,0.24450448155403137,0.2555784285068512,0.2555784285068512,0.24450448155403137,-0.011073946952819824,0.6046216487884521,-0.08983577787876129,0.22247432172298431
test,C1_mild_exaggeration,1,03_L0_C2_right,right,pick up the right block,7,pregrasp,112,128,16,0.8258064516129032,0.7272727272727273,8,8,0.3,0.7,8,0.2489268183708191,0.2591789960861206,0.2591789960861206,0.2489268183708191,-0.010252177715301514,0.6046216487884521,-0.08983577787876129,0.22247432172298431
test,C1_mild_exaggeration,1,03_L0_C2_right,right,pick up the right block,7,pregrasp,112,128,16,0.8258064516129032,0.7272727272727273,9,8,0.3,0.7,8,0.2230232059955597,0.23405635356903076,0.23405635356903076,0.2230232059955597,-0.01103314757347107,0.6046216487884521,-0.08983577787876129,0.22247432172298431
test,C1_mild_exaggeration,1,03_L0_C2_right,right,pick up the right block,8,pregrasp,128,144,16,0.9290322580645162,0.8181818181818182,0,8,0.3,0.7,8,0.40276026725769043,0.41692671179771423,0.41692671179771423,0.40276026725769043,-0.014166444540023804,0.6345025897026062,-0.04621091112494469,0.19129754602909088
test,C1_mild_exaggeration,1,03_L0_C2_right,right,pick up the right block,8,pregrasp,128,144,16,0.9290322580645162,0.8181818181818182,1,8,0.3,0.7,8,0.35873788595199585,0.37319284677505493,0.37319284677505493,0.35873788595199585,-0.014454960823059082,0.6345025897026062,-0.04621091112494469,0.19129754602909088
test,C1_mild_exaggeration,1,03_L0_C2_right,right,pick up the right block,8,pregrasp,128,144,16,0.9290322580645162,0.8181818181818182,2,8,0.3,0.7,8,0.3700621426105499,0.38718122243881226,0.38718122243881226,0.3700621426105499,-0.01711907982826233,0.6345025897026062,-0.04621091112494469,0.19129754602909088
test,C1_mild_exaggeration,1,03_L0_C2_right,right,pick up the right block,8,pregrasp,128,144,16,0.9290322580645162,0.8181818181818182,3,8,0.3,0.7,8,0.3434132933616638,0.3592534363269806,0.3592534363269806,0.3434132933616638,-0.015840142965316772,0.6345025897026062,-0.04621091112494469,0.19129754602909088
test,C1_mild_exaggeration,1,03_L0_C2_right,right,pick up the right block,8,pregrasp,128,144,16,0.9290322580645162,0.8181818181818182,4,8,0.3,0.7,8,0.41969799995422363,0.43851006031036377,0.43851006031036377,0.41969799995422363,-0.018812060356140137,0.6345025897026062,-0.04621091112494469,0.19129754602909088
test,C1_mild_exaggeration,1,03_L0_C2_right,right,pick up the right block,8,pregrasp,128,144,16,0.9290322580645162,0.8181818181818182,5,8,0.3,0.7,8,0.26904359459877014,0.2791038453578949,0.2791038453578949,0.26904359459877014,-0.010060250759124756,0.6345025897026062,-0.04621091112494469,0.19129754602909088
test,C1_mild_exaggeration,1,03_L0_C2_right,right,pick up the right block,8,pregrasp,128,144,16,0.9290322580645162,0.8181818181818182,6,8,0.3,0.7,8,0.29331305623054504,0.31184518337249756,0.31184518337249756,0.29331305623054504,-0.018532127141952515,0.6345025897026062,-0.04621091112494469,0.19129754602909088
test,C1_mild_exaggeration,1,03_L0_C2_right,right,pick up the right block,8,pregrasp,128,144,16,0.9290322580645162,0.8181818181818182,7,8,0.3,0.7,8,0.3888748288154602,0.41086456179618835,0.41086456179618835,0.3888748288154602,-0.02198973298072815,0.6345025897026062,-0.04621091112494469,0.19129754602909088
test,C1_mild_exaggeration,1,03_L0_C2_right,right,pick up the right block,8,pregrasp,128,144,16,0.9290322580645162,0.8181818181818182,8,8,0.3,0.7,8,0.372648149728775,0.3916087746620178,0.3916087746620178,0.372648149728775,-0.018960624933242798,0.6345025897026062,-0.04621091112494469,0.19129754602909088
test,C1_mild_exaggeration,1,03_L0_C2_right,right,pick up the right block,8,pregrasp,128,144,16,0.9290322580645162,0.8181818181818182,9,8,0.3,0.7,8,0.30288901925086975,0.31478095054626465,0.31478095054626465,0.30288901925086975,-0.011891931295394897,0.6345025897026062,-0.04621091112494469,0.19129754602909088
test,C1_mild_exaggeration,1,03_L0_C2_right,right,pick up the right block,9,pregrasp,144,155,11,1.0,0.8806818181818182,0,8,0.3,0.7,8,0.46735650300979614,0.4662606716156006,0.4662606716156006,0.46735650300979614,0.0010958313941955566,0.6357624530792236,-0.04573017358779907,0.19000336527824402
test,C1_mild_exaggeration,1,03_L0_C2_right,right,pick up the right block,9,pregrasp,144,155,11,1.0,0.8806818181818182,1,8,0.3,0.7,8,0.22498349845409393,0.22446919977664948,0.22446919977664948,0.22498349845409393,0.000514298677444458,0.6357624530792236,-0.04573017358779907,0.19000336527824402
test,C1_mild_exaggeration,1,03_L0_C2_right,right,pick up the right block,9,pregrasp,144,155,11,1.0,0.8806818181818182,2,8,0.3,0.7,8,0.3793940544128418,0.37746867537498474,0.37746867537498474,0.3793940544128418,0.0019253790378570557,0.6357624530792236,-0.04573017358779907,0.19000336527824402
test,C1_mild_exaggeration,1,03_L0_C2_right,right,pick up the right block,9,pregrasp,144,155,11,1.0,0.8806818181818182,3,8,0.3,0.7,8,0.33082982897758484,0.329770028591156,0.329770028591156,0.33082982897758484,0.001059800386428833,0.6357624530792236,-0.04573017358779907,0.19000336527824402
test,C1_mild_exaggeration,1,03_L0_C2_right,right,pick up the right block,9,pregrasp,144,155,11,1.0,0.8806818181818182,4,8,0.3,0.7,8,0.3583758473396301,0.356955885887146,0.356955885887146,0.3583758473396301,0.0014199614524841309,0.6357624530792236,-0.04573017358779907,0.19000336527824402
test,C1_mild_exaggeration,1,03_L0_C2_right,right,pick up the right block,9,pregrasp,144,155,11,1.0,0.8806818181818182,5,8,0.3,0.7,8,0.40787065029144287,0.4087788462638855,0.4087788462638855,0.40787065029144287,-0.000908195972442627,0.6357624530792236,-0.04573017358779907,0.19000336527824402
test,C1_mild_exaggeration,1,03_L0_C2_right,right,pick up the right block,9,pregrasp,144,155,11,1.0,0.8806818181818182,6,8,0.3,0.7,8,0.3502446413040161,0.3493879437446594,0.3493879437446594,0.3502446413040161,0.0008566975593566895,0.6357624530792236,-0.04573017358779907,0.19000336527824402
test,C1_mild_exaggeration,1,03_L0_C2_right,right,pick up the right block,9,pregrasp,144,155,11,1.0,0.8806818181818182,7,8,0.3,0.7,8,0.38072195649147034,0.3798375129699707,0.3798375129699707,0.38072195649147034,0.0008844435214996338,0.6357624530792236,-0.04573017358779907,0.19000336527824402
test,C1_mild_exaggeration,1,03_L0_C2_right,right,pick up the right block,9,pregrasp,144,155,11,1.0,0.8806818181818182,8,8,0.3,0.7,8,0.3697238564491272,0.36916327476501465,0.36916327476501465,0.3697238564491272,0.0005605816841125488,0.6357624530792236,-0.04573017358779907,0.19000336527824402
test,C1_mild_exaggeration,1,03_L0_C2_right,right,pick up the right block,9,pregrasp,144,155,11,1.0,0.8806818181818182,9,8,0.3,0.7,8,0.4815778136253357,0.47882673144340515,0.47882673144340515,0.4815778136253357,0.002751082181930542,0.6357624530792236,-0.04573017358779907,0.19000336527824402
test,C1_mild_exaggeration,1,03_L0_C2_right,right,pick up the right block,10,postgrasp,155,171,16,1.0,0.9715909090909091,0,8,0.3,0.7,8,0.3143075108528137,0.3168967068195343,0.3168967068195343,0.3143075108528137,-0.002589195966720581,0.6359047889709473,-0.04572734609246254,0.19002921879291534
test,C1_mild_exaggeration,1,03_L0_C2_right,right,pick up the right block,10,postgrasp,155,171,16,1.0,0.9715909090909091,1,8,0.3,0.7,8,0.2835245132446289,0.2855384051799774,0.2855384051799774,0.2835245132446289,-0.0020138919353485107,0.6359047889709473,-0.04572734609246254,0.19002921879291534
test,C1_mild_exaggeration,1,03_L0_C2_right,right,pick up the right block,10,postgrasp,155,171,16,1.0,0.9715909090909091,2,8,0.3,0.7,8,0.2968690097332001,0.2982625961303711,0.2982625961303711,0.2968690097332001,-0.0013935863971710205,0.6359047889709473,-0.04572734609246254,0.19002921879291534
test,C1_mild_exaggeration,1,03_L0_C2_right,right,pick up the right block,10,postgrasp,155,171,16,1.0,0.9715909090909091,3,8,0.3,0.7,8,0.2716480791568756,0.2731352150440216,0.2731352150440216,0.2716480791568756,-0.001487135887145996,0.6359047889709473,-0.04572734609246254,0.19002921879291534
test,C1_mild_exaggeration,1,03_L0_C2_right,right,pick up the right block,10,postgrasp,155,171,16,1.0,0.9715909090909091,4,8,0.3,0.7,8,0.31030240654945374,0.3113524913787842,0.3113524913787842,0.31030240654945374,-0.0010500848293304443,0.6359047889709473,-0.04572734609246254,0.19002921879291534
test,C1_mild_exaggeration,1,03_L0_C2_right,right,pick up the right block,10,postgrasp,155,171,16,1.0,0.9715909090909091,5,8,0.3,0.7,8,0.28661420941352844,0.28768274188041687,0.28768274188041687,0.28661420941352844,-0.0010685324668884277,0.6359047889709473,-0.04572734609246254,0.19002921879291534
test,C1_mild_exaggeration,1,03_L0_C2_right,right,pick up the right block,10,postgrasp,155,171,16,1.0,0.9715909090909091,6,8,0.3,0.7,8,0.2901829779148102,0.29259589314460754,0.29259589314460754,0.2901829779148102,-0.0024129152297973633,0.6359047889709473,-0.04572734609246254,0.19002921879291534
test,C1_mild_exaggeration,1,03_L0_C2_right,right,pick up the right block,10,postgrasp,155,171,16,1.0,0.9715909090909091,7,8,0.3,0.7,8,0.28962117433547974,0.29083237051963806,0.29083237051963806,0.28962117433547974,-0.0012111961841583252,0.6359047889709473,-0.04572734609246254,0.19002921879291534
test,C1_mild_exaggeration,1,03_L0_C2_right,right,pick up the right block,10,postgrasp,155,171,16,1.0,0.9715909090909091,8,8,0.3,0.7,8,0.3678080141544342,0.36874252557754517,0.36874252557754517,0.3678080141544342,-0.0009345114231109619,0.6359047889709473,-0.04572734609246254,0.19002921879291534
test,C1_mild_exaggeration,1,03_L0_C2_right,right,pick up the right block,10,postgrasp,155,171,16,1.0,0.9715909090909091,9,8,0.3,0.7,8,0.3135996162891388,0.3145064115524292,0.3145064115524292,0.3135996162891388,-0.0009067952632904053,0.6359047889709473,-0.04572734609246254,0.19002921879291534
test,C1_mild_exaggeration,1,03_L0_C2_right,right,pick up the right block,11,postgrasp,171,176,5,1.0,1.0,0,8,0.3,0.7,8,0.3070205748081207,0.3093179166316986,0.3093179166316986,0.3070205748081207,-0.002297341823577881,0.6359174251556396,-0.045729320496320724,0.1900392323732376
test,C1_mild_exaggeration,1,03_L0_C2_right,right,pick up the right block,11,postgrasp,171,176,5,1.0,1.0,1,8,0.3,0.7,8,0.35568344593048096,0.3569415509700775,0.3569415509700775,0.35568344593048096,-0.0012581050395965576,0.6359174251556396,-0.045729320496320724,0.1900392323732376
test,C1_mild_exaggeration,1,03_L0_C2_right,right,pick up the right block,11,postgrasp,171,176,5,1.0,1.0,2,8,0.3,0.7,8,0.3600707948207855,0.36313918232917786,0.36313918232917786,0.3600707948207855,-0.003068387508392334,0.6359174251556396,-0.045729320496320724,0.1900392323732376
test,C1_mild_exaggeration,1,03_L0_C2_right,right,pick up the right block,11,postgrasp,171,176,5,1.0,1.0,3,8,0.3,0.7,8,0.29416969418525696,0.29731693863868713,0.29731693863868713,0.29416969418525696,-0.0031472444534301758,0.6359174251556396,-0.045729320496320724,0.1900392323732376
test,C1_mild_exaggeration,1,03_L0_C2_right,right,pick up the right block,11,postgrasp,171,176,5,1.0,1.0,4,8,0.3,0.7,8,0.3257388472557068,0.3279528319835663,0.3279528319835663,0.3257388472557068,-0.002213984727859497,0.6359174251556396,-0.045729320496320724,0.1900392323732376
test,C1_mild_exaggeration,1,03_L0_C2_right,right,pick up the right block,11,postgrasp,171,176,5,1.0,1.0,5,8,0.3,0.7,8,0.44835036993026733,0.44858139753341675,0.44858139753341675,0.44835036993026733,-0.00023102760314941406,0.6359174251556396,-0.045729320496320724,0.1900392323732376
test,C1_mild_exaggeration,1,03_L0_C2_right,right,pick up the right block,11,postgrasp,171,176,5,1.0,1.0,6,8,0.3,0.7,8,0.4997750520706177,0.4995671510696411,0.4995671510696411,0.4997750520706177,0.0002079010009765625,0.6359174251556396,-0.045729320496320724,0.1900392323732376
test,C1_mild_exaggeration,1,03_L0_C2_right,right,pick up the right block,11,postgrasp,171,176,5,1.0,1.0,7,8,0.3,0.7,8,0.3105098307132721,0.31244686245918274,0.31244686245918274,0.3105098307132721,-0.0019370317459106445,0.6359174251556396,-0.045729320496320724,0.1900392323732376
test,C1_mild_exaggeration,1,03_L0_C2_right,right,pick up the right block,11,postgrasp,171,176,5,1.0,1.0,8,8,0.3,0.7,8,0.37423962354660034,0.3754338324069977,0.3754338324069977,0.37423962354660034,-0.0011942088603973389,0.6359174251556396,-0.045729320496320724,0.1900392323732376
test,C1_mild_exaggeration,1,03_L0_C2_right,right,pick up the right block,11,postgrasp,171,176,5,1.0,1.0,9,8,0.3,0.7,8,0.2964813709259033,0.29882535338401794,0.29882535338401794,0.2964813709259033,-0.002343982458114624,0.6359174251556396,-0.045729320496320724,0.1900392323732376
test,C2_strong_exaggeration,2,04_L1_C1_left,left,pick up the left block,0,pregrasp,0,16,16,0.125,0.10738255033557047,0,8,0.3,0.7,8,0.3795599639415741,0.40559476613998413,0.3795599639415741,0.40559476613998413,0.026034802198410034,0.3720323145389557,0.02371496520936489,0.4776563346385956
test,C2_strong_exaggeration,2,04_L1_C1_left,left,pick up the left block,0,pregrasp,0,16,16,0.125,0.10738255033557047,1,8,0.3,0.7,8,0.3742207884788513,0.405908465385437,0.3742207884788513,0.405908465385437,0.03168767690658569,0.3720323145389557,0.02371496520936489,0.4776563346385956
test,C2_strong_exaggeration,2,04_L1_C1_left,left,pick up the left block,0,pregrasp,0,16,16,0.125,0.10738255033557047,2,8,0.3,0.7,8,0.24141544103622437,0.27552831172943115,0.24141544103622437,0.27552831172943115,0.03411287069320679,0.3720323145389557,0.02371496520936489,0.4776563346385956
test,C2_strong_exaggeration,2,04_L1_C1_left,left,pick up the left block,0,pregrasp,0,16,16,0.125,0.10738255033557047,3,8,0.3,0.7,8,0.3740500807762146,0.4096851646900177,0.3740500807762146,0.4096851646900177,0.0356350839138031,0.3720323145389557,0.02371496520936489,0.4776563346385956
test,C2_strong_exaggeration,2,04_L1_C1_left,left,pick up the left block,0,pregrasp,0,16,16,0.125,0.10738255033557047,4,8,0.3,0.7,8,0.3255607485771179,0.35331642627716064,0.3255607485771179,0.35331642627716064,0.027755677700042725,0.3720323145389557,0.02371496520936489,0.4776563346385956
test,C2_strong_exaggeration,2,04_L1_C1_left,left,pick up the left block,0,pregrasp,0,16,16,0.125,0.10738255033557047,5,8,0.3,0.7,8,0.34301918745040894,0.3704131841659546,0.34301918745040894,0.3704131841659546,0.027393996715545654,0.3720323145389557,0.02371496520936489,0.4776563346385956
test,C2_strong_exaggeration,2,04_L1_C1_left,left,pick up the left block,0,pregrasp,0,16,16,0.125,0.10738255033557047,6,8,0.3,0.7,8,0.2900129556655884,0.3064221143722534,0.2900129556655884,0.3064221143722534,0.01640915870666504,0.3720323145389557,0.02371496520936489,0.4776563346385956
test,C2_strong_exaggeration,2,04_L1_C1_left,left,pick up the left block,0,pregrasp,0,16,16,0.125,0.10738255033557047,7,8,0.3,0.7,8,0.2920794188976288,0.3339839279651642,0.2920794188976288,0.3339839279651642,0.0419045090675354,0.3720323145389557,0.02371496520936489,0.4776563346385956
test,C2_strong_exaggeration,2,04_L1_C1_left,left,pick up the left block,0,pregrasp,0,16,16,0.125,0.10738255033557047,8,8,0.3,0.7,8,0.3311934769153595,0.33685266971588135,0.3311934769153595,0.33685266971588135,0.005659192800521851,0.3720323145389557,0.02371496520936489,0.4776563346385956
test,C2_strong_exaggeration,2,04_L1_C1_left,left,pick up the left block,0,pregrasp,0,16,16,0.125,0.10738255033557047,9,8,0.3,0.7,8,0.2923893332481384,0.2883422374725342,0.2923893332481384,0.2883422374725342,-0.004047095775604248,0.3720323145389557,0.02371496520936489,0.4776563346385956
test,C2_strong_exaggeration,2,04_L1_C1_left,left,pick up the left block,1,pregrasp,16,32,16,0.25,0.21476510067114093,0,8,0.3,0.7,8,0.3274577260017395,0.351606160402298,0.3274577260017395,0.351606160402298,0.02414843440055847,0.4017365276813507,0.07194092869758606,0.43798354268074036
test,C2_strong_exaggeration,2,04_L1_C1_left,left,pick up the left block,1,pregrasp,16,32,16,0.25,0.21476510067114093,1,8,0.3,0.7,8,0.36217913031578064,0.3896939158439636,0.36217913031578064,0.3896939158439636,0.027514785528182983,0.4017365276813507,0.07194092869758606,0.43798354268074036
test,C2_strong_exaggeration,2,04_L1_C1_left,left,pick up the left block,1,pregrasp,16,32,16,0.25,0.21476510067114093,2,8,0.3,0.7,8,0.3763309419155121,0.4096260666847229,0.3763309419155121,0.4096260666847229,0.033295124769210815,0.4017365276813507,0.07194092869758606,0.43798354268074036
test,C2_strong_exaggeration,2,04_L1_C1_left,left,pick up the left block,1,pregrasp,16,32,16,0.25,0.21476510067114093,3,8,0.3,0.7,8,0.26618364453315735,0.29585519433021545,0.26618364453315735,0.29585519433021545,0.029671549797058105,0.4017365276813507,0.07194092869758606,0.43798354268074036
test,C2_strong_exaggeration,2,04_L1_C1_left,left,pick up the left block,1,pregrasp,16,32,16,0.25,0.21476510067114093,4,8,0.3,0.7,8,0.4062822461128235,0.4342181086540222,0.4062822461128235,0.4342181086540222,0.02793586254119873,0.4017365276813507,0.07194092869758606,0.43798354268074036
test,C2_strong_exaggeration,2,04_L1_C1_left,left,pick up the left block,1,pregrasp,16,32,16,0.25,0.21476510067114093,5,8,0.3,0.7,8,0.3585362136363983,0.39066872000694275,0.3585362136363983,0.39066872000694275,0.032132506370544434,0.4017365276813507,0.07194092869758606,0.43798354268074036
test,C2_strong_exaggeration,2,04_L1_C1_left,left,pick up the left block,1,pregrasp,16,32,16,0.25,0.21476510067114093,6,8,0.3,0.7,8,0.3358002305030823,0.3638593554496765,0.3358002305030823,0.3638593554496765,0.02805912494659424,0.4017365276813507,0.07194092869758606,0.43798354268074036
test,C2_strong_exaggeration,2,04_L1_C1_left,left,pick up the left block,1,pregrasp,16,32,16,0.25,0.21476510067114093,7,8,0.3,0.7,8,0.29861652851104736,0.3286955654621124,0.29861652851104736,0.3286955654621124,0.030079036951065063,0.4017365276813507,0.07194092869758606,0.43798354268074036
test,C2_strong_exaggeration,2,04_L1_C1_left,left,pick up the left block,1,pregrasp,16,32,16,0.25,0.21476510067114093,8,8,0.3,0.7,8,0.30696919560432434,0.33715543150901794,0.30696919560432434,0.33715543150901794,0.030186235904693604,0.4017365276813507,0.07194092869758606,0.43798354268074036
test,C2_strong_exaggeration,2,04_L1_C1_left,left,pick up the left block,1,pregrasp,16,32,16,0.25,0.21476510067114093,9,8,0.3,0.7,8,0.2397231012582779,0.2474975883960724,0.2397231012582779,0.2474975883960724,0.007774487137794495,0.4017365276813507,0.07194092869758606,0.43798354268074036
test,C2_strong_exaggeration,2,04_L1_C1_left,left,pick up the left block,2,pregrasp,32,48,16,0.375,0.3221476510067114,0,8,0.3,0.7,8,0.236863374710083,0.28429538011550903,0.236863374710083,0.28429538011550903,0.047432005405426025,0.44527512788772583,0.10199590027332306,0.3926067352294922
test,C2_strong_exaggeration,2,04_L1_C1_left,left,pick up the left block,2,pregrasp,32,48,16,0.375,0.3221476510067114,1,8,0.3,0.7,8,0.276053249835968,0.3386786878108978,0.276053249835968,0.3386786878108978,0.06262543797492981,0.44527512788772583,0.10199590027332306,0.3926067352294922
test,C2_strong_exaggeration,2,04_L1_C1_left,left,pick up the left block,2,pregrasp,32,48,16,0.375,0.3221476510067114,2,8,0.3,0.7,8,0.19892649352550507,0.22680039703845978,0.19892649352550507,0.22680039703845978,0.027873903512954712,0.44527512788772583,0.10199590027332306,0.3926067352294922
test,C2_strong_exaggeration,2,04_L1_C1_left,left,pick up the left block,2,pregrasp,32,48,16,0.375,0.3221476510067114,3,8,0.3,0.7,8,0.19295023381710052,0.2233234941959381,0.19295023381710052,0.2233234941959381,0.030373260378837585,0.44527512788772583,0.10199590027332306,0.3926067352294922
test,C2_strong_exaggeration,2,04_L1_C1_left,left,pick up the left block,2,pregrasp,32,48,16,0.375,0.3221476510067114,4,8,0.3,0.7,8,0.2401605099439621,0.2766527831554413,0.2401605099439621,0.2766527831554413,0.03649227321147919,0.44527512788772583,0.10199590027332306,0.3926067352294922
test,C2_strong_exaggeration,2,04_L1_C1_left,left,pick up the left block,2,pregrasp,32,48,16,0.375,0.3221476510067114,5,8,0.3,0.7,8,0.32509809732437134,0.3842543065547943,0.32509809732437134,0.3842543065547943,0.059156209230422974,0.44527512788772583,0.10199590027332306,0.3926067352294922
test,C2_strong_exaggeration,2,04_L1_C1_left,left,pick up the left block,2,pregrasp,32,48,16,0.375,0.3221476510067114,6,8,0.3,0.7,8,0.21112428605556488,0.2542744278907776,0.21112428605556488,0.2542744278907776,0.04315014183521271,0.44527512788772583,0.10199590027332306,0.3926067352294922
test,C2_strong_exaggeration,2,04_L1_C1_left,left,pick up the left block,2,pregrasp,32,48,16,0.375,0.3221476510067114,7,8,0.3,0.7,8,0.28911837935447693,0.33871516585350037,0.28911837935447693,0.33871516585350037,0.04959678649902344,0.44527512788772583,0.10199590027332306,0.3926067352294922
test,C2_strong_exaggeration,2,04_L1_C1_left,left,pick up the left block,2,pregrasp,32,48,16,0.375,0.3221476510067114,8,8,0.3,0.7,8,0.3374168276786804,0.3910370469093323,0.3374168276786804,0.3910370469093323,0.053620219230651855,0.44527512788772583,0.10199590027332306,0.3926067352294922
test,C2_strong_exaggeration,2,04_L1_C1_left,left,pick up the left block,2,pregrasp,32,48,16,0.375,0.3221476510067114,9,8,0.3,0.7,8,0.25791922211647034,0.31416040658950806,0.25791922211647034,0.31416040658950806,0.05624118447303772,0.44527512788772583,0.10199590027332306,0.3926067352294922
test,C2_strong_exaggeration,2,04_L1_C1_left,left,pick up the left block,3,pregrasp,48,64,16,0.5,0.42953020134228187,0,8,0.3,0.7,8,0.2321299910545349,0.21382704377174377,0.2321299910545349,0.21382704377174377,-0.018302947282791138,0.492730975151062,0.1116572692990303,0.3428151607513428
test,C2_strong_exaggeration,2,04_L1_C1_left,left,pick up the left block,3,pregrasp,48,64,16,0.5,0.42953020134228187,1,8,0.3,0.7,8,0.2134670615196228,0.23410442471504211,0.2134670615196228,0.23410442471504211,0.02063736319541931,0.492730975151062,0.1116572692990303,0.3428151607513428
test,C2_strong_exaggeration,2,04_L1_C1_left,left,pick up the left block,3,pregrasp,48,64,16,0.5,0.42953020134228187,2,8,0.3,0.7,8,0.31833139061927795,0.3228915333747864,0.31833139061927795,0.3228915333747864,0.004560142755508423,0.492730975151062,0.1116572692990303,0.3428151607513428
test,C2_strong_exaggeration,2,04_L1_C1_left,left,pick up the left block,3,pregrasp,48,64,16,0.5,0.42953020134228187,3,8,0.3,0.7,8,0.30502834916114807,0.29954782128334045,0.30502834916114807,0.29954782128334045,-0.005480527877807617,0.492730975151062,0.1116572692990303,0.3428151607513428
test,C2_strong_exaggeration,2,04_L1_C1_left,left,pick up the left block,3,pregrasp,48,64,16,0.5,0.42953020134228187,4,8,0.3,0.7,8,0.23227116465568542,0.24131521582603455,0.23227116465568542,0.24131521582603455,0.009044051170349121,0.492730975151062,0.1116572692990303,0.3428151607513428
test,C2_strong_exaggeration,2,04_L1_C1_left,left,pick up the left block,3,pregrasp,48,64,16,0.5,0.42953020134228187,5,8,0.3,0.7,8,0.28856536746025085,0.3339892625808716,0.28856536746025085,0.3339892625808716,0.04542389512062073,0.492730975151062,0.1116572692990303,0.3428151607513428
test,C2_strong_exaggeration,2,04_L1_C1_left,left,pick up the left block,3,pregrasp,48,64,16,0.5,0.42953020134228187,6,8,0.3,0.7,8,0.23879504203796387,0.2623860836029053,0.23879504203796387,0.2623860836029053,0.023591041564941406,0.492730975151062,0.1116572692990303,0.3428151607513428
test,C2_strong_exaggeration,2,04_L1_C1_left,left,pick up the left block,3,pregrasp,48,64,16,0.5,0.42953020134228187,7,8,0.3,0.7,8,0.22256603837013245,0.25802314281463623,0.22256603837013245,0.25802314281463623,0.035457104444503784,0.492730975151062,0.1116572692990303,0.3428151607513428
test,C2_strong_exaggeration,2,04_L1_C1_left,left,pick up the left block,3,pregrasp,48,64,16,0.5,0.42953020134228187,8,8,0.3,0.7,8,0.2046014368534088,0.2049836814403534,0.2046014368534088,0.2049836814403534,0.0003822445869445801,0.492730975151062,0.1116572692990303,0.3428151607513428
test,C2_strong_exaggeration,2,04_L1_C1_left,left,pick up the left block,3,pregrasp,48,64,16,0.5,0.42953020134228187,9,8,0.3,0.7,8,0.2271202951669693,0.19432330131530762,0.2271202951669693,0.19432330131530762,-0.03279699385166168,0.492730975151062,0.1116572692990303,0.3428151607513428
test,C2_strong_exaggeration,2,04_L1_C1_left,left,pick up the left block,4,pregrasp,64,80,16,0.625,0.5369127516778524,0,8,0.3,0.7,8,0.25040850043296814,0.2746897041797638,0.25040850043296814,0.2746897041797638,0.024281203746795654,0.5404476523399353,0.10132434964179993,0.2940192222595215
test,C2_strong_exaggeration,2,04_L1_C1_left,left,pick up the left block,4,pregrasp,64,80,16,0.625,0.5369127516778524,1,8,0.3,0.7,8,0.19850747287273407,0.21529218554496765,0.19850747287273407,0.21529218554496765,0.01678471267223358,0.5404476523399353,0.10132434964179993,0.2940192222595215
test,C2_strong_exaggeration,2,04_L1_C1_left,left,pick up the left block,4,pregrasp,64,80,16,0.625,0.5369127516778524,2,8,0.3,0.7,8,0.2693643569946289,0.25826480984687805,0.2693643569946289,0.25826480984687805,-0.011099547147750854,0.5404476523399353,0.10132434964179993,0.2940192222595215
test,C2_strong_exaggeration,2,04_L1_C1_left,left,pick up the left block,4,pregrasp,64,80,16,0.625,0.5369127516778524,3,8,0.3,0.7,8,0.28218019008636475,0.29553428292274475,0.28218019008636475,0.29553428292274475,0.013354092836380005,0.5404476523399353,0.10132434964179993,0.2940192222595215
test,C2_strong_exaggeration,2,04_L1_C1_left,left,pick up the left block,4,pregrasp,64,80,16,0.625,0.5369127516778524,4,8,0.3,0.7,8,0.20078998804092407,0.21416302025318146,0.20078998804092407,0.21416302025318146,0.013373032212257385,0.5404476523399353,0.10132434964179993,0.2940192222595215
test,C2_strong_exaggeration,2,04_L1_C1_left,left,pick up the left block,4,pregrasp,64,80,16,0.625,0.5369127516778524,5,8,0.3,0.7,8,0.36246874928474426,0.4056304097175598,0.36246874928474426,0.4056304097175598,0.04316166043281555,0.5404476523399353,0.10132434964179993,0.2940192222595215
test,C2_strong_exaggeration,2,04_L1_C1_left,left,pick up the left block,4,pregrasp,64,80,16,0.625,0.5369127516778524,6,8,0.3,0.7,8,0.27629780769348145,0.3253673017024994,0.27629780769348145,0.3253673017024994,0.049069494009017944,0.5404476523399353,0.10132434964179993,0.2940192222595215
test,C2_strong_exaggeration,2,04_L1_C1_left,left,pick up the left block,4,pregrasp,64,80,16,0.625,0.5369127516778524,7,8,0.3,0.7,8,0.36447152495384216,0.3776656985282898,0.36447152495384216,0.3776656985282898,0.013194173574447632,0.5404476523399353,0.10132434964179993,0.2940192222595215
test,C2_strong_exaggeration,2,04_L1_C1_left,left,pick up the left block,4,pregrasp,64,80,16,0.625,0.5369127516778524,8,8,0.3,0.7,8,0.2521267533302307,0.23498237133026123,0.2521267533302307,0.23498237133026123,-0.017144381999969482,0.5404476523399353,0.10132434964179993,0.2940192222595215
test,C2_strong_exaggeration,2,04_L1_C1_left,left,pick up the left block,4,pregrasp,64,80,16,0.625,0.5369127516778524,9,8,0.3,0.7,8,0.2806316316127777,0.2887524962425232,0.2806316316127777,0.2887524962425232,0.008120864629745483,0.5404476523399353,0.10132434964179993,0.2940192222595215
test,C2_strong_exaggeration,2,04_L1_C1_left,left,pick up the left block,5,pregrasp,80,96,16,0.75,0.6442953020134228,0,8,0.3,0.7,8,0.2785837650299072,0.2761456370353699,0.2785837650299072,0.2761456370353699,-0.0024381279945373535,0.5865129828453064,0.07903225719928741,0.24637554585933685
test,C2_strong_exaggeration,2,04_L1_C1_left,left,pick up the left block,5,pregrasp,80,96,16,0.75,0.6442953020134228,1,8,0.3,0.7,8,0.22888299822807312,0.22587639093399048,0.22888299822807312,0.22587639093399048,-0.0030066072940826416,0.5865129828453064,0.07903225719928741,0.24637554585933685
test,C2_strong_exaggeration,2,04_L1_C1_left,left,pick up the left block,5,pregrasp,80,96,16,0.75,0.6442953020134228,2,8,0.3,0.7,8,0.2510985732078552,0.2519642114639282,0.2510985732078552,0.2519642114639282,0.000865638256072998,0.5865129828453064,0.07903225719928741,0.24637554585933685
test,C2_strong_exaggeration,2,04_L1_C1_left,left,pick up the left block,5,pregrasp,80,96,16,0.75,0.6442953020134228,3,8,0.3,0.7,8,0.23197618126869202,0.23127412796020508,0.23197618126869202,0.23127412796020508,-0.0007020533084869385,0.5865129828453064,0.07903225719928741,0.24637554585933685
test,C2_strong_exaggeration,2,04_L1_C1_left,left,pick up the left block,5,pregrasp,80,96,16,0.75,0.6442953020134228,4,8,0.3,0.7,8,0.2959466278553009,0.3004620671272278,0.2959466278553009,0.3004620671272278,0.00451543927192688,0.5865129828453064,0.07903225719928741,0.24637554585933685
test,C2_strong_exaggeration,2,04_L1_C1_left,left,pick up the left block,5,pregrasp,80,96,16,0.75,0.6442953020134228,5,8,0.3,0.7,8,0.40408578515052795,0.4089123010635376,0.40408578515052795,0.4089123010635376,0.0048265159130096436,0.5865129828453064,0.07903225719928741,0.24637554585933685
test,C2_strong_exaggeration,2,04_L1_C1_left,left,pick up the left block,5,pregrasp,80,96,16,0.75,0.6442953020134228,6,8,0.3,0.7,8,0.3397537171840668,0.3438713550567627,0.3397537171840668,0.3438713550567627,0.004117637872695923,0.5865129828453064,0.07903225719928741,0.24637554585933685
test,C2_strong_exaggeration,2,04_L1_C1_left,left,pick up the left block,5,pregrasp,80,96,16,0.75,0.6442953020134228,7,8,0.3,0.7,8,0.16464534401893616,0.16382509469985962,0.16464534401893616,0.16382509469985962,-0.0008202493190765381,0.5865129828453064,0.07903225719928741,0.24637554585933685
test,C2_strong_exaggeration,2,04_L1_C1_left,left,pick up the left block,5,pregrasp,80,96,16,0.75,0.6442953020134228,8,8,0.3,0.7,8,0.39528465270996094,0.40065547823905945,0.39528465270996094,0.40065547823905945,0.005370825529098511,0.5865129828453064,0.07903225719928741,0.24637554585933685
test,C2_strong_exaggeration,2,04_L1_C1_left,left,pick up the left block,5,pregrasp,80,96,16,0.75,0.6442953020134228,9,8,0.3,0.7,8,0.18583278357982635,0.18269065022468567,0.18583278357982635,0.18269065022468567,-0.003142133355140686,0.5865129828453064,0.07903225719928741,0.24637554585933685
test,C2_strong_exaggeration,2,04_L1_C1_left,left,pick up the left block,6,pregrasp,96,112,16,0.875,0.7516778523489933,0,8,0.3,0.7,8,0.38256487250328064,0.4137272238731384,0.38256487250328064,0.4137272238731384,0.031162351369857788,0.630868673324585,0.050912316888570786,0.20045718550682068
test,C2_strong_exaggeration,2,04_L1_C1_left,left,pick up the left block,6,pregrasp,96,112,16,0.875,0.7516778523489933,1,8,0.3,0.7,8,0.2509385347366333,0.27608567476272583,0.2509385347366333,0.27608567476272583,0.02514714002609253,0.630868673324585,0.050912316888570786,0.20045718550682068
test,C2_strong_exaggeration,2,04_L1_C1_left,left,pick up the left block,6,pregrasp,96,112,16,0.875,0.7516778523489933,2,8,0.3,0.7,8,0.36881834268569946,0.3960050046443939,0.36881834268569946,0.3960050046443939,0.027186661958694458,0.630868673324585,0.050912316888570786,0.20045718550682068
test,C2_strong_exaggeration,2,04_L1_C1_left,left,pick up the left block,6,pregrasp,96,112,16,0.875,0.7516778523489933,3,8,0.3,0.7,8,0.3387433886528015,0.3690817058086395,0.3387433886528015,0.3690817058086395,0.030338317155838013,0.630868673324585,0.050912316888570786,0.20045718550682068
test,C2_strong_exaggeration,2,04_L1_C1_left,left,pick up the left block,6,pregrasp,96,112,16,0.875,0.7516778523489933,4,8,0.3,0.7,8,0.3045130968093872,0.3331201672554016,0.3045130968093872,0.3331201672554016,0.028607070446014404,0.630868673324585,0.050912316888570786,0.20045718550682068
test,C2_strong_exaggeration,2,04_L1_C1_left,left,pick up the left block,6,pregrasp,96,112,16,0.875,0.7516778523489933,5,8,0.3,0.7,8,0.2540969252586365,0.28175902366638184,0.2540969252586365,0.28175902366638184,0.02766209840774536,0.630868673324585,0.050912316888570786,0.20045718550682068
test,C2_strong_exaggeration,2,04_L1_C1_left,left,pick up the left block,6,pregrasp,96,112,16,0.875,0.7516778523489933,6,8,0.3,0.7,8,0.2215351164340973,0.2541789710521698,0.2215351164340973,0.2541789710521698,0.03264385461807251,0.630868673324585,0.050912316888570786,0.20045718550682068
test,C2_strong_exaggeration,2,04_L1_C1_left,left,pick up the left block,6,pregrasp,96,112,16,0.875,0.7516778523489933,7,8,0.3,0.7,8,0.2804352343082428,0.31305769085884094,0.2804352343082428,0.31305769085884094,0.032622456550598145,0.630868673324585,0.050912316888570786,0.20045718550682068
test,C2_strong_exaggeration,2,04_L1_C1_left,left,pick up the left block,6,pregrasp,96,112,16,0.875,0.7516778523489933,8,8,0.3,0.7,8,0.33378344774246216,0.3648388385772705,0.33378344774246216,0.3648388385772705,0.03105539083480835,0.630868673324585,0.050912316888570786,0.20045718550682068
test,C2_strong_exaggeration,2,04_L1_C1_left,left,pick up the left block,6,pregrasp,96,112,16,0.875,0.7516778523489933,9,8,0.3,0.7,8,0.28317487239837646,0.310916930437088,0.28317487239837646,0.310916930437088,0.027742058038711548,0.630868673324585,0.050912316888570786,0.20045718550682068
test,C2_strong_exaggeration,2,04_L1_C1_left,left,pick up the left block,7,pregrasp,112,128,16,1.0,0.8590604026845637,0,8,0.3,0.7,8,0.32985720038414,0.32793259620666504,0.32985720038414,0.32793259620666504,-0.0019246041774749756,0.6419087648391724,0.04562004283070564,0.18923667073249817
test,C2_strong_exaggeration,2,04_L1_C1_left,left,pick up the left block,7,pregrasp,112,128,16,1.0,0.8590604026845637,1,8,0.3,0.7,8,0.3818303346633911,0.3823397159576416,0.3818303346633911,0.3823397159576416,0.0005093812942504883,0.6419087648391724,0.04562004283070564,0.18923667073249817
test,C2_strong_exaggeration,2,04_L1_C1_left,left,pick up the left block,7,pregrasp,112,128,16,1.0,0.8590604026845637,2,8,0.3,0.7,8,0.4237300157546997,0.42301493883132935,0.4237300157546997,0.42301493883132935,-0.0007150769233703613,0.6419087648391724,0.04562004283070564,0.18923667073249817
test,C2_strong_exaggeration,2,04_L1_C1_left,left,pick up the left block,7,pregrasp,112,128,16,1.0,0.8590604026845637,3,8,0.3,0.7,8,0.2640753388404846,0.26625001430511475,0.2640753388404846,0.26625001430511475,0.002174675464630127,0.6419087648391724,0.04562004283070564,0.18923667073249817
test,C2_strong_exaggeration,2,04_L1_C1_left,left,pick up the left block,7,pregrasp,112,128,16,1.0,0.8590604026845637,4,8,0.3,0.7,8,0.33349132537841797,0.33977216482162476,0.33349132537841797,0.33977216482162476,0.006280839443206787,0.6419087648391724,0.04562004283070564,0.18923667073249817
test,C2_strong_exaggeration,2,04_L1_C1_left,left,pick up the left block,7,pregrasp,112,128,16,1.0,0.8590604026845637,5,8,0.3,0.7,8,0.2886445224285126,0.2886037528514862,0.2886445224285126,0.2886037528514862,-4.076957702636719e-05,0.6419087648391724,0.04562004283070564,0.18923667073249817
test,C2_strong_exaggeration,2,04_L1_C1_left,left,pick up the left block,7,pregrasp,112,128,16,1.0,0.8590604026845637,6,8,0.3,0.7,8,0.36734381318092346,0.36944809556007385,0.36734381318092346,0.36944809556007385,0.0021042823791503906,0.6419087648391724,0.04562004283070564,0.18923667073249817
test,C2_strong_exaggeration,2,04_L1_C1_left,left,pick up the left block,7,pregrasp,112,128,16,1.0,0.8590604026845637,7,8,0.3,0.7,8,0.3553393483161926,0.3573101758956909,0.3553393483161926,0.3573101758956909,0.001970827579498291,0.6419087648391724,0.04562004283070564,0.18923667073249817
test,C2_strong_exaggeration,2,04_L1_C1_left,left,pick up the left block,7,pregrasp,112,128,16,1.0,0.8590604026845637,8,8,0.3,0.7,8,0.26519301533699036,0.268464058637619,0.26519301533699036,0.268464058637619,0.003271043300628662,0.6419087648391724,0.04562004283070564,0.18923667073249817
test,C2_strong_exaggeration,2,04_L1_C1_left,left,pick up the left block,7,pregrasp,112,128,16,1.0,0.8590604026845637,9,8,0.3,0.7,8,0.32962292432785034,0.3317013382911682,0.32962292432785034,0.3317013382911682,0.002078413963317871,0.6419087648391724,0.04562004283070564,0.18923667073249817
test,C2_strong_exaggeration,2,04_L1_C1_left,left,pick up the left block,8,postgrasp,128,144,16,1.0,0.9664429530201343,0,8,0.3,0.7,8,0.18364191055297852,0.18428954482078552,0.18364191055297852,0.18428954482078552,0.0006476342678070068,0.6419544219970703,0.04520466551184654,0.18921762704849243
test,C2_strong_exaggeration,2,04_L1_C1_left,left,pick up the left block,8,postgrasp,128,144,16,1.0,0.9664429530201343,1,8,0.3,0.7,8,0.2802799940109253,0.278423935174942,0.2802799940109253,0.278423935174942,-0.0018560588359832764,0.6419544219970703,0.04520466551184654,0.18921762704849243
test,C2_strong_exaggeration,2,04_L1_C1_left,left,pick up the left block,8,postgrasp,128,144,16,1.0,0.9664429530201343,2,8,0.3,0.7,8,0.28774869441986084,0.28492844104766846,0.28774869441986084,0.28492844104766846,-0.002820253372192383,0.6419544219970703,0.04520466551184654,0.18921762704849243
test,C2_strong_exaggeration,2,04_L1_C1_left,left,pick up the left block,8,postgrasp,128,144,16,1.0,0.9664429530201343,3,8,0.3,0.7,8,0.2325073480606079,0.2317149043083191,0.2325073480606079,0.2317149043083191,-0.0007924437522888184,0.6419544219970703,0.04520466551184654,0.18921762704849243
test,C2_strong_exaggeration,2,04_L1_C1_left,left,pick up the left block,8,postgrasp,128,144,16,1.0,0.9664429530201343,4,8,0.3,0.7,8,0.20466752350330353,0.204308420419693,0.20466752350330353,0.204308420419693,-0.00035910308361053467,0.6419544219970703,0.04520466551184654,0.18921762704849243
test,C2_strong_exaggeration,2,04_L1_C1_left,left,pick up the left block,8,postgrasp,128,144,16,1.0,0.9664429530201343,5,8,0.3,0.7,8,0.2567671239376068,0.2544770836830139,0.2567671239376068,0.2544770836830139,-0.0022900402545928955,0.6419544219970703,0.04520466551184654,0.18921762704849243
test,C2_strong_exaggeration,2,04_L1_C1_left,left,pick up the left block,8,postgrasp,128,144,16,1.0,0.9664429530201343,6,8,0.3,0.7,8,0.23314975202083588,0.23302561044692993,0.23314975202083588,0.23302561044692993,-0.00012414157390594482,0.6419544219970703,0.04520466551184654,0.18921762704849243
test,C2_strong_exaggeration,2,04_L1_C1_left,left,pick up the left block,8,postgrasp,128,144,16,1.0,0.9664429530201343,7,8,0.3,0.7,8,0.26432108879089355,0.2602072060108185,0.26432108879089355,0.2602072060108185,-0.004113882780075073,0.6419544219970703,0.04520466551184654,0.18921762704849243
test,C2_strong_exaggeration,2,04_L1_C1_left,left,pick up the left block,8,postgrasp,128,144,16,1.0,0.9664429530201343,8,8,0.3,0.7,8,0.2681964635848999,0.2661530673503876,0.2681964635848999,0.2661530673503876,-0.002043396234512329,0.6419544219970703,0.04520466551184654,0.18921762704849243
test,C2_strong_exaggeration,2,04_L1_C1_left,left,pick up the left block,8,postgrasp,128,144,16,1.0,0.9664429530201343,9,8,0.3,0.7,8,0.20450866222381592,0.20599742233753204,0.20450866222381592,0.20599742233753204,0.0014887601137161255,0.6419544219970703,0.04520466551184654,0.18921762704849243
test,C2_strong_exaggeration,2,04_L1_C1_left,left,pick up the left block,9,postgrasp,144,149,5,1.0,1.0,0,8,0.3,0.7,8,0.1778731793165207,0.1799430549144745,0.1778731793165207,0.1799430549144745,0.0020698755979537964,0.6419602632522583,0.04516344144940376,0.18921847641468048
test,C2_strong_exaggeration,2,04_L1_C1_left,left,pick up the left block,9,postgrasp,144,149,5,1.0,1.0,1,8,0.3,0.7,8,0.29043111205101013,0.2906835377216339,0.29043111205101013,0.2906835377216339,0.0002524256706237793,0.6419602632522583,0.04516344144940376,0.18921847641468048
test,C2_strong_exaggeration,2,04_L1_C1_left,left,pick up the left block,9,postgrasp,144,149,5,1.0,1.0,2,8,0.3,0.7,8,0.17372994124889374,0.17357465624809265,0.17372994124889374,0.17357465624809265,-0.00015528500080108643,0.6419602632522583,0.04516344144940376,0.18921847641468048
test,C2_strong_exaggeration,2,04_L1_C1_left,left,pick up the left block,9,postgrasp,144,149,5,1.0,1.0,3,8,0.3,0.7,8,0.218471959233284,0.21778792142868042,0.218471959233284,0.21778792142868042,-0.0006840378046035767,0.6419602632522583,0.04516344144940376,0.18921847641468048
test,C2_strong_exaggeration,2,04_L1_C1_left,left,pick up the left block,9,postgrasp,144,149,5,1.0,1.0,4,8,0.3,0.7,8,0.20543567836284637,0.20546379685401917,0.20543567836284637,0.20546379685401917,2.8118491172790527e-05,0.6419602632522583,0.04516344144940376,0.18921847641468048
test,C2_strong_exaggeration,2,04_L1_C1_left,left,pick up the left block,9,postgrasp,144,149,5,1.0,1.0,5,8,0.3,0.7,8,0.3269028961658478,0.3255835771560669,0.3269028961658478,0.3255835771560669,-0.0013193190097808838,0.6419602632522583,0.04516344144940376,0.18921847641468048
test,C2_strong_exaggeration,2,04_L1_C1_left,left,pick up the left block,9,postgrasp,144,149,5,1.0,1.0,6,8,0.3,0.7,8,0.2234525978565216,0.22219012677669525,0.2234525978565216,0.22219012677669525,-0.001262471079826355,0.6419602632522583,0.04516344144940376,0.18921847641468048
test,C2_strong_exaggeration,2,04_L1_C1_left,left,pick up the left block,9,postgrasp,144,149,5,1.0,1.0,7,8,0.3,0.7,8,0.2406737357378006,0.2397281676530838,0.2406737357378006,0.2397281676530838,-0.0009455680847167969,0.6419602632522583,0.04516344144940376,0.18921847641468048
test,C2_strong_exaggeration,2,04_L1_C1_left,left,pick up the left block,9,postgrasp,144,149,5,1.0,1.0,8,8,0.3,0.7,8,0.29686450958251953,0.29750627279281616,0.29686450958251953,0.29750627279281616,0.0006417632102966309,0.6419602632522583,0.04516344144940376,0.18921847641468048
test,C2_strong_exaggeration,2,04_L1_C1_left,left,pick up the left block,9,postgrasp,144,149,5,1.0,1.0,9,8,0.3,0.7,8,0.18946298956871033,0.1903925985097885,0.18946298956871033,0.1903925985097885,0.000929608941078186,0.6419602632522583,0.04516344144940376,0.18921847641468048
test,C2_strong_exaggeration,2,05_L1_C1_right,right,pick up the right block,0,pregrasp,0,16,16,0.125,0.10738255033557047,0,8,0.3,0.7,8,0.3183571696281433,0.3156611919403076,0.3156611919403076,0.3183571696281433,0.0026959776878356934,0.3719334900379181,-0.02558881975710392,0.4778346121311188
test,C2_strong_exaggeration,2,05_L1_C1_right,right,pick up the right block,0,pregrasp,0,16,16,0.125,0.10738255033557047,1,8,0.3,0.7,8,0.41513001918792725,0.3909449279308319,0.3909449279308319,0.41513001918792725,0.024185091257095337,0.3719334900379181,-0.02558881975710392,0.4778346121311188
test,C2_strong_exaggeration,2,05_L1_C1_right,right,pick up the right block,0,pregrasp,0,16,16,0.125,0.10738255033557047,2,8,0.3,0.7,8,0.4191935062408447,0.42253220081329346,0.42253220081329346,0.4191935062408447,-0.0033386945724487305,0.3719334900379181,-0.02558881975710392,0.4778346121311188
test,C2_strong_exaggeration,2,05_L1_C1_right,right,pick up the right block,0,pregrasp,0,16,16,0.125,0.10738255033557047,3,8,0.3,0.7,8,0.43164652585983276,0.4452888071537018,0.4452888071537018,0.43164652585983276,-0.013642281293869019,0.3719334900379181,-0.02558881975710392,0.4778346121311188
test,C2_strong_exaggeration,2,05_L1_C1_right,right,pick up the right block,0,pregrasp,0,16,16,0.125,0.10738255033557047,4,8,0.3,0.7,8,0.35171058773994446,0.3532073199748993,0.3532073199748993,0.35171058773994446,-0.001496732234954834,0.3719334900379181,-0.02558881975710392,0.4778346121311188
test,C2_strong_exaggeration,2,05_L1_C1_right,right,pick up the right block,0,pregrasp,0,16,16,0.125,0.10738255033557047,5,8,0.3,0.7,8,0.36330416798591614,0.36919525265693665,0.36919525265693665,0.36330416798591614,-0.005891084671020508,0.3719334900379181,-0.02558881975710392,0.4778346121311188
test,C2_strong_exaggeration,2,05_L1_C1_right,right,pick up the right block,0,pregrasp,0,16,16,0.125,0.10738255033557047,6,8,0.3,0.7,8,0.38223883509635925,0.3660954535007477,0.3660954535007477,0.38223883509635925,0.016143381595611572,0.3719334900379181,-0.02558881975710392,0.4778346121311188
test,C2_strong_exaggeration,2,05_L1_C1_right,right,pick up the right block,0,pregrasp,0,16,16,0.125,0.10738255033557047,7,8,0.3,0.7,8,0.3525937795639038,0.3321259319782257,0.3321259319782257,0.3525937795639038,0.0204678475856781,0.3719334900379181,-0.02558881975710392,0.4778346121311188
test,C2_strong_exaggeration,2,05_L1_C1_right,right,pick up the right block,0,pregrasp,0,16,16,0.125,0.10738255033557047,8,8,0.3,0.7,8,0.2781011164188385,0.30202144384384155,0.30202144384384155,0.2781011164188385,-0.023920327425003052,0.3719334900379181,-0.02558881975710392,0.4778346121311188
test,C2_strong_exaggeration,2,05_L1_C1_right,right,pick up the right block,0,pregrasp,0,16,16,0.125,0.10738255033557047,9,8,0.3,0.7,8,0.3379327058792114,0.3425880968570709,0.3425880968570709,0.3379327058792114,-0.004655390977859497,0.3719334900379181,-0.02558881975710392,0.4778346121311188
test,C2_strong_exaggeration,2,05_L1_C1_right,right,pick up the right block,1,pregrasp,16,32,16,0.25,0.21476510067114093,0,8,0.3,0.7,8,0.27614811062812805,0.3042164444923401,0.3042164444923401,0.27614811062812805,-0.028068333864212036,0.4012976586818695,-0.0741962343454361,0.4380229115486145
test,C2_strong_exaggeration,2,05_L1_C1_right,right,pick up the right block,1,pregrasp,16,32,16,0.25,0.21476510067114093,1,8,0.3,0.7,8,0.28148624300956726,0.30967533588409424,0.30967533588409424,0.28148624300956726,-0.028189092874526978,0.4012976586818695,-0.0741962343454361,0.4380229115486145
test,C2_strong_exaggeration,2,05_L1_C1_right,right,pick up the right block,1,pregrasp,16,32,16,0.25,0.21476510067114093,2,8,0.3,0.7,8,0.26969337463378906,0.3126969635486603,0.3126969635486603,0.26969337463378906,-0.043003588914871216,0.4012976586818695,-0.0741962343454361,0.4380229115486145
test,C2_strong_exaggeration,2,05_L1_C1_right,right,pick up the right block,1,pregrasp,16,32,16,0.25,0.21476510067114093,3,8,0.3,0.7,8,0.22076007723808289,0.25371459126472473,0.25371459126472473,0.22076007723808289,-0.032954514026641846,0.4012976586818695,-0.0741962343454361,0.4380229115486145
test,C2_strong_exaggeration,2,05_L1_C1_right,right,pick up the right block,1,pregrasp,16,32,16,0.25,0.21476510067114093,4,8,0.3,0.7,8,0.14721281826496124,0.16866354644298553,0.16866354644298553,0.14721281826496124,-0.021450728178024292,0.4012976586818695,-0.0741962343454361,0.4380229115486145
test,C2_strong_exaggeration,2,05_L1_C1_right,right,pick up the right block,1,pregrasp,16,32,16,0.25,0.21476510067114093,5,8,0.3,0.7,8,0.26039740443229675,0.31223323941230774,0.31223323941230774,0.26039740443229675,-0.051835834980010986,0.4012976586818695,-0.0741962343454361,0.4380229115486145
test,C2_strong_exaggeration,2,05_L1_C1_right,right,pick up the right block,1,pregrasp,16,32,16,0.25,0.21476510067114093,6,8,0.3,0.7,8,0.16397906839847565,0.184982031583786,0.184982031583786,0.16397906839847565,-0.021002963185310364,0.4012976586818695,-0.0741962343454361,0.4380229115486145
test,C2_strong_exaggeration,2,05_L1_C1_right,right,pick up the right block,1,pregrasp,16,32,16,0.25,0.21476510067114093,7,8,0.3,0.7,8,0.35250455141067505,0.41550853848457336,0.41550853848457336,0.35250455141067505,-0.06300398707389832,0.4012976586818695,-0.0741962343454361,0.4380229115486145
test,C2_strong_exaggeration,2,05_L1_C1_right,right,pick up the right block,1,pregrasp,16,32,16,0.25,0.21476510067114093,8,8,0.3,0.7,8,0.29408666491508484,0.32463204860687256,0.32463204860687256,0.29408666491508484,-0.03054538369178772,0.4012976586818695,-0.0741962343454361,0.4380229115486145
test,C2_strong_exaggeration,2,05_L1_C1_right,right,pick up the right block,1,pregrasp,16,32,16,0.25,0.21476510067114093,9,8,0.3,0.7,8,0.2226155698299408,0.24438968300819397,0.24438968300819397,0.2226155698299408,-0.021774113178253174,0.4012976586818695,-0.0741962343454361,0.4380229115486145
test,C2_strong_exaggeration,2,05_L1_C1_right,right,pick up the right block,2,pregrasp,32,48,16,0.375,0.3221476510067114,0,8,0.3,0.7,8,0.2566075325012207,0.33238208293914795,0.33238208293914795,0.2566075325012207,-0.07577455043792725,0.44471755623817444,-0.10350269079208374,0.3929673433303833
test,C2_strong_exaggeration,2,05_L1_C1_right,right,pick up the right block,2,pregrasp,32,48,16,0.375,0.3221476510067114,1,8,0.3,0.7,8,0.2901746332645416,0.3664098381996155,0.3664098381996155,0.2901746332645416,-0.07623520493507385,0.44471755623817444,-0.10350269079208374,0.3929673433303833
test,C2_strong_exaggeration,2,05_L1_C1_right,right,pick up the right block,2,pregrasp,32,48,16,0.375,0.3221476510067114,2,8,0.3,0.7,8,0.20901834964752197,0.2647208273410797,0.2647208273410797,0.20901834964752197,-0.05570247769355774,0.44471755623817444,-0.10350269079208374,0.3929673433303833
test,C2_strong_exaggeration,2,05_L1_C1_right,right,pick up the right block,2,pregrasp,32,48,16,0.375,0.3221476510067114,3,8,0.3,0.7,8,0.12148382514715195,0.14493755996227264,0.14493755996227264,0.12148382514715195,-0.023453734815120697,0.44471755623817444,-0.10350269079208374,0.3929673433303833
test,C2_strong_exaggeration,2,05_L1_C1_right,right,pick up the right block,2,pregrasp,32,48,16,0.375,0.3221476510067114,4,8,0.3,0.7,8,0.19418840110301971,0.2328793853521347,0.2328793853521347,0.19418840110301971,-0.03869098424911499,0.44471755623817444,-0.10350269079208374,0.3929673433303833
test,C2_strong_exaggeration,2,05_L1_C1_right,right,pick up the right block,2,pregrasp,32,48,16,0.375,0.3221476510067114,5,8,0.3,0.7,8,0.21734388172626495,0.2645604610443115,0.2645604610443115,0.21734388172626495,-0.04721657931804657,0.44471755623817444,-0.10350269079208374,0.3929673433303833
test,C2_strong_exaggeration,2,05_L1_C1_right,right,pick up the right block,2,pregrasp,32,48,16,0.375,0.3221476510067114,6,8,0.3,0.7,8,0.20174382627010345,0.25224393606185913,0.25224393606185913,0.20174382627010345,-0.050500109791755676,0.44471755623817444,-0.10350269079208374,0.3929673433303833
test,C2_strong_exaggeration,2,05_L1_C1_right,right,pick up the right block,2,pregrasp,32,48,16,0.375,0.3221476510067114,7,8,0.3,0.7,8,0.11435700207948685,0.1381351798772812,0.1381351798772812,0.11435700207948685,-0.023778177797794342,0.44471755623817444,-0.10350269079208374,0.3929673433303833
test,C2_strong_exaggeration,2,05_L1_C1_right,right,pick up the right block,2,pregrasp,32,48,16,0.375,0.3221476510067114,8,8,0.3,0.7,8,0.16231198608875275,0.1926179826259613,0.1926179826259613,0.16231198608875275,-0.030305996537208557,0.44471755623817444,-0.10350269079208374,0.3929673433303833
test,C2_strong_exaggeration,2,05_L1_C1_right,right,pick up the right block,2,pregrasp,32,48,16,0.375,0.3221476510067114,9,8,0.3,0.7,8,0.2197517454624176,0.2818387746810913,0.2818387746810913,0.2197517454624176,-0.062087029218673706,0.44471755623817444,-0.10350269079208374,0.3929673433303833
test,C2_strong_exaggeration,2,05_L1_C1_right,right,pick up the right block,3,pregrasp,48,64,16,0.5,0.42953020134228187,0,8,0.3,0.7,8,0.12919023633003235,0.14282363653182983,0.14282363653182983,0.12919023633003235,-0.013633400201797485,0.49222490191459656,-0.1125175729393959,0.343070387840271
test,C2_strong_exaggeration,2,05_L1_C1_right,right,pick up the right block,3,pregrasp,48,64,16,0.5,0.42953020134228187,1,8,0.3,0.7,8,0.2061844766139984,0.24324876070022583,0.24324876070022583,0.2061844766139984,-0.03706428408622742,0.49222490191459656,-0.1125175729393959,0.343070387840271
test,C2_strong_exaggeration,2,05_L1_C1_right,right,pick up the right block,3,pregrasp,48,64,16,0.5,0.42953020134228187,2,8,0.3,0.7,8,0.19378042221069336,0.2285061925649643,0.2285061925649643,0.19378042221069336,-0.034725770354270935,0.49222490191459656,-0.1125175729393959,0.343070387840271
test,C2_strong_exaggeration,2,05_L1_C1_right,right,pick up the right block,3,pregrasp,48,64,16,0.5,0.42953020134228187,3,8,0.3,0.7,8,0.2207447588443756,0.2609972059726715,0.2609972059726715,0.2207447588443756,-0.0402524471282959,0.49222490191459656,-0.1125175729393959,0.343070387840271
test,C2_strong_exaggeration,2,05_L1_C1_right,right,pick up the right block,3,pregrasp,48,64,16,0.5,0.42953020134228187,4,8,0.3,0.7,8,0.18893159925937653,0.20980070531368256,0.20980070531368256,0.18893159925937653,-0.02086910605430603,0.49222490191459656,-0.1125175729393959,0.343070387840271
test,C2_strong_exaggeration,2,05_L1_C1_right,right,pick up the right block,3,pregrasp,48,64,16,0.5,0.42953020134228187,5,8,0.3,0.7,8,0.2988337278366089,0.3543938398361206,0.3543938398361206,0.2988337278366089,-0.05556011199951172,0.49222490191459656,-0.1125175729393959,0.343070387840271
test,C2_strong_exaggeration,2,05_L1_C1_right,right,pick up the right block,3,pregrasp,48,64,16,0.5,0.42953020134228187,6,8,0.3,0.7,8,0.16517269611358643,0.19535419344902039,0.19535419344902039,0.16517269611358643,-0.03018149733543396,0.49222490191459656,-0.1125175729393959,0.343070387840271
test,C2_strong_exaggeration,2,05_L1_C1_right,right,pick up the right block,3,pregrasp,48,64,16,0.5,0.42953020134228187,7,8,0.3,0.7,8,0.18541696667671204,0.22381830215454102,0.22381830215454102,0.18541696667671204,-0.03840133547782898,0.49222490191459656,-0.1125175729393959,0.343070387840271
test,C2_strong_exaggeration,2,05_L1_C1_right,right,pick up the right block,3,pregrasp,48,64,16,0.5,0.42953020134228187,8,8,0.3,0.7,8,0.22752301394939423,0.2713516354560852,0.2713516354560852,0.22752301394939423,-0.04382862150669098,0.49222490191459656,-0.1125175729393959,0.343070387840271
test,C2_strong_exaggeration,2,05_L1_C1_right,right,pick up the right block,3,pregrasp,48,64,16,0.5,0.42953020134228187,9,8,0.3,0.7,8,0.14765258133411407,0.16236113011837006,0.16236113011837006,0.14765258133411407,-0.014708548784255981,0.49222490191459656,-0.1125175729393959,0.343070387840271
test,C2_strong_exaggeration,2,05_L1_C1_right,right,pick up the right block,4,pregrasp,64,80,16,0.625,0.5369127516778524,0,8,0.3,0.7,8,0.24498727917671204,0.2599589228630066,0.2599589228630066,0.24498727917671204,-0.014971643686294556,0.5400247573852539,-0.1014222800731659,0.29385924339294434
test,C2_strong_exaggeration,2,05_L1_C1_right,right,pick up the right block,4,pregrasp,64,80,16,0.625,0.5369127516778524,1,8,0.3,0.7,8,0.32912614941596985,0.3548625707626343,0.3548625707626343,0.32912614941596985,-0.02573642134666443,0.5400247573852539,-0.1014222800731659,0.29385924339294434
test,C2_strong_exaggeration,2,05_L1_C1_right,right,pick up the right block,4,pregrasp,64,80,16,0.625,0.5369127516778524,2,8,0.3,0.7,8,0.26875001192092896,0.29112300276756287,0.29112300276756287,0.26875001192092896,-0.02237299084663391,0.5400247573852539,-0.1014222800731659,0.29385924339294434
test,C2_strong_exaggeration,2,05_L1_C1_right,right,pick up the right block,4,pregrasp,64,80,16,0.625,0.5369127516778524,3,8,0.3,0.7,8,0.18043763935565948,0.19459573924541473,0.19459573924541473,0.18043763935565948,-0.014158099889755249,0.5400247573852539,-0.1014222800731659,0.29385924339294434
test,C2_strong_exaggeration,2,05_L1_C1_right,right,pick up the right block,4,pregrasp,64,80,16,0.625,0.5369127516778524,4,8,0.3,0.7,8,0.3037462830543518,0.32276368141174316,0.32276368141174316,0.3037462830543518,-0.019017398357391357,0.5400247573852539,-0.1014222800731659,0.29385924339294434
test,C2_strong_exaggeration,2,05_L1_C1_right,right,pick up the right block,4,pregrasp,64,80,16,0.625,0.5369127516778524,5,8,0.3,0.7,8,0.25672417879104614,0.27749085426330566,0.27749085426330566,0.25672417879104614,-0.02076667547225952,0.5400247573852539,-0.1014222800731659,0.29385924339294434
test,C2_strong_exaggeration,2,05_L1_C1_right,right,pick up the right block,4,pregrasp,64,80,16,0.625,0.5369127516778524,6,8,0.3,0.7,8,0.26320141553878784,0.2827758491039276,0.2827758491039276,0.26320141553878784,-0.01957443356513977,0.5400247573852539,-0.1014222800731659,0.29385924339294434
test,C2_strong_exaggeration,2,05_L1_C1_right,right,pick up the right block,4,pregrasp,64,80,16,0.625,0.5369127516778524,7,8,0.3,0.7,8,0.31493979692459106,0.33784255385398865,0.33784255385398865,0.31493979692459106,-0.022902756929397583,0.5400247573852539,-0.1014222800731659,0.29385924339294434
test,C2_strong_exaggeration,2,05_L1_C1_right,right,pick up the right block,4,pregrasp,64,80,16,0.625,0.5369127516778524,8,8,0.3,0.7,8,0.34296655654907227,0.3655078113079071,0.3655078113079071,0.34296655654907227,-0.02254125475883484,0.5400247573852539,-0.1014222800731659,0.29385924339294434
test,C2_strong_exaggeration,2,05_L1_C1_right,right,pick up the right block,4,pregrasp,64,80,16,0.625,0.5369127516778524,9,8,0.3,0.7,8,0.24884051084518433,0.2666776776313782,0.2666776776313782,0.24884051084518433,-0.017837166786193848,0.5400247573852539,-0.1014222800731659,0.29385924339294434
test,C2_strong_exaggeration,2,05_L1_C1_right,right,pick up the right block,5,pregrasp,80,96,16,0.75,0.6442953020134228,0,8,0.3,0.7,8,0.29525232315063477,0.2969245910644531,0.2969245910644531,0.29525232315063477,-0.0016722679138183594,0.5862822532653809,-0.07911823689937592,0.2462387979030609
test,C2_strong_exaggeration,2,05_L1_C1_right,right,pick up the right block,5,pregrasp,80,96,16,0.75,0.6442953020134228,1,8,0.3,0.7,8,0.25830531120300293,0.24736210703849792,0.24736210703849792,0.25830531120300293,0.010943204164505005,0.5862822532653809,-0.07911823689937592,0.2462387979030609
test,C2_strong_exaggeration,2,05_L1_C1_right,right,pick up the right block,5,pregrasp,80,96,16,0.75,0.6442953020134228,2,8,0.3,0.7,8,0.2312832921743393,0.22610244154930115,0.22610244154930115,0.2312832921743393,0.005180850625038147,0.5862822532653809,-0.07911823689937592,0.2462387979030609
test,C2_strong_exaggeration,2,05_L1_C1_right,right,pick up the right block,5,pregrasp,80,96,16,0.75,0.6442953020134228,3,8,0.3,0.7,8,0.17866340279579163,0.17777594923973083,0.17777594923973083,0.17866340279579163,0.000887453556060791,0.5862822532653809,-0.07911823689937592,0.2462387979030609
test,C2_strong_exaggeration,2,05_L1_C1_right,right,pick up the right block,5,pregrasp,80,96,16,0.75,0.6442953020134228,4,8,0.3,0.7,8,0.25427570939064026,0.24754959344863892,0.24754959344863892,0.25427570939064026,0.006726115942001343,0.5862822532653809,-0.07911823689937592,0.2462387979030609
test,C2_strong_exaggeration,2,05_L1_C1_right,right,pick up the right block,5,pregrasp,80,96,16,0.75,0.6442953020134228,5,8,0.3,0.7,8,0.3220132291316986,0.3099883198738098,0.3099883198738098,0.3220132291316986,0.012024909257888794,0.5862822532653809,-0.07911823689937592,0.2462387979030609
test,C2_strong_exaggeration,2,05_L1_C1_right,right,pick up the right block,5,pregrasp,80,96,16,0.75,0.6442953020134228,6,8,0.3,0.7,8,0.24434781074523926,0.2420630306005478,0.2420630306005478,0.24434781074523926,0.0022847801446914673,0.5862822532653809,-0.07911823689937592,0.2462387979030609
test,C2_strong_exaggeration,2,05_L1_C1_right,right,pick up the right block,5,pregrasp,80,96,16,0.75,0.6442953020134228,7,8,0.3,0.7,8,0.2602693438529968,0.25900501012802124,0.25900501012802124,0.2602693438529968,0.001264333724975586,0.5862822532653809,-0.07911823689937592,0.2462387979030609
test,C2_strong_exaggeration,2,05_L1_C1_right,right,pick up the right block,5,pregrasp,80,96,16,0.75,0.6442953020134228,8,8,0.3,0.7,8,0.2821899950504303,0.27107372879981995,0.27107372879981995,0.2821899950504303,0.011116266250610352,0.5862822532653809,-0.07911823689937592,0.2462387979030609
test,C2_strong_exaggeration,2,05_L1_C1_right,right,pick up the right block,5,pregrasp,80,96,16,0.75,0.6442953020134228,9,8,0.3,0.7,8,0.23596695065498352,0.2332581877708435,0.2332581877708435,0.23596695065498352,0.0027087628841400146,0.5862822532653809,-0.07911823689937592,0.2462387979030609
test,C2_strong_exaggeration,2,05_L1_C1_right,right,pick up the right block,6,pregrasp,96,112,16,0.875,0.7516778523489933,0,8,0.3,0.7,8,0.3299935460090637,0.3270706832408905,0.3270706832408905,0.3299935460090637,0.0029228627681732178,0.6305064558982849,-0.05146634951233864,0.20073634386062622
test,C2_strong_exaggeration,2,05_L1_C1_right,right,pick up the right block,6,pregrasp,96,112,16,0.875,0.7516778523489933,1,8,0.3,0.7,8,0.32874664664268494,0.32828381657600403,0.32828381657600403,0.32874664664268494,0.0004628300666809082,0.6305064558982849,-0.05146634951233864,0.20073634386062622
test,C2_strong_exaggeration,2,05_L1_C1_right,right,pick up the right block,6,pregrasp,96,112,16,0.875,0.7516778523489933,2,8,0.3,0.7,8,0.2688705623149872,0.2712664306163788,0.2712664306163788,0.2688705623149872,-0.0023958683013916016,0.6305064558982849,-0.05146634951233864,0.20073634386062622
test,C2_strong_exaggeration,2,05_L1_C1_right,right,pick up the right block,6,pregrasp,96,112,16,0.875,0.7516778523489933,3,8,0.3,0.7,8,0.25780704617500305,0.26062509417533875,0.26062509417533875,0.25780704617500305,-0.0028180480003356934,0.6305064558982849,-0.05146634951233864,0.20073634386062622
test,C2_strong_exaggeration,2,05_L1_C1_right,right,pick up the right block,6,pregrasp,96,112,16,0.875,0.7516778523489933,4,8,0.3,0.7,8,0.2837715744972229,0.2872280180454254,0.2872280180454254,0.2837715744972229,-0.0034564435482025146,0.6305064558982849,-0.05146634951233864,0.20073634386062622
test,C2_strong_exaggeration,2,05_L1_C1_right,right,pick up the right block,6,pregrasp,96,112,16,0.875,0.7516778523489933,5,8,0.3,0.7,8,0.23134979605674744,0.23269453644752502,0.23269453644752502,0.23134979605674744,-0.0013447403907775879,0.6305064558982849,-0.05146634951233864,0.20073634386062622
test,C2_strong_exaggeration,2,05_L1_C1_right,right,pick up the right block,6,pregrasp,96,112,16,0.875,0.7516778523489933,6,8,0.3,0.7,8,0.3467963635921478,0.34555771946907043,0.34555771946907043,0.3467963635921478,0.0012386441230773926,0.6305064558982849,-0.05146634951233864,0.20073634386062622
test,C2_strong_exaggeration,2,05_L1_C1_right,right,pick up the right block,6,pregrasp,96,112,16,0.875,0.7516778523489933,7,8,0.3,0.7,8,0.2751094698905945,0.275071382522583,0.275071382522583,0.2751094698905945,3.808736801147461e-05,0.6305064558982849,-0.05146634951233864,0.20073634386062622
test,C2_strong_exaggeration,2,05_L1_C1_right,right,pick up the right block,6,pregrasp,96,112,16,0.875,0.7516778523489933,8,8,0.3,0.7,8,0.25379037857055664,0.25680211186408997,0.25680211186408997,0.25379037857055664,-0.003011733293533325,0.6305064558982849,-0.05146634951233864,0.20073634386062622
test,C2_strong_exaggeration,2,05_L1_C1_right,right,pick up the right block,6,pregrasp,96,112,16,0.875,0.7516778523489933,9,8,0.3,0.7,8,0.2965972125530243,0.2971745729446411,0.2971745729446411,0.2965972125530243,-0.0005773603916168213,0.6305064558982849,-0.05146634951233864,0.20073634386062622
test,C2_strong_exaggeration,2,05_L1_C1_right,right,pick up the right block,7,pregrasp,112,128,16,1.0,0.8590604026845637,0,8,0.3,0.7,8,0.21010053157806396,0.2077014297246933,0.2077014297246933,0.21010053157806396,0.0023991018533706665,0.6412824392318726,-0.04600122570991516,0.18979991972446442
test,C2_strong_exaggeration,2,05_L1_C1_right,right,pick up the right block,7,pregrasp,112,128,16,1.0,0.8590604026845637,1,8,0.3,0.7,8,0.23223069310188293,0.23036274313926697,0.23036274313926697,0.23223069310188293,0.0018679499626159668,0.6412824392318726,-0.04600122570991516,0.18979991972446442
test,C2_strong_exaggeration,2,05_L1_C1_right,right,pick up the right block,7,pregrasp,112,128,16,1.0,0.8590604026845637,2,8,0.3,0.7,8,0.15762604773044586,0.15697936713695526,0.15697936713695526,0.15762604773044586,0.0006466805934906006,0.6412824392318726,-0.04600122570991516,0.18979991972446442
test,C2_strong_exaggeration,2,05_L1_C1_right,right,pick up the right block,7,pregrasp,112,128,16,1.0,0.8590604026845637,3,8,0.3,0.7,8,0.27878665924072266,0.27504271268844604,0.27504271268844604,0.27878665924072266,0.0037439465522766113,0.6412824392318726,-0.04600122570991516,0.18979991972446442
test,C2_strong_exaggeration,2,05_L1_C1_right,right,pick up the right block,7,pregrasp,112,128,16,1.0,0.8590604026845637,4,8,0.3,0.7,8,0.3775796890258789,0.3723190724849701,0.3723190724849701,0.3775796890258789,0.0052606165409088135,0.6412824392318726,-0.04600122570991516,0.18979991972446442
test,C2_strong_exaggeration,2,05_L1_C1_right,right,pick up the right block,7,pregrasp,112,128,16,1.0,0.8590604026845637,5,8,0.3,0.7,8,0.31888189911842346,0.31183987855911255,0.31183987855911255,0.31888189911842346,0.007042020559310913,0.6412824392318726,-0.04600122570991516,0.18979991972446442
test,C2_strong_exaggeration,2,05_L1_C1_right,right,pick up the right block,7,pregrasp,112,128,16,1.0,0.8590604026845637,6,8,0.3,0.7,8,0.21811048686504364,0.21300765872001648,0.21300765872001648,0.21811048686504364,0.005102828145027161,0.6412824392318726,-0.04600122570991516,0.18979991972446442
test,C2_strong_exaggeration,2,05_L1_C1_right,right,pick up the right block,7,pregrasp,112,128,16,1.0,0.8590604026845637,7,8,0.3,0.7,8,0.31252196431159973,0.30932343006134033,0.30932343006134033,0.31252196431159973,0.0031985342502593994,0.6412824392318726,-0.04600122570991516,0.18979991972446442
test,C2_strong_exaggeration,2,05_L1_C1_right,right,pick up the right block,7,pregrasp,112,128,16,1.0,0.8590604026845637,8,8,0.3,0.7,8,0.2949730455875397,0.2841920852661133,0.2841920852661133,0.2949730455875397,0.010780960321426392,0.6412824392318726,-0.04600122570991516,0.18979991972446442
test,C2_strong_exaggeration,2,05_L1_C1_right,right,pick up the right block,7,pregrasp,112,128,16,1.0,0.8590604026845637,9,8,0.3,0.7,8,0.29531291127204895,0.2869928479194641,0.2869928479194641,0.29531291127204895,0.008320063352584839,0.6412824392318726,-0.04600122570991516,0.18979991972446442
test,C2_strong_exaggeration,2,05_L1_C1_right,right,pick up the right block,8,postgrasp,128,144,16,1.0,0.9664429530201343,0,8,0.3,0.7,8,0.32870131731033325,0.3267846703529358,0.3267846703529358,0.32870131731033325,0.001916646957397461,0.641316294670105,-0.04598609358072281,0.18981987237930298
test,C2_strong_exaggeration,2,05_L1_C1_right,right,pick up the right block,8,postgrasp,128,144,16,1.0,0.9664429530201343,1,8,0.3,0.7,8,0.30624550580978394,0.3038560152053833,0.3038560152053833,0.30624550580978394,0.0023894906044006348,0.641316294670105,-0.04598609358072281,0.18981987237930298
test,C2_strong_exaggeration,2,05_L1_C1_right,right,pick up the right block,8,postgrasp,128,144,16,1.0,0.9664429530201343,2,8,0.3,0.7,8,0.30805903673171997,0.30654096603393555,0.30654096603393555,0.30805903673171997,0.0015180706977844238,0.641316294670105,-0.04598609358072281,0.18981987237930298
test,C2_strong_exaggeration,2,05_L1_C1_right,right,pick up the right block,8,postgrasp,128,144,16,1.0,0.9664429530201343,3,8,0.3,0.7,8,0.260689914226532,0.2586612105369568,0.2586612105369568,0.260689914226532,0.0020287036895751953,0.641316294670105,-0.04598609358072281,0.18981987237930298
test,C2_strong_exaggeration,2,05_L1_C1_right,right,pick up the right block,8,postgrasp,128,144,16,1.0,0.9664429530201343,4,8,0.3,0.7,8,0.262908011674881,0.25984254479408264,0.25984254479408264,0.262908011674881,0.00306546688079834,0.641316294670105,-0.04598609358072281,0.18981987237930298
test,C2_strong_exaggeration,2,05_L1_C1_right,right,pick up the right block,8,postgrasp,128,144,16,1.0,0.9664429530201343,5,8,0.3,0.7,8,0.21033063530921936,0.20948264002799988,0.20948264002799988,0.21033063530921936,0.0008479952812194824,0.641316294670105,-0.04598609358072281,0.18981987237930298
test,C2_strong_exaggeration,2,05_L1_C1_right,right,pick up the right block,8,postgrasp,128,144,16,1.0,0.9664429530201343,6,8,0.3,0.7,8,0.27082300186157227,0.2696061432361603,0.2696061432361603,0.27082300186157227,0.0012168586254119873,0.641316294670105,-0.04598609358072281,0.18981987237930298
test,C2_strong_exaggeration,2,05_L1_C1_right,right,pick up the right block,8,postgrasp,128,144,16,1.0,0.9664429530201343,7,8,0.3,0.7,8,0.24109506607055664,0.24077777564525604,0.24077777564525604,0.24109506607055664,0.00031729042530059814,0.641316294670105,-0.04598609358072281,0.18981987237930298
test,C2_strong_exaggeration,2,05_L1_C1_right,right,pick up the right block,8,postgrasp,128,144,16,1.0,0.9664429530201343,8,8,0.3,0.7,8,0.2341533899307251,0.2331422120332718,0.2331422120332718,0.2341533899307251,0.001011177897453308,0.641316294670105,-0.04598609358072281,0.18981987237930298
test,C2_strong_exaggeration,2,05_L1_C1_right,right,pick up the right block,8,postgrasp,128,144,16,1.0,0.9664429530201343,9,8,0.3,0.7,8,0.2603766918182373,0.2596931457519531,0.2596931457519531,0.2603766918182373,0.0006835460662841797,0.641316294670105,-0.04598609358072281,0.18981987237930298
test,C2_strong_exaggeration,2,05_L1_C1_right,right,pick up the right block,9,postgrasp,144,149,5,1.0,1.0,0,8,0.3,0.7,8,0.23340488970279694,0.23180508613586426,0.23180508613586426,0.23340488970279694,0.0015998035669326782,0.6413186192512512,-0.045992374420166016,0.18981777131557465
test,C2_strong_exaggeration,2,05_L1_C1_right,right,pick up the right block,9,postgrasp,144,149,5,1.0,1.0,1,8,0.3,0.7,8,0.24887226521968842,0.24793750047683716,0.24793750047683716,0.24887226521968842,0.0009347647428512573,0.6413186192512512,-0.045992374420166016,0.18981777131557465
test,C2_strong_exaggeration,2,05_L1_C1_right,right,pick up the right block,9,postgrasp,144,149,5,1.0,1.0,2,8,0.3,0.7,8,0.24268995225429535,0.24126771092414856,0.24126771092414856,0.24268995225429535,0.0014222413301467896,0.6413186192512512,-0.045992374420166016,0.18981777131557465
test,C2_strong_exaggeration,2,05_L1_C1_right,right,pick up the right block,9,postgrasp,144,149,5,1.0,1.0,3,8,0.3,0.7,8,0.2719811797142029,0.2711390256881714,0.2711390256881714,0.2719811797142029,0.0008421540260314941,0.6413186192512512,-0.045992374420166016,0.18981777131557465
test,C2_strong_exaggeration,2,05_L1_C1_right,right,pick up the right block,9,postgrasp,144,149,5,1.0,1.0,4,8,0.3,0.7,8,0.256152868270874,0.25569120049476624,0.25569120049476624,0.256152868270874,0.0004616677761077881,0.6413186192512512,-0.045992374420166016,0.18981777131557465
test,C2_strong_exaggeration,2,05_L1_C1_right,right,pick up the right block,9,postgrasp,144,149,5,1.0,1.0,5,8,0.3,0.7,8,0.2658102214336395,0.26503801345825195,0.26503801345825195,0.2658102214336395,0.0007722079753875732,0.6413186192512512,-0.045992374420166016,0.18981777131557465
test,C2_strong_exaggeration,2,05_L1_C1_right,right,pick up the right block,9,postgrasp,144,149,5,1.0,1.0,6,8,0.3,0.7,8,0.2096632421016693,0.20929589867591858,0.20929589867591858,0.2096632421016693,0.0003673434257507324,0.6413186192512512,-0.045992374420166016,0.18981777131557465
test,C2_strong_exaggeration,2,05_L1_C1_right,right,pick up the right block,9,postgrasp,144,149,5,1.0,1.0,7,8,0.3,0.7,8,0.2973250448703766,0.29492148756980896,0.29492148756980896,0.2973250448703766,0.002403557300567627,0.6413186192512512,-0.045992374420166016,0.18981777131557465
test,C2_strong_exaggeration,2,05_L1_C1_right,right,pick up the right block,9,postgrasp,144,149,5,1.0,1.0,8,8,0.3,0.7,8,0.21979625523090363,0.21960952877998352,0.21960952877998352,0.21979625523090363,0.00018672645092010498,0.6413186192512512,-0.045992374420166016,0.18981777131557465
test,C2_strong_exaggeration,2,05_L1_C1_right,right,pick up the right block,9,postgrasp,144,149,5,1.0,1.0,9,8,0.3,0.7,8,0.32892778515815735,0.327735960483551,0.327735960483551,0.32892778515815735,0.0011918246746063232,0.6413186192512512,-0.045992374420166016,0.18981777131557465
test,C3_extreme_exaggeration,3,06_L1_C2_left,left,pick up the left block,0,pregrasp,0,16,16,0.10256410256410256,0.0903954802259887,0,8,0.3,0.7,8,0.293330579996109,0.33910977840423584,0.293330579996109,0.33910977840423584,0.04577919840812683,0.36763307452201843,0.02900811657309532,0.4835675060749054
test,C3_extreme_exaggeration,3,06_L1_C2_left,left,pick up the left block,0,pregrasp,0,16,16,0.10256410256410256,0.0903954802259887,1,8,0.3,0.7,8,0.3572040796279907,0.37542450428009033,0.3572040796279907,0.37542450428009033,0.01822042465209961,0.36763307452201843,0.02900811657309532,0.4835675060749054
test,C3_extreme_exaggeration,3,06_L1_C2_left,left,pick up the left block,0,pregrasp,0,16,16,0.10256410256410256,0.0903954802259887,2,8,0.3,0.7,8,0.3946145474910736,0.4177846312522888,0.3946145474910736,0.4177846312522888,0.02317008376121521,0.36763307452201843,0.02900811657309532,0.4835675060749054
test,C3_extreme_exaggeration,3,06_L1_C2_left,left,pick up the left block,0,pregrasp,0,16,16,0.10256410256410256,0.0903954802259887,3,8,0.3,0.7,8,0.2623113989830017,0.29893991351127625,0.2623113989830017,0.29893991351127625,0.036628514528274536,0.36763307452201843,0.02900811657309532,0.4835675060749054
test,C3_extreme_exaggeration,3,06_L1_C2_left,left,pick up the left block,0,pregrasp,0,16,16,0.10256410256410256,0.0903954802259887,4,8,0.3,0.7,8,0.2439105212688446,0.27072569727897644,0.2439105212688446,0.27072569727897644,0.026815176010131836,0.36763307452201843,0.02900811657309532,0.4835675060749054
test,C3_extreme_exaggeration,3,06_L1_C2_left,left,pick up the left block,0,pregrasp,0,16,16,0.10256410256410256,0.0903954802259887,5,8,0.3,0.7,8,0.28051015734672546,0.323879212141037,0.28051015734672546,0.323879212141037,0.04336905479431152,0.36763307452201843,0.02900811657309532,0.4835675060749054
test,C3_extreme_exaggeration,3,06_L1_C2_left,left,pick up the left block,0,pregrasp,0,16,16,0.10256410256410256,0.0903954802259887,6,8,0.3,0.7,8,0.22602947056293488,0.25045058131217957,0.22602947056293488,0.25045058131217957,0.02442111074924469,0.36763307452201843,0.02900811657309532,0.4835675060749054
test,C3_extreme_exaggeration,3,06_L1_C2_left,left,pick up the left block,0,pregrasp,0,16,16,0.10256410256410256,0.0903954802259887,7,8,0.3,0.7,8,0.35592925548553467,0.3817594349384308,0.35592925548553467,0.3817594349384308,0.025830179452896118,0.36763307452201843,0.02900811657309532,0.4835675060749054
test,C3_extreme_exaggeration,3,06_L1_C2_left,left,pick up the left block,0,pregrasp,0,16,16,0.10256410256410256,0.0903954802259887,8,8,0.3,0.7,8,0.3201896846294403,0.34562572836875916,0.3201896846294403,0.34562572836875916,0.025436043739318848,0.36763307452201843,0.02900811657309532,0.4835675060749054
test,C3_extreme_exaggeration,3,06_L1_C2_left,left,pick up the left block,0,pregrasp,0,16,16,0.10256410256410256,0.0903954802259887,9,8,0.3,0.7,8,0.3385305106639862,0.37867021560668945,0.3385305106639862,0.37867021560668945,0.04013970494270325,0.36763307452201843,0.02900811657309532,0.4835675060749054
test,C3_extreme_exaggeration,3,06_L1_C2_left,left,pick up the left block,1,pregrasp,16,32,16,0.20512820512820512,0.1807909604519774,0,8,0.3,0.7,8,0.3206346035003662,0.32349759340286255,0.3206346035003662,0.32349759340286255,0.002862989902496338,0.3806378245353699,0.092451311647892,0.46032124757766724
test,C3_extreme_exaggeration,3,06_L1_C2_left,left,pick up the left block,1,pregrasp,16,32,16,0.20512820512820512,0.1807909604519774,1,8,0.3,0.7,8,0.38589972257614136,0.42616984248161316,0.38589972257614136,0.42616984248161316,0.0402701199054718,0.3806378245353699,0.092451311647892,0.46032124757766724
test,C3_extreme_exaggeration,3,06_L1_C2_left,left,pick up the left block,1,pregrasp,16,32,16,0.20512820512820512,0.1807909604519774,2,8,0.3,0.7,8,0.298120379447937,0.32608678936958313,0.298120379447937,0.32608678936958313,0.027966409921646118,0.3806378245353699,0.092451311647892,0.46032124757766724
test,C3_extreme_exaggeration,3,06_L1_C2_left,left,pick up the left block,1,pregrasp,16,32,16,0.20512820512820512,0.1807909604519774,3,8,0.3,0.7,8,0.29618167877197266,0.3184750974178314,0.29618167877197266,0.3184750974178314,0.022293418645858765,0.3806378245353699,0.092451311647892,0.46032124757766724
test,C3_extreme_exaggeration,3,06_L1_C2_left,left,pick up the left block,1,pregrasp,16,32,16,0.20512820512820512,0.1807909604519774,4,8,0.3,0.7,8,0.23066876828670502,0.25188368558883667,0.23066876828670502,0.25188368558883667,0.021214917302131653,0.3806378245353699,0.092451311647892,0.46032124757766724
test,C3_extreme_exaggeration,3,06_L1_C2_left,left,pick up the left block,1,pregrasp,16,32,16,0.20512820512820512,0.1807909604519774,5,8,0.3,0.7,8,0.3094966411590576,0.3695421814918518,0.3094966411590576,0.3695421814918518,0.06004554033279419,0.3806378245353699,0.092451311647892,0.46032124757766724
test,C3_extreme_exaggeration,3,06_L1_C2_left,left,pick up the left block,1,pregrasp,16,32,16,0.20512820512820512,0.1807909604519774,6,8,0.3,0.7,8,0.2754947543144226,0.2982809543609619,0.2754947543144226,0.2982809543609619,0.022786200046539307,0.3806378245353699,0.092451311647892,0.46032124757766724
test,C3_extreme_exaggeration,3,06_L1_C2_left,left,pick up the left block,1,pregrasp,16,32,16,0.20512820512820512,0.1807909604519774,7,8,0.3,0.7,8,0.25043603777885437,0.2752445936203003,0.25043603777885437,0.2752445936203003,0.024808555841445923,0.3806378245353699,0.092451311647892,0.46032124757766724
test,C3_extreme_exaggeration,3,06_L1_C2_left,left,pick up the left block,1,pregrasp,16,32,16,0.20512820512820512,0.1807909604519774,8,8,0.3,0.7,8,0.27548980712890625,0.2815190851688385,0.27548980712890625,0.2815190851688385,0.006029278039932251,0.3806378245353699,0.092451311647892,0.46032124757766724
test,C3_extreme_exaggeration,3,06_L1_C2_left,left,pick up the left block,1,pregrasp,16,32,16,0.20512820512820512,0.1807909604519774,9,8,0.3,0.7,8,0.288554310798645,0.2895338237285614,0.288554310798645,0.2895338237285614,0.0009795129299163818,0.3806378245353699,0.092451311647892,0.46032124757766724
test,C3_extreme_exaggeration,3,06_L1_C2_left,left,pick up the left block,2,pregrasp,32,48,16,0.3076923076923077,0.2711864406779661,0,8,0.3,0.7,8,0.23922747373580933,0.2914328873157501,0.23922747373580933,0.2914328873157501,0.052205413579940796,0.4059777557849884,0.15095092356204987,0.434236079454422
test,C3_extreme_exaggeration,3,06_L1_C2_left,left,pick up the left block,2,pregrasp,32,48,16,0.3076923076923077,0.2711864406779661,1,8,0.3,0.7,8,0.17672958970069885,0.2319619357585907,0.17672958970069885,0.2319619357585907,0.055232346057891846,0.4059777557849884,0.15095092356204987,0.434236079454422
test,C3_extreme_exaggeration,3,06_L1_C2_left,left,pick up the left block,2,pregrasp,32,48,16,0.3076923076923077,0.2711864406779661,2,8,0.3,0.7,8,0.3066113591194153,0.38402366638183594,0.3066113591194153,0.38402366638183594,0.07741230726242065,0.4059777557849884,0.15095092356204987,0.434236079454422
test,C3_extreme_exaggeration,3,06_L1_C2_left,left,pick up the left block,2,pregrasp,32,48,16,0.3076923076923077,0.2711864406779661,3,8,0.3,0.7,8,0.2915954291820526,0.3503292500972748,0.2915954291820526,0.3503292500972748,0.05873382091522217,0.4059777557849884,0.15095092356204987,0.434236079454422
test,C3_extreme_exaggeration,3,06_L1_C2_left,left,pick up the left block,2,pregrasp,32,48,16,0.3076923076923077,0.2711864406779661,4,8,0.3,0.7,8,0.282037615776062,0.34223735332489014,0.282037615776062,0.34223735332489014,0.060199737548828125,0.4059777557849884,0.15095092356204987,0.434236079454422
test,C3_extreme_exaggeration,3,06_L1_C2_left,left,pick up the left block,2,pregrasp,32,48,16,0.3076923076923077,0.2711864406779661,5,8,0.3,0.7,8,0.2578642666339874,0.3241020441055298,0.2578642666339874,0.3241020441055298,0.06623777747154236,0.4059777557849884,0.15095092356204987,0.434236079454422
test,C3_extreme_exaggeration,3,06_L1_C2_left,left,pick up the left block,2,pregrasp,32,48,16,0.3076923076923077,0.2711864406779661,6,8,0.3,0.7,8,0.2670559585094452,0.34029513597488403,0.2670559585094452,0.34029513597488403,0.07323917746543884,0.4059777557849884,0.15095092356204987,0.434236079454422
test,C3_extreme_exaggeration,3,06_L1_C2_left,left,pick up the left block,2,pregrasp,32,48,16,0.3076923076923077,0.2711864406779661,7,8,0.3,0.7,8,0.25824427604675293,0.33211997151374817,0.25824427604675293,0.33211997151374817,0.07387569546699524,0.4059777557849884,0.15095092356204987,0.434236079454422
test,C3_extreme_exaggeration,3,06_L1_C2_left,left,pick up the left block,2,pregrasp,32,48,16,0.3076923076923077,0.2711864406779661,8,8,0.3,0.7,8,0.19809094071388245,0.2711925804615021,0.19809094071388245,0.2711925804615021,0.07310163974761963,0.4059777557849884,0.15095092356204987,0.434236079454422
test,C3_extreme_exaggeration,3,06_L1_C2_left,left,pick up the left block,2,pregrasp,32,48,16,0.3076923076923077,0.2711864406779661,9,8,0.3,0.7,8,0.3005497455596924,0.3968629837036133,0.3005497455596924,0.3968629837036133,0.0963132381439209,0.4059777557849884,0.15095092356204987,0.434236079454422
test,C3_extreme_exaggeration,3,06_L1_C2_left,left,pick up the left block,3,pregrasp,48,64,16,0.41025641025641024,0.3615819209039548,0,8,0.3,0.7,8,0.29561498761177063,0.3681854009628296,0.29561498761177063,0.3681854009628296,0.07257041335105896,0.44321903586387634,0.19535405933856964,0.3960052728652954
test,C3_extreme_exaggeration,3,06_L1_C2_left,left,pick up the left block,3,pregrasp,48,64,16,0.41025641025641024,0.3615819209039548,1,8,0.3,0.7,8,0.28163790702819824,0.35128721594810486,0.28163790702819824,0.35128721594810486,0.06964930891990662,0.44321903586387634,0.19535405933856964,0.3960052728652954
test,C3_extreme_exaggeration,3,06_L1_C2_left,left,pick up the left block,3,pregrasp,48,64,16,0.41025641025641024,0.3615819209039548,2,8,0.3,0.7,8,0.2774454653263092,0.34444093704223633,0.2774454653263092,0.34444093704223633,0.06699547171592712,0.44321903586387634,0.19535405933856964,0.3960052728652954
test,C3_extreme_exaggeration,3,06_L1_C2_left,left,pick up the left block,3,pregrasp,48,64,16,0.41025641025641024,0.3615819209039548,3,8,0.3,0.7,8,0.2137075960636139,0.2583947479724884,0.2137075960636139,0.2583947479724884,0.04468715190887451,0.44321903586387634,0.19535405933856964,0.3960052728652954
test,C3_extreme_exaggeration,3,06_L1_C2_left,left,pick up the left block,3,pregrasp,48,64,16,0.41025641025641024,0.3615819209039548,4,8,0.3,0.7,8,0.2161511331796646,0.2711847424507141,0.2161511331796646,0.2711847424507141,0.0550336092710495,0.44321903586387634,0.19535405933856964,0.3960052728652954
test,C3_extreme_exaggeration,3,06_L1_C2_left,left,pick up the left block,3,pregrasp,48,64,16,0.41025641025641024,0.3615819209039548,5,8,0.3,0.7,8,0.19494739174842834,0.2660449743270874,0.19494739174842834,0.2660449743270874,0.07109758257865906,0.44321903586387634,0.19535405933856964,0.3960052728652954
test,C3_extreme_exaggeration,3,06_L1_C2_left,left,pick up the left block,3,pregrasp,48,64,16,0.41025641025641024,0.3615819209039548,6,8,0.3,0.7,8,0.33801668882369995,0.4124857187271118,0.33801668882369995,0.4124857187271118,0.07446902990341187,0.44321903586387634,0.19535405933856964,0.3960052728652954
test,C3_extreme_exaggeration,3,06_L1_C2_left,left,pick up the left block,3,pregrasp,48,64,16,0.41025641025641024,0.3615819209039548,7,8,0.3,0.7,8,0.2600488066673279,0.3198370933532715,0.2600488066673279,0.3198370933532715,0.059788286685943604,0.44321903586387634,0.19535405933856964,0.3960052728652954
test,C3_extreme_exaggeration,3,06_L1_C2_left,left,pick up the left block,3,pregrasp,48,64,16,0.41025641025641024,0.3615819209039548,8,8,0.3,0.7,8,0.34034988284111023,0.4227384030818939,0.34034988284111023,0.4227384030818939,0.08238852024078369,0.44321903586387634,0.19535405933856964,0.3960052728652954
test,C3_extreme_exaggeration,3,06_L1_C2_left,left,pick up the left block,3,pregrasp,48,64,16,0.41025641025641024,0.3615819209039548,9,8,0.3,0.7,8,0.21386688947677612,0.26608550548553467,0.21386688947677612,0.26608550548553467,0.052218616008758545,0.44321903586387634,0.19535405933856964,0.3960052728652954
test,C3_extreme_exaggeration,3,06_L1_C2_left,left,pick up the left block,4,pregrasp,64,80,16,0.5128205128205128,0.4519774011299435,0,8,0.3,0.7,8,0.2743065655231476,0.33156079053878784,0.2743065655231476,0.33156079053878784,0.05725422501564026,0.48871085047721863,0.2062254250049591,0.34662920236587524
test,C3_extreme_exaggeration,3,06_L1_C2_left,left,pick up the left block,4,pregrasp,64,80,16,0.5128205128205128,0.4519774011299435,1,8,0.3,0.7,8,0.28488409519195557,0.30525898933410645,0.28488409519195557,0.30525898933410645,0.02037489414215088,0.48871085047721863,0.2062254250049591,0.34662920236587524
test,C3_extreme_exaggeration,3,06_L1_C2_left,left,pick up the left block,4,pregrasp,64,80,16,0.5128205128205128,0.4519774011299435,2,8,0.3,0.7,8,0.28981316089630127,0.31168848276138306,0.28981316089630127,0.31168848276138306,0.021875321865081787,0.48871085047721863,0.2062254250049591,0.34662920236587524
test,C3_extreme_exaggeration,3,06_L1_C2_left,left,pick up the left block,4,pregrasp,64,80,16,0.5128205128205128,0.4519774011299435,3,8,0.3,0.7,8,0.3281029462814331,0.34869879484176636,0.3281029462814331,0.34869879484176636,0.020595848560333252,0.48871085047721863,0.2062254250049591,0.34662920236587524
test,C3_extreme_exaggeration,3,06_L1_C2_left,left,pick up the left block,4,pregrasp,64,80,16,0.5128205128205128,0.4519774011299435,4,8,0.3,0.7,8,0.33137601613998413,0.38467031717300415,0.33137601613998413,0.38467031717300415,0.05329430103302002,0.48871085047721863,0.2062254250049591,0.34662920236587524
test,C3_extreme_exaggeration,3,06_L1_C2_left,left,pick up the left block,4,pregrasp,64,80,16,0.5128205128205128,0.4519774011299435,5,8,0.3,0.7,8,0.2949855327606201,0.3425590693950653,0.2949855327606201,0.3425590693950653,0.04757353663444519,0.48871085047721863,0.2062254250049591,0.34662920236587524
test,C3_extreme_exaggeration,3,06_L1_C2_left,left,pick up the left block,4,pregrasp,64,80,16,0.5128205128205128,0.4519774011299435,6,8,0.3,0.7,8,0.315229594707489,0.3574548363685608,0.315229594707489,0.3574548363685608,0.04222524166107178,0.48871085047721863,0.2062254250049591,0.34662920236587524
test,C3_extreme_exaggeration,3,06_L1_C2_left,left,pick up the left block,4,pregrasp,64,80,16,0.5128205128205128,0.4519774011299435,7,8,0.3,0.7,8,0.1786501407623291,0.20707187056541443,0.1786501407623291,0.20707187056541443,0.028421729803085327,0.48871085047721863,0.2062254250049591,0.34662920236587524
test,C3_extreme_exaggeration,3,06_L1_C2_left,left,pick up the left block,4,pregrasp,64,80,16,0.5128205128205128,0.4519774011299435,8,8,0.3,0.7,8,0.19779753684997559,0.22702859342098236,0.19779753684997559,0.22702859342098236,0.029231056571006775,0.48871085047721863,0.2062254250049591,0.34662920236587524
test,C3_extreme_exaggeration,3,06_L1_C2_left,left,pick up the left block,4,pregrasp,64,80,16,0.5128205128205128,0.4519774011299435,9,8,0.3,0.7,8,0.16268467903137207,0.19174407422542572,0.16268467903137207,0.19174407422542572,0.02905939519405365,0.48871085047721863,0.2062254250049591,0.34662920236587524
test,C3_extreme_exaggeration,3,06_L1_C2_left,left,pick up the left block,5,pregrasp,80,96,16,0.6153846153846154,0.5423728813559322,0,8,0.3,0.7,8,0.33294540643692017,0.3602507710456848,0.33294540643692017,0.3602507710456848,0.02730536460876465,0.5329520106315613,0.18112321197986603,0.3007635176181793
test,C3_extreme_exaggeration,3,06_L1_C2_left,left,pick up the left block,5,pregrasp,80,96,16,0.6153846153846154,0.5423728813559322,1,8,0.3,0.7,8,0.2569034993648529,0.24174296855926514,0.2569034993648529,0.24174296855926514,-0.015160530805587769,0.5329520106315613,0.18112321197986603,0.3007635176181793
test,C3_extreme_exaggeration,3,06_L1_C2_left,left,pick up the left block,5,pregrasp,80,96,16,0.6153846153846154,0.5423728813559322,2,8,0.3,0.7,8,0.21432596445083618,0.21475833654403687,0.21432596445083618,0.21475833654403687,0.0004323720932006836,0.5329520106315613,0.18112321197986603,0.3007635176181793
test,C3_extreme_exaggeration,3,06_L1_C2_left,left,pick up the left block,5,pregrasp,80,96,16,0.6153846153846154,0.5423728813559322,3,8,0.3,0.7,8,0.30217474699020386,0.3184854984283447,0.30217474699020386,0.3184854984283447,0.01631075143814087,0.5329520106315613,0.18112321197986603,0.3007635176181793
test,C3_extreme_exaggeration,3,06_L1_C2_left,left,pick up the left block,5,pregrasp,80,96,16,0.6153846153846154,0.5423728813559322,4,8,0.3,0.7,8,0.33782529830932617,0.3464764952659607,0.33782529830932617,0.3464764952659607,0.008651196956634521,0.5329520106315613,0.18112321197986603,0.3007635176181793
test,C3_extreme_exaggeration,3,06_L1_C2_left,left,pick up the left block,5,pregrasp,80,96,16,0.6153846153846154,0.5423728813559322,5,8,0.3,0.7,8,0.2637729346752167,0.2596438527107239,0.2637729346752167,0.2596438527107239,-0.004129081964492798,0.5329520106315613,0.18112321197986603,0.3007635176181793
test,C3_extreme_exaggeration,3,06_L1_C2_left,left,pick up the left block,5,pregrasp,80,96,16,0.6153846153846154,0.5423728813559322,6,8,0.3,0.7,8,0.34630322456359863,0.36868205666542053,0.34630322456359863,0.36868205666542053,0.0223788321018219,0.5329520106315613,0.18112321197986603,0.3007635176181793
test,C3_extreme_exaggeration,3,06_L1_C2_left,left,pick up the left block,5,pregrasp,80,96,16,0.6153846153846154,0.5423728813559322,7,8,0.3,0.7,8,0.2487276941537857,0.2570716440677643,0.2487276941537857,0.2570716440677643,0.008343949913978577,0.5329520106315613,0.18112321197986603,0.3007635176181793
test,C3_extreme_exaggeration,3,06_L1_C2_left,left,pick up the left block,5,pregrasp,80,96,16,0.6153846153846154,0.5423728813559322,8,8,0.3,0.7,8,0.19800852239131927,0.19623278081417084,0.19800852239131927,0.19623278081417084,-0.0017757415771484375,0.5329520106315613,0.18112321197986603,0.3007635176181793
test,C3_extreme_exaggeration,3,06_L1_C2_left,left,pick up the left block,5,pregrasp,80,96,16,0.6153846153846154,0.5423728813559322,9,8,0.3,0.7,8,0.25577273964881897,0.2516852617263794,0.25577273964881897,0.2516852617263794,-0.004087477922439575,0.5329520106315613,0.18112321197986603,0.3007635176181793
test,C3_extreme_exaggeration,3,06_L1_C2_left,left,pick up the left block,6,pregrasp,96,112,16,0.717948717948718,0.632768361581921,0,8,0.3,0.7,8,0.30691319704055786,0.30258557200431824,0.30691319704055786,0.30258557200431824,-0.004327625036239624,0.5722059011459351,0.13946808874607086,0.2609139680862427
test,C3_extreme_exaggeration,3,06_L1_C2_left,left,pick up the left block,6,pregrasp,96,112,16,0.717948717948718,0.632768361581921,1,8,0.3,0.7,8,0.25841107964515686,0.2536047399044037,0.25841107964515686,0.2536047399044037,-0.004806339740753174,0.5722059011459351,0.13946808874607086,0.2609139680862427
test,C3_extreme_exaggeration,3,06_L1_C2_left,left,pick up the left block,6,pregrasp,96,112,16,0.717948717948718,0.632768361581921,2,8,0.3,0.7,8,0.2417210340499878,0.23757243156433105,0.2417210340499878,0.23757243156433105,-0.004148602485656738,0.5722059011459351,0.13946808874607086,0.2609139680862427
test,C3_extreme_exaggeration,3,06_L1_C2_left,left,pick up the left block,6,pregrasp,96,112,16,0.717948717948718,0.632768361581921,3,8,0.3,0.7,8,0.2822985351085663,0.2797088623046875,0.2822985351085663,0.2797088623046875,-0.002589672803878784,0.5722059011459351,0.13946808874607086,0.2609139680862427
test,C3_extreme_exaggeration,3,06_L1_C2_left,left,pick up the left block,6,pregrasp,96,112,16,0.717948717948718,0.632768361581921,4,8,0.3,0.7,8,0.3475726246833801,0.3439997136592865,0.3475726246833801,0.3439997136592865,-0.003572911024093628,0.5722059011459351,0.13946808874607086,0.2609139680862427
test,C3_extreme_exaggeration,3,06_L1_C2_left,left,pick up the left block,6,pregrasp,96,112,16,0.717948717948718,0.632768361581921,5,8,0.3,0.7,8,0.2530980408191681,0.2512122690677643,0.2530980408191681,0.2512122690677643,-0.0018857717514038086,0.5722059011459351,0.13946808874607086,0.2609139680862427
test,C3_extreme_exaggeration,3,06_L1_C2_left,left,pick up the left block,6,pregrasp,96,112,16,0.717948717948718,0.632768361581921,6,8,0.3,0.7,8,0.20441775023937225,0.19812873005867004,0.20441775023937225,0.19812873005867004,-0.0062890201807022095,0.5722059011459351,0.13946808874607086,0.2609139680862427
test,C3_extreme_exaggeration,3,06_L1_C2_left,left,pick up the left block,6,pregrasp,96,112,16,0.717948717948718,0.632768361581921,7,8,0.3,0.7,8,0.3040791451931,0.3007584810256958,0.3040791451931,0.3007584810256958,-0.003320664167404175,0.5722059011459351,0.13946808874607086,0.2609139680862427
test,C3_extreme_exaggeration,3,06_L1_C2_left,left,pick up the left block,6,pregrasp,96,112,16,0.717948717948718,0.632768361581921,8,8,0.3,0.7,8,0.33828988671302795,0.3355199098587036,0.33828988671302795,0.3355199098587036,-0.002769976854324341,0.5722059011459351,0.13946808874607086,0.2609139680862427
test,C3_extreme_exaggeration,3,06_L1_C2_left,left,pick up the left block,6,pregrasp,96,112,16,0.717948717948718,0.632768361581921,9,8,0.3,0.7,8,0.341133713722229,0.33712783455848694,0.341133713722229,0.33712783455848694,-0.004005879163742065,0.5722059011459351,0.13946808874607086,0.2609139680862427
test,C3_extreme_exaggeration,3,06_L1_C2_left,left,pick up the left block,7,pregrasp,112,128,16,0.8205128205128205,0.7231638418079096,0,8,0.3,0.7,8,0.2928661108016968,0.31687119603157043,0.2928661108016968,0.31687119603157043,0.024005085229873657,0.6081290245056152,0.09184727817773819,0.22410836815834045
test,C3_extreme_exaggeration,3,06_L1_C2_left,left,pick up the left block,7,pregrasp,112,128,16,0.8205128205128205,0.7231638418079096,1,8,0.3,0.7,8,0.3712303042411804,0.3957926630973816,0.3712303042411804,0.3957926630973816,0.024562358856201172,0.6081290245056152,0.09184727817773819,0.22410836815834045
test,C3_extreme_exaggeration,3,06_L1_C2_left,left,pick up the left block,7,pregrasp,112,128,16,0.8205128205128205,0.7231638418079096,2,8,0.3,0.7,8,0.34047725796699524,0.3623669743537903,0.34047725796699524,0.3623669743537903,0.021889716386795044,0.6081290245056152,0.09184727817773819,0.22410836815834045
test,C3_extreme_exaggeration,3,06_L1_C2_left,left,pick up the left block,7,pregrasp,112,128,16,0.8205128205128205,0.7231638418079096,3,8,0.3,0.7,8,0.3092166781425476,0.325485497713089,0.3092166781425476,0.325485497713089,0.016268819570541382,0.6081290245056152,0.09184727817773819,0.22410836815834045
test,C3_extreme_exaggeration,3,06_L1_C2_left,left,pick up the left block,7,pregrasp,112,128,16,0.8205128205128205,0.7231638418079096,4,8,0.3,0.7,8,0.272066593170166,0.29457950592041016,0.272066593170166,0.29457950592041016,0.02251291275024414,0.6081290245056152,0.09184727817773819,0.22410836815834045
test,C3_extreme_exaggeration,3,06_L1_C2_left,left,pick up the left block,7,pregrasp,112,128,16,0.8205128205128205,0.7231638418079096,5,8,0.3,0.7,8,0.3331862688064575,0.3525497615337372,0.3331862688064575,0.3525497615337372,0.019363492727279663,0.6081290245056152,0.09184727817773819,0.22410836815834045
test,C3_extreme_exaggeration,3,06_L1_C2_left,left,pick up the left block,7,pregrasp,112,128,16,0.8205128205128205,0.7231638418079096,6,8,0.3,0.7,8,0.3906972408294678,0.41150543093681335,0.3906972408294678,0.41150543093681335,0.02080819010734558,0.6081290245056152,0.09184727817773819,0.22410836815834045
test,C3_extreme_exaggeration,3,06_L1_C2_left,left,pick up the left block,7,pregrasp,112,128,16,0.8205128205128205,0.7231638418079096,7,8,0.3,0.7,8,0.24100257456302643,0.2537950277328491,0.24100257456302643,0.2537950277328491,0.012792453169822693,0.6081290245056152,0.09184727817773819,0.22410836815834045
test,C3_extreme_exaggeration,3,06_L1_C2_left,left,pick up the left block,7,pregrasp,112,128,16,0.8205128205128205,0.7231638418079096,8,8,0.3,0.7,8,0.3914254903793335,0.4141525626182556,0.3914254903793335,0.4141525626182556,0.02272707223892212,0.6081290245056152,0.09184727817773819,0.22410836815834045
test,C3_extreme_exaggeration,3,06_L1_C2_left,left,pick up the left block,7,pregrasp,112,128,16,0.8205128205128205,0.7231638418079096,9,8,0.3,0.7,8,0.31967467069625854,0.3448329567909241,0.31967467069625854,0.3448329567909241,0.025158286094665527,0.6081290245056152,0.09184727817773819,0.22410836815834045
test,C3_extreme_exaggeration,3,06_L1_C2_left,left,pick up the left block,8,pregrasp,128,144,16,0.9230769230769231,0.8135593220338984,0,8,0.3,0.7,8,0.33615538477897644,0.339566707611084,0.33615538477897644,0.339566707611084,0.003411322832107544,0.639252781867981,0.04615098610520363,0.19289010763168335
test,C3_extreme_exaggeration,3,06_L1_C2_left,left,pick up the left block,8,pregrasp,128,144,16,0.9230769230769231,0.8135593220338984,1,8,0.3,0.7,8,0.3558100163936615,0.3628543019294739,0.3558100163936615,0.3628543019294739,0.007044285535812378,0.639252781867981,0.04615098610520363,0.19289010763168335
test,C3_extreme_exaggeration,3,06_L1_C2_left,left,pick up the left block,8,pregrasp,128,144,16,0.9230769230769231,0.8135593220338984,2,8,0.3,0.7,8,0.3877374827861786,0.389451265335083,0.3877374827861786,0.389451265335083,0.001713782548904419,0.639252781867981,0.04615098610520363,0.19289010763168335
test,C3_extreme_exaggeration,3,06_L1_C2_left,left,pick up the left block,8,pregrasp,128,144,16,0.9230769230769231,0.8135593220338984,3,8,0.3,0.7,8,0.4156036376953125,0.411996066570282,0.4156036376953125,0.411996066570282,-0.0036075711250305176,0.639252781867981,0.04615098610520363,0.19289010763168335
test,C3_extreme_exaggeration,3,06_L1_C2_left,left,pick up the left block,8,pregrasp,128,144,16,0.9230769230769231,0.8135593220338984,4,8,0.3,0.7,8,0.36032792925834656,0.3604203462600708,0.36032792925834656,0.3604203462600708,9.241700172424316e-05,0.639252781867981,0.04615098610520363,0.19289010763168335
test,C3_extreme_exaggeration,3,06_L1_C2_left,left,pick up the left block,8,pregrasp,128,144,16,0.9230769230769231,0.8135593220338984,5,8,0.3,0.7,8,0.34310802817344666,0.3431401252746582,0.34310802817344666,0.3431401252746582,3.209710121154785e-05,0.639252781867981,0.04615098610520363,0.19289010763168335
test,C3_extreme_exaggeration,3,06_L1_C2_left,left,pick up the left block,8,pregrasp,128,144,16,0.9230769230769231,0.8135593220338984,6,8,0.3,0.7,8,0.31146854162216187,0.3141348361968994,0.31146854162216187,0.3141348361968994,0.002666294574737549,0.639252781867981,0.04615098610520363,0.19289010763168335
test,C3_extreme_exaggeration,3,06_L1_C2_left,left,pick up the left block,8,pregrasp,128,144,16,0.9230769230769231,0.8135593220338984,7,8,0.3,0.7,8,0.3428784906864166,0.3472417891025543,0.3428784906864166,0.3472417891025543,0.004363298416137695,0.639252781867981,0.04615098610520363,0.19289010763168335
test,C3_extreme_exaggeration,3,06_L1_C2_left,left,pick up the left block,8,pregrasp,128,144,16,0.9230769230769231,0.8135593220338984,8,8,0.3,0.7,8,0.4118679165840149,0.41118624806404114,0.4118679165840149,0.41118624806404114,-0.0006816685199737549,0.639252781867981,0.04615098610520363,0.19289010763168335
test,C3_extreme_exaggeration,3,06_L1_C2_left,left,pick up the left block,8,pregrasp,128,144,16,0.9230769230769231,0.8135593220338984,9,8,0.3,0.7,8,0.3620087206363678,0.3634141683578491,0.3620087206363678,0.3634141683578491,0.0014054477214813232,0.639252781867981,0.04615098610520363,0.19289010763168335
test,C3_extreme_exaggeration,3,06_L1_C2_left,left,pick up the left block,9,pregrasp,144,156,12,1.0,0.8813559322033898,0,8,0.3,0.7,8,0.36991235613822937,0.3673964738845825,0.36991235613822937,0.3673964738845825,-0.0025158822536468506,0.641951322555542,0.045434050261974335,0.18941444158554077
test,C3_extreme_exaggeration,3,06_L1_C2_left,left,pick up the left block,9,pregrasp,144,156,12,1.0,0.8813559322033898,1,8,0.3,0.7,8,0.3017481565475464,0.2971212863922119,0.3017481565475464,0.2971212863922119,-0.004626870155334473,0.641951322555542,0.045434050261974335,0.18941444158554077
test,C3_extreme_exaggeration,3,06_L1_C2_left,left,pick up the left block,9,pregrasp,144,156,12,1.0,0.8813559322033898,2,8,0.3,0.7,8,0.29082950949668884,0.28905534744262695,0.29082950949668884,0.28905534744262695,-0.0017741620540618896,0.641951322555542,0.045434050261974335,0.18941444158554077
test,C3_extreme_exaggeration,3,06_L1_C2_left,left,pick up the left block,9,pregrasp,144,156,12,1.0,0.8813559322033898,3,8,0.3,0.7,8,0.30447855591773987,0.30261898040771484,0.30447855591773987,0.30261898040771484,-0.0018595755100250244,0.641951322555542,0.045434050261974335,0.18941444158554077
test,C3_extreme_exaggeration,3,06_L1_C2_left,left,pick up the left block,9,pregrasp,144,156,12,1.0,0.8813559322033898,4,8,0.3,0.7,8,0.36765140295028687,0.36456167697906494,0.36765140295028687,0.36456167697906494,-0.003089725971221924,0.641951322555542,0.045434050261974335,0.18941444158554077
test,C3_extreme_exaggeration,3,06_L1_C2_left,left,pick up the left block,9,pregrasp,144,156,12,1.0,0.8813559322033898,5,8,0.3,0.7,8,0.3247750401496887,0.321450412273407,0.3247750401496887,0.321450412273407,-0.0033246278762817383,0.641951322555542,0.045434050261974335,0.18941444158554077
test,C3_extreme_exaggeration,3,06_L1_C2_left,left,pick up the left block,9,pregrasp,144,156,12,1.0,0.8813559322033898,6,8,0.3,0.7,8,0.2960822880268097,0.29822614789009094,0.2960822880268097,0.29822614789009094,0.00214385986328125,0.641951322555542,0.045434050261974335,0.18941444158554077
test,C3_extreme_exaggeration,3,06_L1_C2_left,left,pick up the left block,9,pregrasp,144,156,12,1.0,0.8813559322033898,7,8,0.3,0.7,8,0.4313361942768097,0.42701297998428345,0.4313361942768097,0.42701297998428345,-0.004323214292526245,0.641951322555542,0.045434050261974335,0.18941444158554077
test,C3_extreme_exaggeration,3,06_L1_C2_left,left,pick up the left block,9,pregrasp,144,156,12,1.0,0.8813559322033898,8,8,0.3,0.7,8,0.36018139123916626,0.3633221685886383,0.36018139123916626,0.3633221685886383,0.003140777349472046,0.641951322555542,0.045434050261974335,0.18941444158554077
test,C3_extreme_exaggeration,3,06_L1_C2_left,left,pick up the left block,9,pregrasp,144,156,12,1.0,0.8813559322033898,9,8,0.3,0.7,8,0.40776416659355164,0.403218537569046,0.40776416659355164,0.403218537569046,-0.004545629024505615,0.641951322555542,0.045434050261974335,0.18941444158554077
test,C3_extreme_exaggeration,3,06_L1_C2_left,left,pick up the left block,10,postgrasp,156,172,16,1.0,0.9717514124293786,0,8,0.3,0.7,8,0.3262689709663391,0.3230717182159424,0.3262689709663391,0.3230717182159424,-0.0031972527503967285,0.641960620880127,0.045426152646541595,0.1893908828496933
test,C3_extreme_exaggeration,3,06_L1_C2_left,left,pick up the left block,10,postgrasp,156,172,16,1.0,0.9717514124293786,1,8,0.3,0.7,8,0.34763577580451965,0.34460335969924927,0.34763577580451965,0.34460335969924927,-0.0030324161052703857,0.641960620880127,0.045426152646541595,0.1893908828496933
test,C3_extreme_exaggeration,3,06_L1_C2_left,left,pick up the left block,10,postgrasp,156,172,16,1.0,0.9717514124293786,2,8,0.3,0.7,8,0.2844476103782654,0.2794601619243622,0.2844476103782654,0.2794601619243622,-0.004987448453903198,0.641960620880127,0.045426152646541595,0.1893908828496933
test,C3_extreme_exaggeration,3,06_L1_C2_left,left,pick up the left block,10,postgrasp,156,172,16,1.0,0.9717514124293786,3,8,0.3,0.7,8,0.2835952341556549,0.27950048446655273,0.2835952341556549,0.27950048446655273,-0.004094749689102173,0.641960620880127,0.045426152646541595,0.1893908828496933
test,C3_extreme_exaggeration,3,06_L1_C2_left,left,pick up the left block,10,postgrasp,156,172,16,1.0,0.9717514124293786,4,8,0.3,0.7,8,0.29850828647613525,0.29131022095680237,0.29850828647613525,0.29131022095680237,-0.007198065519332886,0.641960620880127,0.045426152646541595,0.1893908828496933
test,C3_extreme_exaggeration,3,06_L1_C2_left,left,pick up the left block,10,postgrasp,156,172,16,1.0,0.9717514124293786,5,8,0.3,0.7,8,0.28512993454933167,0.28014400601387024,0.28512993454933167,0.28014400601387024,-0.004985928535461426,0.641960620880127,0.045426152646541595,0.1893908828496933
test,C3_extreme_exaggeration,3,06_L1_C2_left,left,pick up the left block,10,postgrasp,156,172,16,1.0,0.9717514124293786,6,8,0.3,0.7,8,0.30243295431137085,0.296977162361145,0.30243295431137085,0.296977162361145,-0.00545579195022583,0.641960620880127,0.045426152646541595,0.1893908828496933
test,C3_extreme_exaggeration,3,06_L1_C2_left,left,pick up the left block,10,postgrasp,156,172,16,1.0,0.9717514124293786,7,8,0.3,0.7,8,0.2815745770931244,0.2796728014945984,0.2815745770931244,0.2796728014945984,-0.001901775598526001,0.641960620880127,0.045426152646541595,0.1893908828496933
test,C3_extreme_exaggeration,3,06_L1_C2_left,left,pick up the left block,10,postgrasp,156,172,16,1.0,0.9717514124293786,8,8,0.3,0.7,8,0.2545722424983978,0.25176793336868286,0.2545722424983978,0.25176793336868286,-0.002804309129714966,0.641960620880127,0.045426152646541595,0.1893908828496933
test,C3_extreme_exaggeration,3,06_L1_C2_left,left,pick up the left block,10,postgrasp,156,172,16,1.0,0.9717514124293786,9,8,0.3,0.7,8,0.27919983863830566,0.2769799530506134,0.27919983863830566,0.2769799530506134,-0.0022198855876922607,0.641960620880127,0.045426152646541595,0.1893908828496933
test,C3_extreme_exaggeration,3,06_L1_C2_left,left,pick up the left block,11,postgrasp,172,177,5,1.0,1.0,0,8,0.3,0.7,8,0.3692084848880768,0.36489343643188477,0.3692084848880768,0.36489343643188477,-0.004315048456192017,0.641963005065918,0.04542483761906624,0.18938980996608734
test,C3_extreme_exaggeration,3,06_L1_C2_left,left,pick up the left block,11,postgrasp,172,177,5,1.0,1.0,1,8,0.3,0.7,8,0.3886204659938812,0.3888428807258606,0.3886204659938812,0.3888428807258606,0.00022241473197937012,0.641963005065918,0.04542483761906624,0.18938980996608734
test,C3_extreme_exaggeration,3,06_L1_C2_left,left,pick up the left block,11,postgrasp,172,177,5,1.0,1.0,2,8,0.3,0.7,8,0.42078787088394165,0.41808009147644043,0.42078787088394165,0.41808009147644043,-0.0027077794075012207,0.641963005065918,0.04542483761906624,0.18938980996608734
test,C3_extreme_exaggeration,3,06_L1_C2_left,left,pick up the left block,11,postgrasp,172,177,5,1.0,1.0,3,8,0.3,0.7,8,0.3567838966846466,0.3576037585735321,0.3567838966846466,0.3576037585735321,0.000819861888885498,0.641963005065918,0.04542483761906624,0.18938980996608734
test,C3_extreme_exaggeration,3,06_L1_C2_left,left,pick up the left block,11,postgrasp,172,177,5,1.0,1.0,4,8,0.3,0.7,8,0.4513210356235504,0.44920623302459717,0.4513210356235504,0.44920623302459717,-0.002114802598953247,0.641963005065918,0.04542483761906624,0.18938980996608734
test,C3_extreme_exaggeration,3,06_L1_C2_left,left,pick up the left block,11,postgrasp,172,177,5,1.0,1.0,5,8,0.3,0.7,8,0.38896504044532776,0.3881329894065857,0.38896504044532776,0.3881329894065857,-0.0008320510387420654,0.641963005065918,0.04542483761906624,0.18938980996608734
test,C3_extreme_exaggeration,3,06_L1_C2_left,left,pick up the left block,11,postgrasp,172,177,5,1.0,1.0,6,8,0.3,0.7,8,0.42686623334884644,0.42505598068237305,0.42686623334884644,0.42505598068237305,-0.0018102526664733887,0.641963005065918,0.04542483761906624,0.18938980996608734
test,C3_extreme_exaggeration,3,06_L1_C2_left,left,pick up the left block,11,postgrasp,172,177,5,1.0,1.0,7,8,0.3,0.7,8,0.4476282000541687,0.44242894649505615,0.4476282000541687,0.44242894649505615,-0.005199253559112549,0.641963005065918,0.04542483761906624,0.18938980996608734
test,C3_extreme_exaggeration,3,06_L1_C2_left,left,pick up the left block,11,postgrasp,172,177,5,1.0,1.0,8,8,0.3,0.7,8,0.3795489966869354,0.3746243715286255,0.3795489966869354,0.3746243715286255,-0.0049246251583099365,0.641963005065918,0.04542483761906624,0.18938980996608734
test,C3_extreme_exaggeration,3,06_L1_C2_left,left,pick up the left block,11,postgrasp,172,177,5,1.0,1.0,9,8,0.3,0.7,8,0.3526875078678131,0.34926384687423706,0.3526875078678131,0.34926384687423706,-0.00342366099357605,0.641963005065918,0.04542483761906624,0.18938980996608734
test,C3_extreme_exaggeration,3,07_L1_C2_right,right,pick up the right block,0,pregrasp,0,16,16,0.10256410256410256,0.0903954802259887,0,8,0.3,0.7,8,0.3766765892505646,0.36255261301994324,0.36255261301994324,0.3766765892505646,0.014123976230621338,0.3676079511642456,-0.029435915872454643,0.483583003282547
test,C3_extreme_exaggeration,3,07_L1_C2_right,right,pick up the right block,0,pregrasp,0,16,16,0.10256410256410256,0.0903954802259887,1,8,0.3,0.7,8,0.45827028155326843,0.4335232675075531,0.4335232675075531,0.45827028155326843,0.024747014045715332,0.3676079511642456,-0.029435915872454643,0.483583003282547
test,C3_extreme_exaggeration,3,07_L1_C2_right,right,pick up the right block,0,pregrasp,0,16,16,0.10256410256410256,0.0903954802259887,2,8,0.3,0.7,8,0.3521989583969116,0.34799104928970337,0.34799104928970337,0.3521989583969116,0.004207909107208252,0.3676079511642456,-0.029435915872454643,0.483583003282547
test,C3_extreme_exaggeration,3,07_L1_C2_right,right,pick up the right block,0,pregrasp,0,16,16,0.10256410256410256,0.0903954802259887,3,8,0.3,0.7,8,0.4881512522697449,0.4732586145401001,0.4732586145401001,0.4881512522697449,0.014892637729644775,0.3676079511642456,-0.029435915872454643,0.483583003282547
test,C3_extreme_exaggeration,3,07_L1_C2_right,right,pick up the right block,0,pregrasp,0,16,16,0.10256410256410256,0.0903954802259887,4,8,0.3,0.7,8,0.31919625401496887,0.316967636346817,0.316967636346817,0.31919625401496887,0.0022286176681518555,0.3676079511642456,-0.029435915872454643,0.483583003282547
test,C3_extreme_exaggeration,3,07_L1_C2_right,right,pick up the right block,0,pregrasp,0,16,16,0.10256410256410256,0.0903954802259887,5,8,0.3,0.7,8,0.3541337251663208,0.3490447402000427,0.3490447402000427,0.3541337251663208,0.005088984966278076,0.3676079511642456,-0.029435915872454643,0.483583003282547
test,C3_extreme_exaggeration,3,07_L1_C2_right,right,pick up the right block,0,pregrasp,0,16,16,0.10256410256410256,0.0903954802259887,6,8,0.3,0.7,8,0.3959489166736603,0.3859378695487976,0.3859378695487976,0.3959489166736603,0.010011047124862671,0.3676079511642456,-0.029435915872454643,0.483583003282547
test,C3_extreme_exaggeration,3,07_L1_C2_right,right,pick up the right block,0,pregrasp,0,16,16,0.10256410256410256,0.0903954802259887,7,8,0.3,0.7,8,0.35484546422958374,0.36806848645210266,0.36806848645210266,0.35484546422958374,-0.013223022222518921,0.3676079511642456,-0.029435915872454643,0.483583003282547
test,C3_extreme_exaggeration,3,07_L1_C2_right,right,pick up the right block,0,pregrasp,0,16,16,0.10256410256410256,0.0903954802259887,8,8,0.3,0.7,8,0.3894161880016327,0.3883587121963501,0.3883587121963501,0.3894161880016327,0.0010574758052825928,0.3676079511642456,-0.029435915872454643,0.483583003282547
test,C3_extreme_exaggeration,3,07_L1_C2_right,right,pick up the right block,0,pregrasp,0,16,16,0.10256410256410256,0.0903954802259887,9,8,0.3,0.7,8,0.4055217206478119,0.3942403793334961,0.3942403793334961,0.4055217206478119,0.011281341314315796,0.3676079511642456,-0.029435915872454643,0.483583003282547
test,C3_extreme_exaggeration,3,07_L1_C2_right,right,pick up the right block,1,pregrasp,16,32,16,0.20512820512820512,0.1807909604519774,0,8,0.3,0.7,8,0.28504565358161926,0.3127099573612213,0.3127099573612213,0.28504565358161926,-0.02766430377960205,0.3806780278682709,-0.0927979052066803,0.46020129323005676
test,C3_extreme_exaggeration,3,07_L1_C2_right,right,pick up the right block,1,pregrasp,16,32,16,0.20512820512820512,0.1807909604519774,1,8,0.3,0.7,8,0.2031063735485077,0.2200765609741211,0.2200765609741211,0.2031063735485077,-0.016970187425613403,0.3806780278682709,-0.0927979052066803,0.46020129323005676
test,C3_extreme_exaggeration,3,07_L1_C2_right,right,pick up the right block,1,pregrasp,16,32,16,0.20512820512820512,0.1807909604519774,2,8,0.3,0.7,8,0.3071684241294861,0.3291579782962799,0.3291579782962799,0.3071684241294861,-0.021989554166793823,0.3806780278682709,-0.0927979052066803,0.46020129323005676
test,C3_extreme_exaggeration,3,07_L1_C2_right,right,pick up the right block,1,pregrasp,16,32,16,0.20512820512820512,0.1807909604519774,3,8,0.3,0.7,8,0.2037186324596405,0.21065257489681244,0.21065257489681244,0.2037186324596405,-0.006933942437171936,0.3806780278682709,-0.0927979052066803,0.46020129323005676
test,C3_extreme_exaggeration,3,07_L1_C2_right,right,pick up the right block,1,pregrasp,16,32,16,0.20512820512820512,0.1807909604519774,4,8,0.3,0.7,8,0.254675030708313,0.28450506925582886,0.28450506925582886,0.254675030708313,-0.02983003854751587,0.3806780278682709,-0.0927979052066803,0.46020129323005676
test,C3_extreme_exaggeration,3,07_L1_C2_right,right,pick up the right block,1,pregrasp,16,32,16,0.20512820512820512,0.1807909604519774,5,8,0.3,0.7,8,0.22347402572631836,0.22705848515033722,0.22705848515033722,0.22347402572631836,-0.00358445942401886,0.3806780278682709,-0.0927979052066803,0.46020129323005676
test,C3_extreme_exaggeration,3,07_L1_C2_right,right,pick up the right block,1,pregrasp,16,32,16,0.20512820512820512,0.1807909604519774,6,8,0.3,0.7,8,0.2612622380256653,0.273141473531723,0.273141473531723,0.2612622380256653,-0.01187923550605774,0.3806780278682709,-0.0927979052066803,0.46020129323005676
test,C3_extreme_exaggeration,3,07_L1_C2_right,right,pick up the right block,1,pregrasp,16,32,16,0.20512820512820512,0.1807909604519774,7,8,0.3,0.7,8,0.2765936851501465,0.29742634296417236,0.29742634296417236,0.2765936851501465,-0.02083265781402588,0.3806780278682709,-0.0927979052066803,0.46020129323005676
test,C3_extreme_exaggeration,3,07_L1_C2_right,right,pick up the right block,1,pregrasp,16,32,16,0.20512820512820512,0.1807909604519774,8,8,0.3,0.7,8,0.14759349822998047,0.16273975372314453,0.16273975372314453,0.14759349822998047,-0.015146255493164062,0.3806780278682709,-0.0927979052066803,0.46020129323005676
test,C3_extreme_exaggeration,3,07_L1_C2_right,right,pick up the right block,1,pregrasp,16,32,16,0.20512820512820512,0.1807909604519774,9,8,0.3,0.7,8,0.1951243281364441,0.2166915386915207,0.2166915386915207,0.1951243281364441,-0.0215672105550766,0.3806780278682709,-0.0927979052066803,0.46020129323005676
test,C3_extreme_exaggeration,3,07_L1_C2_right,right,pick up the right block,2,pregrasp,32,48,16,0.3076923076923077,0.2711864406779661,0,8,0.3,0.7,8,0.21981334686279297,0.2612271010875702,0.2612271010875702,0.21981334686279297,-0.04141375422477722,0.4055407643318176,-0.1521681249141693,0.434457004070282
test,C3_extreme_exaggeration,3,07_L1_C2_right,right,pick up the right block,2,pregrasp,32,48,16,0.3076923076923077,0.2711864406779661,1,8,0.3,0.7,8,0.2654520273208618,0.3059166967868805,0.3059166967868805,0.2654520273208618,-0.04046466946601868,0.4055407643318176,-0.1521681249141693,0.434457004070282
test,C3_extreme_exaggeration,3,07_L1_C2_right,right,pick up the right block,2,pregrasp,32,48,16,0.3076923076923077,0.2711864406779661,2,8,0.3,0.7,8,0.28182461857795715,0.2927185595035553,0.2927185595035553,0.28182461857795715,-0.010893940925598145,0.4055407643318176,-0.1521681249141693,0.434457004070282
test,C3_extreme_exaggeration,3,07_L1_C2_right,right,pick up the right block,2,pregrasp,32,48,16,0.3076923076923077,0.2711864406779661,3,8,0.3,0.7,8,0.24964603781700134,0.2849782705307007,0.2849782705307007,0.24964603781700134,-0.03533223271369934,0.4055407643318176,-0.1521681249141693,0.434457004070282
test,C3_extreme_exaggeration,3,07_L1_C2_right,right,pick up the right block,2,pregrasp,32,48,16,0.3076923076923077,0.2711864406779661,4,8,0.3,0.7,8,0.2410675287246704,0.2554780840873718,0.2554780840873718,0.2410675287246704,-0.014410555362701416,0.4055407643318176,-0.1521681249141693,0.434457004070282
test,C3_extreme_exaggeration,3,07_L1_C2_right,right,pick up the right block,2,pregrasp,32,48,16,0.3076923076923077,0.2711864406779661,5,8,0.3,0.7,8,0.29898685216903687,0.3320195972919464,0.3320195972919464,0.29898685216903687,-0.033032745122909546,0.4055407643318176,-0.1521681249141693,0.434457004070282
test,C3_extreme_exaggeration,3,07_L1_C2_right,right,pick up the right block,2,pregrasp,32,48,16,0.3076923076923077,0.2711864406779661,6,8,0.3,0.7,8,0.3102792501449585,0.34940722584724426,0.34940722584724426,0.3102792501449585,-0.03912797570228577,0.4055407643318176,-0.1521681249141693,0.434457004070282
test,C3_extreme_exaggeration,3,07_L1_C2_right,right,pick up the right block,2,pregrasp,32,48,16,0.3076923076923077,0.2711864406779661,7,8,0.3,0.7,8,0.3756329119205475,0.4342615604400635,0.4342615604400635,0.3756329119205475,-0.05862864851951599,0.4055407643318176,-0.1521681249141693,0.434457004070282
test,C3_extreme_exaggeration,3,07_L1_C2_right,right,pick up the right block,2,pregrasp,32,48,16,0.3076923076923077,0.2711864406779661,8,8,0.3,0.7,8,0.2614589333534241,0.30334246158599854,0.30334246158599854,0.2614589333534241,-0.04188352823257446,0.4055407643318176,-0.1521681249141693,0.434457004070282
test,C3_extreme_exaggeration,3,07_L1_C2_right,right,pick up the right block,2,pregrasp,32,48,16,0.3076923076923077,0.2711864406779661,9,8,0.3,0.7,8,0.3190537095069885,0.3800524175167084,0.3800524175167084,0.3190537095069885,-0.06099870800971985,0.4055407643318176,-0.1521681249141693,0.434457004070282
test,C3_extreme_exaggeration,3,07_L1_C2_right,right,pick up the right block,3,pregrasp,48,64,16,0.41025641025641024,0.3615819209039548,0,8,0.3,0.7,8,0.22178992629051208,0.281045526266098,0.281045526266098,0.22178992629051208,-0.05925559997558594,0.4425853192806244,-0.19623003900051117,0.3962101638317108
test,C3_extreme_exaggeration,3,07_L1_C2_right,right,pick up the right block,3,pregrasp,48,64,16,0.41025641025641024,0.3615819209039548,1,8,0.3,0.7,8,0.29359930753707886,0.37735581398010254,0.37735581398010254,0.29359930753707886,-0.08375650644302368,0.4425853192806244,-0.19623003900051117,0.3962101638317108
test,C3_extreme_exaggeration,3,07_L1_C2_right,right,pick up the right block,3,pregrasp,48,64,16,0.41025641025641024,0.3615819209039548,2,8,0.3,0.7,8,0.3199602961540222,0.407316118478775,0.407316118478775,0.3199602961540222,-0.08735582232475281,0.4425853192806244,-0.19623003900051117,0.3962101638317108
test,C3_extreme_exaggeration,3,07_L1_C2_right,right,pick up the right block,3,pregrasp,48,64,16,0.41025641025641024,0.3615819209039548,3,8,0.3,0.7,8,0.2934442460536957,0.3592061996459961,0.3592061996459961,0.2934442460536957,-0.06576195359230042,0.4425853192806244,-0.19623003900051117,0.3962101638317108
test,C3_extreme_exaggeration,3,07_L1_C2_right,right,pick up the right block,3,pregrasp,48,64,16,0.41025641025641024,0.3615819209039548,4,8,0.3,0.7,8,0.19687668979167938,0.26374000310897827,0.26374000310897827,0.19687668979167938,-0.06686331331729889,0.4425853192806244,-0.19623003900051117,0.3962101638317108
test,C3_extreme_exaggeration,3,07_L1_C2_right,right,pick up the right block,3,pregrasp,48,64,16,0.41025641025641024,0.3615819209039548,5,8,0.3,0.7,8,0.14666876196861267,0.1835411638021469,0.1835411638021469,0.14666876196861267,-0.03687240183353424,0.4425853192806244,-0.19623003900051117,0.3962101638317108
test,C3_extreme_exaggeration,3,07_L1_C2_right,right,pick up the right block,3,pregrasp,48,64,16,0.41025641025641024,0.3615819209039548,6,8,0.3,0.7,8,0.27754244208335876,0.35101479291915894,0.35101479291915894,0.27754244208335876,-0.07347235083580017,0.4425853192806244,-0.19623003900051117,0.3962101638317108
test,C3_extreme_exaggeration,3,07_L1_C2_right,right,pick up the right block,3,pregrasp,48,64,16,0.41025641025641024,0.3615819209039548,7,8,0.3,0.7,8,0.2954340875148773,0.3386683464050293,0.3386683464050293,0.2954340875148773,-0.04323425889015198,0.4425853192806244,-0.19623003900051117,0.3962101638317108
test,C3_extreme_exaggeration,3,07_L1_C2_right,right,pick up the right block,3,pregrasp,48,64,16,0.41025641025641024,0.3615819209039548,8,8,0.3,0.7,8,0.20242655277252197,0.24352793395519257,0.24352793395519257,0.20242655277252197,-0.04110138118267059,0.4425853192806244,-0.19623003900051117,0.3962101638317108
test,C3_extreme_exaggeration,3,07_L1_C2_right,right,pick up the right block,3,pregrasp,48,64,16,0.41025641025641024,0.3615819209039548,9,8,0.3,0.7,8,0.26845914125442505,0.3640088140964508,0.3640088140964508,0.26845914125442505,-0.09554967284202576,0.4425853192806244,-0.19623003900051117,0.3962101638317108
test,C3_extreme_exaggeration,3,07_L1_C2_right,right,pick up the right block,4,pregrasp,64,80,16,0.5128205128205128,0.4519774011299435,0,8,0.3,0.7,8,0.26696115732192993,0.2983514070510864,0.2983514070510864,0.26696115732192993,-0.031390249729156494,0.48851069808006287,-0.20670326054096222,0.3472880423069
test,C3_extreme_exaggeration,3,07_L1_C2_right,right,pick up the right block,4,pregrasp,64,80,16,0.5128205128205128,0.4519774011299435,1,8,0.3,0.7,8,0.2518812417984009,0.2775053083896637,0.2775053083896637,0.2518812417984009,-0.025624066591262817,0.48851069808006287,-0.20670326054096222,0.3472880423069
test,C3_extreme_exaggeration,3,07_L1_C2_right,right,pick up the right block,4,pregrasp,64,80,16,0.5128205128205128,0.4519774011299435,2,8,0.3,0.7,8,0.2978866398334503,0.3124141991138458,0.3124141991138458,0.2978866398334503,-0.014527559280395508,0.48851069808006287,-0.20670326054096222,0.3472880423069
test,C3_extreme_exaggeration,3,07_L1_C2_right,right,pick up the right block,4,pregrasp,64,80,16,0.5128205128205128,0.4519774011299435,3,8,0.3,0.7,8,0.259795218706131,0.30165982246398926,0.30165982246398926,0.259795218706131,-0.041864603757858276,0.48851069808006287,-0.20670326054096222,0.3472880423069
test,C3_extreme_exaggeration,3,07_L1_C2_right,right,pick up the right block,4,pregrasp,64,80,16,0.5128205128205128,0.4519774011299435,4,8,0.3,0.7,8,0.23159907758235931,0.2629320025444031,0.2629320025444031,0.23159907758235931,-0.03133292496204376,0.48851069808006287,-0.20670326054096222,0.3472880423069
test,C3_extreme_exaggeration,3,07_L1_C2_right,right,pick up the right block,4,pregrasp,64,80,16,0.5128205128205128,0.4519774011299435,5,8,0.3,0.7,8,0.20330119132995605,0.24137844145298004,0.24137844145298004,0.20330119132995605,-0.03807725012302399,0.48851069808006287,-0.20670326054096222,0.3472880423069
test,C3_extreme_exaggeration,3,07_L1_C2_right,right,pick up the right block,4,pregrasp,64,80,16,0.5128205128205128,0.4519774011299435,6,8,0.3,0.7,8,0.23095697164535522,0.2525111436843872,0.2525111436843872,0.23095697164535522,-0.021554172039031982,0.48851069808006287,-0.20670326054096222,0.3472880423069
test,C3_extreme_exaggeration,3,07_L1_C2_right,right,pick up the right block,4,pregrasp,64,80,16,0.5128205128205128,0.4519774011299435,7,8,0.3,0.7,8,0.1805843859910965,0.19930359721183777,0.19930359721183777,0.1805843859910965,-0.018719211220741272,0.48851069808006287,-0.20670326054096222,0.3472880423069
test,C3_extreme_exaggeration,3,07_L1_C2_right,right,pick up the right block,4,pregrasp,64,80,16,0.5128205128205128,0.4519774011299435,8,8,0.3,0.7,8,0.2818673551082611,0.3198702335357666,0.3198702335357666,0.2818673551082611,-0.03800287842750549,0.48851069808006287,-0.20670326054096222,0.3472880423069
test,C3_extreme_exaggeration,3,07_L1_C2_right,right,pick up the right block,4,pregrasp,64,80,16,0.5128205128205128,0.4519774011299435,9,8,0.3,0.7,8,0.29664885997772217,0.31947094202041626,0.31947094202041626,0.29664885997772217,-0.022822082042694092,0.48851069808006287,-0.20670326054096222,0.3472880423069
test,C3_extreme_exaggeration,3,07_L1_C2_right,right,pick up the right block,5,pregrasp,80,96,16,0.6153846153846154,0.5423728813559322,0,8,0.3,0.7,8,0.28345784544944763,0.31948143243789673,0.31948143243789673,0.28345784544944763,-0.0360235869884491,0.5327860713005066,-0.1804717481136322,0.3012404441833496
test,C3_extreme_exaggeration,3,07_L1_C2_right,right,pick up the right block,5,pregrasp,80,96,16,0.6153846153846154,0.5423728813559322,1,8,0.3,0.7,8,0.26878321170806885,0.3018239438533783,0.3018239438533783,0.26878321170806885,-0.03304073214530945,0.5327860713005066,-0.1804717481136322,0.3012404441833496
test,C3_extreme_exaggeration,3,07_L1_C2_right,right,pick up the right block,5,pregrasp,80,96,16,0.6153846153846154,0.5423728813559322,2,8,0.3,0.7,8,0.2101088911294937,0.2682729959487915,0.2682729959487915,0.2101088911294937,-0.05816410481929779,0.5327860713005066,-0.1804717481136322,0.3012404441833496
test,C3_extreme_exaggeration,3,07_L1_C2_right,right,pick up the right block,5,pregrasp,80,96,16,0.6153846153846154,0.5423728813559322,3,8,0.3,0.7,8,0.27679523825645447,0.32239922881126404,0.32239922881126404,0.27679523825645447,-0.04560399055480957,0.5327860713005066,-0.1804717481136322,0.3012404441833496
test,C3_extreme_exaggeration,3,07_L1_C2_right,right,pick up the right block,5,pregrasp,80,96,16,0.6153846153846154,0.5423728813559322,4,8,0.3,0.7,8,0.36085304617881775,0.4210343658924103,0.4210343658924103,0.36085304617881775,-0.06018131971359253,0.5327860713005066,-0.1804717481136322,0.3012404441833496
test,C3_extreme_exaggeration,3,07_L1_C2_right,right,pick up the right block,5,pregrasp,80,96,16,0.6153846153846154,0.5423728813559322,5,8,0.3,0.7,8,0.25608503818511963,0.2878698706626892,0.2878698706626892,0.25608503818511963,-0.03178483247756958,0.5327860713005066,-0.1804717481136322,0.3012404441833496
test,C3_extreme_exaggeration,3,07_L1_C2_right,right,pick up the right block,5,pregrasp,80,96,16,0.6153846153846154,0.5423728813559322,6,8,0.3,0.7,8,0.23964141309261322,0.2802790403366089,0.2802790403366089,0.23964141309261322,-0.040637627243995667,0.5327860713005066,-0.1804717481136322,0.3012404441833496
test,C3_extreme_exaggeration,3,07_L1_C2_right,right,pick up the right block,5,pregrasp,80,96,16,0.6153846153846154,0.5423728813559322,7,8,0.3,0.7,8,0.2025832235813141,0.2469594031572342,0.2469594031572342,0.2025832235813141,-0.044376179575920105,0.5327860713005066,-0.1804717481136322,0.3012404441833496
test,C3_extreme_exaggeration,3,07_L1_C2_right,right,pick up the right block,5,pregrasp,80,96,16,0.6153846153846154,0.5423728813559322,8,8,0.3,0.7,8,0.2722652852535248,0.30076247453689575,0.30076247453689575,0.2722652852535248,-0.02849718928337097,0.5327860713005066,-0.1804717481136322,0.3012404441833496
test,C3_extreme_exaggeration,3,07_L1_C2_right,right,pick up the right block,5,pregrasp,80,96,16,0.6153846153846154,0.5423728813559322,9,8,0.3,0.7,8,0.2818957269191742,0.3101038932800293,0.3101038932800293,0.2818957269191742,-0.028208166360855103,0.5327860713005066,-0.1804717481136322,0.3012404441833496
test,C3_extreme_exaggeration,3,07_L1_C2_right,right,pick up the right block,6,pregrasp,96,112,16,0.717948717948718,0.632768361581921,0,8,0.3,0.7,8,0.21900002658367157,0.22494804859161377,0.22494804859161377,0.21900002658367157,-0.0059480220079422,0.5716313719749451,-0.14057596027851105,0.26128607988357544
test,C3_extreme_exaggeration,3,07_L1_C2_right,right,pick up the right block,6,pregrasp,96,112,16,0.717948717948718,0.632768361581921,1,8,0.3,0.7,8,0.2190304398536682,0.2402268797159195,0.2402268797159195,0.2190304398536682,-0.021196439862251282,0.5716313719749451,-0.14057596027851105,0.26128607988357544
test,C3_extreme_exaggeration,3,07_L1_C2_right,right,pick up the right block,6,pregrasp,96,112,16,0.717948717948718,0.632768361581921,2,8,0.3,0.7,8,0.2995872497558594,0.3177248537540436,0.3177248537540436,0.2995872497558594,-0.018137603998184204,0.5716313719749451,-0.14057596027851105,0.26128607988357544
test,C3_extreme_exaggeration,3,07_L1_C2_right,right,pick up the right block,6,pregrasp,96,112,16,0.717948717948718,0.632768361581921,3,8,0.3,0.7,8,0.3629748523235321,0.3862088918685913,0.3862088918685913,0.3629748523235321,-0.023234039545059204,0.5716313719749451,-0.14057596027851105,0.26128607988357544
test,C3_extreme_exaggeration,3,07_L1_C2_right,right,pick up the right block,6,pregrasp,96,112,16,0.717948717948718,0.632768361581921,4,8,0.3,0.7,8,0.29528358578681946,0.3306085169315338,0.3306085169315338,0.29528358578681946,-0.035324931144714355,0.5716313719749451,-0.14057596027851105,0.26128607988357544
test,C3_extreme_exaggeration,3,07_L1_C2_right,right,pick up the right block,6,pregrasp,96,112,16,0.717948717948718,0.632768361581921,5,8,0.3,0.7,8,0.23455893993377686,0.25477004051208496,0.25477004051208496,0.23455893993377686,-0.020211100578308105,0.5716313719749451,-0.14057596027851105,0.26128607988357544
test,C3_extreme_exaggeration,3,07_L1_C2_right,right,pick up the right block,6,pregrasp,96,112,16,0.717948717948718,0.632768361581921,6,8,0.3,0.7,8,0.29759204387664795,0.31254756450653076,0.31254756450653076,0.29759204387664795,-0.014955520629882812,0.5716313719749451,-0.14057596027851105,0.26128607988357544
test,C3_extreme_exaggeration,3,07_L1_C2_right,right,pick up the right block,6,pregrasp,96,112,16,0.717948717948718,0.632768361581921,7,8,0.3,0.7,8,0.36269986629486084,0.3799998462200165,0.3799998462200165,0.36269986629486084,-0.01729997992515564,0.5716313719749451,-0.14057596027851105,0.26128607988357544
test,C3_extreme_exaggeration,3,07_L1_C2_right,right,pick up the right block,6,pregrasp,96,112,16,0.717948717948718,0.632768361581921,8,8,0.3,0.7,8,0.3357178866863251,0.3551916778087616,0.3551916778087616,0.3357178866863251,-0.019473791122436523,0.5716313719749451,-0.14057596027851105,0.26128607988357544
test,C3_extreme_exaggeration,3,07_L1_C2_right,right,pick up the right block,6,pregrasp,96,112,16,0.717948717948718,0.632768361581921,9,8,0.3,0.7,8,0.33534127473831177,0.362643301486969,0.362643301486969,0.33534127473831177,-0.027302026748657227,0.5716313719749451,-0.14057596027851105,0.26128607988357544
test,C3_extreme_exaggeration,3,07_L1_C2_right,right,pick up the right block,7,pregrasp,112,128,16,0.8205128205128205,0.7231638418079096,0,8,0.3,0.7,8,0.37129199504852295,0.3719097077846527,0.3719097077846527,0.37129199504852295,-0.0006177127361297607,0.6077191829681396,-0.09257309138774872,0.22428737580776215
test,C3_extreme_exaggeration,3,07_L1_C2_right,right,pick up the right block,7,pregrasp,112,128,16,0.8205128205128205,0.7231638418079096,1,8,0.3,0.7,8,0.20487993955612183,0.2127993404865265,0.2127993404865265,0.20487993955612183,-0.007919400930404663,0.6077191829681396,-0.09257309138774872,0.22428737580776215
test,C3_extreme_exaggeration,3,07_L1_C2_right,right,pick up the right block,7,pregrasp,112,128,16,0.8205128205128205,0.7231638418079096,2,8,0.3,0.7,8,0.20633606612682343,0.21151986718177795,0.21151986718177795,0.20633606612682343,-0.005183801054954529,0.6077191829681396,-0.09257309138774872,0.22428737580776215
test,C3_extreme_exaggeration,3,07_L1_C2_right,right,pick up the right block,7,pregrasp,112,128,16,0.8205128205128205,0.7231638418079096,3,8,0.3,0.7,8,0.23763802647590637,0.2504458725452423,0.2504458725452423,0.23763802647590637,-0.012807846069335938,0.6077191829681396,-0.09257309138774872,0.22428737580776215
test,C3_extreme_exaggeration,3,07_L1_C2_right,right,pick up the right block,7,pregrasp,112,128,16,0.8205128205128205,0.7231638418079096,4,8,0.3,0.7,8,0.19129624962806702,0.21741920709609985,0.21741920709609985,0.19129624962806702,-0.026122957468032837,0.6077191829681396,-0.09257309138774872,0.22428737580776215
test,C3_extreme_exaggeration,3,07_L1_C2_right,right,pick up the right block,7,pregrasp,112,128,16,0.8205128205128205,0.7231638418079096,5,8,0.3,0.7,8,0.2225334495306015,0.23062798380851746,0.23062798380851746,0.2225334495306015,-0.008094534277915955,0.6077191829681396,-0.09257309138774872,0.22428737580776215
test,C3_extreme_exaggeration,3,07_L1_C2_right,right,pick up the right block,7,pregrasp,112,128,16,0.8205128205128205,0.7231638418079096,6,8,0.3,0.7,8,0.21843035519123077,0.22798405587673187,0.22798405587673187,0.21843035519123077,-0.009553700685501099,0.6077191829681396,-0.09257309138774872,0.22428737580776215
test,C3_extreme_exaggeration,3,07_L1_C2_right,right,pick up the right block,7,pregrasp,112,128,16,0.8205128205128205,0.7231638418079096,7,8,0.3,0.7,8,0.38215190172195435,0.3908747434616089,0.3908747434616089,0.38215190172195435,-0.008722841739654541,0.6077191829681396,-0.09257309138774872,0.22428737580776215
test,C3_extreme_exaggeration,3,07_L1_C2_right,right,pick up the right block,7,pregrasp,112,128,16,0.8205128205128205,0.7231638418079096,8,8,0.3,0.7,8,0.31231316924095154,0.32042479515075684,0.32042479515075684,0.31231316924095154,-0.008111625909805298,0.6077191829681396,-0.09257309138774872,0.22428737580776215
test,C3_extreme_exaggeration,3,07_L1_C2_right,right,pick up the right block,7,pregrasp,112,128,16,0.8205128205128205,0.7231638418079096,9,8,0.3,0.7,8,0.229228675365448,0.2456277757883072,0.2456277757883072,0.229228675365448,-0.016399100422859192,0.6077191829681396,-0.09257309138774872,0.22428737580776215
test,C3_extreme_exaggeration,3,07_L1_C2_right,right,pick up the right block,8,pregrasp,128,144,16,0.9230769230769231,0.8135593220338984,0,8,0.3,0.7,8,0.23014488816261292,0.23179273307323456,0.23179273307323456,0.23014488816261292,-0.001647844910621643,0.6394723057746887,-0.047202955931425095,0.19207260012626648
test,C3_extreme_exaggeration,3,07_L1_C2_right,right,pick up the right block,8,pregrasp,128,144,16,0.9230769230769231,0.8135593220338984,1,8,0.3,0.7,8,0.34719324111938477,0.3498373031616211,0.3498373031616211,0.34719324111938477,-0.002644062042236328,0.6394723057746887,-0.047202955931425095,0.19207260012626648
test,C3_extreme_exaggeration,3,07_L1_C2_right,right,pick up the right block,8,pregrasp,128,144,16,0.9230769230769231,0.8135593220338984,2,8,0.3,0.7,8,0.34991759061813354,0.35792267322540283,0.35792267322540283,0.34991759061813354,-0.008005082607269287,0.6394723057746887,-0.047202955931425095,0.19207260012626648
test,C3_extreme_exaggeration,3,07_L1_C2_right,right,pick up the right block,8,pregrasp,128,144,16,0.9230769230769231,0.8135593220338984,3,8,0.3,0.7,8,0.31128621101379395,0.3121517300605774,0.3121517300605774,0.31128621101379395,-0.0008655190467834473,0.6394723057746887,-0.047202955931425095,0.19207260012626648
test,C3_extreme_exaggeration,3,07_L1_C2_right,right,pick up the right block,8,pregrasp,128,144,16,0.9230769230769231,0.8135593220338984,4,8,0.3,0.7,8,0.3949752449989319,0.39933961629867554,0.39933961629867554,0.3949752449989319,-0.004364371299743652,0.6394723057746887,-0.047202955931425095,0.19207260012626648
test,C3_extreme_exaggeration,3,07_L1_C2_right,right,pick up the right block,8,pregrasp,128,144,16,0.9230769230769231,0.8135593220338984,5,8,0.3,0.7,8,0.32404816150665283,0.32608485221862793,0.32608485221862793,0.32404816150665283,-0.0020366907119750977,0.6394723057746887,-0.047202955931425095,0.19207260012626648
test,C3_extreme_exaggeration,3,07_L1_C2_right,right,pick up the right block,8,pregrasp,128,144,16,0.9230769230769231,0.8135593220338984,6,8,0.3,0.7,8,0.39543917775154114,0.3983575403690338,0.3983575403690338,0.39543917775154114,-0.0029183626174926758,0.6394723057746887,-0.047202955931425095,0.19207260012626648
test,C3_extreme_exaggeration,3,07_L1_C2_right,right,pick up the right block,8,pregrasp,128,144,16,0.9230769230769231,0.8135593220338984,7,8,0.3,0.7,8,0.36143749952316284,0.36428022384643555,0.36428022384643555,0.36143749952316284,-0.002842724323272705,0.6394723057746887,-0.047202955931425095,0.19207260012626648
test,C3_extreme_exaggeration,3,07_L1_C2_right,right,pick up the right block,8,pregrasp,128,144,16,0.9230769230769231,0.8135593220338984,8,8,0.3,0.7,8,0.3877086639404297,0.39334651827812195,0.39334651827812195,0.3877086639404297,-0.005637854337692261,0.6394723057746887,-0.047202955931425095,0.19207260012626648
test,C3_extreme_exaggeration,3,07_L1_C2_right,right,pick up the right block,8,pregrasp,128,144,16,0.9230769230769231,0.8135593220338984,9,8,0.3,0.7,8,0.32102474570274353,0.32242947816848755,0.32242947816848755,0.32102474570274353,-0.0014047324657440186,0.6394723057746887,-0.047202955931425095,0.19207260012626648
test,C3_extreme_exaggeration,3,07_L1_C2_right,right,pick up the right block,9,pregrasp,144,156,12,1.0,0.8813559322033898,0,8,0.3,0.7,8,0.408013254404068,0.4113081097602844,0.4113081097602844,0.408013254404068,-0.0032948553562164307,0.6412809491157532,-0.04570666700601578,0.19002243876457214
test,C3_extreme_exaggeration,3,07_L1_C2_right,right,pick up the right block,9,pregrasp,144,156,12,1.0,0.8813559322033898,1,8,0.3,0.7,8,0.4163900911808014,0.42052608728408813,0.42052608728408813,0.4163900911808014,-0.004135996103286743,0.6412809491157532,-0.04570666700601578,0.19002243876457214
test,C3_extreme_exaggeration,3,07_L1_C2_right,right,pick up the right block,9,pregrasp,144,156,12,1.0,0.8813559322033898,2,8,0.3,0.7,8,0.3516184091567993,0.3553549647331238,0.3553549647331238,0.3516184091567993,-0.003736555576324463,0.6412809491157532,-0.04570666700601578,0.19002243876457214
test,C3_extreme_exaggeration,3,07_L1_C2_right,right,pick up the right block,9,pregrasp,144,156,12,1.0,0.8813559322033898,3,8,0.3,0.7,8,0.3025157153606415,0.30571335554122925,0.30571335554122925,0.3025157153606415,-0.0031976401805877686,0.6412809491157532,-0.04570666700601578,0.19002243876457214
test,C3_extreme_exaggeration,3,07_L1_C2_right,right,pick up the right block,9,pregrasp,144,156,12,1.0,0.8813559322033898,4,8,0.3,0.7,8,0.3552781641483307,0.3595198690891266,0.3595198690891266,0.3552781641483307,-0.0042417049407958984,0.6412809491157532,-0.04570666700601578,0.19002243876457214
test,C3_extreme_exaggeration,3,07_L1_C2_right,right,pick up the right block,9,pregrasp,144,156,12,1.0,0.8813559322033898,5,8,0.3,0.7,8,0.4204820394515991,0.42463546991348267,0.42463546991348267,0.4204820394515991,-0.004153430461883545,0.6412809491157532,-0.04570666700601578,0.19002243876457214
test,C3_extreme_exaggeration,3,07_L1_C2_right,right,pick up the right block,9,pregrasp,144,156,12,1.0,0.8813559322033898,6,8,0.3,0.7,8,0.4184185862541199,0.4224482774734497,0.4224482774734497,0.4184185862541199,-0.004029691219329834,0.6412809491157532,-0.04570666700601578,0.19002243876457214
test,C3_extreme_exaggeration,3,07_L1_C2_right,right,pick up the right block,9,pregrasp,144,156,12,1.0,0.8813559322033898,7,8,0.3,0.7,8,0.3184492886066437,0.3238693177700043,0.3238693177700043,0.3184492886066437,-0.005420029163360596,0.6412809491157532,-0.04570666700601578,0.19002243876457214
test,C3_extreme_exaggeration,3,07_L1_C2_right,right,pick up the right block,9,pregrasp,144,156,12,1.0,0.8813559322033898,8,8,0.3,0.7,8,0.2577641010284424,0.26175689697265625,0.26175689697265625,0.2577641010284424,-0.003992795944213867,0.6412809491157532,-0.04570666700601578,0.19002243876457214
test,C3_extreme_exaggeration,3,07_L1_C2_right,right,pick up the right block,9,pregrasp,144,156,12,1.0,0.8813559322033898,9,8,0.3,0.7,8,0.28921616077423096,0.292732298374176,0.292732298374176,0.28921616077423096,-0.0035161375999450684,0.6412809491157532,-0.04570666700601578,0.19002243876457214
test,C3_extreme_exaggeration,3,07_L1_C2_right,right,pick up the right block,10,postgrasp,156,172,16,1.0,0.9717514124293786,0,8,0.3,0.7,8,0.30393698811531067,0.303387314081192,0.303387314081192,0.30393698811531067,0.0005496740341186523,0.6413216590881348,-0.045704346150159836,0.1900189369916916
test,C3_extreme_exaggeration,3,07_L1_C2_right,right,pick up the right block,10,postgrasp,156,172,16,1.0,0.9717514124293786,1,8,0.3,0.7,8,0.2799198627471924,0.28024008870124817,0.28024008870124817,0.2799198627471924,-0.00032022595405578613,0.6413216590881348,-0.045704346150159836,0.1900189369916916
test,C3_extreme_exaggeration,3,07_L1_C2_right,right,pick up the right block,10,postgrasp,156,172,16,1.0,0.9717514124293786,2,8,0.3,0.7,8,0.285176157951355,0.2853475511074066,0.2853475511074066,0.285176157951355,-0.00017139315605163574,0.6413216590881348,-0.045704346150159836,0.1900189369916916
test,C3_extreme_exaggeration,3,07_L1_C2_right,right,pick up the right block,10,postgrasp,156,172,16,1.0,0.9717514124293786,3,8,0.3,0.7,8,0.3003716766834259,0.3009479343891144,0.3009479343891144,0.3003716766834259,-0.0005762577056884766,0.6413216590881348,-0.045704346150159836,0.1900189369916916
test,C3_extreme_exaggeration,3,07_L1_C2_right,right,pick up the right block,10,postgrasp,156,172,16,1.0,0.9717514124293786,4,8,0.3,0.7,8,0.297648549079895,0.29686808586120605,0.29686808586120605,0.297648549079895,0.0007804632186889648,0.6413216590881348,-0.045704346150159836,0.1900189369916916
test,C3_extreme_exaggeration,3,07_L1_C2_right,right,pick up the right block,10,postgrasp,156,172,16,1.0,0.9717514124293786,5,8,0.3,0.7,8,0.3373749256134033,0.3368854522705078,0.3368854522705078,0.3373749256134033,0.0004894733428955078,0.6413216590881348,-0.045704346150159836,0.1900189369916916
test,C3_extreme_exaggeration,3,07_L1_C2_right,right,pick up the right block,10,postgrasp,156,172,16,1.0,0.9717514124293786,6,8,0.3,0.7,8,0.3645789325237274,0.3641132116317749,0.3641132116317749,0.3645789325237274,0.00046572089195251465,0.6413216590881348,-0.045704346150159836,0.1900189369916916
test,C3_extreme_exaggeration,3,07_L1_C2_right,right,pick up the right block,10,postgrasp,156,172,16,1.0,0.9717514124293786,7,8,0.3,0.7,8,0.27599939703941345,0.2758170962333679,0.2758170962333679,0.27599939703941345,0.00018230080604553223,0.6413216590881348,-0.045704346150159836,0.1900189369916916
test,C3_extreme_exaggeration,3,07_L1_C2_right,right,pick up the right block,10,postgrasp,156,172,16,1.0,0.9717514124293786,8,8,0.3,0.7,8,0.3296654522418976,0.32928353548049927,0.32928353548049927,0.3296654522418976,0.00038191676139831543,0.6413216590881348,-0.045704346150159836,0.1900189369916916
test,C3_extreme_exaggeration,3,07_L1_C2_right,right,pick up the right block,10,postgrasp,156,172,16,1.0,0.9717514124293786,9,8,0.3,0.7,8,0.3571063280105591,0.35592883825302124,0.35592883825302124,0.3571063280105591,0.0011774897575378418,0.6413216590881348,-0.045704346150159836,0.1900189369916916
test,C3_extreme_exaggeration,3,07_L1_C2_right,right,pick up the right block,11,postgrasp,172,177,5,1.0,1.0,0,8,0.3,0.7,8,0.3599817156791687,0.359797865152359,0.359797865152359,0.3599817156791687,0.00018385052680969238,0.6413240432739258,-0.045707251876592636,0.19001388549804688
test,C3_extreme_exaggeration,3,07_L1_C2_right,right,pick up the right block,11,postgrasp,172,177,5,1.0,1.0,1,8,0.3,0.7,8,0.3305768370628357,0.33074426651000977,0.33074426651000977,0.3305768370628357,-0.00016742944717407227,0.6413240432739258,-0.045707251876592636,0.19001388549804688
test,C3_extreme_exaggeration,3,07_L1_C2_right,right,pick up the right block,11,postgrasp,172,177,5,1.0,1.0,2,8,0.3,0.7,8,0.31491219997406006,0.3153148889541626,0.3153148889541626,0.31491219997406006,-0.00040268898010253906,0.6413240432739258,-0.045707251876592636,0.19001388549804688
test,C3_extreme_exaggeration,3,07_L1_C2_right,right,pick up the right block,11,postgrasp,172,177,5,1.0,1.0,3,8,0.3,0.7,8,0.453788697719574,0.4538228511810303,0.4538228511810303,0.453788697719574,-3.415346145629883e-05,0.6413240432739258,-0.045707251876592636,0.19001388549804688
test,C3_extreme_exaggeration,3,07_L1_C2_right,right,pick up the right block,11,postgrasp,172,177,5,1.0,1.0,4,8,0.3,0.7,8,0.3528950810432434,0.351895809173584,0.351895809173584,0.3528950810432434,0.0009992718696594238,0.6413240432739258,-0.045707251876592636,0.19001388549804688
test,C3_extreme_exaggeration,3,07_L1_C2_right,right,pick up the right block,11,postgrasp,172,177,5,1.0,1.0,5,8,0.3,0.7,8,0.3999920189380646,0.39779239892959595,0.39779239892959595,0.3999920189380646,0.002199620008468628,0.6413240432739258,-0.045707251876592636,0.19001388549804688
test,C3_extreme_exaggeration,3,07_L1_C2_right,right,pick up the right block,11,postgrasp,172,177,5,1.0,1.0,6,8,0.3,0.7,8,0.3417038917541504,0.341031014919281,0.341031014919281,0.3417038917541504,0.0006728768348693848,0.6413240432739258,-0.045707251876592636,0.19001388549804688
test,C3_extreme_exaggeration,3,07_L1_C2_right,right,pick up the right block,11,postgrasp,172,177,5,1.0,1.0,7,8,0.3,0.7,8,0.2736230790615082,0.2753542959690094,0.2753542959690094,0.2736230790615082,-0.0017312169075012207,0.6413240432739258,-0.045707251876592636,0.19001388549804688
test,C3_extreme_exaggeration,3,07_L1_C2_right,right,pick up the right block,11,postgrasp,172,177,5,1.0,1.0,8,8,0.3,0.7,8,0.33401843905448914,0.33393028378486633,0.33393028378486633,0.33401843905448914,8.815526962280273e-05,0.6413240432739258,-0.045707251876592636,0.19001388549804688
test,C3_extreme_exaggeration,3,07_L1_C2_right,right,pick up the right block,11,postgrasp,172,177,5,1.0,1.0,9,8,0.3,0.7,8,0.2614606022834778,0.26148754358291626,0.26148754358291626,0.2614606022834778,-2.6941299438476562e-05,0.6413240432739258,-0.045707251876592636,0.19001388549804688
