split,condition,pair_index,episode_id,target_side,instruction,recorded_color_instruction,layout_id,target_color,blue_block_side,red_block_side,chunk_index,phase,start,stop,executed_steps,progress_pregrasp,progress_full,seed,num_samples,tau_min,tau_max,action_dims,energy_left,energy_right,energy_true,energy_alternative,margin_alternative_minus_true,cartesian_x,cartesian_y,cartesian_z
test,C0,0,2026_08_18_00_40_18_199635_L1_left_C0,left,pick up the left block,pick up the blue block,L1,blue,left,right,0,pregrasp,0,16,16,0.13793103448275862,0.11678832116788321,0,8,0.3,0.7,8,0.32568082213401794,0.32466426491737366,0.32568082213401794,0.32466426491737366,-0.0010165572166442871,0.38145551085472107,0.0021811791229993105,0.4664916396141052
test,C0,0,2026_08_18_00_40_18_199635_L1_left_C0,left,pick up the left block,pick up the blue block,L1,blue,left,right,0,pregrasp,0,16,16,0.13793103448275862,0.11678832116788321,1,8,0.3,0.7,8,0.2509157657623291,0.2337363064289093,0.2509157657623291,0.2337363064289093,-0.0171794593334198,0.38145551085472107,0.0021811791229993105,0.4664916396141052
test,C0,0,2026_08_18_00_40_18_199635_L1_left_C0,left,pick up the left block,pick up the blue block,L1,blue,left,right,0,pregrasp,0,16,16,0.13793103448275862,0.11678832116788321,2,8,0.3,0.7,8,0.30155596137046814,0.34401270747184753,0.30155596137046814,0.34401270747184753,0.042456746101379395,0.38145551085472107,0.0021811791229993105,0.4664916396141052
test,C0,0,2026_08_18_00_40_18_199635_L1_left_C0,left,pick up the left block,pick up the blue block,L1,blue,left,right,0,pregrasp,0,16,16,0.13793103448275862,0.11678832116788321,3,8,0.3,0.7,8,0.25990909337997437,0.23046086728572845,0.25990909337997437,0.23046086728572845,-0.02944822609424591,0.38145551085472107,0.0021811791229993105,0.4664916396141052
test,C0,0,2026_08_18_00_40_18_199635_L1_left_C0,left,pick up the left block,pick up the blue block,L1,blue,left,right,0,pregrasp,0,16,16,0.13793103448275862,0.11678832116788321,4,8,0.3,0.7,8,0.21249860525131226,0.22023674845695496,0.21249860525131226,0.22023674845695496,0.0077381432056427,0.38145551085472107,0.0021811791229993105,0.4664916396141052
test,C0,0,2026_08_18_00_40_18_199635_L1_left_C0,left,pick up the left block,pick up the blue block,L1,blue,left,right,0,pregrasp,0,16,16,0.13793103448275862,0.11678832116788321,5,8,0.3,0.7,8,0.34630700945854187,0.3832455277442932,0.34630700945854187,0.3832455277442932,0.03693851828575134,0.38145551085472107,0.0021811791229993105,0.4664916396141052
test,C0,0,2026_08_18_00_40_18_199635_L1_left_C0,left,pick up the left block,pick up the blue block,L1,blue,left,right,0,pregrasp,0,16,16,0.13793103448275862,0.11678832116788321,6,8,0.3,0.7,8,0.29749515652656555,0.31373944878578186,0.29749515652656555,0.31373944878578186,0.01624429225921631,0.38145551085472107,0.0021811791229993105,0.4664916396141052
test,C0,0,2026_08_18_00_40_18_199635_L1_left_C0,left,pick up the left block,pick up the blue block,L1,blue,left,right,0,pregrasp,0,16,16,0.13793103448275862,0.11678832116788321,7,8,0.3,0.7,8,0.2789455056190491,0.2979559600353241,0.2789455056190491,0.2979559600353241,0.019010454416275024,0.38145551085472107,0.0021811791229993105,0.4664916396141052
test,C0,0,2026_08_18_00_40_18_199635_L1_left_C0,left,pick up the left block,pick up the blue block,L1,blue,left,right,0,pregrasp,0,16,16,0.13793103448275862,0.11678832116788321,8,8,0.3,0.7,8,0.15367095172405243,0.17457054555416107,0.15367095172405243,0.17457054555416107,0.020899593830108643,0.38145551085472107,0.0021811791229993105,0.4664916396141052
test,C0,0,2026_08_18_00_40_18_199635_L1_left_C0,left,pick up the left block,pick up the blue block,L1,blue,left,right,0,pregrasp,0,16,16,0.13793103448275862,0.11678832116788321,9,8,0.3,0.7,8,0.35699108242988586,0.31004029512405396,0.35699108242988586,0.31004029512405396,-0.04695078730583191,0.38145551085472107,0.0021811791229993105,0.4664916396141052
test,C0,0,2026_08_18_00_40_18_199635_L1_left_C0,left,pick up the left block,pick up the blue block,L1,blue,left,right,1,pregrasp,16,32,16,0.27586206896551724,0.23357664233576642,0,8,0.3,0.7,8,0.22238658368587494,0.2761406898498535,0.22238658368587494,0.2761406898498535,0.05375410616397858,0.42407873272895813,0.005680404137820005,0.41256415843963623
test,C0,0,2026_08_18_00_40_18_199635_L1_left_C0,left,pick up the left block,pick up the blue block,L1,blue,left,right,1,pregrasp,16,32,16,0.27586206896551724,0.23357664233576642,1,8,0.3,0.7,8,0.18846333026885986,0.22564981877803802,0.18846333026885986,0.22564981877803802,0.03718648850917816,0.42407873272895813,0.005680404137820005,0.41256415843963623
test,C0,0,2026_08_18_00_40_18_199635_L1_left_C0,left,pick up the left block,pick up the blue block,L1,blue,left,right,1,pregrasp,16,32,16,0.27586206896551724,0.23357664233576642,2,8,0.3,0.7,8,0.21579265594482422,0.27999037504196167,0.21579265594482422,0.27999037504196167,0.06419771909713745,0.42407873272895813,0.005680404137820005,0.41256415843963623
test,C0,0,2026_08_18_00_40_18_199635_L1_left_C0,left,pick up the left block,pick up the blue block,L1,blue,left,right,1,pregrasp,16,32,16,0.27586206896551724,0.23357664233576642,3,8,0.3,0.7,8,0.21108947694301605,0.22713696956634521,0.21108947694301605,0.22713696956634521,0.016047492623329163,0.42407873272895813,0.005680404137820005,0.41256415843963623
test,C0,0,2026_08_18_00_40_18_199635_L1_left_C0,left,pick up the left block,pick up the blue block,L1,blue,left,right,1,pregrasp,16,32,16,0.27586206896551724,0.23357664233576642,4,8,0.3,0.7,8,0.27535390853881836,0.32515767216682434,0.27535390853881836,0.32515767216682434,0.04980376362800598,0.42407873272895813,0.005680404137820005,0.41256415843963623
test,C0,0,2026_08_18_00_40_18_199635_L1_left_C0,left,pick up the left block,pick up the blue block,L1,blue,left,right,1,pregrasp,16,32,16,0.27586206896551724,0.23357664233576642,5,8,0.3,0.7,8,0.2179320901632309,0.26738986372947693,0.2179320901632309,0.26738986372947693,0.04945777356624603,0.42407873272895813,0.005680404137820005,0.41256415843963623
test,C0,0,2026_08_18_00_40_18_199635_L1_left_C0,left,pick up the left block,pick up the blue block,L1,blue,left,right,1,pregrasp,16,32,16,0.27586206896551724,0.23357664233576642,6,8,0.3,0.7,8,0.25776156783103943,0.32374560832977295,0.25776156783103943,0.32374560832977295,0.06598404049873352,0.42407873272895813,0.005680404137820005,0.41256415843963623
test,C0,0,2026_08_18_00_40_18_199635_L1_left_C0,left,pick up the left block,pick up the blue block,L1,blue,left,right,1,pregrasp,16,32,16,0.27586206896551724,0.23357664233576642,7,8,0.3,0.7,8,0.20418840646743774,0.2470802366733551,0.20418840646743774,0.2470802366733551,0.04289183020591736,0.42407873272895813,0.005680404137820005,0.41256415843963623
test,C0,0,2026_08_18_00_40_18_199635_L1_left_C0,left,pick up the left block,pick up the blue block,L1,blue,left,right,1,pregrasp,16,32,16,0.27586206896551724,0.23357664233576642,8,8,0.3,0.7,8,0.13724276423454285,0.18385373055934906,0.13724276423454285,0.18385373055934906,0.04661096632480621,0.42407873272895813,0.005680404137820005,0.41256415843963623
test,C0,0,2026_08_18_00_40_18_199635_L1_left_C0,left,pick up the left block,pick up the blue block,L1,blue,left,right,1,pregrasp,16,32,16,0.27586206896551724,0.23357664233576642,9,8,0.3,0.7,8,0.18658791482448578,0.22131608426570892,0.18658791482448578,0.22131608426570892,0.034728169441223145,0.42407873272895813,0.005680404137820005,0.41256415843963623
test,C0,0,2026_08_18_00_40_18_199635_L1_left_C0,left,pick up the left block,pick up the blue block,L1,blue,left,right,2,pregrasp,32,48,16,0.41379310344827586,0.35036496350364965,0,8,0.3,0.7,8,0.24309901893138885,0.34813934564590454,0.24309901893138885,0.34813934564590454,0.10504032671451569,0.47257158160209656,0.01141748670488596,0.3632127642631531
test,C0,0,2026_08_18_00_40_18_199635_L1_left_C0,left,pick up the left block,pick up the blue block,L1,blue,left,right,2,pregrasp,32,48,16,0.41379310344827586,0.35036496350364965,1,8,0.3,0.7,8,0.217692568898201,0.30074891448020935,0.217692568898201,0.30074891448020935,0.08305634558200836,0.47257158160209656,0.01141748670488596,0.3632127642631531
test,C0,0,2026_08_18_00_40_18_199635_L1_left_C0,left,pick up the left block,pick up the blue block,L1,blue,left,right,2,pregrasp,32,48,16,0.41379310344827586,0.35036496350364965,2,8,0.3,0.7,8,0.2365408092737198,0.32907313108444214,0.2365408092737198,0.32907313108444214,0.09253232181072235,0.47257158160209656,0.01141748670488596,0.3632127642631531
test,C0,0,2026_08_18_00_40_18_199635_L1_left_C0,left,pick up the left block,pick up the blue block,L1,blue,left,right,2,pregrasp,32,48,16,0.41379310344827586,0.35036496350364965,3,8,0.3,0.7,8,0.15795990824699402,0.2462201863527298,0.15795990824699402,0.2462201863527298,0.08826027810573578,0.47257158160209656,0.01141748670488596,0.3632127642631531
test,C0,0,2026_08_18_00_40_18_199635_L1_left_C0,left,pick up the left block,pick up the blue block,L1,blue,left,right,2,pregrasp,32,48,16,0.41379310344827586,0.35036496350364965,4,8,0.3,0.7,8,0.17362193763256073,0.26277607679367065,0.17362193763256073,0.26277607679367065,0.08915413916110992,0.47257158160209656,0.01141748670488596,0.3632127642631531
test,C0,0,2026_08_18_00_40_18_199635_L1_left_C0,left,pick up the left block,pick up the blue block,L1,blue,left,right,2,pregrasp,32,48,16,0.41379310344827586,0.35036496350364965,5,8,0.3,0.7,8,0.1681775599718094,0.25108960270881653,0.1681775599718094,0.25108960270881653,0.08291204273700714,0.47257158160209656,0.01141748670488596,0.3632127642631531
test,C0,0,2026_08_18_00_40_18_199635_L1_left_C0,left,pick up the left block,pick up the blue block,L1,blue,left,right,2,pregrasp,32,48,16,0.41379310344827586,0.35036496350364965,6,8,0.3,0.7,8,0.19835931062698364,0.28899115324020386,0.19835931062698364,0.28899115324020386,0.09063184261322021,0.47257158160209656,0.01141748670488596,0.3632127642631531
test,C0,0,2026_08_18_00_40_18_199635_L1_left_C0,left,pick up the left block,pick up the blue block,L1,blue,left,right,2,pregrasp,32,48,16,0.41379310344827586,0.35036496350364965,7,8,0.3,0.7,8,0.14154893159866333,0.2356589138507843,0.14154893159866333,0.2356589138507843,0.09410998225212097,0.47257158160209656,0.01141748670488596,0.3632127642631531
test,C0,0,2026_08_18_00_40_18_199635_L1_left_C0,left,pick up the left block,pick up the blue block,L1,blue,left,right,2,pregrasp,32,48,16,0.41379310344827586,0.35036496350364965,8,8,0.3,0.7,8,0.13928024470806122,0.21733486652374268,0.13928024470806122,0.21733486652374268,0.07805462181568146,0.47257158160209656,0.01141748670488596,0.3632127642631531
test,C0,0,2026_08_18_00_40_18_199635_L1_left_C0,left,pick up the left block,pick up the blue block,L1,blue,left,right,2,pregrasp,32,48,16,0.41379310344827586,0.35036496350364965,9,8,0.3,0.7,8,0.19225731492042542,0.2952435314655304,0.19225731492042542,0.2952435314655304,0.10298621654510498,0.47257158160209656,0.01141748670488596,0.3632127642631531
test,C0,0,2026_08_18_00_40_18_199635_L1_left_C0,left,pick up the left block,pick up the blue block,L1,blue,left,right,3,pregrasp,48,64,16,0.5517241379310345,0.46715328467153283,0,8,0.3,0.7,8,0.11254684627056122,0.1888527274131775,0.11254684627056122,0.1888527274131775,0.07630588114261627,0.5210071206092834,0.018530013039708138,0.31376373767852783
test,C0,0,2026_08_18_00_40_18_199635_L1_left_C0,left,pick up the left block,pick up the blue block,L1,blue,left,right,3,pregrasp,48,64,16,0.5517241379310345,0.46715328467153283,1,8,0.3,0.7,8,0.19498023390769958,0.29497236013412476,0.19498023390769958,0.29497236013412476,0.09999212622642517,0.5210071206092834,0.018530013039708138,0.31376373767852783
test,C0,0,2026_08_18_00_40_18_199635_L1_left_C0,left,pick up the left block,pick up the blue block,L1,blue,left,right,3,pregrasp,48,64,16,0.5517241379310345,0.46715328467153283,2,8,0.3,0.7,8,0.2506656348705292,0.3572644293308258,0.2506656348705292,0.3572644293308258,0.10659879446029663,0.5210071206092834,0.018530013039708138,0.31376373767852783
test,C0,0,2026_08_18_00_40_18_199635_L1_left_C0,left,pick up the left block,pick up the blue block,L1,blue,left,right,3,pregrasp,48,64,16,0.5517241379310345,0.46715328467153283,3,8,0.3,0.7,8,0.1198805645108223,0.21340113878250122,0.1198805645108223,0.21340113878250122,0.09352057427167892,0.5210071206092834,0.018530013039708138,0.31376373767852783
test,C0,0,2026_08_18_00_40_18_199635_L1_left_C0,left,pick up the left block,pick up the blue block,L1,blue,left,right,3,pregrasp,48,64,16,0.5517241379310345,0.46715328467153283,4,8,0.3,0.7,8,0.08380737900733948,0.15532930195331573,0.08380737900733948,0.15532930195331573,0.07152192294597626,0.5210071206092834,0.018530013039708138,0.31376373767852783
test,C0,0,2026_08_18_00_40_18_199635_L1_left_C0,left,pick up the left block,pick up the blue block,L1,blue,left,right,3,pregrasp,48,64,16,0.5517241379310345,0.46715328467153283,5,8,0.3,0.7,8,0.16796855628490448,0.2658582627773285,0.16796855628490448,0.2658582627773285,0.09788970649242401,0.5210071206092834,0.018530013039708138,0.31376373767852783
test,C0,0,2026_08_18_00_40_18_199635_L1_left_C0,left,pick up the left block,pick up the blue block,L1,blue,left,right,3,pregrasp,48,64,16,0.5517241379310345,0.46715328467153283,6,8,0.3,0.7,8,0.21035365760326385,0.2987250089645386,0.21035365760326385,0.2987250089645386,0.08837135136127472,0.5210071206092834,0.018530013039708138,0.31376373767852783
test,C0,0,2026_08_18_00_40_18_199635_L1_left_C0,left,pick up the left block,pick up the blue block,L1,blue,left,right,3,pregrasp,48,64,16,0.5517241379310345,0.46715328467153283,7,8,0.3,0.7,8,0.29112374782562256,0.41787421703338623,0.29112374782562256,0.41787421703338623,0.12675046920776367,0.5210071206092834,0.018530013039708138,0.31376373767852783
test,C0,0,2026_08_18_00_40_18_199635_L1_left_C0,left,pick up the left block,pick up the blue block,L1,blue,left,right,3,pregrasp,48,64,16,0.5517241379310345,0.46715328467153283,8,8,0.3,0.7,8,0.2481871247291565,0.3471898138523102,0.2481871247291565,0.3471898138523102,0.09900268912315369,0.5210071206092834,0.018530013039708138,0.31376373767852783
test,C0,0,2026_08_18_00_40_18_199635_L1_left_C0,left,pick up the left block,pick up the blue block,L1,blue,left,right,3,pregrasp,48,64,16,0.5517241379310345,0.46715328467153283,9,8,0.3,0.7,8,0.2014739066362381,0.3180816173553467,0.2014739066362381,0.3180816173553467,0.11660771071910858,0.5210071206092834,0.018530013039708138,0.31376373767852783
test,C0,0,2026_08_18_00_40_18_199635_L1_left_C0,left,pick up the left block,pick up the blue block,L1,blue,left,right,4,pregrasp,64,80,16,0.6896551724137931,0.583941605839416,0,8,0.3,0.7,8,0.2886478900909424,0.30445700883865356,0.2886478900909424,0.30445700883865356,0.01580911874771118,0.569491982460022,0.026051515713334084,0.2639348804950714
test,C0,0,2026_08_18_00_40_18_199635_L1_left_C0,left,pick up the left block,pick up the blue block,L1,blue,left,right,4,pregrasp,64,80,16,0.6896551724137931,0.583941605839416,1,8,0.3,0.7,8,0.15410609543323517,0.1647544801235199,0.15410609543323517,0.1647544801235199,0.010648384690284729,0.569491982460022,0.026051515713334084,0.2639348804950714
test,C0,0,2026_08_18_00_40_18_199635_L1_left_C0,left,pick up the left block,pick up the blue block,L1,blue,left,right,4,pregrasp,64,80,16,0.6896551724137931,0.583941605839416,2,8,0.3,0.7,8,0.22323811054229736,0.2318272590637207,0.22323811054229736,0.2318272590637207,0.00858914852142334,0.569491982460022,0.026051515713334084,0.2639348804950714
test,C0,0,2026_08_18_00_40_18_199635_L1_left_C0,left,pick up the left block,pick up the blue block,L1,blue,left,right,4,pregrasp,64,80,16,0.6896551724137931,0.583941605839416,3,8,0.3,0.7,8,0.21972417831420898,0.23206356167793274,0.21972417831420898,0.23206356167793274,0.012339383363723755,0.569491982460022,0.026051515713334084,0.2639348804950714
test,C0,0,2026_08_18_00_40_18_199635_L1_left_C0,left,pick up the left block,pick up the blue block,L1,blue,left,right,4,pregrasp,64,80,16,0.6896551724137931,0.583941605839416,4,8,0.3,0.7,8,0.21796809136867523,0.22877949476242065,0.21796809136867523,0.22877949476242065,0.010811403393745422,0.569491982460022,0.026051515713334084,0.2639348804950714
test,C0,0,2026_08_18_00_40_18_199635_L1_left_C0,left,pick up the left block,pick up the blue block,L1,blue,left,right,4,pregrasp,64,80,16,0.6896551724137931,0.583941605839416,5,8,0.3,0.7,8,0.13276991248130798,0.1377015858888626,0.13276991248130798,0.1377015858888626,0.0049316734075546265,0.569491982460022,0.026051515713334084,0.2639348804950714
test,C0,0,2026_08_18_00_40_18_199635_L1_left_C0,left,pick up the left block,pick up the blue block,L1,blue,left,right,4,pregrasp,64,80,16,0.6896551724137931,0.583941605839416,6,8,0.3,0.7,8,0.15035603940486908,0.15837232768535614,0.15035603940486908,0.15837232768535614,0.00801628828048706,0.569491982460022,0.026051515713334084,0.2639348804950714
test,C0,0,2026_08_18_00_40_18_199635_L1_left_C0,left,pick up the left block,pick up the blue block,L1,blue,left,right,4,pregrasp,64,80,16,0.6896551724137931,0.583941605839416,7,8,0.3,0.7,8,0.1836475282907486,0.19165736436843872,0.1836475282907486,0.19165736436843872,0.008009836077690125,0.569491982460022,0.026051515713334084,0.2639348804950714
test,C0,0,2026_08_18_00_40_18_199635_L1_left_C0,left,pick up the left block,pick up the blue block,L1,blue,left,right,4,pregrasp,64,80,16,0.6896551724137931,0.583941605839416,8,8,0.3,0.7,8,0.12861153483390808,0.13481365144252777,0.12861153483390808,0.13481365144252777,0.00620211660861969,0.569491982460022,0.026051515713334084,0.2639348804950714
test,C0,0,2026_08_18_00_40_18_199635_L1_left_C0,left,pick up the left block,pick up the blue block,L1,blue,left,right,4,pregrasp,64,80,16,0.6896551724137931,0.583941605839416,9,8,0.3,0.7,8,0.23411783576011658,0.2410397082567215,0.23411783576011658,0.2410397082567215,0.006921872496604919,0.569491982460022,0.026051515713334084,0.2639348804950714
test,C0,0,2026_08_18_00_40_18_199635_L1_left_C0,left,pick up the left block,pick up the blue block,L1,blue,left,right,5,pregrasp,80,96,16,0.8275862068965517,0.7007299270072993,0,8,0.3,0.7,8,0.3232875168323517,0.3241473436355591,0.3232875168323517,0.3241473436355591,0.0008598268032073975,0.6181511878967285,0.03348023071885109,0.214024618268013
test,C0,0,2026_08_18_00_40_18_199635_L1_left_C0,left,pick up the left block,pick up the blue block,L1,blue,left,right,5,pregrasp,80,96,16,0.8275862068965517,0.7007299270072993,1,8,0.3,0.7,8,0.28693610429763794,0.2882843017578125,0.28693610429763794,0.2882843017578125,0.0013481974601745605,0.6181511878967285,0.03348023071885109,0.214024618268013
test,C0,0,2026_08_18_00_40_18_199635_L1_left_C0,left,pick up the left block,pick up the blue block,L1,blue,left,right,5,pregrasp,80,96,16,0.8275862068965517,0.7007299270072993,2,8,0.3,0.7,8,0.20783470571041107,0.2116929441690445,0.20783470571041107,0.2116929441690445,0.003858238458633423,0.6181511878967285,0.03348023071885109,0.214024618268013
test,C0,0,2026_08_18_00_40_18_199635_L1_left_C0,left,pick up the left block,pick up the blue block,L1,blue,left,right,5,pregrasp,80,96,16,0.8275862068965517,0.7007299270072993,3,8,0.3,0.7,8,0.1652410477399826,0.1686185896396637,0.1652410477399826,0.1686185896396637,0.0033775418996810913,0.6181511878967285,0.03348023071885109,0.214024618268013
test,C0,0,2026_08_18_00_40_18_199635_L1_left_C0,left,pick up the left block,pick up the blue block,L1,blue,left,right,5,pregrasp,80,96,16,0.8275862068965517,0.7007299270072993,4,8,0.3,0.7,8,0.25021642446517944,0.24958784878253937,0.25021642446517944,0.24958784878253937,-0.0006285756826400757,0.6181511878967285,0.03348023071885109,0.214024618268013
test,C0,0,2026_08_18_00_40_18_199635_L1_left_C0,left,pick up the left block,pick up the blue block,L1,blue,left,right,5,pregrasp,80,96,16,0.8275862068965517,0.7007299270072993,5,8,0.3,0.7,8,0.30509474873542786,0.30679836869239807,0.30509474873542786,0.30679836869239807,0.0017036199569702148,0.6181511878967285,0.03348023071885109,0.214024618268013
test,C0,0,2026_08_18_00_40_18_199635_L1_left_C0,left,pick up the left block,pick up the blue block,L1,blue,left,right,5,pregrasp,80,96,16,0.8275862068965517,0.7007299270072993,6,8,0.3,0.7,8,0.1669928878545761,0.168791264295578,0.1669928878545761,0.168791264295578,0.001798376441001892,0.6181511878967285,0.03348023071885109,0.214024618268013
test,C0,0,2026_08_18_00_40_18_199635_L1_left_C0,left,pick up the left block,pick up the blue block,L1,blue,left,right,5,pregrasp,80,96,16,0.8275862068965517,0.7007299270072993,7,8,0.3,0.7,8,0.15857350826263428,0.1622706800699234,0.15857350826263428,0.1622706800699234,0.0036971718072891235,0.6181511878967285,0.03348023071885109,0.214024618268013
test,C0,0,2026_08_18_00_40_18_199635_L1_left_C0,left,pick up the left block,pick up the blue block,L1,blue,left,right,5,pregrasp,80,96,16,0.8275862068965517,0.7007299270072993,8,8,0.3,0.7,8,0.2365296483039856,0.23667271435260773,0.2365296483039856,0.23667271435260773,0.00014306604862213135,0.6181511878967285,0.03348023071885109,0.214024618268013
test,C0,0,2026_08_18_00_40_18_199635_L1_left_C0,left,pick up the left block,pick up the blue block,L1,blue,left,right,5,pregrasp,80,96,16,0.8275862068965517,0.7007299270072993,9,8,0.3,0.7,8,0.21140535175800323,0.21413683891296387,0.21140535175800323,0.21413683891296387,0.0027314871549606323,0.6181511878967285,0.03348023071885109,0.214024618268013
test,C0,0,2026_08_18_00_40_18_199635_L1_left_C0,left,pick up the left block,pick up the blue block,L1,blue,left,right,6,pregrasp,96,112,16,0.9655172413793104,0.8175182481751825,0,8,0.3,0.7,8,0.17320404946804047,0.174003466963768,0.17320404946804047,0.174003466963768,0.0007994174957275391,0.6420998573303223,0.037117213010787964,0.18957950174808502
test,C0,0,2026_08_18_00_40_18_199635_L1_left_C0,left,pick up the left block,pick up the blue block,L1,blue,left,right,6,pregrasp,96,112,16,0.9655172413793104,0.8175182481751825,1,8,0.3,0.7,8,0.1854848563671112,0.18651331961154938,0.1854848563671112,0.18651331961154938,0.0010284632444381714,0.6420998573303223,0.037117213010787964,0.18957950174808502
test,C0,0,2026_08_18_00_40_18_199635_L1_left_C0,left,pick up the left block,pick up the blue block,L1,blue,left,right,6,pregrasp,96,112,16,0.9655172413793104,0.8175182481751825,2,8,0.3,0.7,8,0.2033659815788269,0.2041235864162445,0.2033659815788269,0.2041235864162445,0.0007576048374176025,0.6420998573303223,0.037117213010787964,0.18957950174808502
test,C0,0,2026_08_18_00_40_18_199635_L1_left_C0,left,pick up the left block,pick up the blue block,L1,blue,left,right,6,pregrasp,96,112,16,0.9655172413793104,0.8175182481751825,3,8,0.3,0.7,8,0.28002649545669556,0.2813236117362976,0.28002649545669556,0.2813236117362976,0.0012971162796020508,0.6420998573303223,0.037117213010787964,0.18957950174808502
test,C0,0,2026_08_18_00_40_18_199635_L1_left_C0,left,pick up the left block,pick up the blue block,L1,blue,left,right,6,pregrasp,96,112,16,0.9655172413793104,0.8175182481751825,4,8,0.3,0.7,8,0.25958576798439026,0.26156479120254517,0.25958576798439026,0.26156479120254517,0.0019790232181549072,0.6420998573303223,0.037117213010787964,0.18957950174808502
test,C0,0,2026_08_18_00_40_18_199635_L1_left_C0,left,pick up the left block,pick up the blue block,L1,blue,left,right,6,pregrasp,96,112,16,0.9655172413793104,0.8175182481751825,5,8,0.3,0.7,8,0.1842467039823532,0.18613600730895996,0.1842467039823532,0.18613600730895996,0.0018893033266067505,0.6420998573303223,0.037117213010787964,0.18957950174808502
test,C0,0,2026_08_18_00_40_18_199635_L1_left_C0,left,pick up the left block,pick up the blue block,L1,blue,left,right,6,pregrasp,96,112,16,0.9655172413793104,0.8175182481751825,6,8,0.3,0.7,8,0.22590956091880798,0.2262958586215973,0.22590956091880798,0.2262958586215973,0.00038629770278930664,0.6420998573303223,0.037117213010787964,0.18957950174808502
test,C0,0,2026_08_18_00_40_18_199635_L1_left_C0,left,pick up the left block,pick up the blue block,L1,blue,left,right,6,pregrasp,96,112,16,0.9655172413793104,0.8175182481751825,7,8,0.3,0.7,8,0.31050413846969604,0.312950998544693,0.31050413846969604,0.312950998544693,0.0024468600749969482,0.6420998573303223,0.037117213010787964,0.18957950174808502
test,C0,0,2026_08_18_00_40_18_199635_L1_left_C0,left,pick up the left block,pick up the blue block,L1,blue,left,right,6,pregrasp,96,112,16,0.9655172413793104,0.8175182481751825,8,8,0.3,0.7,8,0.18488100171089172,0.18599754571914673,0.18488100171089172,0.18599754571914673,0.0011165440082550049,0.6420998573303223,0.037117213010787964,0.18957950174808502
test,C0,0,2026_08_18_00_40_18_199635_L1_left_C0,left,pick up the left block,pick up the blue block,L1,blue,left,right,6,pregrasp,96,112,16,0.9655172413793104,0.8175182481751825,9,8,0.3,0.7,8,0.19374671578407288,0.19466054439544678,0.19374671578407288,0.19466054439544678,0.0009138286113739014,0.6420998573303223,0.037117213010787964,0.18957950174808502
test,C0,0,2026_08_18_00_40_18_199635_L1_left_C0,left,pick up the left block,pick up the blue block,L1,blue,left,right,7,pregrasp,112,116,4,1.0,0.8467153284671532,0,8,0.3,0.7,8,0.25693294405937195,0.2589246928691864,0.25693294405937195,0.2589246928691864,0.001991748809814453,0.642103910446167,0.03714887425303459,0.1895769089460373
test,C0,0,2026_08_18_00_40_18_199635_L1_left_C0,left,pick up the left block,pick up the blue block,L1,blue,left,right,7,pregrasp,112,116,4,1.0,0.8467153284671532,1,8,0.3,0.7,8,0.15749162435531616,0.162960022687912,0.15749162435531616,0.162960022687912,0.005468398332595825,0.642103910446167,0.03714887425303459,0.1895769089460373
test,C0,0,2026_08_18_00_40_18_199635_L1_left_C0,left,pick up the left block,pick up the blue block,L1,blue,left,right,7,pregrasp,112,116,4,1.0,0.8467153284671532,2,8,0.3,0.7,8,0.2315739095211029,0.2386775016784668,0.2315739095211029,0.2386775016784668,0.007103592157363892,0.642103910446167,0.03714887425303459,0.1895769089460373
test,C0,0,2026_08_18_00_40_18_199635_L1_left_C0,left,pick up the left block,pick up the blue block,L1,blue,left,right,7,pregrasp,112,116,4,1.0,0.8467153284671532,3,8,0.3,0.7,8,0.2271111160516739,0.2311510145664215,0.2271111160516739,0.2311510145664215,0.00403989851474762,0.642103910446167,0.03714887425303459,0.1895769089460373
test,C0,0,2026_08_18_00_40_18_199635_L1_left_C0,left,pick up the left block,pick up the blue block,L1,blue,left,right,7,pregrasp,112,116,4,1.0,0.8467153284671532,4,8,0.3,0.7,8,0.19060736894607544,0.1944243162870407,0.19060736894607544,0.1944243162870407,0.003816947340965271,0.642103910446167,0.03714887425303459,0.1895769089460373
test,C0,0,2026_08_18_00_40_18_199635_L1_left_C0,left,pick up the left block,pick up the blue block,L1,blue,left,right,7,pregrasp,112,116,4,1.0,0.8467153284671532,5,8,0.3,0.7,8,0.2839052677154541,0.2926967144012451,0.2839052677154541,0.2926967144012451,0.008791446685791016,0.642103910446167,0.03714887425303459,0.1895769089460373
test,C0,0,2026_08_18_00_40_18_199635_L1_left_C0,left,pick up the left block,pick up the blue block,L1,blue,left,right,7,pregrasp,112,116,4,1.0,0.8467153284671532,6,8,0.3,0.7,8,0.23170866072177887,0.23853980004787445,0.23170866072177887,0.23853980004787445,0.006831139326095581,0.642103910446167,0.03714887425303459,0.1895769089460373
test,C0,0,2026_08_18_00_40_18_199635_L1_left_C0,left,pick up the left block,pick up the blue block,L1,blue,left,right,7,pregrasp,112,116,4,1.0,0.8467153284671532,7,8,0.3,0.7,8,0.21420703828334808,0.21929539740085602,0.21420703828334808,0.21929539740085602,0.005088359117507935,0.642103910446167,0.03714887425303459,0.1895769089460373
test,C0,0,2026_08_18_00_40_18_199635_L1_left_C0,left,pick up the left block,pick up the blue block,L1,blue,left,right,7,pregrasp,112,116,4,1.0,0.8467153284671532,8,8,0.3,0.7,8,0.23911146819591522,0.24716758728027344,0.23911146819591522,0.24716758728027344,0.008056119084358215,0.642103910446167,0.03714887425303459,0.1895769089460373
test,C0,0,2026_08_18_00_40_18_199635_L1_left_C0,left,pick up the left block,pick up the blue block,L1,blue,left,right,7,pregrasp,112,116,4,1.0,0.8467153284671532,9,8,0.3,0.7,8,0.2075868546962738,0.21551893651485443,0.2075868546962738,0.21551893651485443,0.007932081818580627,0.642103910446167,0.03714887425303459,0.1895769089460373
test,C0,0,2026_08_18_00_40_18_199635_L1_left_C0,left,pick up the left block,pick up the blue block,L1,blue,left,right,8,postgrasp,116,132,16,1.0,0.9635036496350365,0,8,0.3,0.7,8,0.2870025038719177,0.28381237387657166,0.2870025038719177,0.28381237387657166,-0.0031901299953460693,0.6425381302833557,0.03723213076591492,0.18999119102954865
test,C0,0,2026_08_18_00_40_18_199635_L1_left_C0,left,pick up the left block,pick up the blue block,L1,blue,left,right,8,postgrasp,116,132,16,1.0,0.9635036496350365,1,8,0.3,0.7,8,0.27570390701293945,0.27329227328300476,0.27570390701293945,0.27329227328300476,-0.0024116337299346924,0.6425381302833557,0.03723213076591492,0.18999119102954865
test,C0,0,2026_08_18_00_40_18_199635_L1_left_C0,left,pick up the left block,pick up the blue block,L1,blue,left,right,8,postgrasp,116,132,16,1.0,0.9635036496350365,2,8,0.3,0.7,8,0.2581441104412079,0.25851157307624817,0.2581441104412079,0.25851157307624817,0.0003674626350402832,0.6425381302833557,0.03723213076591492,0.18999119102954865
test,C0,0,2026_08_18_00_40_18_199635_L1_left_C0,left,pick up the left block,pick up the blue block,L1,blue,left,right,8,postgrasp,116,132,16,1.0,0.9635036496350365,3,8,0.3,0.7,8,0.2470347136259079,0.24447762966156006,0.2470347136259079,0.24447762966156006,-0.0025570839643478394,0.6425381302833557,0.03723213076591492,0.18999119102954865
test,C0,0,2026_08_18_00_40_18_199635_L1_left_C0,left,pick up the left block,pick up the blue block,L1,blue,left,right,8,postgrasp,116,132,16,1.0,0.9635036496350365,4,8,0.3,0.7,8,0.3242495656013489,0.32627934217453003,0.3242495656013489,0.32627934217453003,0.0020297765731811523,0.6425381302833557,0.03723213076591492,0.18999119102954865
test,C0,0,2026_08_18_00_40_18_199635_L1_left_C0,left,pick up the left block,pick up the blue block,L1,blue,left,right,8,postgrasp,116,132,16,1.0,0.9635036496350365,5,8,0.3,0.7,8,0.3115684688091278,0.3114261329174042,0.3115684688091278,0.3114261329174042,-0.0001423358917236328,0.6425381302833557,0.03723213076591492,0.18999119102954865
test,C0,0,2026_08_18_00_40_18_199635_L1_left_C0,left,pick up the left block,pick up the blue block,L1,blue,left,right,8,postgrasp,116,132,16,1.0,0.9635036496350365,6,8,0.3,0.7,8,0.26972824335098267,0.2667967677116394,0.26972824335098267,0.2667967677116394,-0.0029314756393432617,0.6425381302833557,0.03723213076591492,0.18999119102954865
test,C0,0,2026_08_18_00_40_18_199635_L1_left_C0,left,pick up the left block,pick up the blue block,L1,blue,left,right,8,postgrasp,116,132,16,1.0,0.9635036496350365,7,8,0.3,0.7,8,0.3450005352497101,0.3471899926662445,0.3450005352497101,0.3471899926662445,0.002189457416534424,0.6425381302833557,0.03723213076591492,0.18999119102954865
test,C0,0,2026_08_18_00_40_18_199635_L1_left_C0,left,pick up the left block,pick up the blue block,L1,blue,left,right,8,postgrasp,116,132,16,1.0,0.9635036496350365,8,8,0.3,0.7,8,0.24649308621883392,0.24312299489974976,0.24649308621883392,0.24312299489974976,-0.0033700913190841675,0.6425381302833557,0.03723213076591492,0.18999119102954865
test,C0,0,2026_08_18_00_40_18_199635_L1_left_C0,left,pick up the left block,pick up the blue block,L1,blue,left,right,8,postgrasp,116,132,16,1.0,0.9635036496350365,9,8,0.3,0.7,8,0.3101750612258911,0.31337428092956543,0.3101750612258911,0.31337428092956543,0.0031992197036743164,0.6425381302833557,0.03723213076591492,0.18999119102954865
test,C0,0,2026_08_18_00_40_18_199635_L1_left_C0,left,pick up the left block,pick up the blue block,L1,blue,left,right,9,postgrasp,132,137,5,1.0,1.0,0,8,0.3,0.7,8,0.2659919261932373,0.2598496079444885,0.2659919261932373,0.2598496079444885,-0.006142318248748779,0.6425402760505676,0.03723396733403206,0.18999193608760834
test,C0,0,2026_08_18_00_40_18_199635_L1_left_C0,left,pick up the left block,pick up the blue block,L1,blue,left,right,9,postgrasp,132,137,5,1.0,1.0,1,8,0.3,0.7,8,0.2807215452194214,0.27452507615089417,0.2807215452194214,0.27452507615089417,-0.006196469068527222,0.6425402760505676,0.03723396733403206,0.18999193608760834
test,C0,0,2026_08_18_00_40_18_199635_L1_left_C0,left,pick up the left block,pick up the blue block,L1,blue,left,right,9,postgrasp,132,137,5,1.0,1.0,2,8,0.3,0.7,8,0.2210710048675537,0.21047934889793396,0.2210710048675537,0.21047934889793396,-0.010591655969619751,0.6425402760505676,0.03723396733403206,0.18999193608760834
test,C0,0,2026_08_18_00_40_18_199635_L1_left_C0,left,pick up the left block,pick up the blue block,L1,blue,left,right,9,postgrasp,132,137,5,1.0,1.0,3,8,0.3,0.7,8,0.2669945955276489,0.25955915451049805,0.2669945955276489,0.25955915451049805,-0.007435441017150879,0.6425402760505676,0.03723396733403206,0.18999193608760834
test,C0,0,2026_08_18_00_40_18_199635_L1_left_C0,left,pick up the left block,pick up the blue block,L1,blue,left,right,9,postgrasp,132,137,5,1.0,1.0,4,8,0.3,0.7,8,0.22894041240215302,0.22634980082511902,0.22894041240215302,0.22634980082511902,-0.0025906115770339966,0.6425402760505676,0.03723396733403206,0.18999193608760834
test,C0,0,2026_08_18_00_40_18_199635_L1_left_C0,left,pick up the left block,pick up the blue block,L1,blue,left,right,9,postgrasp,132,137,5,1.0,1.0,5,8,0.3,0.7,8,0.19067439436912537,0.1861390471458435,0.19067439436912537,0.1861390471458435,-0.00453534722328186,0.6425402760505676,0.03723396733403206,0.18999193608760834
test,C0,0,2026_08_18_00_40_18_199635_L1_left_C0,left,pick up the left block,pick up the blue block,L1,blue,left,right,9,postgrasp,132,137,5,1.0,1.0,6,8,0.3,0.7,8,0.2200322300195694,0.21368443965911865,0.2200322300195694,0.21368443965911865,-0.006347790360450745,0.6425402760505676,0.03723396733403206,0.18999193608760834
test,C0,0,2026_08_18_00_40_18_199635_L1_left_C0,left,pick up the left block,pick up the blue block,L1,blue,left,right,9,postgrasp,132,137,5,1.0,1.0,7,8,0.3,0.7,8,0.3410117030143738,0.3315891921520233,0.3410117030143738,0.3315891921520233,-0.009422510862350464,0.6425402760505676,0.03723396733403206,0.18999193608760834
test,C0,0,2026_08_18_00_40_18_199635_L1_left_C0,left,pick up the left block,pick up the blue block,L1,blue,left,right,9,postgrasp,132,137,5,1.0,1.0,8,8,0.3,0.7,8,0.2544507682323456,0.2490420639514923,0.2544507682323456,0.2490420639514923,-0.0054087042808532715,0.6425402760505676,0.03723396733403206,0.18999193608760834
test,C0,0,2026_08_18_00_40_18_199635_L1_left_C0,left,pick up the left block,pick up the blue block,L1,blue,left,right,9,postgrasp,132,137,5,1.0,1.0,9,8,0.3,0.7,8,0.26522770524024963,0.25421762466430664,0.26522770524024963,0.25421762466430664,-0.011010080575942993,0.6425402760505676,0.03723396733403206,0.18999193608760834
test,C1,1,2026_08_18_00_40_47_448240_L1_left_C1,left,pick up the left block,pick up the blue block,L1,blue,left,right,0,pregrasp,0,16,16,0.125,0.10738255033557047,0,8,0.3,0.7,8,0.3410247564315796,0.3557793200016022,0.3410247564315796,0.3557793200016022,0.014754563570022583,0.37176400423049927,0.024138767272233963,0.4780213534832001
test,C1,1,2026_08_18_00_40_47_448240_L1_left_C1,left,pick up the left block,pick up the blue block,L1,blue,left,right,0,pregrasp,0,16,16,0.125,0.10738255033557047,1,8,0.3,0.7,8,0.3317738473415375,0.3972456157207489,0.3317738473415375,0.3972456157207489,0.06547176837921143,0.37176400423049927,0.024138767272233963,0.4780213534832001
test,C1,1,2026_08_18_00_40_47_448240_L1_left_C1,left,pick up the left block,pick up the blue block,L1,blue,left,right,0,pregrasp,0,16,16,0.125,0.10738255033557047,2,8,0.3,0.7,8,0.30912914872169495,0.36254504323005676,0.30912914872169495,0.36254504323005676,0.053415894508361816,0.37176400423049927,0.024138767272233963,0.4780213534832001
test,C1,1,2026_08_18_00_40_47_448240_L1_left_C1,left,pick up the left block,pick up the blue block,L1,blue,left,right,0,pregrasp,0,16,16,0.125,0.10738255033557047,3,8,0.3,0.7,8,0.4313361644744873,0.4903388023376465,0.4313361644744873,0.4903388023376465,0.05900263786315918,0.37176400423049927,0.024138767272233963,0.4780213534832001
test,C1,1,2026_08_18_00_40_47_448240_L1_left_C1,left,pick up the left block,pick up the blue block,L1,blue,left,right,0,pregrasp,0,16,16,0.125,0.10738255033557047,4,8,0.3,0.7,8,0.3497313857078552,0.3568078279495239,0.3497313857078552,0.3568078279495239,0.007076442241668701,0.37176400423049927,0.024138767272233963,0.4780213534832001
test,C1,1,2026_08_18_00_40_47_448240_L1_left_C1,left,pick up the left block,pick up the blue block,L1,blue,left,right,0,pregrasp,0,16,16,0.125,0.10738255033557047,5,8,0.3,0.7,8,0.3272795081138611,0.4145154058933258,0.3272795081138611,0.4145154058933258,0.08723589777946472,0.37176400423049927,0.024138767272233963,0.4780213534832001
test,C1,1,2026_08_18_00_40_47_448240_L1_left_C1,left,pick up the left block,pick up the blue block,L1,blue,left,right,0,pregrasp,0,16,16,0.125,0.10738255033557047,6,8,0.3,0.7,8,0.31722763180732727,0.3317739963531494,0.31722763180732727,0.3317739963531494,0.014546364545822144,0.37176400423049927,0.024138767272233963,0.4780213534832001
test,C1,1,2026_08_18_00_40_47_448240_L1_left_C1,left,pick up the left block,pick up the blue block,L1,blue,left,right,0,pregrasp,0,16,16,0.125,0.10738255033557047,7,8,0.3,0.7,8,0.28892022371292114,0.3535527288913727,0.28892022371292114,0.3535527288913727,0.06463250517845154,0.37176400423049927,0.024138767272233963,0.4780213534832001
test,C1,1,2026_08_18_00_40_47_448240_L1_left_C1,left,pick up the left block,pick up the blue block,L1,blue,left,right,0,pregrasp,0,16,16,0.125,0.10738255033557047,8,8,0.3,0.7,8,0.33069196343421936,0.3587503135204315,0.33069196343421936,0.3587503135204315,0.028058350086212158,0.37176400423049927,0.024138767272233963,0.4780213534832001
test,C1,1,2026_08_18_00_40_47_448240_L1_left_C1,left,pick up the left block,pick up the blue block,L1,blue,left,right,0,pregrasp,0,16,16,0.125,0.10738255033557047,9,8,0.3,0.7,8,0.34467458724975586,0.3906097412109375,0.34467458724975586,0.3906097412109375,0.04593515396118164,0.37176400423049927,0.024138767272233963,0.4780213534832001
test,C1,1,2026_08_18_00_40_47_448240_L1_left_C1,left,pick up the left block,pick up the blue block,L1,blue,left,right,1,pregrasp,16,32,16,0.25,0.21476510067114093,0,8,0.3,0.7,8,0.18873627483844757,0.24333909153938293,0.18873627483844757,0.24333909153938293,0.054602816700935364,0.4015202820301056,0.07162616401910782,0.4381272494792938
test,C1,1,2026_08_18_00_40_47_448240_L1_left_C1,left,pick up the left block,pick up the blue block,L1,blue,left,right,1,pregrasp,16,32,16,0.25,0.21476510067114093,1,8,0.3,0.7,8,0.2910139560699463,0.3611595034599304,0.2910139560699463,0.3611595034599304,0.07014554738998413,0.4015202820301056,0.07162616401910782,0.4381272494792938
test,C1,1,2026_08_18_00_40_47_448240_L1_left_C1,left,pick up the left block,pick up the blue block,L1,blue,left,right,1,pregrasp,16,32,16,0.25,0.21476510067114093,2,8,0.3,0.7,8,0.15640069544315338,0.22577685117721558,0.15640069544315338,0.22577685117721558,0.0693761557340622,0.4015202820301056,0.07162616401910782,0.4381272494792938
test,C1,1,2026_08_18_00_40_47_448240_L1_left_C1,left,pick up the left block,pick up the blue block,L1,blue,left,right,1,pregrasp,16,32,16,0.25,0.21476510067114093,3,8,0.3,0.7,8,0.2639658749103546,0.3273044228553772,0.2639658749103546,0.3273044228553772,0.06333854794502258,0.4015202820301056,0.07162616401910782,0.4381272494792938
test,C1,1,2026_08_18_00_40_47_448240_L1_left_C1,left,pick up the left block,pick up the blue block,L1,blue,left,right,1,pregrasp,16,32,16,0.25,0.21476510067114093,4,8,0.3,0.7,8,0.3231278359889984,0.3578631281852722,0.3231278359889984,0.3578631281852722,0.034735292196273804,0.4015202820301056,0.07162616401910782,0.4381272494792938
test,C1,1,2026_08_18_00_40_47_448240_L1_left_C1,left,pick up the left block,pick up the blue block,L1,blue,left,right,1,pregrasp,16,32,16,0.25,0.21476510067114093,5,8,0.3,0.7,8,0.4260546863079071,0.5288025736808777,0.4260546863079071,0.5288025736808777,0.10274788737297058,0.4015202820301056,0.07162616401910782,0.4381272494792938
test,C1,1,2026_08_18_00_40_47_448240_L1_left_C1,left,pick up the left block,pick up the blue block,L1,blue,left,right,1,pregrasp,16,32,16,0.25,0.21476510067114093,6,8,0.3,0.7,8,0.23619157075881958,0.28747841715812683,0.23619157075881958,0.28747841715812683,0.05128684639930725,0.4015202820301056,0.07162616401910782,0.4381272494792938
test,C1,1,2026_08_18_00_40_47_448240_L1_left_C1,left,pick up the left block,pick up the blue block,L1,blue,left,right,1,pregrasp,16,32,16,0.25,0.21476510067114093,7,8,0.3,0.7,8,0.14388197660446167,0.16841372847557068,0.14388197660446167,0.16841372847557068,0.02453175187110901,0.4015202820301056,0.07162616401910782,0.4381272494792938
test,C1,1,2026_08_18_00_40_47_448240_L1_left_C1,left,pick up the left block,pick up the blue block,L1,blue,left,right,1,pregrasp,16,32,16,0.25,0.21476510067114093,8,8,0.3,0.7,8,0.2766484022140503,0.36017102003097534,0.2766484022140503,0.36017102003097534,0.08352261781692505,0.4015202820301056,0.07162616401910782,0.4381272494792938
test,C1,1,2026_08_18_00_40_47_448240_L1_left_C1,left,pick up the left block,pick up the blue block,L1,blue,left,right,1,pregrasp,16,32,16,0.25,0.21476510067114093,9,8,0.3,0.7,8,0.27208197116851807,0.3323317766189575,0.27208197116851807,0.3323317766189575,0.06024980545043945,0.4015202820301056,0.07162616401910782,0.4381272494792938
test,C1,1,2026_08_18_00_40_47_448240_L1_left_C1,left,pick up the left block,pick up the blue block,L1,blue,left,right,2,pregrasp,32,48,16,0.375,0.3221476510067114,0,8,0.3,0.7,8,0.3103117346763611,0.3591699004173279,0.3103117346763611,0.3591699004173279,0.0488581657409668,0.44498148560523987,0.10130584985017776,0.39268290996551514
test,C1,1,2026_08_18_00_40_47_448240_L1_left_C1,left,pick up the left block,pick up the blue block,L1,blue,left,right,2,pregrasp,32,48,16,0.375,0.3221476510067114,1,8,0.3,0.7,8,0.2801229655742645,0.32170748710632324,0.2801229655742645,0.32170748710632324,0.041584521532058716,0.44498148560523987,0.10130584985017776,0.39268290996551514
test,C1,1,2026_08_18_00_40_47_448240_L1_left_C1,left,pick up the left block,pick up the blue block,L1,blue,left,right,2,pregrasp,32,48,16,0.375,0.3221476510067114,2,8,0.3,0.7,8,0.29623350501060486,0.3309995234012604,0.29623350501060486,0.3309995234012604,0.03476601839065552,0.44498148560523987,0.10130584985017776,0.39268290996551514
test,C1,1,2026_08_18_00_40_47_448240_L1_left_C1,left,pick up the left block,pick up the blue block,L1,blue,left,right,2,pregrasp,32,48,16,0.375,0.3221476510067114,3,8,0.3,0.7,8,0.227680042386055,0.25854331254959106,0.227680042386055,0.25854331254959106,0.030863270163536072,0.44498148560523987,0.10130584985017776,0.39268290996551514
test,C1,1,2026_08_18_00_40_47_448240_L1_left_C1,left,pick up the left block,pick up the blue block,L1,blue,left,right,2,pregrasp,32,48,16,0.375,0.3221476510067114,4,8,0.3,0.7,8,0.19847966730594635,0.22073158621788025,0.19847966730594635,0.22073158621788025,0.0222519189119339,0.44498148560523987,0.10130584985017776,0.39268290996551514
test,C1,1,2026_08_18_00_40_47_448240_L1_left_C1,left,pick up the left block,pick up the blue block,L1,blue,left,right,2,pregrasp,32,48,16,0.375,0.3221476510067114,5,8,0.3,0.7,8,0.3189009726047516,0.3506324589252472,0.3189009726047516,0.3506324589252472,0.031731486320495605,0.44498148560523987,0.10130584985017776,0.39268290996551514
test,C1,1,2026_08_18_00_40_47_448240_L1_left_C1,left,pick up the left block,pick up the blue block,L1,blue,left,right,2,pregrasp,32,48,16,0.375,0.3221476510067114,6,8,0.3,0.7,8,0.3287208676338196,0.3702218532562256,0.3287208676338196,0.3702218532562256,0.041500985622406006,0.44498148560523987,0.10130584985017776,0.39268290996551514
test,C1,1,2026_08_18_00_40_47_448240_L1_left_C1,left,pick up the left block,pick up the blue block,L1,blue,left,right,2,pregrasp,32,48,16,0.375,0.3221476510067114,7,8,0.3,0.7,8,0.19912797212600708,0.2233232706785202,0.19912797212600708,0.2233232706785202,0.024195298552513123,0.44498148560523987,0.10130584985017776,0.39268290996551514
test,C1,1,2026_08_18_00_40_47_448240_L1_left_C1,left,pick up the left block,pick up the blue block,L1,blue,left,right,2,pregrasp,32,48,16,0.375,0.3221476510067114,8,8,0.3,0.7,8,0.2148086428642273,0.24099302291870117,0.2148086428642273,0.24099302291870117,0.026184380054473877,0.44498148560523987,0.10130584985017776,0.39268290996551514
test,C1,1,2026_08_18_00_40_47_448240_L1_left_C1,left,pick up the left block,pick up the blue block,L1,blue,left,right,2,pregrasp,32,48,16,0.375,0.3221476510067114,9,8,0.3,0.7,8,0.2558687925338745,0.2825133800506592,0.2558687925338745,0.2825133800506592,0.026644587516784668,0.44498148560523987,0.10130584985017776,0.39268290996551514
test,C1,1,2026_08_18_00_40_47_448240_L1_left_C1,left,pick up the left block,pick up the blue block,L1,blue,left,right,3,pregrasp,48,64,16,0.5,0.42953020134228187,0,8,0.3,0.7,8,0.21852724254131317,0.21483062207698822,0.21852724254131317,0.21483062207698822,-0.003696620464324951,0.49236437678337097,0.11124811321496964,0.343144953250885
test,C1,1,2026_08_18_00_40_47_448240_L1_left_C1,left,pick up the left block,pick up the blue block,L1,blue,left,right,3,pregrasp,48,64,16,0.5,0.42953020134228187,1,8,0.3,0.7,8,0.18916085362434387,0.18807260692119598,0.18916085362434387,0.18807260692119598,-0.0010882467031478882,0.49236437678337097,0.11124811321496964,0.343144953250885
test,C1,1,2026_08_18_00_40_47_448240_L1_left_C1,left,pick up the left block,pick up the blue block,L1,blue,left,right,3,pregrasp,48,64,16,0.5,0.42953020134228187,2,8,0.3,0.7,8,0.23001018166542053,0.237622931599617,0.23001018166542053,0.237622931599617,0.007612749934196472,0.49236437678337097,0.11124811321496964,0.343144953250885
test,C1,1,2026_08_18_00_40_47_448240_L1_left_C1,left,pick up the left block,pick up the blue block,L1,blue,left,right,3,pregrasp,48,64,16,0.5,0.42953020134228187,3,8,0.3,0.7,8,0.23879164457321167,0.24046440422534943,0.23879164457321167,0.24046440422534943,0.0016727596521377563,0.49236437678337097,0.11124811321496964,0.343144953250885
test,C1,1,2026_08_18_00_40_47_448240_L1_left_C1,left,pick up the left block,pick up the blue block,L1,blue,left,right,3,pregrasp,48,64,16,0.5,0.42953020134228187,4,8,0.3,0.7,8,0.19743692874908447,0.19589655101299286,0.19743692874908447,0.19589655101299286,-0.0015403777360916138,0.49236437678337097,0.11124811321496964,0.343144953250885
test,C1,1,2026_08_18_00_40_47_448240_L1_left_C1,left,pick up the left block,pick up the blue block,L1,blue,left,right,3,pregrasp,48,64,16,0.5,0.42953020134228187,5,8,0.3,0.7,8,0.14866536855697632,0.14036056399345398,0.14866536855697632,0.14036056399345398,-0.008304804563522339,0.49236437678337097,0.11124811321496964,0.343144953250885
test,C1,1,2026_08_18_00_40_47_448240_L1_left_C1,left,pick up the left block,pick up the blue block,L1,blue,left,right,3,pregrasp,48,64,16,0.5,0.42953020134228187,6,8,0.3,0.7,8,0.19282561540603638,0.18862293660640717,0.19282561540603638,0.18862293660640717,-0.004202678799629211,0.49236437678337097,0.11124811321496964,0.343144953250885
test,C1,1,2026_08_18_00_40_47_448240_L1_left_C1,left,pick up the left block,pick up the blue block,L1,blue,left,right,3,pregrasp,48,64,16,0.5,0.42953020134228187,7,8,0.3,0.7,8,0.22783266007900238,0.2254612147808075,0.22783266007900238,0.2254612147808075,-0.0023714452981948853,0.49236437678337097,0.11124811321496964,0.343144953250885
test,C1,1,2026_08_18_00_40_47_448240_L1_left_C1,left,pick up the left block,pick up the blue block,L1,blue,left,right,3,pregrasp,48,64,16,0.5,0.42953020134228187,8,8,0.3,0.7,8,0.2955437898635864,0.2895170748233795,0.2955437898635864,0.2895170748233795,-0.006026715040206909,0.49236437678337097,0.11124811321496964,0.343144953250885
test,C1,1,2026_08_18_00_40_47_448240_L1_left_C1,left,pick up the left block,pick up the blue block,L1,blue,left,right,3,pregrasp,48,64,16,0.5,0.42953020134228187,9,8,0.3,0.7,8,0.23081886768341064,0.23534218966960907,0.23081886768341064,0.23534218966960907,0.004523321986198425,0.49236437678337097,0.11124811321496964,0.343144953250885
test,C1,1,2026_08_18_00_40_47_448240_L1_left_C1,left,pick up the left block,pick up the blue block,L1,blue,left,right,4,pregrasp,64,80,16,0.625,0.5369127516778524,0,8,0.3,0.7,8,0.4114776849746704,0.4159131348133087,0.4114776849746704,0.4159131348133087,0.004435449838638306,0.5397839546203613,0.10149547457695007,0.2944670021533966
test,C1,1,2026_08_18_00_40_47_448240_L1_left_C1,left,pick up the left block,pick up the blue block,L1,blue,left,right,4,pregrasp,64,80,16,0.625,0.5369127516778524,1,8,0.3,0.7,8,0.20416539907455444,0.19963300228118896,0.20416539907455444,0.19963300228118896,-0.0045323967933654785,0.5397839546203613,0.10149547457695007,0.2944670021533966
test,C1,1,2026_08_18_00_40_47_448240_L1_left_C1,left,pick up the left block,pick up the blue block,L1,blue,left,right,4,pregrasp,64,80,16,0.625,0.5369127516778524,2,8,0.3,0.7,8,0.4019409120082855,0.4091480076313019,0.4019409120082855,0.4091480076313019,0.007207095623016357,0.5397839546203613,0.10149547457695007,0.2944670021533966
test,C1,1,2026_08_18_00_40_47_448240_L1_left_C1,left,pick up the left block,pick up the blue block,L1,blue,left,right,4,pregrasp,64,80,16,0.625,0.5369127516778524,3,8,0.3,0.7,8,0.3377786874771118,0.3469742238521576,0.3377786874771118,0.3469742238521576,0.009195536375045776,0.5397839546203613,0.10149547457695007,0.2944670021533966
test,C1,1,2026_08_18_00_40_47_448240_L1_left_C1,left,pick up the left block,pick up the blue block,L1,blue,left,right,4,pregrasp,64,80,16,0.625,0.5369127516778524,4,8,0.3,0.7,8,0.20416967570781708,0.19817134737968445,0.20416967570781708,0.19817134737968445,-0.005998328328132629,0.5397839546203613,0.10149547457695007,0.2944670021533966
test,C1,1,2026_08_18_00_40_47_448240_L1_left_C1,left,pick up the left block,pick up the blue block,L1,blue,left,right,4,pregrasp,64,80,16,0.625,0.5369127516778524,5,8,0.3,0.7,8,0.20908333361148834,0.20018796622753143,0.20908333361148834,0.20018796622753143,-0.00889536738395691,0.5397839546203613,0.10149547457695007,0.2944670021533966
test,C1,1,2026_08_18_00_40_47_448240_L1_left_C1,left,pick up the left block,pick up the blue block,L1,blue,left,right,4,pregrasp,64,80,16,0.625,0.5369127516778524,6,8,0.3,0.7,8,0.35039928555488586,0.3549192249774933,0.35039928555488586,0.3549192249774933,0.004519939422607422,0.5397839546203613,0.10149547457695007,0.2944670021533966
test,C1,1,2026_08_18_00_40_47_448240_L1_left_C1,left,pick up the left block,pick up the blue block,L1,blue,left,right,4,pregrasp,64,80,16,0.625,0.5369127516778524,7,8,0.3,0.7,8,0.21761086583137512,0.21553422510623932,0.21761086583137512,0.21553422510623932,-0.0020766407251358032,0.5397839546203613,0.10149547457695007,0.2944670021533966
test,C1,1,2026_08_18_00_40_47_448240_L1_left_C1,left,pick up the left block,pick up the blue block,L1,blue,left,right,4,pregrasp,64,80,16,0.625,0.5369127516778524,8,8,0.3,0.7,8,0.20553946495056152,0.211509570479393,0.20553946495056152,0.211509570479393,0.005970105528831482,0.5397839546203613,0.10149547457695007,0.2944670021533966
test,C1,1,2026_08_18_00_40_47_448240_L1_left_C1,left,pick up the left block,pick up the blue block,L1,blue,left,right,4,pregrasp,64,80,16,0.625,0.5369127516778524,9,8,0.3,0.7,8,0.24145865440368652,0.24339929223060608,0.24145865440368652,0.24339929223060608,0.0019406378269195557,0.5397839546203613,0.10149547457695007,0.2944670021533966
test,C1,1,2026_08_18_00_40_47_448240_L1_left_C1,left,pick up the left block,pick up the blue block,L1,blue,left,right,5,pregrasp,80,96,16,0.75,0.6442953020134228,0,8,0.3,0.7,8,0.2271861582994461,0.23501276969909668,0.2271861582994461,0.23501276969909668,0.007826611399650574,0.5860797762870789,0.07936312258243561,0.24705712497234344
test,C1,1,2026_08_18_00_40_47_448240_L1_left_C1,left,pick up the left block,pick up the blue block,L1,blue,left,right,5,pregrasp,80,96,16,0.75,0.6442953020134228,1,8,0.3,0.7,8,0.3459864854812622,0.35361725091934204,0.3459864854812622,0.35361725091934204,0.007630765438079834,0.5860797762870789,0.07936312258243561,0.24705712497234344
test,C1,1,2026_08_18_00_40_47_448240_L1_left_C1,left,pick up the left block,pick up the blue block,L1,blue,left,right,5,pregrasp,80,96,16,0.75,0.6442953020134228,2,8,0.3,0.7,8,0.2144693285226822,0.22162628173828125,0.2144693285226822,0.22162628173828125,0.00715695321559906,0.5860797762870789,0.07936312258243561,0.24705712497234344
test,C1,1,2026_08_18_00_40_47_448240_L1_left_C1,left,pick up the left block,pick up the blue block,L1,blue,left,right,5,pregrasp,80,96,16,0.75,0.6442953020134228,3,8,0.3,0.7,8,0.37052813172340393,0.38213762640953064,0.37052813172340393,0.38213762640953064,0.011609494686126709,0.5860797762870789,0.07936312258243561,0.24705712497234344
test,C1,1,2026_08_18_00_40_47_448240_L1_left_C1,left,pick up the left block,pick up the blue block,L1,blue,left,right,5,pregrasp,80,96,16,0.75,0.6442953020134228,4,8,0.3,0.7,8,0.32560765743255615,0.3355248272418976,0.32560765743255615,0.3355248272418976,0.00991716980934143,0.5860797762870789,0.07936312258243561,0.24705712497234344
test,C1,1,2026_08_18_00_40_47_448240_L1_left_C1,left,pick up the left block,pick up the blue block,L1,blue,left,right,5,pregrasp,80,96,16,0.75,0.6442953020134228,5,8,0.3,0.7,8,0.2804533839225769,0.28615233302116394,0.2804533839225769,0.28615233302116394,0.005698949098587036,0.5860797762870789,0.07936312258243561,0.24705712497234344
test,C1,1,2026_08_18_00_40_47_448240_L1_left_C1,left,pick up the left block,pick up the blue block,L1,blue,left,right,5,pregrasp,80,96,16,0.75,0.6442953020134228,6,8,0.3,0.7,8,0.2954033613204956,0.3021489381790161,0.2954033613204956,0.3021489381790161,0.006745576858520508,0.5860797762870789,0.07936312258243561,0.24705712497234344
test,C1,1,2026_08_18_00_40_47_448240_L1_left_C1,left,pick up the left block,pick up the blue block,L1,blue,left,right,5,pregrasp,80,96,16,0.75,0.6442953020134228,7,8,0.3,0.7,8,0.4255608320236206,0.4359540343284607,0.4255608320236206,0.4359540343284607,0.010393202304840088,0.5860797762870789,0.07936312258243561,0.24705712497234344
test,C1,1,2026_08_18_00_40_47_448240_L1_left_C1,left,pick up the left block,pick up the blue block,L1,blue,left,right,5,pregrasp,80,96,16,0.75,0.6442953020134228,8,8,0.3,0.7,8,0.32105058431625366,0.3319900631904602,0.32105058431625366,0.3319900631904602,0.010939478874206543,0.5860797762870789,0.07936312258243561,0.24705712497234344
test,C1,1,2026_08_18_00_40_47_448240_L1_left_C1,left,pick up the left block,pick up the blue block,L1,blue,left,right,5,pregrasp,80,96,16,0.75,0.6442953020134228,9,8,0.3,0.7,8,0.2312989979982376,0.23944272100925446,0.2312989979982376,0.23944272100925446,0.008143723011016846,0.5860797762870789,0.07936312258243561,0.24705712497234344
test,C1,1,2026_08_18_00_40_47_448240_L1_left_C1,left,pick up the left block,pick up the blue block,L1,blue,left,right,6,pregrasp,96,112,16,0.875,0.7516778523489933,0,8,0.3,0.7,8,0.2603895962238312,0.25172561407089233,0.2603895962238312,0.25172561407089233,-0.008663982152938843,0.6308411359786987,0.05108407512307167,0.20063655078411102
test,C1,1,2026_08_18_00_40_47_448240_L1_left_C1,left,pick up the left block,pick up the blue block,L1,blue,left,right,6,pregrasp,96,112,16,0.875,0.7516778523489933,1,8,0.3,0.7,8,0.2272130697965622,0.22061531245708466,0.2272130697965622,0.22061531245708466,-0.006597757339477539,0.6308411359786987,0.05108407512307167,0.20063655078411102
test,C1,1,2026_08_18_00_40_47_448240_L1_left_C1,left,pick up the left block,pick up the blue block,L1,blue,left,right,6,pregrasp,96,112,16,0.875,0.7516778523489933,2,8,0.3,0.7,8,0.19672921299934387,0.18715286254882812,0.19672921299934387,0.18715286254882812,-0.009576350450515747,0.6308411359786987,0.05108407512307167,0.20063655078411102
test,C1,1,2026_08_18_00_40_47_448240_L1_left_C1,left,pick up the left block,pick up the blue block,L1,blue,left,right,6,pregrasp,96,112,16,0.875,0.7516778523489933,3,8,0.3,0.7,8,0.21815994381904602,0.21063795685768127,0.21815994381904602,0.21063795685768127,-0.007521986961364746,0.6308411359786987,0.05108407512307167,0.20063655078411102
test,C1,1,2026_08_18_00_40_47_448240_L1_left_C1,left,pick up the left block,pick up the blue block,L1,blue,left,right,6,pregrasp,96,112,16,0.875,0.7516778523489933,4,8,0.3,0.7,8,0.35716578364372253,0.34682971239089966,0.35716578364372253,0.34682971239089966,-0.010336071252822876,0.6308411359786987,0.05108407512307167,0.20063655078411102
test,C1,1,2026_08_18_00_40_47_448240_L1_left_C1,left,pick up the left block,pick up the blue block,L1,blue,left,right,6,pregrasp,96,112,16,0.875,0.7516778523489933,5,8,0.3,0.7,8,0.28281188011169434,0.27136072516441345,0.28281188011169434,0.27136072516441345,-0.011451154947280884,0.6308411359786987,0.05108407512307167,0.20063655078411102
test,C1,1,2026_08_18_00_40_47_448240_L1_left_C1,left,pick up the left block,pick up the blue block,L1,blue,left,right,6,pregrasp,96,112,16,0.875,0.7516778523489933,6,8,0.3,0.7,8,0.18209442496299744,0.17370298504829407,0.18209442496299744,0.17370298504829407,-0.00839143991470337,0.6308411359786987,0.05108407512307167,0.20063655078411102
test,C1,1,2026_08_18_00_40_47_448240_L1_left_C1,left,pick up the left block,pick up the blue block,L1,blue,left,right,6,pregrasp,96,112,16,0.875,0.7516778523489933,7,8,0.3,0.7,8,0.211638405919075,0.20275315642356873,0.211638405919075,0.20275315642356873,-0.008885249495506287,0.6308411359786987,0.05108407512307167,0.20063655078411102
test,C1,1,2026_08_18_00_40_47_448240_L1_left_C1,left,pick up the left block,pick up the blue block,L1,blue,left,right,6,pregrasp,96,112,16,0.875,0.7516778523489933,8,8,0.3,0.7,8,0.3141881823539734,0.30343618988990784,0.3141881823539734,0.30343618988990784,-0.010751992464065552,0.6308411359786987,0.05108407512307167,0.20063655078411102
test,C1,1,2026_08_18_00_40_47_448240_L1_left_C1,left,pick up the left block,pick up the blue block,L1,blue,left,right,6,pregrasp,96,112,16,0.875,0.7516778523489933,9,8,0.3,0.7,8,0.16980889439582825,0.1636880487203598,0.16980889439582825,0.1636880487203598,-0.006120845675468445,0.6308411359786987,0.05108407512307167,0.20063655078411102
test,C1,1,2026_08_18_00_40_47_448240_L1_left_C1,left,pick up the left block,pick up the blue block,L1,blue,left,right,7,pregrasp,112,128,16,1.0,0.8590604026845637,0,8,0.3,0.7,8,0.2675764262676239,0.2691004276275635,0.2675764262676239,0.2691004276275635,0.0015240013599395752,0.6416903734207153,0.04551628977060318,0.18981871008872986
test,C1,1,2026_08_18_00_40_47_448240_L1_left_C1,left,pick up the left block,pick up the blue block,L1,blue,left,right,7,pregrasp,112,128,16,1.0,0.8590604026845637,1,8,0.3,0.7,8,0.23964457213878632,0.24287083745002747,0.23964457213878632,0.24287083745002747,0.00322626531124115,0.6416903734207153,0.04551628977060318,0.18981871008872986
test,C1,1,2026_08_18_00_40_47_448240_L1_left_C1,left,pick up the left block,pick up the blue block,L1,blue,left,right,7,pregrasp,112,128,16,1.0,0.8590604026845637,2,8,0.3,0.7,8,0.20834605395793915,0.20882219076156616,0.20834605395793915,0.20882219076156616,0.00047613680362701416,0.6416903734207153,0.04551628977060318,0.18981871008872986
test,C1,1,2026_08_18_00_40_47_448240_L1_left_C1,left,pick up the left block,pick up the blue block,L1,blue,left,right,7,pregrasp,112,128,16,1.0,0.8590604026845637,3,8,0.3,0.7,8,0.26719558238983154,0.26812705397605896,0.26719558238983154,0.26812705397605896,0.000931471586227417,0.6416903734207153,0.04551628977060318,0.18981871008872986
test,C1,1,2026_08_18_00_40_47_448240_L1_left_C1,left,pick up the left block,pick up the blue block,L1,blue,left,right,7,pregrasp,112,128,16,1.0,0.8590604026845637,4,8,0.3,0.7,8,0.22148865461349487,0.22229042649269104,0.22148865461349487,0.22229042649269104,0.000801771879196167,0.6416903734207153,0.04551628977060318,0.18981871008872986
test,C1,1,2026_08_18_00_40_47_448240_L1_left_C1,left,pick up the left block,pick up the blue block,L1,blue,left,right,7,pregrasp,112,128,16,1.0,0.8590604026845637,5,8,0.3,0.7,8,0.2675882577896118,0.27046531438827515,0.2675882577896118,0.27046531438827515,0.00287705659866333,0.6416903734207153,0.04551628977060318,0.18981871008872986
test,C1,1,2026_08_18_00_40_47_448240_L1_left_C1,left,pick up the left block,pick up the blue block,L1,blue,left,right,7,pregrasp,112,128,16,1.0,0.8590604026845637,6,8,0.3,0.7,8,0.23876532912254333,0.2374923676252365,0.23876532912254333,0.2374923676252365,-0.0012729614973068237,0.6416903734207153,0.04551628977060318,0.18981871008872986
test,C1,1,2026_08_18_00_40_47_448240_L1_left_C1,left,pick up the left block,pick up the blue block,L1,blue,left,right,7,pregrasp,112,128,16,1.0,0.8590604026845637,7,8,0.3,0.7,8,0.23962727189064026,0.23873232305049896,0.23962727189064026,0.23873232305049896,-0.0008949488401412964,0.6416903734207153,0.04551628977060318,0.18981871008872986
test,C1,1,2026_08_18_00_40_47_448240_L1_left_C1,left,pick up the left block,pick up the blue block,L1,blue,left,right,7,pregrasp,112,128,16,1.0,0.8590604026845637,8,8,0.3,0.7,8,0.24215121567249298,0.2445056140422821,0.24215121567249298,0.2445056140422821,0.0023543983697891235,0.6416903734207153,0.04551628977060318,0.18981871008872986
test,C1,1,2026_08_18_00_40_47_448240_L1_left_C1,left,pick up the left block,pick up the blue block,L1,blue,left,right,7,pregrasp,112,128,16,1.0,0.8590604026845637,9,8,0.3,0.7,8,0.20880448818206787,0.2088669240474701,0.20880448818206787,0.2088669240474701,6.243586540222168e-05,0.6416903734207153,0.04551628977060318,0.18981871008872986
test,C1,1,2026_08_18_00_40_47_448240_L1_left_C1,left,pick up the left block,pick up the blue block,L1,blue,left,right,8,postgrasp,128,144,16,1.0,0.9664429530201343,0,8,0.3,0.7,8,0.36989519000053406,0.3698069155216217,0.36989519000053406,0.3698069155216217,-8.827447891235352e-05,0.6422023177146912,0.04486944153904915,0.19027671217918396
test,C1,1,2026_08_18_00_40_47_448240_L1_left_C1,left,pick up the left block,pick up the blue block,L1,blue,left,right,8,postgrasp,128,144,16,1.0,0.9664429530201343,1,8,0.3,0.7,8,0.34823596477508545,0.3556743264198303,0.34823596477508545,0.3556743264198303,0.007438361644744873,0.6422023177146912,0.04486944153904915,0.19027671217918396
test,C1,1,2026_08_18_00_40_47_448240_L1_left_C1,left,pick up the left block,pick up the blue block,L1,blue,left,right,8,postgrasp,128,144,16,1.0,0.9664429530201343,2,8,0.3,0.7,8,0.3038730323314667,0.3093916177749634,0.3038730323314667,0.3093916177749634,0.005518585443496704,0.6422023177146912,0.04486944153904915,0.19027671217918396
test,C1,1,2026_08_18_00_40_47_448240_L1_left_C1,left,pick up the left block,pick up the blue block,L1,blue,left,right,8,postgrasp,128,144,16,1.0,0.9664429530201343,3,8,0.3,0.7,8,0.36757713556289673,0.3742184340953827,0.36757713556289673,0.3742184340953827,0.006641298532485962,0.6422023177146912,0.04486944153904915,0.19027671217918396
test,C1,1,2026_08_18_00_40_47_448240_L1_left_C1,left,pick up the left block,pick up the blue block,L1,blue,left,right,8,postgrasp,128,144,16,1.0,0.9664429530201343,4,8,0.3,0.7,8,0.3431514501571655,0.3483295738697052,0.3431514501571655,0.3483295738697052,0.005178123712539673,0.6422023177146912,0.04486944153904915,0.19027671217918396
test,C1,1,2026_08_18_00_40_47_448240_L1_left_C1,left,pick up the left block,pick up the blue block,L1,blue,left,right,8,postgrasp,128,144,16,1.0,0.9664429530201343,5,8,0.3,0.7,8,0.37222400307655334,0.37821289896965027,0.37222400307655334,0.37821289896965027,0.005988895893096924,0.6422023177146912,0.04486944153904915,0.19027671217918396
test,C1,1,2026_08_18_00_40_47_448240_L1_left_C1,left,pick up the left block,pick up the blue block,L1,blue,left,right,8,postgrasp,128,144,16,1.0,0.9664429530201343,6,8,0.3,0.7,8,0.34023794531822205,0.34392988681793213,0.34023794531822205,0.34392988681793213,0.003691941499710083,0.6422023177146912,0.04486944153904915,0.19027671217918396
test,C1,1,2026_08_18_00_40_47_448240_L1_left_C1,left,pick up the left block,pick up the blue block,L1,blue,left,right,8,postgrasp,128,144,16,1.0,0.9664429530201343,7,8,0.3,0.7,8,0.34046369791030884,0.3445587456226349,0.34046369791030884,0.3445587456226349,0.00409504771232605,0.6422023177146912,0.04486944153904915,0.19027671217918396
test,C1,1,2026_08_18_00_40_47_448240_L1_left_C1,left,pick up the left block,pick up the blue block,L1,blue,left,right,8,postgrasp,128,144,16,1.0,0.9664429530201343,8,8,0.3,0.7,8,0.34305331110954285,0.34791508316993713,0.34305331110954285,0.34791508316993713,0.004861772060394287,0.6422023177146912,0.04486944153904915,0.19027671217918396
test,C1,1,2026_08_18_00_40_47_448240_L1_left_C1,left,pick up the left block,pick up the blue block,L1,blue,left,right,8,postgrasp,128,144,16,1.0,0.9664429530201343,9,8,0.3,0.7,8,0.32989752292633057,0.33137357234954834,0.32989752292633057,0.33137357234954834,0.0014760494232177734,0.6422023177146912,0.04486944153904915,0.19027671217918396
test,C1,1,2026_08_18_00_40_47_448240_L1_left_C1,left,pick up the left block,pick up the blue block,L1,blue,left,right,9,postgrasp,144,149,5,1.0,1.0,0,8,0.3,0.7,8,0.3452250361442566,0.3419777750968933,0.3452250361442566,0.3419777750968933,-0.0032472610473632812,0.6422043442726135,0.044867489486932755,0.19027894735336304
test,C1,1,2026_08_18_00_40_47_448240_L1_left_C1,left,pick up the left block,pick up the blue block,L1,blue,left,right,9,postgrasp,144,149,5,1.0,1.0,1,8,0.3,0.7,8,0.36843982338905334,0.36175376176834106,0.36843982338905334,0.36175376176834106,-0.00668606162071228,0.6422043442726135,0.044867489486932755,0.19027894735336304
test,C1,1,2026_08_18_00_40_47_448240_L1_left_C1,left,pick up the left block,pick up the blue block,L1,blue,left,right,9,postgrasp,144,149,5,1.0,1.0,2,8,0.3,0.7,8,0.3250637352466583,0.31623348593711853,0.3250637352466583,0.31623348593711853,-0.008830249309539795,0.6422043442726135,0.044867489486932755,0.19027894735336304
test,C1,1,2026_08_18_00_40_47_448240_L1_left_C1,left,pick up the left block,pick up the blue block,L1,blue,left,right,9,postgrasp,144,149,5,1.0,1.0,3,8,0.3,0.7,8,0.38585004210472107,0.38438281416893005,0.38585004210472107,0.38438281416893005,-0.0014672279357910156,0.6422043442726135,0.044867489486932755,0.19027894735336304
test,C1,1,2026_08_18_00_40_47_448240_L1_left_C1,left,pick up the left block,pick up the blue block,L1,blue,left,right,9,postgrasp,144,149,5,1.0,1.0,4,8,0.3,0.7,8,0.36799147725105286,0.36168280243873596,0.36799147725105286,0.36168280243873596,-0.0063086748123168945,0.6422043442726135,0.044867489486932755,0.19027894735336304
test,C1,1,2026_08_18_00_40_47_448240_L1_left_C1,left,pick up the left block,pick up the blue block,L1,blue,left,right,9,postgrasp,144,149,5,1.0,1.0,5,8,0.3,0.7,8,0.3199527859687805,0.32006141543388367,0.3199527859687805,0.32006141543388367,0.00010862946510314941,0.6422043442726135,0.044867489486932755,0.19027894735336304
test,C1,1,2026_08_18_00_40_47_448240_L1_left_C1,left,pick up the left block,pick up the blue block,L1,blue,left,right,9,postgrasp,144,149,5,1.0,1.0,6,8,0.3,0.7,8,0.29391664266586304,0.2887224555015564,0.29391664266586304,0.2887224555015564,-0.005194187164306641,0.6422043442726135,0.044867489486932755,0.19027894735336304
test,C1,1,2026_08_18_00_40_47_448240_L1_left_C1,left,pick up the left block,pick up the blue block,L1,blue,left,right,9,postgrasp,144,149,5,1.0,1.0,7,8,0.3,0.7,8,0.37982672452926636,0.37652507424354553,0.37982672452926636,0.37652507424354553,-0.003301650285720825,0.6422043442726135,0.044867489486932755,0.19027894735336304
test,C1,1,2026_08_18_00_40_47_448240_L1_left_C1,left,pick up the left block,pick up the blue block,L1,blue,left,right,9,postgrasp,144,149,5,1.0,1.0,8,8,0.3,0.7,8,0.43507692217826843,0.4308837056159973,0.43507692217826843,0.4308837056159973,-0.004193216562271118,0.6422043442726135,0.044867489486932755,0.19027894735336304
test,C1,1,2026_08_18_00_40_47_448240_L1_left_C1,left,pick up the left block,pick up the blue block,L1,blue,left,right,9,postgrasp,144,149,5,1.0,1.0,9,8,0.3,0.7,8,0.35524699091911316,0.35144147276878357,0.35524699091911316,0.35144147276878357,-0.00380551815032959,0.6422043442726135,0.044867489486932755,0.19027894735336304
test,C2,2,2026_08_18_00_41_27_880068_L1_left_C2,left,pick up the left block,pick up the blue block,L1,blue,left,right,0,pregrasp,0,16,16,0.10256410256410256,0.0903954802259887,0,8,0.3,0.7,8,0.248904749751091,0.2872944474220276,0.248904749751091,0.2872944474220276,0.038389697670936584,0.36759650707244873,0.02888830192387104,0.4837019145488739
test,C2,2,2026_08_18_00_41_27_880068_L1_left_C2,left,pick up the left block,pick up the blue block,L1,blue,left,right,0,pregrasp,0,16,16,0.10256410256410256,0.0903954802259887,1,8,0.3,0.7,8,0.18355914950370789,0.21703505516052246,0.18355914950370789,0.21703505516052246,0.033475905656814575,0.36759650707244873,0.02888830192387104,0.4837019145488739
test,C2,2,2026_08_18_00_41_27_880068_L1_left_C2,left,pick up the left block,pick up the blue block,L1,blue,left,right,0,pregrasp,0,16,16,0.10256410256410256,0.0903954802259887,2,8,0.3,0.7,8,0.15675167739391327,0.19345423579216003,0.15675167739391327,0.19345423579216003,0.036702558398246765,0.36759650707244873,0.02888830192387104,0.4837019145488739
test,C2,2,2026_08_18_00_41_27_880068_L1_left_C2,left,pick up the left block,pick up the blue block,L1,blue,left,right,0,pregrasp,0,16,16,0.10256410256410256,0.0903954802259887,3,8,0.3,0.7,8,0.2610946297645569,0.31230947375297546,0.2610946297645569,0.31230947375297546,0.05121484398841858,0.36759650707244873,0.02888830192387104,0.4837019145488739
test,C2,2,2026_08_18_00_41_27_880068_L1_left_C2,left,pick up the left block,pick up the blue block,L1,blue,left,right,0,pregrasp,0,16,16,0.10256410256410256,0.0903954802259887,4,8,0.3,0.7,8,0.27161553502082825,0.3288307189941406,0.27161553502082825,0.3288307189941406,0.05721518397331238,0.36759650707244873,0.02888830192387104,0.4837019145488739
test,C2,2,2026_08_18_00_41_27_880068_L1_left_C2,left,pick up the left block,pick up the blue block,L1,blue,left,right,0,pregrasp,0,16,16,0.10256410256410256,0.0903954802259887,5,8,0.3,0.7,8,0.16923172771930695,0.19954776763916016,0.16923172771930695,0.19954776763916016,0.03031603991985321,0.36759650707244873,0.02888830192387104,0.4837019145488739
test,C2,2,2026_08_18_00_41_27_880068_L1_left_C2,left,pick up the left block,pick up the blue block,L1,blue,left,right,0,pregrasp,0,16,16,0.10256410256410256,0.0903954802259887,6,8,0.3,0.7,8,0.32646793127059937,0.3629082441329956,0.32646793127059937,0.3629082441329956,0.03644031286239624,0.36759650707244873,0.02888830192387104,0.4837019145488739
test,C2,2,2026_08_18_00_41_27_880068_L1_left_C2,left,pick up the left block,pick up the blue block,L1,blue,left,right,0,pregrasp,0,16,16,0.10256410256410256,0.0903954802259887,7,8,0.3,0.7,8,0.19040802121162415,0.20809927582740784,0.19040802121162415,0.20809927582740784,0.01769125461578369,0.36759650707244873,0.02888830192387104,0.4837019145488739
test,C2,2,2026_08_18_00_41_27_880068_L1_left_C2,left,pick up the left block,pick up the blue block,L1,blue,left,right,0,pregrasp,0,16,16,0.10256410256410256,0.0903954802259887,8,8,0.3,0.7,8,0.1966964155435562,0.22815541923046112,0.1966964155435562,0.22815541923046112,0.03145900368690491,0.36759650707244873,0.02888830192387104,0.4837019145488739
test,C2,2,2026_08_18_00_41_27_880068_L1_left_C2,left,pick up the left block,pick up the blue block,L1,blue,left,right,0,pregrasp,0,16,16,0.10256410256410256,0.0903954802259887,9,8,0.3,0.7,8,0.2174059897661209,0.24944815039634705,0.2174059897661209,0.24944815039634705,0.032042160630226135,0.36759650707244873,0.02888830192387104,0.4837019145488739
test,C2,2,2026_08_18_00_41_27_880068_L1_left_C2,left,pick up the left block,pick up the blue block,L1,blue,left,right,1,pregrasp,16,32,16,0.20512820512820512,0.1807909604519774,0,8,0.3,0.7,8,0.2364932894706726,0.30598926544189453,0.2364932894706726,0.30598926544189453,0.06949597597122192,0.3805505037307739,0.09226934611797333,0.46029794216156006
test,C2,2,2026_08_18_00_41_27_880068_L1_left_C2,left,pick up the left block,pick up the blue block,L1,blue,left,right,1,pregrasp,16,32,16,0.20512820512820512,0.1807909604519774,1,8,0.3,0.7,8,0.20884999632835388,0.2715569734573364,0.20884999632835388,0.2715569734573364,0.06270697712898254,0.3805505037307739,0.09226934611797333,0.46029794216156006
test,C2,2,2026_08_18_00_41_27_880068_L1_left_C2,left,pick up the left block,pick up the blue block,L1,blue,left,right,1,pregrasp,16,32,16,0.20512820512820512,0.1807909604519774,2,8,0.3,0.7,8,0.26958853006362915,0.34482306241989136,0.26958853006362915,0.34482306241989136,0.07523453235626221,0.3805505037307739,0.09226934611797333,0.46029794216156006
test,C2,2,2026_08_18_00_41_27_880068_L1_left_C2,left,pick up the left block,pick up the blue block,L1,blue,left,right,1,pregrasp,16,32,16,0.20512820512820512,0.1807909604519774,3,8,0.3,0.7,8,0.21954691410064697,0.2666957974433899,0.21954691410064697,0.2666957974433899,0.04714888334274292,0.3805505037307739,0.09226934611797333,0.46029794216156006
test,C2,2,2026_08_18_00_41_27_880068_L1_left_C2,left,pick up the left block,pick up the blue block,L1,blue,left,right,1,pregrasp,16,32,16,0.20512820512820512,0.1807909604519774,4,8,0.3,0.7,8,0.19819104671478271,0.2589828073978424,0.19819104671478271,0.2589828073978424,0.06079176068305969,0.3805505037307739,0.09226934611797333,0.46029794216156006
test,C2,2,2026_08_18_00_41_27_880068_L1_left_C2,left,pick up the left block,pick up the blue block,L1,blue,left,right,1,pregrasp,16,32,16,0.20512820512820512,0.1807909604519774,5,8,0.3,0.7,8,0.18067045509815216,0.24276548624038696,0.18067045509815216,0.24276548624038696,0.0620950311422348,0.3805505037307739,0.09226934611797333,0.46029794216156006
test,C2,2,2026_08_18_00_41_27_880068_L1_left_C2,left,pick up the left block,pick up the blue block,L1,blue,left,right,1,pregrasp,16,32,16,0.20512820512820512,0.1807909604519774,6,8,0.3,0.7,8,0.22599224746227264,0.2650890350341797,0.22599224746227264,0.2650890350341797,0.03909678757190704,0.3805505037307739,0.09226934611797333,0.46029794216156006
test,C2,2,2026_08_18_00_41_27_880068_L1_left_C2,left,pick up the left block,pick up the blue block,L1,blue,left,right,1,pregrasp,16,32,16,0.20512820512820512,0.1807909604519774,7,8,0.3,0.7,8,0.2424609661102295,0.29610371589660645,0.2424609661102295,0.29610371589660645,0.05364274978637695,0.3805505037307739,0.09226934611797333,0.46029794216156006
test,C2,2,2026_08_18_00_41_27_880068_L1_left_C2,left,pick up the left block,pick up the blue block,L1,blue,left,right,1,pregrasp,16,32,16,0.20512820512820512,0.1807909604519774,8,8,0.3,0.7,8,0.18270562589168549,0.2472178190946579,0.18270562589168549,0.2472178190946579,0.06451219320297241,0.3805505037307739,0.09226934611797333,0.46029794216156006
test,C2,2,2026_08_18_00_41_27_880068_L1_left_C2,left,pick up the left block,pick up the blue block,L1,blue,left,right,1,pregrasp,16,32,16,0.20512820512820512,0.1807909604519774,9,8,0.3,0.7,8,0.26119810342788696,0.3328229784965515,0.26119810342788696,0.3328229784965515,0.07162487506866455,0.3805505037307739,0.09226934611797333,0.46029794216156006
test,C2,2,2026_08_18_00_41_27_880068_L1_left_C2,left,pick up the left block,pick up the blue block,L1,blue,left,right,2,pregrasp,32,48,16,0.3076923076923077,0.2711864406779661,0,8,0.3,0.7,8,0.20030060410499573,0.24838599562644958,0.20030060410499573,0.24838599562644958,0.04808539152145386,0.4057614803314209,0.15066082775592804,0.4343278408050537
test,C2,2,2026_08_18_00_41_27_880068_L1_left_C2,left,pick up the left block,pick up the blue block,L1,blue,left,right,2,pregrasp,32,48,16,0.3076923076923077,0.2711864406779661,1,8,0.3,0.7,8,0.19557151198387146,0.1984763741493225,0.19557151198387146,0.1984763741493225,0.00290486216545105,0.4057614803314209,0.15066082775592804,0.4343278408050537
test,C2,2,2026_08_18_00_41_27_880068_L1_left_C2,left,pick up the left block,pick up the blue block,L1,blue,left,right,2,pregrasp,32,48,16,0.3076923076923077,0.2711864406779661,2,8,0.3,0.7,8,0.2703424394130707,0.3260628283023834,0.2703424394130707,0.3260628283023834,0.055720388889312744,0.4057614803314209,0.15066082775592804,0.4343278408050537
test,C2,2,2026_08_18_00_41_27_880068_L1_left_C2,left,pick up the left block,pick up the blue block,L1,blue,left,right,2,pregrasp,32,48,16,0.3076923076923077,0.2711864406779661,3,8,0.3,0.7,8,0.21727828681468964,0.27322888374328613,0.21727828681468964,0.27322888374328613,0.0559505969285965,0.4057614803314209,0.15066082775592804,0.4343278408050537
test,C2,2,2026_08_18_00_41_27_880068_L1_left_C2,left,pick up the left block,pick up the blue block,L1,blue,left,right,2,pregrasp,32,48,16,0.3076923076923077,0.2711864406779661,4,8,0.3,0.7,8,0.314727783203125,0.37522172927856445,0.314727783203125,0.37522172927856445,0.06049394607543945,0.4057614803314209,0.15066082775592804,0.4343278408050537
test,C2,2,2026_08_18_00_41_27_880068_L1_left_C2,left,pick up the left block,pick up the blue block,L1,blue,left,right,2,pregrasp,32,48,16,0.3076923076923077,0.2711864406779661,5,8,0.3,0.7,8,0.31040677428245544,0.32508495450019836,0.31040677428245544,0.32508495450019836,0.01467818021774292,0.4057614803314209,0.15066082775592804,0.4343278408050537
test,C2,2,2026_08_18_00_41_27_880068_L1_left_C2,left,pick up the left block,pick up the blue block,L1,blue,left,right,2,pregrasp,32,48,16,0.3076923076923077,0.2711864406779661,6,8,0.3,0.7,8,0.30778396129608154,0.33283787965774536,0.30778396129608154,0.33283787965774536,0.02505391836166382,0.4057614803314209,0.15066082775592804,0.4343278408050537
test,C2,2,2026_08_18_00_41_27_880068_L1_left_C2,left,pick up the left block,pick up the blue block,L1,blue,left,right,2,pregrasp,32,48,16,0.3076923076923077,0.2711864406779661,7,8,0.3,0.7,8,0.28922566771507263,0.34156671166419983,0.28922566771507263,0.34156671166419983,0.0523410439491272,0.4057614803314209,0.15066082775592804,0.4343278408050537
test,C2,2,2026_08_18_00_41_27_880068_L1_left_C2,left,pick up the left block,pick up the blue block,L1,blue,left,right,2,pregrasp,32,48,16,0.3076923076923077,0.2711864406779661,8,8,0.3,0.7,8,0.26852262020111084,0.3003863990306854,0.26852262020111084,0.3003863990306854,0.031863778829574585,0.4057614803314209,0.15066082775592804,0.4343278408050537
test,C2,2,2026_08_18_00_41_27_880068_L1_left_C2,left,pick up the left block,pick up the blue block,L1,blue,left,right,2,pregrasp,32,48,16,0.3076923076923077,0.2711864406779661,9,8,0.3,0.7,8,0.2362608015537262,0.2513725459575653,0.2362608015537262,0.2513725459575653,0.015111744403839111,0.4057614803314209,0.15066082775592804,0.4343278408050537
test,C2,2,2026_08_18_00_41_27_880068_L1_left_C2,left,pick up the left block,pick up the blue block,L1,blue,left,right,3,pregrasp,48,64,16,0.41025641025641024,0.3615819209039548,0,8,0.3,0.7,8,0.2785904109477997,0.26236554980278015,0.2785904109477997,0.26236554980278015,-0.01622486114501953,0.4428104758262634,0.19503237307071686,0.3963809311389923
test,C2,2,2026_08_18_00_41_27_880068_L1_left_C2,left,pick up the left block,pick up the blue block,L1,blue,left,right,3,pregrasp,48,64,16,0.41025641025641024,0.3615819209039548,1,8,0.3,0.7,8,0.21899095177650452,0.21171656250953674,0.21899095177650452,0.21171656250953674,-0.0072743892669677734,0.4428104758262634,0.19503237307071686,0.3963809311389923
test,C2,2,2026_08_18_00_41_27_880068_L1_left_C2,left,pick up the left block,pick up the blue block,L1,blue,left,right,3,pregrasp,48,64,16,0.41025641025641024,0.3615819209039548,2,8,0.3,0.7,8,0.43548494577407837,0.4293445944786072,0.43548494577407837,0.4293445944786072,-0.006140351295471191,0.4428104758262634,0.19503237307071686,0.3963809311389923
test,C2,2,2026_08_18_00_41_27_880068_L1_left_C2,left,pick up the left block,pick up the blue block,L1,blue,left,right,3,pregrasp,48,64,16,0.41025641025641024,0.3615819209039548,3,8,0.3,0.7,8,0.30511385202407837,0.2906126379966736,0.30511385202407837,0.2906126379966736,-0.014501214027404785,0.4428104758262634,0.19503237307071686,0.3963809311389923
test,C2,2,2026_08_18_00_41_27_880068_L1_left_C2,left,pick up the left block,pick up the blue block,L1,blue,left,right,3,pregrasp,48,64,16,0.41025641025641024,0.3615819209039548,4,8,0.3,0.7,8,0.3088427186012268,0.3032272458076477,0.3088427186012268,0.3032272458076477,-0.0056154727935791016,0.4428104758262634,0.19503237307071686,0.3963809311389923
test,C2,2,2026_08_18_00_41_27_880068_L1_left_C2,left,pick up the left block,pick up the blue block,L1,blue,left,right,3,pregrasp,48,64,16,0.41025641025641024,0.3615819209039548,5,8,0.3,0.7,8,0.22965286672115326,0.20883256196975708,0.22965286672115326,0.20883256196975708,-0.02082030475139618,0.4428104758262634,0.19503237307071686,0.3963809311389923
test,C2,2,2026_08_18_00_41_27_880068_L1_left_C2,left,pick up the left block,pick up the blue block,L1,blue,left,right,3,pregrasp,48,64,16,0.41025641025641024,0.3615819209039548,6,8,0.3,0.7,8,0.3359028697013855,0.331858366727829,0.3359028697013855,0.331858366727829,-0.0040445029735565186,0.4428104758262634,0.19503237307071686,0.3963809311389923
test,C2,2,2026_08_18_00_41_27_880068_L1_left_C2,left,pick up the left block,pick up the blue block,L1,blue,left,right,3,pregrasp,48,64,16,0.41025641025641024,0.3615819209039548,7,8,0.3,0.7,8,0.3183191120624542,0.3049432933330536,0.3183191120624542,0.3049432933330536,-0.013375818729400635,0.4428104758262634,0.19503237307071686,0.3963809311389923
test,C2,2,2026_08_18_00_41_27_880068_L1_left_C2,left,pick up the left block,pick up the blue block,L1,blue,left,right,3,pregrasp,48,64,16,0.41025641025641024,0.3615819209039548,8,8,0.3,0.7,8,0.26567620038986206,0.2518996298313141,0.26567620038986206,0.2518996298313141,-0.013776570558547974,0.4428104758262634,0.19503237307071686,0.3963809311389923
test,C2,2,2026_08_18_00_41_27_880068_L1_left_C2,left,pick up the left block,pick up the blue block,L1,blue,left,right,3,pregrasp,48,64,16,0.41025641025641024,0.3615819209039548,9,8,0.3,0.7,8,0.30254262685775757,0.2865297794342041,0.30254262685775757,0.2865297794342041,-0.016012847423553467,0.4428104758262634,0.19503237307071686,0.3963809311389923
test,C2,2,2026_08_18_00_41_27_880068_L1_left_C2,left,pick up the left block,pick up the blue block,L1,blue,left,right,4,pregrasp,64,80,16,0.5128205128205128,0.4519774011299435,0,8,0.3,0.7,8,0.32420414686203003,0.22491076588630676,0.32420414686203003,0.22491076588630676,-0.09929338097572327,0.48838263750076294,0.20613457262516022,0.3470667600631714
test,C2,2,2026_08_18_00_41_27_880068_L1_left_C2,left,pick up the left block,pick up the blue block,L1,blue,left,right,4,pregrasp,64,80,16,0.5128205128205128,0.4519774011299435,1,8,0.3,0.7,8,0.4975365400314331,0.4350863993167877,0.4975365400314331,0.4350863993167877,-0.062450140714645386,0.48838263750076294,0.20613457262516022,0.3470667600631714
test,C2,2,2026_08_18_00_41_27_880068_L1_left_C2,left,pick up the left block,pick up the blue block,L1,blue,left,right,4,pregrasp,64,80,16,0.5128205128205128,0.4519774011299435,2,8,0.3,0.7,8,0.3791995048522949,0.28818392753601074,0.3791995048522949,0.28818392753601074,-0.09101557731628418,0.48838263750076294,0.20613457262516022,0.3470667600631714
test,C2,2,2026_08_18_00_41_27_880068_L1_left_C2,left,pick up the left block,pick up the blue block,L1,blue,left,right,4,pregrasp,64,80,16,0.5128205128205128,0.4519774011299435,3,8,0.3,0.7,8,0.38426902890205383,0.29306066036224365,0.38426902890205383,0.29306066036224365,-0.09120836853981018,0.48838263750076294,0.20613457262516022,0.3470667600631714
test,C2,2,2026_08_18_00_41_27_880068_L1_left_C2,left,pick up the left block,pick up the blue block,L1,blue,left,right,4,pregrasp,64,80,16,0.5128205128205128,0.4519774011299435,4,8,0.3,0.7,8,0.32945096492767334,0.269328236579895,0.32945096492767334,0.269328236579895,-0.06012272834777832,0.48838263750076294,0.20613457262516022,0.3470667600631714
test,C2,2,2026_08_18_00_41_27_880068_L1_left_C2,left,pick up the left block,pick up the blue block,L1,blue,left,right,4,pregrasp,64,80,16,0.5128205128205128,0.4519774011299435,5,8,0.3,0.7,8,0.2890191078186035,0.23363366723060608,0.2890191078186035,0.23363366723060608,-0.055385440587997437,0.48838263750076294,0.20613457262516022,0.3470667600631714
test,C2,2,2026_08_18_00_41_27_880068_L1_left_C2,left,pick up the left block,pick up the blue block,L1,blue,left,right,4,pregrasp,64,80,16,0.5128205128205128,0.4519774011299435,6,8,0.3,0.7,8,0.28263264894485474,0.19027742743492126,0.28263264894485474,0.19027742743492126,-0.09235522150993347,0.48838263750076294,0.20613457262516022,0.3470667600631714
test,C2,2,2026_08_18_00_41_27_880068_L1_left_C2,left,pick up the left block,pick up the blue block,L1,blue,left,right,4,pregrasp,64,80,16,0.5128205128205128,0.4519774011299435,7,8,0.3,0.7,8,0.3347207307815552,0.26272639632225037,0.3347207307815552,0.26272639632225037,-0.07199433445930481,0.48838263750076294,0.20613457262516022,0.3470667600631714
test,C2,2,2026_08_18_00_41_27_880068_L1_left_C2,left,pick up the left block,pick up the blue block,L1,blue,left,right,4,pregrasp,64,80,16,0.5128205128205128,0.4519774011299435,8,8,0.3,0.7,8,0.4458676278591156,0.3792937397956848,0.4458676278591156,0.3792937397956848,-0.06657388806343079,0.48838263750076294,0.20613457262516022,0.3470667600631714
test,C2,2,2026_08_18_00_41_27_880068_L1_left_C2,left,pick up the left block,pick up the blue block,L1,blue,left,right,4,pregrasp,64,80,16,0.5128205128205128,0.4519774011299435,9,8,0.3,0.7,8,0.3386308252811432,0.27332356572151184,0.3386308252811432,0.27332356572151184,-0.06530725955963135,0.48838263750076294,0.20613457262516022,0.3470667600631714
test,C2,2,2026_08_18_00_41_27_880068_L1_left_C2,left,pick up the left block,pick up the blue block,L1,blue,left,right,5,pregrasp,80,96,16,0.6153846153846154,0.5423728813559322,0,8,0.3,0.7,8,0.16316956281661987,0.11957168579101562,0.16316956281661987,0.11957168579101562,-0.04359787702560425,0.5324440598487854,0.18101727962493896,0.30137336254119873
test,C2,2,2026_08_18_00_41_27_880068_L1_left_C2,left,pick up the left block,pick up the blue block,L1,blue,left,right,5,pregrasp,80,96,16,0.6153846153846154,0.5423728813559322,1,8,0.3,0.7,8,0.29277747869491577,0.2522203028202057,0.29277747869491577,0.2522203028202057,-0.04055717587471008,0.5324440598487854,0.18101727962493896,0.30137336254119873
test,C2,2,2026_08_18_00_41_27_880068_L1_left_C2,left,pick up the left block,pick up the blue block,L1,blue,left,right,5,pregrasp,80,96,16,0.6153846153846154,0.5423728813559322,2,8,0.3,0.7,8,0.31670624017715454,0.2891996204853058,0.31670624017715454,0.2891996204853058,-0.027506619691848755,0.5324440598487854,0.18101727962493896,0.30137336254119873
test,C2,2,2026_08_18_00_41_27_880068_L1_left_C2,left,pick up the left block,pick up the blue block,L1,blue,left,right,5,pregrasp,80,96,16,0.6153846153846154,0.5423728813559322,3,8,0.3,0.7,8,0.3396504521369934,0.31312689185142517,0.3396504521369934,0.31312689185142517,-0.026523560285568237,0.5324440598487854,0.18101727962493896,0.30137336254119873
test,C2,2,2026_08_18_00_41_27_880068_L1_left_C2,left,pick up the left block,pick up the blue block,L1,blue,left,right,5,pregrasp,80,96,16,0.6153846153846154,0.5423728813559322,4,8,0.3,0.7,8,0.3440539836883545,0.31497645378112793,0.3440539836883545,0.31497645378112793,-0.029077529907226562,0.5324440598487854,0.18101727962493896,0.30137336254119873
test,C2,2,2026_08_18_00_41_27_880068_L1_left_C2,left,pick up the left block,pick up the blue block,L1,blue,left,right,5,pregrasp,80,96,16,0.6153846153846154,0.5423728813559322,5,8,0.3,0.7,8,0.33926260471343994,0.30684977769851685,0.33926260471343994,0.30684977769851685,-0.032412827014923096,0.5324440598487854,0.18101727962493896,0.30137336254119873
test,C2,2,2026_08_18_00_41_27_880068_L1_left_C2,left,pick up the left block,pick up the blue block,L1,blue,left,right,5,pregrasp,80,96,16,0.6153846153846154,0.5423728813559322,6,8,0.3,0.7,8,0.22113849222660065,0.1957831084728241,0.22113849222660065,0.1957831084728241,-0.02535538375377655,0.5324440598487854,0.18101727962493896,0.30137336254119873
test,C2,2,2026_08_18_00_41_27_880068_L1_left_C2,left,pick up the left block,pick up the blue block,L1,blue,left,right,5,pregrasp,80,96,16,0.6153846153846154,0.5423728813559322,7,8,0.3,0.7,8,0.24865704774856567,0.21668583154678345,0.24865704774856567,0.21668583154678345,-0.03197121620178223,0.5324440598487854,0.18101727962493896,0.30137336254119873
test,C2,2,2026_08_18_00_41_27_880068_L1_left_C2,left,pick up the left block,pick up the blue block,L1,blue,left,right,5,pregrasp,80,96,16,0.6153846153846154,0.5423728813559322,8,8,0.3,0.7,8,0.236140176653862,0.21332567930221558,0.236140176653862,0.21332567930221558,-0.022814497351646423,0.5324440598487854,0.18101727962493896,0.30137336254119873
test,C2,2,2026_08_18_00_41_27_880068_L1_left_C2,left,pick up the left block,pick up the blue block,L1,blue,left,right,5,pregrasp,80,96,16,0.6153846153846154,0.5423728813559322,9,8,0.3,0.7,8,0.3872685134410858,0.35371243953704834,0.3872685134410858,0.35371243953704834,-0.033556073904037476,0.5324440598487854,0.18101727962493896,0.30137336254119873
test,C2,2,2026_08_18_00_41_27_880068_L1_left_C2,left,pick up the left block,pick up the blue block,L1,blue,left,right,6,pregrasp,96,112,16,0.717948717948718,0.632768361581921,0,8,0.3,0.7,8,0.19160404801368713,0.1888657659292221,0.19160404801368713,0.1888657659292221,-0.002738282084465027,0.5720928311347961,0.13920675218105316,0.2614020109176636
test,C2,2,2026_08_18_00_41_27_880068_L1_left_C2,left,pick up the left block,pick up the blue block,L1,blue,left,right,6,pregrasp,96,112,16,0.717948717948718,0.632768361581921,1,8,0.3,0.7,8,0.23623888194561005,0.23557411134243011,0.23623888194561005,0.23557411134243011,-0.0006647706031799316,0.5720928311347961,0.13920675218105316,0.2614020109176636
test,C2,2,2026_08_18_00_41_27_880068_L1_left_C2,left,pick up the left block,pick up the blue block,L1,blue,left,right,6,pregrasp,96,112,16,0.717948717948718,0.632768361581921,2,8,0.3,0.7,8,0.3070742189884186,0.3002133071422577,0.3070742189884186,0.3002133071422577,-0.006860911846160889,0.5720928311347961,0.13920675218105316,0.2614020109176636
test,C2,2,2026_08_18_00_41_27_880068_L1_left_C2,left,pick up the left block,pick up the blue block,L1,blue,left,right,6,pregrasp,96,112,16,0.717948717948718,0.632768361581921,3,8,0.3,0.7,8,0.2938620150089264,0.2906283140182495,0.2938620150089264,0.2906283140182495,-0.00323370099067688,0.5720928311347961,0.13920675218105316,0.2614020109176636
test,C2,2,2026_08_18_00_41_27_880068_L1_left_C2,left,pick up the left block,pick up the blue block,L1,blue,left,right,6,pregrasp,96,112,16,0.717948717948718,0.632768361581921,4,8,0.3,0.7,8,0.1738121062517166,0.1729869246482849,0.1738121062517166,0.1729869246482849,-0.0008251816034317017,0.5720928311347961,0.13920675218105316,0.2614020109176636
test,C2,2,2026_08_18_00_41_27_880068_L1_left_C2,left,pick up the left block,pick up the blue block,L1,blue,left,right,6,pregrasp,96,112,16,0.717948717948718,0.632768361581921,5,8,0.3,0.7,8,0.26005470752716064,0.25915753841400146,0.26005470752716064,0.25915753841400146,-0.0008971691131591797,0.5720928311347961,0.13920675218105316,0.2614020109176636
test,C2,2,2026_08_18_00_41_27_880068_L1_left_C2,left,pick up the left block,pick up the blue block,L1,blue,left,right,6,pregrasp,96,112,16,0.717948717948718,0.632768361581921,6,8,0.3,0.7,8,0.26417574286460876,0.2612309753894806,0.26417574286460876,0.2612309753894806,-0.002944767475128174,0.5720928311347961,0.13920675218105316,0.2614020109176636
test,C2,2,2026_08_18_00_41_27_880068_L1_left_C2,left,pick up the left block,pick up the blue block,L1,blue,left,right,6,pregrasp,96,112,16,0.717948717948718,0.632768361581921,7,8,0.3,0.7,8,0.31095245480537415,0.30804428458213806,0.31095245480537415,0.30804428458213806,-0.002908170223236084,0.5720928311347961,0.13920675218105316,0.2614020109176636
test,C2,2,2026_08_18_00_41_27_880068_L1_left_C2,left,pick up the left block,pick up the blue block,L1,blue,left,right,6,pregrasp,96,112,16,0.717948717948718,0.632768361581921,8,8,0.3,0.7,8,0.31029003858566284,0.30673179030418396,0.31029003858566284,0.30673179030418396,-0.003558248281478882,0.5720928311347961,0.13920675218105316,0.2614020109176636
test,C2,2,2026_08_18_00_41_27_880068_L1_left_C2,left,pick up the left block,pick up the blue block,L1,blue,left,right,6,pregrasp,96,112,16,0.717948717948718,0.632768361581921,9,8,0.3,0.7,8,0.2501894533634186,0.24777406454086304,0.2501894533634186,0.24777406454086304,-0.002415388822555542,0.5720928311347961,0.13920675218105316,0.2614020109176636
test,C2,2,2026_08_18_00_41_27_880068_L1_left_C2,left,pick up the left block,pick up the blue block,L1,blue,left,right,7,pregrasp,112,128,16,0.8205128205128205,0.7231638418079096,0,8,0.3,0.7,8,0.4293319582939148,0.42972424626350403,0.4293319582939148,0.42972424626350403,0.0003922879695892334,0.6079201102256775,0.09196759760379791,0.22485566139221191
test,C2,2,2026_08_18_00_41_27_880068_L1_left_C2,left,pick up the left block,pick up the blue block,L1,blue,left,right,7,pregrasp,112,128,16,0.8205128205128205,0.7231638418079096,1,8,0.3,0.7,8,0.2484275847673416,0.25093430280685425,0.2484275847673416,0.25093430280685425,0.0025067180395126343,0.6079201102256775,0.09196759760379791,0.22485566139221191
test,C2,2,2026_08_18_00_41_27_880068_L1_left_C2,left,pick up the left block,pick up the blue block,L1,blue,left,right,7,pregrasp,112,128,16,0.8205128205128205,0.7231638418079096,2,8,0.3,0.7,8,0.394885390996933,0.39474794268608093,0.394885390996933,0.39474794268608093,-0.00013744831085205078,0.6079201102256775,0.09196759760379791,0.22485566139221191
test,C2,2,2026_08_18_00_41_27_880068_L1_left_C2,left,pick up the left block,pick up the blue block,L1,blue,left,right,7,pregrasp,112,128,16,0.8205128205128205,0.7231638418079096,3,8,0.3,0.7,8,0.23470152914524078,0.23791618645191193,0.23470152914524078,0.23791618645191193,0.0032146573066711426,0.6079201102256775,0.09196759760379791,0.22485566139221191
test,C2,2,2026_08_18_00_41_27_880068_L1_left_C2,left,pick up the left block,pick up the blue block,L1,blue,left,right,7,pregrasp,112,128,16,0.8205128205128205,0.7231638418079096,4,8,0.3,0.7,8,0.18635310232639313,0.18769671022891998,0.18635310232639313,0.18769671022891998,0.0013436079025268555,0.6079201102256775,0.09196759760379791,0.22485566139221191
test,C2,2,2026_08_18_00_41_27_880068_L1_left_C2,left,pick up the left block,pick up the blue block,L1,blue,left,right,7,pregrasp,112,128,16,0.8205128205128205,0.7231638418079096,5,8,0.3,0.7,8,0.2160997986793518,0.21926534175872803,0.2160997986793518,0.21926534175872803,0.0031655430793762207,0.6079201102256775,0.09196759760379791,0.22485566139221191
test,C2,2,2026_08_18_00_41_27_880068_L1_left_C2,left,pick up the left block,pick up the blue block,L1,blue,left,right,7,pregrasp,112,128,16,0.8205128205128205,0.7231638418079096,6,8,0.3,0.7,8,0.34905409812927246,0.35026922821998596,0.34905409812927246,0.35026922821998596,0.001215130090713501,0.6079201102256775,0.09196759760379791,0.22485566139221191
test,C2,2,2026_08_18_00_41_27_880068_L1_left_C2,left,pick up the left block,pick up the blue block,L1,blue,left,right,7,pregrasp,112,128,16,0.8205128205128205,0.7231638418079096,7,8,0.3,0.7,8,0.19937297701835632,0.20377472043037415,0.19937297701835632,0.20377472043037415,0.004401743412017822,0.6079201102256775,0.09196759760379791,0.22485566139221191
test,C2,2,2026_08_18_00_41_27_880068_L1_left_C2,left,pick up the left block,pick up the blue block,L1,blue,left,right,7,pregrasp,112,128,16,0.8205128205128205,0.7231638418079096,8,8,0.3,0.7,8,0.2726949155330658,0.2740677297115326,0.2726949155330658,0.2740677297115326,0.0013728141784667969,0.6079201102256775,0.09196759760379791,0.22485566139221191
test,C2,2,2026_08_18_00_41_27_880068_L1_left_C2,left,pick up the left block,pick up the blue block,L1,blue,left,right,7,pregrasp,112,128,16,0.8205128205128205,0.7231638418079096,9,8,0.3,0.7,8,0.33344367146492004,0.33479541540145874,0.33344367146492004,0.33479541540145874,0.0013517439365386963,0.6079201102256775,0.09196759760379791,0.22485566139221191
test,C2,2,2026_08_18_00_41_27_880068_L1_left_C2,left,pick up the left block,pick up the blue block,L1,blue,left,right,8,pregrasp,128,144,16,0.9230769230769231,0.8135593220338984,0,8,0.3,0.7,8,0.2759777307510376,0.275223970413208,0.2759777307510376,0.275223970413208,-0.0007537603378295898,0.6397852897644043,0.046662308275699615,0.19193053245544434
test,C2,2,2026_08_18_00_41_27_880068_L1_left_C2,left,pick up the left block,pick up the blue block,L1,blue,left,right,8,pregrasp,128,144,16,0.9230769230769231,0.8135593220338984,1,8,0.3,0.7,8,0.2648544907569885,0.2633382976055145,0.2648544907569885,0.2633382976055145,-0.001516193151473999,0.6397852897644043,0.046662308275699615,0.19193053245544434
test,C2,2,2026_08_18_00_41_27_880068_L1_left_C2,left,pick up the left block,pick up the blue block,L1,blue,left,right,8,pregrasp,128,144,16,0.9230769230769231,0.8135593220338984,2,8,0.3,0.7,8,0.36610352993011475,0.36151477694511414,0.36610352993011475,0.36151477694511414,-0.00458875298500061,0.6397852897644043,0.046662308275699615,0.19193053245544434
test,C2,2,2026_08_18_00_41_27_880068_L1_left_C2,left,pick up the left block,pick up the blue block,L1,blue,left,right,8,pregrasp,128,144,16,0.9230769230769231,0.8135593220338984,3,8,0.3,0.7,8,0.2972170412540436,0.29844754934310913,0.2972170412540436,0.29844754934310913,0.0012305080890655518,0.6397852897644043,0.046662308275699615,0.19193053245544434
test,C2,2,2026_08_18_00_41_27_880068_L1_left_C2,left,pick up the left block,pick up the blue block,L1,blue,left,right,8,pregrasp,128,144,16,0.9230769230769231,0.8135593220338984,4,8,0.3,0.7,8,0.28459829092025757,0.28073936700820923,0.28459829092025757,0.28073936700820923,-0.00385892391204834,0.6397852897644043,0.046662308275699615,0.19193053245544434
test,C2,2,2026_08_18_00_41_27_880068_L1_left_C2,left,pick up the left block,pick up the blue block,L1,blue,left,right,8,pregrasp,128,144,16,0.9230769230769231,0.8135593220338984,5,8,0.3,0.7,8,0.3548828065395355,0.35366514325141907,0.3548828065395355,0.35366514325141907,-0.001217663288116455,0.6397852897644043,0.046662308275699615,0.19193053245544434
test,C2,2,2026_08_18_00_41_27_880068_L1_left_C2,left,pick up the left block,pick up the blue block,L1,blue,left,right,8,pregrasp,128,144,16,0.9230769230769231,0.8135593220338984,6,8,0.3,0.7,8,0.26577818393707275,0.2641422748565674,0.26577818393707275,0.2641422748565674,-0.001635909080505371,0.6397852897644043,0.046662308275699615,0.19193053245544434
test,C2,2,2026_08_18_00_41_27_880068_L1_left_C2,left,pick up the left block,pick up the blue block,L1,blue,left,right,8,pregrasp,128,144,16,0.9230769230769231,0.8135593220338984,7,8,0.3,0.7,8,0.3753957152366638,0.36873534321784973,0.3753957152366638,0.36873534321784973,-0.006660372018814087,0.6397852897644043,0.046662308275699615,0.19193053245544434
test,C2,2,2026_08_18_00_41_27_880068_L1_left_C2,left,pick up the left block,pick up the blue block,L1,blue,left,right,8,pregrasp,128,144,16,0.9230769230769231,0.8135593220338984,8,8,0.3,0.7,8,0.29173240065574646,0.29587826132774353,0.29173240065574646,0.29587826132774353,0.00414586067199707,0.6397852897644043,0.046662308275699615,0.19193053245544434
test,C2,2,2026_08_18_00_41_27_880068_L1_left_C2,left,pick up the left block,pick up the blue block,L1,blue,left,right,8,pregrasp,128,144,16,0.9230769230769231,0.8135593220338984,9,8,0.3,0.7,8,0.3007701635360718,0.2930819094181061,0.3007701635360718,0.2930819094181061,-0.007688254117965698,0.6397852897644043,0.046662308275699615,0.19193053245544434
test,C2,2,2026_08_18_00_41_27_880068_L1_left_C2,left,pick up the left block,pick up the blue block,L1,blue,left,right,9,pregrasp,144,156,12,1.0,0.8813559322033898,0,8,0.3,0.7,8,0.18314510583877563,0.1801837980747223,0.18314510583877563,0.1801837980747223,-0.0029613077640533447,0.6416018009185791,0.0453813299536705,0.18999965488910675
test,C2,2,2026_08_18_00_41_27_880068_L1_left_C2,left,pick up the left block,pick up the blue block,L1,blue,left,right,9,pregrasp,144,156,12,1.0,0.8813559322033898,1,8,0.3,0.7,8,0.22190433740615845,0.2186046838760376,0.22190433740615845,0.2186046838760376,-0.0032996535301208496,0.6416018009185791,0.0453813299536705,0.18999965488910675
test,C2,2,2026_08_18_00_41_27_880068_L1_left_C2,left,pick up the left block,pick up the blue block,L1,blue,left,right,9,pregrasp,144,156,12,1.0,0.8813559322033898,2,8,0.3,0.7,8,0.2682259976863861,0.2679031491279602,0.2682259976863861,0.2679031491279602,-0.0003228485584259033,0.6416018009185791,0.0453813299536705,0.18999965488910675
test,C2,2,2026_08_18_00_41_27_880068_L1_left_C2,left,pick up the left block,pick up the blue block,L1,blue,left,right,9,pregrasp,144,156,12,1.0,0.8813559322033898,3,8,0.3,0.7,8,0.21419446170330048,0.21195483207702637,0.21419446170330048,0.21195483207702637,-0.002239629626274109,0.6416018009185791,0.0453813299536705,0.18999965488910675
test,C2,2,2026_08_18_00_41_27_880068_L1_left_C2,left,pick up the left block,pick up the blue block,L1,blue,left,right,9,pregrasp,144,156,12,1.0,0.8813559322033898,4,8,0.3,0.7,8,0.21156534552574158,0.2120322436094284,0.21156534552574158,0.2120322436094284,0.0004668980836868286,0.6416018009185791,0.0453813299536705,0.18999965488910675
test,C2,2,2026_08_18_00_41_27_880068_L1_left_C2,left,pick up the left block,pick up the blue block,L1,blue,left,right,9,pregrasp,144,156,12,1.0,0.8813559322033898,5,8,0.3,0.7,8,0.19353194534778595,0.19292409718036652,0.19353194534778595,0.19292409718036652,-0.0006078481674194336,0.6416018009185791,0.0453813299536705,0.18999965488910675
test,C2,2,2026_08_18_00_41_27_880068_L1_left_C2,left,pick up the left block,pick up the blue block,L1,blue,left,right,9,pregrasp,144,156,12,1.0,0.8813559322033898,6,8,0.3,0.7,8,0.2715959846973419,0.2740815579891205,0.2715959846973419,0.2740815579891205,0.0024855732917785645,0.6416018009185791,0.0453813299536705,0.18999965488910675
test,C2,2,2026_08_18_00_41_27_880068_L1_left_C2,left,pick up the left block,pick up the blue block,L1,blue,left,right,9,pregrasp,144,156,12,1.0,0.8813559322033898,7,8,0.3,0.7,8,0.26707810163497925,0.2676447927951813,0.26707810163497925,0.2676447927951813,0.0005666911602020264,0.6416018009185791,0.0453813299536705,0.18999965488910675
test,C2,2,2026_08_18_00_41_27_880068_L1_left_C2,left,pick up the left block,pick up the blue block,L1,blue,left,right,9,pregrasp,144,156,12,1.0,0.8813559322033898,8,8,0.3,0.7,8,0.354408323764801,0.35515713691711426,0.354408323764801,0.35515713691711426,0.0007488131523132324,0.6416018009185791,0.0453813299536705,0.18999965488910675
test,C2,2,2026_08_18_00_41_27_880068_L1_left_C2,left,pick up the left block,pick up the blue block,L1,blue,left,right,9,pregrasp,144,156,12,1.0,0.8813559322033898,9,8,0.3,0.7,8,0.16412165760993958,0.16371038556098938,0.16412165760993958,0.16371038556098938,-0.0004112720489501953,0.6416018009185791,0.0453813299536705,0.18999965488910675
test,C2,2,2026_08_18_00_41_27_880068_L1_left_C2,left,pick up the left block,pick up the blue block,L1,blue,left,right,10,postgrasp,156,172,16,1.0,0.9717514124293786,0,8,0.3,0.7,8,0.3361707627773285,0.33269742131233215,0.3361707627773285,0.33269742131233215,-0.003473341464996338,0.6420590281486511,0.04509197548031807,0.19043219089508057
test,C2,2,2026_08_18_00_41_27_880068_L1_left_C2,left,pick up the left block,pick up the blue block,L1,blue,left,right,10,postgrasp,156,172,16,1.0,0.9717514124293786,1,8,0.3,0.7,8,0.3211568295955658,0.3138599991798401,0.3211568295955658,0.3138599991798401,-0.007296830415725708,0.6420590281486511,0.04509197548031807,0.19043219089508057
test,C2,2,2026_08_18_00_41_27_880068_L1_left_C2,left,pick up the left block,pick up the blue block,L1,blue,left,right,10,postgrasp,156,172,16,1.0,0.9717514124293786,2,8,0.3,0.7,8,0.3651230037212372,0.3567652404308319,0.3651230037212372,0.3567652404308319,-0.008357763290405273,0.6420590281486511,0.04509197548031807,0.19043219089508057
test,C2,2,2026_08_18_00_41_27_880068_L1_left_C2,left,pick up the left block,pick up the blue block,L1,blue,left,right,10,postgrasp,156,172,16,1.0,0.9717514124293786,3,8,0.3,0.7,8,0.31408244371414185,0.3067992031574249,0.31408244371414185,0.3067992031574249,-0.007283240556716919,0.6420590281486511,0.04509197548031807,0.19043219089508057
test,C2,2,2026_08_18_00_41_27_880068_L1_left_C2,left,pick up the left block,pick up the blue block,L1,blue,left,right,10,postgrasp,156,172,16,1.0,0.9717514124293786,4,8,0.3,0.7,8,0.29804447293281555,0.29016590118408203,0.29804447293281555,0.29016590118408203,-0.00787857174873352,0.6420590281486511,0.04509197548031807,0.19043219089508057
test,C2,2,2026_08_18_00_41_27_880068_L1_left_C2,left,pick up the left block,pick up the blue block,L1,blue,left,right,10,postgrasp,156,172,16,1.0,0.9717514124293786,5,8,0.3,0.7,8,0.39067941904067993,0.38155144453048706,0.39067941904067993,0.38155144453048706,-0.009127974510192871,0.6420590281486511,0.04509197548031807,0.19043219089508057
test,C2,2,2026_08_18_00_41_27_880068_L1_left_C2,left,pick up the left block,pick up the blue block,L1,blue,left,right,10,postgrasp,156,172,16,1.0,0.9717514124293786,6,8,0.3,0.7,8,0.28372740745544434,0.27749451994895935,0.28372740745544434,0.27749451994895935,-0.006232887506484985,0.6420590281486511,0.04509197548031807,0.19043219089508057
test,C2,2,2026_08_18_00_41_27_880068_L1_left_C2,left,pick up the left block,pick up the blue block,L1,blue,left,right,10,postgrasp,156,172,16,1.0,0.9717514124293786,7,8,0.3,0.7,8,0.3548545837402344,0.34446415305137634,0.3548545837402344,0.34446415305137634,-0.010390430688858032,0.6420590281486511,0.04509197548031807,0.19043219089508057
test,C2,2,2026_08_18_00_41_27_880068_L1_left_C2,left,pick up the left block,pick up the blue block,L1,blue,left,right,10,postgrasp,156,172,16,1.0,0.9717514124293786,8,8,0.3,0.7,8,0.3250997066497803,0.320561021566391,0.3250997066497803,0.320561021566391,-0.004538685083389282,0.6420590281486511,0.04509197548031807,0.19043219089508057
test,C2,2,2026_08_18_00_41_27_880068_L1_left_C2,left,pick up the left block,pick up the blue block,L1,blue,left,right,10,postgrasp,156,172,16,1.0,0.9717514124293786,9,8,0.3,0.7,8,0.3536762297153473,0.3486509323120117,0.3536762297153473,0.3486509323120117,-0.005025297403335571,0.6420590281486511,0.04509197548031807,0.19043219089508057
test,C2,2,2026_08_18_00_41_27_880068_L1_left_C2,left,pick up the left block,pick up the blue block,L1,blue,left,right,11,postgrasp,172,177,5,1.0,1.0,0,8,0.3,0.7,8,0.42143717408180237,0.4187353849411011,0.42143717408180237,0.4187353849411011,-0.002701789140701294,0.6420595645904541,0.04509175196290016,0.19043156504631042
test,C2,2,2026_08_18_00_41_27_880068_L1_left_C2,left,pick up the left block,pick up the blue block,L1,blue,left,right,11,postgrasp,172,177,5,1.0,1.0,1,8,0.3,0.7,8,0.40730124711990356,0.40878212451934814,0.40730124711990356,0.40878212451934814,0.00148087739944458,0.6420595645904541,0.04509175196290016,0.19043156504631042
test,C2,2,2026_08_18_00_41_27_880068_L1_left_C2,left,pick up the left block,pick up the blue block,L1,blue,left,right,11,postgrasp,172,177,5,1.0,1.0,2,8,0.3,0.7,8,0.390578955411911,0.39182621240615845,0.390578955411911,0.39182621240615845,0.0012472569942474365,0.6420595645904541,0.04509175196290016,0.19043156504631042
test,C2,2,2026_08_18_00_41_27_880068_L1_left_C2,left,pick up the left block,pick up the blue block,L1,blue,left,right,11,postgrasp,172,177,5,1.0,1.0,3,8,0.3,0.7,8,0.3345140516757965,0.3379840552806854,0.3345140516757965,0.3379840552806854,0.003470003604888916,0.6420595645904541,0.04509175196290016,0.19043156504631042
test,C2,2,2026_08_18_00_41_27_880068_L1_left_C2,left,pick up the left block,pick up the blue block,L1,blue,left,right,11,postgrasp,172,177,5,1.0,1.0,4,8,0.3,0.7,8,0.3650954067707062,0.37113067507743835,0.3650954067707062,0.37113067507743835,0.006035268306732178,0.6420595645904541,0.04509175196290016,0.19043156504631042
test,C2,2,2026_08_18_00_41_27_880068_L1_left_C2,left,pick up the left block,pick up the blue block,L1,blue,left,right,11,postgrasp,172,177,5,1.0,1.0,5,8,0.3,0.7,8,0.5033650398254395,0.504504382610321,0.5033650398254395,0.504504382610321,0.0011393427848815918,0.6420595645904541,0.04509175196290016,0.19043156504631042
test,C2,2,2026_08_18_00_41_27_880068_L1_left_C2,left,pick up the left block,pick up the blue block,L1,blue,left,right,11,postgrasp,172,177,5,1.0,1.0,6,8,0.3,0.7,8,0.5098520517349243,0.5138825178146362,0.5098520517349243,0.5138825178146362,0.004030466079711914,0.6420595645904541,0.04509175196290016,0.19043156504631042
test,C2,2,2026_08_18_00_41_27_880068_L1_left_C2,left,pick up the left block,pick up the blue block,L1,blue,left,right,11,postgrasp,172,177,5,1.0,1.0,7,8,0.3,0.7,8,0.328048974275589,0.3275618851184845,0.328048974275589,0.3275618851184845,-0.0004870891571044922,0.6420595645904541,0.04509175196290016,0.19043156504631042
test,C2,2,2026_08_18_00_41_27_880068_L1_left_C2,left,pick up the left block,pick up the blue block,L1,blue,left,right,11,postgrasp,172,177,5,1.0,1.0,8,8,0.3,0.7,8,0.4078751802444458,0.4080865681171417,0.4078751802444458,0.4080865681171417,0.00021138787269592285,0.6420595645904541,0.04509175196290016,0.19043156504631042
test,C2,2,2026_08_18_00_41_27_880068_L1_left_C2,left,pick up the left block,pick up the blue block,L1,blue,left,right,11,postgrasp,172,177,5,1.0,1.0,9,8,0.3,0.7,8,0.2927819490432739,0.29502761363983154,0.2927819490432739,0.29502761363983154,0.002245664596557617,0.6420595645904541,0.04509175196290016,0.19043156504631042
test,C0,3,2026_08_18_00_45_28_073578_L1_right_C0,right,pick up the right block,pick up the red block,L1,red,left,right,0,pregrasp,0,16,16,0.13793103448275862,0.11678832116788321,0,8,0.3,0.7,8,0.20371213555335999,0.23920279741287231,0.23920279741287231,0.20371213555335999,-0.03549066185951233,0.3815579116344452,0.00301348976790905,0.4665829539299011
test,C0,3,2026_08_18_00_45_28_073578_L1_right_C0,right,pick up the right block,pick up the red block,L1,red,left,right,0,pregrasp,0,16,16,0.13793103448275862,0.11678832116788321,1,8,0.3,0.7,8,0.17185959219932556,0.18721070885658264,0.18721070885658264,0.17185959219932556,-0.01535111665725708,0.3815579116344452,0.00301348976790905,0.4665829539299011
test,C0,3,2026_08_18_00_45_28_073578_L1_right_C0,right,pick up the right block,pick up the red block,L1,red,left,right,0,pregrasp,0,16,16,0.13793103448275862,0.11678832116788321,2,8,0.3,0.7,8,0.143060103058815,0.1604577898979187,0.1604577898979187,0.143060103058815,-0.0173976868391037,0.3815579116344452,0.00301348976790905,0.4665829539299011
test,C0,3,2026_08_18_00_45_28_073578_L1_right_C0,right,pick up the right block,pick up the red block,L1,red,left,right,0,pregrasp,0,16,16,0.13793103448275862,0.11678832116788321,3,8,0.3,0.7,8,0.2701674699783325,0.31128430366516113,0.31128430366516113,0.2701674699783325,-0.04111683368682861,0.3815579116344452,0.00301348976790905,0.4665829539299011
test,C0,3,2026_08_18_00_45_28_073578_L1_right_C0,right,pick up the right block,pick up the red block,L1,red,left,right,0,pregrasp,0,16,16,0.13793103448275862,0.11678832116788321,4,8,0.3,0.7,8,0.30300474166870117,0.34700632095336914,0.34700632095336914,0.30300474166870117,-0.04400157928466797,0.3815579116344452,0.00301348976790905,0.4665829539299011
test,C0,3,2026_08_18_00_45_28_073578_L1_right_C0,right,pick up the right block,pick up the red block,L1,red,left,right,0,pregrasp,0,16,16,0.13793103448275862,0.11678832116788321,5,8,0.3,0.7,8,0.1772070676088333,0.17842665314674377,0.17842665314674377,0.1772070676088333,-0.0012195855379104614,0.3815579116344452,0.00301348976790905,0.4665829539299011
test,C0,3,2026_08_18_00_45_28_073578_L1_right_C0,right,pick up the right block,pick up the red block,L1,red,left,right,0,pregrasp,0,16,16,0.13793103448275862,0.11678832116788321,6,8,0.3,0.7,8,0.18075336515903473,0.18508833646774292,0.18508833646774292,0.18075336515903473,-0.004334971308708191,0.3815579116344452,0.00301348976790905,0.4665829539299011
test,C0,3,2026_08_18_00_45_28_073578_L1_right_C0,right,pick up the right block,pick up the red block,L1,red,left,right,0,pregrasp,0,16,16,0.13793103448275862,0.11678832116788321,7,8,0.3,0.7,8,0.17231066524982452,0.20479777455329895,0.20479777455329895,0.17231066524982452,-0.032487109303474426,0.3815579116344452,0.00301348976790905,0.4665829539299011
test,C0,3,2026_08_18_00_45_28_073578_L1_right_C0,right,pick up the right block,pick up the red block,L1,red,left,right,0,pregrasp,0,16,16,0.13793103448275862,0.11678832116788321,8,8,0.3,0.7,8,0.14014039933681488,0.1671973615884781,0.1671973615884781,0.14014039933681488,-0.027056962251663208,0.3815579116344452,0.00301348976790905,0.4665829539299011
test,C0,3,2026_08_18_00_45_28_073578_L1_right_C0,right,pick up the right block,pick up the red block,L1,red,left,right,0,pregrasp,0,16,16,0.13793103448275862,0.11678832116788321,9,8,0.3,0.7,8,0.3004893958568573,0.31305480003356934,0.31305480003356934,0.3004893958568573,-0.012565404176712036,0.3815579116344452,0.00301348976790905,0.4665829539299011
test,C0,3,2026_08_18_00_45_28_073578_L1_right_C0,right,pick up the right block,pick up the red block,L1,red,left,right,1,pregrasp,16,32,16,0.27586206896551724,0.23357664233576642,0,8,0.3,0.7,8,0.31637364625930786,0.3637440800666809,0.3637440800666809,0.31637364625930786,-0.04737043380737305,0.4242797791957855,-0.005438078194856644,0.41251233220100403
test,C0,3,2026_08_18_00_45_28_073578_L1_right_C0,right,pick up the right block,pick up the red block,L1,red,left,right,1,pregrasp,16,32,16,0.27586206896551724,0.23357664233576642,1,8,0.3,0.7,8,0.20023213326931,0.22781062126159668,0.22781062126159668,0.20023213326931,-0.027578487992286682,0.4242797791957855,-0.005438078194856644,0.41251233220100403
test,C0,3,2026_08_18_00_45_28_073578_L1_right_C0,right,pick up the right block,pick up the red block,L1,red,left,right,1,pregrasp,16,32,16,0.27586206896551724,0.23357664233576642,2,8,0.3,0.7,8,0.2633725106716156,0.3118070960044861,0.3118070960044861,0.2633725106716156,-0.04843458533287048,0.4242797791957855,-0.005438078194856644,0.41251233220100403
test,C0,3,2026_08_18_00_45_28_073578_L1_right_C0,right,pick up the right block,pick up the red block,L1,red,left,right,1,pregrasp,16,32,16,0.27586206896551724,0.23357664233576642,3,8,0.3,0.7,8,0.17158633470535278,0.2063516080379486,0.2063516080379486,0.17158633470535278,-0.034765273332595825,0.4242797791957855,-0.005438078194856644,0.41251233220100403
test,C0,3,2026_08_18_00_45_28_073578_L1_right_C0,right,pick up the right block,pick up the red block,L1,red,left,right,1,pregrasp,16,32,16,0.27586206896551724,0.23357664233576642,4,8,0.3,0.7,8,0.2718718647956848,0.333732008934021,0.333732008934021,0.2718718647956848,-0.06186014413833618,0.4242797791957855,-0.005438078194856644,0.41251233220100403
test,C0,3,2026_08_18_00_45_28_073578_L1_right_C0,right,pick up the right block,pick up the red block,L1,red,left,right,1,pregrasp,16,32,16,0.27586206896551724,0.23357664233576642,5,8,0.3,0.7,8,0.2038288712501526,0.2469087541103363,0.2469087541103363,0.2038288712501526,-0.043079882860183716,0.4242797791957855,-0.005438078194856644,0.41251233220100403
test,C0,3,2026_08_18_00_45_28_073578_L1_right_C0,right,pick up the right block,pick up the red block,L1,red,left,right,1,pregrasp,16,32,16,0.27586206896551724,0.23357664233576642,6,8,0.3,0.7,8,0.19466325640678406,0.23687565326690674,0.23687565326690674,0.19466325640678406,-0.04221239686012268,0.4242797791957855,-0.005438078194856644,0.41251233220100403
test,C0,3,2026_08_18_00_45_28_073578_L1_right_C0,right,pick up the right block,pick up the red block,L1,red,left,right,1,pregrasp,16,32,16,0.27586206896551724,0.23357664233576642,7,8,0.3,0.7,8,0.2384946644306183,0.2677660584449768,0.2677660584449768,0.2384946644306183,-0.02927139401435852,0.4242797791957855,-0.005438078194856644,0.41251233220100403
test,C0,3,2026_08_18_00_45_28_073578_L1_right_C0,right,pick up the right block,pick up the red block,L1,red,left,right,1,pregrasp,16,32,16,0.27586206896551724,0.23357664233576642,8,8,0.3,0.7,8,0.24122926592826843,0.2899037301540375,0.2899037301540375,0.24122926592826843,-0.04867446422576904,0.4242797791957855,-0.005438078194856644,0.41251233220100403
test,C0,3,2026_08_18_00_45_28_073578_L1_right_C0,right,pick up the right block,pick up the red block,L1,red,left,right,1,pregrasp,16,32,16,0.27586206896551724,0.23357664233576642,9,8,0.3,0.7,8,0.1897936463356018,0.22754880785942078,0.22754880785942078,0.1897936463356018,-0.03775516152381897,0.4242797791957855,-0.005438078194856644,0.41251233220100403
test,C0,3,2026_08_18_00_45_28_073578_L1_right_C0,right,pick up the right block,pick up the red block,L1,red,left,right,2,pregrasp,32,48,16,0.41379310344827586,0.35036496350364965,0,8,0.3,0.7,8,0.1944064348936081,0.22586560249328613,0.22586560249328613,0.1944064348936081,-0.03145916759967804,0.47261476516723633,-0.012407111003994942,0.3632495403289795
test,C0,3,2026_08_18_00_45_28_073578_L1_right_C0,right,pick up the right block,pick up the red block,L1,red,left,right,2,pregrasp,32,48,16,0.41379310344827586,0.35036496350364965,1,8,0.3,0.7,8,0.22711783647537231,0.24695128202438354,0.24695128202438354,0.22711783647537231,-0.01983344554901123,0.47261476516723633,-0.012407111003994942,0.3632495403289795
test,C0,3,2026_08_18_00_45_28_073578_L1_right_C0,right,pick up the right block,pick up the red block,L1,red,left,right,2,pregrasp,32,48,16,0.41379310344827586,0.35036496350364965,2,8,0.3,0.7,8,0.21627114713191986,0.24637968838214874,0.24637968838214874,0.21627114713191986,-0.030108541250228882,0.47261476516723633,-0.012407111003994942,0.3632495403289795
test,C0,3,2026_08_18_00_45_28_073578_L1_right_C0,right,pick up the right block,pick up the red block,L1,red,left,right,2,pregrasp,32,48,16,0.41379310344827586,0.35036496350364965,3,8,0.3,0.7,8,0.17235642671585083,0.21833331882953644,0.21833331882953644,0.17235642671585083,-0.04597689211368561,0.47261476516723633,-0.012407111003994942,0.3632495403289795
test,C0,3,2026_08_18_00_45_28_073578_L1_right_C0,right,pick up the right block,pick up the red block,L1,red,left,right,2,pregrasp,32,48,16,0.41379310344827586,0.35036496350364965,4,8,0.3,0.7,8,0.24796369671821594,0.30811750888824463,0.30811750888824463,0.24796369671821594,-0.060153812170028687,0.47261476516723633,-0.012407111003994942,0.3632495403289795
test,C0,3,2026_08_18_00_45_28_073578_L1_right_C0,right,pick up the right block,pick up the red block,L1,red,left,right,2,pregrasp,32,48,16,0.41379310344827586,0.35036496350364965,5,8,0.3,0.7,8,0.19715923070907593,0.2288418859243393,0.2288418859243393,0.19715923070907593,-0.03168265521526337,0.47261476516723633,-0.012407111003994942,0.3632495403289795
test,C0,3,2026_08_18_00_45_28_073578_L1_right_C0,right,pick up the right block,pick up the red block,L1,red,left,right,2,pregrasp,32,48,16,0.41379310344827586,0.35036496350364965,6,8,0.3,0.7,8,0.1162005290389061,0.1413874328136444,0.1413874328136444,0.1162005290389061,-0.025186903774738312,0.47261476516723633,-0.012407111003994942,0.3632495403289795
test,C0,3,2026_08_18_00_45_28_073578_L1_right_C0,right,pick up the right block,pick up the red block,L1,red,left,right,2,pregrasp,32,48,16,0.41379310344827586,0.35036496350364965,7,8,0.3,0.7,8,0.15662020444869995,0.17884290218353271,0.17884290218353271,0.15662020444869995,-0.022222697734832764,0.47261476516723633,-0.012407111003994942,0.3632495403289795
test,C0,3,2026_08_18_00_45_28_073578_L1_right_C0,right,pick up the right block,pick up the red block,L1,red,left,right,2,pregrasp,32,48,16,0.41379310344827586,0.35036496350364965,8,8,0.3,0.7,8,0.20584993064403534,0.28189727663993835,0.28189727663993835,0.20584993064403534,-0.07604734599590302,0.47261476516723633,-0.012407111003994942,0.3632495403289795
test,C0,3,2026_08_18_00_45_28_073578_L1_right_C0,right,pick up the right block,pick up the red block,L1,red,left,right,2,pregrasp,32,48,16,0.41379310344827586,0.35036496350364965,9,8,0.3,0.7,8,0.17202423512935638,0.18430499732494354,0.18430499732494354,0.17202423512935638,-0.012280762195587158,0.47261476516723633,-0.012407111003994942,0.3632495403289795
test,C0,3,2026_08_18_00_45_28_073578_L1_right_C0,right,pick up the right block,pick up the red block,L1,red,left,right,3,pregrasp,48,64,16,0.5517241379310345,0.46715328467153283,0,8,0.3,0.7,8,0.177926704287529,0.15837188065052032,0.15837188065052032,0.177926704287529,0.019554823637008667,0.5210484862327576,-0.01958276890218258,0.31362223625183105
test,C0,3,2026_08_18_00_45_28_073578_L1_right_C0,right,pick up the right block,pick up the red block,L1,red,left,right,3,pregrasp,48,64,16,0.5517241379310345,0.46715328467153283,1,8,0.3,0.7,8,0.21567629277706146,0.22055916488170624,0.22055916488170624,0.21567629277706146,-0.004882872104644775,0.5210484862327576,-0.01958276890218258,0.31362223625183105
test,C0,3,2026_08_18_00_45_28_073578_L1_right_C0,right,pick up the right block,pick up the red block,L1,red,left,right,3,pregrasp,48,64,16,0.5517241379310345,0.46715328467153283,2,8,0.3,0.7,8,0.25730040669441223,0.2790478467941284,0.2790478467941284,0.25730040669441223,-0.021747440099716187,0.5210484862327576,-0.01958276890218258,0.31362223625183105
test,C0,3,2026_08_18_00_45_28_073578_L1_right_C0,right,pick up the right block,pick up the red block,L1,red,left,right,3,pregrasp,48,64,16,0.5517241379310345,0.46715328467153283,3,8,0.3,0.7,8,0.22802576422691345,0.2562243938446045,0.2562243938446045,0.22802576422691345,-0.02819862961769104,0.5210484862327576,-0.01958276890218258,0.31362223625183105
test,C0,3,2026_08_18_00_45_28_073578_L1_right_C0,right,pick up the right block,pick up the red block,L1,red,left,right,3,pregrasp,48,64,16,0.5517241379310345,0.46715328467153283,4,8,0.3,0.7,8,0.17825818061828613,0.17478086054325104,0.17478086054325104,0.17825818061828613,0.003477320075035095,0.5210484862327576,-0.01958276890218258,0.31362223625183105
test,C0,3,2026_08_18_00_45_28_073578_L1_right_C0,right,pick up the right block,pick up the red block,L1,red,left,right,3,pregrasp,48,64,16,0.5517241379310345,0.46715328467153283,5,8,0.3,0.7,8,0.23951789736747742,0.24967128038406372,0.24967128038406372,0.23951789736747742,-0.010153383016586304,0.5210484862327576,-0.01958276890218258,0.31362223625183105
test,C0,3,2026_08_18_00_45_28_073578_L1_right_C0,right,pick up the right block,pick up the red block,L1,red,left,right,3,pregrasp,48,64,16,0.5517241379310345,0.46715328467153283,6,8,0.3,0.7,8,0.1734783947467804,0.17061373591423035,0.17061373591423035,0.1734783947467804,0.002864658832550049,0.5210484862327576,-0.01958276890218258,0.31362223625183105
test,C0,3,2026_08_18_00_45_28_073578_L1_right_C0,right,pick up the right block,pick up the red block,L1,red,left,right,3,pregrasp,48,64,16,0.5517241379310345,0.46715328467153283,7,8,0.3,0.7,8,0.2213153839111328,0.22328266501426697,0.22328266501426697,0.2213153839111328,-0.0019672811031341553,0.5210484862327576,-0.01958276890218258,0.31362223625183105
test,C0,3,2026_08_18_00_45_28_073578_L1_right_C0,right,pick up the right block,pick up the red block,L1,red,left,right,3,pregrasp,48,64,16,0.5517241379310345,0.46715328467153283,8,8,0.3,0.7,8,0.2115481197834015,0.21897850930690765,0.21897850930690765,0.2115481197834015,-0.0074303895235061646,0.5210484862327576,-0.01958276890218258,0.31362223625183105
test,C0,3,2026_08_18_00_45_28_073578_L1_right_C0,right,pick up the right block,pick up the red block,L1,red,left,right,3,pregrasp,48,64,16,0.5517241379310345,0.46715328467153283,9,8,0.3,0.7,8,0.21159538626670837,0.21594057977199554,0.21594057977199554,0.21159538626670837,-0.00434519350528717,0.5210484862327576,-0.01958276890218258,0.31362223625183105
test,C0,3,2026_08_18_00_45_28_073578_L1_right_C0,right,pick up the right block,pick up the red block,L1,red,left,right,4,pregrasp,64,80,16,0.6896551724137931,0.583941605839416,0,8,0.3,0.7,8,0.1904468536376953,0.18352250754833221,0.18352250754833221,0.1904468536376953,0.006924346089363098,0.569607675075531,-0.027412086725234985,0.2638426423072815
test,C0,3,2026_08_18_00_45_28_073578_L1_right_C0,right,pick up the right block,pick up the red block,L1,red,left,right,4,pregrasp,64,80,16,0.6896551724137931,0.583941605839416,1,8,0.3,0.7,8,0.23047158122062683,0.23076173663139343,0.23076173663139343,0.23047158122062683,-0.00029015541076660156,0.569607675075531,-0.027412086725234985,0.2638426423072815
test,C0,3,2026_08_18_00_45_28_073578_L1_right_C0,right,pick up the right block,pick up the red block,L1,red,left,right,4,pregrasp,64,80,16,0.6896551724137931,0.583941605839416,2,8,0.3,0.7,8,0.3305516242980957,0.3352505564689636,0.3352505564689636,0.3305516242980957,-0.00469893217086792,0.569607675075531,-0.027412086725234985,0.2638426423072815
test,C0,3,2026_08_18_00_45_28_073578_L1_right_C0,right,pick up the right block,pick up the red block,L1,red,left,right,4,pregrasp,64,80,16,0.6896551724137931,0.583941605839416,3,8,0.3,0.7,8,0.31097549200057983,0.31777384877204895,0.31777384877204895,0.31097549200057983,-0.006798356771469116,0.569607675075531,-0.027412086725234985,0.2638426423072815
test,C0,3,2026_08_18_00_45_28_073578_L1_right_C0,right,pick up the right block,pick up the red block,L1,red,left,right,4,pregrasp,64,80,16,0.6896551724137931,0.583941605839416,4,8,0.3,0.7,8,0.11862900853157043,0.10704220831394196,0.10704220831394196,0.11862900853157043,0.011586800217628479,0.569607675075531,-0.027412086725234985,0.2638426423072815
test,C0,3,2026_08_18_00_45_28_073578_L1_right_C0,right,pick up the right block,pick up the red block,L1,red,left,right,4,pregrasp,64,80,16,0.6896551724137931,0.583941605839416,5,8,0.3,0.7,8,0.1950227916240692,0.18622761964797974,0.18622761964797974,0.1950227916240692,0.008795171976089478,0.569607675075531,-0.027412086725234985,0.2638426423072815
test,C0,3,2026_08_18_00_45_28_073578_L1_right_C0,right,pick up the right block,pick up the red block,L1,red,left,right,4,pregrasp,64,80,16,0.6896551724137931,0.583941605839416,6,8,0.3,0.7,8,0.24567127227783203,0.2563832104206085,0.2563832104206085,0.24567127227783203,-0.01071193814277649,0.569607675075531,-0.027412086725234985,0.2638426423072815
test,C0,3,2026_08_18_00_45_28_073578_L1_right_C0,right,pick up the right block,pick up the red block,L1,red,left,right,4,pregrasp,64,80,16,0.6896551724137931,0.583941605839416,7,8,0.3,0.7,8,0.2021334022283554,0.19128309190273285,0.19128309190273285,0.2021334022283554,0.010850310325622559,0.569607675075531,-0.027412086725234985,0.2638426423072815
test,C0,3,2026_08_18_00_45_28_073578_L1_right_C0,right,pick up the right block,pick up the red block,L1,red,left,right,4,pregrasp,64,80,16,0.6896551724137931,0.583941605839416,8,8,0.3,0.7,8,0.17011788487434387,0.1510574221611023,0.1510574221611023,0.17011788487434387,0.019060462713241577,0.569607675075531,-0.027412086725234985,0.2638426423072815
test,C0,3,2026_08_18_00_45_28_073578_L1_right_C0,right,pick up the right block,pick up the red block,L1,red,left,right,4,pregrasp,64,80,16,0.6896551724137931,0.583941605839416,9,8,0.3,0.7,8,0.23642656207084656,0.24277088046073914,0.24277088046073914,0.23642656207084656,-0.006344318389892578,0.569607675075531,-0.027412086725234985,0.2638426423072815
test,C0,3,2026_08_18_00_45_28_073578_L1_right_C0,right,pick up the right block,pick up the red block,L1,red,left,right,5,pregrasp,80,96,16,0.8275862068965517,0.7007299270072993,0,8,0.3,0.7,8,0.34809166193008423,0.34505441784858704,0.34505441784858704,0.34809166193008423,0.0030372440814971924,0.6180645823478699,-0.036204639822244644,0.21442626416683197
test,C0,3,2026_08_18_00_45_28_073578_L1_right_C0,right,pick up the right block,pick up the red block,L1,red,left,right,5,pregrasp,80,96,16,0.8275862068965517,0.7007299270072993,1,8,0.3,0.7,8,0.2770228981971741,0.27359628677368164,0.27359628677368164,0.2770228981971741,0.0034266114234924316,0.6180645823478699,-0.036204639822244644,0.21442626416683197
test,C0,3,2026_08_18_00_45_28_073578_L1_right_C0,right,pick up the right block,pick up the red block,L1,red,left,right,5,pregrasp,80,96,16,0.8275862068965517,0.7007299270072993,2,8,0.3,0.7,8,0.2919556498527527,0.2901355028152466,0.2901355028152466,0.2919556498527527,0.0018201470375061035,0.6180645823478699,-0.036204639822244644,0.21442626416683197
test,C0,3,2026_08_18_00_45_28_073578_L1_right_C0,right,pick up the right block,pick up the red block,L1,red,left,right,5,pregrasp,80,96,16,0.8275862068965517,0.7007299270072993,3,8,0.3,0.7,8,0.3914991617202759,0.38511359691619873,0.38511359691619873,0.3914991617202759,0.0063855648040771484,0.6180645823478699,-0.036204639822244644,0.21442626416683197
test,C0,3,2026_08_18_00_45_28_073578_L1_right_C0,right,pick up the right block,pick up the red block,L1,red,left,right,5,pregrasp,80,96,16,0.8275862068965517,0.7007299270072993,4,8,0.3,0.7,8,0.2633281350135803,0.26972296833992004,0.26972296833992004,0.2633281350135803,-0.006394833326339722,0.6180645823478699,-0.036204639822244644,0.21442626416683197
test,C0,3,2026_08_18_00_45_28_073578_L1_right_C0,right,pick up the right block,pick up the red block,L1,red,left,right,5,pregrasp,80,96,16,0.8275862068965517,0.7007299270072993,5,8,0.3,0.7,8,0.2780345678329468,0.2749272584915161,0.2749272584915161,0.2780345678329468,0.003107309341430664,0.6180645823478699,-0.036204639822244644,0.21442626416683197
test,C0,3,2026_08_18_00_45_28_073578_L1_right_C0,right,pick up the right block,pick up the red block,L1,red,left,right,5,pregrasp,80,96,16,0.8275862068965517,0.7007299270072993,6,8,0.3,0.7,8,0.24704468250274658,0.25187188386917114,0.25187188386917114,0.24704468250274658,-0.0048272013664245605,0.6180645823478699,-0.036204639822244644,0.21442626416683197
test,C0,3,2026_08_18_00_45_28_073578_L1_right_C0,right,pick up the right block,pick up the red block,L1,red,left,right,5,pregrasp,80,96,16,0.8275862068965517,0.7007299270072993,7,8,0.3,0.7,8,0.2941259443759918,0.2853934168815613,0.2853934168815613,0.2941259443759918,0.008732527494430542,0.6180645823478699,-0.036204639822244644,0.21442626416683197
test,C0,3,2026_08_18_00_45_28_073578_L1_right_C0,right,pick up the right block,pick up the red block,L1,red,left,right,5,pregrasp,80,96,16,0.8275862068965517,0.7007299270072993,8,8,0.3,0.7,8,0.3156627118587494,0.3274892568588257,0.3274892568588257,0.3156627118587494,-0.011826545000076294,0.6180645823478699,-0.036204639822244644,0.21442626416683197
test,C0,3,2026_08_18_00_45_28_073578_L1_right_C0,right,pick up the right block,pick up the red block,L1,red,left,right,5,pregrasp,80,96,16,0.8275862068965517,0.7007299270072993,9,8,0.3,0.7,8,0.28094497323036194,0.2841813266277313,0.2841813266277313,0.28094497323036194,-0.0032363533973693848,0.6180645823478699,-0.036204639822244644,0.21442626416683197
test,C0,3,2026_08_18_00_45_28_073578_L1_right_C0,right,pick up the right block,pick up the red block,L1,red,left,right,6,pregrasp,96,112,16,0.9655172413793104,0.8175182481751825,0,8,0.3,0.7,8,0.2091037631034851,0.2105933278799057,0.2105933278799057,0.2091037631034851,-0.0014895647764205933,0.6416376829147339,-0.03995240107178688,0.18963845074176788
test,C0,3,2026_08_18_00_45_28_073578_L1_right_C0,right,pick up the right block,pick up the red block,L1,red,left,right,6,pregrasp,96,112,16,0.9655172413793104,0.8175182481751825,1,8,0.3,0.7,8,0.19624504446983337,0.1997971534729004,0.1997971534729004,0.19624504446983337,-0.0035521090030670166,0.6416376829147339,-0.03995240107178688,0.18963845074176788
test,C0,3,2026_08_18_00_45_28_073578_L1_right_C0,right,pick up the right block,pick up the red block,L1,red,left,right,6,pregrasp,96,112,16,0.9655172413793104,0.8175182481751825,2,8,0.3,0.7,8,0.19041304290294647,0.19325068593025208,0.19325068593025208,0.19041304290294647,-0.002837643027305603,0.6416376829147339,-0.03995240107178688,0.18963845074176788
test,C0,3,2026_08_18_00_45_28_073578_L1_right_C0,right,pick up the right block,pick up the red block,L1,red,left,right,6,pregrasp,96,112,16,0.9655172413793104,0.8175182481751825,3,8,0.3,0.7,8,0.14838409423828125,0.149692565202713,0.149692565202713,0.14838409423828125,-0.0013084709644317627,0.6416376829147339,-0.03995240107178688,0.18963845074176788
test,C0,3,2026_08_18_00_45_28_073578_L1_right_C0,right,pick up the right block,pick up the red block,L1,red,left,right,6,pregrasp,96,112,16,0.9655172413793104,0.8175182481751825,4,8,0.3,0.7,8,0.09717171639204025,0.09792743623256683,0.09792743623256683,0.09717171639204025,-0.0007557198405265808,0.6416376829147339,-0.03995240107178688,0.18963845074176788
test,C0,3,2026_08_18_00_45_28_073578_L1_right_C0,right,pick up the right block,pick up the red block,L1,red,left,right,6,pregrasp,96,112,16,0.9655172413793104,0.8175182481751825,5,8,0.3,0.7,8,0.19042691588401794,0.19221723079681396,0.19221723079681396,0.19042691588401794,-0.0017903149127960205,0.6416376829147339,-0.03995240107178688,0.18963845074176788
test,C0,3,2026_08_18_00_45_28_073578_L1_right_C0,right,pick up the right block,pick up the red block,L1,red,left,right,6,pregrasp,96,112,16,0.9655172413793104,0.8175182481751825,6,8,0.3,0.7,8,0.22461752593517303,0.22742722928524017,0.22742722928524017,0.22461752593517303,-0.0028097033500671387,0.6416376829147339,-0.03995240107178688,0.18963845074176788
test,C0,3,2026_08_18_00_45_28_073578_L1_right_C0,right,pick up the right block,pick up the red block,L1,red,left,right,6,pregrasp,96,112,16,0.9655172413793104,0.8175182481751825,7,8,0.3,0.7,8,0.16856695711612701,0.17153458297252655,0.17153458297252655,0.16856695711612701,-0.002967625856399536,0.6416376829147339,-0.03995240107178688,0.18963845074176788
test,C0,3,2026_08_18_00_45_28_073578_L1_right_C0,right,pick up the right block,pick up the red block,L1,red,left,right,6,pregrasp,96,112,16,0.9655172413793104,0.8175182481751825,8,8,0.3,0.7,8,0.22389435768127441,0.22702383995056152,0.22702383995056152,0.22389435768127441,-0.0031294822692871094,0.6416376829147339,-0.03995240107178688,0.18963845074176788
test,C0,3,2026_08_18_00_45_28_073578_L1_right_C0,right,pick up the right block,pick up the red block,L1,red,left,right,6,pregrasp,96,112,16,0.9655172413793104,0.8175182481751825,9,8,0.3,0.7,8,0.21185190975666046,0.2150578647851944,0.2150578647851944,0.21185190975666046,-0.0032059550285339355,0.6416376829147339,-0.03995240107178688,0.18963845074176788
test,C0,3,2026_08_18_00_45_28_073578_L1_right_C0,right,pick up the right block,pick up the red block,L1,red,left,right,7,pregrasp,112,116,4,1.0,0.8467153284671532,0,8,0.3,0.7,8,0.2665841281414032,0.28329798579216003,0.28329798579216003,0.2665841281414032,-0.016713857650756836,0.6416584253311157,-0.03996574133634567,0.18965685367584229
test,C0,3,2026_08_18_00_45_28_073578_L1_right_C0,right,pick up the right block,pick up the red block,L1,red,left,right,7,pregrasp,112,116,4,1.0,0.8467153284671532,1,8,0.3,0.7,8,0.24232488870620728,0.25222599506378174,0.25222599506378174,0.24232488870620728,-0.009901106357574463,0.6416584253311157,-0.03996574133634567,0.18965685367584229
test,C0,3,2026_08_18_00_45_28_073578_L1_right_C0,right,pick up the right block,pick up the red block,L1,red,left,right,7,pregrasp,112,116,4,1.0,0.8467153284671532,2,8,0.3,0.7,8,0.2082505077123642,0.221793070435524,0.221793070435524,0.2082505077123642,-0.01354256272315979,0.6416584253311157,-0.03996574133634567,0.18965685367584229
test,C0,3,2026_08_18_00_45_28_073578_L1_right_C0,right,pick up the right block,pick up the red block,L1,red,left,right,7,pregrasp,112,116,4,1.0,0.8467153284671532,3,8,0.3,0.7,8,0.2125622034072876,0.22749461233615875,0.22749461233615875,0.2125622034072876,-0.014932408928871155,0.6416584253311157,-0.03996574133634567,0.18965685367584229
test,C0,3,2026_08_18_00_45_28_073578_L1_right_C0,right,pick up the right block,pick up the red block,L1,red,left,right,7,pregrasp,112,116,4,1.0,0.8467153284671532,4,8,0.3,0.7,8,0.2319282591342926,0.24590955674648285,0.24590955674648285,0.2319282591342926,-0.013981297612190247,0.6416584253311157,-0.03996574133634567,0.18965685367584229
test,C0,3,2026_08_18_00_45_28_073578_L1_right_C0,right,pick up the right block,pick up the red block,L1,red,left,right,7,pregrasp,112,116,4,1.0,0.8467153284671532,5,8,0.3,0.7,8,0.18601331114768982,0.1972549557685852,0.1972549557685852,0.18601331114768982,-0.011241644620895386,0.6416584253311157,-0.03996574133634567,0.18965685367584229
test,C0,3,2026_08_18_00_45_28_073578_L1_right_C0,right,pick up the right block,pick up the red block,L1,red,left,right,7,pregrasp,112,116,4,1.0,0.8467153284671532,6,8,0.3,0.7,8,0.169086292386055,0.1811182200908661,0.1811182200908661,0.169086292386055,-0.012031927704811096,0.6416584253311157,-0.03996574133634567,0.18965685367584229
test,C0,3,2026_08_18_00_45_28_073578_L1_right_C0,right,pick up the right block,pick up the red block,L1,red,left,right,7,pregrasp,112,116,4,1.0,0.8467153284671532,7,8,0.3,0.7,8,0.14136353135108948,0.14530861377716064,0.14530861377716064,0.14136353135108948,-0.003945082426071167,0.6416584253311157,-0.03996574133634567,0.18965685367584229
test,C0,3,2026_08_18_00_45_28_073578_L1_right_C0,right,pick up the right block,pick up the red block,L1,red,left,right,7,pregrasp,112,116,4,1.0,0.8467153284671532,8,8,0.3,0.7,8,0.14071789383888245,0.1462855041027069,0.1462855041027069,0.14071789383888245,-0.005567610263824463,0.6416584253311157,-0.03996574133634567,0.18965685367584229
test,C0,3,2026_08_18_00_45_28_073578_L1_right_C0,right,pick up the right block,pick up the red block,L1,red,left,right,7,pregrasp,112,116,4,1.0,0.8467153284671532,9,8,0.3,0.7,8,0.13794150948524475,0.147085502743721,0.147085502743721,0.13794150948524475,-0.009143993258476257,0.6416584253311157,-0.03996574133634567,0.18965685367584229
test,C0,3,2026_08_18_00_45_28_073578_L1_right_C0,right,pick up the right block,pick up the red block,L1,red,left,right,8,postgrasp,116,132,16,1.0,0.9635036496350365,0,8,0.3,0.7,8,0.30815935134887695,0.32300952076911926,0.32300952076911926,0.30815935134887695,-0.01485016942024231,0.6421687006950378,-0.039915841072797775,0.1901026964187622
test,C0,3,2026_08_18_00_45_28_073578_L1_right_C0,right,pick up the right block,pick up the red block,L1,red,left,right,8,postgrasp,116,132,16,1.0,0.9635036496350365,1,8,0.3,0.7,8,0.4126949608325958,0.41946059465408325,0.41946059465408325,0.4126949608325958,-0.006765633821487427,0.6421687006950378,-0.039915841072797775,0.1901026964187622
test,C0,3,2026_08_18_00_45_28_073578_L1_right_C0,right,pick up the right block,pick up the red block,L1,red,left,right,8,postgrasp,116,132,16,1.0,0.9635036496350365,2,8,0.3,0.7,8,0.32789868116378784,0.33006349205970764,0.33006349205970764,0.32789868116378784,-0.0021648108959198,0.6421687006950378,-0.039915841072797775,0.1901026964187622
test,C0,3,2026_08_18_00_45_28_073578_L1_right_C0,right,pick up the right block,pick up the red block,L1,red,left,right,8,postgrasp,116,132,16,1.0,0.9635036496350365,3,8,0.3,0.7,8,0.3253093659877777,0.33121776580810547,0.33121776580810547,0.3253093659877777,-0.005908399820327759,0.6421687006950378,-0.039915841072797775,0.1901026964187622
test,C0,3,2026_08_18_00_45_28_073578_L1_right_C0,right,pick up the right block,pick up the red block,L1,red,left,right,8,postgrasp,116,132,16,1.0,0.9635036496350365,4,8,0.3,0.7,8,0.28747987747192383,0.30669131875038147,0.30669131875038147,0.28747987747192383,-0.01921144127845764,0.6421687006950378,-0.039915841072797775,0.1901026964187622
test,C0,3,2026_08_18_00_45_28_073578_L1_right_C0,right,pick up the right block,pick up the red block,L1,red,left,right,8,postgrasp,116,132,16,1.0,0.9635036496350365,5,8,0.3,0.7,8,0.3568045198917389,0.34527212381362915,0.34527212381362915,0.3568045198917389,0.011532396078109741,0.6421687006950378,-0.039915841072797775,0.1901026964187622
test,C0,3,2026_08_18_00_45_28_073578_L1_right_C0,right,pick up the right block,pick up the red block,L1,red,left,right,8,postgrasp,116,132,16,1.0,0.9635036496350365,6,8,0.3,0.7,8,0.3742516338825226,0.36710500717163086,0.36710500717163086,0.3742516338825226,0.007146626710891724,0.6421687006950378,-0.039915841072797775,0.1901026964187622
test,C0,3,2026_08_18_00_45_28_073578_L1_right_C0,right,pick up the right block,pick up the red block,L1,red,left,right,8,postgrasp,116,132,16,1.0,0.9635036496350365,7,8,0.3,0.7,8,0.27490755915641785,0.2866409122943878,0.2866409122943878,0.27490755915641785,-0.01173335313796997,0.6421687006950378,-0.039915841072797775,0.1901026964187622
test,C0,3,2026_08_18_00_45_28_073578_L1_right_C0,right,pick up the right block,pick up the red block,L1,red,left,right,8,postgrasp,116,132,16,1.0,0.9635036496350365,8,8,0.3,0.7,8,0.27419179677963257,0.2871154844760895,0.2871154844760895,0.27419179677963257,-0.01292368769645691,0.6421687006950378,-0.039915841072797775,0.1901026964187622
test,C0,3,2026_08_18_00_45_28_073578_L1_right_C0,right,pick up the right block,pick up the red block,L1,red,left,right,8,postgrasp,116,132,16,1.0,0.9635036496350365,9,8,0.3,0.7,8,0.3814123868942261,0.3767130672931671,0.3767130672931671,0.3814123868942261,0.00469931960105896,0.6421687006950378,-0.039915841072797775,0.1901026964187622
test,C0,3,2026_08_18_00_45_28_073578_L1_right_C0,right,pick up the right block,pick up the red block,L1,red,left,right,9,postgrasp,132,137,5,1.0,1.0,0,8,0.3,0.7,8,0.3862190246582031,0.3902166783809662,0.3902166783809662,0.3862190246582031,-0.0039976537227630615,0.6421684622764587,-0.03992612287402153,0.1901024580001831
test,C0,3,2026_08_18_00_45_28_073578_L1_right_C0,right,pick up the right block,pick up the red block,L1,red,left,right,9,postgrasp,132,137,5,1.0,1.0,1,8,0.3,0.7,8,0.25648707151412964,0.25268787145614624,0.25268787145614624,0.25648707151412964,0.0037992000579833984,0.6421684622764587,-0.03992612287402153,0.1901024580001831
test,C0,3,2026_08_18_00_45_28_073578_L1_right_C0,right,pick up the right block,pick up the red block,L1,red,left,right,9,postgrasp,132,137,5,1.0,1.0,2,8,0.3,0.7,8,0.2931590974330902,0.28430047631263733,0.28430047631263733,0.2931590974330902,0.00885862112045288,0.6421684622764587,-0.03992612287402153,0.1901024580001831
test,C0,3,2026_08_18_00_45_28_073578_L1_right_C0,right,pick up the right block,pick up the red block,L1,red,left,right,9,postgrasp,132,137,5,1.0,1.0,3,8,0.3,0.7,8,0.270184725522995,0.27624252438545227,0.27624252438545227,0.270184725522995,-0.006057798862457275,0.6421684622764587,-0.03992612287402153,0.1901024580001831
test,C0,3,2026_08_18_00_45_28_073578_L1_right_C0,right,pick up the right block,pick up the red block,L1,red,left,right,9,postgrasp,132,137,5,1.0,1.0,4,8,0.3,0.7,8,0.2612206041812897,0.2600823640823364,0.2600823640823364,0.2612206041812897,0.001138240098953247,0.6421684622764587,-0.03992612287402153,0.1901024580001831
test,C0,3,2026_08_18_00_45_28_073578_L1_right_C0,right,pick up the right block,pick up the red block,L1,red,left,right,9,postgrasp,132,137,5,1.0,1.0,5,8,0.3,0.7,8,0.3153672516345978,0.3215935230255127,0.3215935230255127,0.3153672516345978,-0.006226271390914917,0.6421684622764587,-0.03992612287402153,0.1901024580001831
test,C0,3,2026_08_18_00_45_28_073578_L1_right_C0,right,pick up the right block,pick up the red block,L1,red,left,right,9,postgrasp,132,137,5,1.0,1.0,6,8,0.3,0.7,8,0.25124484300613403,0.25547367334365845,0.25547367334365845,0.25124484300613403,-0.004228830337524414,0.6421684622764587,-0.03992612287402153,0.1901024580001831
test,C0,3,2026_08_18_00_45_28_073578_L1_right_C0,right,pick up the right block,pick up the red block,L1,red,left,right,9,postgrasp,132,137,5,1.0,1.0,7,8,0.3,0.7,8,0.2574041783809662,0.2606063187122345,0.2606063187122345,0.2574041783809662,-0.0032021403312683105,0.6421684622764587,-0.03992612287402153,0.1901024580001831
test,C0,3,2026_08_18_00_45_28_073578_L1_right_C0,right,pick up the right block,pick up the red block,L1,red,left,right,9,postgrasp,132,137,5,1.0,1.0,8,8,0.3,0.7,8,0.27212828397750854,0.27324801683425903,0.27324801683425903,0.27212828397750854,-0.0011197328567504883,0.6421684622764587,-0.03992612287402153,0.1901024580001831
test,C0,3,2026_08_18_00_45_28_073578_L1_right_C0,right,pick up the right block,pick up the red block,L1,red,left,right,9,postgrasp,132,137,5,1.0,1.0,9,8,0.3,0.7,8,0.29273298382759094,0.29751646518707275,0.29751646518707275,0.29273298382759094,-0.0047834813594818115,0.6421684622764587,-0.03992612287402153,0.1901024580001831
test,C1,4,2026_08_18_00_45_56_961481_L1_right_C1,right,pick up the right block,pick up the red block,L1,red,left,right,0,pregrasp,0,16,16,0.125,0.10738255033557047,0,8,0.3,0.7,8,0.41912660002708435,0.4297788441181183,0.4297788441181183,0.41912660002708435,-0.010652244091033936,0.37176749110221863,-0.025389662012457848,0.4780493378639221
test,C1,4,2026_08_18_00_45_56_961481_L1_right_C1,right,pick up the right block,pick up the red block,L1,red,left,right,0,pregrasp,0,16,16,0.125,0.10738255033557047,1,8,0.3,0.7,8,0.42015817761421204,0.38199517130851746,0.38199517130851746,0.42015817761421204,0.03816300630569458,0.37176749110221863,-0.025389662012457848,0.4780493378639221
test,C1,4,2026_08_18_00_45_56_961481_L1_right_C1,right,pick up the right block,pick up the red block,L1,red,left,right,0,pregrasp,0,16,16,0.125,0.10738255033557047,2,8,0.3,0.7,8,0.3078307509422302,0.28080159425735474,0.28080159425735474,0.3078307509422302,0.02702915668487549,0.37176749110221863,-0.025389662012457848,0.4780493378639221
test,C1,4,2026_08_18_00_45_56_961481_L1_right_C1,right,pick up the right block,pick up the red block,L1,red,left,right,0,pregrasp,0,16,16,0.125,0.10738255033557047,3,8,0.3,0.7,8,0.42959097027778625,0.4497661888599396,0.4497661888599396,0.42959097027778625,-0.02017521858215332,0.37176749110221863,-0.025389662012457848,0.4780493378639221
test,C1,4,2026_08_18_00_45_56_961481_L1_right_C1,right,pick up the right block,pick up the red block,L1,red,left,right,0,pregrasp,0,16,16,0.125,0.10738255033557047,4,8,0.3,0.7,8,0.3369564414024353,0.32293736934661865,0.32293736934661865,0.3369564414024353,0.01401907205581665,0.37176749110221863,-0.025389662012457848,0.4780493378639221
test,C1,4,2026_08_18_00_45_56_961481_L1_right_C1,right,pick up the right block,pick up the red block,L1,red,left,right,0,pregrasp,0,16,16,0.125,0.10738255033557047,5,8,0.3,0.7,8,0.37770047783851624,0.39923006296157837,0.39923006296157837,0.37770047783851624,-0.021529585123062134,0.37176749110221863,-0.025389662012457848,0.4780493378639221
test,C1,4,2026_08_18_00_45_56_961481_L1_right_C1,right,pick up the right block,pick up the red block,L1,red,left,right,0,pregrasp,0,16,16,0.125,0.10738255033557047,6,8,0.3,0.7,8,0.33492711186408997,0.33366522192955017,0.33366522192955017,0.33492711186408997,0.001261889934539795,0.37176749110221863,-0.025389662012457848,0.4780493378639221
test,C1,4,2026_08_18_00_45_56_961481_L1_right_C1,right,pick up the right block,pick up the red block,L1,red,left,right,0,pregrasp,0,16,16,0.125,0.10738255033557047,7,8,0.3,0.7,8,0.324445903301239,0.3547361195087433,0.3547361195087433,0.324445903301239,-0.030290216207504272,0.37176749110221863,-0.025389662012457848,0.4780493378639221
test,C1,4,2026_08_18_00_45_56_961481_L1_right_C1,right,pick up the right block,pick up the red block,L1,red,left,right,0,pregrasp,0,16,16,0.125,0.10738255033557047,8,8,0.3,0.7,8,0.35302314162254333,0.2754651606082916,0.2754651606082916,0.35302314162254333,0.07755798101425171,0.37176749110221863,-0.025389662012457848,0.4780493378639221
test,C1,4,2026_08_18_00_45_56_961481_L1_right_C1,right,pick up the right block,pick up the red block,L1,red,left,right,0,pregrasp,0,16,16,0.125,0.10738255033557047,9,8,0.3,0.7,8,0.31858235597610474,0.28561949729919434,0.28561949729919434,0.31858235597610474,0.0329628586769104,0.37176749110221863,-0.025389662012457848,0.4780493378639221
test,C1,4,2026_08_18_00_45_56_961481_L1_right_C1,right,pick up the right block,pick up the red block,L1,red,left,right,1,pregrasp,16,32,16,0.25,0.21476510067114093,0,8,0.3,0.7,8,0.2559140622615814,0.30832400918006897,0.30832400918006897,0.2559140622615814,-0.05240994691848755,0.4009931981563568,-0.0735330581665039,0.4381452202796936
test,C1,4,2026_08_18_00_45_56_961481_L1_right_C1,right,pick up the right block,pick up the red block,L1,red,left,right,1,pregrasp,16,32,16,0.25,0.21476510067114093,1,8,0.3,0.7,8,0.29437577724456787,0.3519405424594879,0.3519405424594879,0.29437577724456787,-0.057564765214920044,0.4009931981563568,-0.0735330581665039,0.4381452202796936
test,C1,4,2026_08_18_00_45_56_961481_L1_right_C1,right,pick up the right block,pick up the red block,L1,red,left,right,1,pregrasp,16,32,16,0.25,0.21476510067114093,2,8,0.3,0.7,8,0.3262074291706085,0.3891049921512604,0.3891049921512604,0.3262074291706085,-0.06289756298065186,0.4009931981563568,-0.0735330581665039,0.4381452202796936
test,C1,4,2026_08_18_00_45_56_961481_L1_right_C1,right,pick up the right block,pick up the red block,L1,red,left,right,1,pregrasp,16,32,16,0.25,0.21476510067114093,3,8,0.3,0.7,8,0.18746936321258545,0.24260926246643066,0.24260926246643066,0.18746936321258545,-0.055139899253845215,0.4009931981563568,-0.0735330581665039,0.4381452202796936
test,C1,4,2026_08_18_00_45_56_961481_L1_right_C1,right,pick up the right block,pick up the red block,L1,red,left,right,1,pregrasp,16,32,16,0.25,0.21476510067114093,4,8,0.3,0.7,8,0.32859790325164795,0.3890044093132019,0.3890044093132019,0.32859790325164795,-0.060406506061553955,0.4009931981563568,-0.0735330581665039,0.4381452202796936
test,C1,4,2026_08_18_00_45_56_961481_L1_right_C1,right,pick up the right block,pick up the red block,L1,red,left,right,1,pregrasp,16,32,16,0.25,0.21476510067114093,5,8,0.3,0.7,8,0.31068411469459534,0.362661749124527,0.362661749124527,0.31068411469459534,-0.05197763442993164,0.4009931981563568,-0.0735330581665039,0.4381452202796936
test,C1,4,2026_08_18_00_45_56_961481_L1_right_C1,right,pick up the right block,pick up the red block,L1,red,left,right,1,pregrasp,16,32,16,0.25,0.21476510067114093,6,8,0.3,0.7,8,0.2549298405647278,0.31542226672172546,0.31542226672172546,0.2549298405647278,-0.06049242615699768,0.4009931981563568,-0.0735330581665039,0.4381452202796936
test,C1,4,2026_08_18_00_45_56_961481_L1_right_C1,right,pick up the right block,pick up the red block,L1,red,left,right,1,pregrasp,16,32,16,0.25,0.21476510067114093,7,8,0.3,0.7,8,0.22462880611419678,0.2776051163673401,0.2776051163673401,0.22462880611419678,-0.05297631025314331,0.4009931981563568,-0.0735330581665039,0.4381452202796936
test,C1,4,2026_08_18_00_45_56_961481_L1_right_C1,right,pick up the right block,pick up the red block,L1,red,left,right,1,pregrasp,16,32,16,0.25,0.21476510067114093,8,8,0.3,0.7,8,0.22565221786499023,0.29037946462631226,0.29037946462631226,0.22565221786499023,-0.06472724676132202,0.4009931981563568,-0.0735330581665039,0.4381452202796936
test,C1,4,2026_08_18_00_45_56_961481_L1_right_C1,right,pick up the right block,pick up the red block,L1,red,left,right,1,pregrasp,16,32,16,0.25,0.21476510067114093,9,8,0.3,0.7,8,0.19491983950138092,0.21120651066303253,0.21120651066303253,0.19491983950138092,-0.01628667116165161,0.4009931981563568,-0.0735330581665039,0.4381452202796936
test,C1,4,2026_08_18_00_45_56_961481_L1_right_C1,right,pick up the right block,pick up the red block,L1,red,left,right,2,pregrasp,32,48,16,0.375,0.3221476510067114,0,8,0.3,0.7,8,0.2111853063106537,0.2515953481197357,0.2515953481197357,0.2111853063106537,-0.04041004180908203,0.44442063570022583,-0.10294272005558014,0.3929865062236786
test,C1,4,2026_08_18_00_45_56_961481_L1_right_C1,right,pick up the right block,pick up the red block,L1,red,left,right,2,pregrasp,32,48,16,0.375,0.3221476510067114,1,8,0.3,0.7,8,0.2735542356967926,0.33717814087867737,0.33717814087867737,0.2735542356967926,-0.06362390518188477,0.44442063570022583,-0.10294272005558014,0.3929865062236786
test,C1,4,2026_08_18_00_45_56_961481_L1_right_C1,right,pick up the right block,pick up the red block,L1,red,left,right,2,pregrasp,32,48,16,0.375,0.3221476510067114,2,8,0.3,0.7,8,0.1820252239704132,0.20372521877288818,0.20372521877288818,0.1820252239704132,-0.021699994802474976,0.44442063570022583,-0.10294272005558014,0.3929865062236786
test,C1,4,2026_08_18_00_45_56_961481_L1_right_C1,right,pick up the right block,pick up the red block,L1,red,left,right,2,pregrasp,32,48,16,0.375,0.3221476510067114,3,8,0.3,0.7,8,0.13612978160381317,0.15512752532958984,0.15512752532958984,0.13612978160381317,-0.018997743725776672,0.44442063570022583,-0.10294272005558014,0.3929865062236786
test,C1,4,2026_08_18_00_45_56_961481_L1_right_C1,right,pick up the right block,pick up the red block,L1,red,left,right,2,pregrasp,32,48,16,0.375,0.3221476510067114,4,8,0.3,0.7,8,0.160843625664711,0.18485362827777863,0.18485362827777863,0.160843625664711,-0.024010002613067627,0.44442063570022583,-0.10294272005558014,0.3929865062236786
test,C1,4,2026_08_18_00_45_56_961481_L1_right_C1,right,pick up the right block,pick up the red block,L1,red,left,right,2,pregrasp,32,48,16,0.375,0.3221476510067114,5,8,0.3,0.7,8,0.33596497774124146,0.37457987666130066,0.37457987666130066,0.33596497774124146,-0.038614898920059204,0.44442063570022583,-0.10294272005558014,0.3929865062236786
test,C1,4,2026_08_18_00_45_56_961481_L1_right_C1,right,pick up the right block,pick up the red block,L1,red,left,right,2,pregrasp,32,48,16,0.375,0.3221476510067114,6,8,0.3,0.7,8,0.1957249492406845,0.23273581266403198,0.23273581266403198,0.1957249492406845,-0.03701086342334747,0.44442063570022583,-0.10294272005558014,0.3929865062236786
test,C1,4,2026_08_18_00_45_56_961481_L1_right_C1,right,pick up the right block,pick up the red block,L1,red,left,right,2,pregrasp,32,48,16,0.375,0.3221476510067114,7,8,0.3,0.7,8,0.25676918029785156,0.2970642149448395,0.2970642149448395,0.25676918029785156,-0.040295034646987915,0.44442063570022583,-0.10294272005558014,0.3929865062236786
test,C1,4,2026_08_18_00_45_56_961481_L1_right_C1,right,pick up the right block,pick up the red block,L1,red,left,right,2,pregrasp,32,48,16,0.375,0.3221476510067114,8,8,0.3,0.7,8,0.2577452063560486,0.3264167904853821,0.3264167904853821,0.2577452063560486,-0.0686715841293335,0.44442063570022583,-0.10294272005558014,0.3929865062236786
test,C1,4,2026_08_18_00_45_56_961481_L1_right_C1,right,pick up the right block,pick up the red block,L1,red,left,right,2,pregrasp,32,48,16,0.375,0.3221476510067114,9,8,0.3,0.7,8,0.22995921969413757,0.26674529910087585,0.26674529910087585,0.22995921969413757,-0.03678607940673828,0.44442063570022583,-0.10294272005558014,0.3929865062236786
test,C1,4,2026_08_18_00_45_56_961481_L1_right_C1,right,pick up the right block,pick up the red block,L1,red,left,right,3,pregrasp,48,64,16,0.5,0.42953020134228187,0,8,0.3,0.7,8,0.2156260460615158,0.19874288141727448,0.19874288141727448,0.2156260460615158,0.016883164644241333,0.49173206090927124,-0.11223915219306946,0.3433775007724762
test,C1,4,2026_08_18_00_45_56_961481_L1_right_C1,right,pick up the right block,pick up the red block,L1,red,left,right,3,pregrasp,48,64,16,0.5,0.42953020134228187,1,8,0.3,0.7,8,0.21953228116035461,0.18475382030010223,0.18475382030010223,0.21953228116035461,0.03477846086025238,0.49173206090927124,-0.11223915219306946,0.3433775007724762
test,C1,4,2026_08_18_00_45_56_961481_L1_right_C1,right,pick up the right block,pick up the red block,L1,red,left,right,3,pregrasp,48,64,16,0.5,0.42953020134228187,2,8,0.3,0.7,8,0.2589167654514313,0.24942831695079803,0.24942831695079803,0.2589167654514313,0.00948844850063324,0.49173206090927124,-0.11223915219306946,0.3433775007724762
test,C1,4,2026_08_18_00_45_56_961481_L1_right_C1,right,pick up the right block,pick up the red block,L1,red,left,right,3,pregrasp,48,64,16,0.5,0.42953020134228187,3,8,0.3,0.7,8,0.2371230274438858,0.22966274619102478,0.22966274619102478,0.2371230274438858,0.007460281252861023,0.49173206090927124,-0.11223915219306946,0.3433775007724762
test,C1,4,2026_08_18_00_45_56_961481_L1_right_C1,right,pick up the right block,pick up the red block,L1,red,left,right,3,pregrasp,48,64,16,0.5,0.42953020134228187,4,8,0.3,0.7,8,0.20706942677497864,0.18362513184547424,0.18362513184547424,0.20706942677497864,0.023444294929504395,0.49173206090927124,-0.11223915219306946,0.3433775007724762
test,C1,4,2026_08_18_00_45_56_961481_L1_right_C1,right,pick up the right block,pick up the red block,L1,red,left,right,3,pregrasp,48,64,16,0.5,0.42953020134228187,5,8,0.3,0.7,8,0.2713046669960022,0.2637527585029602,0.2637527585029602,0.2713046669960022,0.007551908493041992,0.49173206090927124,-0.11223915219306946,0.3433775007724762
test,C1,4,2026_08_18_00_45_56_961481_L1_right_C1,right,pick up the right block,pick up the red block,L1,red,left,right,3,pregrasp,48,64,16,0.5,0.42953020134228187,6,8,0.3,0.7,8,0.22103199362754822,0.21291081607341766,0.21291081607341766,0.22103199362754822,0.008121177554130554,0.49173206090927124,-0.11223915219306946,0.3433775007724762
test,C1,4,2026_08_18_00_45_56_961481_L1_right_C1,right,pick up the right block,pick up the red block,L1,red,left,right,3,pregrasp,48,64,16,0.5,0.42953020134228187,7,8,0.3,0.7,8,0.20130784809589386,0.18193666636943817,0.18193666636943817,0.20130784809589386,0.01937118172645569,0.49173206090927124,-0.11223915219306946,0.3433775007724762
test,C1,4,2026_08_18_00_45_56_961481_L1_right_C1,right,pick up the right block,pick up the red block,L1,red,left,right,3,pregrasp,48,64,16,0.5,0.42953020134228187,8,8,0.3,0.7,8,0.2103591114282608,0.1790817379951477,0.1790817379951477,0.2103591114282608,0.0312773734331131,0.49173206090927124,-0.11223915219306946,0.3433775007724762
test,C1,4,2026_08_18_00_45_56_961481_L1_right_C1,right,pick up the right block,pick up the red block,L1,red,left,right,3,pregrasp,48,64,16,0.5,0.42953020134228187,9,8,0.3,0.7,8,0.1924709528684616,0.16285498440265656,0.16285498440265656,0.1924709528684616,0.029615968465805054,0.49173206090927124,-0.11223915219306946,0.3433775007724762
test,C1,4,2026_08_18_00_45_56_961481_L1_right_C1,right,pick up the right block,pick up the red block,L1,red,left,right,4,pregrasp,64,80,16,0.625,0.5369127516778524,0,8,0.3,0.7,8,0.2785872519016266,0.27099528908729553,0.27099528908729553,0.2785872519016266,0.007591962814331055,0.5397832989692688,-0.10080736130475998,0.29439255595207214
test,C1,4,2026_08_18_00_45_56_961481_L1_right_C1,right,pick up the right block,pick up the red block,L1,red,left,right,4,pregrasp,64,80,16,0.625,0.5369127516778524,1,8,0.3,0.7,8,0.2183823138475418,0.22428596019744873,0.22428596019744873,0.2183823138475418,-0.005903646349906921,0.5397832989692688,-0.10080736130475998,0.29439255595207214
test,C1,4,2026_08_18_00_45_56_961481_L1_right_C1,right,pick up the right block,pick up the red block,L1,red,left,right,4,pregrasp,64,80,16,0.625,0.5369127516778524,2,8,0.3,0.7,8,0.23060868680477142,0.24349406361579895,0.24349406361579895,0.23060868680477142,-0.012885376811027527,0.5397832989692688,-0.10080736130475998,0.29439255595207214
test,C1,4,2026_08_18_00_45_56_961481_L1_right_C1,right,pick up the right block,pick up the red block,L1,red,left,right,4,pregrasp,64,80,16,0.625,0.5369127516778524,3,8,0.3,0.7,8,0.3114609122276306,0.29816049337387085,0.29816049337387085,0.3114609122276306,0.013300418853759766,0.5397832989692688,-0.10080736130475998,0.29439255595207214
test,C1,4,2026_08_18_00_45_56_961481_L1_right_C1,right,pick up the right block,pick up the red block,L1,red,left,right,4,pregrasp,64,80,16,0.625,0.5369127516778524,4,8,0.3,0.7,8,0.19837020337581635,0.20931974053382874,0.20931974053382874,0.19837020337581635,-0.01094953715801239,0.5397832989692688,-0.10080736130475998,0.29439255595207214
test,C1,4,2026_08_18_00_45_56_961481_L1_right_C1,right,pick up the right block,pick up the red block,L1,red,left,right,4,pregrasp,64,80,16,0.625,0.5369127516778524,5,8,0.3,0.7,8,0.3599351942539215,0.3757960796356201,0.3757960796356201,0.3599351942539215,-0.01586088538169861,0.5397832989692688,-0.10080736130475998,0.29439255595207214
test,C1,4,2026_08_18_00_45_56_961481_L1_right_C1,right,pick up the right block,pick up the red block,L1,red,left,right,4,pregrasp,64,80,16,0.625,0.5369127516778524,6,8,0.3,0.7,8,0.30469924211502075,0.32455307245254517,0.32455307245254517,0.30469924211502075,-0.019853830337524414,0.5397832989692688,-0.10080736130475998,0.29439255595207214
test,C1,4,2026_08_18_00_45_56_961481_L1_right_C1,right,pick up the right block,pick up the red block,L1,red,left,right,4,pregrasp,64,80,16,0.625,0.5369127516778524,7,8,0.3,0.7,8,0.31717318296432495,0.3386197090148926,0.3386197090148926,0.31717318296432495,-0.021446526050567627,0.5397832989692688,-0.10080736130475998,0.29439255595207214
test,C1,4,2026_08_18_00_45_56_961481_L1_right_C1,right,pick up the right block,pick up the red block,L1,red,left,right,4,pregrasp,64,80,16,0.625,0.5369127516778524,8,8,0.3,0.7,8,0.26613229513168335,0.25959867238998413,0.25959867238998413,0.26613229513168335,0.006533622741699219,0.5397832989692688,-0.10080736130475998,0.29439255595207214
test,C1,4,2026_08_18_00_45_56_961481_L1_right_C1,right,pick up the right block,pick up the red block,L1,red,left,right,4,pregrasp,64,80,16,0.625,0.5369127516778524,9,8,0.3,0.7,8,0.29322025179862976,0.28840988874435425,0.28840988874435425,0.29322025179862976,0.004810363054275513,0.5397832989692688,-0.10080736130475998,0.29439255595207214
test,C1,4,2026_08_18_00_45_56_961481_L1_right_C1,right,pick up the right block,pick up the red block,L1,red,left,right,5,pregrasp,80,96,16,0.75,0.6442953020134228,0,8,0.3,0.7,8,0.2634539008140564,0.3049730062484741,0.3049730062484741,0.2634539008140564,-0.041519105434417725,0.5860573053359985,-0.07847654819488525,0.24711860716342926
test,C1,4,2026_08_18_00_45_56_961481_L1_right_C1,right,pick up the right block,pick up the red block,L1,red,left,right,5,pregrasp,80,96,16,0.75,0.6442953020134228,1,8,0.3,0.7,8,0.22105707228183746,0.25595858693122864,0.25595858693122864,0.22105707228183746,-0.034901514649391174,0.5860573053359985,-0.07847654819488525,0.24711860716342926
test,C1,4,2026_08_18_00_45_56_961481_L1_right_C1,right,pick up the right block,pick up the red block,L1,red,left,right,5,pregrasp,80,96,16,0.75,0.6442953020134228,2,8,0.3,0.7,8,0.22786849737167358,0.2639734148979187,0.2639734148979187,0.22786849737167358,-0.03610491752624512,0.5860573053359985,-0.07847654819488525,0.24711860716342926
test,C1,4,2026_08_18_00_45_56_961481_L1_right_C1,right,pick up the right block,pick up the red block,L1,red,left,right,5,pregrasp,80,96,16,0.75,0.6442953020134228,3,8,0.3,0.7,8,0.2043849229812622,0.24263329803943634,0.24263329803943634,0.2043849229812622,-0.03824837505817413,0.5860573053359985,-0.07847654819488525,0.24711860716342926
test,C1,4,2026_08_18_00_45_56_961481_L1_right_C1,right,pick up the right block,pick up the red block,L1,red,left,right,5,pregrasp,80,96,16,0.75,0.6442953020134228,4,8,0.3,0.7,8,0.26339155435562134,0.30444177985191345,0.30444177985191345,0.26339155435562134,-0.041050225496292114,0.5860573053359985,-0.07847654819488525,0.24711860716342926
test,C1,4,2026_08_18_00_45_56_961481_L1_right_C1,right,pick up the right block,pick up the red block,L1,red,left,right,5,pregrasp,80,96,16,0.75,0.6442953020134228,5,8,0.3,0.7,8,0.35686391592025757,0.40632474422454834,0.40632474422454834,0.35686391592025757,-0.04946082830429077,0.5860573053359985,-0.07847654819488525,0.24711860716342926
test,C1,4,2026_08_18_00_45_56_961481_L1_right_C1,right,pick up the right block,pick up the red block,L1,red,left,right,5,pregrasp,80,96,16,0.75,0.6442953020134228,6,8,0.3,0.7,8,0.30870571732521057,0.35913556814193726,0.35913556814193726,0.30870571732521057,-0.050429850816726685,0.5860573053359985,-0.07847654819488525,0.24711860716342926
test,C1,4,2026_08_18_00_45_56_961481_L1_right_C1,right,pick up the right block,pick up the red block,L1,red,left,right,5,pregrasp,80,96,16,0.75,0.6442953020134228,7,8,0.3,0.7,8,0.16296879947185516,0.19142431020736694,0.19142431020736694,0.16296879947185516,-0.02845551073551178,0.5860573053359985,-0.07847654819488525,0.24711860716342926
test,C1,4,2026_08_18_00_45_56_961481_L1_right_C1,right,pick up the right block,pick up the red block,L1,red,left,right,5,pregrasp,80,96,16,0.75,0.6442953020134228,8,8,0.3,0.7,8,0.3618568480014801,0.41936391592025757,0.41936391592025757,0.3618568480014801,-0.057507067918777466,0.5860573053359985,-0.07847654819488525,0.24711860716342926
test,C1,4,2026_08_18_00_45_56_961481_L1_right_C1,right,pick up the right block,pick up the red block,L1,red,left,right,5,pregrasp,80,96,16,0.75,0.6442953020134228,9,8,0.3,0.7,8,0.19078047573566437,0.22395777702331543,0.22395777702331543,0.19078047573566437,-0.03317730128765106,0.5860573053359985,-0.07847654819488525,0.24711860716342926
test,C1,4,2026_08_18_00_45_56_961481_L1_right_C1,right,pick up the right block,pick up the red block,L1,red,left,right,6,pregrasp,96,112,16,0.875,0.7516778523489933,0,8,0.3,0.7,8,0.32139718532562256,0.32912933826446533,0.32912933826446533,0.32139718532562256,-0.0077321529388427734,0.6305427551269531,-0.05105021968483925,0.20064526796340942
test,C1,4,2026_08_18_00_45_56_961481_L1_right_C1,right,pick up the right block,pick up the red block,L1,red,left,right,6,pregrasp,96,112,16,0.875,0.7516778523489933,1,8,0.3,0.7,8,0.2129715532064438,0.2339039295911789,0.2339039295911789,0.2129715532064438,-0.020932376384735107,0.6305427551269531,-0.05105021968483925,0.20064526796340942
test,C1,4,2026_08_18_00_45_56_961481_L1_right_C1,right,pick up the right block,pick up the red block,L1,red,left,right,6,pregrasp,96,112,16,0.875,0.7516778523489933,2,8,0.3,0.7,8,0.3323962390422821,0.3428732454776764,0.3428732454776764,0.3323962390422821,-0.010477006435394287,0.6305427551269531,-0.05105021968483925,0.20064526796340942
test,C1,4,2026_08_18_00_45_56_961481_L1_right_C1,right,pick up the right block,pick up the red block,L1,red,left,right,6,pregrasp,96,112,16,0.875,0.7516778523489933,3,8,0.3,0.7,8,0.28001341223716736,0.29225844144821167,0.29225844144821167,0.28001341223716736,-0.012245029211044312,0.6305427551269531,-0.05105021968483925,0.20064526796340942
test,C1,4,2026_08_18_00_45_56_961481_L1_right_C1,right,pick up the right block,pick up the red block,L1,red,left,right,6,pregrasp,96,112,16,0.875,0.7516778523489933,4,8,0.3,0.7,8,0.25750505924224854,0.27363258600234985,0.27363258600234985,0.25750505924224854,-0.01612752676010132,0.6305427551269531,-0.05105021968483925,0.20064526796340942
test,C1,4,2026_08_18_00_45_56_961481_L1_right_C1,right,pick up the right block,pick up the red block,L1,red,left,right,6,pregrasp,96,112,16,0.875,0.7516778523489933,5,8,0.3,0.7,8,0.2082320600748062,0.22057119011878967,0.22057119011878967,0.2082320600748062,-0.01233913004398346,0.6305427551269531,-0.05105021968483925,0.20064526796340942
test,C1,4,2026_08_18_00_45_56_961481_L1_right_C1,right,pick up the right block,pick up the red block,L1,red,left,right,6,pregrasp,96,112,16,0.875,0.7516778523489933,6,8,0.3,0.7,8,0.15365782380104065,0.17524270713329315,0.17524270713329315,0.15365782380104065,-0.021584883332252502,0.6305427551269531,-0.05105021968483925,0.20064526796340942
test,C1,4,2026_08_18_00_45_56_961481_L1_right_C1,right,pick up the right block,pick up the red block,L1,red,left,right,6,pregrasp,96,112,16,0.875,0.7516778523489933,7,8,0.3,0.7,8,0.19352813065052032,0.21550466120243073,0.21550466120243073,0.19352813065052032,-0.0219765305519104,0.6305427551269531,-0.05105021968483925,0.20064526796340942
test,C1,4,2026_08_18_00_45_56_961481_L1_right_C1,right,pick up the right block,pick up the red block,L1,red,left,right,6,pregrasp,96,112,16,0.875,0.7516778523489933,8,8,0.3,0.7,8,0.2908136546611786,0.3011094927787781,0.3011094927787781,0.2908136546611786,-0.010295838117599487,0.6305427551269531,-0.05105021968483925,0.20064526796340942
test,C1,4,2026_08_18_00_45_56_961481_L1_right_C1,right,pick up the right block,pick up the red block,L1,red,left,right,6,pregrasp,96,112,16,0.875,0.7516778523489933,9,8,0.3,0.7,8,0.22049182653427124,0.24212974309921265,0.24212974309921265,0.22049182653427124,-0.021637916564941406,0.6305427551269531,-0.05105021968483925,0.20064526796340942
test,C1,4,2026_08_18_00_45_56_961481_L1_right_C1,right,pick up the right block,pick up the red block,L1,red,left,right,7,pregrasp,112,128,16,1.0,0.8590604026845637,0,8,0.3,0.7,8,0.21914154291152954,0.22117438912391663,0.22117438912391663,0.21914154291152954,-0.002032846212387085,0.6410517692565918,-0.04576745629310608,0.1900249719619751
test,C1,4,2026_08_18_00_45_56_961481_L1_right_C1,right,pick up the right block,pick up the red block,L1,red,left,right,7,pregrasp,112,128,16,1.0,0.8590604026845637,1,8,0.3,0.7,8,0.31319963932037354,0.31463077664375305,0.31463077664375305,0.31319963932037354,-0.0014311373233795166,0.6410517692565918,-0.04576745629310608,0.1900249719619751
test,C1,4,2026_08_18_00_45_56_961481_L1_right_C1,right,pick up the right block,pick up the red block,L1,red,left,right,7,pregrasp,112,128,16,1.0,0.8590604026845637,2,8,0.3,0.7,8,0.30687472224235535,0.31005239486694336,0.31005239486694336,0.30687472224235535,-0.0031776726245880127,0.6410517692565918,-0.04576745629310608,0.1900249719619751
test,C1,4,2026_08_18_00_45_56_961481_L1_right_C1,right,pick up the right block,pick up the red block,L1,red,left,right,7,pregrasp,112,128,16,1.0,0.8590604026845637,3,8,0.3,0.7,8,0.18507930636405945,0.1876651644706726,0.1876651644706726,0.18507930636405945,-0.002585858106613159,0.6410517692565918,-0.04576745629310608,0.1900249719619751
test,C1,4,2026_08_18_00_45_56_961481_L1_right_C1,right,pick up the right block,pick up the red block,L1,red,left,right,7,pregrasp,112,128,16,1.0,0.8590604026845637,4,8,0.3,0.7,8,0.18229033052921295,0.18378141522407532,0.18378141522407532,0.18229033052921295,-0.0014910846948623657,0.6410517692565918,-0.04576745629310608,0.1900249719619751
test,C1,4,2026_08_18_00_45_56_961481_L1_right_C1,right,pick up the right block,pick up the red block,L1,red,left,right,7,pregrasp,112,128,16,1.0,0.8590604026845637,5,8,0.3,0.7,8,0.20443826913833618,0.20547828078269958,0.20547828078269958,0.20443826913833618,-0.0010400116443634033,0.6410517692565918,-0.04576745629310608,0.1900249719619751
test,C1,4,2026_08_18_00_45_56_961481_L1_right_C1,right,pick up the right block,pick up the red block,L1,red,left,right,7,pregrasp,112,128,16,1.0,0.8590604026845637,6,8,0.3,0.7,8,0.259430855512619,0.2611372172832489,0.2611372172832489,0.259430855512619,-0.0017063617706298828,0.6410517692565918,-0.04576745629310608,0.1900249719619751
test,C1,4,2026_08_18_00_45_56_961481_L1_right_C1,right,pick up the right block,pick up the red block,L1,red,left,right,7,pregrasp,112,128,16,1.0,0.8590604026845637,7,8,0.3,0.7,8,0.23769144713878632,0.23786160349845886,0.23786160349845886,0.23769144713878632,-0.0001701563596725464,0.6410517692565918,-0.04576745629310608,0.1900249719619751
test,C1,4,2026_08_18_00_45_56_961481_L1_right_C1,right,pick up the right block,pick up the red block,L1,red,left,right,7,pregrasp,112,128,16,1.0,0.8590604026845637,8,8,0.3,0.7,8,0.1781630963087082,0.17868225276470184,0.17868225276470184,0.1781630963087082,-0.0005191564559936523,0.6410517692565918,-0.04576745629310608,0.1900249719619751
test,C1,4,2026_08_18_00_45_56_961481_L1_right_C1,right,pick up the right block,pick up the red block,L1,red,left,right,7,pregrasp,112,128,16,1.0,0.8590604026845637,9,8,0.3,0.7,8,0.20744825899600983,0.20895808935165405,0.20895808935165405,0.20744825899600983,-0.001509830355644226,0.6410517692565918,-0.04576745629310608,0.1900249719619751
test,C1,4,2026_08_18_00_45_56_961481_L1_right_C1,right,pick up the right block,pick up the red block,L1,red,left,right,8,postgrasp,128,144,16,1.0,0.9664429530201343,0,8,0.3,0.7,8,0.3327431082725525,0.32672905921936035,0.32672905921936035,0.3327431082725525,0.006014049053192139,0.641520082950592,-0.04573749750852585,0.1904522329568863
test,C1,4,2026_08_18_00_45_56_961481_L1_right_C1,right,pick up the right block,pick up the red block,L1,red,left,right,8,postgrasp,128,144,16,1.0,0.9664429530201343,1,8,0.3,0.7,8,0.44442296028137207,0.4384937584400177,0.4384937584400177,0.44442296028137207,0.00592920184135437,0.641520082950592,-0.04573749750852585,0.1904522329568863
test,C1,4,2026_08_18_00_45_56_961481_L1_right_C1,right,pick up the right block,pick up the red block,L1,red,left,right,8,postgrasp,128,144,16,1.0,0.9664429530201343,2,8,0.3,0.7,8,0.3868577778339386,0.38182178139686584,0.38182178139686584,0.3868577778339386,0.005035996437072754,0.641520082950592,-0.04573749750852585,0.1904522329568863
test,C1,4,2026_08_18_00_45_56_961481_L1_right_C1,right,pick up the right block,pick up the red block,L1,red,left,right,8,postgrasp,128,144,16,1.0,0.9664429530201343,3,8,0.3,0.7,8,0.42689257860183716,0.42056116461753845,0.42056116461753845,0.42689257860183716,0.006331413984298706,0.641520082950592,-0.04573749750852585,0.1904522329568863
test,C1,4,2026_08_18_00_45_56_961481_L1_right_C1,right,pick up the right block,pick up the red block,L1,red,left,right,8,postgrasp,128,144,16,1.0,0.9664429530201343,4,8,0.3,0.7,8,0.3560171127319336,0.35038384795188904,0.35038384795188904,0.3560171127319336,0.005633264780044556,0.641520082950592,-0.04573749750852585,0.1904522329568863
test,C1,4,2026_08_18_00_45_56_961481_L1_right_C1,right,pick up the right block,pick up the red block,L1,red,left,right,8,postgrasp,128,144,16,1.0,0.9664429530201343,5,8,0.3,0.7,8,0.4271167516708374,0.4220847487449646,0.4220847487449646,0.4271167516708374,0.005032002925872803,0.641520082950592,-0.04573749750852585,0.1904522329568863
test,C1,4,2026_08_18_00_45_56_961481_L1_right_C1,right,pick up the right block,pick up the red block,L1,red,left,right,8,postgrasp,128,144,16,1.0,0.9664429530201343,6,8,0.3,0.7,8,0.38395607471466064,0.3798900842666626,0.3798900842666626,0.38395607471466064,0.004065990447998047,0.641520082950592,-0.04573749750852585,0.1904522329568863
test,C1,4,2026_08_18_00_45_56_961481_L1_right_C1,right,pick up the right block,pick up the red block,L1,red,left,right,8,postgrasp,128,144,16,1.0,0.9664429530201343,7,8,0.3,0.7,8,0.34345877170562744,0.3400656580924988,0.3400656580924988,0.34345877170562744,0.003393113613128662,0.641520082950592,-0.04573749750852585,0.1904522329568863
test,C1,4,2026_08_18_00_45_56_961481_L1_right_C1,right,pick up the right block,pick up the red block,L1,red,left,right,8,postgrasp,128,144,16,1.0,0.9664429530201343,8,8,0.3,0.7,8,0.43602466583251953,0.43204665184020996,0.43204665184020996,0.43602466583251953,0.00397801399230957,0.641520082950592,-0.04573749750852585,0.1904522329568863
test,C1,4,2026_08_18_00_45_56_961481_L1_right_C1,right,pick up the right block,pick up the red block,L1,red,left,right,8,postgrasp,128,144,16,1.0,0.9664429530201343,9,8,0.3,0.7,8,0.32187527418136597,0.3152434229850769,0.3152434229850769,0.32187527418136597,0.0066318511962890625,0.641520082950592,-0.04573749750852585,0.1904522329568863
test,C1,4,2026_08_18_00_45_56_961481_L1_right_C1,right,pick up the right block,pick up the red block,L1,red,left,right,9,postgrasp,144,149,5,1.0,1.0,0,8,0.3,0.7,8,0.24057181179523468,0.24205751717090607,0.24205751717090607,0.24057181179523468,-0.0014857053756713867,0.641523003578186,-0.045738592743873596,0.19045324623584747
test,C1,4,2026_08_18_00_45_56_961481_L1_right_C1,right,pick up the right block,pick up the red block,L1,red,left,right,9,postgrasp,144,149,5,1.0,1.0,1,8,0.3,0.7,8,0.3356878459453583,0.33702701330184937,0.33702701330184937,0.3356878459453583,-0.0013391673564910889,0.641523003578186,-0.045738592743873596,0.19045324623584747
test,C1,4,2026_08_18_00_45_56_961481_L1_right_C1,right,pick up the right block,pick up the red block,L1,red,left,right,9,postgrasp,144,149,5,1.0,1.0,2,8,0.3,0.7,8,0.22048982977867126,0.21871480345726013,0.21871480345726013,0.22048982977867126,0.0017750263214111328,0.641523003578186,-0.045738592743873596,0.19045324623584747
test,C1,4,2026_08_18_00_45_56_961481_L1_right_C1,right,pick up the right block,pick up the red block,L1,red,left,right,9,postgrasp,144,149,5,1.0,1.0,3,8,0.3,0.7,8,0.284602552652359,0.2843434810638428,0.2843434810638428,0.284602552652359,0.00025907158851623535,0.641523003578186,-0.045738592743873596,0.19045324623584747
test,C1,4,2026_08_18_00_45_56_961481_L1_right_C1,right,pick up the right block,pick up the red block,L1,red,left,right,9,postgrasp,144,149,5,1.0,1.0,4,8,0.3,0.7,8,0.26790961623191833,0.26909127831459045,0.26909127831459045,0.26790961623191833,-0.0011816620826721191,0.641523003578186,-0.045738592743873596,0.19045324623584747
test,C1,4,2026_08_18_00_45_56_961481_L1_right_C1,right,pick up the right block,pick up the red block,L1,red,left,right,9,postgrasp,144,149,5,1.0,1.0,5,8,0.3,0.7,8,0.41132640838623047,0.41890236735343933,0.41890236735343933,0.41132640838623047,-0.007575958967208862,0.641523003578186,-0.045738592743873596,0.19045324623584747
test,C1,4,2026_08_18_00_45_56_961481_L1_right_C1,right,pick up the right block,pick up the red block,L1,red,left,right,9,postgrasp,144,149,5,1.0,1.0,6,8,0.3,0.7,8,0.26604369282722473,0.2696521282196045,0.2696521282196045,0.26604369282722473,-0.0036084353923797607,0.641523003578186,-0.045738592743873596,0.19045324623584747
test,C1,4,2026_08_18_00_45_56_961481_L1_right_C1,right,pick up the right block,pick up the red block,L1,red,left,right,9,postgrasp,144,149,5,1.0,1.0,7,8,0.3,0.7,8,0.29349106550216675,0.2969585955142975,0.2969585955142975,0.29349106550216675,-0.0034675300121307373,0.641523003578186,-0.045738592743873596,0.19045324623584747
test,C1,4,2026_08_18_00_45_56_961481_L1_right_C1,right,pick up the right block,pick up the red block,L1,red,left,right,9,postgrasp,144,149,5,1.0,1.0,8,8,0.3,0.7,8,0.3706321120262146,0.3716006577014923,0.3716006577014923,0.3706321120262146,-0.00096854567527771,0.641523003578186,-0.045738592743873596,0.19045324623584747
test,C1,4,2026_08_18_00_45_56_961481_L1_right_C1,right,pick up the right block,pick up the red block,L1,red,left,right,9,postgrasp,144,149,5,1.0,1.0,9,8,0.3,0.7,8,0.26644349098205566,0.26486122608184814,0.26486122608184814,0.26644349098205566,0.0015822649002075195,0.641523003578186,-0.045738592743873596,0.19045324623584747
test,C2,5,2026_08_18_00_46_25_193744_L1_right_C2,right,pick up the right block,pick up the red block,L1,red,left,right,0,pregrasp,0,16,16,0.10256410256410256,0.0903954802259887,0,8,0.3,0.7,8,0.32421255111694336,0.28346768021583557,0.28346768021583557,0.32421255111694336,0.04074487090110779,0.3676310181617737,-0.029366036877036095,0.4838156998157501
test,C2,5,2026_08_18_00_46_25_193744_L1_right_C2,right,pick up the right block,pick up the red block,L1,red,left,right,0,pregrasp,0,16,16,0.10256410256410256,0.0903954802259887,1,8,0.3,0.7,8,0.39960870146751404,0.4036293625831604,0.4036293625831604,0.39960870146751404,-0.004020661115646362,0.3676310181617737,-0.029366036877036095,0.4838156998157501
test,C2,5,2026_08_18_00_46_25_193744_L1_right_C2,right,pick up the right block,pick up the red block,L1,red,left,right,0,pregrasp,0,16,16,0.10256410256410256,0.0903954802259887,2,8,0.3,0.7,8,0.3816664218902588,0.39963528513908386,0.39963528513908386,0.3816664218902588,-0.017968863248825073,0.3676310181617737,-0.029366036877036095,0.4838156998157501
test,C2,5,2026_08_18_00_46_25_193744_L1_right_C2,right,pick up the right block,pick up the red block,L1,red,left,right,0,pregrasp,0,16,16,0.10256410256410256,0.0903954802259887,3,8,0.3,0.7,8,0.4659643769264221,0.495941698551178,0.495941698551178,0.4659643769264221,-0.02997732162475586,0.3676310181617737,-0.029366036877036095,0.4838156998157501
test,C2,5,2026_08_18_00_46_25_193744_L1_right_C2,right,pick up the right block,pick up the red block,L1,red,left,right,0,pregrasp,0,16,16,0.10256410256410256,0.0903954802259887,4,8,0.3,0.7,8,0.3493366539478302,0.34730878472328186,0.34730878472328186,0.3493366539478302,0.00202786922454834,0.3676310181617737,-0.029366036877036095,0.4838156998157501
test,C2,5,2026_08_18_00_46_25_193744_L1_right_C2,right,pick up the right block,pick up the red block,L1,red,left,right,0,pregrasp,0,16,16,0.10256410256410256,0.0903954802259887,5,8,0.3,0.7,8,0.3627080023288727,0.3367222845554352,0.3367222845554352,0.3627080023288727,0.0259857177734375,0.3676310181617737,-0.029366036877036095,0.4838156998157501
test,C2,5,2026_08_18_00_46_25_193744_L1_right_C2,right,pick up the right block,pick up the red block,L1,red,left,right,0,pregrasp,0,16,16,0.10256410256410256,0.0903954802259887,6,8,0.3,0.7,8,0.40403276681900024,0.3386843800544739,0.3386843800544739,0.40403276681900024,0.06534838676452637,0.3676310181617737,-0.029366036877036095,0.4838156998157501
test,C2,5,2026_08_18_00_46_25_193744_L1_right_C2,right,pick up the right block,pick up the red block,L1,red,left,right,0,pregrasp,0,16,16,0.10256410256410256,0.0903954802259887,7,8,0.3,0.7,8,0.34202903509140015,0.3507675230503082,0.3507675230503082,0.34202903509140015,-0.008738487958908081,0.3676310181617737,-0.029366036877036095,0.4838156998157501
test,C2,5,2026_08_18_00_46_25_193744_L1_right_C2,right,pick up the right block,pick up the red block,L1,red,left,right,0,pregrasp,0,16,16,0.10256410256410256,0.0903954802259887,8,8,0.3,0.7,8,0.2893894612789154,0.28430408239364624,0.28430408239364624,0.2893894612789154,0.005085378885269165,0.3676310181617737,-0.029366036877036095,0.4838156998157501
test,C2,5,2026_08_18_00_46_25_193744_L1_right_C2,right,pick up the right block,pick up the red block,L1,red,left,right,0,pregrasp,0,16,16,0.10256410256410256,0.0903954802259887,9,8,0.3,0.7,8,0.38699936866760254,0.36341238021850586,0.36341238021850586,0.38699936866760254,0.02358698844909668,0.3676310181617737,-0.029366036877036095,0.4838156998157501
test,C2,5,2026_08_18_00_46_25_193744_L1_right_C2,right,pick up the right block,pick up the red block,L1,red,left,right,1,pregrasp,16,32,16,0.20512820512820512,0.1807909604519774,0,8,0.3,0.7,8,0.23700466752052307,0.26708802580833435,0.26708802580833435,0.23700466752052307,-0.03008335828781128,0.3803401589393616,-0.0928531363606453,0.46030691266059875
test,C2,5,2026_08_18_00_46_25_193744_L1_right_C2,right,pick up the right block,pick up the red block,L1,red,left,right,1,pregrasp,16,32,16,0.20512820512820512,0.1807909604519774,1,8,0.3,0.7,8,0.27709707617759705,0.2960274815559387,0.2960274815559387,0.27709707617759705,-0.018930405378341675,0.3803401589393616,-0.0928531363606453,0.46030691266059875
test,C2,5,2026_08_18_00_46_25_193744_L1_right_C2,right,pick up the right block,pick up the red block,L1,red,left,right,1,pregrasp,16,32,16,0.20512820512820512,0.1807909604519774,2,8,0.3,0.7,8,0.29001885652542114,0.30976665019989014,0.30976665019989014,0.29001885652542114,-0.019747793674468994,0.3803401589393616,-0.0928531363606453,0.46030691266059875
test,C2,5,2026_08_18_00_46_25_193744_L1_right_C2,right,pick up the right block,pick up the red block,L1,red,left,right,1,pregrasp,16,32,16,0.20512820512820512,0.1807909604519774,3,8,0.3,0.7,8,0.2537412941455841,0.2645643651485443,0.2645643651485443,0.2537412941455841,-0.010823071002960205,0.3803401589393616,-0.0928531363606453,0.46030691266059875
test,C2,5,2026_08_18_00_46_25_193744_L1_right_C2,right,pick up the right block,pick up the red block,L1,red,left,right,1,pregrasp,16,32,16,0.20512820512820512,0.1807909604519774,4,8,0.3,0.7,8,0.20311613380908966,0.16765637695789337,0.16765637695789337,0.20311613380908966,0.03545975685119629,0.3803401589393616,-0.0928531363606453,0.46030691266059875
test,C2,5,2026_08_18_00_46_25_193744_L1_right_C2,right,pick up the right block,pick up the red block,L1,red,left,right,1,pregrasp,16,32,16,0.20512820512820512,0.1807909604519774,5,8,0.3,0.7,8,0.2954566478729248,0.30733272433280945,0.30733272433280945,0.2954566478729248,-0.011876076459884644,0.3803401589393616,-0.0928531363606453,0.46030691266059875
test,C2,5,2026_08_18_00_46_25_193744_L1_right_C2,right,pick up the right block,pick up the red block,L1,red,left,right,1,pregrasp,16,32,16,0.20512820512820512,0.1807909604519774,6,8,0.3,0.7,8,0.22999033331871033,0.21425212919712067,0.21425212919712067,0.22999033331871033,0.01573820412158966,0.3803401589393616,-0.0928531363606453,0.46030691266059875
test,C2,5,2026_08_18_00_46_25_193744_L1_right_C2,right,pick up the right block,pick up the red block,L1,red,left,right,1,pregrasp,16,32,16,0.20512820512820512,0.1807909604519774,7,8,0.3,0.7,8,0.3526298403739929,0.3891007900238037,0.3891007900238037,0.3526298403739929,-0.03647094964981079,0.3803401589393616,-0.0928531363606453,0.46030691266059875
test,C2,5,2026_08_18_00_46_25_193744_L1_right_C2,right,pick up the right block,pick up the red block,L1,red,left,right,1,pregrasp,16,32,16,0.20512820512820512,0.1807909604519774,8,8,0.3,0.7,8,0.29163968563079834,0.31158262491226196,0.31158262491226196,0.29163968563079834,-0.019942939281463623,0.3803401589393616,-0.0928531363606453,0.46030691266059875
test,C2,5,2026_08_18_00_46_25_193744_L1_right_C2,right,pick up the right block,pick up the red block,L1,red,left,right,1,pregrasp,16,32,16,0.20512820512820512,0.1807909604519774,9,8,0.3,0.7,8,0.2666173279285431,0.24654120206832886,0.24654120206832886,0.2666173279285431,0.020076125860214233,0.3803401589393616,-0.0928531363606453,0.46030691266059875
test,C2,5,2026_08_18_00_46_25_193744_L1_right_C2,right,pick up the right block,pick up the red block,L1,red,left,right,2,pregrasp,32,48,16,0.3076923076923077,0.2711864406779661,0,8,0.3,0.7,8,0.22298488020896912,0.30000755190849304,0.30000755190849304,0.22298488020896912,-0.07702267169952393,0.40507301688194275,-0.15204323828220367,0.4344693720340729
test,C2,5,2026_08_18_00_46_25_193744_L1_right_C2,right,pick up the right block,pick up the red block,L1,red,left,right,2,pregrasp,32,48,16,0.3076923076923077,0.2711864406779661,1,8,0.3,0.7,8,0.2948403060436249,0.358207106590271,0.358207106590271,0.2948403060436249,-0.06336680054664612,0.40507301688194275,-0.15204323828220367,0.4344693720340729
test,C2,5,2026_08_18_00_46_25_193744_L1_right_C2,right,pick up the right block,pick up the red block,L1,red,left,right,2,pregrasp,32,48,16,0.3076923076923077,0.2711864406779661,2,8,0.3,0.7,8,0.22067368030548096,0.27358168363571167,0.27358168363571167,0.22067368030548096,-0.05290800333023071,0.40507301688194275,-0.15204323828220367,0.4344693720340729
test,C2,5,2026_08_18_00_46_25_193744_L1_right_C2,right,pick up the right block,pick up the red block,L1,red,left,right,2,pregrasp,32,48,16,0.3076923076923077,0.2711864406779661,3,8,0.3,0.7,8,0.14528575539588928,0.17340441048145294,0.17340441048145294,0.14528575539588928,-0.02811865508556366,0.40507301688194275,-0.15204323828220367,0.4344693720340729
test,C2,5,2026_08_18_00_46_25_193744_L1_right_C2,right,pick up the right block,pick up the red block,L1,red,left,right,2,pregrasp,32,48,16,0.3076923076923077,0.2711864406779661,4,8,0.3,0.7,8,0.15440663695335388,0.1928940713405609,0.1928940713405609,0.15440663695335388,-0.03848743438720703,0.40507301688194275,-0.15204323828220367,0.4344693720340729
test,C2,5,2026_08_18_00_46_25_193744_L1_right_C2,right,pick up the right block,pick up the red block,L1,red,left,right,2,pregrasp,32,48,16,0.3076923076923077,0.2711864406779661,5,8,0.3,0.7,8,0.21096712350845337,0.2567112445831299,0.2567112445831299,0.21096712350845337,-0.045744121074676514,0.40507301688194275,-0.15204323828220367,0.4344693720340729
test,C2,5,2026_08_18_00_46_25_193744_L1_right_C2,right,pick up the right block,pick up the red block,L1,red,left,right,2,pregrasp,32,48,16,0.3076923076923077,0.2711864406779661,6,8,0.3,0.7,8,0.2017146348953247,0.25992587208747864,0.25992587208747864,0.2017146348953247,-0.05821123719215393,0.40507301688194275,-0.15204323828220367,0.4344693720340729
test,C2,5,2026_08_18_00_46_25_193744_L1_right_C2,right,pick up the right block,pick up the red block,L1,red,left,right,2,pregrasp,32,48,16,0.3076923076923077,0.2711864406779661,7,8,0.3,0.7,8,0.119638592004776,0.1533750295639038,0.1533750295639038,0.119638592004776,-0.03373643755912781,0.40507301688194275,-0.15204323828220367,0.4344693720340729
test,C2,5,2026_08_18_00_46_25_193744_L1_right_C2,right,pick up the right block,pick up the red block,L1,red,left,right,2,pregrasp,32,48,16,0.3076923076923077,0.2711864406779661,8,8,0.3,0.7,8,0.16290338337421417,0.2039806842803955,0.2039806842803955,0.16290338337421417,-0.041077300906181335,0.40507301688194275,-0.15204323828220367,0.4344693720340729
test,C2,5,2026_08_18_00_46_25_193744_L1_right_C2,right,pick up the right block,pick up the red block,L1,red,left,right,2,pregrasp,32,48,16,0.3076923076923077,0.2711864406779661,9,8,0.3,0.7,8,0.22158391773700714,0.28171345591545105,0.28171345591545105,0.22158391773700714,-0.06012953817844391,0.40507301688194275,-0.15204323828220367,0.4344693720340729
test,C2,5,2026_08_18_00_46_25_193744_L1_right_C2,right,pick up the right block,pick up the red block,L1,red,left,right,3,pregrasp,48,64,16,0.41025641025641024,0.3615819209039548,0,8,0.3,0.7,8,0.16972394287586212,0.15449975430965424,0.15449975430965424,0.16972394287586212,0.015224188566207886,0.442139595746994,-0.19614888727664948,0.3963421881198883
test,C2,5,2026_08_18_00_46_25_193744_L1_right_C2,right,pick up the right block,pick up the red block,L1,red,left,right,3,pregrasp,48,64,16,0.41025641025641024,0.3615819209039548,1,8,0.3,0.7,8,0.2081224024295807,0.23876720666885376,0.23876720666885376,0.2081224024295807,-0.03064480423927307,0.442139595746994,-0.19614888727664948,0.3963421881198883
test,C2,5,2026_08_18_00_46_25_193744_L1_right_C2,right,pick up the right block,pick up the red block,L1,red,left,right,3,pregrasp,48,64,16,0.41025641025641024,0.3615819209039548,2,8,0.3,0.7,8,0.19810768961906433,0.21126239001750946,0.21126239001750946,0.19810768961906433,-0.01315470039844513,0.442139595746994,-0.19614888727664948,0.3963421881198883
test,C2,5,2026_08_18_00_46_25_193744_L1_right_C2,right,pick up the right block,pick up the red block,L1,red,left,right,3,pregrasp,48,64,16,0.41025641025641024,0.3615819209039548,3,8,0.3,0.7,8,0.23001602292060852,0.2516537010669708,0.2516537010669708,0.23001602292060852,-0.021637678146362305,0.442139595746994,-0.19614888727664948,0.3963421881198883
test,C2,5,2026_08_18_00_46_25_193744_L1_right_C2,right,pick up the right block,pick up the red block,L1,red,left,right,3,pregrasp,48,64,16,0.41025641025641024,0.3615819209039548,4,8,0.3,0.7,8,0.17988938093185425,0.1923626959323883,0.1923626959323883,0.17988938093185425,-0.012473315000534058,0.442139595746994,-0.19614888727664948,0.3963421881198883
test,C2,5,2026_08_18_00_46_25_193744_L1_right_C2,right,pick up the right block,pick up the red block,L1,red,left,right,3,pregrasp,48,64,16,0.41025641025641024,0.3615819209039548,5,8,0.3,0.7,8,0.3122899830341339,0.3332262635231018,0.3332262635231018,0.3122899830341339,-0.020936280488967896,0.442139595746994,-0.19614888727664948,0.3963421881198883
test,C2,5,2026_08_18_00_46_25_193744_L1_right_C2,right,pick up the right block,pick up the red block,L1,red,left,right,3,pregrasp,48,64,16,0.41025641025641024,0.3615819209039548,6,8,0.3,0.7,8,0.152351513504982,0.16655537486076355,0.16655537486076355,0.152351513504982,-0.014203861355781555,0.442139595746994,-0.19614888727664948,0.3963421881198883
test,C2,5,2026_08_18_00_46_25_193744_L1_right_C2,right,pick up the right block,pick up the red block,L1,red,left,right,3,pregrasp,48,64,16,0.41025641025641024,0.3615819209039548,7,8,0.3,0.7,8,0.18999376893043518,0.2039819359779358,0.2039819359779358,0.18999376893043518,-0.01398816704750061,0.442139595746994,-0.19614888727664948,0.3963421881198883
test,C2,5,2026_08_18_00_46_25_193744_L1_right_C2,right,pick up the right block,pick up the red block,L1,red,left,right,3,pregrasp,48,64,16,0.41025641025641024,0.3615819209039548,8,8,0.3,0.7,8,0.23096513748168945,0.2565319538116455,0.2565319538116455,0.23096513748168945,-0.025566816329956055,0.442139595746994,-0.19614888727664948,0.3963421881198883
test,C2,5,2026_08_18_00_46_25_193744_L1_right_C2,right,pick up the right block,pick up the red block,L1,red,left,right,3,pregrasp,48,64,16,0.41025641025641024,0.3615819209039548,9,8,0.3,0.7,8,0.1573442965745926,0.1701859086751938,0.1701859086751938,0.1573442965745926,-0.012841612100601196,0.442139595746994,-0.19614888727664948,0.3963421881198883
test,C2,5,2026_08_18_00_46_25_193744_L1_right_C2,right,pick up the right block,pick up the red block,L1,red,left,right,4,pregrasp,64,80,16,0.5128205128205128,0.4519774011299435,0,8,0.3,0.7,8,0.18974068760871887,0.19197548925876617,0.19197548925876617,0.18974068760871887,-0.0022348016500473022,0.48802003264427185,-0.20639817416667938,0.3474438786506653
test,C2,5,2026_08_18_00_46_25_193744_L1_right_C2,right,pick up the right block,pick up the red block,L1,red,left,right,4,pregrasp,64,80,16,0.5128205128205128,0.4519774011299435,1,8,0.3,0.7,8,0.30103570222854614,0.3183180093765259,0.3183180093765259,0.30103570222854614,-0.017282307147979736,0.48802003264427185,-0.20639817416667938,0.3474438786506653
test,C2,5,2026_08_18_00_46_25_193744_L1_right_C2,right,pick up the right block,pick up the red block,L1,red,left,right,4,pregrasp,64,80,16,0.5128205128205128,0.4519774011299435,2,8,0.3,0.7,8,0.2405681163072586,0.25529924035072327,0.25529924035072327,0.2405681163072586,-0.01473112404346466,0.48802003264427185,-0.20639817416667938,0.3474438786506653
test,C2,5,2026_08_18_00_46_25_193744_L1_right_C2,right,pick up the right block,pick up the red block,L1,red,left,right,4,pregrasp,64,80,16,0.5128205128205128,0.4519774011299435,3,8,0.3,0.7,8,0.1810925304889679,0.2025834023952484,0.2025834023952484,0.1810925304889679,-0.021490871906280518,0.48802003264427185,-0.20639817416667938,0.3474438786506653
test,C2,5,2026_08_18_00_46_25_193744_L1_right_C2,right,pick up the right block,pick up the red block,L1,red,left,right,4,pregrasp,64,80,16,0.5128205128205128,0.4519774011299435,4,8,0.3,0.7,8,0.31835514307022095,0.3466913104057312,0.3466913104057312,0.31835514307022095,-0.028336167335510254,0.48802003264427185,-0.20639817416667938,0.3474438786506653
test,C2,5,2026_08_18_00_46_25_193744_L1_right_C2,right,pick up the right block,pick up the red block,L1,red,left,right,4,pregrasp,64,80,16,0.5128205128205128,0.4519774011299435,5,8,0.3,0.7,8,0.26839640736579895,0.2914997339248657,0.2914997339248657,0.26839640736579895,-0.023103326559066772,0.48802003264427185,-0.20639817416667938,0.3474438786506653
test,C2,5,2026_08_18_00_46_25_193744_L1_right_C2,right,pick up the right block,pick up the red block,L1,red,left,right,4,pregrasp,64,80,16,0.5128205128205128,0.4519774011299435,6,8,0.3,0.7,8,0.26227444410324097,0.2924273908138275,0.2924273908138275,0.26227444410324097,-0.030152946710586548,0.48802003264427185,-0.20639817416667938,0.3474438786506653
test,C2,5,2026_08_18_00_46_25_193744_L1_right_C2,right,pick up the right block,pick up the red block,L1,red,left,right,4,pregrasp,64,80,16,0.5128205128205128,0.4519774011299435,7,8,0.3,0.7,8,0.31067270040512085,0.34065109491348267,0.34065109491348267,0.31067270040512085,-0.029978394508361816,0.48802003264427185,-0.20639817416667938,0.3474438786506653
test,C2,5,2026_08_18_00_46_25_193744_L1_right_C2,right,pick up the right block,pick up the red block,L1,red,left,right,4,pregrasp,64,80,16,0.5128205128205128,0.4519774011299435,8,8,0.3,0.7,8,0.33651572465896606,0.3630044460296631,0.3630044460296631,0.33651572465896606,-0.02648872137069702,0.48802003264427185,-0.20639817416667938,0.3474438786506653
test,C2,5,2026_08_18_00_46_25_193744_L1_right_C2,right,pick up the right block,pick up the red block,L1,red,left,right,4,pregrasp,64,80,16,0.5128205128205128,0.4519774011299435,9,8,0.3,0.7,8,0.2644369602203369,0.2894487679004669,0.2894487679004669,0.2644369602203369,-0.025011807680130005,0.48802003264427185,-0.20639817416667938,0.3474438786506653
test,C2,5,2026_08_18_00_46_25_193744_L1_right_C2,right,pick up the right block,pick up the red block,L1,red,left,right,5,pregrasp,80,96,16,0.6153846153846154,0.5423728813559322,0,8,0.3,0.7,8,0.4000222682952881,0.41105857491493225,0.41105857491493225,0.4000222682952881,-0.011036306619644165,0.5325983762741089,-0.18009647727012634,0.30127134919166565
test,C2,5,2026_08_18_00_46_25_193744_L1_right_C2,right,pick up the right block,pick up the red block,L1,red,left,right,5,pregrasp,80,96,16,0.6153846153846154,0.5423728813559322,1,8,0.3,0.7,8,0.3619009852409363,0.37162959575653076,0.37162959575653076,0.3619009852409363,-0.009728610515594482,0.5325983762741089,-0.18009647727012634,0.30127134919166565
test,C2,5,2026_08_18_00_46_25_193744_L1_right_C2,right,pick up the right block,pick up the red block,L1,red,left,right,5,pregrasp,80,96,16,0.6153846153846154,0.5423728813559322,2,8,0.3,0.7,8,0.31805887818336487,0.33308008313179016,0.33308008313179016,0.31805887818336487,-0.015021204948425293,0.5325983762741089,-0.18009647727012634,0.30127134919166565
test,C2,5,2026_08_18_00_46_25_193744_L1_right_C2,right,pick up the right block,pick up the red block,L1,red,left,right,5,pregrasp,80,96,16,0.6153846153846154,0.5423728813559322,3,8,0.3,0.7,8,0.26568523049354553,0.2821606695652008,0.2821606695652008,0.26568523049354553,-0.016475439071655273,0.5325983762741089,-0.18009647727012634,0.30127134919166565
test,C2,5,2026_08_18_00_46_25_193744_L1_right_C2,right,pick up the right block,pick up the red block,L1,red,left,right,5,pregrasp,80,96,16,0.6153846153846154,0.5423728813559322,4,8,0.3,0.7,8,0.3475339412689209,0.3597858250141144,0.3597858250141144,0.3475339412689209,-0.012251883745193481,0.5325983762741089,-0.18009647727012634,0.30127134919166565
test,C2,5,2026_08_18_00_46_25_193744_L1_right_C2,right,pick up the right block,pick up the red block,L1,red,left,right,5,pregrasp,80,96,16,0.6153846153846154,0.5423728813559322,5,8,0.3,0.7,8,0.4213710427284241,0.43240806460380554,0.43240806460380554,0.4213710427284241,-0.01103702187538147,0.5325983762741089,-0.18009647727012634,0.30127134919166565
test,C2,5,2026_08_18_00_46_25_193744_L1_right_C2,right,pick up the right block,pick up the red block,L1,red,left,right,5,pregrasp,80,96,16,0.6153846153846154,0.5423728813559322,6,8,0.3,0.7,8,0.3371877074241638,0.3491441607475281,0.3491441607475281,0.3371877074241638,-0.011956453323364258,0.5325983762741089,-0.18009647727012634,0.30127134919166565
test,C2,5,2026_08_18_00_46_25_193744_L1_right_C2,right,pick up the right block,pick up the red block,L1,red,left,right,5,pregrasp,80,96,16,0.6153846153846154,0.5423728813559322,7,8,0.3,0.7,8,0.38123440742492676,0.3959364593029022,0.3959364593029022,0.38123440742492676,-0.014702051877975464,0.5325983762741089,-0.18009647727012634,0.30127134919166565
test,C2,5,2026_08_18_00_46_25_193744_L1_right_C2,right,pick up the right block,pick up the red block,L1,red,left,right,5,pregrasp,80,96,16,0.6153846153846154,0.5423728813559322,8,8,0.3,0.7,8,0.3891581594944,0.396242618560791,0.396242618560791,0.3891581594944,-0.007084459066390991,0.5325983762741089,-0.18009647727012634,0.30127134919166565
test,C2,5,2026_08_18_00_46_25_193744_L1_right_C2,right,pick up the right block,pick up the red block,L1,red,left,right,5,pregrasp,80,96,16,0.6153846153846154,0.5423728813559322,9,8,0.3,0.7,8,0.35158851742744446,0.3630279302597046,0.3630279302597046,0.35158851742744446,-0.011439412832260132,0.5325983762741089,-0.18009647727012634,0.30127134919166565
test,C2,5,2026_08_18_00_46_25_193744_L1_right_C2,right,pick up the right block,pick up the red block,L1,red,left,right,6,pregrasp,96,112,16,0.717948717948718,0.632768361581921,0,8,0.3,0.7,8,0.3649517595767975,0.41102302074432373,0.41102302074432373,0.3649517595767975,-0.046071261167526245,0.5713520050048828,-0.1405704915523529,0.26136112213134766
test,C2,5,2026_08_18_00_46_25_193744_L1_right_C2,right,pick up the right block,pick up the red block,L1,red,left,right,6,pregrasp,96,112,16,0.717948717948718,0.632768361581921,1,8,0.3,0.7,8,0.34692904353141785,0.3867056965827942,0.3867056965827942,0.34692904353141785,-0.03977665305137634,0.5713520050048828,-0.1405704915523529,0.26136112213134766
test,C2,5,2026_08_18_00_46_25_193744_L1_right_C2,right,pick up the right block,pick up the red block,L1,red,left,right,6,pregrasp,96,112,16,0.717948717948718,0.632768361581921,2,8,0.3,0.7,8,0.2915124297142029,0.32274293899536133,0.32274293899536133,0.2915124297142029,-0.031230509281158447,0.5713520050048828,-0.1405704915523529,0.26136112213134766
test,C2,5,2026_08_18_00_46_25_193744_L1_right_C2,right,pick up the right block,pick up the red block,L1,red,left,right,6,pregrasp,96,112,16,0.717948717948718,0.632768361581921,3,8,0.3,0.7,8,0.2755206525325775,0.3082744777202606,0.3082744777202606,0.2755206525325775,-0.032753825187683105,0.5713520050048828,-0.1405704915523529,0.26136112213134766
test,C2,5,2026_08_18_00_46_25_193744_L1_right_C2,right,pick up the right block,pick up the red block,L1,red,left,right,6,pregrasp,96,112,16,0.717948717948718,0.632768361581921,4,8,0.3,0.7,8,0.30548912286758423,0.3430364727973938,0.3430364727973938,0.30548912286758423,-0.03754734992980957,0.5713520050048828,-0.1405704915523529,0.26136112213134766
test,C2,5,2026_08_18_00_46_25_193744_L1_right_C2,right,pick up the right block,pick up the red block,L1,red,left,right,6,pregrasp,96,112,16,0.717948717948718,0.632768361581921,5,8,0.3,0.7,8,0.26719820499420166,0.297655314207077,0.297655314207077,0.26719820499420166,-0.030457109212875366,0.5713520050048828,-0.1405704915523529,0.26136112213134766
test,C2,5,2026_08_18_00_46_25_193744_L1_right_C2,right,pick up the right block,pick up the red block,L1,red,left,right,6,pregrasp,96,112,16,0.717948717948718,0.632768361581921,6,8,0.3,0.7,8,0.37808266282081604,0.4217683970928192,0.4217683970928192,0.37808266282081604,-0.043685734272003174,0.5713520050048828,-0.1405704915523529,0.26136112213134766
test,C2,5,2026_08_18_00_46_25_193744_L1_right_C2,right,pick up the right block,pick up the red block,L1,red,left,right,6,pregrasp,96,112,16,0.717948717948718,0.632768361581921,7,8,0.3,0.7,8,0.30204686522483826,0.34231051802635193,0.34231051802635193,0.30204686522483826,-0.04026365280151367,0.5713520050048828,-0.1405704915523529,0.26136112213134766
test,C2,5,2026_08_18_00_46_25_193744_L1_right_C2,right,pick up the right block,pick up the red block,L1,red,left,right,6,pregrasp,96,112,16,0.717948717948718,0.632768361581921,8,8,0.3,0.7,8,0.2855956256389618,0.3209725618362427,0.3209725618362427,0.2855956256389618,-0.035376936197280884,0.5713520050048828,-0.1405704915523529,0.26136112213134766
test,C2,5,2026_08_18_00_46_25_193744_L1_right_C2,right,pick up the right block,pick up the red block,L1,red,left,right,6,pregrasp,96,112,16,0.717948717948718,0.632768361581921,9,8,0.3,0.7,8,0.32052308320999146,0.35398155450820923,0.35398155450820923,0.32052308320999146,-0.03345847129821777,0.5713520050048828,-0.1405704915523529,0.26136112213134766
test,C2,5,2026_08_18_00_46_25_193744_L1_right_C2,right,pick up the right block,pick up the red block,L1,red,left,right,7,pregrasp,112,128,16,0.8205128205128205,0.7231638418079096,0,8,0.3,0.7,8,0.3015844523906708,0.2917376756668091,0.2917376756668091,0.3015844523906708,0.009846776723861694,0.6075618267059326,-0.09266570210456848,0.22456377744674683
test,C2,5,2026_08_18_00_46_25_193744_L1_right_C2,right,pick up the right block,pick up the red block,L1,red,left,right,7,pregrasp,112,128,16,0.8205128205128205,0.7231638418079096,1,8,0.3,0.7,8,0.3110085725784302,0.3086647391319275,0.3086647391319275,0.3110085725784302,0.0023438334465026855,0.6075618267059326,-0.09266570210456848,0.22456377744674683
test,C2,5,2026_08_18_00_46_25_193744_L1_right_C2,right,pick up the right block,pick up the red block,L1,red,left,right,7,pregrasp,112,128,16,0.8205128205128205,0.7231638418079096,2,8,0.3,0.7,8,0.25868454575538635,0.254806786775589,0.254806786775589,0.25868454575538635,0.0038777589797973633,0.6075618267059326,-0.09266570210456848,0.22456377744674683
test,C2,5,2026_08_18_00_46_25_193744_L1_right_C2,right,pick up the right block,pick up the red block,L1,red,left,right,7,pregrasp,112,128,16,0.8205128205128205,0.7231638418079096,3,8,0.3,0.7,8,0.3529830574989319,0.3551257252693176,0.3551257252693176,0.3529830574989319,-0.002142667770385742,0.6075618267059326,-0.09266570210456848,0.22456377744674683
test,C2,5,2026_08_18_00_46_25_193744_L1_right_C2,right,pick up the right block,pick up the red block,L1,red,left,right,7,pregrasp,112,128,16,0.8205128205128205,0.7231638418079096,4,8,0.3,0.7,8,0.39709457755088806,0.4033789038658142,0.4033789038658142,0.39709457755088806,-0.0062843263149261475,0.6075618267059326,-0.09266570210456848,0.22456377744674683
test,C2,5,2026_08_18_00_46_25_193744_L1_right_C2,right,pick up the right block,pick up the red block,L1,red,left,right,7,pregrasp,112,128,16,0.8205128205128205,0.7231638418079096,5,8,0.3,0.7,8,0.4079577326774597,0.4117426574230194,0.4117426574230194,0.4079577326774597,-0.0037849247455596924,0.6075618267059326,-0.09266570210456848,0.22456377744674683
test,C2,5,2026_08_18_00_46_25_193744_L1_right_C2,right,pick up the right block,pick up the red block,L1,red,left,right,7,pregrasp,112,128,16,0.8205128205128205,0.7231638418079096,6,8,0.3,0.7,8,0.31654584407806396,0.3149999976158142,0.3149999976158142,0.31654584407806396,0.0015458464622497559,0.6075618267059326,-0.09266570210456848,0.22456377744674683
test,C2,5,2026_08_18_00_46_25_193744_L1_right_C2,right,pick up the right block,pick up the red block,L1,red,left,right,7,pregrasp,112,128,16,0.8205128205128205,0.7231638418079096,7,8,0.3,0.7,8,0.36213961243629456,0.3693064749240875,0.3693064749240875,0.36213961243629456,-0.007166862487792969,0.6075618267059326,-0.09266570210456848,0.22456377744674683
test,C2,5,2026_08_18_00_46_25_193744_L1_right_C2,right,pick up the right block,pick up the red block,L1,red,left,right,7,pregrasp,112,128,16,0.8205128205128205,0.7231638418079096,8,8,0.3,0.7,8,0.3708183765411377,0.3875650465488434,0.3875650465488434,0.3708183765411377,-0.01674667000770569,0.6075618267059326,-0.09266570210456848,0.22456377744674683
test,C2,5,2026_08_18_00_46_25_193744_L1_right_C2,right,pick up the right block,pick up the red block,L1,red,left,right,7,pregrasp,112,128,16,0.8205128205128205,0.7231638418079096,9,8,0.3,0.7,8,0.37271082401275635,0.38290658593177795,0.38290658593177795,0.37271082401275635,-0.010195761919021606,0.6075618267059326,-0.09266570210456848,0.22456377744674683
test,C2,5,2026_08_18_00_46_25_193744_L1_right_C2,right,pick up the right block,pick up the red block,L1,red,left,right,8,pregrasp,128,144,16,0.9230769230769231,0.8135593220338984,0,8,0.3,0.7,8,0.3664184808731079,0.3828873038291931,0.3828873038291931,0.3664184808731079,-0.016468822956085205,0.6394017934799194,-0.04755653813481331,0.19201499223709106
test,C2,5,2026_08_18_00_46_25_193744_L1_right_C2,right,pick up the right block,pick up the red block,L1,red,left,right,8,pregrasp,128,144,16,0.9230769230769231,0.8135593220338984,1,8,0.3,0.7,8,0.40912914276123047,0.44108062982559204,0.44108062982559204,0.40912914276123047,-0.03195148706436157,0.6394017934799194,-0.04755653813481331,0.19201499223709106
test,C2,5,2026_08_18_00_46_25_193744_L1_right_C2,right,pick up the right block,pick up the red block,L1,red,left,right,8,pregrasp,128,144,16,0.9230769230769231,0.8135593220338984,2,8,0.3,0.7,8,0.35681256651878357,0.382884681224823,0.382884681224823,0.35681256651878357,-0.02607211470603943,0.6394017934799194,-0.04755653813481331,0.19201499223709106
test,C2,5,2026_08_18_00_46_25_193744_L1_right_C2,right,pick up the right block,pick up the red block,L1,red,left,right,8,pregrasp,128,144,16,0.9230769230769231,0.8135593220338984,3,8,0.3,0.7,8,0.3296283483505249,0.3533865511417389,0.3533865511417389,0.3296283483505249,-0.02375820279121399,0.6394017934799194,-0.04755653813481331,0.19201499223709106
test,C2,5,2026_08_18_00_46_25_193744_L1_right_C2,right,pick up the right block,pick up the red block,L1,red,left,right,8,pregrasp,128,144,16,0.9230769230769231,0.8135593220338984,4,8,0.3,0.7,8,0.334601491689682,0.3574753403663635,0.3574753403663635,0.334601491689682,-0.02287384867668152,0.6394017934799194,-0.04755653813481331,0.19201499223709106
test,C2,5,2026_08_18_00_46_25_193744_L1_right_C2,right,pick up the right block,pick up the red block,L1,red,left,right,8,pregrasp,128,144,16,0.9230769230769231,0.8135593220338984,5,8,0.3,0.7,8,0.2505439221858978,0.2711033523082733,0.2711033523082733,0.2505439221858978,-0.02055943012237549,0.6394017934799194,-0.04755653813481331,0.19201499223709106
test,C2,5,2026_08_18_00_46_25_193744_L1_right_C2,right,pick up the right block,pick up the red block,L1,red,left,right,8,pregrasp,128,144,16,0.9230769230769231,0.8135593220338984,6,8,0.3,0.7,8,0.35866600275039673,0.3842535614967346,0.3842535614967346,0.35866600275039673,-0.02558755874633789,0.6394017934799194,-0.04755653813481331,0.19201499223709106
test,C2,5,2026_08_18_00_46_25_193744_L1_right_C2,right,pick up the right block,pick up the red block,L1,red,left,right,8,pregrasp,128,144,16,0.9230769230769231,0.8135593220338984,7,8,0.3,0.7,8,0.2894948124885559,0.3082486391067505,0.3082486391067505,0.2894948124885559,-0.01875382661819458,0.6394017934799194,-0.04755653813481331,0.19201499223709106
test,C2,5,2026_08_18_00_46_25_193744_L1_right_C2,right,pick up the right block,pick up the red block,L1,red,left,right,8,pregrasp,128,144,16,0.9230769230769231,0.8135593220338984,8,8,0.3,0.7,8,0.29139673709869385,0.3136056065559387,0.3136056065559387,0.29139673709869385,-0.022208869457244873,0.6394017934799194,-0.04755653813481331,0.19201499223709106
test,C2,5,2026_08_18_00_46_25_193744_L1_right_C2,right,pick up the right block,pick up the red block,L1,red,left,right,8,pregrasp,128,144,16,0.9230769230769231,0.8135593220338984,9,8,0.3,0.7,8,0.37312400341033936,0.4040851593017578,0.4040851593017578,0.37312400341033936,-0.030961155891418457,0.6394017934799194,-0.04755653813481331,0.19201499223709106
test,C2,5,2026_08_18_00_46_25_193744_L1_right_C2,right,pick up the right block,pick up the red block,L1,red,left,right,9,pregrasp,144,156,12,1.0,0.8813559322033898,0,8,0.3,0.7,8,0.3074021339416504,0.30654236674308777,0.30654236674308777,0.3074021339416504,0.0008597671985626221,0.6410431861877441,-0.04583834111690521,0.18990619480609894
test,C2,5,2026_08_18_00_46_25_193744_L1_right_C2,right,pick up the right block,pick up the red block,L1,red,left,right,9,pregrasp,144,156,12,1.0,0.8813559322033898,1,8,0.3,0.7,8,0.3168856203556061,0.31728672981262207,0.31728672981262207,0.3168856203556061,-0.0004011094570159912,0.6410431861877441,-0.04583834111690521,0.18990619480609894
test,C2,5,2026_08_18_00_46_25_193744_L1_right_C2,right,pick up the right block,pick up the red block,L1,red,left,right,9,pregrasp,144,156,12,1.0,0.8813559322033898,2,8,0.3,0.7,8,0.25406840443611145,0.2534635365009308,0.2534635365009308,0.25406840443611145,0.0006048679351806641,0.6410431861877441,-0.04583834111690521,0.18990619480609894
test,C2,5,2026_08_18_00_46_25_193744_L1_right_C2,right,pick up the right block,pick up the red block,L1,red,left,right,9,pregrasp,144,156,12,1.0,0.8813559322033898,3,8,0.3,0.7,8,0.34928828477859497,0.3478493094444275,0.3478493094444275,0.34928828477859497,0.0014389753341674805,0.6410431861877441,-0.04583834111690521,0.18990619480609894
test,C2,5,2026_08_18_00_46_25_193744_L1_right_C2,right,pick up the right block,pick up the red block,L1,red,left,right,9,pregrasp,144,156,12,1.0,0.8813559322033898,4,8,0.3,0.7,8,0.27291399240493774,0.2723407447338104,0.2723407447338104,0.27291399240493774,0.0005732476711273193,0.6410431861877441,-0.04583834111690521,0.18990619480609894
test,C2,5,2026_08_18_00_46_25_193744_L1_right_C2,right,pick up the right block,pick up the red block,L1,red,left,right,9,pregrasp,144,156,12,1.0,0.8813559322033898,5,8,0.3,0.7,8,0.30370283126831055,0.30288195610046387,0.30288195610046387,0.30370283126831055,0.0008208751678466797,0.6410431861877441,-0.04583834111690521,0.18990619480609894
test,C2,5,2026_08_18_00_46_25_193744_L1_right_C2,right,pick up the right block,pick up the red block,L1,red,left,right,9,pregrasp,144,156,12,1.0,0.8813559322033898,6,8,0.3,0.7,8,0.2631838023662567,0.2625422179698944,0.2625422179698944,0.2631838023662567,0.0006415843963623047,0.6410431861877441,-0.04583834111690521,0.18990619480609894
test,C2,5,2026_08_18_00_46_25_193744_L1_right_C2,right,pick up the right block,pick up the red block,L1,red,left,right,9,pregrasp,144,156,12,1.0,0.8813559322033898,7,8,0.3,0.7,8,0.41601061820983887,0.4151953160762787,0.4151953160762787,0.41601061820983887,0.0008153021335601807,0.6410431861877441,-0.04583834111690521,0.18990619480609894
test,C2,5,2026_08_18_00_46_25_193744_L1_right_C2,right,pick up the right block,pick up the red block,L1,red,left,right,9,pregrasp,144,156,12,1.0,0.8813559322033898,8,8,0.3,0.7,8,0.29386886954307556,0.2928956151008606,0.2928956151008606,0.29386886954307556,0.0009732544422149658,0.6410431861877441,-0.04583834111690521,0.18990619480609894
test,C2,5,2026_08_18_00_46_25_193744_L1_right_C2,right,pick up the right block,pick up the red block,L1,red,left,right,9,pregrasp,144,156,12,1.0,0.8813559322033898,9,8,0.3,0.7,8,0.40961411595344543,0.40866604447364807,0.40866604447364807,0.40961411595344543,0.0009480714797973633,0.6410431861877441,-0.04583834111690521,0.18990619480609894
test,C2,5,2026_08_18_00_46_25_193744_L1_right_C2,right,pick up the right block,pick up the red block,L1,red,left,right,10,postgrasp,156,172,16,1.0,0.9717514124293786,0,8,0.3,0.7,8,0.4540470838546753,0.4422197937965393,0.4422197937965393,0.4540470838546753,0.011827290058135986,0.6414803266525269,-0.04582304507493973,0.19030790030956268
test,C2,5,2026_08_18_00_46_25_193744_L1_right_C2,right,pick up the right block,pick up the red block,L1,red,left,right,10,postgrasp,156,172,16,1.0,0.9717514124293786,1,8,0.3,0.7,8,0.467599481344223,0.46002861857414246,0.46002861857414246,0.467599481344223,0.007570862770080566,0.6414803266525269,-0.04582304507493973,0.19030790030956268
test,C2,5,2026_08_18_00_46_25_193744_L1_right_C2,right,pick up the right block,pick up the red block,L1,red,left,right,10,postgrasp,156,172,16,1.0,0.9717514124293786,2,8,0.3,0.7,8,0.5073651671409607,0.49882012605667114,0.49882012605667114,0.5073651671409607,0.00854504108428955,0.6414803266525269,-0.04582304507493973,0.19030790030956268
test,C2,5,2026_08_18_00_46_25_193744_L1_right_C2,right,pick up the right block,pick up the red block,L1,red,left,right,10,postgrasp,156,172,16,1.0,0.9717514124293786,3,8,0.3,0.7,8,0.5149902105331421,0.5073722004890442,0.5073722004890442,0.5149902105331421,0.0076180100440979,0.6414803266525269,-0.04582304507493973,0.19030790030956268
test,C2,5,2026_08_18_00_46_25_193744_L1_right_C2,right,pick up the right block,pick up the red block,L1,red,left,right,10,postgrasp,156,172,16,1.0,0.9717514124293786,4,8,0.3,0.7,8,0.4287859797477722,0.41978228092193604,0.41978228092193604,0.4287859797477722,0.009003698825836182,0.6414803266525269,-0.04582304507493973,0.19030790030956268
test,C2,5,2026_08_18_00_46_25_193744_L1_right_C2,right,pick up the right block,pick up the red block,L1,red,left,right,10,postgrasp,156,172,16,1.0,0.9717514124293786,5,8,0.3,0.7,8,0.4583689868450165,0.45096349716186523,0.45096349716186523,0.4583689868450165,0.007405489683151245,0.6414803266525269,-0.04582304507493973,0.19030790030956268
test,C2,5,2026_08_18_00_46_25_193744_L1_right_C2,right,pick up the right block,pick up the red block,L1,red,left,right,10,postgrasp,156,172,16,1.0,0.9717514124293786,6,8,0.3,0.7,8,0.41191428899765015,0.40198463201522827,0.40198463201522827,0.41191428899765015,0.009929656982421875,0.6414803266525269,-0.04582304507493973,0.19030790030956268
test,C2,5,2026_08_18_00_46_25_193744_L1_right_C2,right,pick up the right block,pick up the red block,L1,red,left,right,10,postgrasp,156,172,16,1.0,0.9717514124293786,7,8,0.3,0.7,8,0.4156443178653717,0.405199259519577,0.405199259519577,0.4156443178653717,0.010445058345794678,0.6414803266525269,-0.04582304507493973,0.19030790030956268
test,C2,5,2026_08_18_00_46_25_193744_L1_right_C2,right,pick up the right block,pick up the red block,L1,red,left,right,10,postgrasp,156,172,16,1.0,0.9717514124293786,8,8,0.3,0.7,8,0.44289952516555786,0.436186820268631,0.436186820268631,0.44289952516555786,0.00671270489692688,0.6414803266525269,-0.04582304507493973,0.19030790030956268
test,C2,5,2026_08_18_00_46_25_193744_L1_right_C2,right,pick up the right block,pick up the red block,L1,red,left,right,10,postgrasp,156,172,16,1.0,0.9717514124293786,9,8,0.3,0.7,8,0.5031521916389465,0.4944193363189697,0.4944193363189697,0.5031521916389465,0.008732855319976807,0.6414803266525269,-0.04582304507493973,0.19030790030956268
test,C2,5,2026_08_18_00_46_25_193744_L1_right_C2,right,pick up the right block,pick up the red block,L1,red,left,right,11,postgrasp,172,177,5,1.0,1.0,0,8,0.3,0.7,8,0.4070759415626526,0.4035065770149231,0.4035065770149231,0.4070759415626526,0.003569364547729492,0.6414818167686462,-0.04582320526242256,0.19030863046646118
test,C2,5,2026_08_18_00_46_25_193744_L1_right_C2,right,pick up the right block,pick up the red block,L1,red,left,right,11,postgrasp,172,177,5,1.0,1.0,1,8,0.3,0.7,8,0.39236608147621155,0.3845444917678833,0.3845444917678833,0.39236608147621155,0.007821589708328247,0.6414818167686462,-0.04582320526242256,0.19030863046646118
test,C2,5,2026_08_18_00_46_25_193744_L1_right_C2,right,pick up the right block,pick up the red block,L1,red,left,right,11,postgrasp,172,177,5,1.0,1.0,2,8,0.3,0.7,8,0.3751182556152344,0.36946040391921997,0.36946040391921997,0.3751182556152344,0.005657851696014404,0.6414818167686462,-0.04582320526242256,0.19030863046646118
test,C2,5,2026_08_18_00_46_25_193744_L1_right_C2,right,pick up the right block,pick up the red block,L1,red,left,right,11,postgrasp,172,177,5,1.0,1.0,3,8,0.3,0.7,8,0.29621946811676025,0.28519782423973083,0.28519782423973083,0.29621946811676025,0.011021643877029419,0.6414818167686462,-0.04582320526242256,0.19030863046646118
test,C2,5,2026_08_18_00_46_25_193744_L1_right_C2,right,pick up the right block,pick up the red block,L1,red,left,right,11,postgrasp,172,177,5,1.0,1.0,4,8,0.3,0.7,8,0.36529991030693054,0.35636597871780396,0.35636597871780396,0.36529991030693054,0.008933931589126587,0.6414818167686462,-0.04582320526242256,0.19030863046646118
test,C2,5,2026_08_18_00_46_25_193744_L1_right_C2,right,pick up the right block,pick up the red block,L1,red,left,right,11,postgrasp,172,177,5,1.0,1.0,5,8,0.3,0.7,8,0.48707345128059387,0.4733292758464813,0.4733292758464813,0.48707345128059387,0.013744175434112549,0.6414818167686462,-0.04582320526242256,0.19030863046646118
test,C2,5,2026_08_18_00_46_25_193744_L1_right_C2,right,pick up the right block,pick up the red block,L1,red,left,right,11,postgrasp,172,177,5,1.0,1.0,6,8,0.3,0.7,8,0.36761701107025146,0.3572383522987366,0.3572383522987366,0.36761701107025146,0.010378658771514893,0.6414818167686462,-0.04582320526242256,0.19030863046646118
test,C2,5,2026_08_18_00_46_25_193744_L1_right_C2,right,pick up the right block,pick up the red block,L1,red,left,right,11,postgrasp,172,177,5,1.0,1.0,7,8,0.3,0.7,8,0.3597823679447174,0.3478122055530548,0.3478122055530548,0.3597823679447174,0.011970162391662598,0.6414818167686462,-0.04582320526242256,0.19030863046646118
test,C2,5,2026_08_18_00_46_25_193744_L1_right_C2,right,pick up the right block,pick up the red block,L1,red,left,right,11,postgrasp,172,177,5,1.0,1.0,8,8,0.3,0.7,8,0.3075195848941803,0.2967061698436737,0.2967061698436737,0.3075195848941803,0.010813415050506592,0.6414818167686462,-0.04582320526242256,0.19030863046646118
test,C2,5,2026_08_18_00_46_25_193744_L1_right_C2,right,pick up the right block,pick up the red block,L1,red,left,right,11,postgrasp,172,177,5,1.0,1.0,9,8,0.3,0.7,8,0.38917624950408936,0.3844553232192993,0.3844553232192993,0.38917624950408936,0.004720926284790039,0.6414818167686462,-0.04582320526242256,0.19030863046646118
test,C0,6,2026_08_18_00_48_13_457980_L1_left_C0,left,pick up the left block,pick up the red block,L1,red,right,left,0,pregrasp,0,16,16,0.13793103448275862,0.11678832116788321,0,8,0.3,0.7,8,0.28352147340774536,0.3294598162174225,0.28352147340774536,0.3294598162174225,0.045938342809677124,0.38151416182518005,-0.0034299236722290516,0.46659812331199646
test,C0,6,2026_08_18_00_48_13_457980_L1_left_C0,left,pick up the left block,pick up the red block,L1,red,right,left,0,pregrasp,0,16,16,0.13793103448275862,0.11678832116788321,1,8,0.3,0.7,8,0.36266106367111206,0.45575323700904846,0.36266106367111206,0.45575323700904846,0.0930921733379364,0.38151416182518005,-0.0034299236722290516,0.46659812331199646
test,C0,6,2026_08_18_00_48_13_457980_L1_left_C0,left,pick up the left block,pick up the red block,L1,red,right,left,0,pregrasp,0,16,16,0.13793103448275862,0.11678832116788321,2,8,0.3,0.7,8,0.2693312168121338,0.322016179561615,0.2693312168121338,0.322016179561615,0.0526849627494812,0.38151416182518005,-0.0034299236722290516,0.46659812331199646
test,C0,6,2026_08_18_00_48_13_457980_L1_left_C0,left,pick up the left block,pick up the red block,L1,red,right,left,0,pregrasp,0,16,16,0.13793103448275862,0.11678832116788321,3,8,0.3,0.7,8,0.23543760180473328,0.3012354373931885,0.23543760180473328,0.3012354373931885,0.0657978355884552,0.38151416182518005,-0.0034299236722290516,0.46659812331199646
test,C0,6,2026_08_18_00_48_13_457980_L1_left_C0,left,pick up the left block,pick up the red block,L1,red,right,left,0,pregrasp,0,16,16,0.13793103448275862,0.11678832116788321,4,8,0.3,0.7,8,0.2838670313358307,0.37673208117485046,0.2838670313358307,0.37673208117485046,0.09286504983901978,0.38151416182518005,-0.0034299236722290516,0.46659812331199646
test,C0,6,2026_08_18_00_48_13_457980_L1_left_C0,left,pick up the left block,pick up the red block,L1,red,right,left,0,pregrasp,0,16,16,0.13793103448275862,0.11678832116788321,5,8,0.3,0.7,8,0.2663487493991852,0.3432464897632599,0.2663487493991852,0.3432464897632599,0.07689774036407471,0.38151416182518005,-0.0034299236722290516,0.46659812331199646
test,C0,6,2026_08_18_00_48_13_457980_L1_left_C0,left,pick up the left block,pick up the red block,L1,red,right,left,0,pregrasp,0,16,16,0.13793103448275862,0.11678832116788321,6,8,0.3,0.7,8,0.21321003139019012,0.2852994203567505,0.21321003139019012,0.2852994203567505,0.07208938896656036,0.38151416182518005,-0.0034299236722290516,0.46659812331199646
test,C0,6,2026_08_18_00_48_13_457980_L1_left_C0,left,pick up the left block,pick up the red block,L1,red,right,left,0,pregrasp,0,16,16,0.13793103448275862,0.11678832116788321,7,8,0.3,0.7,8,0.3374751806259155,0.4139593839645386,0.3374751806259155,0.4139593839645386,0.07648420333862305,0.38151416182518005,-0.0034299236722290516,0.46659812331199646
test,C0,6,2026_08_18_00_48_13_457980_L1_left_C0,left,pick up the left block,pick up the red block,L1,red,right,left,0,pregrasp,0,16,16,0.13793103448275862,0.11678832116788321,8,8,0.3,0.7,8,0.29971471428871155,0.411638468503952,0.29971471428871155,0.411638468503952,0.11192375421524048,0.38151416182518005,-0.0034299236722290516,0.46659812331199646
test,C0,6,2026_08_18_00_48_13_457980_L1_left_C0,left,pick up the left block,pick up the red block,L1,red,right,left,0,pregrasp,0,16,16,0.13793103448275862,0.11678832116788321,9,8,0.3,0.7,8,0.3080552816390991,0.4463534951210022,0.3080552816390991,0.4463534951210022,0.13829821348190308,0.38151416182518005,-0.0034299236722290516,0.46659812331199646
test,C0,6,2026_08_18_00_48_13_457980_L1_left_C0,left,pick up the left block,pick up the red block,L1,red,right,left,1,pregrasp,16,32,16,0.27586206896551724,0.23357664233576642,0,8,0.3,0.7,8,0.18124517798423767,0.27598312497138977,0.18124517798423767,0.27598312497138977,0.0947379469871521,0.4242289662361145,0.003223566571250558,0.41246289014816284
test,C0,6,2026_08_18_00_48_13_457980_L1_left_C0,left,pick up the left block,pick up the red block,L1,red,right,left,1,pregrasp,16,32,16,0.27586206896551724,0.23357664233576642,1,8,0.3,0.7,8,0.30281195044517517,0.41736558079719543,0.30281195044517517,0.41736558079719543,0.11455363035202026,0.4242289662361145,0.003223566571250558,0.41246289014816284
test,C0,6,2026_08_18_00_48_13_457980_L1_left_C0,left,pick up the left block,pick up the red block,L1,red,right,left,1,pregrasp,16,32,16,0.27586206896551724,0.23357664233576642,2,8,0.3,0.7,8,0.2378670871257782,0.3327251672744751,0.2378670871257782,0.3327251672744751,0.0948580801486969,0.4242289662361145,0.003223566571250558,0.41246289014816284
test,C0,6,2026_08_18_00_48_13_457980_L1_left_C0,left,pick up the left block,pick up the red block,L1,red,right,left,1,pregrasp,16,32,16,0.27586206896551724,0.23357664233576642,3,8,0.3,0.7,8,0.2005426287651062,0.295840859413147,0.2005426287651062,0.295840859413147,0.09529823064804077,0.4242289662361145,0.003223566571250558,0.41246289014816284
test,C0,6,2026_08_18_00_48_13_457980_L1_left_C0,left,pick up the left block,pick up the red block,L1,red,right,left,1,pregrasp,16,32,16,0.27586206896551724,0.23357664233576642,4,8,0.3,0.7,8,0.1726420372724533,0.24647562205791473,0.1726420372724533,0.24647562205791473,0.07383358478546143,0.4242289662361145,0.003223566571250558,0.41246289014816284
test,C0,6,2026_08_18_00_48_13_457980_L1_left_C0,left,pick up the left block,pick up the red block,L1,red,right,left,1,pregrasp,16,32,16,0.27586206896551724,0.23357664233576642,5,8,0.3,0.7,8,0.24037058651447296,0.3848169445991516,0.24037058651447296,0.3848169445991516,0.14444635808467865,0.4242289662361145,0.003223566571250558,0.41246289014816284
test,C0,6,2026_08_18_00_48_13_457980_L1_left_C0,left,pick up the left block,pick up the red block,L1,red,right,left,1,pregrasp,16,32,16,0.27586206896551724,0.23357664233576642,6,8,0.3,0.7,8,0.19276469945907593,0.28521132469177246,0.19276469945907593,0.28521132469177246,0.09244662523269653,0.4242289662361145,0.003223566571250558,0.41246289014816284
test,C0,6,2026_08_18_00_48_13_457980_L1_left_C0,left,pick up the left block,pick up the red block,L1,red,right,left,1,pregrasp,16,32,16,0.27586206896551724,0.23357664233576642,7,8,0.3,0.7,8,0.15993249416351318,0.2338865101337433,0.15993249416351318,0.2338865101337433,0.0739540159702301,0.4242289662361145,0.003223566571250558,0.41246289014816284
test,C0,6,2026_08_18_00_48_13_457980_L1_left_C0,left,pick up the left block,pick up the red block,L1,red,right,left,1,pregrasp,16,32,16,0.27586206896551724,0.23357664233576642,8,8,0.3,0.7,8,0.1666853278875351,0.23396122455596924,0.1666853278875351,0.23396122455596924,0.06727589666843414,0.4242289662361145,0.003223566571250558,0.41246289014816284
test,C0,6,2026_08_18_00_48_13_457980_L1_left_C0,left,pick up the left block,pick up the red block,L1,red,right,left,1,pregrasp,16,32,16,0.27586206896551724,0.23357664233576642,9,8,0.3,0.7,8,0.15997210144996643,0.23673999309539795,0.15997210144996643,0.23673999309539795,0.07676789164543152,0.4242289662361145,0.003223566571250558,0.41246289014816284
test,C0,6,2026_08_18_00_48_13_457980_L1_left_C0,left,pick up the left block,pick up the red block,L1,red,right,left,2,pregrasp,32,48,16,0.41379310344827586,0.35036496350364965,0,8,0.3,0.7,8,0.18858914077281952,0.2434179186820984,0.18858914077281952,0.2434179186820984,0.05482877790927887,0.472877562046051,0.010629075579345226,0.3630729913711548
test,C0,6,2026_08_18_00_48_13_457980_L1_left_C0,left,pick up the left block,pick up the red block,L1,red,right,left,2,pregrasp,32,48,16,0.41379310344827586,0.35036496350364965,1,8,0.3,0.7,8,0.12841272354125977,0.20618462562561035,0.12841272354125977,0.20618462562561035,0.07777190208435059,0.472877562046051,0.010629075579345226,0.3630729913711548
test,C0,6,2026_08_18_00_48_13_457980_L1_left_C0,left,pick up the left block,pick up the red block,L1,red,right,left,2,pregrasp,32,48,16,0.41379310344827586,0.35036496350364965,2,8,0.3,0.7,8,0.267598032951355,0.3381804823875427,0.267598032951355,0.3381804823875427,0.07058244943618774,0.472877562046051,0.010629075579345226,0.3630729913711548
test,C0,6,2026_08_18_00_48_13_457980_L1_left_C0,left,pick up the left block,pick up the red block,L1,red,right,left,2,pregrasp,32,48,16,0.41379310344827586,0.35036496350364965,3,8,0.3,0.7,8,0.23972368240356445,0.30253225564956665,0.23972368240356445,0.30253225564956665,0.0628085732460022,0.472877562046051,0.010629075579345226,0.3630729913711548
test,C0,6,2026_08_18_00_48_13_457980_L1_left_C0,left,pick up the left block,pick up the red block,L1,red,right,left,2,pregrasp,32,48,16,0.41379310344827586,0.35036496350364965,4,8,0.3,0.7,8,0.21232803165912628,0.30645254254341125,0.21232803165912628,0.30645254254341125,0.09412451088428497,0.472877562046051,0.010629075579345226,0.3630729913711548
test,C0,6,2026_08_18_00_48_13_457980_L1_left_C0,left,pick up the left block,pick up the red block,L1,red,right,left,2,pregrasp,32,48,16,0.41379310344827586,0.35036496350364965,5,8,0.3,0.7,8,0.19864539802074432,0.26683124899864197,0.19864539802074432,0.26683124899864197,0.06818585097789764,0.472877562046051,0.010629075579345226,0.3630729913711548
test,C0,6,2026_08_18_00_48_13_457980_L1_left_C0,left,pick up the left block,pick up the red block,L1,red,right,left,2,pregrasp,32,48,16,0.41379310344827586,0.35036496350364965,6,8,0.3,0.7,8,0.20196600258350372,0.282622754573822,0.20196600258350372,0.282622754573822,0.0806567519903183,0.472877562046051,0.010629075579345226,0.3630729913711548
test,C0,6,2026_08_18_00_48_13_457980_L1_left_C0,left,pick up the left block,pick up the red block,L1,red,right,left,2,pregrasp,32,48,16,0.41379310344827586,0.35036496350364965,7,8,0.3,0.7,8,0.20888379216194153,0.28785794973373413,0.20888379216194153,0.28785794973373413,0.0789741575717926,0.472877562046051,0.010629075579345226,0.3630729913711548
test,C0,6,2026_08_18_00_48_13_457980_L1_left_C0,left,pick up the left block,pick up the red block,L1,red,right,left,2,pregrasp,32,48,16,0.41379310344827586,0.35036496350364965,8,8,0.3,0.7,8,0.15035571157932281,0.22607538104057312,0.15035571157932281,0.22607538104057312,0.0757196694612503,0.472877562046051,0.010629075579345226,0.3630729913711548
test,C0,6,2026_08_18_00_48_13_457980_L1_left_C0,left,pick up the left block,pick up the red block,L1,red,right,left,2,pregrasp,32,48,16,0.41379310344827586,0.35036496350364965,9,8,0.3,0.7,8,0.2796425223350525,0.366059809923172,0.2796425223350525,0.366059809923172,0.0864172875881195,0.472877562046051,0.010629075579345226,0.3630729913711548
test,C0,6,2026_08_18_00_48_13_457980_L1_left_C0,left,pick up the left block,pick up the red block,L1,red,right,left,3,pregrasp,48,64,16,0.5517241379310345,0.46715328467153283,0,8,0.3,0.7,8,0.26652348041534424,0.323223352432251,0.26652348041534424,0.323223352432251,0.05669987201690674,0.521206259727478,0.018230615183711052,0.3134201467037201
test,C0,6,2026_08_18_00_48_13_457980_L1_left_C0,left,pick up the left block,pick up the red block,L1,red,right,left,3,pregrasp,48,64,16,0.5517241379310345,0.46715328467153283,1,8,0.3,0.7,8,0.23208004236221313,0.2809534966945648,0.23208004236221313,0.2809534966945648,0.048873454332351685,0.521206259727478,0.018230615183711052,0.3134201467037201
test,C0,6,2026_08_18_00_48_13_457980_L1_left_C0,left,pick up the left block,pick up the red block,L1,red,right,left,3,pregrasp,48,64,16,0.5517241379310345,0.46715328467153283,2,8,0.3,0.7,8,0.24617554247379303,0.30380260944366455,0.24617554247379303,0.30380260944366455,0.05762706696987152,0.521206259727478,0.018230615183711052,0.3134201467037201
test,C0,6,2026_08_18_00_48_13_457980_L1_left_C0,left,pick up the left block,pick up the red block,L1,red,right,left,3,pregrasp,48,64,16,0.5517241379310345,0.46715328467153283,3,8,0.3,0.7,8,0.1120980754494667,0.1593559980392456,0.1120980754494667,0.1593559980392456,0.0472579225897789,0.521206259727478,0.018230615183711052,0.3134201467037201
test,C0,6,2026_08_18_00_48_13_457980_L1_left_C0,left,pick up the left block,pick up the red block,L1,red,right,left,3,pregrasp,48,64,16,0.5517241379310345,0.46715328467153283,4,8,0.3,0.7,8,0.10376699268817902,0.13725800812244415,0.10376699268817902,0.13725800812244415,0.03349101543426514,0.521206259727478,0.018230615183711052,0.3134201467037201
test,C0,6,2026_08_18_00_48_13_457980_L1_left_C0,left,pick up the left block,pick up the red block,L1,red,right,left,3,pregrasp,48,64,16,0.5517241379310345,0.46715328467153283,5,8,0.3,0.7,8,0.16168402135372162,0.21455222368240356,0.16168402135372162,0.21455222368240356,0.052868202328681946,0.521206259727478,0.018230615183711052,0.3134201467037201
test,C0,6,2026_08_18_00_48_13_457980_L1_left_C0,left,pick up the left block,pick up the red block,L1,red,right,left,3,pregrasp,48,64,16,0.5517241379310345,0.46715328467153283,6,8,0.3,0.7,8,0.3051774501800537,0.3605692982673645,0.3051774501800537,0.3605692982673645,0.05539184808731079,0.521206259727478,0.018230615183711052,0.3134201467037201
test,C0,6,2026_08_18_00_48_13_457980_L1_left_C0,left,pick up the left block,pick up the red block,L1,red,right,left,3,pregrasp,48,64,16,0.5517241379310345,0.46715328467153283,7,8,0.3,0.7,8,0.20793414115905762,0.2590560019016266,0.20793414115905762,0.2590560019016266,0.05112186074256897,0.521206259727478,0.018230615183711052,0.3134201467037201
test,C0,6,2026_08_18_00_48_13_457980_L1_left_C0,left,pick up the left block,pick up the red block,L1,red,right,left,3,pregrasp,48,64,16,0.5517241379310345,0.46715328467153283,8,8,0.3,0.7,8,0.3098878264427185,0.3895261883735657,0.3098878264427185,0.3895261883735657,0.07963836193084717,0.521206259727478,0.018230615183711052,0.3134201467037201
test,C0,6,2026_08_18_00_48_13_457980_L1_left_C0,left,pick up the left block,pick up the red block,L1,red,right,left,3,pregrasp,48,64,16,0.5517241379310345,0.46715328467153283,9,8,0.3,0.7,8,0.13141748309135437,0.19407649338245392,0.13141748309135437,0.19407649338245392,0.06265901029109955,0.521206259727478,0.018230615183711052,0.3134201467037201
test,C0,6,2026_08_18_00_48_13_457980_L1_left_C0,left,pick up the left block,pick up the red block,L1,red,right,left,4,pregrasp,64,80,16,0.6896551724137931,0.583941605839416,0,8,0.3,0.7,8,0.21065770089626312,0.2136598825454712,0.21065770089626312,0.2136598825454712,0.003002181649208069,0.5696132183074951,0.026158731430768967,0.26392096281051636
test,C0,6,2026_08_18_00_48_13_457980_L1_left_C0,left,pick up the left block,pick up the red block,L1,red,right,left,4,pregrasp,64,80,16,0.6896551724137931,0.583941605839416,1,8,0.3,0.7,8,0.2098453789949417,0.21536940336227417,0.2098453789949417,0.21536940336227417,0.0055240243673324585,0.5696132183074951,0.026158731430768967,0.26392096281051636
test,C0,6,2026_08_18_00_48_13_457980_L1_left_C0,left,pick up the left block,pick up the red block,L1,red,right,left,4,pregrasp,64,80,16,0.6896551724137931,0.583941605839416,2,8,0.3,0.7,8,0.21822653710842133,0.2203548699617386,0.21822653710842133,0.2203548699617386,0.0021283328533172607,0.5696132183074951,0.026158731430768967,0.26392096281051636
test,C0,6,2026_08_18_00_48_13_457980_L1_left_C0,left,pick up the left block,pick up the red block,L1,red,right,left,4,pregrasp,64,80,16,0.6896551724137931,0.583941605839416,3,8,0.3,0.7,8,0.25550246238708496,0.25764909386634827,0.25550246238708496,0.25764909386634827,0.0021466314792633057,0.5696132183074951,0.026158731430768967,0.26392096281051636
test,C0,6,2026_08_18_00_48_13_457980_L1_left_C0,left,pick up the left block,pick up the red block,L1,red,right,left,4,pregrasp,64,80,16,0.6896551724137931,0.583941605839416,4,8,0.3,0.7,8,0.24959760904312134,0.24911285936832428,0.24959760904312134,0.24911285936832428,-0.0004847496747970581,0.5696132183074951,0.026158731430768967,0.26392096281051636
test,C0,6,2026_08_18_00_48_13_457980_L1_left_C0,left,pick up the left block,pick up the red block,L1,red,right,left,4,pregrasp,64,80,16,0.6896551724137931,0.583941605839416,5,8,0.3,0.7,8,0.23240447044372559,0.23867496848106384,0.23240447044372559,0.23867496848106384,0.006270498037338257,0.5696132183074951,0.026158731430768967,0.26392096281051636
test,C0,6,2026_08_18_00_48_13_457980_L1_left_C0,left,pick up the left block,pick up the red block,L1,red,right,left,4,pregrasp,64,80,16,0.6896551724137931,0.583941605839416,6,8,0.3,0.7,8,0.2702197730541229,0.2718381881713867,0.2702197730541229,0.2718381881713867,0.001618415117263794,0.5696132183074951,0.026158731430768967,0.26392096281051636
test,C0,6,2026_08_18_00_48_13_457980_L1_left_C0,left,pick up the left block,pick up the red block,L1,red,right,left,4,pregrasp,64,80,16,0.6896551724137931,0.583941605839416,7,8,0.3,0.7,8,0.10937929898500443,0.11282424628734589,0.10937929898500443,0.11282424628734589,0.003444947302341461,0.5696132183074951,0.026158731430768967,0.26392096281051636
test,C0,6,2026_08_18_00_48_13_457980_L1_left_C0,left,pick up the left block,pick up the red block,L1,red,right,left,4,pregrasp,64,80,16,0.6896551724137931,0.583941605839416,8,8,0.3,0.7,8,0.14099843800067902,0.14343245327472687,0.14099843800067902,0.14343245327472687,0.0024340152740478516,0.5696132183074951,0.026158731430768967,0.26392096281051636
test,C0,6,2026_08_18_00_48_13_457980_L1_left_C0,left,pick up the left block,pick up the red block,L1,red,right,left,4,pregrasp,64,80,16,0.6896551724137931,0.583941605839416,9,8,0.3,0.7,8,0.1121671050786972,0.11020904034376144,0.1121671050786972,0.11020904034376144,-0.0019580647349357605,0.5696132183074951,0.026158731430768967,0.26392096281051636
test,C0,6,2026_08_18_00_48_13_457980_L1_left_C0,left,pick up the left block,pick up the red block,L1,red,right,left,5,pregrasp,80,96,16,0.8275862068965517,0.7007299270072993,0,8,0.3,0.7,8,0.29436546564102173,0.28875017166137695,0.29436546564102173,0.28875017166137695,-0.005615293979644775,0.6183848977088928,0.03343290090560913,0.21400782465934753
test,C0,6,2026_08_18_00_48_13_457980_L1_left_C0,left,pick up the left block,pick up the red block,L1,red,right,left,5,pregrasp,80,96,16,0.8275862068965517,0.7007299270072993,1,8,0.3,0.7,8,0.1461285650730133,0.14564770460128784,0.1461285650730133,0.14564770460128784,-0.00048086047172546387,0.6183848977088928,0.03343290090560913,0.21400782465934753
test,C0,6,2026_08_18_00_48_13_457980_L1_left_C0,left,pick up the left block,pick up the red block,L1,red,right,left,5,pregrasp,80,96,16,0.8275862068965517,0.7007299270072993,2,8,0.3,0.7,8,0.15369901061058044,0.1528395116329193,0.15369901061058044,0.1528395116329193,-0.0008594989776611328,0.6183848977088928,0.03343290090560913,0.21400782465934753
test,C0,6,2026_08_18_00_48_13_457980_L1_left_C0,left,pick up the left block,pick up the red block,L1,red,right,left,5,pregrasp,80,96,16,0.8275862068965517,0.7007299270072993,3,8,0.3,0.7,8,0.25648796558380127,0.25382930040359497,0.25648796558380127,0.25382930040359497,-0.002658665180206299,0.6183848977088928,0.03343290090560913,0.21400782465934753
test,C0,6,2026_08_18_00_48_13_457980_L1_left_C0,left,pick up the left block,pick up the red block,L1,red,right,left,5,pregrasp,80,96,16,0.8275862068965517,0.7007299270072993,4,8,0.3,0.7,8,0.28453585505485535,0.2816154956817627,0.28453585505485535,0.2816154956817627,-0.0029203593730926514,0.6183848977088928,0.03343290090560913,0.21400782465934753
test,C0,6,2026_08_18_00_48_13_457980_L1_left_C0,left,pick up the left block,pick up the red block,L1,red,right,left,5,pregrasp,80,96,16,0.8275862068965517,0.7007299270072993,5,8,0.3,0.7,8,0.18706338107585907,0.1846550852060318,0.18706338107585907,0.1846550852060318,-0.0024082958698272705,0.6183848977088928,0.03343290090560913,0.21400782465934753
test,C0,6,2026_08_18_00_48_13_457980_L1_left_C0,left,pick up the left block,pick up the red block,L1,red,right,left,5,pregrasp,80,96,16,0.8275862068965517,0.7007299270072993,6,8,0.3,0.7,8,0.2984386384487152,0.294512540102005,0.2984386384487152,0.294512540102005,-0.003926098346710205,0.6183848977088928,0.03343290090560913,0.21400782465934753
test,C0,6,2026_08_18_00_48_13_457980_L1_left_C0,left,pick up the left block,pick up the red block,L1,red,right,left,5,pregrasp,80,96,16,0.8275862068965517,0.7007299270072993,7,8,0.3,0.7,8,0.21157889068126678,0.20764639973640442,0.21157889068126678,0.20764639973640442,-0.003932490944862366,0.6183848977088928,0.03343290090560913,0.21400782465934753
test,C0,6,2026_08_18_00_48_13_457980_L1_left_C0,left,pick up the left block,pick up the red block,L1,red,right,left,5,pregrasp,80,96,16,0.8275862068965517,0.7007299270072993,8,8,0.3,0.7,8,0.14866723120212555,0.1464260220527649,0.14866723120212555,0.1464260220527649,-0.0022412091493606567,0.6183848977088928,0.03343290090560913,0.21400782465934753
test,C0,6,2026_08_18_00_48_13_457980_L1_left_C0,left,pick up the left block,pick up the red block,L1,red,right,left,5,pregrasp,80,96,16,0.8275862068965517,0.7007299270072993,9,8,0.3,0.7,8,0.19264456629753113,0.1938939243555069,0.19264456629753113,0.1938939243555069,0.001249358057975769,0.6183848977088928,0.03343290090560913,0.21400782465934753
test,C0,6,2026_08_18_00_48_13_457980_L1_left_C0,left,pick up the left block,pick up the red block,L1,red,right,left,6,pregrasp,96,112,16,0.9655172413793104,0.8175182481751825,0,8,0.3,0.7,8,0.24489721655845642,0.25078272819519043,0.24489721655845642,0.25078272819519043,0.005885511636734009,0.6422836184501648,0.03716021031141281,0.1893698126077652
test,C0,6,2026_08_18_00_48_13_457980_L1_left_C0,left,pick up the left block,pick up the red block,L1,red,right,left,6,pregrasp,96,112,16,0.9655172413793104,0.8175182481751825,1,8,0.3,0.7,8,0.21577045321464539,0.21885251998901367,0.21577045321464539,0.21885251998901367,0.003082066774368286,0.6422836184501648,0.03716021031141281,0.1893698126077652
test,C0,6,2026_08_18_00_48_13_457980_L1_left_C0,left,pick up the left block,pick up the red block,L1,red,right,left,6,pregrasp,96,112,16,0.9655172413793104,0.8175182481751825,2,8,0.3,0.7,8,0.1985037475824356,0.2031240165233612,0.1985037475824356,0.2031240165233612,0.004620268940925598,0.6422836184501648,0.03716021031141281,0.1893698126077652
test,C0,6,2026_08_18_00_48_13_457980_L1_left_C0,left,pick up the left block,pick up the red block,L1,red,right,left,6,pregrasp,96,112,16,0.9655172413793104,0.8175182481751825,3,8,0.3,0.7,8,0.22901439666748047,0.23147591948509216,0.22901439666748047,0.23147591948509216,0.0024615228176116943,0.6422836184501648,0.03716021031141281,0.1893698126077652
test,C0,6,2026_08_18_00_48_13_457980_L1_left_C0,left,pick up the left block,pick up the red block,L1,red,right,left,6,pregrasp,96,112,16,0.9655172413793104,0.8175182481751825,4,8,0.3,0.7,8,0.28573793172836304,0.2890695631504059,0.28573793172836304,0.2890695631504059,0.0033316314220428467,0.6422836184501648,0.03716021031141281,0.1893698126077652
test,C0,6,2026_08_18_00_48_13_457980_L1_left_C0,left,pick up the left block,pick up the red block,L1,red,right,left,6,pregrasp,96,112,16,0.9655172413793104,0.8175182481751825,5,8,0.3,0.7,8,0.18500369787216187,0.19025444984436035,0.18500369787216187,0.19025444984436035,0.005250751972198486,0.6422836184501648,0.03716021031141281,0.1893698126077652
test,C0,6,2026_08_18_00_48_13_457980_L1_left_C0,left,pick up the left block,pick up the red block,L1,red,right,left,6,pregrasp,96,112,16,0.9655172413793104,0.8175182481751825,6,8,0.3,0.7,8,0.14019152522087097,0.14189034700393677,0.14019152522087097,0.14189034700393677,0.001698821783065796,0.6422836184501648,0.03716021031141281,0.1893698126077652
test,C0,6,2026_08_18_00_48_13_457980_L1_left_C0,left,pick up the left block,pick up the red block,L1,red,right,left,6,pregrasp,96,112,16,0.9655172413793104,0.8175182481751825,7,8,0.3,0.7,8,0.25028541684150696,0.2550637423992157,0.25028541684150696,0.2550637423992157,0.00477832555770874,0.6422836184501648,0.03716021031141281,0.1893698126077652
test,C0,6,2026_08_18_00_48_13_457980_L1_left_C0,left,pick up the left block,pick up the red block,L1,red,right,left,6,pregrasp,96,112,16,0.9655172413793104,0.8175182481751825,8,8,0.3,0.7,8,0.2818324565887451,0.2840724587440491,0.2818324565887451,0.2840724587440491,0.002240002155303955,0.6422836184501648,0.03716021031141281,0.1893698126077652
test,C0,6,2026_08_18_00_48_13_457980_L1_left_C0,left,pick up the left block,pick up the red block,L1,red,right,left,6,pregrasp,96,112,16,0.9655172413793104,0.8175182481751825,9,8,0.3,0.7,8,0.28948885202407837,0.29598963260650635,0.28948885202407837,0.29598963260650635,0.0065007805824279785,0.6422836184501648,0.03716021031141281,0.1893698126077652
test,C0,6,2026_08_18_00_48_13_457980_L1_left_C0,left,pick up the left block,pick up the red block,L1,red,right,left,7,pregrasp,112,116,4,1.0,0.8467153284671532,0,8,0.3,0.7,8,0.21376951038837433,0.22305533289909363,0.21376951038837433,0.22305533289909363,0.0092858225107193,0.6422896385192871,0.037183549255132675,0.18937361240386963
test,C0,6,2026_08_18_00_48_13_457980_L1_left_C0,left,pick up the left block,pick up the red block,L1,red,right,left,7,pregrasp,112,116,4,1.0,0.8467153284671532,1,8,0.3,0.7,8,0.30740681290626526,0.3158954381942749,0.30740681290626526,0.3158954381942749,0.008488625288009644,0.6422896385192871,0.037183549255132675,0.18937361240386963
test,C0,6,2026_08_18_00_48_13_457980_L1_left_C0,left,pick up the left block,pick up the red block,L1,red,right,left,7,pregrasp,112,116,4,1.0,0.8467153284671532,2,8,0.3,0.7,8,0.30185267329216003,0.30958476662635803,0.30185267329216003,0.30958476662635803,0.007732093334197998,0.6422896385192871,0.037183549255132675,0.18937361240386963
test,C0,6,2026_08_18_00_48_13_457980_L1_left_C0,left,pick up the left block,pick up the red block,L1,red,right,left,7,pregrasp,112,116,4,1.0,0.8467153284671532,3,8,0.3,0.7,8,0.20939257740974426,0.2198311984539032,0.20939257740974426,0.2198311984539032,0.010438621044158936,0.6422896385192871,0.037183549255132675,0.18937361240386963
test,C0,6,2026_08_18_00_48_13_457980_L1_left_C0,left,pick up the left block,pick up the red block,L1,red,right,left,7,pregrasp,112,116,4,1.0,0.8467153284671532,4,8,0.3,0.7,8,0.18450842797756195,0.19233191013336182,0.18450842797756195,0.19233191013336182,0.007823482155799866,0.6422896385192871,0.037183549255132675,0.18937361240386963
test,C0,6,2026_08_18_00_48_13_457980_L1_left_C0,left,pick up the left block,pick up the red block,L1,red,right,left,7,pregrasp,112,116,4,1.0,0.8467153284671532,5,8,0.3,0.7,8,0.22246959805488586,0.22815078496932983,0.22246959805488586,0.22815078496932983,0.00568118691444397,0.6422896385192871,0.037183549255132675,0.18937361240386963
test,C0,6,2026_08_18_00_48_13_457980_L1_left_C0,left,pick up the left block,pick up the red block,L1,red,right,left,7,pregrasp,112,116,4,1.0,0.8467153284671532,6,8,0.3,0.7,8,0.34700268507003784,0.35602521896362305,0.34700268507003784,0.35602521896362305,0.009022533893585205,0.6422896385192871,0.037183549255132675,0.18937361240386963
test,C0,6,2026_08_18_00_48_13_457980_L1_left_C0,left,pick up the left block,pick up the red block,L1,red,right,left,7,pregrasp,112,116,4,1.0,0.8467153284671532,7,8,0.3,0.7,8,0.1758505403995514,0.18329381942749023,0.1758505403995514,0.18329381942749023,0.007443279027938843,0.6422896385192871,0.037183549255132675,0.18937361240386963
test,C0,6,2026_08_18_00_48_13_457980_L1_left_C0,left,pick up the left block,pick up the red block,L1,red,right,left,7,pregrasp,112,116,4,1.0,0.8467153284671532,8,8,0.3,0.7,8,0.2845005691051483,0.2905384600162506,0.2845005691051483,0.2905384600162506,0.006037890911102295,0.6422896385192871,0.037183549255132675,0.18937361240386963
test,C0,6,2026_08_18_00_48_13_457980_L1_left_C0,left,pick up the left block,pick up the red block,L1,red,right,left,7,pregrasp,112,116,4,1.0,0.8467153284671532,9,8,0.3,0.7,8,0.28018978238105774,0.28892403841018677,0.28018978238105774,0.28892403841018677,0.008734256029129028,0.6422896385192871,0.037183549255132675,0.18937361240386963
test,C0,6,2026_08_18_00_48_13_457980_L1_left_C0,left,pick up the left block,pick up the red block,L1,red,right,left,8,postgrasp,116,132,16,1.0,0.9635036496350365,0,8,0.3,0.7,8,0.39781326055526733,0.3892090320587158,0.39781326055526733,0.3892090320587158,-0.008604228496551514,0.6426848769187927,0.037345100194215775,0.18979571759700775
test,C0,6,2026_08_18_00_48_13_457980_L1_left_C0,left,pick up the left block,pick up the red block,L1,red,right,left,8,postgrasp,116,132,16,1.0,0.9635036496350365,1,8,0.3,0.7,8,0.31996798515319824,0.31757956743240356,0.31996798515319824,0.31757956743240356,-0.0023884177207946777,0.6426848769187927,0.037345100194215775,0.18979571759700775
test,C0,6,2026_08_18_00_48_13_457980_L1_left_C0,left,pick up the left block,pick up the red block,L1,red,right,left,8,postgrasp,116,132,16,1.0,0.9635036496350365,2,8,0.3,0.7,8,0.37045106291770935,0.3679584860801697,0.37045106291770935,0.3679584860801697,-0.002492576837539673,0.6426848769187927,0.037345100194215775,0.18979571759700775
test,C0,6,2026_08_18_00_48_13_457980_L1_left_C0,left,pick up the left block,pick up the red block,L1,red,right,left,8,postgrasp,116,132,16,1.0,0.9635036496350365,3,8,0.3,0.7,8,0.3711501955986023,0.36893022060394287,0.3711501955986023,0.36893022060394287,-0.002219974994659424,0.6426848769187927,0.037345100194215775,0.18979571759700775
test,C0,6,2026_08_18_00_48_13_457980_L1_left_C0,left,pick up the left block,pick up the red block,L1,red,right,left,8,postgrasp,116,132,16,1.0,0.9635036496350365,4,8,0.3,0.7,8,0.36338692903518677,0.35263633728027344,0.36338692903518677,0.35263633728027344,-0.01075059175491333,0.6426848769187927,0.037345100194215775,0.18979571759700775
test,C0,6,2026_08_18_00_48_13_457980_L1_left_C0,left,pick up the left block,pick up the red block,L1,red,right,left,8,postgrasp,116,132,16,1.0,0.9635036496350365,5,8,0.3,0.7,8,0.3493175506591797,0.3404552936553955,0.3493175506591797,0.3404552936553955,-0.00886225700378418,0.6426848769187927,0.037345100194215775,0.18979571759700775
test,C0,6,2026_08_18_00_48_13_457980_L1_left_C0,left,pick up the left block,pick up the red block,L1,red,right,left,8,postgrasp,116,132,16,1.0,0.9635036496350365,6,8,0.3,0.7,8,0.3665638864040375,0.3570346236228943,0.3665638864040375,0.3570346236228943,-0.009529262781143188,0.6426848769187927,0.037345100194215775,0.18979571759700775
test,C0,6,2026_08_18_00_48_13_457980_L1_left_C0,left,pick up the left block,pick up the red block,L1,red,right,left,8,postgrasp,116,132,16,1.0,0.9635036496350365,7,8,0.3,0.7,8,0.3452809453010559,0.3415986895561218,0.3452809453010559,0.3415986895561218,-0.003682255744934082,0.6426848769187927,0.037345100194215775,0.18979571759700775
test,C0,6,2026_08_18_00_48_13_457980_L1_left_C0,left,pick up the left block,pick up the red block,L1,red,right,left,8,postgrasp,116,132,16,1.0,0.9635036496350365,8,8,0.3,0.7,8,0.41387251019477844,0.40978580713272095,0.41387251019477844,0.40978580713272095,-0.004086703062057495,0.6426848769187927,0.037345100194215775,0.18979571759700775
test,C0,6,2026_08_18_00_48_13_457980_L1_left_C0,left,pick up the left block,pick up the red block,L1,red,right,left,8,postgrasp,116,132,16,1.0,0.9635036496350365,9,8,0.3,0.7,8,0.36033594608306885,0.35283416509628296,0.36033594608306885,0.35283416509628296,-0.007501780986785889,0.6426848769187927,0.037345100194215775,0.18979571759700775
test,C0,6,2026_08_18_00_48_13_457980_L1_left_C0,left,pick up the left block,pick up the red block,L1,red,right,left,9,postgrasp,132,137,5,1.0,1.0,0,8,0.3,0.7,8,0.35885855555534363,0.3544398248195648,0.35885855555534363,0.3544398248195648,-0.004418730735778809,0.6426860690116882,0.037343382835388184,0.18979614973068237
test,C0,6,2026_08_18_00_48_13_457980_L1_left_C0,left,pick up the left block,pick up the red block,L1,red,right,left,9,postgrasp,132,137,5,1.0,1.0,1,8,0.3,0.7,8,0.2931675910949707,0.28980645537376404,0.2931675910949707,0.28980645537376404,-0.003361135721206665,0.6426860690116882,0.037343382835388184,0.18979614973068237
test,C0,6,2026_08_18_00_48_13_457980_L1_left_C0,left,pick up the left block,pick up the red block,L1,red,right,left,9,postgrasp,132,137,5,1.0,1.0,2,8,0.3,0.7,8,0.2784132659435272,0.274364173412323,0.2784132659435272,0.274364173412323,-0.004049092531204224,0.6426860690116882,0.037343382835388184,0.18979614973068237
test,C0,6,2026_08_18_00_48_13_457980_L1_left_C0,left,pick up the left block,pick up the red block,L1,red,right,left,9,postgrasp,132,137,5,1.0,1.0,3,8,0.3,0.7,8,0.2617645859718323,0.2579714059829712,0.2617645859718323,0.2579714059829712,-0.003793179988861084,0.6426860690116882,0.037343382835388184,0.18979614973068237
test,C0,6,2026_08_18_00_48_13_457980_L1_left_C0,left,pick up the left block,pick up the red block,L1,red,right,left,9,postgrasp,132,137,5,1.0,1.0,4,8,0.3,0.7,8,0.29641756415367126,0.2924080193042755,0.29641756415367126,0.2924080193042755,-0.004009544849395752,0.6426860690116882,0.037343382835388184,0.18979614973068237
test,C0,6,2026_08_18_00_48_13_457980_L1_left_C0,left,pick up the left block,pick up the red block,L1,red,right,left,9,postgrasp,132,137,5,1.0,1.0,5,8,0.3,0.7,8,0.3142458498477936,0.3120284974575043,0.3142458498477936,0.3120284974575043,-0.0022173523902893066,0.6426860690116882,0.037343382835388184,0.18979614973068237
test,C0,6,2026_08_18_00_48_13_457980_L1_left_C0,left,pick up the left block,pick up the red block,L1,red,right,left,9,postgrasp,132,137,5,1.0,1.0,6,8,0.3,0.7,8,0.31824710965156555,0.31527578830718994,0.31824710965156555,0.31527578830718994,-0.0029713213443756104,0.6426860690116882,0.037343382835388184,0.18979614973068237
test,C0,6,2026_08_18_00_48_13_457980_L1_left_C0,left,pick up the left block,pick up the red block,L1,red,right,left,9,postgrasp,132,137,5,1.0,1.0,7,8,0.3,0.7,8,0.34800657629966736,0.34327948093414307,0.34800657629966736,0.34327948093414307,-0.004727095365524292,0.6426860690116882,0.037343382835388184,0.18979614973068237
test,C0,6,2026_08_18_00_48_13_457980_L1_left_C0,left,pick up the left block,pick up the red block,L1,red,right,left,9,postgrasp,132,137,5,1.0,1.0,8,8,0.3,0.7,8,0.34110891819000244,0.3396112024784088,0.34110891819000244,0.3396112024784088,-0.001497715711593628,0.6426860690116882,0.037343382835388184,0.18979614973068237
test,C0,6,2026_08_18_00_48_13_457980_L1_left_C0,left,pick up the left block,pick up the red block,L1,red,right,left,9,postgrasp,132,137,5,1.0,1.0,9,8,0.3,0.7,8,0.385958731174469,0.3859103322029114,0.385958731174469,0.3859103322029114,-4.839897155761719e-05,0.6426860690116882,0.037343382835388184,0.18979614973068237
test,C1,7,2026_08_18_00_49_05_482404_L1_left_C1,left,pick up the left block,pick up the red block,L1,red,right,left,0,pregrasp,0,16,16,0.125,0.10738255033557047,0,8,0.3,0.7,8,0.32990947365760803,0.40231454372406006,0.32990947365760803,0.40231454372406006,0.07240507006645203,0.37190815806388855,0.024228157475590706,0.47812944650650024
test,C1,7,2026_08_18_00_49_05_482404_L1_left_C1,left,pick up the left block,pick up the red block,L1,red,right,left,0,pregrasp,0,16,16,0.125,0.10738255033557047,1,8,0.3,0.7,8,0.3119688630104065,0.3261346220970154,0.3119688630104065,0.3261346220970154,0.014165759086608887,0.37190815806388855,0.024228157475590706,0.47812944650650024
test,C1,7,2026_08_18_00_49_05_482404_L1_left_C1,left,pick up the left block,pick up the red block,L1,red,right,left,0,pregrasp,0,16,16,0.125,0.10738255033557047,2,8,0.3,0.7,8,0.2864872217178345,0.36792486906051636,0.2864872217178345,0.36792486906051636,0.08143764734268188,0.37190815806388855,0.024228157475590706,0.47812944650650024
test,C1,7,2026_08_18_00_49_05_482404_L1_left_C1,left,pick up the left block,pick up the red block,L1,red,right,left,0,pregrasp,0,16,16,0.125,0.10738255033557047,3,8,0.3,0.7,8,0.44027331471443176,0.4749085009098053,0.44027331471443176,0.4749085009098053,0.034635186195373535,0.37190815806388855,0.024228157475590706,0.47812944650650024
test,C1,7,2026_08_18_00_49_05_482404_L1_left_C1,left,pick up the left block,pick up the red block,L1,red,right,left,0,pregrasp,0,16,16,0.125,0.10738255033557047,4,8,0.3,0.7,8,0.2791757583618164,0.34984612464904785,0.2791757583618164,0.34984612464904785,0.07067036628723145,0.37190815806388855,0.024228157475590706,0.47812944650650024
test,C1,7,2026_08_18_00_49_05_482404_L1_left_C1,left,pick up the left block,pick up the red block,L1,red,right,left,0,pregrasp,0,16,16,0.125,0.10738255033557047,5,8,0.3,0.7,8,0.32109692692756653,0.3627430200576782,0.32109692692756653,0.3627430200576782,0.041646093130111694,0.37190815806388855,0.024228157475590706,0.47812944650650024
test,C1,7,2026_08_18_00_49_05_482404_L1_left_C1,left,pick up the left block,pick up the red block,L1,red,right,left,0,pregrasp,0,16,16,0.125,0.10738255033557047,6,8,0.3,0.7,8,0.3300382196903229,0.39394253492355347,0.3300382196903229,0.39394253492355347,0.06390431523323059,0.37190815806388855,0.024228157475590706,0.47812944650650024
test,C1,7,2026_08_18_00_49_05_482404_L1_left_C1,left,pick up the left block,pick up the red block,L1,red,right,left,0,pregrasp,0,16,16,0.125,0.10738255033557047,7,8,0.3,0.7,8,0.32076701521873474,0.4114837050437927,0.32076701521873474,0.4114837050437927,0.09071668982505798,0.37190815806388855,0.024228157475590706,0.47812944650650024
test,C1,7,2026_08_18_00_49_05_482404_L1_left_C1,left,pick up the left block,pick up the red block,L1,red,right,left,0,pregrasp,0,16,16,0.125,0.10738255033557047,8,8,0.3,0.7,8,0.3522719442844391,0.4564734101295471,0.3522719442844391,0.4564734101295471,0.10420146584510803,0.37190815806388855,0.024228157475590706,0.47812944650650024
test,C1,7,2026_08_18_00_49_05_482404_L1_left_C1,left,pick up the left block,pick up the red block,L1,red,right,left,0,pregrasp,0,16,16,0.125,0.10738255033557047,9,8,0.3,0.7,8,0.3135596513748169,0.3492943048477173,0.3135596513748169,0.3492943048477173,0.03573465347290039,0.37190815806388855,0.024228157475590706,0.47812944650650024
test,C1,7,2026_08_18_00_49_05_482404_L1_left_C1,left,pick up the left block,pick up the red block,L1,red,right,left,1,pregrasp,16,32,16,0.25,0.21476510067114093,0,8,0.3,0.7,8,0.28151991963386536,0.38337135314941406,0.28151991963386536,0.38337135314941406,0.1018514335155487,0.4013439118862152,0.07198596000671387,0.4381139874458313
test,C1,7,2026_08_18_00_49_05_482404_L1_left_C1,left,pick up the left block,pick up the red block,L1,red,right,left,1,pregrasp,16,32,16,0.25,0.21476510067114093,1,8,0.3,0.7,8,0.19562901556491852,0.28784191608428955,0.19562901556491852,0.28784191608428955,0.09221290051937103,0.4013439118862152,0.07198596000671387,0.4381139874458313
test,C1,7,2026_08_18_00_49_05_482404_L1_left_C1,left,pick up the left block,pick up the red block,L1,red,right,left,1,pregrasp,16,32,16,0.25,0.21476510067114093,2,8,0.3,0.7,8,0.267870157957077,0.37693995237350464,0.267870157957077,0.37693995237350464,0.10906979441642761,0.4013439118862152,0.07198596000671387,0.4381139874458313
test,C1,7,2026_08_18_00_49_05_482404_L1_left_C1,left,pick up the left block,pick up the red block,L1,red,right,left,1,pregrasp,16,32,16,0.25,0.21476510067114093,3,8,0.3,0.7,8,0.18455880880355835,0.26498648524284363,0.18455880880355835,0.26498648524284363,0.08042767643928528,0.4013439118862152,0.07198596000671387,0.4381139874458313
test,C1,7,2026_08_18_00_49_05_482404_L1_left_C1,left,pick up the left block,pick up the red block,L1,red,right,left,1,pregrasp,16,32,16,0.25,0.21476510067114093,4,8,0.3,0.7,8,0.20510254800319672,0.32621365785598755,0.20510254800319672,0.32621365785598755,0.12111110985279083,0.4013439118862152,0.07198596000671387,0.4381139874458313
test,C1,7,2026_08_18_00_49_05_482404_L1_left_C1,left,pick up the left block,pick up the red block,L1,red,right,left,1,pregrasp,16,32,16,0.25,0.21476510067114093,5,8,0.3,0.7,8,0.19189831614494324,0.2696189284324646,0.19189831614494324,0.2696189284324646,0.07772061228752136,0.4013439118862152,0.07198596000671387,0.4381139874458313
test,C1,7,2026_08_18_00_49_05_482404_L1_left_C1,left,pick up the left block,pick up the red block,L1,red,right,left,1,pregrasp,16,32,16,0.25,0.21476510067114093,6,8,0.3,0.7,8,0.23509633541107178,0.33605387806892395,0.23509633541107178,0.33605387806892395,0.10095754265785217,0.4013439118862152,0.07198596000671387,0.4381139874458313
test,C1,7,2026_08_18_00_49_05_482404_L1_left_C1,left,pick up the left block,pick up the red block,L1,red,right,left,1,pregrasp,16,32,16,0.25,0.21476510067114093,7,8,0.3,0.7,8,0.26183581352233887,0.3946075439453125,0.26183581352233887,0.3946075439453125,0.13277173042297363,0.4013439118862152,0.07198596000671387,0.4381139874458313
test,C1,7,2026_08_18_00_49_05_482404_L1_left_C1,left,pick up the left block,pick up the red block,L1,red,right,left,1,pregrasp,16,32,16,0.25,0.21476510067114093,8,8,0.3,0.7,8,0.1492447853088379,0.2613890469074249,0.1492447853088379,0.2613890469074249,0.11214426159858704,0.4013439118862152,0.07198596000671387,0.4381139874458313
test,C1,7,2026_08_18_00_49_05_482404_L1_left_C1,left,pick up the left block,pick up the red block,L1,red,right,left,1,pregrasp,16,32,16,0.25,0.21476510067114093,9,8,0.3,0.7,8,0.20244917273521423,0.29727011919021606,0.20244917273521423,0.29727011919021606,0.09482094645500183,0.4013439118862152,0.07198596000671387,0.4381139874458313
test,C1,7,2026_08_18_00_49_05_482404_L1_left_C1,left,pick up the left block,pick up the red block,L1,red,right,left,2,pregrasp,32,48,16,0.375,0.3221476510067114,0,8,0.3,0.7,8,0.22215190529823303,0.2552419900894165,0.22215190529823303,0.2552419900894165,0.03309008479118347,0.44480031728744507,0.10165869444608688,0.3927192687988281
test,C1,7,2026_08_18_00_49_05_482404_L1_left_C1,left,pick up the left block,pick up the red block,L1,red,right,left,2,pregrasp,32,48,16,0.375,0.3221476510067114,1,8,0.3,0.7,8,0.19532686471939087,0.22321537137031555,0.19532686471939087,0.22321537137031555,0.027888506650924683,0.44480031728744507,0.10165869444608688,0.3927192687988281
test,C1,7,2026_08_18_00_49_05_482404_L1_left_C1,left,pick up the left block,pick up the red block,L1,red,right,left,2,pregrasp,32,48,16,0.375,0.3221476510067114,2,8,0.3,0.7,8,0.2606338858604431,0.2908323407173157,0.2606338858604431,0.2908323407173157,0.03019845485687256,0.44480031728744507,0.10165869444608688,0.3927192687988281
test,C1,7,2026_08_18_00_49_05_482404_L1_left_C1,left,pick up the left block,pick up the red block,L1,red,right,left,2,pregrasp,32,48,16,0.375,0.3221476510067114,3,8,0.3,0.7,8,0.20017267763614655,0.24536053836345673,0.20017267763614655,0.24536053836345673,0.04518786072731018,0.44480031728744507,0.10165869444608688,0.3927192687988281
test,C1,7,2026_08_18_00_49_05_482404_L1_left_C1,left,pick up the left block,pick up the red block,L1,red,right,left,2,pregrasp,32,48,16,0.375,0.3221476510067114,4,8,0.3,0.7,8,0.20474795997142792,0.2272837907075882,0.20474795997142792,0.2272837907075882,0.02253583073616028,0.44480031728744507,0.10165869444608688,0.3927192687988281
test,C1,7,2026_08_18_00_49_05_482404_L1_left_C1,left,pick up the left block,pick up the red block,L1,red,right,left,2,pregrasp,32,48,16,0.375,0.3221476510067114,5,8,0.3,0.7,8,0.2664116621017456,0.30862024426460266,0.2664116621017456,0.30862024426460266,0.042208582162857056,0.44480031728744507,0.10165869444608688,0.3927192687988281
test,C1,7,2026_08_18_00_49_05_482404_L1_left_C1,left,pick up the left block,pick up the red block,L1,red,right,left,2,pregrasp,32,48,16,0.375,0.3221476510067114,6,8,0.3,0.7,8,0.24174469709396362,0.267609179019928,0.24174469709396362,0.267609179019928,0.025864481925964355,0.44480031728744507,0.10165869444608688,0.3927192687988281
test,C1,7,2026_08_18_00_49_05_482404_L1_left_C1,left,pick up the left block,pick up the red block,L1,red,right,left,2,pregrasp,32,48,16,0.375,0.3221476510067114,7,8,0.3,0.7,8,0.36132052540779114,0.40035825967788696,0.36132052540779114,0.40035825967788696,0.039037734270095825,0.44480031728744507,0.10165869444608688,0.3927192687988281
test,C1,7,2026_08_18_00_49_05_482404_L1_left_C1,left,pick up the left block,pick up the red block,L1,red,right,left,2,pregrasp,32,48,16,0.375,0.3221476510067114,8,8,0.3,0.7,8,0.24395127594470978,0.28642380237579346,0.24395127594470978,0.28642380237579346,0.04247252643108368,0.44480031728744507,0.10165869444608688,0.3927192687988281
test,C1,7,2026_08_18_00_49_05_482404_L1_left_C1,left,pick up the left block,pick up the red block,L1,red,right,left,2,pregrasp,32,48,16,0.375,0.3221476510067114,9,8,0.3,0.7,8,0.27352482080459595,0.3118949830532074,0.27352482080459595,0.3118949830532074,0.03837016224861145,0.44480031728744507,0.10165869444608688,0.3927192687988281
test,C1,7,2026_08_18_00_49_05_482404_L1_left_C1,left,pick up the left block,pick up the red block,L1,red,right,left,3,pregrasp,48,64,16,0.5,0.42953020134228187,0,8,0.3,0.7,8,0.24730481207370758,0.25782060623168945,0.24730481207370758,0.25782060623168945,0.010515794157981873,0.4923834204673767,0.1113203763961792,0.3430558443069458
test,C1,7,2026_08_18_00_49_05_482404_L1_left_C1,left,pick up the left block,pick up the red block,L1,red,right,left,3,pregrasp,48,64,16,0.5,0.42953020134228187,1,8,0.3,0.7,8,0.268818199634552,0.2958328127861023,0.268818199634552,0.2958328127861023,0.027014613151550293,0.4923834204673767,0.1113203763961792,0.3430558443069458
test,C1,7,2026_08_18_00_49_05_482404_L1_left_C1,left,pick up the left block,pick up the red block,L1,red,right,left,3,pregrasp,48,64,16,0.5,0.42953020134228187,2,8,0.3,0.7,8,0.2898772060871124,0.3031448721885681,0.2898772060871124,0.3031448721885681,0.013267666101455688,0.4923834204673767,0.1113203763961792,0.3430558443069458
test,C1,7,2026_08_18_00_49_05_482404_L1_left_C1,left,pick up the left block,pick up the red block,L1,red,right,left,3,pregrasp,48,64,16,0.5,0.42953020134228187,3,8,0.3,0.7,8,0.3064383864402771,0.32177096605300903,0.3064383864402771,0.32177096605300903,0.015332579612731934,0.4923834204673767,0.1113203763961792,0.3430558443069458
test,C1,7,2026_08_18_00_49_05_482404_L1_left_C1,left,pick up the left block,pick up the red block,L1,red,right,left,3,pregrasp,48,64,16,0.5,0.42953020134228187,4,8,0.3,0.7,8,0.19197380542755127,0.20791316032409668,0.19197380542755127,0.20791316032409668,0.01593935489654541,0.4923834204673767,0.1113203763961792,0.3430558443069458
test,C1,7,2026_08_18_00_49_05_482404_L1_left_C1,left,pick up the left block,pick up the red block,L1,red,right,left,3,pregrasp,48,64,16,0.5,0.42953020134228187,5,8,0.3,0.7,8,0.18332353234291077,0.2004733383655548,0.18332353234291077,0.2004733383655548,0.017149806022644043,0.4923834204673767,0.1113203763961792,0.3430558443069458
test,C1,7,2026_08_18_00_49_05_482404_L1_left_C1,left,pick up the left block,pick up the red block,L1,red,right,left,3,pregrasp,48,64,16,0.5,0.42953020134228187,6,8,0.3,0.7,8,0.27333787083625793,0.28800880908966064,0.27333787083625793,0.28800880908966064,0.01467093825340271,0.4923834204673767,0.1113203763961792,0.3430558443069458
test,C1,7,2026_08_18_00_49_05_482404_L1_left_C1,left,pick up the left block,pick up the red block,L1,red,right,left,3,pregrasp,48,64,16,0.5,0.42953020134228187,7,8,0.3,0.7,8,0.2803829610347748,0.2936294674873352,0.2803829610347748,0.2936294674873352,0.013246506452560425,0.4923834204673767,0.1113203763961792,0.3430558443069458
test,C1,7,2026_08_18_00_49_05_482404_L1_left_C1,left,pick up the left block,pick up the red block,L1,red,right,left,3,pregrasp,48,64,16,0.5,0.42953020134228187,8,8,0.3,0.7,8,0.17366762459278107,0.18322695791721344,0.17366762459278107,0.18322695791721344,0.009559333324432373,0.4923834204673767,0.1113203763961792,0.3430558443069458
test,C1,7,2026_08_18_00_49_05_482404_L1_left_C1,left,pick up the left block,pick up the red block,L1,red,right,left,3,pregrasp,48,64,16,0.5,0.42953020134228187,9,8,0.3,0.7,8,0.29950854182243347,0.3188989758491516,0.29950854182243347,0.3188989758491516,0.01939043402671814,0.4923834204673767,0.1113203763961792,0.3430558443069458
test,C1,7,2026_08_18_00_49_05_482404_L1_left_C1,left,pick up the left block,pick up the red block,L1,red,right,left,4,pregrasp,64,80,16,0.625,0.5369127516778524,0,8,0.3,0.7,8,0.18620619177818298,0.19638782739639282,0.18620619177818298,0.19638782739639282,0.010181635618209839,0.5400069952011108,0.10113848000764847,0.2943987548351288
test,C1,7,2026_08_18_00_49_05_482404_L1_left_C1,left,pick up the left block,pick up the red block,L1,red,right,left,4,pregrasp,64,80,16,0.625,0.5369127516778524,1,8,0.3,0.7,8,0.2059199959039688,0.2166343778371811,0.2059199959039688,0.2166343778371811,0.01071438193321228,0.5400069952011108,0.10113848000764847,0.2943987548351288
test,C1,7,2026_08_18_00_49_05_482404_L1_left_C1,left,pick up the left block,pick up the red block,L1,red,right,left,4,pregrasp,64,80,16,0.625,0.5369127516778524,2,8,0.3,0.7,8,0.2976513206958771,0.3116064667701721,0.2976513206958771,0.3116064667701721,0.013955146074295044,0.5400069952011108,0.10113848000764847,0.2943987548351288
test,C1,7,2026_08_18_00_49_05_482404_L1_left_C1,left,pick up the left block,pick up the red block,L1,red,right,left,4,pregrasp,64,80,16,0.625,0.5369127516778524,3,8,0.3,0.7,8,0.24859359860420227,0.2632116973400116,0.24859359860420227,0.2632116973400116,0.014618098735809326,0.5400069952011108,0.10113848000764847,0.2943987548351288
test,C1,7,2026_08_18_00_49_05_482404_L1_left_C1,left,pick up the left block,pick up the red block,L1,red,right,left,4,pregrasp,64,80,16,0.625,0.5369127516778524,4,8,0.3,0.7,8,0.22106389701366425,0.2315388023853302,0.22106389701366425,0.2315388023853302,0.010474905371665955,0.5400069952011108,0.10113848000764847,0.2943987548351288
test,C1,7,2026_08_18_00_49_05_482404_L1_left_C1,left,pick up the left block,pick up the red block,L1,red,right,left,4,pregrasp,64,80,16,0.625,0.5369127516778524,5,8,0.3,0.7,8,0.16715677082538605,0.17795611917972565,0.16715677082538605,0.17795611917972565,0.0107993483543396,0.5400069952011108,0.10113848000764847,0.2943987548351288
test,C1,7,2026_08_18_00_49_05_482404_L1_left_C1,left,pick up the left block,pick up the red block,L1,red,right,left,4,pregrasp,64,80,16,0.625,0.5369127516778524,6,8,0.3,0.7,8,0.2217974066734314,0.23307615518569946,0.2217974066734314,0.23307615518569946,0.011278748512268066,0.5400069952011108,0.10113848000764847,0.2943987548351288
test,C1,7,2026_08_18_00_49_05_482404_L1_left_C1,left,pick up the left block,pick up the red block,L1,red,right,left,4,pregrasp,64,80,16,0.625,0.5369127516778524,7,8,0.3,0.7,8,0.15210577845573425,0.16615964472293854,0.15210577845573425,0.16615964472293854,0.014053866267204285,0.5400069952011108,0.10113848000764847,0.2943987548351288
test,C1,7,2026_08_18_00_49_05_482404_L1_left_C1,left,pick up the left block,pick up the red block,L1,red,right,left,4,pregrasp,64,80,16,0.625,0.5369127516778524,8,8,0.3,0.7,8,0.26455146074295044,0.2828150987625122,0.26455146074295044,0.2828150987625122,0.018263638019561768,0.5400069952011108,0.10113848000764847,0.2943987548351288
test,C1,7,2026_08_18_00_49_05_482404_L1_left_C1,left,pick up the left block,pick up the red block,L1,red,right,left,4,pregrasp,64,80,16,0.625,0.5369127516778524,9,8,0.3,0.7,8,0.25400760769844055,0.2687530517578125,0.25400760769844055,0.2687530517578125,0.014745444059371948,0.5400069952011108,0.10113848000764847,0.2943987548351288
test,C1,7,2026_08_18_00_49_05_482404_L1_left_C1,left,pick up the left block,pick up the red block,L1,red,right,left,5,pregrasp,80,96,16,0.75,0.6442953020134228,0,8,0.3,0.7,8,0.32043349742889404,0.3204934597015381,0.32043349742889404,0.3204934597015381,5.996227264404297e-05,0.5861552953720093,0.07894449681043625,0.2469707876443863
test,C1,7,2026_08_18_00_49_05_482404_L1_left_C1,left,pick up the left block,pick up the red block,L1,red,right,left,5,pregrasp,80,96,16,0.75,0.6442953020134228,1,8,0.3,0.7,8,0.2645737826824188,0.2623259127140045,0.2645737826824188,0.2623259127140045,-0.0022478699684143066,0.5861552953720093,0.07894449681043625,0.2469707876443863
test,C1,7,2026_08_18_00_49_05_482404_L1_left_C1,left,pick up the left block,pick up the red block,L1,red,right,left,5,pregrasp,80,96,16,0.75,0.6442953020134228,2,8,0.3,0.7,8,0.20529119670391083,0.20413225889205933,0.20529119670391083,0.20413225889205933,-0.0011589378118515015,0.5861552953720093,0.07894449681043625,0.2469707876443863
test,C1,7,2026_08_18_00_49_05_482404_L1_left_C1,left,pick up the left block,pick up the red block,L1,red,right,left,5,pregrasp,80,96,16,0.75,0.6442953020134228,3,8,0.3,0.7,8,0.27915555238723755,0.2802039086818695,0.27915555238723755,0.2802039086818695,0.001048356294631958,0.5861552953720093,0.07894449681043625,0.2469707876443863
test,C1,7,2026_08_18_00_49_05_482404_L1_left_C1,left,pick up the left block,pick up the red block,L1,red,right,left,5,pregrasp,80,96,16,0.75,0.6442953020134228,4,8,0.3,0.7,8,0.30445727705955505,0.3054655194282532,0.30445727705955505,0.3054655194282532,0.0010082423686981201,0.5861552953720093,0.07894449681043625,0.2469707876443863
test,C1,7,2026_08_18_00_49_05_482404_L1_left_C1,left,pick up the left block,pick up the red block,L1,red,right,left,5,pregrasp,80,96,16,0.75,0.6442953020134228,5,8,0.3,0.7,8,0.27064263820648193,0.2708476781845093,0.27064263820648193,0.2708476781845093,0.00020503997802734375,0.5861552953720093,0.07894449681043625,0.2469707876443863
test,C1,7,2026_08_18_00_49_05_482404_L1_left_C1,left,pick up the left block,pick up the red block,L1,red,right,left,5,pregrasp,80,96,16,0.75,0.6442953020134228,6,8,0.3,0.7,8,0.26162123680114746,0.26368582248687744,0.26162123680114746,0.26368582248687744,0.0020645856857299805,0.5861552953720093,0.07894449681043625,0.2469707876443863
test,C1,7,2026_08_18_00_49_05_482404_L1_left_C1,left,pick up the left block,pick up the red block,L1,red,right,left,5,pregrasp,80,96,16,0.75,0.6442953020134228,7,8,0.3,0.7,8,0.20579376816749573,0.21063870191574097,0.20579376816749573,0.21063870191574097,0.004844933748245239,0.5861552953720093,0.07894449681043625,0.2469707876443863
test,C1,7,2026_08_18_00_49_05_482404_L1_left_C1,left,pick up the left block,pick up the red block,L1,red,right,left,5,pregrasp,80,96,16,0.75,0.6442953020134228,8,8,0.3,0.7,8,0.2647216022014618,0.26890087127685547,0.2647216022014618,0.26890087127685547,0.004179269075393677,0.5861552953720093,0.07894449681043625,0.2469707876443863
test,C1,7,2026_08_18_00_49_05_482404_L1_left_C1,left,pick up the left block,pick up the red block,L1,red,right,left,5,pregrasp,80,96,16,0.75,0.6442953020134228,9,8,0.3,0.7,8,0.32050591707229614,0.31741827726364136,0.32050591707229614,0.31741827726364136,-0.003087639808654785,0.5861552953720093,0.07894449681043625,0.2469707876443863
test,C1,7,2026_08_18_00_49_05_482404_L1_left_C1,left,pick up the left block,pick up the red block,L1,red,right,left,6,pregrasp,96,112,16,0.875,0.7516778523489933,0,8,0.3,0.7,8,0.17629943788051605,0.16586673259735107,0.17629943788051605,0.16586673259735107,-0.010432705283164978,0.6308416724205017,0.05090685561299324,0.20045655965805054
test,C1,7,2026_08_18_00_49_05_482404_L1_left_C1,left,pick up the left block,pick up the red block,L1,red,right,left,6,pregrasp,96,112,16,0.875,0.7516778523489933,1,8,0.3,0.7,8,0.1813494712114334,0.1707901656627655,0.1813494712114334,0.1707901656627655,-0.010559305548667908,0.6308416724205017,0.05090685561299324,0.20045655965805054
test,C1,7,2026_08_18_00_49_05_482404_L1_left_C1,left,pick up the left block,pick up the red block,L1,red,right,left,6,pregrasp,96,112,16,0.875,0.7516778523489933,2,8,0.3,0.7,8,0.26126641035079956,0.24707619845867157,0.26126641035079956,0.24707619845867157,-0.01419021189212799,0.6308416724205017,0.05090685561299324,0.20045655965805054
test,C1,7,2026_08_18_00_49_05_482404_L1_left_C1,left,pick up the left block,pick up the red block,L1,red,right,left,6,pregrasp,96,112,16,0.875,0.7516778523489933,3,8,0.3,0.7,8,0.3255036771297455,0.30654576420783997,0.3255036771297455,0.30654576420783997,-0.018957912921905518,0.6308416724205017,0.05090685561299324,0.20045655965805054
test,C1,7,2026_08_18_00_49_05_482404_L1_left_C1,left,pick up the left block,pick up the red block,L1,red,right,left,6,pregrasp,96,112,16,0.875,0.7516778523489933,4,8,0.3,0.7,8,0.25595030188560486,0.2384277880191803,0.25595030188560486,0.2384277880191803,-0.01752251386642456,0.6308416724205017,0.05090685561299324,0.20045655965805054
test,C1,7,2026_08_18_00_49_05_482404_L1_left_C1,left,pick up the left block,pick up the red block,L1,red,right,left,6,pregrasp,96,112,16,0.875,0.7516778523489933,5,8,0.3,0.7,8,0.18753129243850708,0.17672118544578552,0.18753129243850708,0.17672118544578552,-0.010810106992721558,0.6308416724205017,0.05090685561299324,0.20045655965805054
test,C1,7,2026_08_18_00_49_05_482404_L1_left_C1,left,pick up the left block,pick up the red block,L1,red,right,left,6,pregrasp,96,112,16,0.875,0.7516778523489933,6,8,0.3,0.7,8,0.24006953835487366,0.22573938965797424,0.24006953835487366,0.22573938965797424,-0.014330148696899414,0.6308416724205017,0.05090685561299324,0.20045655965805054
test,C1,7,2026_08_18_00_49_05_482404_L1_left_C1,left,pick up the left block,pick up the red block,L1,red,right,left,6,pregrasp,96,112,16,0.875,0.7516778523489933,7,8,0.3,0.7,8,0.32680457830429077,0.30702823400497437,0.32680457830429077,0.30702823400497437,-0.019776344299316406,0.6308416724205017,0.05090685561299324,0.20045655965805054
test,C1,7,2026_08_18_00_49_05_482404_L1_left_C1,left,pick up the left block,pick up the red block,L1,red,right,left,6,pregrasp,96,112,16,0.875,0.7516778523489933,8,8,0.3,0.7,8,0.2911412715911865,0.27302372455596924,0.2911412715911865,0.27302372455596924,-0.018117547035217285,0.6308416724205017,0.05090685561299324,0.20045655965805054
test,C1,7,2026_08_18_00_49_05_482404_L1_left_C1,left,pick up the left block,pick up the red block,L1,red,right,left,6,pregrasp,96,112,16,0.875,0.7516778523489933,9,8,0.3,0.7,8,0.2987043559551239,0.2811903655529022,0.2987043559551239,0.2811903655529022,-0.01751399040222168,0.6308416724205017,0.05090685561299324,0.20045655965805054
test,C1,7,2026_08_18_00_49_05_482404_L1_left_C1,left,pick up the left block,pick up the red block,L1,red,right,left,7,pregrasp,112,128,16,1.0,0.8590604026845637,0,8,0.3,0.7,8,0.3416130244731903,0.34045591950416565,0.3416130244731903,0.34045591950416565,-0.0011571049690246582,0.6417425274848938,0.045230433344841,0.18949002027511597
test,C1,7,2026_08_18_00_49_05_482404_L1_left_C1,left,pick up the left block,pick up the red block,L1,red,right,left,7,pregrasp,112,128,16,1.0,0.8590604026845637,1,8,0.3,0.7,8,0.1928844451904297,0.19536873698234558,0.1928844451904297,0.19536873698234558,0.0024842917919158936,0.6417425274848938,0.045230433344841,0.18949002027511597
test,C1,7,2026_08_18_00_49_05_482404_L1_left_C1,left,pick up the left block,pick up the red block,L1,red,right,left,7,pregrasp,112,128,16,1.0,0.8590604026845637,2,8,0.3,0.7,8,0.21310065686702728,0.21380513906478882,0.21310065686702728,0.21380513906478882,0.0007044821977615356,0.6417425274848938,0.045230433344841,0.18949002027511597
test,C1,7,2026_08_18_00_49_05_482404_L1_left_C1,left,pick up the left block,pick up the red block,L1,red,right,left,7,pregrasp,112,128,16,1.0,0.8590604026845637,3,8,0.3,0.7,8,0.22026905417442322,0.22182312607765198,0.22026905417442322,0.22182312607765198,0.0015540719032287598,0.6417425274848938,0.045230433344841,0.18949002027511597
test,C1,7,2026_08_18_00_49_05_482404_L1_left_C1,left,pick up the left block,pick up the red block,L1,red,right,left,7,pregrasp,112,128,16,1.0,0.8590604026845637,4,8,0.3,0.7,8,0.1549459993839264,0.15657049417495728,0.1549459993839264,0.15657049417495728,0.0016244947910308838,0.6417425274848938,0.045230433344841,0.18949002027511597
test,C1,7,2026_08_18_00_49_05_482404_L1_left_C1,left,pick up the left block,pick up the red block,L1,red,right,left,7,pregrasp,112,128,16,1.0,0.8590604026845637,5,8,0.3,0.7,8,0.20149551331996918,0.20144706964492798,0.20149551331996918,0.20144706964492798,-4.844367504119873e-05,0.6417425274848938,0.045230433344841,0.18949002027511597
test,C1,7,2026_08_18_00_49_05_482404_L1_left_C1,left,pick up the left block,pick up the red block,L1,red,right,left,7,pregrasp,112,128,16,1.0,0.8590604026845637,6,8,0.3,0.7,8,0.22279289364814758,0.22384613752365112,0.22279289364814758,0.22384613752365112,0.00105324387550354,0.6417425274848938,0.045230433344841,0.18949002027511597
test,C1,7,2026_08_18_00_49_05_482404_L1_left_C1,left,pick up the left block,pick up the red block,L1,red,right,left,7,pregrasp,112,128,16,1.0,0.8590604026845637,7,8,0.3,0.7,8,0.32292917370796204,0.3229736089706421,0.32292917370796204,0.3229736089706421,4.443526268005371e-05,0.6417425274848938,0.045230433344841,0.18949002027511597
test,C1,7,2026_08_18_00_49_05_482404_L1_left_C1,left,pick up the left block,pick up the red block,L1,red,right,left,7,pregrasp,112,128,16,1.0,0.8590604026845637,8,8,0.3,0.7,8,0.29429107904434204,0.2961747944355011,0.29429107904434204,0.2961747944355011,0.0018837153911590576,0.6417425274848938,0.045230433344841,0.18949002027511597
test,C1,7,2026_08_18_00_49_05_482404_L1_left_C1,left,pick up the left block,pick up the red block,L1,red,right,left,7,pregrasp,112,128,16,1.0,0.8590604026845637,9,8,0.3,0.7,8,0.22876818478107452,0.22918082773685455,0.22876818478107452,0.22918082773685455,0.0004126429557800293,0.6417425274848938,0.045230433344841,0.18949002027511597
test,C1,7,2026_08_18_00_49_05_482404_L1_left_C1,left,pick up the left block,pick up the red block,L1,red,right,left,8,postgrasp,128,144,16,1.0,0.9664429530201343,0,8,0.3,0.7,8,0.26741060614585876,0.2718298137187958,0.26741060614585876,0.2718298137187958,0.004419207572937012,0.6422327756881714,0.044940099120140076,0.18995924293994904
test,C1,7,2026_08_18_00_49_05_482404_L1_left_C1,left,pick up the left block,pick up the red block,L1,red,right,left,8,postgrasp,128,144,16,1.0,0.9664429530201343,1,8,0.3,0.7,8,0.35751014947891235,0.36346495151519775,0.35751014947891235,0.36346495151519775,0.0059548020362854,0.6422327756881714,0.044940099120140076,0.18995924293994904
test,C1,7,2026_08_18_00_49_05_482404_L1_left_C1,left,pick up the left block,pick up the red block,L1,red,right,left,8,postgrasp,128,144,16,1.0,0.9664429530201343,2,8,0.3,0.7,8,0.3474879264831543,0.35230952501296997,0.3474879264831543,0.35230952501296997,0.004821598529815674,0.6422327756881714,0.044940099120140076,0.18995924293994904
test,C1,7,2026_08_18_00_49_05_482404_L1_left_C1,left,pick up the left block,pick up the red block,L1,red,right,left,8,postgrasp,128,144,16,1.0,0.9664429530201343,3,8,0.3,0.7,8,0.35482504963874817,0.3589063286781311,0.35482504963874817,0.3589063286781311,0.004081279039382935,0.6422327756881714,0.044940099120140076,0.18995924293994904
test,C1,7,2026_08_18_00_49_05_482404_L1_left_C1,left,pick up the left block,pick up the red block,L1,red,right,left,8,postgrasp,128,144,16,1.0,0.9664429530201343,4,8,0.3,0.7,8,0.363113671541214,0.3687387704849243,0.363113671541214,0.3687387704849243,0.005625098943710327,0.6422327756881714,0.044940099120140076,0.18995924293994904
test,C1,7,2026_08_18_00_49_05_482404_L1_left_C1,left,pick up the left block,pick up the red block,L1,red,right,left,8,postgrasp,128,144,16,1.0,0.9664429530201343,5,8,0.3,0.7,8,0.31048524379730225,0.3167666494846344,0.31048524379730225,0.3167666494846344,0.006281405687332153,0.6422327756881714,0.044940099120140076,0.18995924293994904
test,C1,7,2026_08_18_00_49_05_482404_L1_left_C1,left,pick up the left block,pick up the red block,L1,red,right,left,8,postgrasp,128,144,16,1.0,0.9664429530201343,6,8,0.3,0.7,8,0.3134152591228485,0.31827881932258606,0.3134152591228485,0.31827881932258606,0.004863560199737549,0.6422327756881714,0.044940099120140076,0.18995924293994904
test,C1,7,2026_08_18_00_49_05_482404_L1_left_C1,left,pick up the left block,pick up the red block,L1,red,right,left,8,postgrasp,128,144,16,1.0,0.9664429530201343,7,8,0.3,0.7,8,0.3344142436981201,0.33884763717651367,0.3344142436981201,0.33884763717651367,0.004433393478393555,0.6422327756881714,0.044940099120140076,0.18995924293994904
test,C1,7,2026_08_18_00_49_05_482404_L1_left_C1,left,pick up the left block,pick up the red block,L1,red,right,left,8,postgrasp,128,144,16,1.0,0.9664429530201343,8,8,0.3,0.7,8,0.3486276865005493,0.35530349612236023,0.3486276865005493,0.35530349612236023,0.006675809621810913,0.6422327756881714,0.044940099120140076,0.18995924293994904
test,C1,7,2026_08_18_00_49_05_482404_L1_left_C1,left,pick up the left block,pick up the red block,L1,red,right,left,8,postgrasp,128,144,16,1.0,0.9664429530201343,9,8,0.3,0.7,8,0.30677536129951477,0.3115011751651764,0.30677536129951477,0.3115011751651764,0.004725813865661621,0.6422327756881714,0.044940099120140076,0.18995924293994904
test,C1,7,2026_08_18_00_49_05_482404_L1_left_C1,left,pick up the left block,pick up the red block,L1,red,right,left,9,postgrasp,144,149,5,1.0,1.0,0,8,0.3,0.7,8,0.3835894465446472,0.383388489484787,0.3835894465446472,0.383388489484787,-0.0002009570598602295,0.6422335505485535,0.044936083257198334,0.18995819985866547
test,C1,7,2026_08_18_00_49_05_482404_L1_left_C1,left,pick up the left block,pick up the red block,L1,red,right,left,9,postgrasp,144,149,5,1.0,1.0,1,8,0.3,0.7,8,0.3074609339237213,0.3037186563014984,0.3074609339237213,0.3037186563014984,-0.0037422776222229004,0.6422335505485535,0.044936083257198334,0.18995819985866547
test,C1,7,2026_08_18_00_49_05_482404_L1_left_C1,left,pick up the left block,pick up the red block,L1,red,right,left,9,postgrasp,144,149,5,1.0,1.0,2,8,0.3,0.7,8,0.34624379873275757,0.34351518750190735,0.34624379873275757,0.34351518750190735,-0.0027286112308502197,0.6422335505485535,0.044936083257198334,0.18995819985866547
test,C1,7,2026_08_18_00_49_05_482404_L1_left_C1,left,pick up the left block,pick up the red block,L1,red,right,left,9,postgrasp,144,149,5,1.0,1.0,3,8,0.3,0.7,8,0.2859225571155548,0.2847649157047272,0.2859225571155548,0.2847649157047272,-0.0011576414108276367,0.6422335505485535,0.044936083257198334,0.18995819985866547
test,C1,7,2026_08_18_00_49_05_482404_L1_left_C1,left,pick up the left block,pick up the red block,L1,red,right,left,9,postgrasp,144,149,5,1.0,1.0,4,8,0.3,0.7,8,0.36559176445007324,0.36672455072402954,0.36559176445007324,0.36672455072402954,0.0011327862739562988,0.6422335505485535,0.044936083257198334,0.18995819985866547
test,C1,7,2026_08_18_00_49_05_482404_L1_left_C1,left,pick up the left block,pick up the red block,L1,red,right,left,9,postgrasp,144,149,5,1.0,1.0,5,8,0.3,0.7,8,0.35629621148109436,0.3549504280090332,0.35629621148109436,0.3549504280090332,-0.0013457834720611572,0.6422335505485535,0.044936083257198334,0.18995819985866547
test,C1,7,2026_08_18_00_49_05_482404_L1_left_C1,left,pick up the left block,pick up the red block,L1,red,right,left,9,postgrasp,144,149,5,1.0,1.0,6,8,0.3,0.7,8,0.4027401804924011,0.40044617652893066,0.4027401804924011,0.40044617652893066,-0.002294003963470459,0.6422335505485535,0.044936083257198334,0.18995819985866547
test,C1,7,2026_08_18_00_49_05_482404_L1_left_C1,left,pick up the left block,pick up the red block,L1,red,right,left,9,postgrasp,144,149,5,1.0,1.0,7,8,0.3,0.7,8,0.32001441717147827,0.31975075602531433,0.32001441717147827,0.31975075602531433,-0.00026366114616394043,0.6422335505485535,0.044936083257198334,0.18995819985866547
test,C1,7,2026_08_18_00_49_05_482404_L1_left_C1,left,pick up the left block,pick up the red block,L1,red,right,left,9,postgrasp,144,149,5,1.0,1.0,8,8,0.3,0.7,8,0.2997475564479828,0.29804718494415283,0.2997475564479828,0.29804718494415283,-0.001700371503829956,0.6422335505485535,0.044936083257198334,0.18995819985866547
test,C1,7,2026_08_18_00_49_05_482404_L1_left_C1,left,pick up the left block,pick up the red block,L1,red,right,left,9,postgrasp,144,149,5,1.0,1.0,9,8,0.3,0.7,8,0.2767789363861084,0.2714788317680359,0.2767789363861084,0.2714788317680359,-0.00530010461807251,0.6422335505485535,0.044936083257198334,0.18995819985866547
test,C2,8,2026_08_18_00_49_36_378126_L1_left_C2,left,pick up the left block,pick up the red block,L1,red,right,left,0,pregrasp,0,16,16,0.10256410256410256,0.0903954802259887,0,8,0.3,0.7,8,0.288451611995697,0.37776175141334534,0.288451611995697,0.37776175141334534,0.08931013941764832,0.36764010787010193,0.028943616896867752,0.4836997389793396
test,C2,8,2026_08_18_00_49_36_378126_L1_left_C2,left,pick up the left block,pick up the red block,L1,red,right,left,0,pregrasp,0,16,16,0.10256410256410256,0.0903954802259887,1,8,0.3,0.7,8,0.3009087145328522,0.38288289308547974,0.3009087145328522,0.38288289308547974,0.08197417855262756,0.36764010787010193,0.028943616896867752,0.4836997389793396
test,C2,8,2026_08_18_00_49_36_378126_L1_left_C2,left,pick up the left block,pick up the red block,L1,red,right,left,0,pregrasp,0,16,16,0.10256410256410256,0.0903954802259887,2,8,0.3,0.7,8,0.21423828601837158,0.2828536033630371,0.21423828601837158,0.2828536033630371,0.06861531734466553,0.36764010787010193,0.028943616896867752,0.4836997389793396
test,C2,8,2026_08_18_00_49_36_378126_L1_left_C2,left,pick up the left block,pick up the red block,L1,red,right,left,0,pregrasp,0,16,16,0.10256410256410256,0.0903954802259887,3,8,0.3,0.7,8,0.28059977293014526,0.3599923849105835,0.28059977293014526,0.3599923849105835,0.07939261198043823,0.36764010787010193,0.028943616896867752,0.4836997389793396
test,C2,8,2026_08_18_00_49_36_378126_L1_left_C2,left,pick up the left block,pick up the red block,L1,red,right,left,0,pregrasp,0,16,16,0.10256410256410256,0.0903954802259887,4,8,0.3,0.7,8,0.20762404799461365,0.2369803786277771,0.20762404799461365,0.2369803786277771,0.029356330633163452,0.36764010787010193,0.028943616896867752,0.4836997389793396
test,C2,8,2026_08_18_00_49_36_378126_L1_left_C2,left,pick up the left block,pick up the red block,L1,red,right,left,0,pregrasp,0,16,16,0.10256410256410256,0.0903954802259887,5,8,0.3,0.7,8,0.2734732925891876,0.3420940637588501,0.2734732925891876,0.3420940637588501,0.06862077116966248,0.36764010787010193,0.028943616896867752,0.4836997389793396
test,C2,8,2026_08_18_00_49_36_378126_L1_left_C2,left,pick up the left block,pick up the red block,L1,red,right,left,0,pregrasp,0,16,16,0.10256410256410256,0.0903954802259887,6,8,0.3,0.7,8,0.3350940942764282,0.38575804233551025,0.3350940942764282,0.38575804233551025,0.05066394805908203,0.36764010787010193,0.028943616896867752,0.4836997389793396
test,C2,8,2026_08_18_00_49_36_378126_L1_left_C2,left,pick up the left block,pick up the red block,L1,red,right,left,0,pregrasp,0,16,16,0.10256410256410256,0.0903954802259887,7,8,0.3,0.7,8,0.2591961920261383,0.3278042674064636,0.2591961920261383,0.3278042674064636,0.06860807538032532,0.36764010787010193,0.028943616896867752,0.4836997389793396
test,C2,8,2026_08_18_00_49_36_378126_L1_left_C2,left,pick up the left block,pick up the red block,L1,red,right,left,0,pregrasp,0,16,16,0.10256410256410256,0.0903954802259887,8,8,0.3,0.7,8,0.3070138990879059,0.4017490744590759,0.3070138990879059,0.4017490744590759,0.09473517537117004,0.36764010787010193,0.028943616896867752,0.4836997389793396
test,C2,8,2026_08_18_00_49_36_378126_L1_left_C2,left,pick up the left block,pick up the red block,L1,red,right,left,0,pregrasp,0,16,16,0.10256410256410256,0.0903954802259887,9,8,0.3,0.7,8,0.3221540153026581,0.4118722677230835,0.3221540153026581,0.4118722677230835,0.08971825242042542,0.36764010787010193,0.028943616896867752,0.4836997389793396
test,C2,8,2026_08_18_00_49_36_378126_L1_left_C2,left,pick up the left block,pick up the red block,L1,red,right,left,1,pregrasp,16,32,16,0.20512820512820512,0.1807909604519774,0,8,0.3,0.7,8,0.14970457553863525,0.22433988749980927,0.14970457553863525,0.22433988749980927,0.07463531196117401,0.3805083632469177,0.092417873442173,0.4602198004722595
test,C2,8,2026_08_18_00_49_36_378126_L1_left_C2,left,pick up the left block,pick up the red block,L1,red,right,left,1,pregrasp,16,32,16,0.20512820512820512,0.1807909604519774,1,8,0.3,0.7,8,0.23694244027137756,0.3234451115131378,0.23694244027137756,0.3234451115131378,0.08650267124176025,0.3805083632469177,0.092417873442173,0.4602198004722595
test,C2,8,2026_08_18_00_49_36_378126_L1_left_C2,left,pick up the left block,pick up the red block,L1,red,right,left,1,pregrasp,16,32,16,0.20512820512820512,0.1807909604519774,2,8,0.3,0.7,8,0.27193495631217957,0.3686287999153137,0.27193495631217957,0.3686287999153137,0.09669384360313416,0.3805083632469177,0.092417873442173,0.4602198004722595
test,C2,8,2026_08_18_00_49_36_378126_L1_left_C2,left,pick up the left block,pick up the red block,L1,red,right,left,1,pregrasp,16,32,16,0.20512820512820512,0.1807909604519774,3,8,0.3,0.7,8,0.23993387818336487,0.3055025041103363,0.23993387818336487,0.3055025041103363,0.06556862592697144,0.3805083632469177,0.092417873442173,0.4602198004722595
test,C2,8,2026_08_18_00_49_36_378126_L1_left_C2,left,pick up the left block,pick up the red block,L1,red,right,left,1,pregrasp,16,32,16,0.20512820512820512,0.1807909604519774,4,8,0.3,0.7,8,0.2049046754837036,0.2820563316345215,0.2049046754837036,0.2820563316345215,0.07715165615081787,0.3805083632469177,0.092417873442173,0.4602198004722595
test,C2,8,2026_08_18_00_49_36_378126_L1_left_C2,left,pick up the left block,pick up the red block,L1,red,right,left,1,pregrasp,16,32,16,0.20512820512820512,0.1807909604519774,5,8,0.3,0.7,8,0.21546582877635956,0.2863513231277466,0.21546582877635956,0.2863513231277466,0.07088549435138702,0.3805083632469177,0.092417873442173,0.4602198004722595
test,C2,8,2026_08_18_00_49_36_378126_L1_left_C2,left,pick up the left block,pick up the red block,L1,red,right,left,1,pregrasp,16,32,16,0.20512820512820512,0.1807909604519774,6,8,0.3,0.7,8,0.15667808055877686,0.2240283340215683,0.15667808055877686,0.2240283340215683,0.06735025346279144,0.3805083632469177,0.092417873442173,0.4602198004722595
test,C2,8,2026_08_18_00_49_36_378126_L1_left_C2,left,pick up the left block,pick up the red block,L1,red,right,left,1,pregrasp,16,32,16,0.20512820512820512,0.1807909604519774,7,8,0.3,0.7,8,0.1964280754327774,0.2954317033290863,0.1964280754327774,0.2954317033290863,0.0990036278963089,0.3805083632469177,0.092417873442173,0.4602198004722595
test,C2,8,2026_08_18_00_49_36_378126_L1_left_C2,left,pick up the left block,pick up the red block,L1,red,right,left,1,pregrasp,16,32,16,0.20512820512820512,0.1807909604519774,8,8,0.3,0.7,8,0.24756163358688354,0.3264719545841217,0.24756163358688354,0.3264719545841217,0.07891032099723816,0.3805083632469177,0.092417873442173,0.4602198004722595
test,C2,8,2026_08_18_00_49_36_378126_L1_left_C2,left,pick up the left block,pick up the red block,L1,red,right,left,1,pregrasp,16,32,16,0.20512820512820512,0.1807909604519774,9,8,0.3,0.7,8,0.2658473551273346,0.3699617385864258,0.2658473551273346,0.3699617385864258,0.10411438345909119,0.3805083632469177,0.092417873442173,0.4602198004722595
test,C2,8,2026_08_18_00_49_36_378126_L1_left_C2,left,pick up the left block,pick up the red block,L1,red,right,left,2,pregrasp,32,48,16,0.3076923076923077,0.2711864406779661,0,8,0.3,0.7,8,0.18337801098823547,0.2445906102657318,0.18337801098823547,0.2445906102657318,0.06121259927749634,0.4057500660419464,0.15086424350738525,0.43432676792144775
test,C2,8,2026_08_18_00_49_36_378126_L1_left_C2,left,pick up the left block,pick up the red block,L1,red,right,left,2,pregrasp,32,48,16,0.3076923076923077,0.2711864406779661,1,8,0.3,0.7,8,0.265018492937088,0.3370142877101898,0.265018492937088,0.3370142877101898,0.0719957947731018,0.4057500660419464,0.15086424350738525,0.43432676792144775
test,C2,8,2026_08_18_00_49_36_378126_L1_left_C2,left,pick up the left block,pick up the red block,L1,red,right,left,2,pregrasp,32,48,16,0.3076923076923077,0.2711864406779661,2,8,0.3,0.7,8,0.2716805934906006,0.32648399472236633,0.2716805934906006,0.32648399472236633,0.05480340123176575,0.4057500660419464,0.15086424350738525,0.43432676792144775
test,C2,8,2026_08_18_00_49_36_378126_L1_left_C2,left,pick up the left block,pick up the red block,L1,red,right,left,2,pregrasp,32,48,16,0.3076923076923077,0.2711864406779661,3,8,0.3,0.7,8,0.33320245146751404,0.3790607452392578,0.33320245146751404,0.3790607452392578,0.045858293771743774,0.4057500660419464,0.15086424350738525,0.43432676792144775
test,C2,8,2026_08_18_00_49_36_378126_L1_left_C2,left,pick up the left block,pick up the red block,L1,red,right,left,2,pregrasp,32,48,16,0.3076923076923077,0.2711864406779661,4,8,0.3,0.7,8,0.2278158962726593,0.30300506949424744,0.2278158962726593,0.30300506949424744,0.07518917322158813,0.4057500660419464,0.15086424350738525,0.43432676792144775
test,C2,8,2026_08_18_00_49_36_378126_L1_left_C2,left,pick up the left block,pick up the red block,L1,red,right,left,2,pregrasp,32,48,16,0.3076923076923077,0.2711864406779661,5,8,0.3,0.7,8,0.20091089606285095,0.2647324800491333,0.20091089606285095,0.2647324800491333,0.06382158398628235,0.4057500660419464,0.15086424350738525,0.43432676792144775
test,C2,8,2026_08_18_00_49_36_378126_L1_left_C2,left,pick up the left block,pick up the red block,L1,red,right,left,2,pregrasp,32,48,16,0.3076923076923077,0.2711864406779661,6,8,0.3,0.7,8,0.26198551058769226,0.3045906126499176,0.26198551058769226,0.3045906126499176,0.04260510206222534,0.4057500660419464,0.15086424350738525,0.43432676792144775
test,C2,8,2026_08_18_00_49_36_378126_L1_left_C2,left,pick up the left block,pick up the red block,L1,red,right,left,2,pregrasp,32,48,16,0.3076923076923077,0.2711864406779661,7,8,0.3,0.7,8,0.2909706234931946,0.36217159032821655,0.2909706234931946,0.36217159032821655,0.07120096683502197,0.4057500660419464,0.15086424350738525,0.43432676792144775
test,C2,8,2026_08_18_00_49_36_378126_L1_left_C2,left,pick up the left block,pick up the red block,L1,red,right,left,2,pregrasp,32,48,16,0.3076923076923077,0.2711864406779661,8,8,0.3,0.7,8,0.3252522051334381,0.3888271152973175,0.3252522051334381,0.3888271152973175,0.0635749101638794,0.4057500660419464,0.15086424350738525,0.43432676792144775
test,C2,8,2026_08_18_00_49_36_378126_L1_left_C2,left,pick up the left block,pick up the red block,L1,red,right,left,2,pregrasp,32,48,16,0.3076923076923077,0.2711864406779661,9,8,0.3,0.7,8,0.17885521054267883,0.24227729439735413,0.17885521054267883,0.24227729439735413,0.06342208385467529,0.4057500660419464,0.15086424350738525,0.43432676792144775
test,C2,8,2026_08_18_00_49_36_378126_L1_left_C2,left,pick up the left block,pick up the red block,L1,red,right,left,3,pregrasp,48,64,16,0.41025641025641024,0.3615819209039548,0,8,0.3,0.7,8,0.2672787308692932,0.2796834111213684,0.2672787308692932,0.2796834111213684,0.012404680252075195,0.44288989901542664,0.19522489607334137,0.3961678445339203
test,C2,8,2026_08_18_00_49_36_378126_L1_left_C2,left,pick up the left block,pick up the red block,L1,red,right,left,3,pregrasp,48,64,16,0.41025641025641024,0.3615819209039548,1,8,0.3,0.7,8,0.20287616550922394,0.21684101223945618,0.20287616550922394,0.21684101223945618,0.013964846730232239,0.44288989901542664,0.19522489607334137,0.3961678445339203
test,C2,8,2026_08_18_00_49_36_378126_L1_left_C2,left,pick up the left block,pick up the red block,L1,red,right,left,3,pregrasp,48,64,16,0.41025641025641024,0.3615819209039548,2,8,0.3,0.7,8,0.2508673071861267,0.2659430503845215,0.2508673071861267,0.2659430503845215,0.015075743198394775,0.44288989901542664,0.19522489607334137,0.3961678445339203
test,C2,8,2026_08_18_00_49_36_378126_L1_left_C2,left,pick up the left block,pick up the red block,L1,red,right,left,3,pregrasp,48,64,16,0.41025641025641024,0.3615819209039548,3,8,0.3,0.7,8,0.1689586341381073,0.1781170517206192,0.1689586341381073,0.1781170517206192,0.009158417582511902,0.44288989901542664,0.19522489607334137,0.3961678445339203
test,C2,8,2026_08_18_00_49_36_378126_L1_left_C2,left,pick up the left block,pick up the red block,L1,red,right,left,3,pregrasp,48,64,16,0.41025641025641024,0.3615819209039548,4,8,0.3,0.7,8,0.2393621951341629,0.263470321893692,0.2393621951341629,0.263470321893692,0.024108126759529114,0.44288989901542664,0.19522489607334137,0.3961678445339203
test,C2,8,2026_08_18_00_49_36_378126_L1_left_C2,left,pick up the left block,pick up the red block,L1,red,right,left,3,pregrasp,48,64,16,0.41025641025641024,0.3615819209039548,5,8,0.3,0.7,8,0.2935919165611267,0.30740779638290405,0.2935919165611267,0.30740779638290405,0.013815879821777344,0.44288989901542664,0.19522489607334137,0.3961678445339203
test,C2,8,2026_08_18_00_49_36_378126_L1_left_C2,left,pick up the left block,pick up the red block,L1,red,right,left,3,pregrasp,48,64,16,0.41025641025641024,0.3615819209039548,6,8,0.3,0.7,8,0.2301965057849884,0.24474075436592102,0.2301965057849884,0.24474075436592102,0.014544248580932617,0.44288989901542664,0.19522489607334137,0.3961678445339203
test,C2,8,2026_08_18_00_49_36_378126_L1_left_C2,left,pick up the left block,pick up the red block,L1,red,right,left,3,pregrasp,48,64,16,0.41025641025641024,0.3615819209039548,7,8,0.3,0.7,8,0.24850359559059143,0.2575603127479553,0.24850359559059143,0.2575603127479553,0.009056717157363892,0.44288989901542664,0.19522489607334137,0.3961678445339203
test,C2,8,2026_08_18_00_49_36_378126_L1_left_C2,left,pick up the left block,pick up the red block,L1,red,right,left,3,pregrasp,48,64,16,0.41025641025641024,0.3615819209039548,8,8,0.3,0.7,8,0.20288443565368652,0.2087908387184143,0.20288443565368652,0.2087908387184143,0.005906403064727783,0.44288989901542664,0.19522489607334137,0.3961678445339203
test,C2,8,2026_08_18_00_49_36_378126_L1_left_C2,left,pick up the left block,pick up the red block,L1,red,right,left,3,pregrasp,48,64,16,0.41025641025641024,0.3615819209039548,9,8,0.3,0.7,8,0.38402673602104187,0.40257102251052856,0.38402673602104187,0.40257102251052856,0.018544286489486694,0.44288989901542664,0.19522489607334137,0.3961678445339203
test,C2,8,2026_08_18_00_49_36_378126_L1_left_C2,left,pick up the left block,pick up the red block,L1,red,right,left,4,pregrasp,64,80,16,0.5128205128205128,0.4519774011299435,0,8,0.3,0.7,8,0.2749471068382263,0.2584114670753479,0.2749471068382263,0.2584114670753479,-0.016535639762878418,0.4886716604232788,0.20574116706848145,0.3469110131263733
test,C2,8,2026_08_18_00_49_36_378126_L1_left_C2,left,pick up the left block,pick up the red block,L1,red,right,left,4,pregrasp,64,80,16,0.5128205128205128,0.4519774011299435,1,8,0.3,0.7,8,0.33687448501586914,0.3319837749004364,0.33687448501586914,0.3319837749004364,-0.004890710115432739,0.4886716604232788,0.20574116706848145,0.3469110131263733
test,C2,8,2026_08_18_00_49_36_378126_L1_left_C2,left,pick up the left block,pick up the red block,L1,red,right,left,4,pregrasp,64,80,16,0.5128205128205128,0.4519774011299435,2,8,0.3,0.7,8,0.2637576758861542,0.2524615526199341,0.2637576758861542,0.2524615526199341,-0.011296123266220093,0.4886716604232788,0.20574116706848145,0.3469110131263733
test,C2,8,2026_08_18_00_49_36_378126_L1_left_C2,left,pick up the left block,pick up the red block,L1,red,right,left,4,pregrasp,64,80,16,0.5128205128205128,0.4519774011299435,3,8,0.3,0.7,8,0.30468830466270447,0.295866996049881,0.30468830466270447,0.295866996049881,-0.008821308612823486,0.4886716604232788,0.20574116706848145,0.3469110131263733
test,C2,8,2026_08_18_00_49_36_378126_L1_left_C2,left,pick up the left block,pick up the red block,L1,red,right,left,4,pregrasp,64,80,16,0.5128205128205128,0.4519774011299435,4,8,0.3,0.7,8,0.2521756887435913,0.23481932282447815,0.2521756887435913,0.23481932282447815,-0.01735636591911316,0.4886716604232788,0.20574116706848145,0.3469110131263733
test,C2,8,2026_08_18_00_49_36_378126_L1_left_C2,left,pick up the left block,pick up the red block,L1,red,right,left,4,pregrasp,64,80,16,0.5128205128205128,0.4519774011299435,5,8,0.3,0.7,8,0.35244250297546387,0.3470209240913391,0.35244250297546387,0.3470209240913391,-0.005421578884124756,0.4886716604232788,0.20574116706848145,0.3469110131263733
test,C2,8,2026_08_18_00_49_36_378126_L1_left_C2,left,pick up the left block,pick up the red block,L1,red,right,left,4,pregrasp,64,80,16,0.5128205128205128,0.4519774011299435,6,8,0.3,0.7,8,0.20056578516960144,0.19388650357723236,0.20056578516960144,0.19388650357723236,-0.00667928159236908,0.4886716604232788,0.20574116706848145,0.3469110131263733
test,C2,8,2026_08_18_00_49_36_378126_L1_left_C2,left,pick up the left block,pick up the red block,L1,red,right,left,4,pregrasp,64,80,16,0.5128205128205128,0.4519774011299435,7,8,0.3,0.7,8,0.32467079162597656,0.30003663897514343,0.32467079162597656,0.30003663897514343,-0.02463415265083313,0.4886716604232788,0.20574116706848145,0.3469110131263733
test,C2,8,2026_08_18_00_49_36_378126_L1_left_C2,left,pick up the left block,pick up the red block,L1,red,right,left,4,pregrasp,64,80,16,0.5128205128205128,0.4519774011299435,8,8,0.3,0.7,8,0.3422117233276367,0.334242582321167,0.3422117233276367,0.334242582321167,-0.007969141006469727,0.4886716604232788,0.20574116706848145,0.3469110131263733
test,C2,8,2026_08_18_00_49_36_378126_L1_left_C2,left,pick up the left block,pick up the red block,L1,red,right,left,4,pregrasp,64,80,16,0.5128205128205128,0.4519774011299435,9,8,0.3,0.7,8,0.2968309223651886,0.2940419912338257,0.2968309223651886,0.2940419912338257,-0.002788931131362915,0.4886716604232788,0.20574116706848145,0.3469110131263733
test,C2,8,2026_08_18_00_49_36_378126_L1_left_C2,left,pick up the left block,pick up the red block,L1,red,right,left,5,pregrasp,80,96,16,0.6153846153846154,0.5423728813559322,0,8,0.3,0.7,8,0.3662380874156952,0.34839239716529846,0.3662380874156952,0.34839239716529846,-0.01784569025039673,0.532691240310669,0.18066371977329254,0.3011900782585144
test,C2,8,2026_08_18_00_49_36_378126_L1_left_C2,left,pick up the left block,pick up the red block,L1,red,right,left,5,pregrasp,80,96,16,0.6153846153846154,0.5423728813559322,1,8,0.3,0.7,8,0.2926662266254425,0.26893049478530884,0.2926662266254425,0.26893049478530884,-0.023735731840133667,0.532691240310669,0.18066371977329254,0.3011900782585144
test,C2,8,2026_08_18_00_49_36_378126_L1_left_C2,left,pick up the left block,pick up the red block,L1,red,right,left,5,pregrasp,80,96,16,0.6153846153846154,0.5423728813559322,2,8,0.3,0.7,8,0.27299031615257263,0.24375544488430023,0.27299031615257263,0.24375544488430023,-0.0292348712682724,0.532691240310669,0.18066371977329254,0.3011900782585144
test,C2,8,2026_08_18_00_49_36_378126_L1_left_C2,left,pick up the left block,pick up the red block,L1,red,right,left,5,pregrasp,80,96,16,0.6153846153846154,0.5423728813559322,3,8,0.3,0.7,8,0.24566441774368286,0.20925147831439972,0.24566441774368286,0.20925147831439972,-0.03641293942928314,0.532691240310669,0.18066371977329254,0.3011900782585144
test,C2,8,2026_08_18_00_49_36_378126_L1_left_C2,left,pick up the left block,pick up the red block,L1,red,right,left,5,pregrasp,80,96,16,0.6153846153846154,0.5423728813559322,4,8,0.3,0.7,8,0.24269424378871918,0.20872469246387482,0.24269424378871918,0.20872469246387482,-0.03396955132484436,0.532691240310669,0.18066371977329254,0.3011900782585144
test,C2,8,2026_08_18_00_49_36_378126_L1_left_C2,left,pick up the left block,pick up the red block,L1,red,right,left,5,pregrasp,80,96,16,0.6153846153846154,0.5423728813559322,5,8,0.3,0.7,8,0.31894147396087646,0.29736968874931335,0.31894147396087646,0.29736968874931335,-0.02157178521156311,0.532691240310669,0.18066371977329254,0.3011900782585144
test,C2,8,2026_08_18_00_49_36_378126_L1_left_C2,left,pick up the left block,pick up the red block,L1,red,right,left,5,pregrasp,80,96,16,0.6153846153846154,0.5423728813559322,6,8,0.3,0.7,8,0.22556686401367188,0.1956070363521576,0.22556686401367188,0.1956070363521576,-0.029959827661514282,0.532691240310669,0.18066371977329254,0.3011900782585144
test,C2,8,2026_08_18_00_49_36_378126_L1_left_C2,left,pick up the left block,pick up the red block,L1,red,right,left,5,pregrasp,80,96,16,0.6153846153846154,0.5423728813559322,7,8,0.3,0.7,8,0.32737231254577637,0.2993476390838623,0.32737231254577637,0.2993476390838623,-0.028024673461914062,0.532691240310669,0.18066371977329254,0.3011900782585144
test,C2,8,2026_08_18_00_49_36_378126_L1_left_C2,left,pick up the left block,pick up the red block,L1,red,right,left,5,pregrasp,80,96,16,0.6153846153846154,0.5423728813559322,8,8,0.3,0.7,8,0.256211519241333,0.23087570071220398,0.256211519241333,0.23087570071220398,-0.02533581852912903,0.532691240310669,0.18066371977329254,0.3011900782585144
test,C2,8,2026_08_18_00_49_36_378126_L1_left_C2,left,pick up the left block,pick up the red block,L1,red,right,left,5,pregrasp,80,96,16,0.6153846153846154,0.5423728813559322,9,8,0.3,0.7,8,0.17522427439689636,0.1483776569366455,0.17522427439689636,0.1483776569366455,-0.026846617460250854,0.532691240310669,0.18066371977329254,0.3011900782585144
test,C2,8,2026_08_18_00_49_36_378126_L1_left_C2,left,pick up the left block,pick up the red block,L1,red,right,left,6,pregrasp,96,112,16,0.717948717948718,0.632768361581921,0,8,0.3,0.7,8,0.25410473346710205,0.24470582604408264,0.25410473346710205,0.24470582604408264,-0.00939890742301941,0.5720626711845398,0.13909949362277985,0.2613275647163391
test,C2,8,2026_08_18_00_49_36_378126_L1_left_C2,left,pick up the left block,pick up the red block,L1,red,right,left,6,pregrasp,96,112,16,0.717948717948718,0.632768361581921,1,8,0.3,0.7,8,0.2478305697441101,0.24439282715320587,0.2478305697441101,0.24439282715320587,-0.003437742590904236,0.5720626711845398,0.13909949362277985,0.2613275647163391
test,C2,8,2026_08_18_00_49_36_378126_L1_left_C2,left,pick up the left block,pick up the red block,L1,red,right,left,6,pregrasp,96,112,16,0.717948717948718,0.632768361581921,2,8,0.3,0.7,8,0.2569037675857544,0.24949418008327484,0.2569037675857544,0.24949418008327484,-0.007409587502479553,0.5720626711845398,0.13909949362277985,0.2613275647163391
test,C2,8,2026_08_18_00_49_36_378126_L1_left_C2,left,pick up the left block,pick up the red block,L1,red,right,left,6,pregrasp,96,112,16,0.717948717948718,0.632768361581921,3,8,0.3,0.7,8,0.2031383216381073,0.19865009188652039,0.2031383216381073,0.19865009188652039,-0.004488229751586914,0.5720626711845398,0.13909949362277985,0.2613275647163391
test,C2,8,2026_08_18_00_49_36_378126_L1_left_C2,left,pick up the left block,pick up the red block,L1,red,right,left,6,pregrasp,96,112,16,0.717948717948718,0.632768361581921,4,8,0.3,0.7,8,0.2588539719581604,0.25539523363113403,0.2588539719581604,0.25539523363113403,-0.003458738327026367,0.5720626711845398,0.13909949362277985,0.2613275647163391
test,C2,8,2026_08_18_00_49_36_378126_L1_left_C2,left,pick up the left block,pick up the red block,L1,red,right,left,6,pregrasp,96,112,16,0.717948717948718,0.632768361581921,5,8,0.3,0.7,8,0.3105103075504303,0.3041734993457794,0.3105103075504303,0.3041734993457794,-0.006336808204650879,0.5720626711845398,0.13909949362277985,0.2613275647163391
test,C2,8,2026_08_18_00_49_36_378126_L1_left_C2,left,pick up the left block,pick up the red block,L1,red,right,left,6,pregrasp,96,112,16,0.717948717948718,0.632768361581921,6,8,0.3,0.7,8,0.25455546379089355,0.25020089745521545,0.25455546379089355,0.25020089745521545,-0.004354566335678101,0.5720626711845398,0.13909949362277985,0.2613275647163391
test,C2,8,2026_08_18_00_49_36_378126_L1_left_C2,left,pick up the left block,pick up the red block,L1,red,right,left,6,pregrasp,96,112,16,0.717948717948718,0.632768361581921,7,8,0.3,0.7,8,0.18369419872760773,0.1817939728498459,0.18369419872760773,0.1817939728498459,-0.0019002258777618408,0.5720626711845398,0.13909949362277985,0.2613275647163391
test,C2,8,2026_08_18_00_49_36_378126_L1_left_C2,left,pick up the left block,pick up the red block,L1,red,right,left,6,pregrasp,96,112,16,0.717948717948718,0.632768361581921,8,8,0.3,0.7,8,0.2661406397819519,0.26129230856895447,0.2661406397819519,0.26129230856895447,-0.0048483312129974365,0.5720626711845398,0.13909949362277985,0.2613275647163391
test,C2,8,2026_08_18_00_49_36_378126_L1_left_C2,left,pick up the left block,pick up the red block,L1,red,right,left,6,pregrasp,96,112,16,0.717948717948718,0.632768361581921,9,8,0.3,0.7,8,0.1822057068347931,0.17894768714904785,0.1822057068347931,0.17894768714904785,-0.0032580196857452393,0.5720626711845398,0.13909949362277985,0.2613275647163391
test,C2,8,2026_08_18_00_49_36_378126_L1_left_C2,left,pick up the left block,pick up the red block,L1,red,right,left,7,pregrasp,112,128,16,0.8205128205128205,0.7231638418079096,0,8,0.3,0.7,8,0.29876708984375,0.302376925945282,0.29876708984375,0.302376925945282,0.0036098361015319824,0.6079145073890686,0.09179355949163437,0.22480329871177673
test,C2,8,2026_08_18_00_49_36_378126_L1_left_C2,left,pick up the left block,pick up the red block,L1,red,right,left,7,pregrasp,112,128,16,0.8205128205128205,0.7231638418079096,1,8,0.3,0.7,8,0.3285837769508362,0.3281537592411041,0.3285837769508362,0.3281537592411041,-0.00043001770973205566,0.6079145073890686,0.09179355949163437,0.22480329871177673
test,C2,8,2026_08_18_00_49_36_378126_L1_left_C2,left,pick up the left block,pick up the red block,L1,red,right,left,7,pregrasp,112,128,16,0.8205128205128205,0.7231638418079096,2,8,0.3,0.7,8,0.3438161015510559,0.34782421588897705,0.3438161015510559,0.34782421588897705,0.004008114337921143,0.6079145073890686,0.09179355949163437,0.22480329871177673
test,C2,8,2026_08_18_00_49_36_378126_L1_left_C2,left,pick up the left block,pick up the red block,L1,red,right,left,7,pregrasp,112,128,16,0.8205128205128205,0.7231638418079096,3,8,0.3,0.7,8,0.26804450154304504,0.27191826701164246,0.26804450154304504,0.27191826701164246,0.003873765468597412,0.6079145073890686,0.09179355949163437,0.22480329871177673
test,C2,8,2026_08_18_00_49_36_378126_L1_left_C2,left,pick up the left block,pick up the red block,L1,red,right,left,7,pregrasp,112,128,16,0.8205128205128205,0.7231638418079096,4,8,0.3,0.7,8,0.3085857927799225,0.314430832862854,0.3085857927799225,0.314430832862854,0.0058450400829315186,0.6079145073890686,0.09179355949163437,0.22480329871177673
test,C2,8,2026_08_18_00_49_36_378126_L1_left_C2,left,pick up the left block,pick up the red block,L1,red,right,left,7,pregrasp,112,128,16,0.8205128205128205,0.7231638418079096,5,8,0.3,0.7,8,0.39696428179740906,0.3987204134464264,0.39696428179740906,0.3987204134464264,0.001756131649017334,0.6079145073890686,0.09179355949163437,0.22480329871177673
test,C2,8,2026_08_18_00_49_36_378126_L1_left_C2,left,pick up the left block,pick up the red block,L1,red,right,left,7,pregrasp,112,128,16,0.8205128205128205,0.7231638418079096,6,8,0.3,0.7,8,0.27287498116493225,0.27859067916870117,0.27287498116493225,0.27859067916870117,0.005715698003768921,0.6079145073890686,0.09179355949163437,0.22480329871177673
test,C2,8,2026_08_18_00_49_36_378126_L1_left_C2,left,pick up the left block,pick up the red block,L1,red,right,left,7,pregrasp,112,128,16,0.8205128205128205,0.7231638418079096,7,8,0.3,0.7,8,0.3126184344291687,0.3167615532875061,0.3126184344291687,0.3167615532875061,0.004143118858337402,0.6079145073890686,0.09179355949163437,0.22480329871177673
test,C2,8,2026_08_18_00_49_36_378126_L1_left_C2,left,pick up the left block,pick up the red block,L1,red,right,left,7,pregrasp,112,128,16,0.8205128205128205,0.7231638418079096,8,8,0.3,0.7,8,0.22472770512104034,0.22728365659713745,0.22472770512104034,0.22728365659713745,0.002555951476097107,0.6079145073890686,0.09179355949163437,0.22480329871177673
test,C2,8,2026_08_18_00_49_36_378126_L1_left_C2,left,pick up the left block,pick up the red block,L1,red,right,left,7,pregrasp,112,128,16,0.8205128205128205,0.7231638418079096,9,8,0.3,0.7,8,0.35673853754997253,0.35856857895851135,0.35673853754997253,0.35856857895851135,0.0018300414085388184,0.6079145073890686,0.09179355949163437,0.22480329871177673
test,C2,8,2026_08_18_00_49_36_378126_L1_left_C2,left,pick up the left block,pick up the red block,L1,red,right,left,8,pregrasp,128,144,16,0.9230769230769231,0.8135593220338984,0,8,0.3,0.7,8,0.4428830146789551,0.4293428659439087,0.4428830146789551,0.4293428659439087,-0.013540148735046387,0.6397051811218262,0.04648291692137718,0.19202855229377747
test,C2,8,2026_08_18_00_49_36_378126_L1_left_C2,left,pick up the left block,pick up the red block,L1,red,right,left,8,pregrasp,128,144,16,0.9230769230769231,0.8135593220338984,1,8,0.3,0.7,8,0.3935840129852295,0.38506990671157837,0.3935840129852295,0.38506990671157837,-0.008514106273651123,0.6397051811218262,0.04648291692137718,0.19202855229377747
test,C2,8,2026_08_18_00_49_36_378126_L1_left_C2,left,pick up the left block,pick up the red block,L1,red,right,left,8,pregrasp,128,144,16,0.9230769230769231,0.8135593220338984,2,8,0.3,0.7,8,0.3999714255332947,0.389556884765625,0.3999714255332947,0.389556884765625,-0.010414540767669678,0.6397051811218262,0.04648291692137718,0.19202855229377747
test,C2,8,2026_08_18_00_49_36_378126_L1_left_C2,left,pick up the left block,pick up the red block,L1,red,right,left,8,pregrasp,128,144,16,0.9230769230769231,0.8135593220338984,3,8,0.3,0.7,8,0.3730505406856537,0.36543354392051697,0.3730505406856537,0.36543354392051697,-0.007616996765136719,0.6397051811218262,0.04648291692137718,0.19202855229377747
test,C2,8,2026_08_18_00_49_36_378126_L1_left_C2,left,pick up the left block,pick up the red block,L1,red,right,left,8,pregrasp,128,144,16,0.9230769230769231,0.8135593220338984,4,8,0.3,0.7,8,0.3698219954967499,0.3605073392391205,0.3698219954967499,0.3605073392391205,-0.009314656257629395,0.6397051811218262,0.04648291692137718,0.19202855229377747
test,C2,8,2026_08_18_00_49_36_378126_L1_left_C2,left,pick up the left block,pick up the red block,L1,red,right,left,8,pregrasp,128,144,16,0.9230769230769231,0.8135593220338984,5,8,0.3,0.7,8,0.45110806822776794,0.43566352128982544,0.45110806822776794,0.43566352128982544,-0.015444546937942505,0.6397051811218262,0.04648291692137718,0.19202855229377747
test,C2,8,2026_08_18_00_49_36_378126_L1_left_C2,left,pick up the left block,pick up the red block,L1,red,right,left,8,pregrasp,128,144,16,0.9230769230769231,0.8135593220338984,6,8,0.3,0.7,8,0.34721463918685913,0.3395368456840515,0.34721463918685913,0.3395368456840515,-0.007677793502807617,0.6397051811218262,0.04648291692137718,0.19202855229377747
test,C2,8,2026_08_18_00_49_36_378126_L1_left_C2,left,pick up the left block,pick up the red block,L1,red,right,left,8,pregrasp,128,144,16,0.9230769230769231,0.8135593220338984,7,8,0.3,0.7,8,0.28263723850250244,0.2815660834312439,0.28263723850250244,0.2815660834312439,-0.001071155071258545,0.6397051811218262,0.04648291692137718,0.19202855229377747
test,C2,8,2026_08_18_00_49_36_378126_L1_left_C2,left,pick up the left block,pick up the red block,L1,red,right,left,8,pregrasp,128,144,16,0.9230769230769231,0.8135593220338984,8,8,0.3,0.7,8,0.3606172502040863,0.35400882363319397,0.3606172502040863,0.35400882363319397,-0.006608426570892334,0.6397051811218262,0.04648291692137718,0.19202855229377747
test,C2,8,2026_08_18_00_49_36_378126_L1_left_C2,left,pick up the left block,pick up the red block,L1,red,right,left,8,pregrasp,128,144,16,0.9230769230769231,0.8135593220338984,9,8,0.3,0.7,8,0.43628644943237305,0.42040207982063293,0.43628644943237305,0.42040207982063293,-0.015884369611740112,0.6397051811218262,0.04648291692137718,0.19202855229377747
test,C2,8,2026_08_18_00_49_36_378126_L1_left_C2,left,pick up the left block,pick up the red block,L1,red,right,left,9,pregrasp,144,156,12,1.0,0.8813559322033898,0,8,0.3,0.7,8,0.2688520848751068,0.27635458111763,0.2688520848751068,0.27635458111763,0.007502496242523193,0.6414268016815186,0.045219603925943375,0.19022321701049805
test,C2,8,2026_08_18_00_49_36_378126_L1_left_C2,left,pick up the left block,pick up the red block,L1,red,right,left,9,pregrasp,144,156,12,1.0,0.8813559322033898,1,8,0.3,0.7,8,0.23359258472919464,0.23744255304336548,0.23359258472919464,0.23744255304336548,0.0038499683141708374,0.6414268016815186,0.045219603925943375,0.19022321701049805
test,C2,8,2026_08_18_00_49_36_378126_L1_left_C2,left,pick up the left block,pick up the red block,L1,red,right,left,9,pregrasp,144,156,12,1.0,0.8813559322033898,2,8,0.3,0.7,8,0.35870856046676636,0.36059340834617615,0.35870856046676636,0.36059340834617615,0.00188484787940979,0.6414268016815186,0.045219603925943375,0.19022321701049805
test,C2,8,2026_08_18_00_49_36_378126_L1_left_C2,left,pick up the left block,pick up the red block,L1,red,right,left,9,pregrasp,144,156,12,1.0,0.8813559322033898,3,8,0.3,0.7,8,0.2073407620191574,0.21484816074371338,0.2073407620191574,0.21484816074371338,0.007507398724555969,0.6414268016815186,0.045219603925943375,0.19022321701049805
test,C2,8,2026_08_18_00_49_36_378126_L1_left_C2,left,pick up the left block,pick up the red block,L1,red,right,left,9,pregrasp,144,156,12,1.0,0.8813559322033898,4,8,0.3,0.7,8,0.32065367698669434,0.3247441053390503,0.32065367698669434,0.3247441053390503,0.004090428352355957,0.6414268016815186,0.045219603925943375,0.19022321701049805
test,C2,8,2026_08_18_00_49_36_378126_L1_left_C2,left,pick up the left block,pick up the red block,L1,red,right,left,9,pregrasp,144,156,12,1.0,0.8813559322033898,5,8,0.3,0.7,8,0.1987268030643463,0.20341679453849792,0.1987268030643463,0.20341679453849792,0.004689991474151611,0.6414268016815186,0.045219603925943375,0.19022321701049805
test,C2,8,2026_08_18_00_49_36_378126_L1_left_C2,left,pick up the left block,pick up the red block,L1,red,right,left,9,pregrasp,144,156,12,1.0,0.8813559322033898,6,8,0.3,0.7,8,0.21638479828834534,0.22245557606220245,0.21638479828834534,0.22245557606220245,0.006070777773857117,0.6414268016815186,0.045219603925943375,0.19022321701049805
test,C2,8,2026_08_18_00_49_36_378126_L1_left_C2,left,pick up the left block,pick up the red block,L1,red,right,left,9,pregrasp,144,156,12,1.0,0.8813559322033898,7,8,0.3,0.7,8,0.2588043808937073,0.2665838599205017,0.2588043808937073,0.2665838599205017,0.007779479026794434,0.6414268016815186,0.045219603925943375,0.19022321701049805
test,C2,8,2026_08_18_00_49_36_378126_L1_left_C2,left,pick up the left block,pick up the red block,L1,red,right,left,9,pregrasp,144,156,12,1.0,0.8813559322033898,8,8,0.3,0.7,8,0.19404228031635284,0.20312553644180298,0.19404228031635284,0.20312553644180298,0.009083256125450134,0.6414268016815186,0.045219603925943375,0.19022321701049805
test,C2,8,2026_08_18_00_49_36_378126_L1_left_C2,left,pick up the left block,pick up the red block,L1,red,right,left,9,pregrasp,144,156,12,1.0,0.8813559322033898,9,8,0.3,0.7,8,0.2374756783246994,0.24484823644161224,0.2374756783246994,0.24484823644161224,0.007372558116912842,0.6414268016815186,0.045219603925943375,0.19022321701049805
test,C2,8,2026_08_18_00_49_36_378126_L1_left_C2,left,pick up the left block,pick up the red block,L1,red,right,left,10,postgrasp,156,172,16,1.0,0.9717514124293786,0,8,0.3,0.7,8,0.3122062385082245,0.3059658706188202,0.3122062385082245,0.3059658706188202,-0.006240367889404297,0.641834020614624,0.04516230896115303,0.19066476821899414
test,C2,8,2026_08_18_00_49_36_378126_L1_left_C2,left,pick up the left block,pick up the red block,L1,red,right,left,10,postgrasp,156,172,16,1.0,0.9717514124293786,1,8,0.3,0.7,8,0.32886675000190735,0.3282856047153473,0.32886675000190735,0.3282856047153473,-0.0005811452865600586,0.641834020614624,0.04516230896115303,0.19066476821899414
test,C2,8,2026_08_18_00_49_36_378126_L1_left_C2,left,pick up the left block,pick up the red block,L1,red,right,left,10,postgrasp,156,172,16,1.0,0.9717514124293786,2,8,0.3,0.7,8,0.3391340374946594,0.3364986181259155,0.3391340374946594,0.3364986181259155,-0.0026354193687438965,0.641834020614624,0.04516230896115303,0.19066476821899414
test,C2,8,2026_08_18_00_49_36_378126_L1_left_C2,left,pick up the left block,pick up the red block,L1,red,right,left,10,postgrasp,156,172,16,1.0,0.9717514124293786,3,8,0.3,0.7,8,0.3143823444843292,0.3119843006134033,0.3143823444843292,0.3119843006134033,-0.0023980438709259033,0.641834020614624,0.04516230896115303,0.19066476821899414
test,C2,8,2026_08_18_00_49_36_378126_L1_left_C2,left,pick up the left block,pick up the red block,L1,red,right,left,10,postgrasp,156,172,16,1.0,0.9717514124293786,4,8,0.3,0.7,8,0.3209852874279022,0.3186960220336914,0.3209852874279022,0.3186960220336914,-0.0022892653942108154,0.641834020614624,0.04516230896115303,0.19066476821899414
test,C2,8,2026_08_18_00_49_36_378126_L1_left_C2,left,pick up the left block,pick up the red block,L1,red,right,left,10,postgrasp,156,172,16,1.0,0.9717514124293786,5,8,0.3,0.7,8,0.3836558163166046,0.3814384341239929,0.3836558163166046,0.3814384341239929,-0.0022173821926116943,0.641834020614624,0.04516230896115303,0.19066476821899414
test,C2,8,2026_08_18_00_49_36_378126_L1_left_C2,left,pick up the left block,pick up the red block,L1,red,right,left,10,postgrasp,156,172,16,1.0,0.9717514124293786,6,8,0.3,0.7,8,0.29576119780540466,0.2966863214969635,0.29576119780540466,0.2966863214969635,0.0009251236915588379,0.641834020614624,0.04516230896115303,0.19066476821899414
test,C2,8,2026_08_18_00_49_36_378126_L1_left_C2,left,pick up the left block,pick up the red block,L1,red,right,left,10,postgrasp,156,172,16,1.0,0.9717514124293786,7,8,0.3,0.7,8,0.2951095402240753,0.2953699231147766,0.2951095402240753,0.2953699231147766,0.00026038289070129395,0.641834020614624,0.04516230896115303,0.19066476821899414
test,C2,8,2026_08_18_00_49_36_378126_L1_left_C2,left,pick up the left block,pick up the red block,L1,red,right,left,10,postgrasp,156,172,16,1.0,0.9717514124293786,8,8,0.3,0.7,8,0.3401366174221039,0.33909910917282104,0.3401366174221039,0.33909910917282104,-0.001037508249282837,0.641834020614624,0.04516230896115303,0.19066476821899414
test,C2,8,2026_08_18_00_49_36_378126_L1_left_C2,left,pick up the left block,pick up the red block,L1,red,right,left,10,postgrasp,156,172,16,1.0,0.9717514124293786,9,8,0.3,0.7,8,0.4288996160030365,0.4216885566711426,0.4288996160030365,0.4216885566711426,-0.007211059331893921,0.641834020614624,0.04516230896115303,0.19066476821899414
test,C2,8,2026_08_18_00_49_36_378126_L1_left_C2,left,pick up the left block,pick up the red block,L1,red,right,left,11,postgrasp,172,177,5,1.0,1.0,0,8,0.3,0.7,8,0.42073675990104675,0.42443370819091797,0.42073675990104675,0.42443370819091797,0.003696948289871216,0.6418346166610718,0.045163847506046295,0.19066457450389862
test,C2,8,2026_08_18_00_49_36_378126_L1_left_C2,left,pick up the left block,pick up the red block,L1,red,right,left,11,postgrasp,172,177,5,1.0,1.0,1,8,0.3,0.7,8,0.4439089298248291,0.4446814954280853,0.4439089298248291,0.4446814954280853,0.0007725656032562256,0.6418346166610718,0.045163847506046295,0.19066457450389862
test,C2,8,2026_08_18_00_49_36_378126_L1_left_C2,left,pick up the left block,pick up the red block,L1,red,right,left,11,postgrasp,172,177,5,1.0,1.0,2,8,0.3,0.7,8,0.36927562952041626,0.37174224853515625,0.36927562952041626,0.37174224853515625,0.0024666190147399902,0.6418346166610718,0.045163847506046295,0.19066457450389862
test,C2,8,2026_08_18_00_49_36_378126_L1_left_C2,left,pick up the left block,pick up the red block,L1,red,right,left,11,postgrasp,172,177,5,1.0,1.0,3,8,0.3,0.7,8,0.3222436010837555,0.32684677839279175,0.3222436010837555,0.32684677839279175,0.004603177309036255,0.6418346166610718,0.045163847506046295,0.19066457450389862
test,C2,8,2026_08_18_00_49_36_378126_L1_left_C2,left,pick up the left block,pick up the red block,L1,red,right,left,11,postgrasp,172,177,5,1.0,1.0,4,8,0.3,0.7,8,0.39948421716690063,0.4000542461872101,0.39948421716690063,0.4000542461872101,0.0005700290203094482,0.6418346166610718,0.045163847506046295,0.19066457450389862
test,C2,8,2026_08_18_00_49_36_378126_L1_left_C2,left,pick up the left block,pick up the red block,L1,red,right,left,11,postgrasp,172,177,5,1.0,1.0,5,8,0.3,0.7,8,0.3726594150066376,0.3761516213417053,0.3726594150066376,0.3761516213417053,0.003492206335067749,0.6418346166610718,0.045163847506046295,0.19066457450389862
test,C2,8,2026_08_18_00_49_36_378126_L1_left_C2,left,pick up the left block,pick up the red block,L1,red,right,left,11,postgrasp,172,177,5,1.0,1.0,6,8,0.3,0.7,8,0.4371855854988098,0.4387049078941345,0.4371855854988098,0.4387049078941345,0.001519322395324707,0.6418346166610718,0.045163847506046295,0.19066457450389862
test,C2,8,2026_08_18_00_49_36_378126_L1_left_C2,left,pick up the left block,pick up the red block,L1,red,right,left,11,postgrasp,172,177,5,1.0,1.0,7,8,0.3,0.7,8,0.36911332607269287,0.3655797243118286,0.36911332607269287,0.3655797243118286,-0.003533601760864258,0.6418346166610718,0.045163847506046295,0.19066457450389862
test,C2,8,2026_08_18_00_49_36_378126_L1_left_C2,left,pick up the left block,pick up the red block,L1,red,right,left,11,postgrasp,172,177,5,1.0,1.0,8,8,0.3,0.7,8,0.3365420401096344,0.3401845097541809,0.3365420401096344,0.3401845097541809,0.003642469644546509,0.6418346166610718,0.045163847506046295,0.19066457450389862
test,C2,8,2026_08_18_00_49_36_378126_L1_left_C2,left,pick up the left block,pick up the red block,L1,red,right,left,11,postgrasp,172,177,5,1.0,1.0,9,8,0.3,0.7,8,0.35579848289489746,0.3569375276565552,0.35579848289489746,0.3569375276565552,0.0011390447616577148,0.6418346166610718,0.045163847506046295,0.19066457450389862
test,C0,9,2026_08_18_00_50_22_202653_L1_right_C0,right,pick up the right block,pick up the blue block,L1,blue,right,left,0,pregrasp,0,16,16,0.13793103448275862,0.11678832116788321,0,8,0.3,0.7,8,0.34699535369873047,0.3238026201725006,0.3238026201725006,0.34699535369873047,0.02319273352622986,0.3815431296825409,0.0024544214829802513,0.46649065613746643
test,C0,9,2026_08_18_00_50_22_202653_L1_right_C0,right,pick up the right block,pick up the blue block,L1,blue,right,left,0,pregrasp,0,16,16,0.13793103448275862,0.11678832116788321,1,8,0.3,0.7,8,0.4007156491279602,0.3474969267845154,0.3474969267845154,0.4007156491279602,0.053218722343444824,0.3815431296825409,0.0024544214829802513,0.46649065613746643
test,C0,9,2026_08_18_00_50_22_202653_L1_right_C0,right,pick up the right block,pick up the blue block,L1,blue,right,left,0,pregrasp,0,16,16,0.13793103448275862,0.11678832116788321,2,8,0.3,0.7,8,0.340596079826355,0.30649569630622864,0.30649569630622864,0.340596079826355,0.03410038352012634,0.3815431296825409,0.0024544214829802513,0.46649065613746643
test,C0,9,2026_08_18_00_50_22_202653_L1_right_C0,right,pick up the right block,pick up the blue block,L1,blue,right,left,0,pregrasp,0,16,16,0.13793103448275862,0.11678832116788321,3,8,0.3,0.7,8,0.37519875168800354,0.3632063865661621,0.3632063865661621,0.37519875168800354,0.01199236512184143,0.3815431296825409,0.0024544214829802513,0.46649065613746643
test,C0,9,2026_08_18_00_50_22_202653_L1_right_C0,right,pick up the right block,pick up the blue block,L1,blue,right,left,0,pregrasp,0,16,16,0.13793103448275862,0.11678832116788321,4,8,0.3,0.7,8,0.3204014003276825,0.2444528192281723,0.2444528192281723,0.3204014003276825,0.07594858109951019,0.3815431296825409,0.0024544214829802513,0.46649065613746643
test,C0,9,2026_08_18_00_50_22_202653_L1_right_C0,right,pick up the right block,pick up the blue block,L1,blue,right,left,0,pregrasp,0,16,16,0.13793103448275862,0.11678832116788321,5,8,0.3,0.7,8,0.3687259256839752,0.41951945424079895,0.41951945424079895,0.3687259256839752,-0.05079352855682373,0.3815431296825409,0.0024544214829802513,0.46649065613746643
test,C0,9,2026_08_18_00_50_22_202653_L1_right_C0,right,pick up the right block,pick up the blue block,L1,blue,right,left,0,pregrasp,0,16,16,0.13793103448275862,0.11678832116788321,6,8,0.3,0.7,8,0.3734140694141388,0.308722585439682,0.308722585439682,0.3734140694141388,0.06469148397445679,0.3815431296825409,0.0024544214829802513,0.46649065613746643
test,C0,9,2026_08_18_00_50_22_202653_L1_right_C0,right,pick up the right block,pick up the blue block,L1,blue,right,left,0,pregrasp,0,16,16,0.13793103448275862,0.11678832116788321,7,8,0.3,0.7,8,0.2956007122993469,0.282343327999115,0.282343327999115,0.2956007122993469,0.013257384300231934,0.3815431296825409,0.0024544214829802513,0.46649065613746643
test,C0,9,2026_08_18_00_50_22_202653_L1_right_C0,right,pick up the right block,pick up the blue block,L1,blue,right,left,0,pregrasp,0,16,16,0.13793103448275862,0.11678832116788321,8,8,0.3,0.7,8,0.3911168873310089,0.32177653908729553,0.32177653908729553,0.3911168873310089,0.06934034824371338,0.3815431296825409,0.0024544214829802513,0.46649065613746643
test,C0,9,2026_08_18_00_50_22_202653_L1_right_C0,right,pick up the right block,pick up the blue block,L1,blue,right,left,0,pregrasp,0,16,16,0.13793103448275862,0.11678832116788321,9,8,0.3,0.7,8,0.4068908095359802,0.323679119348526,0.323679119348526,0.4068908095359802,0.08321169018745422,0.3815431296825409,0.0024544214829802513,0.46649065613746643
test,C0,9,2026_08_18_00_50_22_202653_L1_right_C0,right,pick up the right block,pick up the blue block,L1,blue,right,left,1,pregrasp,16,32,16,0.27586206896551724,0.23357664233576642,0,8,0.3,0.7,8,0.21591900289058685,0.2541082203388214,0.2541082203388214,0.21591900289058685,-0.03818921744823456,0.4242618978023529,-0.005617888178676367,0.41255897283554077
test,C0,9,2026_08_18_00_50_22_202653_L1_right_C0,right,pick up the right block,pick up the blue block,L1,blue,right,left,1,pregrasp,16,32,16,0.27586206896551724,0.23357664233576642,1,8,0.3,0.7,8,0.17585395276546478,0.21615193784236908,0.21615193784236908,0.17585395276546478,-0.0402979850769043,0.4242618978023529,-0.005617888178676367,0.41255897283554077
test,C0,9,2026_08_18_00_50_22_202653_L1_right_C0,right,pick up the right block,pick up the blue block,L1,blue,right,left,1,pregrasp,16,32,16,0.27586206896551724,0.23357664233576642,2,8,0.3,0.7,8,0.1980016678571701,0.2395227998495102,0.2395227998495102,0.1980016678571701,-0.04152113199234009,0.4242618978023529,-0.005617888178676367,0.41255897283554077
test,C0,9,2026_08_18_00_50_22_202653_L1_right_C0,right,pick up the right block,pick up the blue block,L1,blue,right,left,1,pregrasp,16,32,16,0.27586206896551724,0.23357664233576642,3,8,0.3,0.7,8,0.2136630266904831,0.28014498949050903,0.28014498949050903,0.2136630266904831,-0.06648196280002594,0.4242618978023529,-0.005617888178676367,0.41255897283554077
test,C0,9,2026_08_18_00_50_22_202653_L1_right_C0,right,pick up the right block,pick up the blue block,L1,blue,right,left,1,pregrasp,16,32,16,0.27586206896551724,0.23357664233576642,4,8,0.3,0.7,8,0.26817938685417175,0.3277202844619751,0.3277202844619751,0.26817938685417175,-0.059540897607803345,0.4242618978023529,-0.005617888178676367,0.41255897283554077
test,C0,9,2026_08_18_00_50_22_202653_L1_right_C0,right,pick up the right block,pick up the blue block,L1,blue,right,left,1,pregrasp,16,32,16,0.27586206896551724,0.23357664233576642,5,8,0.3,0.7,8,0.18150639533996582,0.21725088357925415,0.21725088357925415,0.18150639533996582,-0.03574448823928833,0.4242618978023529,-0.005617888178676367,0.41255897283554077
test,C0,9,2026_08_18_00_50_22_202653_L1_right_C0,right,pick up the right block,pick up the blue block,L1,blue,right,left,1,pregrasp,16,32,16,0.27586206896551724,0.23357664233576642,6,8,0.3,0.7,8,0.19885796308517456,0.23151841759681702,0.23151841759681702,0.19885796308517456,-0.032660454511642456,0.4242618978023529,-0.005617888178676367,0.41255897283554077
test,C0,9,2026_08_18_00_50_22_202653_L1_right_C0,right,pick up the right block,pick up the blue block,L1,blue,right,left,1,pregrasp,16,32,16,0.27586206896551724,0.23357664233576642,7,8,0.3,0.7,8,0.2752573490142822,0.37226951122283936,0.37226951122283936,0.2752573490142822,-0.09701216220855713,0.4242618978023529,-0.005617888178676367,0.41255897283554077
test,C0,9,2026_08_18_00_50_22_202653_L1_right_C0,right,pick up the right block,pick up the blue block,L1,blue,right,left,1,pregrasp,16,32,16,0.27586206896551724,0.23357664233576642,8,8,0.3,0.7,8,0.2112116813659668,0.22756105661392212,0.22756105661392212,0.2112116813659668,-0.016349375247955322,0.4242618978023529,-0.005617888178676367,0.41255897283554077
test,C0,9,2026_08_18_00_50_22_202653_L1_right_C0,right,pick up the right block,pick up the blue block,L1,blue,right,left,1,pregrasp,16,32,16,0.27586206896551724,0.23357664233576642,9,8,0.3,0.7,8,0.2505817711353302,0.3153633773326874,0.3153633773326874,0.2505817711353302,-0.06478160619735718,0.4242618978023529,-0.005617888178676367,0.41255897283554077
test,C0,9,2026_08_18_00_50_22_202653_L1_right_C0,right,pick up the right block,pick up the blue block,L1,blue,right,left,2,pregrasp,32,48,16,0.41379310344827586,0.35036496350364965,0,8,0.3,0.7,8,0.2676626443862915,0.3503281772136688,0.3503281772136688,0.2676626443862915,-0.08266553282737732,0.47278204560279846,-0.012620783410966396,0.3630843460559845
test,C0,9,2026_08_18_00_50_22_202653_L1_right_C0,right,pick up the right block,pick up the blue block,L1,blue,right,left,2,pregrasp,32,48,16,0.41379310344827586,0.35036496350364965,1,8,0.3,0.7,8,0.2046334594488144,0.2601245045661926,0.2601245045661926,0.2046334594488144,-0.055491045117378235,0.47278204560279846,-0.012620783410966396,0.3630843460559845
test,C0,9,2026_08_18_00_50_22_202653_L1_right_C0,right,pick up the right block,pick up the blue block,L1,blue,right,left,2,pregrasp,32,48,16,0.41379310344827586,0.35036496350364965,2,8,0.3,0.7,8,0.2331753969192505,0.30652153491973877,0.30652153491973877,0.2331753969192505,-0.07334613800048828,0.47278204560279846,-0.012620783410966396,0.3630843460559845
test,C0,9,2026_08_18_00_50_22_202653_L1_right_C0,right,pick up the right block,pick up the blue block,L1,blue,right,left,2,pregrasp,32,48,16,0.41379310344827586,0.35036496350364965,3,8,0.3,0.7,8,0.22917276620864868,0.2967432141304016,0.2967432141304016,0.22917276620864868,-0.06757044792175293,0.47278204560279846,-0.012620783410966396,0.3630843460559845
test,C0,9,2026_08_18_00_50_22_202653_L1_right_C0,right,pick up the right block,pick up the blue block,L1,blue,right,left,2,pregrasp,32,48,16,0.41379310344827586,0.35036496350364965,4,8,0.3,0.7,8,0.19416989386081696,0.2578536570072174,0.2578536570072174,0.19416989386081696,-0.06368376314640045,0.47278204560279846,-0.012620783410966396,0.3630843460559845
test,C0,9,2026_08_18_00_50_22_202653_L1_right_C0,right,pick up the right block,pick up the blue block,L1,blue,right,left,2,pregrasp,32,48,16,0.41379310344827586,0.35036496350364965,5,8,0.3,0.7,8,0.2672373354434967,0.3475569784641266,0.3475569784641266,0.2672373354434967,-0.08031964302062988,0.47278204560279846,-0.012620783410966396,0.3630843460559845
test,C0,9,2026_08_18_00_50_22_202653_L1_right_C0,right,pick up the right block,pick up the blue block,L1,blue,right,left,2,pregrasp,32,48,16,0.41379310344827586,0.35036496350364965,6,8,0.3,0.7,8,0.14816202223300934,0.19410686194896698,0.19410686194896698,0.14816202223300934,-0.04594483971595764,0.47278204560279846,-0.012620783410966396,0.3630843460559845
test,C0,9,2026_08_18_00_50_22_202653_L1_right_C0,right,pick up the right block,pick up the blue block,L1,blue,right,left,2,pregrasp,32,48,16,0.41379310344827586,0.35036496350364965,7,8,0.3,0.7,8,0.20904013514518738,0.26992926001548767,0.26992926001548767,0.20904013514518738,-0.06088912487030029,0.47278204560279846,-0.012620783410966396,0.3630843460559845
test,C0,9,2026_08_18_00_50_22_202653_L1_right_C0,right,pick up the right block,pick up the blue block,L1,blue,right,left,2,pregrasp,32,48,16,0.41379310344827586,0.35036496350364965,8,8,0.3,0.7,8,0.2521383464336395,0.3060850501060486,0.3060850501060486,0.2521383464336395,-0.05394670367240906,0.47278204560279846,-0.012620783410966396,0.3630843460559845
test,C0,9,2026_08_18_00_50_22_202653_L1_right_C0,right,pick up the right block,pick up the blue block,L1,blue,right,left,2,pregrasp,32,48,16,0.41379310344827586,0.35036496350364965,9,8,0.3,0.7,8,0.22581236064434052,0.3143061697483063,0.3143061697483063,0.22581236064434052,-0.08849380910396576,0.47278204560279846,-0.012620783410966396,0.3630843460559845
test,C0,9,2026_08_18_00_50_22_202653_L1_right_C0,right,pick up the right block,pick up the blue block,L1,blue,right,left,3,pregrasp,48,64,16,0.5517241379310345,0.46715328467153283,0,8,0.3,0.7,8,0.25573447346687317,0.26832476258277893,0.26832476258277893,0.25573447346687317,-0.012590289115905762,0.5209628939628601,-0.019593114033341408,0.31371989846229553
test,C0,9,2026_08_18_00_50_22_202653_L1_right_C0,right,pick up the right block,pick up the blue block,L1,blue,right,left,3,pregrasp,48,64,16,0.5517241379310345,0.46715328467153283,1,8,0.3,0.7,8,0.23219195008277893,0.2463640719652176,0.2463640719652176,0.23219195008277893,-0.01417212188243866,0.5209628939628601,-0.019593114033341408,0.31371989846229553
test,C0,9,2026_08_18_00_50_22_202653_L1_right_C0,right,pick up the right block,pick up the blue block,L1,blue,right,left,3,pregrasp,48,64,16,0.5517241379310345,0.46715328467153283,2,8,0.3,0.7,8,0.25811877846717834,0.2675454318523407,0.2675454318523407,0.25811877846717834,-0.009426653385162354,0.5209628939628601,-0.019593114033341408,0.31371989846229553
test,C0,9,2026_08_18_00_50_22_202653_L1_right_C0,right,pick up the right block,pick up the blue block,L1,blue,right,left,3,pregrasp,48,64,16,0.5517241379310345,0.46715328467153283,3,8,0.3,0.7,8,0.16553257405757904,0.1841096580028534,0.1841096580028534,0.16553257405757904,-0.018577083945274353,0.5209628939628601,-0.019593114033341408,0.31371989846229553
test,C0,9,2026_08_18_00_50_22_202653_L1_right_C0,right,pick up the right block,pick up the blue block,L1,blue,right,left,3,pregrasp,48,64,16,0.5517241379310345,0.46715328467153283,4,8,0.3,0.7,8,0.1502802073955536,0.158693328499794,0.158693328499794,0.1502802073955536,-0.008413121104240417,0.5209628939628601,-0.019593114033341408,0.31371989846229553
test,C0,9,2026_08_18_00_50_22_202653_L1_right_C0,right,pick up the right block,pick up the blue block,L1,blue,right,left,3,pregrasp,48,64,16,0.5517241379310345,0.46715328467153283,5,8,0.3,0.7,8,0.19911757111549377,0.22041372954845428,0.22041372954845428,0.19911757111549377,-0.02129615843296051,0.5209628939628601,-0.019593114033341408,0.31371989846229553
test,C0,9,2026_08_18_00_50_22_202653_L1_right_C0,right,pick up the right block,pick up the blue block,L1,blue,right,left,3,pregrasp,48,64,16,0.5517241379310345,0.46715328467153283,6,8,0.3,0.7,8,0.1805621236562729,0.18751756846904755,0.18751756846904755,0.1805621236562729,-0.006955444812774658,0.5209628939628601,-0.019593114033341408,0.31371989846229553
test,C0,9,2026_08_18_00_50_22_202653_L1_right_C0,right,pick up the right block,pick up the blue block,L1,blue,right,left,3,pregrasp,48,64,16,0.5517241379310345,0.46715328467153283,7,8,0.3,0.7,8,0.2603571116924286,0.28319332003593445,0.28319332003593445,0.2603571116924286,-0.02283620834350586,0.5209628939628601,-0.019593114033341408,0.31371989846229553
test,C0,9,2026_08_18_00_50_22_202653_L1_right_C0,right,pick up the right block,pick up the blue block,L1,blue,right,left,3,pregrasp,48,64,16,0.5517241379310345,0.46715328467153283,8,8,0.3,0.7,8,0.1775309145450592,0.1860135793685913,0.1860135793685913,0.1775309145450592,-0.008482664823532104,0.5209628939628601,-0.019593114033341408,0.31371989846229553
test,C0,9,2026_08_18_00_50_22_202653_L1_right_C0,right,pick up the right block,pick up the blue block,L1,blue,right,left,3,pregrasp,48,64,16,0.5517241379310345,0.46715328467153283,9,8,0.3,0.7,8,0.17164108157157898,0.18153530359268188,0.18153530359268188,0.17164108157157898,-0.009894222021102905,0.5209628939628601,-0.019593114033341408,0.31371989846229553
test,C0,9,2026_08_18_00_50_22_202653_L1_right_C0,right,pick up the right block,pick up the blue block,L1,blue,right,left,4,pregrasp,64,80,16,0.6896551724137931,0.583941605839416,0,8,0.3,0.7,8,0.25243470072746277,0.25132322311401367,0.25132322311401367,0.25243470072746277,0.0011114776134490967,0.5696231722831726,-0.027578232809901237,0.2638162672519684
test,C0,9,2026_08_18_00_50_22_202653_L1_right_C0,right,pick up the right block,pick up the blue block,L1,blue,right,left,4,pregrasp,64,80,16,0.6896551724137931,0.583941605839416,1,8,0.3,0.7,8,0.1994265764951706,0.19950927793979645,0.19950927793979645,0.1994265764951706,-8.270144462585449e-05,0.5696231722831726,-0.027578232809901237,0.2638162672519684
test,C0,9,2026_08_18_00_50_22_202653_L1_right_C0,right,pick up the right block,pick up the blue block,L1,blue,right,left,4,pregrasp,64,80,16,0.6896551724137931,0.583941605839416,2,8,0.3,0.7,8,0.3071369528770447,0.30369138717651367,0.30369138717651367,0.3071369528770447,0.003445565700531006,0.5696231722831726,-0.027578232809901237,0.2638162672519684
test,C0,9,2026_08_18_00_50_22_202653_L1_right_C0,right,pick up the right block,pick up the blue block,L1,blue,right,left,4,pregrasp,64,80,16,0.6896551724137931,0.583941605839416,3,8,0.3,0.7,8,0.21150512993335724,0.21614350378513336,0.21614350378513336,0.21150512993335724,-0.004638373851776123,0.5696231722831726,-0.027578232809901237,0.2638162672519684
test,C0,9,2026_08_18_00_50_22_202653_L1_right_C0,right,pick up the right block,pick up the blue block,L1,blue,right,left,4,pregrasp,64,80,16,0.6896551724137931,0.583941605839416,4,8,0.3,0.7,8,0.213461771607399,0.20616480708122253,0.20616480708122253,0.213461771607399,0.007296964526176453,0.5696231722831726,-0.027578232809901237,0.2638162672519684
test,C0,9,2026_08_18_00_50_22_202653_L1_right_C0,right,pick up the right block,pick up the blue block,L1,blue,right,left,4,pregrasp,64,80,16,0.6896551724137931,0.583941605839416,5,8,0.3,0.7,8,0.15046674013137817,0.14727649092674255,0.14727649092674255,0.15046674013137817,0.00319024920463562,0.5696231722831726,-0.027578232809901237,0.2638162672519684
test,C0,9,2026_08_18_00_50_22_202653_L1_right_C0,right,pick up the right block,pick up the blue block,L1,blue,right,left,4,pregrasp,64,80,16,0.6896551724137931,0.583941605839416,6,8,0.3,0.7,8,0.27168935537338257,0.2719607651233673,0.2719607651233673,0.27168935537338257,-0.0002714097499847412,0.5696231722831726,-0.027578232809901237,0.2638162672519684
test,C0,9,2026_08_18_00_50_22_202653_L1_right_C0,right,pick up the right block,pick up the blue block,L1,blue,right,left,4,pregrasp,64,80,16,0.6896551724137931,0.583941605839416,7,8,0.3,0.7,8,0.18459433317184448,0.17987245321273804,0.17987245321273804,0.18459433317184448,0.004721879959106445,0.5696231722831726,-0.027578232809901237,0.2638162672519684
test,C0,9,2026_08_18_00_50_22_202653_L1_right_C0,right,pick up the right block,pick up the blue block,L1,blue,right,left,4,pregrasp,64,80,16,0.6896551724137931,0.583941605839416,8,8,0.3,0.7,8,0.18006883561611176,0.17813345789909363,0.17813345789909363,0.18006883561611176,0.0019353777170181274,0.5696231722831726,-0.027578232809901237,0.2638162672519684
test,C0,9,2026_08_18_00_50_22_202653_L1_right_C0,right,pick up the right block,pick up the blue block,L1,blue,right,left,4,pregrasp,64,80,16,0.6896551724137931,0.583941605839416,9,8,0.3,0.7,8,0.222725048661232,0.21945327520370483,0.21945327520370483,0.222725048661232,0.0032717734575271606,0.5696231722831726,-0.027578232809901237,0.2638162672519684
test,C0,9,2026_08_18_00_50_22_202653_L1_right_C0,right,pick up the right block,pick up the blue block,L1,blue,right,left,5,pregrasp,80,96,16,0.8275862068965517,0.7007299270072993,0,8,0.3,0.7,8,0.1751440465450287,0.17575278878211975,0.17575278878211975,0.1751440465450287,-0.0006087422370910645,0.6181697845458984,-0.03614483401179314,0.21427927911281586
test,C0,9,2026_08_18_00_50_22_202653_L1_right_C0,right,pick up the right block,pick up the blue block,L1,blue,right,left,5,pregrasp,80,96,16,0.8275862068965517,0.7007299270072993,1,8,0.3,0.7,8,0.13919629156589508,0.14001727104187012,0.14001727104187012,0.13919629156589508,-0.0008209794759750366,0.6181697845458984,-0.03614483401179314,0.21427927911281586
test,C0,9,2026_08_18_00_50_22_202653_L1_right_C0,right,pick up the right block,pick up the blue block,L1,blue,right,left,5,pregrasp,80,96,16,0.8275862068965517,0.7007299270072993,2,8,0.3,0.7,8,0.21089231967926025,0.21367749571800232,0.21367749571800232,0.21089231967926025,-0.0027851760387420654,0.6181697845458984,-0.03614483401179314,0.21427927911281586
test,C0,9,2026_08_18_00_50_22_202653_L1_right_C0,right,pick up the right block,pick up the blue block,L1,blue,right,left,5,pregrasp,80,96,16,0.8275862068965517,0.7007299270072993,3,8,0.3,0.7,8,0.22137035429477692,0.22483013570308685,0.22483013570308685,0.22137035429477692,-0.0034597814083099365,0.6181697845458984,-0.03614483401179314,0.21427927911281586
test,C0,9,2026_08_18_00_50_22_202653_L1_right_C0,right,pick up the right block,pick up the blue block,L1,blue,right,left,5,pregrasp,80,96,16,0.8275862068965517,0.7007299270072993,4,8,0.3,0.7,8,0.21071743965148926,0.21359941363334656,0.21359941363334656,0.21071743965148926,-0.0028819739818573,0.6181697845458984,-0.03614483401179314,0.21427927911281586
test,C0,9,2026_08_18_00_50_22_202653_L1_right_C0,right,pick up the right block,pick up the blue block,L1,blue,right,left,5,pregrasp,80,96,16,0.8275862068965517,0.7007299270072993,5,8,0.3,0.7,8,0.30384355783462524,0.31063154339790344,0.31063154339790344,0.30384355783462524,-0.006787985563278198,0.6181697845458984,-0.03614483401179314,0.21427927911281586
test,C0,9,2026_08_18_00_50_22_202653_L1_right_C0,right,pick up the right block,pick up the blue block,L1,blue,right,left,5,pregrasp,80,96,16,0.8275862068965517,0.7007299270072993,6,8,0.3,0.7,8,0.2556024193763733,0.25853461027145386,0.25853461027145386,0.2556024193763733,-0.0029321908950805664,0.6181697845458984,-0.03614483401179314,0.21427927911281586
test,C0,9,2026_08_18_00_50_22_202653_L1_right_C0,right,pick up the right block,pick up the blue block,L1,blue,right,left,5,pregrasp,80,96,16,0.8275862068965517,0.7007299270072993,7,8,0.3,0.7,8,0.21932336688041687,0.2211635559797287,0.2211635559797287,0.21932336688041687,-0.0018401890993118286,0.6181697845458984,-0.03614483401179314,0.21427927911281586
test,C0,9,2026_08_18_00_50_22_202653_L1_right_C0,right,pick up the right block,pick up the blue block,L1,blue,right,left,5,pregrasp,80,96,16,0.8275862068965517,0.7007299270072993,8,8,0.3,0.7,8,0.27769818902015686,0.2823584973812103,0.2823584973812103,0.27769818902015686,-0.004660308361053467,0.6181697845458984,-0.03614483401179314,0.21427927911281586
test,C0,9,2026_08_18_00_50_22_202653_L1_right_C0,right,pick up the right block,pick up the blue block,L1,blue,right,left,5,pregrasp,80,96,16,0.8275862068965517,0.7007299270072993,9,8,0.3,0.7,8,0.2318098098039627,0.23250512778759003,0.23250512778759003,0.2318098098039627,-0.0006953179836273193,0.6181697845458984,-0.03614483401179314,0.21427927911281586
test,C0,9,2026_08_18_00_50_22_202653_L1_right_C0,right,pick up the right block,pick up the blue block,L1,blue,right,left,6,pregrasp,96,112,16,0.9655172413793104,0.8175182481751825,0,8,0.3,0.7,8,0.23776191473007202,0.24757902324199677,0.24757902324199677,0.23776191473007202,-0.009817108511924744,0.6416962146759033,-0.03999587520956993,0.18962059915065765
test,C0,9,2026_08_18_00_50_22_202653_L1_right_C0,right,pick up the right block,pick up the blue block,L1,blue,right,left,6,pregrasp,96,112,16,0.9655172413793104,0.8175182481751825,1,8,0.3,0.7,8,0.27921366691589355,0.29268375039100647,0.29268375039100647,0.27921366691589355,-0.013470083475112915,0.6416962146759033,-0.03999587520956993,0.18962059915065765
test,C0,9,2026_08_18_00_50_22_202653_L1_right_C0,right,pick up the right block,pick up the blue block,L1,blue,right,left,6,pregrasp,96,112,16,0.9655172413793104,0.8175182481751825,2,8,0.3,0.7,8,0.1832655966281891,0.18900616466999054,0.18900616466999054,0.1832655966281891,-0.005740568041801453,0.6416962146759033,-0.03999587520956993,0.18962059915065765
test,C0,9,2026_08_18_00_50_22_202653_L1_right_C0,right,pick up the right block,pick up the blue block,L1,blue,right,left,6,pregrasp,96,112,16,0.9655172413793104,0.8175182481751825,3,8,0.3,0.7,8,0.12759511172771454,0.13369326293468475,0.13369326293468475,0.12759511172771454,-0.006098151206970215,0.6416962146759033,-0.03999587520956993,0.18962059915065765
test,C0,9,2026_08_18_00_50_22_202653_L1_right_C0,right,pick up the right block,pick up the blue block,L1,blue,right,left,6,pregrasp,96,112,16,0.9655172413793104,0.8175182481751825,4,8,0.3,0.7,8,0.22910051047801971,0.24093663692474365,0.24093663692474365,0.22910051047801971,-0.011836126446723938,0.6416962146759033,-0.03999587520956993,0.18962059915065765
test,C0,9,2026_08_18_00_50_22_202653_L1_right_C0,right,pick up the right block,pick up the blue block,L1,blue,right,left,6,pregrasp,96,112,16,0.9655172413793104,0.8175182481751825,5,8,0.3,0.7,8,0.190273717045784,0.20002952218055725,0.20002952218055725,0.190273717045784,-0.009755805134773254,0.6416962146759033,-0.03999587520956993,0.18962059915065765
test,C0,9,2026_08_18_00_50_22_202653_L1_right_C0,right,pick up the right block,pick up the blue block,L1,blue,right,left,6,pregrasp,96,112,16,0.9655172413793104,0.8175182481751825,6,8,0.3,0.7,8,0.1886582374572754,0.19687704741954803,0.19687704741954803,0.1886582374572754,-0.008218809962272644,0.6416962146759033,-0.03999587520956993,0.18962059915065765
test,C0,9,2026_08_18_00_50_22_202653_L1_right_C0,right,pick up the right block,pick up the blue block,L1,blue,right,left,6,pregrasp,96,112,16,0.9655172413793104,0.8175182481751825,7,8,0.3,0.7,8,0.1952049285173416,0.2069198191165924,0.2069198191165924,0.1952049285173416,-0.011714890599250793,0.6416962146759033,-0.03999587520956993,0.18962059915065765
test,C0,9,2026_08_18_00_50_22_202653_L1_right_C0,right,pick up the right block,pick up the blue block,L1,blue,right,left,6,pregrasp,96,112,16,0.9655172413793104,0.8175182481751825,8,8,0.3,0.7,8,0.17803221940994263,0.18786883354187012,0.18786883354187012,0.17803221940994263,-0.00983661413192749,0.6416962146759033,-0.03999587520956993,0.18962059915065765
test,C0,9,2026_08_18_00_50_22_202653_L1_right_C0,right,pick up the right block,pick up the blue block,L1,blue,right,left,6,pregrasp,96,112,16,0.9655172413793104,0.8175182481751825,9,8,0.3,0.7,8,0.2024565190076828,0.21186058223247528,0.21186058223247528,0.2024565190076828,-0.00940406322479248,0.6416962146759033,-0.03999587520956993,0.18962059915065765
test,C0,9,2026_08_18_00_50_22_202653_L1_right_C0,right,pick up the right block,pick up the blue block,L1,blue,right,left,7,pregrasp,112,116,4,1.0,0.8467153284671532,0,8,0.3,0.7,8,0.2238125205039978,0.2435065060853958,0.2435065060853958,0.2238125205039978,-0.01969398558139801,0.6417282819747925,-0.03998956084251404,0.18965116143226624
test,C0,9,2026_08_18_00_50_22_202653_L1_right_C0,right,pick up the right block,pick up the blue block,L1,blue,right,left,7,pregrasp,112,116,4,1.0,0.8467153284671532,1,8,0.3,0.7,8,0.21307618916034698,0.22223427891731262,0.22223427891731262,0.21307618916034698,-0.009158089756965637,0.6417282819747925,-0.03998956084251404,0.18965116143226624
test,C0,9,2026_08_18_00_50_22_202653_L1_right_C0,right,pick up the right block,pick up the blue block,L1,blue,right,left,7,pregrasp,112,116,4,1.0,0.8467153284671532,2,8,0.3,0.7,8,0.31689953804016113,0.33986061811447144,0.33986061811447144,0.31689953804016113,-0.022961080074310303,0.6417282819747925,-0.03998956084251404,0.18965116143226624
test,C0,9,2026_08_18_00_50_22_202653_L1_right_C0,right,pick up the right block,pick up the blue block,L1,blue,right,left,7,pregrasp,112,116,4,1.0,0.8467153284671532,3,8,0.3,0.7,8,0.16845622658729553,0.18397361040115356,0.18397361040115356,0.16845622658729553,-0.015517383813858032,0.6417282819747925,-0.03998956084251404,0.18965116143226624
test,C0,9,2026_08_18_00_50_22_202653_L1_right_C0,right,pick up the right block,pick up the blue block,L1,blue,right,left,7,pregrasp,112,116,4,1.0,0.8467153284671532,4,8,0.3,0.7,8,0.216546431183815,0.2379150241613388,0.2379150241613388,0.216546431183815,-0.021368592977523804,0.6417282819747925,-0.03998956084251404,0.18965116143226624
test,C0,9,2026_08_18_00_50_22_202653_L1_right_C0,right,pick up the right block,pick up the blue block,L1,blue,right,left,7,pregrasp,112,116,4,1.0,0.8467153284671532,5,8,0.3,0.7,8,0.15311801433563232,0.16475047171115875,0.16475047171115875,0.15311801433563232,-0.011632457375526428,0.6417282819747925,-0.03998956084251404,0.18965116143226624
test,C0,9,2026_08_18_00_50_22_202653_L1_right_C0,right,pick up the right block,pick up the blue block,L1,blue,right,left,7,pregrasp,112,116,4,1.0,0.8467153284671532,6,8,0.3,0.7,8,0.26490458846092224,0.28251180052757263,0.28251180052757263,0.26490458846092224,-0.01760721206665039,0.6417282819747925,-0.03998956084251404,0.18965116143226624
test,C0,9,2026_08_18_00_50_22_202653_L1_right_C0,right,pick up the right block,pick up the blue block,L1,blue,right,left,7,pregrasp,112,116,4,1.0,0.8467153284671532,7,8,0.3,0.7,8,0.24654369056224823,0.26714271306991577,0.26714271306991577,0.24654369056224823,-0.02059902250766754,0.6417282819747925,-0.03998956084251404,0.18965116143226624
test,C0,9,2026_08_18_00_50_22_202653_L1_right_C0,right,pick up the right block,pick up the blue block,L1,blue,right,left,7,pregrasp,112,116,4,1.0,0.8467153284671532,8,8,0.3,0.7,8,0.16280902922153473,0.18330854177474976,0.18330854177474976,0.16280902922153473,-0.020499512553215027,0.6417282819747925,-0.03998956084251404,0.18965116143226624
test,C0,9,2026_08_18_00_50_22_202653_L1_right_C0,right,pick up the right block,pick up the blue block,L1,blue,right,left,7,pregrasp,112,116,4,1.0,0.8467153284671532,9,8,0.3,0.7,8,0.26804065704345703,0.29394295811653137,0.29394295811653137,0.26804065704345703,-0.02590230107307434,0.6417282819747925,-0.03998956084251404,0.18965116143226624
test,C0,9,2026_08_18_00_50_22_202653_L1_right_C0,right,pick up the right block,pick up the blue block,L1,blue,right,left,8,postgrasp,116,132,16,1.0,0.9635036496350365,0,8,0.3,0.7,8,0.2503378987312317,0.26637905836105347,0.26637905836105347,0.2503378987312317,-0.016041159629821777,0.6422008275985718,-0.04016907513141632,0.19009041786193848
test,C0,9,2026_08_18_00_50_22_202653_L1_right_C0,right,pick up the right block,pick up the blue block,L1,blue,right,left,8,postgrasp,116,132,16,1.0,0.9635036496350365,1,8,0.3,0.7,8,0.2602551579475403,0.27643460035324097,0.27643460035324097,0.2602551579475403,-0.016179442405700684,0.6422008275985718,-0.04016907513141632,0.19009041786193848
test,C0,9,2026_08_18_00_50_22_202653_L1_right_C0,right,pick up the right block,pick up the blue block,L1,blue,right,left,8,postgrasp,116,132,16,1.0,0.9635036496350365,2,8,0.3,0.7,8,0.2833743691444397,0.29128798842430115,0.29128798842430115,0.2833743691444397,-0.00791361927986145,0.6422008275985718,-0.04016907513141632,0.19009041786193848
test,C0,9,2026_08_18_00_50_22_202653_L1_right_C0,right,pick up the right block,pick up the blue block,L1,blue,right,left,8,postgrasp,116,132,16,1.0,0.9635036496350365,3,8,0.3,0.7,8,0.23128418624401093,0.23453804850578308,0.23453804850578308,0.23128418624401093,-0.0032538622617721558,0.6422008275985718,-0.04016907513141632,0.19009041786193848
test,C0,9,2026_08_18_00_50_22_202653_L1_right_C0,right,pick up the right block,pick up the blue block,L1,blue,right,left,8,postgrasp,116,132,16,1.0,0.9635036496350365,4,8,0.3,0.7,8,0.27967944741249084,0.2898062765598297,0.2898062765598297,0.27967944741249084,-0.010126829147338867,0.6422008275985718,-0.04016907513141632,0.19009041786193848
test,C0,9,2026_08_18_00_50_22_202653_L1_right_C0,right,pick up the right block,pick up the blue block,L1,blue,right,left,8,postgrasp,116,132,16,1.0,0.9635036496350365,5,8,0.3,0.7,8,0.3035675883293152,0.3166429102420807,0.3166429102420807,0.3035675883293152,-0.013075321912765503,0.6422008275985718,-0.04016907513141632,0.19009041786193848
test,C0,9,2026_08_18_00_50_22_202653_L1_right_C0,right,pick up the right block,pick up the blue block,L1,blue,right,left,8,postgrasp,116,132,16,1.0,0.9635036496350365,6,8,0.3,0.7,8,0.2684026062488556,0.26888665556907654,0.26888665556907654,0.2684026062488556,-0.00048404932022094727,0.6422008275985718,-0.04016907513141632,0.19009041786193848
test,C0,9,2026_08_18_00_50_22_202653_L1_right_C0,right,pick up the right block,pick up the blue block,L1,blue,right,left,8,postgrasp,116,132,16,1.0,0.9635036496350365,7,8,0.3,0.7,8,0.28760573267936707,0.2970331907272339,0.2970331907272339,0.28760573267936707,-0.009427458047866821,0.6422008275985718,-0.04016907513141632,0.19009041786193848
test,C0,9,2026_08_18_00_50_22_202653_L1_right_C0,right,pick up the right block,pick up the blue block,L1,blue,right,left,8,postgrasp,116,132,16,1.0,0.9635036496350365,8,8,0.3,0.7,8,0.2549794912338257,0.26665982604026794,0.26665982604026794,0.2549794912338257,-0.01168033480644226,0.6422008275985718,-0.04016907513141632,0.19009041786193848
test,C0,9,2026_08_18_00_50_22_202653_L1_right_C0,right,pick up the right block,pick up the blue block,L1,blue,right,left,8,postgrasp,116,132,16,1.0,0.9635036496350365,9,8,0.3,0.7,8,0.2856268286705017,0.29758572578430176,0.29758572578430176,0.2856268286705017,-0.011958897113800049,0.6422008275985718,-0.04016907513141632,0.19009041786193848
test,C0,9,2026_08_18_00_50_22_202653_L1_right_C0,right,pick up the right block,pick up the blue block,L1,blue,right,left,9,postgrasp,132,137,5,1.0,1.0,0,8,0.3,0.7,8,0.3092219829559326,0.3084483742713928,0.3084483742713928,0.3092219829559326,0.0007736086845397949,0.6422070860862732,-0.04016834869980812,0.1900949776172638
test,C0,9,2026_08_18_00_50_22_202653_L1_right_C0,right,pick up the right block,pick up the blue block,L1,blue,right,left,9,postgrasp,132,137,5,1.0,1.0,1,8,0.3,0.7,8,0.262178897857666,0.2523888349533081,0.2523888349533081,0.262178897857666,0.00979006290435791,0.6422070860862732,-0.04016834869980812,0.1900949776172638
test,C0,9,2026_08_18_00_50_22_202653_L1_right_C0,right,pick up the right block,pick up the blue block,L1,blue,right,left,9,postgrasp,132,137,5,1.0,1.0,2,8,0.3,0.7,8,0.23031693696975708,0.2315051257610321,0.2315051257610321,0.23031693696975708,-0.0011881887912750244,0.6422070860862732,-0.04016834869980812,0.1900949776172638
test,C0,9,2026_08_18_00_50_22_202653_L1_right_C0,right,pick up the right block,pick up the blue block,L1,blue,right,left,9,postgrasp,132,137,5,1.0,1.0,3,8,0.3,0.7,8,0.2421354353427887,0.2403220236301422,0.2403220236301422,0.2421354353427887,0.0018134117126464844,0.6422070860862732,-0.04016834869980812,0.1900949776172638
test,C0,9,2026_08_18_00_50_22_202653_L1_right_C0,right,pick up the right block,pick up the blue block,L1,blue,right,left,9,postgrasp,132,137,5,1.0,1.0,4,8,0.3,0.7,8,0.3320084810256958,0.33706897497177124,0.33706897497177124,0.3320084810256958,-0.0050604939460754395,0.6422070860862732,-0.04016834869980812,0.1900949776172638
test,C0,9,2026_08_18_00_50_22_202653_L1_right_C0,right,pick up the right block,pick up the blue block,L1,blue,right,left,9,postgrasp,132,137,5,1.0,1.0,5,8,0.3,0.7,8,0.2727387845516205,0.26220080256462097,0.26220080256462097,0.2727387845516205,0.010537981986999512,0.6422070860862732,-0.04016834869980812,0.1900949776172638
test,C0,9,2026_08_18_00_50_22_202653_L1_right_C0,right,pick up the right block,pick up the blue block,L1,blue,right,left,9,postgrasp,132,137,5,1.0,1.0,6,8,0.3,0.7,8,0.22339612245559692,0.21612951159477234,0.21612951159477234,0.22339612245559692,0.007266610860824585,0.6422070860862732,-0.04016834869980812,0.1900949776172638
test,C0,9,2026_08_18_00_50_22_202653_L1_right_C0,right,pick up the right block,pick up the blue block,L1,blue,right,left,9,postgrasp,132,137,5,1.0,1.0,7,8,0.3,0.7,8,0.23374749720096588,0.22798626124858856,0.22798626124858856,0.23374749720096588,0.005761235952377319,0.6422070860862732,-0.04016834869980812,0.1900949776172638
test,C0,9,2026_08_18_00_50_22_202653_L1_right_C0,right,pick up the right block,pick up the blue block,L1,blue,right,left,9,postgrasp,132,137,5,1.0,1.0,8,8,0.3,0.7,8,0.1920139193534851,0.19244690239429474,0.19244690239429474,0.1920139193534851,-0.00043298304080963135,0.6422070860862732,-0.04016834869980812,0.1900949776172638
test,C0,9,2026_08_18_00_50_22_202653_L1_right_C0,right,pick up the right block,pick up the blue block,L1,blue,right,left,9,postgrasp,132,137,5,1.0,1.0,9,8,0.3,0.7,8,0.18701714277267456,0.18845349550247192,0.18845349550247192,0.18701714277267456,-0.0014363527297973633,0.6422070860862732,-0.04016834869980812,0.1900949776172638
test,C1,10,2026_08_18_00_50_52_802516_L1_right_C1,right,pick up the right block,pick up the blue block,L1,blue,right,left,0,pregrasp,0,16,16,0.125,0.10738255033557047,0,8,0.3,0.7,8,0.3615058660507202,0.323128879070282,0.323128879070282,0.3615058660507202,0.03837698698043823,0.3719290494918823,-0.02554915100336075,0.47799262404441833
test,C1,10,2026_08_18_00_50_52_802516_L1_right_C1,right,pick up the right block,pick up the blue block,L1,blue,right,left,0,pregrasp,0,16,16,0.125,0.10738255033557047,1,8,0.3,0.7,8,0.3584662079811096,0.344513475894928,0.344513475894928,0.3584662079811096,0.01395273208618164,0.3719290494918823,-0.02554915100336075,0.47799262404441833
test,C1,10,2026_08_18_00_50_52_802516_L1_right_C1,right,pick up the right block,pick up the blue block,L1,blue,right,left,0,pregrasp,0,16,16,0.125,0.10738255033557047,2,8,0.3,0.7,8,0.4129771590232849,0.4173205494880676,0.4173205494880676,0.4129771590232849,-0.004343390464782715,0.3719290494918823,-0.02554915100336075,0.47799262404441833
test,C1,10,2026_08_18_00_50_52_802516_L1_right_C1,right,pick up the right block,pick up the blue block,L1,blue,right,left,0,pregrasp,0,16,16,0.125,0.10738255033557047,3,8,0.3,0.7,8,0.32297036051750183,0.3082749545574188,0.3082749545574188,0.32297036051750183,0.014695405960083008,0.3719290494918823,-0.02554915100336075,0.47799262404441833
test,C1,10,2026_08_18_00_50_52_802516_L1_right_C1,right,pick up the right block,pick up the blue block,L1,blue,right,left,0,pregrasp,0,16,16,0.125,0.10738255033557047,4,8,0.3,0.7,8,0.34991520643234253,0.34522685408592224,0.34522685408592224,0.34991520643234253,0.004688352346420288,0.3719290494918823,-0.02554915100336075,0.47799262404441833
test,C1,10,2026_08_18_00_50_52_802516_L1_right_C1,right,pick up the right block,pick up the blue block,L1,blue,right,left,0,pregrasp,0,16,16,0.125,0.10738255033557047,5,8,0.3,0.7,8,0.3280985355377197,0.33310437202453613,0.33310437202453613,0.3280985355377197,-0.005005836486816406,0.3719290494918823,-0.02554915100336075,0.47799262404441833
test,C1,10,2026_08_18_00_50_52_802516_L1_right_C1,right,pick up the right block,pick up the blue block,L1,blue,right,left,0,pregrasp,0,16,16,0.125,0.10738255033557047,6,8,0.3,0.7,8,0.4016633927822113,0.3833109438419342,0.3833109438419342,0.4016633927822113,0.0183524489402771,0.3719290494918823,-0.02554915100336075,0.47799262404441833
test,C1,10,2026_08_18_00_50_52_802516_L1_right_C1,right,pick up the right block,pick up the blue block,L1,blue,right,left,0,pregrasp,0,16,16,0.125,0.10738255033557047,7,8,0.3,0.7,8,0.4083990454673767,0.4280233383178711,0.4280233383178711,0.4083990454673767,-0.019624292850494385,0.3719290494918823,-0.02554915100336075,0.47799262404441833
test,C1,10,2026_08_18_00_50_52_802516_L1_right_C1,right,pick up the right block,pick up the blue block,L1,blue,right,left,0,pregrasp,0,16,16,0.125,0.10738255033557047,8,8,0.3,0.7,8,0.3345157504081726,0.2886102497577667,0.2886102497577667,0.3345157504081726,0.045905500650405884,0.3719290494918823,-0.02554915100336075,0.47799262404441833
test,C1,10,2026_08_18_00_50_52_802516_L1_right_C1,right,pick up the right block,pick up the blue block,L1,blue,right,left,0,pregrasp,0,16,16,0.125,0.10738255033557047,9,8,0.3,0.7,8,0.4044996500015259,0.41704195737838745,0.41704195737838745,0.4044996500015259,-0.012542307376861572,0.3719290494918823,-0.02554915100336075,0.47799262404441833
test,C1,10,2026_08_18_00_50_52_802516_L1_right_C1,right,pick up the right block,pick up the blue block,L1,blue,right,left,1,pregrasp,16,32,16,0.25,0.21476510067114093,0,8,0.3,0.7,8,0.13495709002017975,0.1584002822637558,0.1584002822637558,0.13495709002017975,-0.02344319224357605,0.4010154902935028,-0.07378287613391876,0.4381638169288635
test,C1,10,2026_08_18_00_50_52_802516_L1_right_C1,right,pick up the right block,pick up the blue block,L1,blue,right,left,1,pregrasp,16,32,16,0.25,0.21476510067114093,1,8,0.3,0.7,8,0.21596555411815643,0.26566970348358154,0.26566970348358154,0.21596555411815643,-0.04970414936542511,0.4010154902935028,-0.07378287613391876,0.4381638169288635
test,C1,10,2026_08_18_00_50_52_802516_L1_right_C1,right,pick up the right block,pick up the blue block,L1,blue,right,left,1,pregrasp,16,32,16,0.25,0.21476510067114093,2,8,0.3,0.7,8,0.2343444675207138,0.2672785520553589,0.2672785520553589,0.2343444675207138,-0.03293408453464508,0.4010154902935028,-0.07378287613391876,0.4381638169288635
test,C1,10,2026_08_18_00_50_52_802516_L1_right_C1,right,pick up the right block,pick up the blue block,L1,blue,right,left,1,pregrasp,16,32,16,0.25,0.21476510067114093,3,8,0.3,0.7,8,0.21144963800907135,0.2743392586708069,0.2743392586708069,0.21144963800907135,-0.06288962066173553,0.4010154902935028,-0.07378287613391876,0.4381638169288635
test,C1,10,2026_08_18_00_50_52_802516_L1_right_C1,right,pick up the right block,pick up the blue block,L1,blue,right,left,1,pregrasp,16,32,16,0.25,0.21476510067114093,4,8,0.3,0.7,8,0.16642633080482483,0.20114228129386902,0.20114228129386902,0.16642633080482483,-0.03471595048904419,0.4010154902935028,-0.07378287613391876,0.4381638169288635
test,C1,10,2026_08_18_00_50_52_802516_L1_right_C1,right,pick up the right block,pick up the blue block,L1,blue,right,left,1,pregrasp,16,32,16,0.25,0.21476510067114093,5,8,0.3,0.7,8,0.17000676691532135,0.1989198923110962,0.1989198923110962,0.17000676691532135,-0.02891312539577484,0.4010154902935028,-0.07378287613391876,0.4381638169288635
test,C1,10,2026_08_18_00_50_52_802516_L1_right_C1,right,pick up the right block,pick up the blue block,L1,blue,right,left,1,pregrasp,16,32,16,0.25,0.21476510067114093,6,8,0.3,0.7,8,0.1729499250650406,0.19072726368904114,0.19072726368904114,0.1729499250650406,-0.01777733862400055,0.4010154902935028,-0.07378287613391876,0.4381638169288635
test,C1,10,2026_08_18_00_50_52_802516_L1_right_C1,right,pick up the right block,pick up the blue block,L1,blue,right,left,1,pregrasp,16,32,16,0.25,0.21476510067114093,7,8,0.3,0.7,8,0.17006166279315948,0.1874292939901352,0.1874292939901352,0.17006166279315948,-0.017367631196975708,0.4010154902935028,-0.07378287613391876,0.4381638169288635
test,C1,10,2026_08_18_00_50_52_802516_L1_right_C1,right,pick up the right block,pick up the blue block,L1,blue,right,left,1,pregrasp,16,32,16,0.25,0.21476510067114093,8,8,0.3,0.7,8,0.22848089039325714,0.29561829566955566,0.29561829566955566,0.22848089039325714,-0.06713740527629852,0.4010154902935028,-0.07378287613391876,0.4381638169288635
test,C1,10,2026_08_18_00_50_52_802516_L1_right_C1,right,pick up the right block,pick up the blue block,L1,blue,right,left,1,pregrasp,16,32,16,0.25,0.21476510067114093,9,8,0.3,0.7,8,0.18848806619644165,0.24705225229263306,0.24705225229263306,0.18848806619644165,-0.058564186096191406,0.4010154902935028,-0.07378287613391876,0.4381638169288635
test,C1,10,2026_08_18_00_50_52_802516_L1_right_C1,right,pick up the right block,pick up the blue block,L1,blue,right,left,2,pregrasp,32,48,16,0.375,0.3221476510067114,0,8,0.3,0.7,8,0.24609056115150452,0.29815590381622314,0.29815590381622314,0.24609056115150452,-0.05206534266471863,0.4444747567176819,-0.10329410433769226,0.39292797446250916
test,C1,10,2026_08_18_00_50_52_802516_L1_right_C1,right,pick up the right block,pick up the blue block,L1,blue,right,left,2,pregrasp,32,48,16,0.375,0.3221476510067114,1,8,0.3,0.7,8,0.20625202357769012,0.241564080119133,0.241564080119133,0.20625202357769012,-0.03531205654144287,0.4444747567176819,-0.10329410433769226,0.39292797446250916
test,C1,10,2026_08_18_00_50_52_802516_L1_right_C1,right,pick up the right block,pick up the blue block,L1,blue,right,left,2,pregrasp,32,48,16,0.375,0.3221476510067114,2,8,0.3,0.7,8,0.17356380820274353,0.20966258645057678,0.20966258645057678,0.17356380820274353,-0.03609877824783325,0.4444747567176819,-0.10329410433769226,0.39292797446250916
test,C1,10,2026_08_18_00_50_52_802516_L1_right_C1,right,pick up the right block,pick up the blue block,L1,blue,right,left,2,pregrasp,32,48,16,0.375,0.3221476510067114,3,8,0.3,0.7,8,0.29266923666000366,0.34896525740623474,0.34896525740623474,0.29266923666000366,-0.05629602074623108,0.4444747567176819,-0.10329410433769226,0.39292797446250916
test,C1,10,2026_08_18_00_50_52_802516_L1_right_C1,right,pick up the right block,pick up the blue block,L1,blue,right,left,2,pregrasp,32,48,16,0.375,0.3221476510067114,4,8,0.3,0.7,8,0.21904243528842926,0.28269439935684204,0.28269439935684204,0.21904243528842926,-0.06365196406841278,0.4444747567176819,-0.10329410433769226,0.39292797446250916
test,C1,10,2026_08_18_00_50_52_802516_L1_right_C1,right,pick up the right block,pick up the blue block,L1,blue,right,left,2,pregrasp,32,48,16,0.375,0.3221476510067114,5,8,0.3,0.7,8,0.20834150910377502,0.2601183354854584,0.2601183354854584,0.20834150910377502,-0.05177682638168335,0.4444747567176819,-0.10329410433769226,0.39292797446250916
test,C1,10,2026_08_18_00_50_52_802516_L1_right_C1,right,pick up the right block,pick up the blue block,L1,blue,right,left,2,pregrasp,32,48,16,0.375,0.3221476510067114,6,8,0.3,0.7,8,0.1657683551311493,0.2136932760477066,0.2136932760477066,0.1657683551311493,-0.04792492091655731,0.4444747567176819,-0.10329410433769226,0.39292797446250916
test,C1,10,2026_08_18_00_50_52_802516_L1_right_C1,right,pick up the right block,pick up the blue block,L1,blue,right,left,2,pregrasp,32,48,16,0.375,0.3221476510067114,7,8,0.3,0.7,8,0.2397328019142151,0.288800448179245,0.288800448179245,0.2397328019142151,-0.04906764626502991,0.4444747567176819,-0.10329410433769226,0.39292797446250916
test,C1,10,2026_08_18_00_50_52_802516_L1_right_C1,right,pick up the right block,pick up the blue block,L1,blue,right,left,2,pregrasp,32,48,16,0.375,0.3221476510067114,8,8,0.3,0.7,8,0.18797355890274048,0.24058005213737488,0.24058005213737488,0.18797355890274048,-0.0526064932346344,0.4444747567176819,-0.10329410433769226,0.39292797446250916
test,C1,10,2026_08_18_00_50_52_802516_L1_right_C1,right,pick up the right block,pick up the blue block,L1,blue,right,left,2,pregrasp,32,48,16,0.375,0.3221476510067114,9,8,0.3,0.7,8,0.29075193405151367,0.34664779901504517,0.34664779901504517,0.29075193405151367,-0.055895864963531494,0.4444747567176819,-0.10329410433769226,0.39292797446250916
test,C1,10,2026_08_18_00_50_52_802516_L1_right_C1,right,pick up the right block,pick up the blue block,L1,blue,right,left,3,pregrasp,48,64,16,0.5,0.42953020134228187,0,8,0.3,0.7,8,0.19954749941825867,0.22208645939826965,0.22208645939826965,0.19954749941825867,-0.022538959980010986,0.49170392751693726,-0.11220402270555496,0.3432888984680176
test,C1,10,2026_08_18_00_50_52_802516_L1_right_C1,right,pick up the right block,pick up the blue block,L1,blue,right,left,3,pregrasp,48,64,16,0.5,0.42953020134228187,1,8,0.3,0.7,8,0.28657466173171997,0.3323304355144501,0.3323304355144501,0.28657466173171997,-0.0457557737827301,0.49170392751693726,-0.11220402270555496,0.3432888984680176
test,C1,10,2026_08_18_00_50_52_802516_L1_right_C1,right,pick up the right block,pick up the blue block,L1,blue,right,left,3,pregrasp,48,64,16,0.5,0.42953020134228187,2,8,0.3,0.7,8,0.22490474581718445,0.26520267128944397,0.26520267128944397,0.22490474581718445,-0.04029792547225952,0.49170392751693726,-0.11220402270555496,0.3432888984680176
test,C1,10,2026_08_18_00_50_52_802516_L1_right_C1,right,pick up the right block,pick up the blue block,L1,blue,right,left,3,pregrasp,48,64,16,0.5,0.42953020134228187,3,8,0.3,0.7,8,0.22983190417289734,0.2651877999305725,0.2651877999305725,0.22983190417289734,-0.03535589575767517,0.49170392751693726,-0.11220402270555496,0.3432888984680176
test,C1,10,2026_08_18_00_50_52_802516_L1_right_C1,right,pick up the right block,pick up the blue block,L1,blue,right,left,3,pregrasp,48,64,16,0.5,0.42953020134228187,4,8,0.3,0.7,8,0.20301781594753265,0.2366880178451538,0.2366880178451538,0.20301781594753265,-0.033670201897621155,0.49170392751693726,-0.11220402270555496,0.3432888984680176
test,C1,10,2026_08_18_00_50_52_802516_L1_right_C1,right,pick up the right block,pick up the blue block,L1,blue,right,left,3,pregrasp,48,64,16,0.5,0.42953020134228187,5,8,0.3,0.7,8,0.21596279740333557,0.24569344520568848,0.24569344520568848,0.21596279740333557,-0.029730647802352905,0.49170392751693726,-0.11220402270555496,0.3432888984680176
test,C1,10,2026_08_18_00_50_52_802516_L1_right_C1,right,pick up the right block,pick up the blue block,L1,blue,right,left,3,pregrasp,48,64,16,0.5,0.42953020134228187,6,8,0.3,0.7,8,0.26666706800460815,0.31421521306037903,0.31421521306037903,0.26666706800460815,-0.047548145055770874,0.49170392751693726,-0.11220402270555496,0.3432888984680176
test,C1,10,2026_08_18_00_50_52_802516_L1_right_C1,right,pick up the right block,pick up the blue block,L1,blue,right,left,3,pregrasp,48,64,16,0.5,0.42953020134228187,7,8,0.3,0.7,8,0.2212919443845749,0.2556837797164917,0.2556837797164917,0.2212919443845749,-0.03439183533191681,0.49170392751693726,-0.11220402270555496,0.3432888984680176
test,C1,10,2026_08_18_00_50_52_802516_L1_right_C1,right,pick up the right block,pick up the blue block,L1,blue,right,left,3,pregrasp,48,64,16,0.5,0.42953020134228187,8,8,0.3,0.7,8,0.19577012956142426,0.2360151708126068,0.2360151708126068,0.19577012956142426,-0.040245041251182556,0.49170392751693726,-0.11220402270555496,0.3432888984680176
test,C1,10,2026_08_18_00_50_52_802516_L1_right_C1,right,pick up the right block,pick up the blue block,L1,blue,right,left,3,pregrasp,48,64,16,0.5,0.42953020134228187,9,8,0.3,0.7,8,0.18425369262695312,0.22101399302482605,0.22101399302482605,0.18425369262695312,-0.036760300397872925,0.49170392751693726,-0.11220402270555496,0.3432888984680176
test,C1,10,2026_08_18_00_50_52_802516_L1_right_C1,right,pick up the right block,pick up the blue block,L1,blue,right,left,4,pregrasp,64,80,16,0.625,0.5369127516778524,0,8,0.3,0.7,8,0.22971996665000916,0.25390613079071045,0.25390613079071045,0.22971996665000916,-0.024186164140701294,0.5398674607276917,-0.10062642395496368,0.294189989566803
test,C1,10,2026_08_18_00_50_52_802516_L1_right_C1,right,pick up the right block,pick up the blue block,L1,blue,right,left,4,pregrasp,64,80,16,0.625,0.5369127516778524,1,8,0.3,0.7,8,0.22904853522777557,0.2520710825920105,0.2520710825920105,0.22904853522777557,-0.023022547364234924,0.5398674607276917,-0.10062642395496368,0.294189989566803
test,C1,10,2026_08_18_00_50_52_802516_L1_right_C1,right,pick up the right block,pick up the blue block,L1,blue,right,left,4,pregrasp,64,80,16,0.625,0.5369127516778524,2,8,0.3,0.7,8,0.2775845229625702,0.3032536208629608,0.3032536208629608,0.2775845229625702,-0.025669097900390625,0.5398674607276917,-0.10062642395496368,0.294189989566803
test,C1,10,2026_08_18_00_50_52_802516_L1_right_C1,right,pick up the right block,pick up the blue block,L1,blue,right,left,4,pregrasp,64,80,16,0.625,0.5369127516778524,3,8,0.3,0.7,8,0.22864007949829102,0.25267505645751953,0.25267505645751953,0.22864007949829102,-0.024034976959228516,0.5398674607276917,-0.10062642395496368,0.294189989566803
test,C1,10,2026_08_18_00_50_52_802516_L1_right_C1,right,pick up the right block,pick up the blue block,L1,blue,right,left,4,pregrasp,64,80,16,0.625,0.5369127516778524,4,8,0.3,0.7,8,0.23720848560333252,0.26374784111976624,0.26374784111976624,0.23720848560333252,-0.026539355516433716,0.5398674607276917,-0.10062642395496368,0.294189989566803
test,C1,10,2026_08_18_00_50_52_802516_L1_right_C1,right,pick up the right block,pick up the blue block,L1,blue,right,left,4,pregrasp,64,80,16,0.625,0.5369127516778524,5,8,0.3,0.7,8,0.19547711312770844,0.22527429461479187,0.22527429461479187,0.19547711312770844,-0.029797181487083435,0.5398674607276917,-0.10062642395496368,0.294189989566803
test,C1,10,2026_08_18_00_50_52_802516_L1_right_C1,right,pick up the right block,pick up the blue block,L1,blue,right,left,4,pregrasp,64,80,16,0.625,0.5369127516778524,6,8,0.3,0.7,8,0.23481175303459167,0.2666945159435272,0.2666945159435272,0.23481175303459167,-0.03188276290893555,0.5398674607276917,-0.10062642395496368,0.294189989566803
test,C1,10,2026_08_18_00_50_52_802516_L1_right_C1,right,pick up the right block,pick up the blue block,L1,blue,right,left,4,pregrasp,64,80,16,0.625,0.5369127516778524,7,8,0.3,0.7,8,0.26651427149772644,0.2984877824783325,0.2984877824783325,0.26651427149772644,-0.03197351098060608,0.5398674607276917,-0.10062642395496368,0.294189989566803
test,C1,10,2026_08_18_00_50_52_802516_L1_right_C1,right,pick up the right block,pick up the blue block,L1,blue,right,left,4,pregrasp,64,80,16,0.625,0.5369127516778524,8,8,0.3,0.7,8,0.30689501762390137,0.3444518446922302,0.3444518446922302,0.30689501762390137,-0.03755682706832886,0.5398674607276917,-0.10062642395496368,0.294189989566803
test,C1,10,2026_08_18_00_50_52_802516_L1_right_C1,right,pick up the right block,pick up the blue block,L1,blue,right,left,4,pregrasp,64,80,16,0.625,0.5369127516778524,9,8,0.3,0.7,8,0.24010467529296875,0.26336246728897095,0.26336246728897095,0.24010467529296875,-0.023257791996002197,0.5398674607276917,-0.10062642395496368,0.294189989566803
test,C1,10,2026_08_18_00_50_52_802516_L1_right_C1,right,pick up the right block,pick up the blue block,L1,blue,right,left,5,pregrasp,80,96,16,0.75,0.6442953020134228,0,8,0.3,0.7,8,0.3579183518886566,0.40791070461273193,0.40791070461273193,0.3579183518886566,-0.04999235272407532,0.586178719997406,-0.07832471281290054,0.24674560129642487
test,C1,10,2026_08_18_00_50_52_802516_L1_right_C1,right,pick up the right block,pick up the blue block,L1,blue,right,left,5,pregrasp,80,96,16,0.75,0.6442953020134228,1,8,0.3,0.7,8,0.17449140548706055,0.19795240461826324,0.19795240461826324,0.17449140548706055,-0.023460999131202698,0.586178719997406,-0.07832471281290054,0.24674560129642487
test,C1,10,2026_08_18_00_50_52_802516_L1_right_C1,right,pick up the right block,pick up the blue block,L1,blue,right,left,5,pregrasp,80,96,16,0.75,0.6442953020134228,2,8,0.3,0.7,8,0.2360512912273407,0.27273592352867126,0.27273592352867126,0.2360512912273407,-0.036684632301330566,0.586178719997406,-0.07832471281290054,0.24674560129642487
test,C1,10,2026_08_18_00_50_52_802516_L1_right_C1,right,pick up the right block,pick up the blue block,L1,blue,right,left,5,pregrasp,80,96,16,0.75,0.6442953020134228,3,8,0.3,0.7,8,0.21219965815544128,0.2435399293899536,0.2435399293899536,0.21219965815544128,-0.03134027123451233,0.586178719997406,-0.07832471281290054,0.24674560129642487
test,C1,10,2026_08_18_00_50_52_802516_L1_right_C1,right,pick up the right block,pick up the blue block,L1,blue,right,left,5,pregrasp,80,96,16,0.75,0.6442953020134228,4,8,0.3,0.7,8,0.22899818420410156,0.2714432179927826,0.2714432179927826,0.22899818420410156,-0.04244503378868103,0.586178719997406,-0.07832471281290054,0.24674560129642487
test,C1,10,2026_08_18_00_50_52_802516_L1_right_C1,right,pick up the right block,pick up the blue block,L1,blue,right,left,5,pregrasp,80,96,16,0.75,0.6442953020134228,5,8,0.3,0.7,8,0.17658111453056335,0.22024448215961456,0.22024448215961456,0.17658111453056335,-0.04366336762905121,0.586178719997406,-0.07832471281290054,0.24674560129642487
test,C1,10,2026_08_18_00_50_52_802516_L1_right_C1,right,pick up the right block,pick up the blue block,L1,blue,right,left,5,pregrasp,80,96,16,0.75,0.6442953020134228,6,8,0.3,0.7,8,0.33759212493896484,0.38263046741485596,0.38263046741485596,0.33759212493896484,-0.04503834247589111,0.586178719997406,-0.07832471281290054,0.24674560129642487
test,C1,10,2026_08_18_00_50_52_802516_L1_right_C1,right,pick up the right block,pick up the blue block,L1,blue,right,left,5,pregrasp,80,96,16,0.75,0.6442953020134228,7,8,0.3,0.7,8,0.17971423268318176,0.2119506448507309,0.2119506448507309,0.17971423268318176,-0.03223641216754913,0.586178719997406,-0.07832471281290054,0.24674560129642487
test,C1,10,2026_08_18_00_50_52_802516_L1_right_C1,right,pick up the right block,pick up the blue block,L1,blue,right,left,5,pregrasp,80,96,16,0.75,0.6442953020134228,8,8,0.3,0.7,8,0.24819160997867584,0.28854790329933167,0.28854790329933167,0.24819160997867584,-0.04035629332065582,0.586178719997406,-0.07832471281290054,0.24674560129642487
test,C1,10,2026_08_18_00_50_52_802516_L1_right_C1,right,pick up the right block,pick up the blue block,L1,blue,right,left,5,pregrasp,80,96,16,0.75,0.6442953020134228,9,8,0.3,0.7,8,0.3071630895137787,0.350512832403183,0.350512832403183,0.3071630895137787,-0.0433497428894043,0.586178719997406,-0.07832471281290054,0.24674560129642487
test,C1,10,2026_08_18_00_50_52_802516_L1_right_C1,right,pick up the right block,pick up the blue block,L1,blue,right,left,6,pregrasp,96,112,16,0.875,0.7516778523489933,0,8,0.3,0.7,8,0.2896348834037781,0.29342490434646606,0.29342490434646606,0.2896348834037781,-0.0037900209426879883,0.6305158138275146,-0.05102887377142906,0.20061933994293213
test,C1,10,2026_08_18_00_50_52_802516_L1_right_C1,right,pick up the right block,pick up the blue block,L1,blue,right,left,6,pregrasp,96,112,16,0.875,0.7516778523489933,1,8,0.3,0.7,8,0.15209180116653442,0.15852367877960205,0.15852367877960205,0.15209180116653442,-0.006431877613067627,0.6305158138275146,-0.05102887377142906,0.20061933994293213
test,C1,10,2026_08_18_00_50_52_802516_L1_right_C1,right,pick up the right block,pick up the blue block,L1,blue,right,left,6,pregrasp,96,112,16,0.875,0.7516778523489933,2,8,0.3,0.7,8,0.2423381805419922,0.2478608340024948,0.2478608340024948,0.2423381805419922,-0.0055226534605026245,0.6305158138275146,-0.05102887377142906,0.20061933994293213
test,C1,10,2026_08_18_00_50_52_802516_L1_right_C1,right,pick up the right block,pick up the blue block,L1,blue,right,left,6,pregrasp,96,112,16,0.875,0.7516778523489933,3,8,0.3,0.7,8,0.207168847322464,0.21543928980827332,0.21543928980827332,0.207168847322464,-0.008270442485809326,0.6305158138275146,-0.05102887377142906,0.20061933994293213
test,C1,10,2026_08_18_00_50_52_802516_L1_right_C1,right,pick up the right block,pick up the blue block,L1,blue,right,left,6,pregrasp,96,112,16,0.875,0.7516778523489933,4,8,0.3,0.7,8,0.2573733925819397,0.26449230313301086,0.26449230313301086,0.2573733925819397,-0.007118910551071167,0.6305158138275146,-0.05102887377142906,0.20061933994293213
test,C1,10,2026_08_18_00_50_52_802516_L1_right_C1,right,pick up the right block,pick up the blue block,L1,blue,right,left,6,pregrasp,96,112,16,0.875,0.7516778523489933,5,8,0.3,0.7,8,0.28033724427223206,0.2841106951236725,0.2841106951236725,0.28033724427223206,-0.0037734508514404297,0.6305158138275146,-0.05102887377142906,0.20061933994293213
test,C1,10,2026_08_18_00_50_52_802516_L1_right_C1,right,pick up the right block,pick up the blue block,L1,blue,right,left,6,pregrasp,96,112,16,0.875,0.7516778523489933,6,8,0.3,0.7,8,0.23094609379768372,0.23566415905952454,0.23566415905952454,0.23094609379768372,-0.00471806526184082,0.6305158138275146,-0.05102887377142906,0.20061933994293213
test,C1,10,2026_08_18_00_50_52_802516_L1_right_C1,right,pick up the right block,pick up the blue block,L1,blue,right,left,6,pregrasp,96,112,16,0.875,0.7516778523489933,7,8,0.3,0.7,8,0.19904419779777527,0.20531843602657318,0.20531843602657318,0.19904419779777527,-0.006274238228797913,0.6305158138275146,-0.05102887377142906,0.20061933994293213
test,C1,10,2026_08_18_00_50_52_802516_L1_right_C1,right,pick up the right block,pick up the blue block,L1,blue,right,left,6,pregrasp,96,112,16,0.875,0.7516778523489933,8,8,0.3,0.7,8,0.3124459683895111,0.3195728063583374,0.3195728063583374,0.3124459683895111,-0.007126837968826294,0.6305158138275146,-0.05102887377142906,0.20061933994293213
test,C1,10,2026_08_18_00_50_52_802516_L1_right_C1,right,pick up the right block,pick up the blue block,L1,blue,right,left,6,pregrasp,96,112,16,0.875,0.7516778523489933,9,8,0.3,0.7,8,0.22435055673122406,0.23041486740112305,0.23041486740112305,0.22435055673122406,-0.006064310669898987,0.6305158138275146,-0.05102887377142906,0.20061933994293213
test,C1,10,2026_08_18_00_50_52_802516_L1_right_C1,right,pick up the right block,pick up the blue block,L1,blue,right,left,7,pregrasp,112,128,16,1.0,0.8590604026845637,0,8,0.3,0.7,8,0.24187937378883362,0.24621452391147614,0.24621452391147614,0.24187937378883362,-0.004335150122642517,0.641058087348938,-0.04564709961414337,0.1898973286151886
test,C1,10,2026_08_18_00_50_52_802516_L1_right_C1,right,pick up the right block,pick up the blue block,L1,blue,right,left,7,pregrasp,112,128,16,1.0,0.8590604026845637,1,8,0.3,0.7,8,0.17582134902477264,0.17881368100643158,0.17881368100643158,0.17582134902477264,-0.0029923319816589355,0.641058087348938,-0.04564709961414337,0.1898973286151886
test,C1,10,2026_08_18_00_50_52_802516_L1_right_C1,right,pick up the right block,pick up the blue block,L1,blue,right,left,7,pregrasp,112,128,16,1.0,0.8590604026845637,2,8,0.3,0.7,8,0.22262871265411377,0.2272188365459442,0.2272188365459442,0.22262871265411377,-0.004590123891830444,0.641058087348938,-0.04564709961414337,0.1898973286151886
test,C1,10,2026_08_18_00_50_52_802516_L1_right_C1,right,pick up the right block,pick up the blue block,L1,blue,right,left,7,pregrasp,112,128,16,1.0,0.8590604026845637,3,8,0.3,0.7,8,0.2727356255054474,0.2770438492298126,0.2770438492298126,0.2727356255054474,-0.004308223724365234,0.641058087348938,-0.04564709961414337,0.1898973286151886
test,C1,10,2026_08_18_00_50_52_802516_L1_right_C1,right,pick up the right block,pick up the blue block,L1,blue,right,left,7,pregrasp,112,128,16,1.0,0.8590604026845637,4,8,0.3,0.7,8,0.21304506063461304,0.21776065230369568,0.21776065230369568,0.21304506063461304,-0.004715591669082642,0.641058087348938,-0.04564709961414337,0.1898973286151886
test,C1,10,2026_08_18_00_50_52_802516_L1_right_C1,right,pick up the right block,pick up the blue block,L1,blue,right,left,7,pregrasp,112,128,16,1.0,0.8590604026845637,5,8,0.3,0.7,8,0.30171528458595276,0.3075425624847412,0.3075425624847412,0.30171528458595276,-0.005827277898788452,0.641058087348938,-0.04564709961414337,0.1898973286151886
test,C1,10,2026_08_18_00_50_52_802516_L1_right_C1,right,pick up the right block,pick up the blue block,L1,blue,right,left,7,pregrasp,112,128,16,1.0,0.8590604026845637,6,8,0.3,0.7,8,0.27805858850479126,0.2830769419670105,0.2830769419670105,0.27805858850479126,-0.005018353462219238,0.641058087348938,-0.04564709961414337,0.1898973286151886
test,C1,10,2026_08_18_00_50_52_802516_L1_right_C1,right,pick up the right block,pick up the blue block,L1,blue,right,left,7,pregrasp,112,128,16,1.0,0.8590604026845637,7,8,0.3,0.7,8,0.2480347752571106,0.25277331471443176,0.25277331471443176,0.2480347752571106,-0.004738539457321167,0.641058087348938,-0.04564709961414337,0.1898973286151886
test,C1,10,2026_08_18_00_50_52_802516_L1_right_C1,right,pick up the right block,pick up the blue block,L1,blue,right,left,7,pregrasp,112,128,16,1.0,0.8590604026845637,8,8,0.3,0.7,8,0.26132267713546753,0.2664467990398407,0.2664467990398407,0.26132267713546753,-0.005124121904373169,0.641058087348938,-0.04564709961414337,0.1898973286151886
test,C1,10,2026_08_18_00_50_52_802516_L1_right_C1,right,pick up the right block,pick up the blue block,L1,blue,right,left,7,pregrasp,112,128,16,1.0,0.8590604026845637,9,8,0.3,0.7,8,0.20121024549007416,0.20543406903743744,0.20543406903743744,0.20121024549007416,-0.004223823547363281,0.641058087348938,-0.04564709961414337,0.1898973286151886
test,C1,10,2026_08_18_00_50_52_802516_L1_right_C1,right,pick up the right block,pick up the blue block,L1,blue,right,left,8,postgrasp,128,144,16,1.0,0.9664429530201343,0,8,0.3,0.7,8,0.37001192569732666,0.37282508611679077,0.37282508611679077,0.37001192569732666,-0.0028131604194641113,0.6415480375289917,-0.04559824615716934,0.19032856822013855
test,C1,10,2026_08_18_00_50_52_802516_L1_right_C1,right,pick up the right block,pick up the blue block,L1,blue,right,left,8,postgrasp,128,144,16,1.0,0.9664429530201343,1,8,0.3,0.7,8,0.35974058508872986,0.37145763635635376,0.37145763635635376,0.35974058508872986,-0.011717051267623901,0.6415480375289917,-0.04559824615716934,0.19032856822013855
test,C1,10,2026_08_18_00_50_52_802516_L1_right_C1,right,pick up the right block,pick up the blue block,L1,blue,right,left,8,postgrasp,128,144,16,1.0,0.9664429530201343,2,8,0.3,0.7,8,0.3476054072380066,0.35488349199295044,0.35488349199295044,0.3476054072380066,-0.007278084754943848,0.6415480375289917,-0.04559824615716934,0.19032856822013855
test,C1,10,2026_08_18_00_50_52_802516_L1_right_C1,right,pick up the right block,pick up the blue block,L1,blue,right,left,8,postgrasp,128,144,16,1.0,0.9664429530201343,3,8,0.3,0.7,8,0.3316044211387634,0.34172528982162476,0.34172528982162476,0.3316044211387634,-0.010120868682861328,0.6415480375289917,-0.04559824615716934,0.19032856822013855
test,C1,10,2026_08_18_00_50_52_802516_L1_right_C1,right,pick up the right block,pick up the blue block,L1,blue,right,left,8,postgrasp,128,144,16,1.0,0.9664429530201343,4,8,0.3,0.7,8,0.3407834768295288,0.3418290913105011,0.3418290913105011,0.3407834768295288,-0.00104561448097229,0.6415480375289917,-0.04559824615716934,0.19032856822013855
test,C1,10,2026_08_18_00_50_52_802516_L1_right_C1,right,pick up the right block,pick up the blue block,L1,blue,right,left,8,postgrasp,128,144,16,1.0,0.9664429530201343,5,8,0.3,0.7,8,0.32053449749946594,0.3259545564651489,0.3259545564651489,0.32053449749946594,-0.005420058965682983,0.6415480375289917,-0.04559824615716934,0.19032856822013855
test,C1,10,2026_08_18_00_50_52_802516_L1_right_C1,right,pick up the right block,pick up the blue block,L1,blue,right,left,8,postgrasp,128,144,16,1.0,0.9664429530201343,6,8,0.3,0.7,8,0.30264776945114136,0.3087511956691742,0.3087511956691742,0.30264776945114136,-0.006103426218032837,0.6415480375289917,-0.04559824615716934,0.19032856822013855
test,C1,10,2026_08_18_00_50_52_802516_L1_right_C1,right,pick up the right block,pick up the blue block,L1,blue,right,left,8,postgrasp,128,144,16,1.0,0.9664429530201343,7,8,0.3,0.7,8,0.29374563694000244,0.293387770652771,0.293387770652771,0.29374563694000244,0.0003578662872314453,0.6415480375289917,-0.04559824615716934,0.19032856822013855
test,C1,10,2026_08_18_00_50_52_802516_L1_right_C1,right,pick up the right block,pick up the blue block,L1,blue,right,left,8,postgrasp,128,144,16,1.0,0.9664429530201343,8,8,0.3,0.7,8,0.354040265083313,0.3633311986923218,0.3633311986923218,0.354040265083313,-0.009290933609008789,0.6415480375289917,-0.04559824615716934,0.19032856822013855
test,C1,10,2026_08_18_00_50_52_802516_L1_right_C1,right,pick up the right block,pick up the blue block,L1,blue,right,left,8,postgrasp,128,144,16,1.0,0.9664429530201343,9,8,0.3,0.7,8,0.33394384384155273,0.33972033858299255,0.33972033858299255,0.33394384384155273,-0.005776494741439819,0.6415480375289917,-0.04559824615716934,0.19032856822013855
test,C1,10,2026_08_18_00_50_52_802516_L1_right_C1,right,pick up the right block,pick up the blue block,L1,blue,right,left,9,postgrasp,144,149,5,1.0,1.0,0,8,0.3,0.7,8,0.2959625720977783,0.28970053791999817,0.28970053791999817,0.2959625720977783,0.006262034177780151,0.6415497064590454,-0.04560047388076782,0.1903260201215744
test,C1,10,2026_08_18_00_50_52_802516_L1_right_C1,right,pick up the right block,pick up the blue block,L1,blue,right,left,9,postgrasp,144,149,5,1.0,1.0,1,8,0.3,0.7,8,0.2204371839761734,0.2138507068157196,0.2138507068157196,0.2204371839761734,0.006586477160453796,0.6415497064590454,-0.04560047388076782,0.1903260201215744
test,C1,10,2026_08_18_00_50_52_802516_L1_right_C1,right,pick up the right block,pick up the blue block,L1,blue,right,left,9,postgrasp,144,149,5,1.0,1.0,2,8,0.3,0.7,8,0.2746292054653168,0.27324938774108887,0.27324938774108887,0.2746292054653168,0.0013798177242279053,0.6415497064590454,-0.04560047388076782,0.1903260201215744
test,C1,10,2026_08_18_00_50_52_802516_L1_right_C1,right,pick up the right block,pick up the blue block,L1,blue,right,left,9,postgrasp,144,149,5,1.0,1.0,3,8,0.3,0.7,8,0.21914739906787872,0.2145904004573822,0.2145904004573822,0.21914739906787872,0.004556998610496521,0.6415497064590454,-0.04560047388076782,0.1903260201215744
test,C1,10,2026_08_18_00_50_52_802516_L1_right_C1,right,pick up the right block,pick up the blue block,L1,blue,right,left,9,postgrasp,144,149,5,1.0,1.0,4,8,0.3,0.7,8,0.1850520670413971,0.17930899560451508,0.17930899560451508,0.1850520670413971,0.005743071436882019,0.6415497064590454,-0.04560047388076782,0.1903260201215744
test,C1,10,2026_08_18_00_50_52_802516_L1_right_C1,right,pick up the right block,pick up the blue block,L1,blue,right,left,9,postgrasp,144,149,5,1.0,1.0,5,8,0.3,0.7,8,0.24005353450775146,0.2397690862417221,0.2397690862417221,0.24005353450775146,0.0002844482660293579,0.6415497064590454,-0.04560047388076782,0.1903260201215744
test,C1,10,2026_08_18_00_50_52_802516_L1_right_C1,right,pick up the right block,pick up the blue block,L1,blue,right,left,9,postgrasp,144,149,5,1.0,1.0,6,8,0.3,0.7,8,0.2245824933052063,0.2142878770828247,0.2142878770828247,0.2245824933052063,0.010294616222381592,0.6415497064590454,-0.04560047388076782,0.1903260201215744
test,C1,10,2026_08_18_00_50_52_802516_L1_right_C1,right,pick up the right block,pick up the blue block,L1,blue,right,left,9,postgrasp,144,149,5,1.0,1.0,7,8,0.3,0.7,8,0.29830214381217957,0.2982926070690155,0.2982926070690155,0.29830214381217957,9.5367431640625e-06,0.6415497064590454,-0.04560047388076782,0.1903260201215744
test,C1,10,2026_08_18_00_50_52_802516_L1_right_C1,right,pick up the right block,pick up the blue block,L1,blue,right,left,9,postgrasp,144,149,5,1.0,1.0,8,8,0.3,0.7,8,0.21310488879680634,0.21196001768112183,0.21196001768112183,0.21310488879680634,0.0011448711156845093,0.6415497064590454,-0.04560047388076782,0.1903260201215744
test,C1,10,2026_08_18_00_50_52_802516_L1_right_C1,right,pick up the right block,pick up the blue block,L1,blue,right,left,9,postgrasp,144,149,5,1.0,1.0,9,8,0.3,0.7,8,0.29216885566711426,0.29228517413139343,0.29228517413139343,0.29216885566711426,-0.0001163184642791748,0.6415497064590454,-0.04560047388076782,0.1903260201215744
test,C2,11,2026_08_18_00_51_25_610649_L1_right_C2,right,pick up the right block,pick up the blue block,L1,blue,right,left,0,pregrasp,0,16,16,0.10256410256410256,0.0903954802259887,0,8,0.3,0.7,8,0.2049092799425125,0.22972865402698517,0.22972865402698517,0.2049092799425125,-0.024819374084472656,0.3679506182670593,-0.029477335512638092,0.48429223895072937
test,C2,11,2026_08_18_00_51_25_610649_L1_right_C2,right,pick up the right block,pick up the blue block,L1,blue,right,left,0,pregrasp,0,16,16,0.10256410256410256,0.0903954802259887,1,8,0.3,0.7,8,0.20064133405685425,0.22957085072994232,0.22957085072994232,0.20064133405685425,-0.028929516673088074,0.3679506182670593,-0.029477335512638092,0.48429223895072937
test,C2,11,2026_08_18_00_51_25_610649_L1_right_C2,right,pick up the right block,pick up the blue block,L1,blue,right,left,0,pregrasp,0,16,16,0.10256410256410256,0.0903954802259887,2,8,0.3,0.7,8,0.2794496715068817,0.3406961262226105,0.3406961262226105,0.2794496715068817,-0.06124645471572876,0.3679506182670593,-0.029477335512638092,0.48429223895072937
test,C2,11,2026_08_18_00_51_25_610649_L1_right_C2,right,pick up the right block,pick up the blue block,L1,blue,right,left,0,pregrasp,0,16,16,0.10256410256410256,0.0903954802259887,3,8,0.3,0.7,8,0.1871892511844635,0.19408319890499115,0.19408319890499115,0.1871892511844635,-0.006893947720527649,0.3679506182670593,-0.029477335512638092,0.48429223895072937
test,C2,11,2026_08_18_00_51_25_610649_L1_right_C2,right,pick up the right block,pick up the blue block,L1,blue,right,left,0,pregrasp,0,16,16,0.10256410256410256,0.0903954802259887,4,8,0.3,0.7,8,0.22253331542015076,0.24042434990406036,0.24042434990406036,0.22253331542015076,-0.017891034483909607,0.3679506182670593,-0.029477335512638092,0.48429223895072937
test,C2,11,2026_08_18_00_51_25_610649_L1_right_C2,right,pick up the right block,pick up the blue block,L1,blue,right,left,0,pregrasp,0,16,16,0.10256410256410256,0.0903954802259887,5,8,0.3,0.7,8,0.2996145486831665,0.35081946849823,0.35081946849823,0.2996145486831665,-0.05120491981506348,0.3679506182670593,-0.029477335512638092,0.48429223895072937
test,C2,11,2026_08_18_00_51_25_610649_L1_right_C2,right,pick up the right block,pick up the blue block,L1,blue,right,left,0,pregrasp,0,16,16,0.10256410256410256,0.0903954802259887,6,8,0.3,0.7,8,0.18913328647613525,0.19576820731163025,0.19576820731163025,0.18913328647613525,-0.006634920835494995,0.3679506182670593,-0.029477335512638092,0.48429223895072937
test,C2,11,2026_08_18_00_51_25_610649_L1_right_C2,right,pick up the right block,pick up the blue block,L1,blue,right,left,0,pregrasp,0,16,16,0.10256410256410256,0.0903954802259887,7,8,0.3,0.7,8,0.24977634847164154,0.2791362702846527,0.2791362702846527,0.24977634847164154,-0.02935992181301117,0.3679506182670593,-0.029477335512638092,0.48429223895072937
test,C2,11,2026_08_18_00_51_25_610649_L1_right_C2,right,pick up the right block,pick up the blue block,L1,blue,right,left,0,pregrasp,0,16,16,0.10256410256410256,0.0903954802259887,8,8,0.3,0.7,8,0.2586022615432739,0.2770267128944397,0.2770267128944397,0.2586022615432739,-0.01842445135116577,0.3679506182670593,-0.029477335512638092,0.48429223895072937
test,C2,11,2026_08_18_00_51_25_610649_L1_right_C2,right,pick up the right block,pick up the blue block,L1,blue,right,left,0,pregrasp,0,16,16,0.10256410256410256,0.0903954802259887,9,8,0.3,0.7,8,0.21590903401374817,0.2353125661611557,0.2353125661611557,0.21590903401374817,-0.019403532147407532,0.3679506182670593,-0.029477335512638092,0.48429223895072937
test,C2,11,2026_08_18_00_51_25_610649_L1_right_C2,right,pick up the right block,pick up the blue block,L1,blue,right,left,1,pregrasp,16,32,16,0.20512820512820512,0.1807909604519774,0,8,0.3,0.7,8,0.30826395750045776,0.36665022373199463,0.36665022373199463,0.30826395750045776,-0.058386266231536865,0.3804990351200104,-0.09288474172353745,0.4602116346359253
test,C2,11,2026_08_18_00_51_25_610649_L1_right_C2,right,pick up the right block,pick up the blue block,L1,blue,right,left,1,pregrasp,16,32,16,0.20512820512820512,0.1807909604519774,1,8,0.3,0.7,8,0.1693977415561676,0.18250752985477448,0.18250752985477448,0.1693977415561676,-0.013109788298606873,0.3804990351200104,-0.09288474172353745,0.4602116346359253
test,C2,11,2026_08_18_00_51_25_610649_L1_right_C2,right,pick up the right block,pick up the blue block,L1,blue,right,left,1,pregrasp,16,32,16,0.20512820512820512,0.1807909604519774,2,8,0.3,0.7,8,0.22217057645320892,0.2805313766002655,0.2805313766002655,0.22217057645320892,-0.05836080014705658,0.3804990351200104,-0.09288474172353745,0.4602116346359253
test,C2,11,2026_08_18_00_51_25_610649_L1_right_C2,right,pick up the right block,pick up the blue block,L1,blue,right,left,1,pregrasp,16,32,16,0.20512820512820512,0.1807909604519774,3,8,0.3,0.7,8,0.28613966703414917,0.3200518488883972,0.3200518488883972,0.28613966703414917,-0.03391218185424805,0.3804990351200104,-0.09288474172353745,0.4602116346359253
test,C2,11,2026_08_18_00_51_25_610649_L1_right_C2,right,pick up the right block,pick up the blue block,L1,blue,right,left,1,pregrasp,16,32,16,0.20512820512820512,0.1807909604519774,4,8,0.3,0.7,8,0.16787539422512054,0.1739685833454132,0.1739685833454132,0.16787539422512054,-0.006093189120292664,0.3804990351200104,-0.09288474172353745,0.4602116346359253
test,C2,11,2026_08_18_00_51_25_610649_L1_right_C2,right,pick up the right block,pick up the blue block,L1,blue,right,left,1,pregrasp,16,32,16,0.20512820512820512,0.1807909604519774,5,8,0.3,0.7,8,0.26566851139068604,0.31189125776290894,0.31189125776290894,0.26566851139068604,-0.0462227463722229,0.3804990351200104,-0.09288474172353745,0.4602116346359253
test,C2,11,2026_08_18_00_51_25_610649_L1_right_C2,right,pick up the right block,pick up the blue block,L1,blue,right,left,1,pregrasp,16,32,16,0.20512820512820512,0.1807909604519774,6,8,0.3,0.7,8,0.18860295414924622,0.2168353646993637,0.2168353646993637,0.18860295414924622,-0.028232410550117493,0.3804990351200104,-0.09288474172353745,0.4602116346359253
test,C2,11,2026_08_18_00_51_25_610649_L1_right_C2,right,pick up the right block,pick up the blue block,L1,blue,right,left,1,pregrasp,16,32,16,0.20512820512820512,0.1807909604519774,7,8,0.3,0.7,8,0.21287468075752258,0.26026713848114014,0.26026713848114014,0.21287468075752258,-0.047392457723617554,0.3804990351200104,-0.09288474172353745,0.4602116346359253
test,C2,11,2026_08_18_00_51_25_610649_L1_right_C2,right,pick up the right block,pick up the blue block,L1,blue,right,left,1,pregrasp,16,32,16,0.20512820512820512,0.1807909604519774,8,8,0.3,0.7,8,0.18015511333942413,0.19704291224479675,0.19704291224479675,0.18015511333942413,-0.01688779890537262,0.3804990351200104,-0.09288474172353745,0.4602116346359253
test,C2,11,2026_08_18_00_51_25_610649_L1_right_C2,right,pick up the right block,pick up the blue block,L1,blue,right,left,1,pregrasp,16,32,16,0.20512820512820512,0.1807909604519774,9,8,0.3,0.7,8,0.17451421916484833,0.20856916904449463,0.20856916904449463,0.17451421916484833,-0.0340549498796463,0.3804990351200104,-0.09288474172353745,0.4602116346359253
test,C2,11,2026_08_18_00_51_25_610649_L1_right_C2,right,pick up the right block,pick up the blue block,L1,blue,right,left,2,pregrasp,32,48,16,0.3076923076923077,0.2711864406779661,0,8,0.3,0.7,8,0.19989722967147827,0.24628758430480957,0.24628758430480957,0.19989722967147827,-0.0463903546333313,0.405178040266037,-0.152251198887825,0.43441298604011536
test,C2,11,2026_08_18_00_51_25_610649_L1_right_C2,right,pick up the right block,pick up the blue block,L1,blue,right,left,2,pregrasp,32,48,16,0.3076923076923077,0.2711864406779661,1,8,0.3,0.7,8,0.24750541150569916,0.30249589681625366,0.30249589681625366,0.24750541150569916,-0.054990485310554504,0.405178040266037,-0.152251198887825,0.43441298604011536
test,C2,11,2026_08_18_00_51_25_610649_L1_right_C2,right,pick up the right block,pick up the blue block,L1,blue,right,left,2,pregrasp,32,48,16,0.3076923076923077,0.2711864406779661,2,8,0.3,0.7,8,0.20265184342861176,0.2560359537601471,0.2560359537601471,0.20265184342861176,-0.05338411033153534,0.405178040266037,-0.152251198887825,0.43441298604011536
test,C2,11,2026_08_18_00_51_25_610649_L1_right_C2,right,pick up the right block,pick up the blue block,L1,blue,right,left,2,pregrasp,32,48,16,0.3076923076923077,0.2711864406779661,3,8,0.3,0.7,8,0.2536173164844513,0.3362138271331787,0.3362138271331787,0.2536173164844513,-0.08259651064872742,0.405178040266037,-0.152251198887825,0.43441298604011536
test,C2,11,2026_08_18_00_51_25_610649_L1_right_C2,right,pick up the right block,pick up the blue block,L1,blue,right,left,2,pregrasp,32,48,16,0.3076923076923077,0.2711864406779661,4,8,0.3,0.7,8,0.25732284784317017,0.32141557335853577,0.32141557335853577,0.25732284784317017,-0.0640927255153656,0.405178040266037,-0.152251198887825,0.43441298604011536
test,C2,11,2026_08_18_00_51_25_610649_L1_right_C2,right,pick up the right block,pick up the blue block,L1,blue,right,left,2,pregrasp,32,48,16,0.3076923076923077,0.2711864406779661,5,8,0.3,0.7,8,0.37598660588264465,0.478640079498291,0.478640079498291,0.37598660588264465,-0.10265347361564636,0.405178040266037,-0.152251198887825,0.43441298604011536
test,C2,11,2026_08_18_00_51_25_610649_L1_right_C2,right,pick up the right block,pick up the blue block,L1,blue,right,left,2,pregrasp,32,48,16,0.3076923076923077,0.2711864406779661,6,8,0.3,0.7,8,0.24040603637695312,0.3065408766269684,0.3065408766269684,0.24040603637695312,-0.06613484025001526,0.405178040266037,-0.152251198887825,0.43441298604011536
test,C2,11,2026_08_18_00_51_25_610649_L1_right_C2,right,pick up the right block,pick up the blue block,L1,blue,right,left,2,pregrasp,32,48,16,0.3076923076923077,0.2711864406779661,7,8,0.3,0.7,8,0.1989309936761856,0.25828951597213745,0.25828951597213745,0.1989309936761856,-0.05935852229595184,0.405178040266037,-0.152251198887825,0.43441298604011536
test,C2,11,2026_08_18_00_51_25_610649_L1_right_C2,right,pick up the right block,pick up the blue block,L1,blue,right,left,2,pregrasp,32,48,16,0.3076923076923077,0.2711864406779661,8,8,0.3,0.7,8,0.25316232442855835,0.30353590846061707,0.30353590846061707,0.25316232442855835,-0.050373584032058716,0.405178040266037,-0.152251198887825,0.43441298604011536
test,C2,11,2026_08_18_00_51_25_610649_L1_right_C2,right,pick up the right block,pick up the blue block,L1,blue,right,left,2,pregrasp,32,48,16,0.3076923076923077,0.2711864406779661,9,8,0.3,0.7,8,0.2473338395357132,0.3156997263431549,0.3156997263431549,0.2473338395357132,-0.06836588680744171,0.405178040266037,-0.152251198887825,0.43441298604011536
test,C2,11,2026_08_18_00_51_25_610649_L1_right_C2,right,pick up the right block,pick up the blue block,L1,blue,right,left,3,pregrasp,48,64,16,0.41025641025641024,0.3615819209039548,0,8,0.3,0.7,8,0.2450433075428009,0.28318721055984497,0.28318721055984497,0.2450433075428009,-0.03814390301704407,0.4423517882823944,-0.19606880843639374,0.3962516486644745
test,C2,11,2026_08_18_00_51_25_610649_L1_right_C2,right,pick up the right block,pick up the blue block,L1,blue,right,left,3,pregrasp,48,64,16,0.41025641025641024,0.3615819209039548,1,8,0.3,0.7,8,0.2326154261827469,0.28379619121551514,0.28379619121551514,0.2326154261827469,-0.05118076503276825,0.4423517882823944,-0.19606880843639374,0.3962516486644745
test,C2,11,2026_08_18_00_51_25_610649_L1_right_C2,right,pick up the right block,pick up the blue block,L1,blue,right,left,3,pregrasp,48,64,16,0.41025641025641024,0.3615819209039548,2,8,0.3,0.7,8,0.2357947826385498,0.28471875190734863,0.28471875190734863,0.2357947826385498,-0.04892396926879883,0.4423517882823944,-0.19606880843639374,0.3962516486644745
test,C2,11,2026_08_18_00_51_25_610649_L1_right_C2,right,pick up the right block,pick up the blue block,L1,blue,right,left,3,pregrasp,48,64,16,0.41025641025641024,0.3615819209039548,3,8,0.3,0.7,8,0.26649710536003113,0.3274077773094177,0.3274077773094177,0.26649710536003113,-0.0609106719493866,0.4423517882823944,-0.19606880843639374,0.3962516486644745
test,C2,11,2026_08_18_00_51_25_610649_L1_right_C2,right,pick up the right block,pick up the blue block,L1,blue,right,left,3,pregrasp,48,64,16,0.41025641025641024,0.3615819209039548,4,8,0.3,0.7,8,0.22853964567184448,0.26599979400634766,0.26599979400634766,0.22853964567184448,-0.037460148334503174,0.4423517882823944,-0.19606880843639374,0.3962516486644745
test,C2,11,2026_08_18_00_51_25_610649_L1_right_C2,right,pick up the right block,pick up the blue block,L1,blue,right,left,3,pregrasp,48,64,16,0.41025641025641024,0.3615819209039548,5,8,0.3,0.7,8,0.2028438001871109,0.22886401414871216,0.22886401414871216,0.2028438001871109,-0.026020213961601257,0.4423517882823944,-0.19606880843639374,0.3962516486644745
test,C2,11,2026_08_18_00_51_25_610649_L1_right_C2,right,pick up the right block,pick up the blue block,L1,blue,right,left,3,pregrasp,48,64,16,0.41025641025641024,0.3615819209039548,6,8,0.3,0.7,8,0.23704871535301208,0.29075607657432556,0.29075607657432556,0.23704871535301208,-0.05370736122131348,0.4423517882823944,-0.19606880843639374,0.3962516486644745
test,C2,11,2026_08_18_00_51_25_610649_L1_right_C2,right,pick up the right block,pick up the blue block,L1,blue,right,left,3,pregrasp,48,64,16,0.41025641025641024,0.3615819209039548,7,8,0.3,0.7,8,0.28551316261291504,0.33430635929107666,0.33430635929107666,0.28551316261291504,-0.04879319667816162,0.4423517882823944,-0.19606880843639374,0.3962516486644745
test,C2,11,2026_08_18_00_51_25_610649_L1_right_C2,right,pick up the right block,pick up the blue block,L1,blue,right,left,3,pregrasp,48,64,16,0.41025641025641024,0.3615819209039548,8,8,0.3,0.7,8,0.21752816438674927,0.24911020696163177,0.24911020696163177,0.21752816438674927,-0.03158204257488251,0.4423517882823944,-0.19606880843639374,0.3962516486644745
test,C2,11,2026_08_18_00_51_25_610649_L1_right_C2,right,pick up the right block,pick up the blue block,L1,blue,right,left,3,pregrasp,48,64,16,0.41025641025641024,0.3615819209039548,9,8,0.3,0.7,8,0.24927790462970734,0.29982468485832214,0.29982468485832214,0.24927790462970734,-0.05054678022861481,0.4423517882823944,-0.19606880843639374,0.3962516486644745
test,C2,11,2026_08_18_00_51_25_610649_L1_right_C2,right,pick up the right block,pick up the blue block,L1,blue,right,left,4,pregrasp,64,80,16,0.5128205128205128,0.4519774011299435,0,8,0.3,0.7,8,0.1551048308610916,0.17063042521476746,0.17063042521476746,0.1551048308610916,-0.015525594353675842,0.48799917101860046,-0.20648501813411713,0.3474779725074768
test,C2,11,2026_08_18_00_51_25_610649_L1_right_C2,right,pick up the right block,pick up the blue block,L1,blue,right,left,4,pregrasp,64,80,16,0.5128205128205128,0.4519774011299435,1,8,0.3,0.7,8,0.3049241900444031,0.32735833525657654,0.32735833525657654,0.3049241900444031,-0.022434145212173462,0.48799917101860046,-0.20648501813411713,0.3474779725074768
test,C2,11,2026_08_18_00_51_25_610649_L1_right_C2,right,pick up the right block,pick up the blue block,L1,blue,right,left,4,pregrasp,64,80,16,0.5128205128205128,0.4519774011299435,2,8,0.3,0.7,8,0.2498607188463211,0.26703697443008423,0.26703697443008423,0.2498607188463211,-0.017176255583763123,0.48799917101860046,-0.20648501813411713,0.3474779725074768
test,C2,11,2026_08_18_00_51_25_610649_L1_right_C2,right,pick up the right block,pick up the blue block,L1,blue,right,left,4,pregrasp,64,80,16,0.5128205128205128,0.4519774011299435,3,8,0.3,0.7,8,0.23713529109954834,0.2530897259712219,0.2530897259712219,0.23713529109954834,-0.015954434871673584,0.48799917101860046,-0.20648501813411713,0.3474779725074768
test,C2,11,2026_08_18_00_51_25_610649_L1_right_C2,right,pick up the right block,pick up the blue block,L1,blue,right,left,4,pregrasp,64,80,16,0.5128205128205128,0.4519774011299435,4,8,0.3,0.7,8,0.3348742723464966,0.36722350120544434,0.36722350120544434,0.3348742723464966,-0.032349228858947754,0.48799917101860046,-0.20648501813411713,0.3474779725074768
test,C2,11,2026_08_18_00_51_25_610649_L1_right_C2,right,pick up the right block,pick up the blue block,L1,blue,right,left,4,pregrasp,64,80,16,0.5128205128205128,0.4519774011299435,5,8,0.3,0.7,8,0.21892687678337097,0.2467067688703537,0.2467067688703537,0.21892687678337097,-0.027779892086982727,0.48799917101860046,-0.20648501813411713,0.3474779725074768
test,C2,11,2026_08_18_00_51_25_610649_L1_right_C2,right,pick up the right block,pick up the blue block,L1,blue,right,left,4,pregrasp,64,80,16,0.5128205128205128,0.4519774011299435,6,8,0.3,0.7,8,0.22211602330207825,0.2375541627407074,0.2375541627407074,0.22211602330207825,-0.01543813943862915,0.48799917101860046,-0.20648501813411713,0.3474779725074768
test,C2,11,2026_08_18_00_51_25_610649_L1_right_C2,right,pick up the right block,pick up the blue block,L1,blue,right,left,4,pregrasp,64,80,16,0.5128205128205128,0.4519774011299435,7,8,0.3,0.7,8,0.2853125333786011,0.3070501387119293,0.3070501387119293,0.2853125333786011,-0.021737605333328247,0.48799917101860046,-0.20648501813411713,0.3474779725074768
test,C2,11,2026_08_18_00_51_25_610649_L1_right_C2,right,pick up the right block,pick up the blue block,L1,blue,right,left,4,pregrasp,64,80,16,0.5128205128205128,0.4519774011299435,8,8,0.3,0.7,8,0.19246500730514526,0.20616081357002258,0.20616081357002258,0.19246500730514526,-0.01369580626487732,0.48799917101860046,-0.20648501813411713,0.3474779725074768
test,C2,11,2026_08_18_00_51_25_610649_L1_right_C2,right,pick up the right block,pick up the blue block,L1,blue,right,left,4,pregrasp,64,80,16,0.5128205128205128,0.4519774011299435,9,8,0.3,0.7,8,0.1981464922428131,0.20673492550849915,0.20673492550849915,0.1981464922428131,-0.008588433265686035,0.48799917101860046,-0.20648501813411713,0.3474779725074768
test,C2,11,2026_08_18_00_51_25_610649_L1_right_C2,right,pick up the right block,pick up the blue block,L1,blue,right,left,5,pregrasp,80,96,16,0.6153846153846154,0.5423728813559322,0,8,0.3,0.7,8,0.302609920501709,0.34594231843948364,0.34594231843948364,0.302609920501709,-0.04333239793777466,0.5325865745544434,-0.18019579350948334,0.3013336658477783
test,C2,11,2026_08_18_00_51_25_610649_L1_right_C2,right,pick up the right block,pick up the blue block,L1,blue,right,left,5,pregrasp,80,96,16,0.6153846153846154,0.5423728813559322,1,8,0.3,0.7,8,0.23401424288749695,0.27346131205558777,0.27346131205558777,0.23401424288749695,-0.03944706916809082,0.5325865745544434,-0.18019579350948334,0.3013336658477783
test,C2,11,2026_08_18_00_51_25_610649_L1_right_C2,right,pick up the right block,pick up the blue block,L1,blue,right,left,5,pregrasp,80,96,16,0.6153846153846154,0.5423728813559322,2,8,0.3,0.7,8,0.33808013796806335,0.37218809127807617,0.37218809127807617,0.33808013796806335,-0.03410795331001282,0.5325865745544434,-0.18019579350948334,0.3013336658477783
test,C2,11,2026_08_18_00_51_25_610649_L1_right_C2,right,pick up the right block,pick up the blue block,L1,blue,right,left,5,pregrasp,80,96,16,0.6153846153846154,0.5423728813559322,3,8,0.3,0.7,8,0.39419469237327576,0.4265013039112091,0.4265013039112091,0.39419469237327576,-0.03230661153793335,0.5325865745544434,-0.18019579350948334,0.3013336658477783
test,C2,11,2026_08_18_00_51_25_610649_L1_right_C2,right,pick up the right block,pick up the blue block,L1,blue,right,left,5,pregrasp,80,96,16,0.6153846153846154,0.5423728813559322,4,8,0.3,0.7,8,0.18033954501152039,0.21695297956466675,0.21695297956466675,0.18033954501152039,-0.03661343455314636,0.5325865745544434,-0.18019579350948334,0.3013336658477783
test,C2,11,2026_08_18_00_51_25_610649_L1_right_C2,right,pick up the right block,pick up the blue block,L1,blue,right,left,5,pregrasp,80,96,16,0.6153846153846154,0.5423728813559322,5,8,0.3,0.7,8,0.2945377826690674,0.3307330310344696,0.3307330310344696,0.2945377826690674,-0.03619524836540222,0.5325865745544434,-0.18019579350948334,0.3013336658477783
test,C2,11,2026_08_18_00_51_25_610649_L1_right_C2,right,pick up the right block,pick up the blue block,L1,blue,right,left,5,pregrasp,80,96,16,0.6153846153846154,0.5423728813559322,6,8,0.3,0.7,8,0.376897394657135,0.41040918231010437,0.41040918231010437,0.376897394657135,-0.03351178765296936,0.5325865745544434,-0.18019579350948334,0.3013336658477783
test,C2,11,2026_08_18_00_51_25_610649_L1_right_C2,right,pick up the right block,pick up the blue block,L1,blue,right,left,5,pregrasp,80,96,16,0.6153846153846154,0.5423728813559322,7,8,0.3,0.7,8,0.28029653429985046,0.3139464557170868,0.3139464557170868,0.28029653429985046,-0.03364992141723633,0.5325865745544434,-0.18019579350948334,0.3013336658477783
test,C2,11,2026_08_18_00_51_25_610649_L1_right_C2,right,pick up the right block,pick up the blue block,L1,blue,right,left,5,pregrasp,80,96,16,0.6153846153846154,0.5423728813559322,8,8,0.3,0.7,8,0.2784685790538788,0.31464827060699463,0.31464827060699463,0.2784685790538788,-0.036179691553115845,0.5325865745544434,-0.18019579350948334,0.3013336658477783
test,C2,11,2026_08_18_00_51_25_610649_L1_right_C2,right,pick up the right block,pick up the blue block,L1,blue,right,left,5,pregrasp,80,96,16,0.6153846153846154,0.5423728813559322,9,8,0.3,0.7,8,0.31316009163856506,0.3351244330406189,0.3351244330406189,0.31316009163856506,-0.021964341402053833,0.5325865745544434,-0.18019579350948334,0.3013336658477783
test,C2,11,2026_08_18_00_51_25_610649_L1_right_C2,right,pick up the right block,pick up the blue block,L1,blue,right,left,6,pregrasp,96,112,16,0.717948717948718,0.632768361581921,0,8,0.3,0.7,8,0.2674574553966522,0.31335341930389404,0.31335341930389404,0.2674574553966522,-0.04589596390724182,0.5714296698570251,-0.14055313169956207,0.2613590955734253
test,C2,11,2026_08_18_00_51_25_610649_L1_right_C2,right,pick up the right block,pick up the blue block,L1,blue,right,left,6,pregrasp,96,112,16,0.717948717948718,0.632768361581921,1,8,0.3,0.7,8,0.26927849650382996,0.3345986306667328,0.3345986306667328,0.26927849650382996,-0.06532013416290283,0.5714296698570251,-0.14055313169956207,0.2613590955734253
test,C2,11,2026_08_18_00_51_25_610649_L1_right_C2,right,pick up the right block,pick up the blue block,L1,blue,right,left,6,pregrasp,96,112,16,0.717948717948718,0.632768361581921,2,8,0.3,0.7,8,0.3199354410171509,0.37952089309692383,0.37952089309692383,0.3199354410171509,-0.05958545207977295,0.5714296698570251,-0.14055313169956207,0.2613590955734253
test,C2,11,2026_08_18_00_51_25_610649_L1_right_C2,right,pick up the right block,pick up the blue block,L1,blue,right,left,6,pregrasp,96,112,16,0.717948717948718,0.632768361581921,3,8,0.3,0.7,8,0.2925490438938141,0.33949965238571167,0.33949965238571167,0.2925490438938141,-0.04695060849189758,0.5714296698570251,-0.14055313169956207,0.2613590955734253
test,C2,11,2026_08_18_00_51_25_610649_L1_right_C2,right,pick up the right block,pick up the blue block,L1,blue,right,left,6,pregrasp,96,112,16,0.717948717948718,0.632768361581921,4,8,0.3,0.7,8,0.2941284775733948,0.35751500725746155,0.35751500725746155,0.2941284775733948,-0.06338652968406677,0.5714296698570251,-0.14055313169956207,0.2613590955734253
test,C2,11,2026_08_18_00_51_25_610649_L1_right_C2,right,pick up the right block,pick up the blue block,L1,blue,right,left,6,pregrasp,96,112,16,0.717948717948718,0.632768361581921,5,8,0.3,0.7,8,0.2864144444465637,0.3472265601158142,0.3472265601158142,0.2864144444465637,-0.06081211566925049,0.5714296698570251,-0.14055313169956207,0.2613590955734253
test,C2,11,2026_08_18_00_51_25_610649_L1_right_C2,right,pick up the right block,pick up the blue block,L1,blue,right,left,6,pregrasp,96,112,16,0.717948717948718,0.632768361581921,6,8,0.3,0.7,8,0.35046258568763733,0.42171722650527954,0.42171722650527954,0.35046258568763733,-0.07125464081764221,0.5714296698570251,-0.14055313169956207,0.2613590955734253
test,C2,11,2026_08_18_00_51_25_610649_L1_right_C2,right,pick up the right block,pick up the blue block,L1,blue,right,left,6,pregrasp,96,112,16,0.717948717948718,0.632768361581921,7,8,0.3,0.7,8,0.2962714731693268,0.354708731174469,0.354708731174469,0.2962714731693268,-0.05843725800514221,0.5714296698570251,-0.14055313169956207,0.2613590955734253
test,C2,11,2026_08_18_00_51_25_610649_L1_right_C2,right,pick up the right block,pick up the blue block,L1,blue,right,left,6,pregrasp,96,112,16,0.717948717948718,0.632768361581921,8,8,0.3,0.7,8,0.21458035707473755,0.2601228952407837,0.2601228952407837,0.21458035707473755,-0.04554253816604614,0.5714296698570251,-0.14055313169956207,0.2613590955734253
test,C2,11,2026_08_18_00_51_25_610649_L1_right_C2,right,pick up the right block,pick up the blue block,L1,blue,right,left,6,pregrasp,96,112,16,0.717948717948718,0.632768361581921,9,8,0.3,0.7,8,0.2510261833667755,0.29411250352859497,0.29411250352859497,0.2510261833667755,-0.04308632016181946,0.5714296698570251,-0.14055313169956207,0.2613590955734253
test,C2,11,2026_08_18_00_51_25_610649_L1_right_C2,right,pick up the right block,pick up the blue block,L1,blue,right,left,7,pregrasp,112,128,16,0.8205128205128205,0.7231638418079096,0,8,0.3,0.7,8,0.35138195753097534,0.3836691975593567,0.3836691975593567,0.35138195753097534,-0.03228724002838135,0.6076999306678772,-0.09273279458284378,0.2242932766675949
test,C2,11,2026_08_18_00_51_25_610649_L1_right_C2,right,pick up the right block,pick up the blue block,L1,blue,right,left,7,pregrasp,112,128,16,0.8205128205128205,0.7231638418079096,1,8,0.3,0.7,8,0.29140472412109375,0.31640592217445374,0.31640592217445374,0.29140472412109375,-0.025001198053359985,0.6076999306678772,-0.09273279458284378,0.2242932766675949
test,C2,11,2026_08_18_00_51_25_610649_L1_right_C2,right,pick up the right block,pick up the blue block,L1,blue,right,left,7,pregrasp,112,128,16,0.8205128205128205,0.7231638418079096,2,8,0.3,0.7,8,0.3235863447189331,0.3419991135597229,0.3419991135597229,0.3235863447189331,-0.018412768840789795,0.6076999306678772,-0.09273279458284378,0.2242932766675949
test,C2,11,2026_08_18_00_51_25_610649_L1_right_C2,right,pick up the right block,pick up the blue block,L1,blue,right,left,7,pregrasp,112,128,16,0.8205128205128205,0.7231638418079096,3,8,0.3,0.7,8,0.2851349711418152,0.3103226125240326,0.3103226125240326,0.2851349711418152,-0.025187641382217407,0.6076999306678772,-0.09273279458284378,0.2242932766675949
test,C2,11,2026_08_18_00_51_25_610649_L1_right_C2,right,pick up the right block,pick up the blue block,L1,blue,right,left,7,pregrasp,112,128,16,0.8205128205128205,0.7231638418079096,4,8,0.3,0.7,8,0.3781416714191437,0.4022551476955414,0.4022551476955414,0.3781416714191437,-0.024113476276397705,0.6076999306678772,-0.09273279458284378,0.2242932766675949
test,C2,11,2026_08_18_00_51_25_610649_L1_right_C2,right,pick up the right block,pick up the blue block,L1,blue,right,left,7,pregrasp,112,128,16,0.8205128205128205,0.7231638418079096,5,8,0.3,0.7,8,0.30455610156059265,0.3276330530643463,0.3276330530643463,0.30455610156059265,-0.023076951503753662,0.6076999306678772,-0.09273279458284378,0.2242932766675949
test,C2,11,2026_08_18_00_51_25_610649_L1_right_C2,right,pick up the right block,pick up the blue block,L1,blue,right,left,7,pregrasp,112,128,16,0.8205128205128205,0.7231638418079096,6,8,0.3,0.7,8,0.3679029047489166,0.38596469163894653,0.38596469163894653,0.3679029047489166,-0.018061786890029907,0.6076999306678772,-0.09273279458284378,0.2242932766675949
test,C2,11,2026_08_18_00_51_25_610649_L1_right_C2,right,pick up the right block,pick up the blue block,L1,blue,right,left,7,pregrasp,112,128,16,0.8205128205128205,0.7231638418079096,7,8,0.3,0.7,8,0.26854991912841797,0.2812004089355469,0.2812004089355469,0.26854991912841797,-0.012650489807128906,0.6076999306678772,-0.09273279458284378,0.2242932766675949
test,C2,11,2026_08_18_00_51_25_610649_L1_right_C2,right,pick up the right block,pick up the blue block,L1,blue,right,left,7,pregrasp,112,128,16,0.8205128205128205,0.7231638418079096,8,8,0.3,0.7,8,0.33504360914230347,0.35611650347709656,0.35611650347709656,0.33504360914230347,-0.02107289433479309,0.6076999306678772,-0.09273279458284378,0.2242932766675949
test,C2,11,2026_08_18_00_51_25_610649_L1_right_C2,right,pick up the right block,pick up the blue block,L1,blue,right,left,7,pregrasp,112,128,16,0.8205128205128205,0.7231638418079096,9,8,0.3,0.7,8,0.2847992479801178,0.3045421242713928,0.3045421242713928,0.2847992479801178,-0.019742876291275024,0.6076999306678772,-0.09273279458284378,0.2242932766675949
test,C2,11,2026_08_18_00_51_25_610649_L1_right_C2,right,pick up the right block,pick up the blue block,L1,blue,right,left,8,pregrasp,128,144,16,0.9230769230769231,0.8135593220338984,0,8,0.3,0.7,8,0.3727218210697174,0.4246523678302765,0.4246523678302765,0.3727218210697174,-0.05193054676055908,0.6395211815834045,-0.04772467538714409,0.19178694486618042
test,C2,11,2026_08_18_00_51_25_610649_L1_right_C2,right,pick up the right block,pick up the blue block,L1,blue,right,left,8,pregrasp,128,144,16,0.9230769230769231,0.8135593220338984,1,8,0.3,0.7,8,0.29676827788352966,0.3450498878955841,0.3450498878955841,0.29676827788352966,-0.04828161001205444,0.6395211815834045,-0.04772467538714409,0.19178694486618042
test,C2,11,2026_08_18_00_51_25_610649_L1_right_C2,right,pick up the right block,pick up the blue block,L1,blue,right,left,8,pregrasp,128,144,16,0.9230769230769231,0.8135593220338984,2,8,0.3,0.7,8,0.27151158452033997,0.3151586353778839,0.3151586353778839,0.27151158452033997,-0.043647050857543945,0.6395211815834045,-0.04772467538714409,0.19178694486618042
test,C2,11,2026_08_18_00_51_25_610649_L1_right_C2,right,pick up the right block,pick up the blue block,L1,blue,right,left,8,pregrasp,128,144,16,0.9230769230769231,0.8135593220338984,3,8,0.3,0.7,8,0.2845678925514221,0.32283860445022583,0.32283860445022583,0.2845678925514221,-0.03827071189880371,0.6395211815834045,-0.04772467538714409,0.19178694486618042
test,C2,11,2026_08_18_00_51_25_610649_L1_right_C2,right,pick up the right block,pick up the blue block,L1,blue,right,left,8,pregrasp,128,144,16,0.9230769230769231,0.8135593220338984,4,8,0.3,0.7,8,0.30443882942199707,0.3551730513572693,0.3551730513572693,0.30443882942199707,-0.05073422193527222,0.6395211815834045,-0.04772467538714409,0.19178694486618042
test,C2,11,2026_08_18_00_51_25_610649_L1_right_C2,right,pick up the right block,pick up the blue block,L1,blue,right,left,8,pregrasp,128,144,16,0.9230769230769231,0.8135593220338984,5,8,0.3,0.7,8,0.28887835144996643,0.3334386646747589,0.3334386646747589,0.28887835144996643,-0.04456031322479248,0.6395211815834045,-0.04772467538714409,0.19178694486618042
test,C2,11,2026_08_18_00_51_25_610649_L1_right_C2,right,pick up the right block,pick up the blue block,L1,blue,right,left,8,pregrasp,128,144,16,0.9230769230769231,0.8135593220338984,6,8,0.3,0.7,8,0.4522947072982788,0.5105769634246826,0.5105769634246826,0.4522947072982788,-0.05828225612640381,0.6395211815834045,-0.04772467538714409,0.19178694486618042
test,C2,11,2026_08_18_00_51_25_610649_L1_right_C2,right,pick up the right block,pick up the blue block,L1,blue,right,left,8,pregrasp,128,144,16,0.9230769230769231,0.8135593220338984,7,8,0.3,0.7,8,0.27093401551246643,0.31257760524749756,0.31257760524749756,0.27093401551246643,-0.04164358973503113,0.6395211815834045,-0.04772467538714409,0.19178694486618042
test,C2,11,2026_08_18_00_51_25_610649_L1_right_C2,right,pick up the right block,pick up the blue block,L1,blue,right,left,8,pregrasp,128,144,16,0.9230769230769231,0.8135593220338984,8,8,0.3,0.7,8,0.3470730781555176,0.4011651873588562,0.4011651873588562,0.3470730781555176,-0.05409210920333862,0.6395211815834045,-0.04772467538714409,0.19178694486618042
test,C2,11,2026_08_18_00_51_25_610649_L1_right_C2,right,pick up the right block,pick up the blue block,L1,blue,right,left,8,pregrasp,128,144,16,0.9230769230769231,0.8135593220338984,9,8,0.3,0.7,8,0.2837449312210083,0.33953553438186646,0.33953553438186646,0.2837449312210083,-0.055790603160858154,0.6395211815834045,-0.04772467538714409,0.19178694486618042
test,C2,11,2026_08_18_00_51_25_610649_L1_right_C2,right,pick up the right block,pick up the blue block,L1,blue,right,left,9,pregrasp,144,156,12,1.0,0.8813559322033898,0,8,0.3,0.7,8,0.3003745675086975,0.29064103960990906,0.29064103960990906,0.3003745675086975,0.009733527898788452,0.6412416696548462,-0.04586173593997955,0.18990445137023926
test,C2,11,2026_08_18_00_51_25_610649_L1_right_C2,right,pick up the right block,pick up the blue block,L1,blue,right,left,9,pregrasp,144,156,12,1.0,0.8813559322033898,1,8,0.3,0.7,8,0.26319339871406555,0.25283119082450867,0.25283119082450867,0.26319339871406555,0.010362207889556885,0.6412416696548462,-0.04586173593997955,0.18990445137023926
test,C2,11,2026_08_18_00_51_25_610649_L1_right_C2,right,pick up the right block,pick up the blue block,L1,blue,right,left,9,pregrasp,144,156,12,1.0,0.8813559322033898,2,8,0.3,0.7,8,0.41447538137435913,0.40304839611053467,0.40304839611053467,0.41447538137435913,0.011426985263824463,0.6412416696548462,-0.04586173593997955,0.18990445137023926
test,C2,11,2026_08_18_00_51_25_610649_L1_right_C2,right,pick up the right block,pick up the blue block,L1,blue,right,left,9,pregrasp,144,156,12,1.0,0.8813559322033898,3,8,0.3,0.7,8,0.2816876471042633,0.27483731508255005,0.27483731508255005,0.2816876471042633,0.006850332021713257,0.6412416696548462,-0.04586173593997955,0.18990445137023926
test,C2,11,2026_08_18_00_51_25_610649_L1_right_C2,right,pick up the right block,pick up the blue block,L1,blue,right,left,9,pregrasp,144,156,12,1.0,0.8813559322033898,4,8,0.3,0.7,8,0.29887688159942627,0.2905658483505249,0.2905658483505249,0.29887688159942627,0.008311033248901367,0.6412416696548462,-0.04586173593997955,0.18990445137023926
test,C2,11,2026_08_18_00_51_25_610649_L1_right_C2,right,pick up the right block,pick up the blue block,L1,blue,right,left,9,pregrasp,144,156,12,1.0,0.8813559322033898,5,8,0.3,0.7,8,0.38758447766304016,0.37575215101242065,0.37575215101242065,0.38758447766304016,0.011832326650619507,0.6412416696548462,-0.04586173593997955,0.18990445137023926
test,C2,11,2026_08_18_00_51_25_610649_L1_right_C2,right,pick up the right block,pick up the blue block,L1,blue,right,left,9,pregrasp,144,156,12,1.0,0.8813559322033898,6,8,0.3,0.7,8,0.3131968379020691,0.30485132336616516,0.30485132336616516,0.3131968379020691,0.00834551453590393,0.6412416696548462,-0.04586173593997955,0.18990445137023926
test,C2,11,2026_08_18_00_51_25_610649_L1_right_C2,right,pick up the right block,pick up the blue block,L1,blue,right,left,9,pregrasp,144,156,12,1.0,0.8813559322033898,7,8,0.3,0.7,8,0.46612635254859924,0.4521684944629669,0.4521684944629669,0.46612635254859924,0.013957858085632324,0.6412416696548462,-0.04586173593997955,0.18990445137023926
test,C2,11,2026_08_18_00_51_25_610649_L1_right_C2,right,pick up the right block,pick up the blue block,L1,blue,right,left,9,pregrasp,144,156,12,1.0,0.8813559322033898,8,8,0.3,0.7,8,0.3424080014228821,0.32924604415893555,0.32924604415893555,0.3424080014228821,0.013161957263946533,0.6412416696548462,-0.04586173593997955,0.18990445137023926
test,C2,11,2026_08_18_00_51_25_610649_L1_right_C2,right,pick up the right block,pick up the blue block,L1,blue,right,left,9,pregrasp,144,156,12,1.0,0.8813559322033898,9,8,0.3,0.7,8,0.3181951642036438,0.3092744052410126,0.3092744052410126,0.3181951642036438,0.008920758962631226,0.6412416696548462,-0.04586173593997955,0.18990445137023926
test,C2,11,2026_08_18_00_51_25_610649_L1_right_C2,right,pick up the right block,pick up the blue block,L1,blue,right,left,10,postgrasp,156,172,16,1.0,0.9717514124293786,0,8,0.3,0.7,8,0.4392980933189392,0.4184209406375885,0.4184209406375885,0.4392980933189392,0.020877152681350708,0.6417006850242615,-0.04586632549762726,0.19033783674240112
test,C2,11,2026_08_18_00_51_25_610649_L1_right_C2,right,pick up the right block,pick up the blue block,L1,blue,right,left,10,postgrasp,156,172,16,1.0,0.9717514124293786,1,8,0.3,0.7,8,0.4533545672893524,0.42866969108581543,0.42866969108581543,0.4533545672893524,0.024684876203536987,0.6417006850242615,-0.04586632549762726,0.19033783674240112
test,C2,11,2026_08_18_00_51_25_610649_L1_right_C2,right,pick up the right block,pick up the blue block,L1,blue,right,left,10,postgrasp,156,172,16,1.0,0.9717514124293786,2,8,0.3,0.7,8,0.45291033387184143,0.4307379722595215,0.4307379722595215,0.45291033387184143,0.022172361612319946,0.6417006850242615,-0.04586632549762726,0.19033783674240112
test,C2,11,2026_08_18_00_51_25_610649_L1_right_C2,right,pick up the right block,pick up the blue block,L1,blue,right,left,10,postgrasp,156,172,16,1.0,0.9717514124293786,3,8,0.3,0.7,8,0.5087612867355347,0.48657238483428955,0.48657238483428955,0.5087612867355347,0.022188901901245117,0.6417006850242615,-0.04586632549762726,0.19033783674240112
test,C2,11,2026_08_18_00_51_25_610649_L1_right_C2,right,pick up the right block,pick up the blue block,L1,blue,right,left,10,postgrasp,156,172,16,1.0,0.9717514124293786,4,8,0.3,0.7,8,0.4336462914943695,0.4131661653518677,0.4131661653518677,0.4336462914943695,0.02048012614250183,0.6417006850242615,-0.04586632549762726,0.19033783674240112
test,C2,11,2026_08_18_00_51_25_610649_L1_right_C2,right,pick up the right block,pick up the blue block,L1,blue,right,left,10,postgrasp,156,172,16,1.0,0.9717514124293786,5,8,0.3,0.7,8,0.3981660306453705,0.37900733947753906,0.37900733947753906,0.3981660306453705,0.01915869116783142,0.6417006850242615,-0.04586632549762726,0.19033783674240112
test,C2,11,2026_08_18_00_51_25_610649_L1_right_C2,right,pick up the right block,pick up the blue block,L1,blue,right,left,10,postgrasp,156,172,16,1.0,0.9717514124293786,6,8,0.3,0.7,8,0.46782469749450684,0.4439062178134918,0.4439062178134918,0.46782469749450684,0.023918479681015015,0.6417006850242615,-0.04586632549762726,0.19033783674240112
test,C2,11,2026_08_18_00_51_25_610649_L1_right_C2,right,pick up the right block,pick up the blue block,L1,blue,right,left,10,postgrasp,156,172,16,1.0,0.9717514124293786,7,8,0.3,0.7,8,0.45030704140663147,0.4281903803348541,0.4281903803348541,0.45030704140663147,0.022116661071777344,0.6417006850242615,-0.04586632549762726,0.19033783674240112
test,C2,11,2026_08_18_00_51_25_610649_L1_right_C2,right,pick up the right block,pick up the blue block,L1,blue,right,left,10,postgrasp,156,172,16,1.0,0.9717514124293786,8,8,0.3,0.7,8,0.47604039311408997,0.44650572538375854,0.44650572538375854,0.47604039311408997,0.02953466773033142,0.6417006850242615,-0.04586632549762726,0.19033783674240112
test,C2,11,2026_08_18_00_51_25_610649_L1_right_C2,right,pick up the right block,pick up the blue block,L1,blue,right,left,10,postgrasp,156,172,16,1.0,0.9717514124293786,9,8,0.3,0.7,8,0.4137086868286133,0.39543503522872925,0.39543503522872925,0.4137086868286133,0.018273651599884033,0.6417006850242615,-0.04586632549762726,0.19033783674240112
test,C2,11,2026_08_18_00_51_25_610649_L1_right_C2,right,pick up the right block,pick up the blue block,L1,blue,right,left,11,postgrasp,172,177,5,1.0,1.0,0,8,0.3,0.7,8,0.5216007232666016,0.5177285671234131,0.5177285671234131,0.5216007232666016,0.0038721561431884766,0.6417030096054077,-0.045870404690504074,0.19034066796302795
test,C2,11,2026_08_18_00_51_25_610649_L1_right_C2,right,pick up the right block,pick up the blue block,L1,blue,right,left,11,postgrasp,172,177,5,1.0,1.0,1,8,0.3,0.7,8,0.40231454372406006,0.39544886350631714,0.39544886350631714,0.40231454372406006,0.00686568021774292,0.6417030096054077,-0.045870404690504074,0.19034066796302795
test,C2,11,2026_08_18_00_51_25_610649_L1_right_C2,right,pick up the right block,pick up the blue block,L1,blue,right,left,11,postgrasp,172,177,5,1.0,1.0,2,8,0.3,0.7,8,0.38569825887680054,0.3804974853992462,0.3804974853992462,0.38569825887680054,0.005200773477554321,0.6417030096054077,-0.045870404690504074,0.19034066796302795
test,C2,11,2026_08_18_00_51_25_610649_L1_right_C2,right,pick up the right block,pick up the blue block,L1,blue,right,left,11,postgrasp,172,177,5,1.0,1.0,3,8,0.3,0.7,8,0.40533268451690674,0.39960744976997375,0.39960744976997375,0.40533268451690674,0.005725234746932983,0.6417030096054077,-0.045870404690504074,0.19034066796302795
test,C2,11,2026_08_18_00_51_25_610649_L1_right_C2,right,pick up the right block,pick up the blue block,L1,blue,right,left,11,postgrasp,172,177,5,1.0,1.0,4,8,0.3,0.7,8,0.4910725951194763,0.48159560561180115,0.48159560561180115,0.4910725951194763,0.009476989507675171,0.6417030096054077,-0.045870404690504074,0.19034066796302795
test,C2,11,2026_08_18_00_51_25_610649_L1_right_C2,right,pick up the right block,pick up the blue block,L1,blue,right,left,11,postgrasp,172,177,5,1.0,1.0,5,8,0.3,0.7,8,0.408477783203125,0.4007554352283478,0.4007554352283478,0.408477783203125,0.007722347974777222,0.6417030096054077,-0.045870404690504074,0.19034066796302795
test,C2,11,2026_08_18_00_51_25_610649_L1_right_C2,right,pick up the right block,pick up the blue block,L1,blue,right,left,11,postgrasp,172,177,5,1.0,1.0,6,8,0.3,0.7,8,0.37344270944595337,0.36679404973983765,0.36679404973983765,0.37344270944595337,0.006648659706115723,0.6417030096054077,-0.045870404690504074,0.19034066796302795
test,C2,11,2026_08_18_00_51_25_610649_L1_right_C2,right,pick up the right block,pick up the blue block,L1,blue,right,left,11,postgrasp,172,177,5,1.0,1.0,7,8,0.3,0.7,8,0.42204320430755615,0.41426774859428406,0.41426774859428406,0.42204320430755615,0.007775455713272095,0.6417030096054077,-0.045870404690504074,0.19034066796302795
test,C2,11,2026_08_18_00_51_25_610649_L1_right_C2,right,pick up the right block,pick up the blue block,L1,blue,right,left,11,postgrasp,172,177,5,1.0,1.0,8,8,0.3,0.7,8,0.3430846333503723,0.33783265948295593,0.33783265948295593,0.3430846333503723,0.005251973867416382,0.6417030096054077,-0.045870404690504074,0.19034066796302795
test,C2,11,2026_08_18_00_51_25_610649_L1_right_C2,right,pick up the right block,pick up the blue block,L1,blue,right,left,11,postgrasp,172,177,5,1.0,1.0,9,8,0.3,0.7,8,0.3882823586463928,0.38476037979125977,0.38476037979125977,0.3882823586463928,0.0035219788551330566,0.6417030096054077,-0.045870404690504074,0.19034066796302795
test,C0,12,2026_08_18_00_52_54_907596_L3_right_C0,right,pick up the right block,pick up the blue block,L3,blue,right,left,0,pregrasp,0,16,16,0.1322314049586777,0.11267605633802817,0,8,0.3,0.7,8,0.24983520805835724,0.28736549615859985,0.28736549615859985,0.24983520805835724,-0.037530288100242615,0.3827056288719177,-0.00551261892542243,0.467118501663208
test,C0,12,2026_08_18_00_52_54_907596_L3_right_C0,right,pick up the right block,pick up the blue block,L3,blue,right,left,0,pregrasp,0,16,16,0.1322314049586777,0.11267605633802817,1,8,0.3,0.7,8,0.24510443210601807,0.26078274846076965,0.26078274846076965,0.24510443210601807,-0.015678316354751587,0.3827056288719177,-0.00551261892542243,0.467118501663208
test,C0,12,2026_08_18_00_52_54_907596_L3_right_C0,right,pick up the right block,pick up the blue block,L3,blue,right,left,0,pregrasp,0,16,16,0.1322314049586777,0.11267605633802817,2,8,0.3,0.7,8,0.22028926014900208,0.2365552932024002,0.2365552932024002,0.22028926014900208,-0.016266033053398132,0.3827056288719177,-0.00551261892542243,0.467118501663208
test,C0,12,2026_08_18_00_52_54_907596_L3_right_C0,right,pick up the right block,pick up the blue block,L3,blue,right,left,0,pregrasp,0,16,16,0.1322314049586777,0.11267605633802817,3,8,0.3,0.7,8,0.25142693519592285,0.27032220363616943,0.27032220363616943,0.25142693519592285,-0.018895268440246582,0.3827056288719177,-0.00551261892542243,0.467118501663208
test,C0,12,2026_08_18_00_52_54_907596_L3_right_C0,right,pick up the right block,pick up the blue block,L3,blue,right,left,0,pregrasp,0,16,16,0.1322314049586777,0.11267605633802817,4,8,0.3,0.7,8,0.26423516869544983,0.2752181589603424,0.2752181589603424,0.26423516869544983,-0.010982990264892578,0.3827056288719177,-0.00551261892542243,0.467118501663208
test,C0,12,2026_08_18_00_52_54_907596_L3_right_C0,right,pick up the right block,pick up the blue block,L3,blue,right,left,0,pregrasp,0,16,16,0.1322314049586777,0.11267605633802817,5,8,0.3,0.7,8,0.2620408535003662,0.30301666259765625,0.30301666259765625,0.2620408535003662,-0.04097580909729004,0.3827056288719177,-0.00551261892542243,0.467118501663208
test,C0,12,2026_08_18_00_52_54_907596_L3_right_C0,right,pick up the right block,pick up the blue block,L3,blue,right,left,0,pregrasp,0,16,16,0.1322314049586777,0.11267605633802817,6,8,0.3,0.7,8,0.2194959968328476,0.24155637621879578,0.24155637621879578,0.2194959968328476,-0.02206037938594818,0.3827056288719177,-0.00551261892542243,0.467118501663208
test,C0,12,2026_08_18_00_52_54_907596_L3_right_C0,right,pick up the right block,pick up the blue block,L3,blue,right,left,0,pregrasp,0,16,16,0.1322314049586777,0.11267605633802817,7,8,0.3,0.7,8,0.1445348858833313,0.14758893847465515,0.14758893847465515,0.1445348858833313,-0.0030540525913238525,0.3827056288719177,-0.00551261892542243,0.467118501663208
test,C0,12,2026_08_18_00_52_54_907596_L3_right_C0,right,pick up the right block,pick up the blue block,L3,blue,right,left,0,pregrasp,0,16,16,0.1322314049586777,0.11267605633802817,8,8,0.3,0.7,8,0.31253692507743835,0.33224058151245117,0.33224058151245117,0.31253692507743835,-0.019703656435012817,0.3827056288719177,-0.00551261892542243,0.467118501663208
test,C0,12,2026_08_18_00_52_54_907596_L3_right_C0,right,pick up the right block,pick up the blue block,L3,blue,right,left,0,pregrasp,0,16,16,0.1322314049586777,0.11267605633802817,9,8,0.3,0.7,8,0.2464013248682022,0.26364466547966003,0.26364466547966003,0.2464013248682022,-0.017243340611457825,0.3827056288719177,-0.00551261892542243,0.467118501663208
test,C0,12,2026_08_18_00_52_54_907596_L3_right_C0,right,pick up the right block,pick up the blue block,L3,blue,right,left,1,pregrasp,16,32,16,0.2644628099173554,0.22535211267605634,0,8,0.3,0.7,8,0.21740686893463135,0.27607083320617676,0.27607083320617676,0.21740686893463135,-0.05866396427154541,0.4273110330104828,-0.009605331346392632,0.4150272309780121
test,C0,12,2026_08_18_00_52_54_907596_L3_right_C0,right,pick up the right block,pick up the blue block,L3,blue,right,left,1,pregrasp,16,32,16,0.2644628099173554,0.22535211267605634,1,8,0.3,0.7,8,0.09991014003753662,0.12726180255413055,0.12726180255413055,0.09991014003753662,-0.027351662516593933,0.4273110330104828,-0.009605331346392632,0.4150272309780121
test,C0,12,2026_08_18_00_52_54_907596_L3_right_C0,right,pick up the right block,pick up the blue block,L3,blue,right,left,1,pregrasp,16,32,16,0.2644628099173554,0.22535211267605634,2,8,0.3,0.7,8,0.1542052924633026,0.21960553526878357,0.21960553526878357,0.1542052924633026,-0.06540024280548096,0.4273110330104828,-0.009605331346392632,0.4150272309780121
test,C0,12,2026_08_18_00_52_54_907596_L3_right_C0,right,pick up the right block,pick up the blue block,L3,blue,right,left,1,pregrasp,16,32,16,0.2644628099173554,0.22535211267605634,3,8,0.3,0.7,8,0.17607802152633667,0.22629526257514954,0.22629526257514954,0.17607802152633667,-0.050217241048812866,0.4273110330104828,-0.009605331346392632,0.4150272309780121
test,C0,12,2026_08_18_00_52_54_907596_L3_right_C0,right,pick up the right block,pick up the blue block,L3,blue,right,left,1,pregrasp,16,32,16,0.2644628099173554,0.22535211267605634,4,8,0.3,0.7,8,0.2055075764656067,0.2716059684753418,0.2716059684753418,0.2055075764656067,-0.06609839200973511,0.4273110330104828,-0.009605331346392632,0.4150272309780121
test,C0,12,2026_08_18_00_52_54_907596_L3_right_C0,right,pick up the right block,pick up the blue block,L3,blue,right,left,1,pregrasp,16,32,16,0.2644628099173554,0.22535211267605634,5,8,0.3,0.7,8,0.15887710452079773,0.218894362449646,0.218894362449646,0.15887710452079773,-0.06001725792884827,0.4273110330104828,-0.009605331346392632,0.4150272309780121
test,C0,12,2026_08_18_00_52_54_907596_L3_right_C0,right,pick up the right block,pick up the blue block,L3,blue,right,left,1,pregrasp,16,32,16,0.2644628099173554,0.22535211267605634,6,8,0.3,0.7,8,0.27774232625961304,0.36475661396980286,0.36475661396980286,0.27774232625961304,-0.08701428771018982,0.4273110330104828,-0.009605331346392632,0.4150272309780121
test,C0,12,2026_08_18_00_52_54_907596_L3_right_C0,right,pick up the right block,pick up the blue block,L3,blue,right,left,1,pregrasp,16,32,16,0.2644628099173554,0.22535211267605634,7,8,0.3,0.7,8,0.27216365933418274,0.34550192952156067,0.34550192952156067,0.27216365933418274,-0.07333827018737793,0.4273110330104828,-0.009605331346392632,0.4150272309780121
test,C0,12,2026_08_18_00_52_54_907596_L3_right_C0,right,pick up the right block,pick up the blue block,L3,blue,right,left,1,pregrasp,16,32,16,0.2644628099173554,0.22535211267605634,8,8,0.3,0.7,8,0.25057512521743774,0.310928076505661,0.310928076505661,0.25057512521743774,-0.06035295128822327,0.4273110330104828,-0.009605331346392632,0.4150272309780121
test,C0,12,2026_08_18_00_52_54_907596_L3_right_C0,right,pick up the right block,pick up the blue block,L3,blue,right,left,1,pregrasp,16,32,16,0.2644628099173554,0.22535211267605634,9,8,0.3,0.7,8,0.2238280475139618,0.2668476700782776,0.2668476700782776,0.2238280475139618,-0.043019622564315796,0.4273110330104828,-0.009605331346392632,0.4150272309780121
test,C0,12,2026_08_18_00_52_54_907596_L3_right_C0,right,pick up the right block,pick up the blue block,L3,blue,right,left,2,pregrasp,32,48,16,0.39669421487603307,0.3380281690140845,0,8,0.3,0.7,8,0.24851757287979126,0.31978529691696167,0.31978529691696167,0.24851757287979126,-0.07126772403717041,0.47765353322029114,-0.015066616237163544,0.367693156003952
test,C0,12,2026_08_18_00_52_54_907596_L3_right_C0,right,pick up the right block,pick up the blue block,L3,blue,right,left,2,pregrasp,32,48,16,0.39669421487603307,0.3380281690140845,1,8,0.3,0.7,8,0.12830068171024323,0.19646170735359192,0.19646170735359192,0.12830068171024323,-0.0681610256433487,0.47765353322029114,-0.015066616237163544,0.367693156003952
test,C0,12,2026_08_18_00_52_54_907596_L3_right_C0,right,pick up the right block,pick up the blue block,L3,blue,right,left,2,pregrasp,32,48,16,0.39669421487603307,0.3380281690140845,2,8,0.3,0.7,8,0.17994572222232819,0.22910761833190918,0.22910761833190918,0.17994572222232819,-0.049161896109580994,0.47765353322029114,-0.015066616237163544,0.367693156003952
test,C0,12,2026_08_18_00_52_54_907596_L3_right_C0,right,pick up the right block,pick up the blue block,L3,blue,right,left,2,pregrasp,32,48,16,0.39669421487603307,0.3380281690140845,3,8,0.3,0.7,8,0.1905614137649536,0.2575562000274658,0.2575562000274658,0.1905614137649536,-0.06699478626251221,0.47765353322029114,-0.015066616237163544,0.367693156003952
test,C0,12,2026_08_18_00_52_54_907596_L3_right_C0,right,pick up the right block,pick up the blue block,L3,blue,right,left,2,pregrasp,32,48,16,0.39669421487603307,0.3380281690140845,4,8,0.3,0.7,8,0.243878573179245,0.31728076934814453,0.31728076934814453,0.243878573179245,-0.07340219616889954,0.47765353322029114,-0.015066616237163544,0.367693156003952
test,C0,12,2026_08_18_00_52_54_907596_L3_right_C0,right,pick up the right block,pick up the blue block,L3,blue,right,left,2,pregrasp,32,48,16,0.39669421487603307,0.3380281690140845,5,8,0.3,0.7,8,0.20277100801467896,0.2514348030090332,0.2514348030090332,0.20277100801467896,-0.04866379499435425,0.47765353322029114,-0.015066616237163544,0.367693156003952
test,C0,12,2026_08_18_00_52_54_907596_L3_right_C0,right,pick up the right block,pick up the blue block,L3,blue,right,left,2,pregrasp,32,48,16,0.39669421487603307,0.3380281690140845,6,8,0.3,0.7,8,0.16687405109405518,0.2549785077571869,0.2549785077571869,0.16687405109405518,-0.08810445666313171,0.47765353322029114,-0.015066616237163544,0.367693156003952
test,C0,12,2026_08_18_00_52_54_907596_L3_right_C0,right,pick up the right block,pick up the blue block,L3,blue,right,left,2,pregrasp,32,48,16,0.39669421487603307,0.3380281690140845,7,8,0.3,0.7,8,0.13460779190063477,0.1826484501361847,0.1826484501361847,0.13460779190063477,-0.04804065823554993,0.47765353322029114,-0.015066616237163544,0.367693156003952
test,C0,12,2026_08_18_00_52_54_907596_L3_right_C0,right,pick up the right block,pick up the blue block,L3,blue,right,left,2,pregrasp,32,48,16,0.39669421487603307,0.3380281690140845,8,8,0.3,0.7,8,0.17094717919826508,0.2415013611316681,0.2415013611316681,0.17094717919826508,-0.07055418193340302,0.47765353322029114,-0.015066616237163544,0.367693156003952
test,C0,12,2026_08_18_00_52_54_907596_L3_right_C0,right,pick up the right block,pick up the blue block,L3,blue,right,left,2,pregrasp,32,48,16,0.39669421487603307,0.3380281690140845,9,8,0.3,0.7,8,0.1853068768978119,0.24619092047214508,0.24619092047214508,0.1853068768978119,-0.06088404357433319,0.47765353322029114,-0.015066616237163544,0.367693156003952
test,C0,12,2026_08_18_00_52_54_907596_L3_right_C0,right,pick up the right block,pick up the blue block,L3,blue,right,left,3,pregrasp,48,64,16,0.5289256198347108,0.4507042253521127,0,8,0.3,0.7,8,0.11718706041574478,0.14865338802337646,0.14865338802337646,0.11718706041574478,-0.03146632760763168,0.5282787680625916,-0.02036115899682045,0.32054778933525085
test,C0,12,2026_08_18_00_52_54_907596_L3_right_C0,right,pick up the right block,pick up the blue block,L3,blue,right,left,3,pregrasp,48,64,16,0.5289256198347108,0.4507042253521127,1,8,0.3,0.7,8,0.17755788564682007,0.20789209008216858,0.20789209008216858,0.17755788564682007,-0.03033420443534851,0.5282787680625916,-0.02036115899682045,0.32054778933525085
test,C0,12,2026_08_18_00_52_54_907596_L3_right_C0,right,pick up the right block,pick up the blue block,L3,blue,right,left,3,pregrasp,48,64,16,0.5289256198347108,0.4507042253521127,2,8,0.3,0.7,8,0.19521287083625793,0.21259161829948425,0.21259161829948425,0.19521287083625793,-0.01737874746322632,0.5282787680625916,-0.02036115899682045,0.32054778933525085
test,C0,12,2026_08_18_00_52_54_907596_L3_right_C0,right,pick up the right block,pick up the blue block,L3,blue,right,left,3,pregrasp,48,64,16,0.5289256198347108,0.4507042253521127,3,8,0.3,0.7,8,0.19073627889156342,0.23375658690929413,0.23375658690929413,0.19073627889156342,-0.04302030801773071,0.5282787680625916,-0.02036115899682045,0.32054778933525085
test,C0,12,2026_08_18_00_52_54_907596_L3_right_C0,right,pick up the right block,pick up the blue block,L3,blue,right,left,3,pregrasp,48,64,16,0.5289256198347108,0.4507042253521127,4,8,0.3,0.7,8,0.207474485039711,0.27845069766044617,0.27845069766044617,0.207474485039711,-0.07097621262073517,0.5282787680625916,-0.02036115899682045,0.32054778933525085
test,C0,12,2026_08_18_00_52_54_907596_L3_right_C0,right,pick up the right block,pick up the blue block,L3,blue,right,left,3,pregrasp,48,64,16,0.5289256198347108,0.4507042253521127,5,8,0.3,0.7,8,0.18486861884593964,0.20631493628025055,0.20631493628025055,0.18486861884593964,-0.021446317434310913,0.5282787680625916,-0.02036115899682045,0.32054778933525085
test,C0,12,2026_08_18_00_52_54_907596_L3_right_C0,right,pick up the right block,pick up the blue block,L3,blue,right,left,3,pregrasp,48,64,16,0.5289256198347108,0.4507042253521127,6,8,0.3,0.7,8,0.13415509462356567,0.1611250340938568,0.1611250340938568,0.13415509462356567,-0.026969939470291138,0.5282787680625916,-0.02036115899682045,0.32054778933525085
test,C0,12,2026_08_18_00_52_54_907596_L3_right_C0,right,pick up the right block,pick up the blue block,L3,blue,right,left,3,pregrasp,48,64,16,0.5289256198347108,0.4507042253521127,7,8,0.3,0.7,8,0.11259543895721436,0.14294585585594177,0.14294585585594177,0.11259543895721436,-0.030350416898727417,0.5282787680625916,-0.02036115899682045,0.32054778933525085
test,C0,12,2026_08_18_00_52_54_907596_L3_right_C0,right,pick up the right block,pick up the blue block,L3,blue,right,left,3,pregrasp,48,64,16,0.5289256198347108,0.4507042253521127,8,8,0.3,0.7,8,0.2203320562839508,0.2776317596435547,0.2776317596435547,0.2203320562839508,-0.05729970335960388,0.5282787680625916,-0.02036115899682045,0.32054778933525085
test,C0,12,2026_08_18_00_52_54_907596_L3_right_C0,right,pick up the right block,pick up the blue block,L3,blue,right,left,3,pregrasp,48,64,16,0.5289256198347108,0.4507042253521127,9,8,0.3,0.7,8,0.21944832801818848,0.25597867369651794,0.25597867369651794,0.21944832801818848,-0.03653034567832947,0.5282787680625916,-0.02036115899682045,0.32054778933525085
test,C0,12,2026_08_18_00_52_54_907596_L3_right_C0,right,pick up the right block,pick up the blue block,L3,blue,right,left,4,pregrasp,64,80,16,0.6611570247933884,0.5633802816901409,0,8,0.3,0.7,8,0.2955843210220337,0.30347955226898193,0.30347955226898193,0.2955843210220337,-0.007895231246948242,0.5789158940315247,-0.026969198137521744,0.2729451656341553
test,C0,12,2026_08_18_00_52_54_907596_L3_right_C0,right,pick up the right block,pick up the blue block,L3,blue,right,left,4,pregrasp,64,80,16,0.6611570247933884,0.5633802816901409,1,8,0.3,0.7,8,0.27890443801879883,0.2966556251049042,0.2966556251049042,0.27890443801879883,-0.017751187086105347,0.5789158940315247,-0.026969198137521744,0.2729451656341553
test,C0,12,2026_08_18_00_52_54_907596_L3_right_C0,right,pick up the right block,pick up the blue block,L3,blue,right,left,4,pregrasp,64,80,16,0.6611570247933884,0.5633802816901409,2,8,0.3,0.7,8,0.21544380486011505,0.22614037990570068,0.22614037990570068,0.21544380486011505,-0.010696575045585632,0.5789158940315247,-0.026969198137521744,0.2729451656341553
test,C0,12,2026_08_18_00_52_54_907596_L3_right_C0,right,pick up the right block,pick up the blue block,L3,blue,right,left,4,pregrasp,64,80,16,0.6611570247933884,0.5633802816901409,3,8,0.3,0.7,8,0.2436353862285614,0.26051968336105347,0.26051968336105347,0.2436353862285614,-0.016884297132492065,0.5789158940315247,-0.026969198137521744,0.2729451656341553
test,C0,12,2026_08_18_00_52_54_907596_L3_right_C0,right,pick up the right block,pick up the blue block,L3,blue,right,left,4,pregrasp,64,80,16,0.6611570247933884,0.5633802816901409,4,8,0.3,0.7,8,0.20376332104206085,0.2161470353603363,0.2161470353603363,0.20376332104206085,-0.012383714318275452,0.5789158940315247,-0.026969198137521744,0.2729451656341553
test,C0,12,2026_08_18_00_52_54_907596_L3_right_C0,right,pick up the right block,pick up the blue block,L3,blue,right,left,4,pregrasp,64,80,16,0.6611570247933884,0.5633802816901409,5,8,0.3,0.7,8,0.1518978774547577,0.15909846127033234,0.15909846127033234,0.1518978774547577,-0.007200583815574646,0.5789158940315247,-0.026969198137521744,0.2729451656341553
test,C0,12,2026_08_18_00_52_54_907596_L3_right_C0,right,pick up the right block,pick up the blue block,L3,blue,right,left,4,pregrasp,64,80,16,0.6611570247933884,0.5633802816901409,6,8,0.3,0.7,8,0.17464570701122284,0.1908740997314453,0.1908740997314453,0.17464570701122284,-0.016228392720222473,0.5789158940315247,-0.026969198137521744,0.2729451656341553
test,C0,12,2026_08_18_00_52_54_907596_L3_right_C0,right,pick up the right block,pick up the blue block,L3,blue,right,left,4,pregrasp,64,80,16,0.6611570247933884,0.5633802816901409,7,8,0.3,0.7,8,0.22451560199260712,0.23236776888370514,0.23236776888370514,0.22451560199260712,-0.007852166891098022,0.5789158940315247,-0.026969198137521744,0.2729451656341553
test,C0,12,2026_08_18_00_52_54_907596_L3_right_C0,right,pick up the right block,pick up the blue block,L3,blue,right,left,4,pregrasp,64,80,16,0.6611570247933884,0.5633802816901409,8,8,0.3,0.7,8,0.08696161955595016,0.08612983673810959,0.08612983673810959,0.08696161955595016,0.0008317828178405762,0.5789158940315247,-0.026969198137521744,0.2729451656341553
test,C0,12,2026_08_18_00_52_54_907596_L3_right_C0,right,pick up the right block,pick up the blue block,L3,blue,right,left,4,pregrasp,64,80,16,0.6611570247933884,0.5633802816901409,9,8,0.3,0.7,8,0.11805786192417145,0.12120094150304794,0.12120094150304794,0.11805786192417145,-0.0031430795788764954,0.5789158940315247,-0.026969198137521744,0.2729451656341553
test,C0,12,2026_08_18_00_52_54_907596_L3_right_C0,right,pick up the right block,pick up the blue block,L3,blue,right,left,5,pregrasp,80,96,16,0.7933884297520661,0.676056338028169,0,8,0.3,0.7,8,0.3461425304412842,0.3619065582752228,0.3619065582752228,0.3461425304412842,-0.0157640278339386,0.6296064257621765,-0.03465106710791588,0.2246462106704712
test,C0,12,2026_08_18_00_52_54_907596_L3_right_C0,right,pick up the right block,pick up the blue block,L3,blue,right,left,5,pregrasp,80,96,16,0.7933884297520661,0.676056338028169,1,8,0.3,0.7,8,0.21692799031734467,0.22787301242351532,0.22787301242351532,0.21692799031734467,-0.010945022106170654,0.6296064257621765,-0.03465106710791588,0.2246462106704712
test,C0,12,2026_08_18_00_52_54_907596_L3_right_C0,right,pick up the right block,pick up the blue block,L3,blue,right,left,5,pregrasp,80,96,16,0.7933884297520661,0.676056338028169,2,8,0.3,0.7,8,0.334499716758728,0.35837602615356445,0.35837602615356445,0.334499716758728,-0.023876309394836426,0.6296064257621765,-0.03465106710791588,0.2246462106704712
test,C0,12,2026_08_18_00_52_54_907596_L3_right_C0,right,pick up the right block,pick up the blue block,L3,blue,right,left,5,pregrasp,80,96,16,0.7933884297520661,0.676056338028169,3,8,0.3,0.7,8,0.23597970604896545,0.2505626976490021,0.2505626976490021,0.23597970604896545,-0.014582991600036621,0.6296064257621765,-0.03465106710791588,0.2246462106704712
test,C0,12,2026_08_18_00_52_54_907596_L3_right_C0,right,pick up the right block,pick up the blue block,L3,blue,right,left,5,pregrasp,80,96,16,0.7933884297520661,0.676056338028169,4,8,0.3,0.7,8,0.24141450226306915,0.24977466464042664,0.24977466464042664,0.24141450226306915,-0.008360162377357483,0.6296064257621765,-0.03465106710791588,0.2246462106704712
test,C0,12,2026_08_18_00_52_54_907596_L3_right_C0,right,pick up the right block,pick up the blue block,L3,blue,right,left,5,pregrasp,80,96,16,0.7933884297520661,0.676056338028169,5,8,0.3,0.7,8,0.22485822439193726,0.23397275805473328,0.23397275805473328,0.22485822439193726,-0.00911453366279602,0.6296064257621765,-0.03465106710791588,0.2246462106704712
test,C0,12,2026_08_18_00_52_54_907596_L3_right_C0,right,pick up the right block,pick up the blue block,L3,blue,right,left,5,pregrasp,80,96,16,0.7933884297520661,0.676056338028169,6,8,0.3,0.7,8,0.261846661567688,0.2746378779411316,0.2746378779411316,0.261846661567688,-0.012791216373443604,0.6296064257621765,-0.03465106710791588,0.2246462106704712
test,C0,12,2026_08_18_00_52_54_907596_L3_right_C0,right,pick up the right block,pick up the blue block,L3,blue,right,left,5,pregrasp,80,96,16,0.7933884297520661,0.676056338028169,7,8,0.3,0.7,8,0.16143912076950073,0.16485781967639923,0.16485781967639923,0.16143912076950073,-0.0034186989068984985,0.6296064257621765,-0.03465106710791588,0.2246462106704712
test,C0,12,2026_08_18_00_52_54_907596_L3_right_C0,right,pick up the right block,pick up the blue block,L3,blue,right,left,5,pregrasp,80,96,16,0.7933884297520661,0.676056338028169,8,8,0.3,0.7,8,0.23412856459617615,0.2438085973262787,0.2438085973262787,0.23412856459617615,-0.009680032730102539,0.6296064257621765,-0.03465106710791588,0.2246462106704712
test,C0,12,2026_08_18_00_52_54_907596_L3_right_C0,right,pick up the right block,pick up the blue block,L3,blue,right,left,5,pregrasp,80,96,16,0.7933884297520661,0.676056338028169,9,8,0.3,0.7,8,0.21613334119319916,0.2312113344669342,0.2312113344669342,0.21613334119319916,-0.015077993273735046,0.6296064257621765,-0.03465106710791588,0.2246462106704712
test,C0,12,2026_08_18_00_52_54_907596_L3_right_C0,right,pick up the right block,pick up the blue block,L3,blue,right,left,6,pregrasp,96,112,16,0.9256198347107438,0.7887323943661971,0,8,0.3,0.7,8,0.19096264243125916,0.20743729174137115,0.20743729174137115,0.19096264243125916,-0.016474649310112,0.6667183637619019,-0.039860013872385025,0.18885362148284912
test,C0,12,2026_08_18_00_52_54_907596_L3_right_C0,right,pick up the right block,pick up the blue block,L3,blue,right,left,6,pregrasp,96,112,16,0.9256198347107438,0.7887323943661971,1,8,0.3,0.7,8,0.2620193660259247,0.2856459617614746,0.2856459617614746,0.2620193660259247,-0.023626595735549927,0.6667183637619019,-0.039860013872385025,0.18885362148284912
test,C0,12,2026_08_18_00_52_54_907596_L3_right_C0,right,pick up the right block,pick up the blue block,L3,blue,right,left,6,pregrasp,96,112,16,0.9256198347107438,0.7887323943661971,2,8,0.3,0.7,8,0.11864034831523895,0.13342970609664917,0.13342970609664917,0.11864034831523895,-0.014789357781410217,0.6667183637619019,-0.039860013872385025,0.18885362148284912
test,C0,12,2026_08_18_00_52_54_907596_L3_right_C0,right,pick up the right block,pick up the blue block,L3,blue,right,left,6,pregrasp,96,112,16,0.9256198347107438,0.7887323943661971,3,8,0.3,0.7,8,0.15895012021064758,0.1727546602487564,0.1727546602487564,0.15895012021064758,-0.013804540038108826,0.6667183637619019,-0.039860013872385025,0.18885362148284912
test,C0,12,2026_08_18_00_52_54_907596_L3_right_C0,right,pick up the right block,pick up the blue block,L3,blue,right,left,6,pregrasp,96,112,16,0.9256198347107438,0.7887323943661971,4,8,0.3,0.7,8,0.1599549502134323,0.17397528886795044,0.17397528886795044,0.1599549502134323,-0.014020338654518127,0.6667183637619019,-0.039860013872385025,0.18885362148284912
test,C0,12,2026_08_18_00_52_54_907596_L3_right_C0,right,pick up the right block,pick up the blue block,L3,blue,right,left,6,pregrasp,96,112,16,0.9256198347107438,0.7887323943661971,5,8,0.3,0.7,8,0.1638358235359192,0.180134117603302,0.180134117603302,0.1638358235359192,-0.016298294067382812,0.6667183637619019,-0.039860013872385025,0.18885362148284912
test,C0,12,2026_08_18_00_52_54_907596_L3_right_C0,right,pick up the right block,pick up the blue block,L3,blue,right,left,6,pregrasp,96,112,16,0.9256198347107438,0.7887323943661971,6,8,0.3,0.7,8,0.17743393778800964,0.1963275521993637,0.1963275521993637,0.17743393778800964,-0.018893614411354065,0.6667183637619019,-0.039860013872385025,0.18885362148284912
test,C0,12,2026_08_18_00_52_54_907596_L3_right_C0,right,pick up the right block,pick up the blue block,L3,blue,right,left,6,pregrasp,96,112,16,0.9256198347107438,0.7887323943661971,7,8,0.3,0.7,8,0.16062386333942413,0.1763252466917038,0.1763252466917038,0.16062386333942413,-0.015701383352279663,0.6667183637619019,-0.039860013872385025,0.18885362148284912
test,C0,12,2026_08_18_00_52_54_907596_L3_right_C0,right,pick up the right block,pick up the blue block,L3,blue,right,left,6,pregrasp,96,112,16,0.9256198347107438,0.7887323943661971,8,8,0.3,0.7,8,0.15261957049369812,0.16829797625541687,0.16829797625541687,0.15261957049369812,-0.01567840576171875,0.6667183637619019,-0.039860013872385025,0.18885362148284912
test,C0,12,2026_08_18_00_52_54_907596_L3_right_C0,right,pick up the right block,pick up the blue block,L3,blue,right,left,6,pregrasp,96,112,16,0.9256198347107438,0.7887323943661971,9,8,0.3,0.7,8,0.1463577300310135,0.16006536781787872,0.16006536781787872,0.1463577300310135,-0.013707637786865234,0.6667183637619019,-0.039860013872385025,0.18885362148284912
test,C0,12,2026_08_18_00_52_54_907596_L3_right_C0,right,pick up the right block,pick up the blue block,L3,blue,right,left,7,pregrasp,112,121,9,1.0,0.852112676056338,0,8,0.3,0.7,8,0.2091168463230133,0.21797989308834076,0.21797989308834076,0.2091168463230133,-0.008863046765327454,0.6672957539558411,-0.03988920524716377,0.1888081133365631
test,C0,12,2026_08_18_00_52_54_907596_L3_right_C0,right,pick up the right block,pick up the blue block,L3,blue,right,left,7,pregrasp,112,121,9,1.0,0.852112676056338,1,8,0.3,0.7,8,0.2751885652542114,0.2898840308189392,0.2898840308189392,0.2751885652542114,-0.014695465564727783,0.6672957539558411,-0.03988920524716377,0.1888081133365631
test,C0,12,2026_08_18_00_52_54_907596_L3_right_C0,right,pick up the right block,pick up the blue block,L3,blue,right,left,7,pregrasp,112,121,9,1.0,0.852112676056338,2,8,0.3,0.7,8,0.24260956048965454,0.2563178241252899,0.2563178241252899,0.24260956048965454,-0.013708263635635376,0.6672957539558411,-0.03988920524716377,0.1888081133365631
test,C0,12,2026_08_18_00_52_54_907596_L3_right_C0,right,pick up the right block,pick up the blue block,L3,blue,right,left,7,pregrasp,112,121,9,1.0,0.852112676056338,3,8,0.3,0.7,8,0.25416553020477295,0.26871827244758606,0.26871827244758606,0.25416553020477295,-0.01455274224281311,0.6672957539558411,-0.03988920524716377,0.1888081133365631
test,C0,12,2026_08_18_00_52_54_907596_L3_right_C0,right,pick up the right block,pick up the blue block,L3,blue,right,left,7,pregrasp,112,121,9,1.0,0.852112676056338,4,8,0.3,0.7,8,0.15426553785800934,0.15974083542823792,0.15974083542823792,0.15426553785800934,-0.005475297570228577,0.6672957539558411,-0.03988920524716377,0.1888081133365631
test,C0,12,2026_08_18_00_52_54_907596_L3_right_C0,right,pick up the right block,pick up the blue block,L3,blue,right,left,7,pregrasp,112,121,9,1.0,0.852112676056338,5,8,0.3,0.7,8,0.21395839750766754,0.22185608744621277,0.22185608744621277,0.21395839750766754,-0.007897689938545227,0.6672957539558411,-0.03988920524716377,0.1888081133365631
test,C0,12,2026_08_18_00_52_54_907596_L3_right_C0,right,pick up the right block,pick up the blue block,L3,blue,right,left,7,pregrasp,112,121,9,1.0,0.852112676056338,6,8,0.3,0.7,8,0.22137078642845154,0.2350653111934662,0.2350653111934662,0.22137078642845154,-0.013694524765014648,0.6672957539558411,-0.03988920524716377,0.1888081133365631
test,C0,12,2026_08_18_00_52_54_907596_L3_right_C0,right,pick up the right block,pick up the blue block,L3,blue,right,left,7,pregrasp,112,121,9,1.0,0.852112676056338,7,8,0.3,0.7,8,0.16599981486797333,0.17239677906036377,0.17239677906036377,0.16599981486797333,-0.006396964192390442,0.6672957539558411,-0.03988920524716377,0.1888081133365631
test,C0,12,2026_08_18_00_52_54_907596_L3_right_C0,right,pick up the right block,pick up the blue block,L3,blue,right,left,7,pregrasp,112,121,9,1.0,0.852112676056338,8,8,0.3,0.7,8,0.19927923381328583,0.2119552493095398,0.2119552493095398,0.19927923381328583,-0.012676015496253967,0.6672957539558411,-0.03988920524716377,0.1888081133365631
test,C0,12,2026_08_18_00_52_54_907596_L3_right_C0,right,pick up the right block,pick up the blue block,L3,blue,right,left,7,pregrasp,112,121,9,1.0,0.852112676056338,9,8,0.3,0.7,8,0.2301313877105713,0.24044863879680634,0.24044863879680634,0.2301313877105713,-0.010317251086235046,0.6672957539558411,-0.03988920524716377,0.1888081133365631
test,C0,12,2026_08_18_00_52_54_907596_L3_right_C0,right,pick up the right block,pick up the blue block,L3,blue,right,left,8,postgrasp,121,137,16,1.0,0.9647887323943662,0,8,0.3,0.7,8,0.28164786100387573,0.2830958366394043,0.2830958366394043,0.28164786100387573,-0.0014479756355285645,0.6678454875946045,-0.04000682383775711,0.18919846415519714
test,C0,12,2026_08_18_00_52_54_907596_L3_right_C0,right,pick up the right block,pick up the blue block,L3,blue,right,left,8,postgrasp,121,137,16,1.0,0.9647887323943662,1,8,0.3,0.7,8,0.28966033458709717,0.2875530421733856,0.2875530421733856,0.28966033458709717,0.002107292413711548,0.6678454875946045,-0.04000682383775711,0.18919846415519714
test,C0,12,2026_08_18_00_52_54_907596_L3_right_C0,right,pick up the right block,pick up the blue block,L3,blue,right,left,8,postgrasp,121,137,16,1.0,0.9647887323943662,2,8,0.3,0.7,8,0.31804129481315613,0.3240201473236084,0.3240201473236084,0.31804129481315613,-0.0059788525104522705,0.6678454875946045,-0.04000682383775711,0.18919846415519714
test,C0,12,2026_08_18_00_52_54_907596_L3_right_C0,right,pick up the right block,pick up the blue block,L3,blue,right,left,8,postgrasp,121,137,16,1.0,0.9647887323943662,3,8,0.3,0.7,8,0.25636598467826843,0.2526065409183502,0.2526065409183502,0.25636598467826843,0.003759443759918213,0.6678454875946045,-0.04000682383775711,0.18919846415519714
test,C0,12,2026_08_18_00_52_54_907596_L3_right_C0,right,pick up the right block,pick up the blue block,L3,blue,right,left,8,postgrasp,121,137,16,1.0,0.9647887323943662,4,8,0.3,0.7,8,0.3064887821674347,0.2995924651622772,0.2995924651622772,0.3064887821674347,0.006896317005157471,0.6678454875946045,-0.04000682383775711,0.18919846415519714
test,C0,12,2026_08_18_00_52_54_907596_L3_right_C0,right,pick up the right block,pick up the blue block,L3,blue,right,left,8,postgrasp,121,137,16,1.0,0.9647887323943662,5,8,0.3,0.7,8,0.2905241847038269,0.31013035774230957,0.31013035774230957,0.2905241847038269,-0.019606173038482666,0.6678454875946045,-0.04000682383775711,0.18919846415519714
test,C0,12,2026_08_18_00_52_54_907596_L3_right_C0,right,pick up the right block,pick up the blue block,L3,blue,right,left,8,postgrasp,121,137,16,1.0,0.9647887323943662,6,8,0.3,0.7,8,0.2493063360452652,0.25198543071746826,0.25198543071746826,0.2493063360452652,-0.002679094672203064,0.6678454875946045,-0.04000682383775711,0.18919846415519714
test,C0,12,2026_08_18_00_52_54_907596_L3_right_C0,right,pick up the right block,pick up the blue block,L3,blue,right,left,8,postgrasp,121,137,16,1.0,0.9647887323943662,7,8,0.3,0.7,8,0.29104918241500854,0.28880369663238525,0.28880369663238525,0.29104918241500854,0.002245485782623291,0.6678454875946045,-0.04000682383775711,0.18919846415519714
test,C0,12,2026_08_18_00_52_54_907596_L3_right_C0,right,pick up the right block,pick up the blue block,L3,blue,right,left,8,postgrasp,121,137,16,1.0,0.9647887323943662,8,8,0.3,0.7,8,0.32081764936447144,0.32910969853401184,0.32910969853401184,0.32081764936447144,-0.008292049169540405,0.6678454875946045,-0.04000682383775711,0.18919846415519714
test,C0,12,2026_08_18_00_52_54_907596_L3_right_C0,right,pick up the right block,pick up the blue block,L3,blue,right,left,8,postgrasp,121,137,16,1.0,0.9647887323943662,9,8,0.3,0.7,8,0.28357023000717163,0.28795310854911804,0.28795310854911804,0.28357023000717163,-0.004382878541946411,0.6678454875946045,-0.04000682383775711,0.18919846415519714
test,C0,12,2026_08_18_00_52_54_907596_L3_right_C0,right,pick up the right block,pick up the blue block,L3,blue,right,left,9,postgrasp,137,142,5,1.0,1.0,0,8,0.3,0.7,8,0.2503703236579895,0.2208937406539917,0.2208937406539917,0.2503703236579895,0.029476583003997803,0.6678566336631775,-0.04000662639737129,0.18920452892780304
test,C0,12,2026_08_18_00_52_54_907596_L3_right_C0,right,pick up the right block,pick up the blue block,L3,blue,right,left,9,postgrasp,137,142,5,1.0,1.0,1,8,0.3,0.7,8,0.24872569739818573,0.23256653547286987,0.23256653547286987,0.24872569739818573,0.016159161925315857,0.6678566336631775,-0.04000662639737129,0.18920452892780304
test,C0,12,2026_08_18_00_52_54_907596_L3_right_C0,right,pick up the right block,pick up the blue block,L3,blue,right,left,9,postgrasp,137,142,5,1.0,1.0,2,8,0.3,0.7,8,0.25691816210746765,0.2492184042930603,0.2492184042930603,0.25691816210746765,0.007699757814407349,0.6678566336631775,-0.04000662639737129,0.18920452892780304
test,C0,12,2026_08_18_00_52_54_907596_L3_right_C0,right,pick up the right block,pick up the blue block,L3,blue,right,left,9,postgrasp,137,142,5,1.0,1.0,3,8,0.3,0.7,8,0.30828312039375305,0.29996153712272644,0.29996153712272644,0.30828312039375305,0.008321583271026611,0.6678566336631775,-0.04000662639737129,0.18920452892780304
test,C0,12,2026_08_18_00_52_54_907596_L3_right_C0,right,pick up the right block,pick up the blue block,L3,blue,right,left,9,postgrasp,137,142,5,1.0,1.0,4,8,0.3,0.7,8,0.20935335755348206,0.20789586007595062,0.20789586007595062,0.20935335755348206,0.001457497477531433,0.6678566336631775,-0.04000662639737129,0.18920452892780304
test,C0,12,2026_08_18_00_52_54_907596_L3_right_C0,right,pick up the right block,pick up the blue block,L3,blue,right,left,9,postgrasp,137,142,5,1.0,1.0,5,8,0.3,0.7,8,0.21125850081443787,0.18808750808238983,0.18808750808238983,0.21125850081443787,0.023170992732048035,0.6678566336631775,-0.04000662639737129,0.18920452892780304
test,C0,12,2026_08_18_00_52_54_907596_L3_right_C0,right,pick up the right block,pick up the blue block,L3,blue,right,left,9,postgrasp,137,142,5,1.0,1.0,6,8,0.3,0.7,8,0.2135756015777588,0.19728150963783264,0.19728150963783264,0.2135756015777588,0.016294091939926147,0.6678566336631775,-0.04000662639737129,0.18920452892780304
test,C0,12,2026_08_18_00_52_54_907596_L3_right_C0,right,pick up the right block,pick up the blue block,L3,blue,right,left,9,postgrasp,137,142,5,1.0,1.0,7,8,0.3,0.7,8,0.2721296548843384,0.26603248715400696,0.26603248715400696,0.2721296548843384,0.006097167730331421,0.6678566336631775,-0.04000662639737129,0.18920452892780304
test,C0,12,2026_08_18_00_52_54_907596_L3_right_C0,right,pick up the right block,pick up the blue block,L3,blue,right,left,9,postgrasp,137,142,5,1.0,1.0,8,8,0.3,0.7,8,0.20609037578105927,0.20689190924167633,0.20689190924167633,0.20609037578105927,-0.0008015334606170654,0.6678566336631775,-0.04000662639737129,0.18920452892780304
test,C0,12,2026_08_18_00_52_54_907596_L3_right_C0,right,pick up the right block,pick up the blue block,L3,blue,right,left,9,postgrasp,137,142,5,1.0,1.0,9,8,0.3,0.7,8,0.2543661892414093,0.2409420758485794,0.2409420758485794,0.2543661892414093,0.013424113392829895,0.6678566336631775,-0.04000662639737129,0.18920452892780304
test,C1,13,2026_08_18_00_53_23_339528_L3_right_C1,right,pick up the right block,pick up the blue block,L3,blue,right,left,0,pregrasp,0,16,16,0.12121212121212122,0.10457516339869281,0,8,0.3,0.7,8,0.2755723297595978,0.24094174802303314,0.24094174802303314,0.2755723297595978,0.034630581736564636,0.3730132579803467,-0.02570302225649357,0.47828108072280884
test,C1,13,2026_08_18_00_53_23_339528_L3_right_C1,right,pick up the right block,pick up the blue block,L3,blue,right,left,0,pregrasp,0,16,16,0.12121212121212122,0.10457516339869281,1,8,0.3,0.7,8,0.4487839937210083,0.4266839027404785,0.4266839027404785,0.4487839937210083,0.022100090980529785,0.3730132579803467,-0.02570302225649357,0.47828108072280884
test,C1,13,2026_08_18_00_53_23_339528_L3_right_C1,right,pick up the right block,pick up the blue block,L3,blue,right,left,0,pregrasp,0,16,16,0.12121212121212122,0.10457516339869281,2,8,0.3,0.7,8,0.4353638291358948,0.40072694420814514,0.40072694420814514,0.4353638291358948,0.034636884927749634,0.3730132579803467,-0.02570302225649357,0.47828108072280884
test,C1,13,2026_08_18_00_53_23_339528_L3_right_C1,right,pick up the right block,pick up the blue block,L3,blue,right,left,0,pregrasp,0,16,16,0.12121212121212122,0.10457516339869281,3,8,0.3,0.7,8,0.33974894881248474,0.31619250774383545,0.31619250774383545,0.33974894881248474,0.023556441068649292,0.3730132579803467,-0.02570302225649357,0.47828108072280884
test,C1,13,2026_08_18_00_53_23_339528_L3_right_C1,right,pick up the right block,pick up the blue block,L3,blue,right,left,0,pregrasp,0,16,16,0.12121212121212122,0.10457516339869281,4,8,0.3,0.7,8,0.3471364974975586,0.261972039937973,0.261972039937973,0.3471364974975586,0.08516445755958557,0.3730132579803467,-0.02570302225649357,0.47828108072280884
test,C1,13,2026_08_18_00_53_23_339528_L3_right_C1,right,pick up the right block,pick up the blue block,L3,blue,right,left,0,pregrasp,0,16,16,0.12121212121212122,0.10457516339869281,5,8,0.3,0.7,8,0.3042067587375641,0.28894758224487305,0.28894758224487305,0.3042067587375641,0.01525917649269104,0.3730132579803467,-0.02570302225649357,0.47828108072280884
test,C1,13,2026_08_18_00_53_23_339528_L3_right_C1,right,pick up the right block,pick up the blue block,L3,blue,right,left,0,pregrasp,0,16,16,0.12121212121212122,0.10457516339869281,6,8,0.3,0.7,8,0.38994100689888,0.35492339730262756,0.35492339730262756,0.38994100689888,0.03501760959625244,0.3730132579803467,-0.02570302225649357,0.47828108072280884
test,C1,13,2026_08_18_00_53_23_339528_L3_right_C1,right,pick up the right block,pick up the blue block,L3,blue,right,left,0,pregrasp,0,16,16,0.12121212121212122,0.10457516339869281,7,8,0.3,0.7,8,0.4099079966545105,0.3047371804714203,0.3047371804714203,0.4099079966545105,0.10517081618309021,0.3730132579803467,-0.02570302225649357,0.47828108072280884
test,C1,13,2026_08_18_00_53_23_339528_L3_right_C1,right,pick up the right block,pick up the blue block,L3,blue,right,left,0,pregrasp,0,16,16,0.12121212121212122,0.10457516339869281,8,8,0.3,0.7,8,0.4281507432460785,0.40570566058158875,0.40570566058158875,0.4281507432460785,0.022445082664489746,0.3730132579803467,-0.02570302225649357,0.47828108072280884
test,C1,13,2026_08_18_00_53_23_339528_L3_right_C1,right,pick up the right block,pick up the blue block,L3,blue,right,left,0,pregrasp,0,16,16,0.12121212121212122,0.10457516339869281,9,8,0.3,0.7,8,0.28165537118911743,0.2752935290336609,0.2752935290336609,0.28165537118911743,0.006361842155456543,0.3730132579803467,-0.02570302225649357,0.47828108072280884
test,C1,13,2026_08_18_00_53_23_339528_L3_right_C1,right,pick up the right block,pick up the blue block,L3,blue,right,left,1,pregrasp,16,32,16,0.24242424242424243,0.20915032679738563,0,8,0.3,0.7,8,0.1675470769405365,0.18739576637744904,0.18739576637744904,0.1675470769405365,-0.019848689436912537,0.4035748541355133,-0.07267157733440399,0.4392050802707672
test,C1,13,2026_08_18_00_53_23_339528_L3_right_C1,right,pick up the right block,pick up the blue block,L3,blue,right,left,1,pregrasp,16,32,16,0.24242424242424243,0.20915032679738563,1,8,0.3,0.7,8,0.21416765451431274,0.23148512840270996,0.23148512840270996,0.21416765451431274,-0.017317473888397217,0.4035748541355133,-0.07267157733440399,0.4392050802707672
test,C1,13,2026_08_18_00_53_23_339528_L3_right_C1,right,pick up the right block,pick up the blue block,L3,blue,right,left,1,pregrasp,16,32,16,0.24242424242424243,0.20915032679738563,2,8,0.3,0.7,8,0.1573958694934845,0.19288389384746552,0.19288389384746552,0.1573958694934845,-0.03548802435398102,0.4035748541355133,-0.07267157733440399,0.4392050802707672
test,C1,13,2026_08_18_00_53_23_339528_L3_right_C1,right,pick up the right block,pick up the blue block,L3,blue,right,left,1,pregrasp,16,32,16,0.24242424242424243,0.20915032679738563,3,8,0.3,0.7,8,0.26503562927246094,0.3033411502838135,0.3033411502838135,0.26503562927246094,-0.03830552101135254,0.4035748541355133,-0.07267157733440399,0.4392050802707672
test,C1,13,2026_08_18_00_53_23_339528_L3_right_C1,right,pick up the right block,pick up the blue block,L3,blue,right,left,1,pregrasp,16,32,16,0.24242424242424243,0.20915032679738563,4,8,0.3,0.7,8,0.24605213105678558,0.2828027606010437,0.2828027606010437,0.24605213105678558,-0.03675062954425812,0.4035748541355133,-0.07267157733440399,0.4392050802707672
test,C1,13,2026_08_18_00_53_23_339528_L3_right_C1,right,pick up the right block,pick up the blue block,L3,blue,right,left,1,pregrasp,16,32,16,0.24242424242424243,0.20915032679738563,5,8,0.3,0.7,8,0.3574220538139343,0.39253681898117065,0.39253681898117065,0.3574220538139343,-0.03511476516723633,0.4035748541355133,-0.07267157733440399,0.4392050802707672
test,C1,13,2026_08_18_00_53_23_339528_L3_right_C1,right,pick up the right block,pick up the blue block,L3,blue,right,left,1,pregrasp,16,32,16,0.24242424242424243,0.20915032679738563,6,8,0.3,0.7,8,0.27999767661094666,0.3385273516178131,0.3385273516178131,0.27999767661094666,-0.058529675006866455,0.4035748541355133,-0.07267157733440399,0.4392050802707672
test,C1,13,2026_08_18_00_53_23_339528_L3_right_C1,right,pick up the right block,pick up the blue block,L3,blue,right,left,1,pregrasp,16,32,16,0.24242424242424243,0.20915032679738563,7,8,0.3,0.7,8,0.2784794270992279,0.30202189087867737,0.30202189087867737,0.2784794270992279,-0.023542463779449463,0.4035748541355133,-0.07267157733440399,0.4392050802707672
test,C1,13,2026_08_18_00_53_23_339528_L3_right_C1,right,pick up the right block,pick up the blue block,L3,blue,right,left,1,pregrasp,16,32,16,0.24242424242424243,0.20915032679738563,8,8,0.3,0.7,8,0.15797556936740875,0.16542761027812958,0.16542761027812958,0.15797556936740875,-0.007452040910720825,0.4035748541355133,-0.07267157733440399,0.4392050802707672
test,C1,13,2026_08_18_00_53_23_339528_L3_right_C1,right,pick up the right block,pick up the blue block,L3,blue,right,left,1,pregrasp,16,32,16,0.24242424242424243,0.20915032679738563,9,8,0.3,0.7,8,0.2585415840148926,0.27533411979675293,0.27533411979675293,0.2585415840148926,-0.01679253578186035,0.4035748541355133,-0.07267157733440399,0.4392050802707672
test,C1,13,2026_08_18_00_53_23_339528_L3_right_C1,right,pick up the right block,pick up the blue block,L3,blue,right,left,2,pregrasp,32,48,16,0.36363636363636365,0.3137254901960784,0,8,0.3,0.7,8,0.1304013431072235,0.15648284554481506,0.15648284554481506,0.1304013431072235,-0.026081502437591553,0.4488801956176758,-0.10245123505592346,0.3962406516075134
test,C1,13,2026_08_18_00_53_23_339528_L3_right_C1,right,pick up the right block,pick up the blue block,L3,blue,right,left,2,pregrasp,32,48,16,0.36363636363636365,0.3137254901960784,1,8,0.3,0.7,8,0.17508737742900848,0.20460543036460876,0.20460543036460876,0.17508737742900848,-0.02951805293560028,0.4488801956176758,-0.10245123505592346,0.3962406516075134
test,C1,13,2026_08_18_00_53_23_339528_L3_right_C1,right,pick up the right block,pick up the blue block,L3,blue,right,left,2,pregrasp,32,48,16,0.36363636363636365,0.3137254901960784,2,8,0.3,0.7,8,0.18362444639205933,0.25952228903770447,0.25952228903770447,0.18362444639205933,-0.07589784264564514,0.4488801956176758,-0.10245123505592346,0.3962406516075134
test,C1,13,2026_08_18_00_53_23_339528_L3_right_C1,right,pick up the right block,pick up the blue block,L3,blue,right,left,2,pregrasp,32,48,16,0.36363636363636365,0.3137254901960784,3,8,0.3,0.7,8,0.18052919209003448,0.22028419375419617,0.22028419375419617,0.18052919209003448,-0.03975500166416168,0.4488801956176758,-0.10245123505592346,0.3962406516075134
test,C1,13,2026_08_18_00_53_23_339528_L3_right_C1,right,pick up the right block,pick up the blue block,L3,blue,right,left,2,pregrasp,32,48,16,0.36363636363636365,0.3137254901960784,4,8,0.3,0.7,8,0.13353416323661804,0.16328659653663635,0.16328659653663635,0.13353416323661804,-0.02975243330001831,0.4488801956176758,-0.10245123505592346,0.3962406516075134
test,C1,13,2026_08_18_00_53_23_339528_L3_right_C1,right,pick up the right block,pick up the blue block,L3,blue,right,left,2,pregrasp,32,48,16,0.36363636363636365,0.3137254901960784,5,8,0.3,0.7,8,0.1088915541768074,0.13751572370529175,0.13751572370529175,0.1088915541768074,-0.028624169528484344,0.4488801956176758,-0.10245123505592346,0.3962406516075134
test,C1,13,2026_08_18_00_53_23_339528_L3_right_C1,right,pick up the right block,pick up the blue block,L3,blue,right,left,2,pregrasp,32,48,16,0.36363636363636365,0.3137254901960784,6,8,0.3,0.7,8,0.0895751342177391,0.09567412734031677,0.09567412734031677,0.0895751342177391,-0.006098993122577667,0.4488801956176758,-0.10245123505592346,0.3962406516075134
test,C1,13,2026_08_18_00_53_23_339528_L3_right_C1,right,pick up the right block,pick up the blue block,L3,blue,right,left,2,pregrasp,32,48,16,0.36363636363636365,0.3137254901960784,7,8,0.3,0.7,8,0.22801609337329865,0.2784692049026489,0.2784692049026489,0.22801609337329865,-0.05045311152935028,0.4488801956176758,-0.10245123505592346,0.3962406516075134
test,C1,13,2026_08_18_00_53_23_339528_L3_right_C1,right,pick up the right block,pick up the blue block,L3,blue,right,left,2,pregrasp,32,48,16,0.36363636363636365,0.3137254901960784,8,8,0.3,0.7,8,0.1951054185628891,0.21783962845802307,0.21783962845802307,0.1951054185628891,-0.022734209895133972,0.4488801956176758,-0.10245123505592346,0.3962406516075134
test,C1,13,2026_08_18_00_53_23_339528_L3_right_C1,right,pick up the right block,pick up the blue block,L3,blue,right,left,2,pregrasp,32,48,16,0.36363636363636365,0.3137254901960784,9,8,0.3,0.7,8,0.14902465045452118,0.19330517947673798,0.19330517947673798,0.14902465045452118,-0.0442805290222168,0.4488801956176758,-0.10245123505592346,0.3962406516075134
test,C1,13,2026_08_18_00_53_23_339528_L3_right_C1,right,pick up the right block,pick up the blue block,L3,blue,right,left,3,pregrasp,48,64,16,0.48484848484848486,0.41830065359477125,0,8,0.3,0.7,8,0.25391867756843567,0.3051629364490509,0.3051629364490509,0.25391867756843567,-0.051244258880615234,0.49823880195617676,-0.11249492317438126,0.3488485515117645
test,C1,13,2026_08_18_00_53_23_339528_L3_right_C1,right,pick up the right block,pick up the blue block,L3,blue,right,left,3,pregrasp,48,64,16,0.48484848484848486,0.41830065359477125,1,8,0.3,0.7,8,0.183503657579422,0.2418491393327713,0.2418491393327713,0.183503657579422,-0.058345481753349304,0.49823880195617676,-0.11249492317438126,0.3488485515117645
test,C1,13,2026_08_18_00_53_23_339528_L3_right_C1,right,pick up the right block,pick up the blue block,L3,blue,right,left,3,pregrasp,48,64,16,0.48484848484848486,0.41830065359477125,2,8,0.3,0.7,8,0.26414716243743896,0.3352434039115906,0.3352434039115906,0.26414716243743896,-0.07109624147415161,0.49823880195617676,-0.11249492317438126,0.3488485515117645
test,C1,13,2026_08_18_00_53_23_339528_L3_right_C1,right,pick up the right block,pick up the blue block,L3,blue,right,left,3,pregrasp,48,64,16,0.48484848484848486,0.41830065359477125,3,8,0.3,0.7,8,0.2735391855239868,0.32197585701942444,0.32197585701942444,0.2735391855239868,-0.04843667149543762,0.49823880195617676,-0.11249492317438126,0.3488485515117645
test,C1,13,2026_08_18_00_53_23_339528_L3_right_C1,right,pick up the right block,pick up the blue block,L3,blue,right,left,3,pregrasp,48,64,16,0.48484848484848486,0.41830065359477125,4,8,0.3,0.7,8,0.2990717887878418,0.3595409691333771,0.3595409691333771,0.2990717887878418,-0.06046918034553528,0.49823880195617676,-0.11249492317438126,0.3488485515117645
test,C1,13,2026_08_18_00_53_23_339528_L3_right_C1,right,pick up the right block,pick up the blue block,L3,blue,right,left,3,pregrasp,48,64,16,0.48484848484848486,0.41830065359477125,5,8,0.3,0.7,8,0.2130204141139984,0.24222426116466522,0.24222426116466522,0.2130204141139984,-0.02920384705066681,0.49823880195617676,-0.11249492317438126,0.3488485515117645
test,C1,13,2026_08_18_00_53_23_339528_L3_right_C1,right,pick up the right block,pick up the blue block,L3,blue,right,left,3,pregrasp,48,64,16,0.48484848484848486,0.41830065359477125,6,8,0.3,0.7,8,0.2154426872730255,0.24548225104808807,0.24548225104808807,0.2154426872730255,-0.03003956377506256,0.49823880195617676,-0.11249492317438126,0.3488485515117645
test,C1,13,2026_08_18_00_53_23_339528_L3_right_C1,right,pick up the right block,pick up the blue block,L3,blue,right,left,3,pregrasp,48,64,16,0.48484848484848486,0.41830065359477125,7,8,0.3,0.7,8,0.1318657398223877,0.15529660880565643,0.15529660880565643,0.1318657398223877,-0.023430868983268738,0.49823880195617676,-0.11249492317438126,0.3488485515117645
test,C1,13,2026_08_18_00_53_23_339528_L3_right_C1,right,pick up the right block,pick up the blue block,L3,blue,right,left,3,pregrasp,48,64,16,0.48484848484848486,0.41830065359477125,8,8,0.3,0.7,8,0.15038521587848663,0.1923326849937439,0.1923326849937439,0.15038521587848663,-0.04194746911525726,0.49823880195617676,-0.11249492317438126,0.3488485515117645
test,C1,13,2026_08_18_00_53_23_339528_L3_right_C1,right,pick up the right block,pick up the blue block,L3,blue,right,left,3,pregrasp,48,64,16,0.48484848484848486,0.41830065359477125,9,8,0.3,0.7,8,0.2740539014339447,0.3261526823043823,0.3261526823043823,0.2740539014339447,-0.05209878087043762,0.49823880195617676,-0.11249492317438126,0.3488485515117645
test,C1,13,2026_08_18_00_53_23_339528_L3_right_C1,right,pick up the right block,pick up the blue block,L3,blue,right,left,4,pregrasp,64,80,16,0.6060606060606061,0.5228758169934641,0,8,0.3,0.7,8,0.29048478603363037,0.32118725776672363,0.32118725776672363,0.29048478603363037,-0.03070247173309326,0.5478929877281189,-0.10410048812627792,0.3017898201942444
test,C1,13,2026_08_18_00_53_23_339528_L3_right_C1,right,pick up the right block,pick up the blue block,L3,blue,right,left,4,pregrasp,64,80,16,0.6060606060606061,0.5228758169934641,1,8,0.3,0.7,8,0.2250027060508728,0.2498408406972885,0.2498408406972885,0.2250027060508728,-0.02483813464641571,0.5478929877281189,-0.10410048812627792,0.3017898201942444
test,C1,13,2026_08_18_00_53_23_339528_L3_right_C1,right,pick up the right block,pick up the blue block,L3,blue,right,left,4,pregrasp,64,80,16,0.6060606060606061,0.5228758169934641,2,8,0.3,0.7,8,0.17301836609840393,0.1800038069486618,0.1800038069486618,0.17301836609840393,-0.0069854408502578735,0.5478929877281189,-0.10410048812627792,0.3017898201942444
test,C1,13,2026_08_18_00_53_23_339528_L3_right_C1,right,pick up the right block,pick up the blue block,L3,blue,right,left,4,pregrasp,64,80,16,0.6060606060606061,0.5228758169934641,3,8,0.3,0.7,8,0.16680991649627686,0.19473464787006378,0.19473464787006378,0.16680991649627686,-0.027924731373786926,0.5478929877281189,-0.10410048812627792,0.3017898201942444
test,C1,13,2026_08_18_00_53_23_339528_L3_right_C1,right,pick up the right block,pick up the blue block,L3,blue,right,left,4,pregrasp,64,80,16,0.6060606060606061,0.5228758169934641,4,8,0.3,0.7,8,0.2916463613510132,0.3168213665485382,0.3168213665485382,0.2916463613510132,-0.025175005197525024,0.5478929877281189,-0.10410048812627792,0.3017898201942444
test,C1,13,2026_08_18_00_53_23_339528_L3_right_C1,right,pick up the right block,pick up the blue block,L3,blue,right,left,4,pregrasp,64,80,16,0.6060606060606061,0.5228758169934641,5,8,0.3,0.7,8,0.20317009091377258,0.22008781135082245,0.22008781135082245,0.20317009091377258,-0.016917720437049866,0.5478929877281189,-0.10410048812627792,0.3017898201942444
test,C1,13,2026_08_18_00_53_23_339528_L3_right_C1,right,pick up the right block,pick up the blue block,L3,blue,right,left,4,pregrasp,64,80,16,0.6060606060606061,0.5228758169934641,6,8,0.3,0.7,8,0.22499790787696838,0.25273945927619934,0.25273945927619934,0.22499790787696838,-0.027741551399230957,0.5478929877281189,-0.10410048812627792,0.3017898201942444
test,C1,13,2026_08_18_00_53_23_339528_L3_right_C1,right,pick up the right block,pick up the blue block,L3,blue,right,left,4,pregrasp,64,80,16,0.6060606060606061,0.5228758169934641,7,8,0.3,0.7,8,0.23714539408683777,0.2635040879249573,0.2635040879249573,0.23714539408683777,-0.026358693838119507,0.5478929877281189,-0.10410048812627792,0.3017898201942444
test,C1,13,2026_08_18_00_53_23_339528_L3_right_C1,right,pick up the right block,pick up the blue block,L3,blue,right,left,4,pregrasp,64,80,16,0.6060606060606061,0.5228758169934641,8,8,0.3,0.7,8,0.19692832231521606,0.21195286512374878,0.21195286512374878,0.19692832231521606,-0.015024542808532715,0.5478929877281189,-0.10410048812627792,0.3017898201942444
test,C1,13,2026_08_18_00_53_23_339528_L3_right_C1,right,pick up the right block,pick up the blue block,L3,blue,right,left,4,pregrasp,64,80,16,0.6060606060606061,0.5228758169934641,9,8,0.3,0.7,8,0.21324682235717773,0.2360573410987854,0.2360573410987854,0.21324682235717773,-0.022810518741607666,0.5478929877281189,-0.10410048812627792,0.3017898201942444
test,C1,13,2026_08_18_00_53_23_339528_L3_right_C1,right,pick up the right block,pick up the blue block,L3,blue,right,left,5,pregrasp,80,96,16,0.7272727272727273,0.6274509803921569,0,8,0.3,0.7,8,0.2167109251022339,0.2442600131034851,0.2442600131034851,0.2167109251022339,-0.02754908800125122,0.5967876315116882,-0.08384949713945389,0.25564685463905334
test,C1,13,2026_08_18_00_53_23_339528_L3_right_C1,right,pick up the right block,pick up the blue block,L3,blue,right,left,5,pregrasp,80,96,16,0.7272727272727273,0.6274509803921569,1,8,0.3,0.7,8,0.18393252789974213,0.20912104845046997,0.20912104845046997,0.18393252789974213,-0.025188520550727844,0.5967876315116882,-0.08384949713945389,0.25564685463905334
test,C1,13,2026_08_18_00_53_23_339528_L3_right_C1,right,pick up the right block,pick up the blue block,L3,blue,right,left,5,pregrasp,80,96,16,0.7272727272727273,0.6274509803921569,2,8,0.3,0.7,8,0.298373281955719,0.3274143636226654,0.3274143636226654,0.298373281955719,-0.02904108166694641,0.5967876315116882,-0.08384949713945389,0.25564685463905334
test,C1,13,2026_08_18_00_53_23_339528_L3_right_C1,right,pick up the right block,pick up the blue block,L3,blue,right,left,5,pregrasp,80,96,16,0.7272727272727273,0.6274509803921569,3,8,0.3,0.7,8,0.32939445972442627,0.36150217056274414,0.36150217056274414,0.32939445972442627,-0.03210771083831787,0.5967876315116882,-0.08384949713945389,0.25564685463905334
test,C1,13,2026_08_18_00_53_23_339528_L3_right_C1,right,pick up the right block,pick up the blue block,L3,blue,right,left,5,pregrasp,80,96,16,0.7272727272727273,0.6274509803921569,4,8,0.3,0.7,8,0.15945810079574585,0.19143947958946228,0.19143947958946228,0.15945810079574585,-0.03198137879371643,0.5967876315116882,-0.08384949713945389,0.25564685463905334
test,C1,13,2026_08_18_00_53_23_339528_L3_right_C1,right,pick up the right block,pick up the blue block,L3,blue,right,left,5,pregrasp,80,96,16,0.7272727272727273,0.6274509803921569,5,8,0.3,0.7,8,0.25406548380851746,0.2924373149871826,0.2924373149871826,0.25406548380851746,-0.03837183117866516,0.5967876315116882,-0.08384949713945389,0.25564685463905334
test,C1,13,2026_08_18_00_53_23_339528_L3_right_C1,right,pick up the right block,pick up the blue block,L3,blue,right,left,5,pregrasp,80,96,16,0.7272727272727273,0.6274509803921569,6,8,0.3,0.7,8,0.2216024100780487,0.24704784154891968,0.24704784154891968,0.2216024100780487,-0.02544543147087097,0.5967876315116882,-0.08384949713945389,0.25564685463905334
test,C1,13,2026_08_18_00_53_23_339528_L3_right_C1,right,pick up the right block,pick up the blue block,L3,blue,right,left,5,pregrasp,80,96,16,0.7272727272727273,0.6274509803921569,7,8,0.3,0.7,8,0.15164485573768616,0.18992231786251068,0.18992231786251068,0.15164485573768616,-0.038277462124824524,0.5967876315116882,-0.08384949713945389,0.25564685463905334
test,C1,13,2026_08_18_00_53_23_339528_L3_right_C1,right,pick up the right block,pick up the blue block,L3,blue,right,left,5,pregrasp,80,96,16,0.7272727272727273,0.6274509803921569,8,8,0.3,0.7,8,0.18914096057415009,0.22212129831314087,0.22212129831314087,0.18914096057415009,-0.032980337738990784,0.5967876315116882,-0.08384949713945389,0.25564685463905334
test,C1,13,2026_08_18_00_53_23_339528_L3_right_C1,right,pick up the right block,pick up the blue block,L3,blue,right,left,5,pregrasp,80,96,16,0.7272727272727273,0.6274509803921569,9,8,0.3,0.7,8,0.14218072593212128,0.17653776705265045,0.17653776705265045,0.14218072593212128,-0.034357041120529175,0.5967876315116882,-0.08384949713945389,0.25564685463905334
test,C1,13,2026_08_18_00_53_23_339528_L3_right_C1,right,pick up the right block,pick up the blue block,L3,blue,right,left,6,pregrasp,96,112,16,0.8484848484848485,0.7320261437908496,0,8,0.3,0.7,8,0.30374932289123535,0.31804513931274414,0.31804513931274414,0.30374932289123535,-0.014295816421508789,0.6437889337539673,-0.058531664311885834,0.21086159348487854
test,C1,13,2026_08_18_00_53_23_339528_L3_right_C1,right,pick up the right block,pick up the blue block,L3,blue,right,left,6,pregrasp,96,112,16,0.8484848484848485,0.7320261437908496,1,8,0.3,0.7,8,0.2861140966415405,0.3025519847869873,0.3025519847869873,0.2861140966415405,-0.016437888145446777,0.6437889337539673,-0.058531664311885834,0.21086159348487854
test,C1,13,2026_08_18_00_53_23_339528_L3_right_C1,right,pick up the right block,pick up the blue block,L3,blue,right,left,6,pregrasp,96,112,16,0.8484848484848485,0.7320261437908496,2,8,0.3,0.7,8,0.20935262739658356,0.22279497981071472,0.22279497981071472,0.20935262739658356,-0.013442352414131165,0.6437889337539673,-0.058531664311885834,0.21086159348487854
test,C1,13,2026_08_18_00_53_23_339528_L3_right_C1,right,pick up the right block,pick up the blue block,L3,blue,right,left,6,pregrasp,96,112,16,0.8484848484848485,0.7320261437908496,3,8,0.3,0.7,8,0.22140106558799744,0.23461125791072845,0.23461125791072845,0.22140106558799744,-0.013210192322731018,0.6437889337539673,-0.058531664311885834,0.21086159348487854
test,C1,13,2026_08_18_00_53_23_339528_L3_right_C1,right,pick up the right block,pick up the blue block,L3,blue,right,left,6,pregrasp,96,112,16,0.8484848484848485,0.7320261437908496,4,8,0.3,0.7,8,0.2948710322380066,0.31190598011016846,0.31190598011016846,0.2948710322380066,-0.017034947872161865,0.6437889337539673,-0.058531664311885834,0.21086159348487854
test,C1,13,2026_08_18_00_53_23_339528_L3_right_C1,right,pick up the right block,pick up the blue block,L3,blue,right,left,6,pregrasp,96,112,16,0.8484848484848485,0.7320261437908496,5,8,0.3,0.7,8,0.23850543797016144,0.2505935728549957,0.2505935728549957,0.23850543797016144,-0.01208813488483429,0.6437889337539673,-0.058531664311885834,0.21086159348487854
test,C1,13,2026_08_18_00_53_23_339528_L3_right_C1,right,pick up the right block,pick up the blue block,L3,blue,right,left,6,pregrasp,96,112,16,0.8484848484848485,0.7320261437908496,6,8,0.3,0.7,8,0.28936058282852173,0.30596381425857544,0.30596381425857544,0.28936058282852173,-0.01660323143005371,0.6437889337539673,-0.058531664311885834,0.21086159348487854
test,C1,13,2026_08_18_00_53_23_339528_L3_right_C1,right,pick up the right block,pick up the blue block,L3,blue,right,left,6,pregrasp,96,112,16,0.8484848484848485,0.7320261437908496,7,8,0.3,0.7,8,0.21952234208583832,0.23348556458950043,0.23348556458950043,0.21952234208583832,-0.01396322250366211,0.6437889337539673,-0.058531664311885834,0.21086159348487854
test,C1,13,2026_08_18_00_53_23_339528_L3_right_C1,right,pick up the right block,pick up the blue block,L3,blue,right,left,6,pregrasp,96,112,16,0.8484848484848485,0.7320261437908496,8,8,0.3,0.7,8,0.3278053402900696,0.34303900599479675,0.34303900599479675,0.3278053402900696,-0.015233665704727173,0.6437889337539673,-0.058531664311885834,0.21086159348487854
test,C1,13,2026_08_18_00_53_23_339528_L3_right_C1,right,pick up the right block,pick up the blue block,L3,blue,right,left,6,pregrasp,96,112,16,0.8484848484848485,0.7320261437908496,9,8,0.3,0.7,8,0.1718122959136963,0.1845414936542511,0.1845414936542511,0.1718122959136963,-0.01272919774055481,0.6437889337539673,-0.058531664311885834,0.21086159348487854
test,C1,13,2026_08_18_00_53_23_339528_L3_right_C1,right,pick up the right block,pick up the blue block,L3,blue,right,left,7,pregrasp,112,128,16,0.9696969696969697,0.8366013071895425,0,8,0.3,0.7,8,0.21253818273544312,0.22767853736877441,0.22767853736877441,0.21253818273544312,-0.015140354633331299,0.6667429208755493,-0.04603579267859459,0.18955957889556885
test,C1,13,2026_08_18_00_53_23_339528_L3_right_C1,right,pick up the right block,pick up the blue block,L3,blue,right,left,7,pregrasp,112,128,16,0.9696969696969697,0.8366013071895425,1,8,0.3,0.7,8,0.24751955270767212,0.26175564527511597,0.26175564527511597,0.24751955270767212,-0.014236092567443848,0.6667429208755493,-0.04603579267859459,0.18955957889556885
test,C1,13,2026_08_18_00_53_23_339528_L3_right_C1,right,pick up the right block,pick up the blue block,L3,blue,right,left,7,pregrasp,112,128,16,0.9696969696969697,0.8366013071895425,2,8,0.3,0.7,8,0.254284530878067,0.2663675546646118,0.2663675546646118,0.254284530878067,-0.0120830237865448,0.6667429208755493,-0.04603579267859459,0.18955957889556885
test,C1,13,2026_08_18_00_53_23_339528_L3_right_C1,right,pick up the right block,pick up the blue block,L3,blue,right,left,7,pregrasp,112,128,16,0.9696969696969697,0.8366013071895425,3,8,0.3,0.7,8,0.125273197889328,0.1371089369058609,0.1371089369058609,0.125273197889328,-0.011835739016532898,0.6667429208755493,-0.04603579267859459,0.18955957889556885
test,C1,13,2026_08_18_00_53_23_339528_L3_right_C1,right,pick up the right block,pick up the blue block,L3,blue,right,left,7,pregrasp,112,128,16,0.9696969696969697,0.8366013071895425,4,8,0.3,0.7,8,0.18245245516300201,0.1966431885957718,0.1966431885957718,0.18245245516300201,-0.014190733432769775,0.6667429208755493,-0.04603579267859459,0.18955957889556885
test,C1,13,2026_08_18_00_53_23_339528_L3_right_C1,right,pick up the right block,pick up the blue block,L3,blue,right,left,7,pregrasp,112,128,16,0.9696969696969697,0.8366013071895425,5,8,0.3,0.7,8,0.1784147173166275,0.19343259930610657,0.19343259930610657,0.1784147173166275,-0.015017881989479065,0.6667429208755493,-0.04603579267859459,0.18955957889556885
test,C1,13,2026_08_18_00_53_23_339528_L3_right_C1,right,pick up the right block,pick up the blue block,L3,blue,right,left,7,pregrasp,112,128,16,0.9696969696969697,0.8366013071895425,6,8,0.3,0.7,8,0.21387460827827454,0.22566750645637512,0.22566750645637512,0.21387460827827454,-0.011792898178100586,0.6667429208755493,-0.04603579267859459,0.18955957889556885
test,C1,13,2026_08_18_00_53_23_339528_L3_right_C1,right,pick up the right block,pick up the blue block,L3,blue,right,left,7,pregrasp,112,128,16,0.9696969696969697,0.8366013071895425,7,8,0.3,0.7,8,0.19930008053779602,0.21579721570014954,0.21579721570014954,0.19930008053779602,-0.016497135162353516,0.6667429208755493,-0.04603579267859459,0.18955957889556885
test,C1,13,2026_08_18_00_53_23_339528_L3_right_C1,right,pick up the right block,pick up the blue block,L3,blue,right,left,7,pregrasp,112,128,16,0.9696969696969697,0.8366013071895425,8,8,0.3,0.7,8,0.17647868394851685,0.19172263145446777,0.19172263145446777,0.17647868394851685,-0.015243947505950928,0.6667429208755493,-0.04603579267859459,0.18955957889556885
test,C1,13,2026_08_18_00_53_23_339528_L3_right_C1,right,pick up the right block,pick up the blue block,L3,blue,right,left,7,pregrasp,112,128,16,0.9696969696969697,0.8366013071895425,9,8,0.3,0.7,8,0.1693502515554428,0.1838306039571762,0.1838306039571762,0.1693502515554428,-0.014480352401733398,0.6667429208755493,-0.04603579267859459,0.18955957889556885
test,C1,13,2026_08_18_00_53_23_339528_L3_right_C1,right,pick up the right block,pick up the blue block,L3,blue,right,left,8,pregrasp,128,132,4,1.0,0.8627450980392157,0,8,0.3,0.7,8,0.3636660873889923,0.3641239106655121,0.3641239106655121,0.3636660873889923,-0.0004578232765197754,0.6667590141296387,-0.046031128615140915,0.18956328928470612
test,C1,13,2026_08_18_00_53_23_339528_L3_right_C1,right,pick up the right block,pick up the blue block,L3,blue,right,left,8,pregrasp,128,132,4,1.0,0.8627450980392157,1,8,0.3,0.7,8,0.30375611782073975,0.3013871908187866,0.3013871908187866,0.30375611782073975,0.002368927001953125,0.6667590141296387,-0.046031128615140915,0.18956328928470612
test,C1,13,2026_08_18_00_53_23_339528_L3_right_C1,right,pick up the right block,pick up the blue block,L3,blue,right,left,8,pregrasp,128,132,4,1.0,0.8627450980392157,2,8,0.3,0.7,8,0.19044053554534912,0.1820494681596756,0.1820494681596756,0.19044053554534912,0.008391067385673523,0.6667590141296387,-0.046031128615140915,0.18956328928470612
test,C1,13,2026_08_18_00_53_23_339528_L3_right_C1,right,pick up the right block,pick up the blue block,L3,blue,right,left,8,pregrasp,128,132,4,1.0,0.8627450980392157,3,8,0.3,0.7,8,0.2540469169616699,0.24575592577457428,0.24575592577457428,0.2540469169616699,0.008290991187095642,0.6667590141296387,-0.046031128615140915,0.18956328928470612
test,C1,13,2026_08_18_00_53_23_339528_L3_right_C1,right,pick up the right block,pick up the blue block,L3,blue,right,left,8,pregrasp,128,132,4,1.0,0.8627450980392157,4,8,0.3,0.7,8,0.3509587049484253,0.34672728180885315,0.34672728180885315,0.3509587049484253,0.0042314231395721436,0.6667590141296387,-0.046031128615140915,0.18956328928470612
test,C1,13,2026_08_18_00_53_23_339528_L3_right_C1,right,pick up the right block,pick up the blue block,L3,blue,right,left,8,pregrasp,128,132,4,1.0,0.8627450980392157,5,8,0.3,0.7,8,0.24045711755752563,0.23362630605697632,0.23362630605697632,0.24045711755752563,0.006830811500549316,0.6667590141296387,-0.046031128615140915,0.18956328928470612
test,C1,13,2026_08_18_00_53_23_339528_L3_right_C1,right,pick up the right block,pick up the blue block,L3,blue,right,left,8,pregrasp,128,132,4,1.0,0.8627450980392157,6,8,0.3,0.7,8,0.38288357853889465,0.3834512233734131,0.3834512233734131,0.38288357853889465,-0.0005676448345184326,0.6667590141296387,-0.046031128615140915,0.18956328928470612
test,C1,13,2026_08_18_00_53_23_339528_L3_right_C1,right,pick up the right block,pick up the blue block,L3,blue,right,left,8,pregrasp,128,132,4,1.0,0.8627450980392157,7,8,0.3,0.7,8,0.4033394157886505,0.4019961357116699,0.4019961357116699,0.4033394157886505,0.0013432800769805908,0.6667590141296387,-0.046031128615140915,0.18956328928470612
test,C1,13,2026_08_18_00_53_23_339528_L3_right_C1,right,pick up the right block,pick up the blue block,L3,blue,right,left,8,pregrasp,128,132,4,1.0,0.8627450980392157,8,8,0.3,0.7,8,0.3144150376319885,0.30951225757598877,0.30951225757598877,0.3144150376319885,0.004902780055999756,0.6667590141296387,-0.046031128615140915,0.18956328928470612
test,C1,13,2026_08_18_00_53_23_339528_L3_right_C1,right,pick up the right block,pick up the blue block,L3,blue,right,left,8,pregrasp,128,132,4,1.0,0.8627450980392157,9,8,0.3,0.7,8,0.34131133556365967,0.33793261647224426,0.33793261647224426,0.34131133556365967,0.0033787190914154053,0.6667590141296387,-0.046031128615140915,0.18956328928470612
test,C1,13,2026_08_18_00_53_23_339528_L3_right_C1,right,pick up the right block,pick up the blue block,L3,blue,right,left,9,postgrasp,132,148,16,1.0,0.9673202614379085,0,8,0.3,0.7,8,0.43371278047561646,0.41892915964126587,0.41892915964126587,0.43371278047561646,0.014783620834350586,0.6671655178070068,-0.046028316020965576,0.1899612843990326
test,C1,13,2026_08_18_00_53_23_339528_L3_right_C1,right,pick up the right block,pick up the blue block,L3,blue,right,left,9,postgrasp,132,148,16,1.0,0.9673202614379085,1,8,0.3,0.7,8,0.37828630208969116,0.3642606735229492,0.3642606735229492,0.37828630208969116,0.014025628566741943,0.6671655178070068,-0.046028316020965576,0.1899612843990326
test,C1,13,2026_08_18_00_53_23_339528_L3_right_C1,right,pick up the right block,pick up the blue block,L3,blue,right,left,9,postgrasp,132,148,16,1.0,0.9673202614379085,2,8,0.3,0.7,8,0.3768475353717804,0.373948335647583,0.373948335647583,0.3768475353717804,0.0028991997241973877,0.6671655178070068,-0.046028316020965576,0.1899612843990326
test,C1,13,2026_08_18_00_53_23_339528_L3_right_C1,right,pick up the right block,pick up the blue block,L3,blue,right,left,9,postgrasp,132,148,16,1.0,0.9673202614379085,3,8,0.3,0.7,8,0.40604737401008606,0.3882623016834259,0.3882623016834259,0.40604737401008606,0.017785072326660156,0.6671655178070068,-0.046028316020965576,0.1899612843990326
test,C1,13,2026_08_18_00_53_23_339528_L3_right_C1,right,pick up the right block,pick up the blue block,L3,blue,right,left,9,postgrasp,132,148,16,1.0,0.9673202614379085,4,8,0.3,0.7,8,0.4313746690750122,0.41998544335365295,0.41998544335365295,0.4313746690750122,0.011389225721359253,0.6671655178070068,-0.046028316020965576,0.1899612843990326
test,C1,13,2026_08_18_00_53_23_339528_L3_right_C1,right,pick up the right block,pick up the blue block,L3,blue,right,left,9,postgrasp,132,148,16,1.0,0.9673202614379085,5,8,0.3,0.7,8,0.3736478090286255,0.3639994263648987,0.3639994263648987,0.3736478090286255,0.009648382663726807,0.6671655178070068,-0.046028316020965576,0.1899612843990326
test,C1,13,2026_08_18_00_53_23_339528_L3_right_C1,right,pick up the right block,pick up the blue block,L3,blue,right,left,9,postgrasp,132,148,16,1.0,0.9673202614379085,6,8,0.3,0.7,8,0.44361504912376404,0.42230573296546936,0.42230573296546936,0.44361504912376404,0.021309316158294678,0.6671655178070068,-0.046028316020965576,0.1899612843990326
test,C1,13,2026_08_18_00_53_23_339528_L3_right_C1,right,pick up the right block,pick up the blue block,L3,blue,right,left,9,postgrasp,132,148,16,1.0,0.9673202614379085,7,8,0.3,0.7,8,0.37117522954940796,0.3637641668319702,0.3637641668319702,0.37117522954940796,0.007411062717437744,0.6671655178070068,-0.046028316020965576,0.1899612843990326
test,C1,13,2026_08_18_00_53_23_339528_L3_right_C1,right,pick up the right block,pick up the blue block,L3,blue,right,left,9,postgrasp,132,148,16,1.0,0.9673202614379085,8,8,0.3,0.7,8,0.47912320494651794,0.4508450925350189,0.4508450925350189,0.47912320494651794,0.028278112411499023,0.6671655178070068,-0.046028316020965576,0.1899612843990326
test,C1,13,2026_08_18_00_53_23_339528_L3_right_C1,right,pick up the right block,pick up the blue block,L3,blue,right,left,9,postgrasp,132,148,16,1.0,0.9673202614379085,9,8,0.3,0.7,8,0.3802124559879303,0.37707945704460144,0.37707945704460144,0.3802124559879303,0.0031329989433288574,0.6671655178070068,-0.046028316020965576,0.1899612843990326
test,C1,13,2026_08_18_00_53_23_339528_L3_right_C1,right,pick up the right block,pick up the blue block,L3,blue,right,left,10,postgrasp,148,153,5,1.0,1.0,0,8,0.3,0.7,8,0.3474079966545105,0.35522255301475525,0.35522255301475525,0.3474079966545105,-0.007814556360244751,0.6671663522720337,-0.046025536954402924,0.1899595856666565
test,C1,13,2026_08_18_00_53_23_339528_L3_right_C1,right,pick up the right block,pick up the blue block,L3,blue,right,left,10,postgrasp,148,153,5,1.0,1.0,1,8,0.3,0.7,8,0.28367120027542114,0.2887427806854248,0.2887427806854248,0.28367120027542114,-0.005071580410003662,0.6671663522720337,-0.046025536954402924,0.1899595856666565
test,C1,13,2026_08_18_00_53_23_339528_L3_right_C1,right,pick up the right block,pick up the blue block,L3,blue,right,left,10,postgrasp,148,153,5,1.0,1.0,2,8,0.3,0.7,8,0.3127024471759796,0.3194354176521301,0.3194354176521301,0.3127024471759796,-0.006732970476150513,0.6671663522720337,-0.046025536954402924,0.1899595856666565
test,C1,13,2026_08_18_00_53_23_339528_L3_right_C1,right,pick up the right block,pick up the blue block,L3,blue,right,left,10,postgrasp,148,153,5,1.0,1.0,3,8,0.3,0.7,8,0.3647223711013794,0.3745524287223816,0.3745524287223816,0.3647223711013794,-0.009830057621002197,0.6671663522720337,-0.046025536954402924,0.1899595856666565
test,C1,13,2026_08_18_00_53_23_339528_L3_right_C1,right,pick up the right block,pick up the blue block,L3,blue,right,left,10,postgrasp,148,153,5,1.0,1.0,4,8,0.3,0.7,8,0.3682917654514313,0.3745027780532837,0.3745027780532837,0.3682917654514313,-0.006211012601852417,0.6671663522720337,-0.046025536954402924,0.1899595856666565
test,C1,13,2026_08_18_00_53_23_339528_L3_right_C1,right,pick up the right block,pick up the blue block,L3,blue,right,left,10,postgrasp,148,153,5,1.0,1.0,5,8,0.3,0.7,8,0.2702460289001465,0.2691083550453186,0.2691083550453186,0.2702460289001465,0.0011376738548278809,0.6671663522720337,-0.046025536954402924,0.1899595856666565
test,C1,13,2026_08_18_00_53_23_339528_L3_right_C1,right,pick up the right block,pick up the blue block,L3,blue,right,left,10,postgrasp,148,153,5,1.0,1.0,6,8,0.3,0.7,8,0.2659808397293091,0.26555347442626953,0.26555347442626953,0.2659808397293091,0.0004273653030395508,0.6671663522720337,-0.046025536954402924,0.1899595856666565
test,C1,13,2026_08_18_00_53_23_339528_L3_right_C1,right,pick up the right block,pick up the blue block,L3,blue,right,left,10,postgrasp,148,153,5,1.0,1.0,7,8,0.3,0.7,8,0.2546099126338959,0.24898889660835266,0.24898889660835266,0.2546099126338959,0.005621016025543213,0.6671663522720337,-0.046025536954402924,0.1899595856666565
test,C1,13,2026_08_18_00_53_23_339528_L3_right_C1,right,pick up the right block,pick up the blue block,L3,blue,right,left,10,postgrasp,148,153,5,1.0,1.0,8,8,0.3,0.7,8,0.3045349419116974,0.3092799484729767,0.3092799484729767,0.3045349419116974,-0.004745006561279297,0.6671663522720337,-0.046025536954402924,0.1899595856666565
test,C1,13,2026_08_18_00_53_23_339528_L3_right_C1,right,pick up the right block,pick up the blue block,L3,blue,right,left,10,postgrasp,148,153,5,1.0,1.0,9,8,0.3,0.7,8,0.2806231379508972,0.2834046185016632,0.2834046185016632,0.2806231379508972,-0.002781480550765991,0.6671663522720337,-0.046025536954402924,0.1899595856666565
test,C2,14,2026_08_18_00_53_52_283658_L3_right_C2,right,pick up the right block,pick up the blue block,L3,blue,right,left,0,pregrasp,0,16,16,0.10062893081761007,0.08888888888888889,0,8,0.3,0.7,8,0.30829471349716187,0.3610217571258545,0.3610217571258545,0.30829471349716187,-0.05272704362869263,0.3686823546886444,-0.02927859127521515,0.48457416892051697
test,C2,14,2026_08_18_00_53_52_283658_L3_right_C2,right,pick up the right block,pick up the blue block,L3,blue,right,left,0,pregrasp,0,16,16,0.10062893081761007,0.08888888888888889,1,8,0.3,0.7,8,0.3615361452102661,0.3793632686138153,0.3793632686138153,0.3615361452102661,-0.017827123403549194,0.3686823546886444,-0.02927859127521515,0.48457416892051697
test,C2,14,2026_08_18_00_53_52_283658_L3_right_C2,right,pick up the right block,pick up the blue block,L3,blue,right,left,0,pregrasp,0,16,16,0.10062893081761007,0.08888888888888889,2,8,0.3,0.7,8,0.38488858938217163,0.36014991998672485,0.36014991998672485,0.38488858938217163,0.024738669395446777,0.3686823546886444,-0.02927859127521515,0.48457416892051697
test,C2,14,2026_08_18_00_53_52_283658_L3_right_C2,right,pick up the right block,pick up the blue block,L3,blue,right,left,0,pregrasp,0,16,16,0.10062893081761007,0.08888888888888889,3,8,0.3,0.7,8,0.38442671298980713,0.35351547598838806,0.35351547598838806,0.38442671298980713,0.030911237001419067,0.3686823546886444,-0.02927859127521515,0.48457416892051697
test,C2,14,2026_08_18_00_53_52_283658_L3_right_C2,right,pick up the right block,pick up the blue block,L3,blue,right,left,0,pregrasp,0,16,16,0.10062893081761007,0.08888888888888889,4,8,0.3,0.7,8,0.3380845785140991,0.3277547359466553,0.3277547359466553,0.3380845785140991,0.010329842567443848,0.3686823546886444,-0.02927859127521515,0.48457416892051697
test,C2,14,2026_08_18_00_53_52_283658_L3_right_C2,right,pick up the right block,pick up the blue block,L3,blue,right,left,0,pregrasp,0,16,16,0.10062893081761007,0.08888888888888889,5,8,0.3,0.7,8,0.3728196620941162,0.32711341977119446,0.32711341977119446,0.3728196620941162,0.04570624232292175,0.3686823546886444,-0.02927859127521515,0.48457416892051697
test,C2,14,2026_08_18_00_53_52_283658_L3_right_C2,right,pick up the right block,pick up the blue block,L3,blue,right,left,0,pregrasp,0,16,16,0.10062893081761007,0.08888888888888889,6,8,0.3,0.7,8,0.38075360655784607,0.35090959072113037,0.35090959072113037,0.38075360655784607,0.029844015836715698,0.3686823546886444,-0.02927859127521515,0.48457416892051697
test,C2,14,2026_08_18_00_53_52_283658_L3_right_C2,right,pick up the right block,pick up the blue block,L3,blue,right,left,0,pregrasp,0,16,16,0.10062893081761007,0.08888888888888889,7,8,0.3,0.7,8,0.42579492926597595,0.4162158966064453,0.4162158966064453,0.42579492926597595,0.00957903265953064,0.3686823546886444,-0.02927859127521515,0.48457416892051697
test,C2,14,2026_08_18_00_53_52_283658_L3_right_C2,right,pick up the right block,pick up the blue block,L3,blue,right,left,0,pregrasp,0,16,16,0.10062893081761007,0.08888888888888889,8,8,0.3,0.7,8,0.36616823077201843,0.290567010641098,0.290567010641098,0.36616823077201843,0.07560122013092041,0.3686823546886444,-0.02927859127521515,0.48457416892051697
test,C2,14,2026_08_18_00_53_52_283658_L3_right_C2,right,pick up the right block,pick up the blue block,L3,blue,right,left,0,pregrasp,0,16,16,0.10062893081761007,0.08888888888888889,9,8,0.3,0.7,8,0.43623459339141846,0.38028743863105774,0.38028743863105774,0.43623459339141846,0.05594715476036072,0.3686823546886444,-0.02927859127521515,0.48457416892051697
test,C2,14,2026_08_18_00_53_52_283658_L3_right_C2,right,pick up the right block,pick up the blue block,L3,blue,right,left,1,pregrasp,16,32,16,0.20125786163522014,0.17777777777777778,0,8,0.3,0.7,8,0.3574659526348114,0.4243825078010559,0.4243825078010559,0.3574659526348114,-0.0669165551662445,0.38226452469825745,-0.09243295341730118,0.46030721068382263
test,C2,14,2026_08_18_00_53_52_283658_L3_right_C2,right,pick up the right block,pick up the blue block,L3,blue,right,left,1,pregrasp,16,32,16,0.20125786163522014,0.17777777777777778,1,8,0.3,0.7,8,0.2725553512573242,0.29301750659942627,0.29301750659942627,0.2725553512573242,-0.02046215534210205,0.38226452469825745,-0.09243295341730118,0.46030721068382263
test,C2,14,2026_08_18_00_53_52_283658_L3_right_C2,right,pick up the right block,pick up the blue block,L3,blue,right,left,1,pregrasp,16,32,16,0.20125786163522014,0.17777777777777778,2,8,0.3,0.7,8,0.19348812103271484,0.20772363245487213,0.20772363245487213,0.19348812103271484,-0.014235511422157288,0.38226452469825745,-0.09243295341730118,0.46030721068382263
test,C2,14,2026_08_18_00_53_52_283658_L3_right_C2,right,pick up the right block,pick up the blue block,L3,blue,right,left,1,pregrasp,16,32,16,0.20125786163522014,0.17777777777777778,3,8,0.3,0.7,8,0.16629894077777863,0.1788800060749054,0.1788800060749054,0.16629894077777863,-0.01258106529712677,0.38226452469825745,-0.09243295341730118,0.46030721068382263
test,C2,14,2026_08_18_00_53_52_283658_L3_right_C2,right,pick up the right block,pick up the blue block,L3,blue,right,left,1,pregrasp,16,32,16,0.20125786163522014,0.17777777777777778,4,8,0.3,0.7,8,0.19896911084651947,0.22794021666049957,0.22794021666049957,0.19896911084651947,-0.028971105813980103,0.38226452469825745,-0.09243295341730118,0.46030721068382263
test,C2,14,2026_08_18_00_53_52_283658_L3_right_C2,right,pick up the right block,pick up the blue block,L3,blue,right,left,1,pregrasp,16,32,16,0.20125786163522014,0.17777777777777778,5,8,0.3,0.7,8,0.2594963014125824,0.28580957651138306,0.28580957651138306,0.2594963014125824,-0.02631327509880066,0.38226452469825745,-0.09243295341730118,0.46030721068382263
test,C2,14,2026_08_18_00_53_52_283658_L3_right_C2,right,pick up the right block,pick up the blue block,L3,blue,right,left,1,pregrasp,16,32,16,0.20125786163522014,0.17777777777777778,6,8,0.3,0.7,8,0.24623075127601624,0.275106817483902,0.275106817483902,0.24623075127601624,-0.028876066207885742,0.38226452469825745,-0.09243295341730118,0.46030721068382263
test,C2,14,2026_08_18_00_53_52_283658_L3_right_C2,right,pick up the right block,pick up the blue block,L3,blue,right,left,1,pregrasp,16,32,16,0.20125786163522014,0.17777777777777778,7,8,0.3,0.7,8,0.2218010425567627,0.25464946031570435,0.25464946031570435,0.2218010425567627,-0.03284841775894165,0.38226452469825745,-0.09243295341730118,0.46030721068382263
test,C2,14,2026_08_18_00_53_52_283658_L3_right_C2,right,pick up the right block,pick up the blue block,L3,blue,right,left,1,pregrasp,16,32,16,0.20125786163522014,0.17777777777777778,8,8,0.3,0.7,8,0.26482412219047546,0.30801621079444885,0.30801621079444885,0.26482412219047546,-0.04319208860397339,0.38226452469825745,-0.09243295341730118,0.46030721068382263
test,C2,14,2026_08_18_00_53_52_283658_L3_right_C2,right,pick up the right block,pick up the blue block,L3,blue,right,left,1,pregrasp,16,32,16,0.20125786163522014,0.17777777777777778,9,8,0.3,0.7,8,0.24254196882247925,0.29350289702415466,0.29350289702415466,0.24254196882247925,-0.050960928201675415,0.38226452469825745,-0.09243295341730118,0.46030721068382263
test,C2,14,2026_08_18_00_53_52_283658_L3_right_C2,right,pick up the right block,pick up the blue block,L3,blue,right,left,2,pregrasp,32,48,16,0.3018867924528302,0.26666666666666666,0,8,0.3,0.7,8,0.19759903848171234,0.22232572734355927,0.22232572734355927,0.19759903848171234,-0.024726688861846924,0.408988356590271,-0.15106774866580963,0.43517830967903137
test,C2,14,2026_08_18_00_53_52_283658_L3_right_C2,right,pick up the right block,pick up the blue block,L3,blue,right,left,2,pregrasp,32,48,16,0.3018867924528302,0.26666666666666666,1,8,0.3,0.7,8,0.23170176148414612,0.2783658802509308,0.2783658802509308,0.23170176148414612,-0.04666411876678467,0.408988356590271,-0.15106774866580963,0.43517830967903137
test,C2,14,2026_08_18_00_53_52_283658_L3_right_C2,right,pick up the right block,pick up the blue block,L3,blue,right,left,2,pregrasp,32,48,16,0.3018867924528302,0.26666666666666666,2,8,0.3,0.7,8,0.2529190480709076,0.2916577458381653,0.2916577458381653,0.2529190480709076,-0.03873869776725769,0.408988356590271,-0.15106774866580963,0.43517830967903137
test,C2,14,2026_08_18_00_53_52_283658_L3_right_C2,right,pick up the right block,pick up the blue block,L3,blue,right,left,2,pregrasp,32,48,16,0.3018867924528302,0.26666666666666666,3,8,0.3,0.7,8,0.3208436667919159,0.37566709518432617,0.37566709518432617,0.3208436667919159,-0.05482342839241028,0.408988356590271,-0.15106774866580963,0.43517830967903137
test,C2,14,2026_08_18_00_53_52_283658_L3_right_C2,right,pick up the right block,pick up the blue block,L3,blue,right,left,2,pregrasp,32,48,16,0.3018867924528302,0.26666666666666666,4,8,0.3,0.7,8,0.2159264087677002,0.23991745710372925,0.23991745710372925,0.2159264087677002,-0.023991048336029053,0.408988356590271,-0.15106774866580963,0.43517830967903137
test,C2,14,2026_08_18_00_53_52_283658_L3_right_C2,right,pick up the right block,pick up the blue block,L3,blue,right,left,2,pregrasp,32,48,16,0.3018867924528302,0.26666666666666666,5,8,0.3,0.7,8,0.2203838974237442,0.25299137830734253,0.25299137830734253,0.2203838974237442,-0.03260748088359833,0.408988356590271,-0.15106774866580963,0.43517830967903137
test,C2,14,2026_08_18_00_53_52_283658_L3_right_C2,right,pick up the right block,pick up the blue block,L3,blue,right,left,2,pregrasp,32,48,16,0.3018867924528302,0.26666666666666666,6,8,0.3,0.7,8,0.21148785948753357,0.23481377959251404,0.23481377959251404,0.21148785948753357,-0.02332592010498047,0.408988356590271,-0.15106774866580963,0.43517830967903137
test,C2,14,2026_08_18_00_53_52_283658_L3_right_C2,right,pick up the right block,pick up the blue block,L3,blue,right,left,2,pregrasp,32,48,16,0.3018867924528302,0.26666666666666666,7,8,0.3,0.7,8,0.15906645357608795,0.19081991910934448,0.19081991910934448,0.15906645357608795,-0.03175346553325653,0.408988356590271,-0.15106774866580963,0.43517830967903137
test,C2,14,2026_08_18_00_53_52_283658_L3_right_C2,right,pick up the right block,pick up the blue block,L3,blue,right,left,2,pregrasp,32,48,16,0.3018867924528302,0.26666666666666666,8,8,0.3,0.7,8,0.21054193377494812,0.25114935636520386,0.25114935636520386,0.21054193377494812,-0.04060742259025574,0.408988356590271,-0.15106774866580963,0.43517830967903137
test,C2,14,2026_08_18_00_53_52_283658_L3_right_C2,right,pick up the right block,pick up the blue block,L3,blue,right,left,2,pregrasp,32,48,16,0.3018867924528302,0.26666666666666666,9,8,0.3,0.7,8,0.09196135401725769,0.09201115369796753,0.09201115369796753,0.09196135401725769,-4.979968070983887e-05,0.408988356590271,-0.15106774866580963,0.43517830967903137
test,C2,14,2026_08_18_00_53_52_283658_L3_right_C2,right,pick up the right block,pick up the blue block,L3,blue,right,left,3,pregrasp,48,64,16,0.4025157232704403,0.35555555555555557,0,8,0.3,0.7,8,0.21406906843185425,0.2290894091129303,0.2290894091129303,0.21406906843185425,-0.01502034068107605,0.44790637493133545,-0.19493751227855682,0.39846518635749817
test,C2,14,2026_08_18_00_53_52_283658_L3_right_C2,right,pick up the right block,pick up the blue block,L3,blue,right,left,3,pregrasp,48,64,16,0.4025157232704403,0.35555555555555557,1,8,0.3,0.7,8,0.2866588532924652,0.3154558837413788,0.3154558837413788,0.2866588532924652,-0.028797030448913574,0.44790637493133545,-0.19493751227855682,0.39846518635749817
test,C2,14,2026_08_18_00_53_52_283658_L3_right_C2,right,pick up the right block,pick up the blue block,L3,blue,right,left,3,pregrasp,48,64,16,0.4025157232704403,0.35555555555555557,2,8,0.3,0.7,8,0.21247518062591553,0.24261970818042755,0.24261970818042755,0.21247518062591553,-0.030144527554512024,0.44790637493133545,-0.19493751227855682,0.39846518635749817
test,C2,14,2026_08_18_00_53_52_283658_L3_right_C2,right,pick up the right block,pick up the blue block,L3,blue,right,left,3,pregrasp,48,64,16,0.4025157232704403,0.35555555555555557,3,8,0.3,0.7,8,0.19231155514717102,0.21509955823421478,0.21509955823421478,0.19231155514717102,-0.022788003087043762,0.44790637493133545,-0.19493751227855682,0.39846518635749817
test,C2,14,2026_08_18_00_53_52_283658_L3_right_C2,right,pick up the right block,pick up the blue block,L3,blue,right,left,3,pregrasp,48,64,16,0.4025157232704403,0.35555555555555557,4,8,0.3,0.7,8,0.17811128497123718,0.18812695145606995,0.18812695145606995,0.17811128497123718,-0.010015666484832764,0.44790637493133545,-0.19493751227855682,0.39846518635749817
test,C2,14,2026_08_18_00_53_52_283658_L3_right_C2,right,pick up the right block,pick up the blue block,L3,blue,right,left,3,pregrasp,48,64,16,0.4025157232704403,0.35555555555555557,5,8,0.3,0.7,8,0.22323735058307648,0.235856831073761,0.235856831073761,0.22323735058307648,-0.01261948049068451,0.44790637493133545,-0.19493751227855682,0.39846518635749817
test,C2,14,2026_08_18_00_53_52_283658_L3_right_C2,right,pick up the right block,pick up the blue block,L3,blue,right,left,3,pregrasp,48,64,16,0.4025157232704403,0.35555555555555557,6,8,0.3,0.7,8,0.15537650883197784,0.1616428792476654,0.1616428792476654,0.15537650883197784,-0.006266370415687561,0.44790637493133545,-0.19493751227855682,0.39846518635749817
test,C2,14,2026_08_18_00_53_52_283658_L3_right_C2,right,pick up the right block,pick up the blue block,L3,blue,right,left,3,pregrasp,48,64,16,0.4025157232704403,0.35555555555555557,7,8,0.3,0.7,8,0.20986546576023102,0.21862773597240448,0.21862773597240448,0.20986546576023102,-0.008762270212173462,0.44790637493133545,-0.19493751227855682,0.39846518635749817
test,C2,14,2026_08_18_00_53_52_283658_L3_right_C2,right,pick up the right block,pick up the blue block,L3,blue,right,left,3,pregrasp,48,64,16,0.4025157232704403,0.35555555555555557,8,8,0.3,0.7,8,0.14461387693881989,0.13474179804325104,0.13474179804325104,0.14461387693881989,0.009872078895568848,0.44790637493133545,-0.19493751227855682,0.39846518635749817
test,C2,14,2026_08_18_00_53_52_283658_L3_right_C2,right,pick up the right block,pick up the blue block,L3,blue,right,left,3,pregrasp,48,64,16,0.4025157232704403,0.35555555555555557,9,8,0.3,0.7,8,0.29069361090660095,0.32092925906181335,0.32092925906181335,0.29069361090660095,-0.030235648155212402,0.44790637493133545,-0.19493751227855682,0.39846518635749817
test,C2,14,2026_08_18_00_53_52_283658_L3_right_C2,right,pick up the right block,pick up the blue block,L3,blue,right,left,4,pregrasp,64,80,16,0.5031446540880503,0.4444444444444444,0,8,0.3,0.7,8,0.13021942973136902,0.1427338421344757,0.1427338421344757,0.13021942973136902,-0.01251441240310669,0.49585556983947754,-0.20765945315361023,0.35108646750450134
test,C2,14,2026_08_18_00_53_52_283658_L3_right_C2,right,pick up the right block,pick up the blue block,L3,blue,right,left,4,pregrasp,64,80,16,0.5031446540880503,0.4444444444444444,1,8,0.3,0.7,8,0.15921160578727722,0.18235988914966583,0.18235988914966583,0.15921160578727722,-0.02314828336238861,0.49585556983947754,-0.20765945315361023,0.35108646750450134
test,C2,14,2026_08_18_00_53_52_283658_L3_right_C2,right,pick up the right block,pick up the blue block,L3,blue,right,left,4,pregrasp,64,80,16,0.5031446540880503,0.4444444444444444,2,8,0.3,0.7,8,0.33942413330078125,0.36393269896507263,0.36393269896507263,0.33942413330078125,-0.024508565664291382,0.49585556983947754,-0.20765945315361023,0.35108646750450134
test,C2,14,2026_08_18_00_53_52_283658_L3_right_C2,right,pick up the right block,pick up the blue block,L3,blue,right,left,4,pregrasp,64,80,16,0.5031446540880503,0.4444444444444444,3,8,0.3,0.7,8,0.24351370334625244,0.27002182602882385,0.27002182602882385,0.24351370334625244,-0.02650812268257141,0.49585556983947754,-0.20765945315361023,0.35108646750450134
test,C2,14,2026_08_18_00_53_52_283658_L3_right_C2,right,pick up the right block,pick up the blue block,L3,blue,right,left,4,pregrasp,64,80,16,0.5031446540880503,0.4444444444444444,4,8,0.3,0.7,8,0.24552366137504578,0.25241366028785706,0.25241366028785706,0.24552366137504578,-0.006889998912811279,0.49585556983947754,-0.20765945315361023,0.35108646750450134
test,C2,14,2026_08_18_00_53_52_283658_L3_right_C2,right,pick up the right block,pick up the blue block,L3,blue,right,left,4,pregrasp,64,80,16,0.5031446540880503,0.4444444444444444,5,8,0.3,0.7,8,0.2286073863506317,0.2431744635105133,0.2431744635105133,0.2286073863506317,-0.014567077159881592,0.49585556983947754,-0.20765945315361023,0.35108646750450134
test,C2,14,2026_08_18_00_53_52_283658_L3_right_C2,right,pick up the right block,pick up the blue block,L3,blue,right,left,4,pregrasp,64,80,16,0.5031446540880503,0.4444444444444444,6,8,0.3,0.7,8,0.26067477464675903,0.2889278531074524,0.2889278531074524,0.26067477464675903,-0.02825307846069336,0.49585556983947754,-0.20765945315361023,0.35108646750450134
test,C2,14,2026_08_18_00_53_52_283658_L3_right_C2,right,pick up the right block,pick up the blue block,L3,blue,right,left,4,pregrasp,64,80,16,0.5031446540880503,0.4444444444444444,7,8,0.3,0.7,8,0.2809946537017822,0.30897513031959534,0.30897513031959534,0.2809946537017822,-0.02798047661781311,0.49585556983947754,-0.20765945315361023,0.35108646750450134
test,C2,14,2026_08_18_00_53_52_283658_L3_right_C2,right,pick up the right block,pick up the blue block,L3,blue,right,left,4,pregrasp,64,80,16,0.5031446540880503,0.4444444444444444,8,8,0.3,0.7,8,0.2771221399307251,0.29426488280296326,0.29426488280296326,0.2771221399307251,-0.01714274287223816,0.49585556983947754,-0.20765945315361023,0.35108646750450134
test,C2,14,2026_08_18_00_53_52_283658_L3_right_C2,right,pick up the right block,pick up the blue block,L3,blue,right,left,4,pregrasp,64,80,16,0.5031446540880503,0.4444444444444444,9,8,0.3,0.7,8,0.2072334587574005,0.22204813361167908,0.22204813361167908,0.2072334587574005,-0.014814674854278564,0.49585556983947754,-0.20765945315361023,0.35108646750450134
test,C2,14,2026_08_18_00_53_52_283658_L3_right_C2,right,pick up the right block,pick up the blue block,L3,blue,right,left,5,pregrasp,80,96,16,0.6037735849056604,0.5333333333333333,0,8,0.3,0.7,8,0.3281024992465973,0.3551989197731018,0.3551989197731018,0.3281024992465973,-0.027096420526504517,0.5433093309402466,-0.18448373675346375,0.3066089451313019
test,C2,14,2026_08_18_00_53_52_283658_L3_right_C2,right,pick up the right block,pick up the blue block,L3,blue,right,left,5,pregrasp,80,96,16,0.6037735849056604,0.5333333333333333,1,8,0.3,0.7,8,0.28369951248168945,0.31016695499420166,0.31016695499420166,0.28369951248168945,-0.026467442512512207,0.5433093309402466,-0.18448373675346375,0.3066089451313019
test,C2,14,2026_08_18_00_53_52_283658_L3_right_C2,right,pick up the right block,pick up the blue block,L3,blue,right,left,5,pregrasp,80,96,16,0.6037735849056604,0.5333333333333333,2,8,0.3,0.7,8,0.29633331298828125,0.3149572014808655,0.3149572014808655,0.29633331298828125,-0.01862388849258423,0.5433093309402466,-0.18448373675346375,0.3066089451313019
test,C2,14,2026_08_18_00_53_52_283658_L3_right_C2,right,pick up the right block,pick up the blue block,L3,blue,right,left,5,pregrasp,80,96,16,0.6037735849056604,0.5333333333333333,3,8,0.3,0.7,8,0.3367112874984741,0.3579086661338806,0.3579086661338806,0.3367112874984741,-0.021197378635406494,0.5433093309402466,-0.18448373675346375,0.3066089451313019
test,C2,14,2026_08_18_00_53_52_283658_L3_right_C2,right,pick up the right block,pick up the blue block,L3,blue,right,left,5,pregrasp,80,96,16,0.6037735849056604,0.5333333333333333,4,8,0.3,0.7,8,0.3884301781654358,0.40823036432266235,0.40823036432266235,0.3884301781654358,-0.019800186157226562,0.5433093309402466,-0.18448373675346375,0.3066089451313019
test,C2,14,2026_08_18_00_53_52_283658_L3_right_C2,right,pick up the right block,pick up the blue block,L3,blue,right,left,5,pregrasp,80,96,16,0.6037735849056604,0.5333333333333333,5,8,0.3,0.7,8,0.2841084599494934,0.3049086034297943,0.3049086034297943,0.2841084599494934,-0.020800143480300903,0.5433093309402466,-0.18448373675346375,0.3066089451313019
test,C2,14,2026_08_18_00_53_52_283658_L3_right_C2,right,pick up the right block,pick up the blue block,L3,blue,right,left,5,pregrasp,80,96,16,0.6037735849056604,0.5333333333333333,6,8,0.3,0.7,8,0.2526925504207611,0.2728537321090698,0.2728537321090698,0.2526925504207611,-0.020161181688308716,0.5433093309402466,-0.18448373675346375,0.3066089451313019
test,C2,14,2026_08_18_00_53_52_283658_L3_right_C2,right,pick up the right block,pick up the blue block,L3,blue,right,left,5,pregrasp,80,96,16,0.6037735849056604,0.5333333333333333,7,8,0.3,0.7,8,0.3472495675086975,0.37471622228622437,0.37471622228622437,0.3472495675086975,-0.027466654777526855,0.5433093309402466,-0.18448373675346375,0.3066089451313019
test,C2,14,2026_08_18_00_53_52_283658_L3_right_C2,right,pick up the right block,pick up the blue block,L3,blue,right,left,5,pregrasp,80,96,16,0.6037735849056604,0.5333333333333333,8,8,0.3,0.7,8,0.26822468638420105,0.29449039697647095,0.29449039697647095,0.26822468638420105,-0.026265710592269897,0.5433093309402466,-0.18448373675346375,0.3066089451313019
test,C2,14,2026_08_18_00_53_52_283658_L3_right_C2,right,pick up the right block,pick up the blue block,L3,blue,right,left,5,pregrasp,80,96,16,0.6037735849056604,0.5333333333333333,9,8,0.3,0.7,8,0.22715379297733307,0.2454967349767685,0.2454967349767685,0.22715379297733307,-0.018342941999435425,0.5433093309402466,-0.18448373675346375,0.3066089451313019
test,C2,14,2026_08_18_00_53_52_283658_L3_right_C2,right,pick up the right block,pick up the blue block,L3,blue,right,left,6,pregrasp,96,112,16,0.7044025157232704,0.6222222222222222,0,8,0.3,0.7,8,0.4332163333892822,0.4891503155231476,0.4891503155231476,0.4332163333892822,-0.055933982133865356,0.5849971175193787,-0.14623911678791046,0.2667476534843445
test,C2,14,2026_08_18_00_53_52_283658_L3_right_C2,right,pick up the right block,pick up the blue block,L3,blue,right,left,6,pregrasp,96,112,16,0.7044025157232704,0.6222222222222222,1,8,0.3,0.7,8,0.34054213762283325,0.3946495056152344,0.3946495056152344,0.34054213762283325,-0.05410736799240112,0.5849971175193787,-0.14623911678791046,0.2667476534843445
test,C2,14,2026_08_18_00_53_52_283658_L3_right_C2,right,pick up the right block,pick up the blue block,L3,blue,right,left,6,pregrasp,96,112,16,0.7044025157232704,0.6222222222222222,2,8,0.3,0.7,8,0.2431534379720688,0.2824871242046356,0.2824871242046356,0.2431534379720688,-0.039333686232566833,0.5849971175193787,-0.14623911678791046,0.2667476534843445
test,C2,14,2026_08_18_00_53_52_283658_L3_right_C2,right,pick up the right block,pick up the blue block,L3,blue,right,left,6,pregrasp,96,112,16,0.7044025157232704,0.6222222222222222,3,8,0.3,0.7,8,0.3526167571544647,0.40584778785705566,0.40584778785705566,0.3526167571544647,-0.05323103070259094,0.5849971175193787,-0.14623911678791046,0.2667476534843445
test,C2,14,2026_08_18_00_53_52_283658_L3_right_C2,right,pick up the right block,pick up the blue block,L3,blue,right,left,6,pregrasp,96,112,16,0.7044025157232704,0.6222222222222222,4,8,0.3,0.7,8,0.2698405385017395,0.3149530589580536,0.3149530589580536,0.2698405385017395,-0.04511252045631409,0.5849971175193787,-0.14623911678791046,0.2667476534843445
test,C2,14,2026_08_18_00_53_52_283658_L3_right_C2,right,pick up the right block,pick up the blue block,L3,blue,right,left,6,pregrasp,96,112,16,0.7044025157232704,0.6222222222222222,5,8,0.3,0.7,8,0.36304163932800293,0.4154870808124542,0.4154870808124542,0.36304163932800293,-0.052445441484451294,0.5849971175193787,-0.14623911678791046,0.2667476534843445
test,C2,14,2026_08_18_00_53_52_283658_L3_right_C2,right,pick up the right block,pick up the blue block,L3,blue,right,left,6,pregrasp,96,112,16,0.7044025157232704,0.6222222222222222,6,8,0.3,0.7,8,0.272580087184906,0.3114122748374939,0.3114122748374939,0.272580087184906,-0.03883218765258789,0.5849971175193787,-0.14623911678791046,0.2667476534843445
test,C2,14,2026_08_18_00_53_52_283658_L3_right_C2,right,pick up the right block,pick up the blue block,L3,blue,right,left,6,pregrasp,96,112,16,0.7044025157232704,0.6222222222222222,7,8,0.3,0.7,8,0.37828758358955383,0.4321209788322449,0.4321209788322449,0.37828758358955383,-0.05383339524269104,0.5849971175193787,-0.14623911678791046,0.2667476534843445
test,C2,14,2026_08_18_00_53_52_283658_L3_right_C2,right,pick up the right block,pick up the blue block,L3,blue,right,left,6,pregrasp,96,112,16,0.7044025157232704,0.6222222222222222,8,8,0.3,0.7,8,0.23856697976589203,0.2796780467033386,0.2796780467033386,0.23856697976589203,-0.041111066937446594,0.5849971175193787,-0.14623911678791046,0.2667476534843445
test,C2,14,2026_08_18_00_53_52_283658_L3_right_C2,right,pick up the right block,pick up the blue block,L3,blue,right,left,6,pregrasp,96,112,16,0.7044025157232704,0.6222222222222222,9,8,0.3,0.7,8,0.23033370077610016,0.26052579283714294,0.26052579283714294,0.23033370077610016,-0.030192092061042786,0.5849971175193787,-0.14623911678791046,0.2667476534843445
test,C2,14,2026_08_18_00_53_52_283658_L3_right_C2,right,pick up the right block,pick up the blue block,L3,blue,right,left,7,pregrasp,112,128,16,0.8050314465408805,0.7111111111111111,0,8,0.3,0.7,8,0.3039216697216034,0.3234291076660156,0.3234291076660156,0.3039216697216034,-0.01950743794441223,0.6234413385391235,-0.10154188424348831,0.2301008254289627
test,C2,14,2026_08_18_00_53_52_283658_L3_right_C2,right,pick up the right block,pick up the blue block,L3,blue,right,left,7,pregrasp,112,128,16,0.8050314465408805,0.7111111111111111,1,8,0.3,0.7,8,0.39774423837661743,0.4264250099658966,0.4264250099658966,0.39774423837661743,-0.028680771589279175,0.6234413385391235,-0.10154188424348831,0.2301008254289627
test,C2,14,2026_08_18_00_53_52_283658_L3_right_C2,right,pick up the right block,pick up the blue block,L3,blue,right,left,7,pregrasp,112,128,16,0.8050314465408805,0.7111111111111111,2,8,0.3,0.7,8,0.2593733072280884,0.2675105035305023,0.2675105035305023,0.2593733072280884,-0.00813719630241394,0.6234413385391235,-0.10154188424348831,0.2301008254289627
test,C2,14,2026_08_18_00_53_52_283658_L3_right_C2,right,pick up the right block,pick up the blue block,L3,blue,right,left,7,pregrasp,112,128,16,0.8050314465408805,0.7111111111111111,3,8,0.3,0.7,8,0.3369031548500061,0.3560246229171753,0.3560246229171753,0.3369031548500061,-0.01912146806716919,0.6234413385391235,-0.10154188424348831,0.2301008254289627
test,C2,14,2026_08_18_00_53_52_283658_L3_right_C2,right,pick up the right block,pick up the blue block,L3,blue,right,left,7,pregrasp,112,128,16,0.8050314465408805,0.7111111111111111,4,8,0.3,0.7,8,0.4046892523765564,0.4219852089881897,0.4219852089881897,0.4046892523765564,-0.0172959566116333,0.6234413385391235,-0.10154188424348831,0.2301008254289627
test,C2,14,2026_08_18_00_53_52_283658_L3_right_C2,right,pick up the right block,pick up the blue block,L3,blue,right,left,7,pregrasp,112,128,16,0.8050314465408805,0.7111111111111111,5,8,0.3,0.7,8,0.28383868932724,0.2962462902069092,0.2962462902069092,0.28383868932724,-0.01240760087966919,0.6234413385391235,-0.10154188424348831,0.2301008254289627
test,C2,14,2026_08_18_00_53_52_283658_L3_right_C2,right,pick up the right block,pick up the blue block,L3,blue,right,left,7,pregrasp,112,128,16,0.8050314465408805,0.7111111111111111,6,8,0.3,0.7,8,0.3938972055912018,0.41677138209342957,0.41677138209342957,0.3938972055912018,-0.022874176502227783,0.6234413385391235,-0.10154188424348831,0.2301008254289627
test,C2,14,2026_08_18_00_53_52_283658_L3_right_C2,right,pick up the right block,pick up the blue block,L3,blue,right,left,7,pregrasp,112,128,16,0.8050314465408805,0.7111111111111111,7,8,0.3,0.7,8,0.2671210467815399,0.26936444640159607,0.26936444640159607,0.2671210467815399,-0.0022433996200561523,0.6234413385391235,-0.10154188424348831,0.2301008254289627
test,C2,14,2026_08_18_00_53_52_283658_L3_right_C2,right,pick up the right block,pick up the blue block,L3,blue,right,left,7,pregrasp,112,128,16,0.8050314465408805,0.7111111111111111,8,8,0.3,0.7,8,0.31194818019866943,0.31899717450141907,0.31899717450141907,0.31194818019866943,-0.007048994302749634,0.6234413385391235,-0.10154188424348831,0.2301008254289627
test,C2,14,2026_08_18_00_53_52_283658_L3_right_C2,right,pick up the right block,pick up the blue block,L3,blue,right,left,7,pregrasp,112,128,16,0.8050314465408805,0.7111111111111111,9,8,0.3,0.7,8,0.271548867225647,0.2793215215206146,0.2793215215206146,0.271548867225647,-0.007772654294967651,0.6234413385391235,-0.10154188424348831,0.2301008254289627
test,C2,14,2026_08_18_00_53_52_283658_L3_right_C2,right,pick up the right block,pick up the blue block,L3,blue,right,left,8,pregrasp,128,144,16,0.9056603773584906,0.8,0,8,0.3,0.7,8,0.3791255056858063,0.40271008014678955,0.40271008014678955,0.3791255056858063,-0.023584574460983276,0.6599169373512268,-0.053404904901981354,0.19558268785476685
test,C2,14,2026_08_18_00_53_52_283658_L3_right_C2,right,pick up the right block,pick up the blue block,L3,blue,right,left,8,pregrasp,128,144,16,0.9056603773584906,0.8,1,8,0.3,0.7,8,0.3090519905090332,0.3279322683811188,0.3279322683811188,0.3090519905090332,-0.01888027787208557,0.6599169373512268,-0.053404904901981354,0.19558268785476685
test,C2,14,2026_08_18_00_53_52_283658_L3_right_C2,right,pick up the right block,pick up the blue block,L3,blue,right,left,8,pregrasp,128,144,16,0.9056603773584906,0.8,2,8,0.3,0.7,8,0.3459240198135376,0.36766162514686584,0.36766162514686584,0.3459240198135376,-0.021737605333328247,0.6599169373512268,-0.053404904901981354,0.19558268785476685
test,C2,14,2026_08_18_00_53_52_283658_L3_right_C2,right,pick up the right block,pick up the blue block,L3,blue,right,left,8,pregrasp,128,144,16,0.9056603773584906,0.8,3,8,0.3,0.7,8,0.3396126627922058,0.3670605719089508,0.3670605719089508,0.3396126627922058,-0.027447909116744995,0.6599169373512268,-0.053404904901981354,0.19558268785476685
test,C2,14,2026_08_18_00_53_52_283658_L3_right_C2,right,pick up the right block,pick up the blue block,L3,blue,right,left,8,pregrasp,128,144,16,0.9056603773584906,0.8,4,8,0.3,0.7,8,0.27678707242012024,0.3027150332927704,0.3027150332927704,0.27678707242012024,-0.025927960872650146,0.6599169373512268,-0.053404904901981354,0.19558268785476685
test,C2,14,2026_08_18_00_53_52_283658_L3_right_C2,right,pick up the right block,pick up the blue block,L3,blue,right,left,8,pregrasp,128,144,16,0.9056603773584906,0.8,5,8,0.3,0.7,8,0.29868143796920776,0.32816848158836365,0.32816848158836365,0.29868143796920776,-0.029487043619155884,0.6599169373512268,-0.053404904901981354,0.19558268785476685
test,C2,14,2026_08_18_00_53_52_283658_L3_right_C2,right,pick up the right block,pick up the blue block,L3,blue,right,left,8,pregrasp,128,144,16,0.9056603773584906,0.8,6,8,0.3,0.7,8,0.4100086987018585,0.4299698770046234,0.4299698770046234,0.4100086987018585,-0.019961178302764893,0.6599169373512268,-0.053404904901981354,0.19558268785476685
test,C2,14,2026_08_18_00_53_52_283658_L3_right_C2,right,pick up the right block,pick up the blue block,L3,blue,right,left,8,pregrasp,128,144,16,0.9056603773584906,0.8,7,8,0.3,0.7,8,0.3696565330028534,0.39682507514953613,0.39682507514953613,0.3696565330028534,-0.02716854214668274,0.6599169373512268,-0.053404904901981354,0.19558268785476685
test,C2,14,2026_08_18_00_53_52_283658_L3_right_C2,right,pick up the right block,pick up the blue block,L3,blue,right,left,8,pregrasp,128,144,16,0.9056603773584906,0.8,8,8,0.3,0.7,8,0.26764819025993347,0.29299256205558777,0.29299256205558777,0.26764819025993347,-0.025344371795654297,0.6599169373512268,-0.053404904901981354,0.19558268785476685
test,C2,14,2026_08_18_00_53_52_283658_L3_right_C2,right,pick up the right block,pick up the blue block,L3,blue,right,left,8,pregrasp,128,144,16,0.9056603773584906,0.8,9,8,0.3,0.7,8,0.3176218867301941,0.3437725305557251,0.3437725305557251,0.3176218867301941,-0.026150643825531006,0.6599169373512268,-0.053404904901981354,0.19558268785476685
test,C2,14,2026_08_18_00_53_52_283658_L3_right_C2,right,pick up the right block,pick up the blue block,L3,blue,right,left,9,pregrasp,144,159,15,1.0,0.8833333333333333,0,8,0.3,0.7,8,0.2966647148132324,0.29164913296699524,0.29164913296699524,0.2966647148132324,0.005015581846237183,0.666696310043335,-0.0466642752289772,0.18934473395347595
test,C2,14,2026_08_18_00_53_52_283658_L3_right_C2,right,pick up the right block,pick up the blue block,L3,blue,right,left,9,pregrasp,144,159,15,1.0,0.8833333333333333,1,8,0.3,0.7,8,0.3044580817222595,0.29824069142341614,0.29824069142341614,0.3044580817222595,0.006217390298843384,0.666696310043335,-0.0466642752289772,0.18934473395347595
test,C2,14,2026_08_18_00_53_52_283658_L3_right_C2,right,pick up the right block,pick up the blue block,L3,blue,right,left,9,pregrasp,144,159,15,1.0,0.8833333333333333,2,8,0.3,0.7,8,0.3450164794921875,0.3393087387084961,0.3393087387084961,0.3450164794921875,0.005707740783691406,0.666696310043335,-0.0466642752289772,0.18934473395347595
test,C2,14,2026_08_18_00_53_52_283658_L3_right_C2,right,pick up the right block,pick up the blue block,L3,blue,right,left,9,pregrasp,144,159,15,1.0,0.8833333333333333,3,8,0.3,0.7,8,0.3529030680656433,0.34657037258148193,0.34657037258148193,0.3529030680656433,0.006332695484161377,0.666696310043335,-0.0466642752289772,0.18934473395347595
test,C2,14,2026_08_18_00_53_52_283658_L3_right_C2,right,pick up the right block,pick up the blue block,L3,blue,right,left,9,pregrasp,144,159,15,1.0,0.8833333333333333,4,8,0.3,0.7,8,0.3584044873714447,0.35178568959236145,0.35178568959236145,0.3584044873714447,0.006618797779083252,0.666696310043335,-0.0466642752289772,0.18934473395347595
test,C2,14,2026_08_18_00_53_52_283658_L3_right_C2,right,pick up the right block,pick up the blue block,L3,blue,right,left,9,pregrasp,144,159,15,1.0,0.8833333333333333,5,8,0.3,0.7,8,0.42131274938583374,0.41488397121429443,0.41488397121429443,0.42131274938583374,0.006428778171539307,0.666696310043335,-0.0466642752289772,0.18934473395347595
test,C2,14,2026_08_18_00_53_52_283658_L3_right_C2,right,pick up the right block,pick up the blue block,L3,blue,right,left,9,pregrasp,144,159,15,1.0,0.8833333333333333,6,8,0.3,0.7,8,0.22422337532043457,0.2190307378768921,0.2190307378768921,0.22422337532043457,0.0051926374435424805,0.666696310043335,-0.0466642752289772,0.18934473395347595
test,C2,14,2026_08_18_00_53_52_283658_L3_right_C2,right,pick up the right block,pick up the blue block,L3,blue,right,left,9,pregrasp,144,159,15,1.0,0.8833333333333333,7,8,0.3,0.7,8,0.3140517473220825,0.3073120415210724,0.3073120415210724,0.3140517473220825,0.006739705801010132,0.666696310043335,-0.0466642752289772,0.18934473395347595
test,C2,14,2026_08_18_00_53_52_283658_L3_right_C2,right,pick up the right block,pick up the blue block,L3,blue,right,left,9,pregrasp,144,159,15,1.0,0.8833333333333333,8,8,0.3,0.7,8,0.2525140941143036,0.24678002297878265,0.24678002297878265,0.2525140941143036,0.005734071135520935,0.666696310043335,-0.0466642752289772,0.18934473395347595
test,C2,14,2026_08_18_00_53_52_283658_L3_right_C2,right,pick up the right block,pick up the blue block,L3,blue,right,left,9,pregrasp,144,159,15,1.0,0.8833333333333333,9,8,0.3,0.7,8,0.33894023299217224,0.3334946036338806,0.3334946036338806,0.33894023299217224,0.005445629358291626,0.666696310043335,-0.0466642752289772,0.18934473395347595
test,C2,14,2026_08_18_00_53_52_283658_L3_right_C2,right,pick up the right block,pick up the blue block,L3,blue,right,left,10,postgrasp,159,175,16,1.0,0.9722222222222222,0,8,0.3,0.7,8,0.4742783308029175,0.4593108296394348,0.4593108296394348,0.4742783308029175,0.014967501163482666,0.6671448945999146,-0.046607907861471176,0.1897658407688141
test,C2,14,2026_08_18_00_53_52_283658_L3_right_C2,right,pick up the right block,pick up the blue block,L3,blue,right,left,10,postgrasp,159,175,16,1.0,0.9722222222222222,1,8,0.3,0.7,8,0.4952261745929718,0.4652676582336426,0.4652676582336426,0.4952261745929718,0.029958516359329224,0.6671448945999146,-0.046607907861471176,0.1897658407688141
test,C2,14,2026_08_18_00_53_52_283658_L3_right_C2,right,pick up the right block,pick up the blue block,L3,blue,right,left,10,postgrasp,159,175,16,1.0,0.9722222222222222,2,8,0.3,0.7,8,0.45209211111068726,0.43864506483078003,0.43864506483078003,0.45209211111068726,0.013447046279907227,0.6671448945999146,-0.046607907861471176,0.1897658407688141
test,C2,14,2026_08_18_00_53_52_283658_L3_right_C2,right,pick up the right block,pick up the blue block,L3,blue,right,left,10,postgrasp,159,175,16,1.0,0.9722222222222222,3,8,0.3,0.7,8,0.6402087211608887,0.6152437925338745,0.6152437925338745,0.6402087211608887,0.02496492862701416,0.6671448945999146,-0.046607907861471176,0.1897658407688141
test,C2,14,2026_08_18_00_53_52_283658_L3_right_C2,right,pick up the right block,pick up the blue block,L3,blue,right,left,10,postgrasp,159,175,16,1.0,0.9722222222222222,4,8,0.3,0.7,8,0.46522003412246704,0.44752588868141174,0.44752588868141174,0.46522003412246704,0.017694145441055298,0.6671448945999146,-0.046607907861471176,0.1897658407688141
test,C2,14,2026_08_18_00_53_52_283658_L3_right_C2,right,pick up the right block,pick up the blue block,L3,blue,right,left,10,postgrasp,159,175,16,1.0,0.9722222222222222,5,8,0.3,0.7,8,0.571509838104248,0.5581846237182617,0.5581846237182617,0.571509838104248,0.013325214385986328,0.6671448945999146,-0.046607907861471176,0.1897658407688141
test,C2,14,2026_08_18_00_53_52_283658_L3_right_C2,right,pick up the right block,pick up the blue block,L3,blue,right,left,10,postgrasp,159,175,16,1.0,0.9722222222222222,6,8,0.3,0.7,8,0.5382630228996277,0.5102716088294983,0.5102716088294983,0.5382630228996277,0.027991414070129395,0.6671448945999146,-0.046607907861471176,0.1897658407688141
test,C2,14,2026_08_18_00_53_52_283658_L3_right_C2,right,pick up the right block,pick up the blue block,L3,blue,right,left,10,postgrasp,159,175,16,1.0,0.9722222222222222,7,8,0.3,0.7,8,0.574822723865509,0.5518972873687744,0.5518972873687744,0.574822723865509,0.02292543649673462,0.6671448945999146,-0.046607907861471176,0.1897658407688141
test,C2,14,2026_08_18_00_53_52_283658_L3_right_C2,right,pick up the right block,pick up the blue block,L3,blue,right,left,10,postgrasp,159,175,16,1.0,0.9722222222222222,8,8,0.3,0.7,8,0.6275492906570435,0.5989205241203308,0.5989205241203308,0.6275492906570435,0.028628766536712646,0.6671448945999146,-0.046607907861471176,0.1897658407688141
test,C2,14,2026_08_18_00_53_52_283658_L3_right_C2,right,pick up the right block,pick up the blue block,L3,blue,right,left,10,postgrasp,159,175,16,1.0,0.9722222222222222,9,8,0.3,0.7,8,0.516954779624939,0.49477097392082214,0.49477097392082214,0.516954779624939,0.02218380570411682,0.6671448945999146,-0.046607907861471176,0.1897658407688141
test,C2,14,2026_08_18_00_53_52_283658_L3_right_C2,right,pick up the right block,pick up the blue block,L3,blue,right,left,11,postgrasp,175,180,5,1.0,1.0,0,8,0.3,0.7,8,0.4915030896663666,0.49637889862060547,0.49637889862060547,0.4915030896663666,-0.004875808954238892,0.6671451926231384,-0.04661231115460396,0.1897638738155365
test,C2,14,2026_08_18_00_53_52_283658_L3_right_C2,right,pick up the right block,pick up the blue block,L3,blue,right,left,11,postgrasp,175,180,5,1.0,1.0,1,8,0.3,0.7,8,0.4105333387851715,0.407632052898407,0.407632052898407,0.4105333387851715,0.0029012858867645264,0.6671451926231384,-0.04661231115460396,0.1897638738155365
test,C2,14,2026_08_18_00_53_52_283658_L3_right_C2,right,pick up the right block,pick up the blue block,L3,blue,right,left,11,postgrasp,175,180,5,1.0,1.0,2,8,0.3,0.7,8,0.378892183303833,0.37385863065719604,0.37385863065719604,0.378892183303833,0.005033552646636963,0.6671451926231384,-0.04661231115460396,0.1897638738155365
test,C2,14,2026_08_18_00_53_52_283658_L3_right_C2,right,pick up the right block,pick up the blue block,L3,blue,right,left,11,postgrasp,175,180,5,1.0,1.0,3,8,0.3,0.7,8,0.422086626291275,0.41625118255615234,0.41625118255615234,0.422086626291275,0.005835443735122681,0.6671451926231384,-0.04661231115460396,0.1897638738155365
test,C2,14,2026_08_18_00_53_52_283658_L3_right_C2,right,pick up the right block,pick up the blue block,L3,blue,right,left,11,postgrasp,175,180,5,1.0,1.0,4,8,0.3,0.7,8,0.4217297434806824,0.4237389862537384,0.4237389862537384,0.4217297434806824,-0.0020092427730560303,0.6671451926231384,-0.04661231115460396,0.1897638738155365
test,C2,14,2026_08_18_00_53_52_283658_L3_right_C2,right,pick up the right block,pick up the blue block,L3,blue,right,left,11,postgrasp,175,180,5,1.0,1.0,5,8,0.3,0.7,8,0.3714057207107544,0.36428698897361755,0.36428698897361755,0.3714057207107544,0.007118731737136841,0.6671451926231384,-0.04661231115460396,0.1897638738155365
test,C2,14,2026_08_18_00_53_52_283658_L3_right_C2,right,pick up the right block,pick up the blue block,L3,blue,right,left,11,postgrasp,175,180,5,1.0,1.0,6,8,0.3,0.7,8,0.4711321294307709,0.46725839376449585,0.46725839376449585,0.4711321294307709,0.0038737356662750244,0.6671451926231384,-0.04661231115460396,0.1897638738155365
test,C2,14,2026_08_18_00_53_52_283658_L3_right_C2,right,pick up the right block,pick up the blue block,L3,blue,right,left,11,postgrasp,175,180,5,1.0,1.0,7,8,0.3,0.7,8,0.4555280804634094,0.4536466598510742,0.4536466598510742,0.4555280804634094,0.001881420612335205,0.6671451926231384,-0.04661231115460396,0.1897638738155365
test,C2,14,2026_08_18_00_53_52_283658_L3_right_C2,right,pick up the right block,pick up the blue block,L3,blue,right,left,11,postgrasp,175,180,5,1.0,1.0,8,8,0.3,0.7,8,0.41886815428733826,0.41706180572509766,0.41706180572509766,0.41886815428733826,0.0018063485622406006,0.6671451926231384,-0.04661231115460396,0.1897638738155365
test,C2,14,2026_08_18_00_53_52_283658_L3_right_C2,right,pick up the right block,pick up the blue block,L3,blue,right,left,11,postgrasp,175,180,5,1.0,1.0,9,8,0.3,0.7,8,0.42152684926986694,0.42024531960487366,0.42024531960487366,0.42152684926986694,0.0012815296649932861,0.6671451926231384,-0.04661231115460396,0.1897638738155365
test,C0,15,2026_08_18_00_54_32_747715_L3_left_C0,left,pick up the left block,pick up the red block,L3,red,right,left,0,pregrasp,0,16,16,0.13333333333333333,0.11347517730496454,0,8,0.3,0.7,8,0.3523571491241455,0.43579208850860596,0.3523571491241455,0.43579208850860596,0.08343493938446045,0.3826976716518402,-0.0033571694511920214,0.4674624800682068
test,C0,15,2026_08_18_00_54_32_747715_L3_left_C0,left,pick up the left block,pick up the red block,L3,red,right,left,0,pregrasp,0,16,16,0.13333333333333333,0.11347517730496454,1,8,0.3,0.7,8,0.2938229441642761,0.3635328412055969,0.2938229441642761,0.3635328412055969,0.0697098970413208,0.3826976716518402,-0.0033571694511920214,0.4674624800682068
test,C0,15,2026_08_18_00_54_32_747715_L3_left_C0,left,pick up the left block,pick up the red block,L3,red,right,left,0,pregrasp,0,16,16,0.13333333333333333,0.11347517730496454,2,8,0.3,0.7,8,0.29043757915496826,0.38127464056015015,0.29043757915496826,0.38127464056015015,0.09083706140518188,0.3826976716518402,-0.0033571694511920214,0.4674624800682068
test,C0,15,2026_08_18_00_54_32_747715_L3_left_C0,left,pick up the left block,pick up the red block,L3,red,right,left,0,pregrasp,0,16,16,0.13333333333333333,0.11347517730496454,3,8,0.3,0.7,8,0.26338255405426025,0.34941616654396057,0.26338255405426025,0.34941616654396057,0.08603361248970032,0.3826976716518402,-0.0033571694511920214,0.4674624800682068
test,C0,15,2026_08_18_00_54_32_747715_L3_left_C0,left,pick up the left block,pick up the red block,L3,red,right,left,0,pregrasp,0,16,16,0.13333333333333333,0.11347517730496454,4,8,0.3,0.7,8,0.33356136083602905,0.4101473093032837,0.33356136083602905,0.4101473093032837,0.07658594846725464,0.3826976716518402,-0.0033571694511920214,0.4674624800682068
test,C0,15,2026_08_18_00_54_32_747715_L3_left_C0,left,pick up the left block,pick up the red block,L3,red,right,left,0,pregrasp,0,16,16,0.13333333333333333,0.11347517730496454,5,8,0.3,0.7,8,0.311565101146698,0.4239046275615692,0.311565101146698,0.4239046275615692,0.11233952641487122,0.3826976716518402,-0.0033571694511920214,0.4674624800682068
test,C0,15,2026_08_18_00_54_32_747715_L3_left_C0,left,pick up the left block,pick up the red block,L3,red,right,left,0,pregrasp,0,16,16,0.13333333333333333,0.11347517730496454,6,8,0.3,0.7,8,0.4049481153488159,0.46982717514038086,0.4049481153488159,0.46982717514038086,0.06487905979156494,0.3826976716518402,-0.0033571694511920214,0.4674624800682068
test,C0,15,2026_08_18_00_54_32_747715_L3_left_C0,left,pick up the left block,pick up the red block,L3,red,right,left,0,pregrasp,0,16,16,0.13333333333333333,0.11347517730496454,7,8,0.3,0.7,8,0.3697401285171509,0.5018943548202515,0.3697401285171509,0.5018943548202515,0.13215422630310059,0.3826976716518402,-0.0033571694511920214,0.4674624800682068
test,C0,15,2026_08_18_00_54_32_747715_L3_left_C0,left,pick up the left block,pick up the red block,L3,red,right,left,0,pregrasp,0,16,16,0.13333333333333333,0.11347517730496454,8,8,0.3,0.7,8,0.3287355899810791,0.38817235827445984,0.3287355899810791,0.38817235827445984,0.05943676829338074,0.3826976716518402,-0.0033571694511920214,0.4674624800682068
test,C0,15,2026_08_18_00_54_32_747715_L3_left_C0,left,pick up the left block,pick up the red block,L3,red,right,left,0,pregrasp,0,16,16,0.13333333333333333,0.11347517730496454,9,8,0.3,0.7,8,0.26867133378982544,0.32056596875190735,0.26867133378982544,0.32056596875190735,0.05189463496208191,0.3826976716518402,-0.0033571694511920214,0.4674624800682068
test,C0,15,2026_08_18_00_54_32_747715_L3_left_C0,left,pick up the left block,pick up the red block,L3,red,right,left,1,pregrasp,16,32,16,0.26666666666666666,0.22695035460992907,0,8,0.3,0.7,8,0.1522327959537506,0.23429535329341888,0.1522327959537506,0.23429535329341888,0.08206255733966827,0.4272044003009796,0.002440511714667082,0.41521525382995605
test,C0,15,2026_08_18_00_54_32_747715_L3_left_C0,left,pick up the left block,pick up the red block,L3,red,right,left,1,pregrasp,16,32,16,0.26666666666666666,0.22695035460992907,1,8,0.3,0.7,8,0.2668643295764923,0.3556615710258484,0.2668643295764923,0.3556615710258484,0.08879724144935608,0.4272044003009796,0.002440511714667082,0.41521525382995605
test,C0,15,2026_08_18_00_54_32_747715_L3_left_C0,left,pick up the left block,pick up the red block,L3,red,right,left,1,pregrasp,16,32,16,0.26666666666666666,0.22695035460992907,2,8,0.3,0.7,8,0.14626339077949524,0.2300182431936264,0.14626339077949524,0.2300182431936264,0.08375485241413116,0.4272044003009796,0.002440511714667082,0.41521525382995605
test,C0,15,2026_08_18_00_54_32_747715_L3_left_C0,left,pick up the left block,pick up the red block,L3,red,right,left,1,pregrasp,16,32,16,0.26666666666666666,0.22695035460992907,3,8,0.3,0.7,8,0.1690671592950821,0.27013495564460754,0.1690671592950821,0.27013495564460754,0.10106779634952545,0.4272044003009796,0.002440511714667082,0.41521525382995605
test,C0,15,2026_08_18_00_54_32_747715_L3_left_C0,left,pick up the left block,pick up the red block,L3,red,right,left,1,pregrasp,16,32,16,0.26666666666666666,0.22695035460992907,4,8,0.3,0.7,8,0.24831615388393402,0.34407591819763184,0.24831615388393402,0.34407591819763184,0.09575976431369781,0.4272044003009796,0.002440511714667082,0.41521525382995605
test,C0,15,2026_08_18_00_54_32_747715_L3_left_C0,left,pick up the left block,pick up the red block,L3,red,right,left,1,pregrasp,16,32,16,0.26666666666666666,0.22695035460992907,5,8,0.3,0.7,8,0.2098870873451233,0.29202476143836975,0.2098870873451233,0.29202476143836975,0.08213767409324646,0.4272044003009796,0.002440511714667082,0.41521525382995605
test,C0,15,2026_08_18_00_54_32_747715_L3_left_C0,left,pick up the left block,pick up the red block,L3,red,right,left,1,pregrasp,16,32,16,0.26666666666666666,0.22695035460992907,6,8,0.3,0.7,8,0.2612217664718628,0.3454330563545227,0.2612217664718628,0.3454330563545227,0.08421128988265991,0.4272044003009796,0.002440511714667082,0.41521525382995605
test,C0,15,2026_08_18_00_54_32_747715_L3_left_C0,left,pick up the left block,pick up the red block,L3,red,right,left,1,pregrasp,16,32,16,0.26666666666666666,0.22695035460992907,7,8,0.3,0.7,8,0.2535385489463806,0.34826943278312683,0.2535385489463806,0.34826943278312683,0.09473088383674622,0.4272044003009796,0.002440511714667082,0.41521525382995605
test,C0,15,2026_08_18_00_54_32_747715_L3_left_C0,left,pick up the left block,pick up the red block,L3,red,right,left,1,pregrasp,16,32,16,0.26666666666666666,0.22695035460992907,8,8,0.3,0.7,8,0.20057769119739532,0.2913573384284973,0.20057769119739532,0.2913573384284973,0.09077964723110199,0.4272044003009796,0.002440511714667082,0.41521525382995605
test,C0,15,2026_08_18_00_54_32_747715_L3_left_C0,left,pick up the left block,pick up the red block,L3,red,right,left,1,pregrasp,16,32,16,0.26666666666666666,0.22695035460992907,9,8,0.3,0.7,8,0.17034980654716492,0.23454691469669342,0.17034980654716492,0.23454691469669342,0.0641971081495285,0.4272044003009796,0.002440511714667082,0.41521525382995605
test,C0,15,2026_08_18_00_54_32_747715_L3_left_C0,left,pick up the left block,pick up the red block,L3,red,right,left,2,pregrasp,32,48,16,0.4,0.3404255319148936,0,8,0.3,0.7,8,0.2828880548477173,0.35122355818748474,0.2828880548477173,0.35122355818748474,0.06833550333976746,0.47765612602233887,0.00974524300545454,0.36786404252052307
test,C0,15,2026_08_18_00_54_32_747715_L3_left_C0,left,pick up the left block,pick up the red block,L3,red,right,left,2,pregrasp,32,48,16,0.4,0.3404255319148936,1,8,0.3,0.7,8,0.13975146412849426,0.18924719095230103,0.13975146412849426,0.18924719095230103,0.04949572682380676,0.47765612602233887,0.00974524300545454,0.36786404252052307
test,C0,15,2026_08_18_00_54_32_747715_L3_left_C0,left,pick up the left block,pick up the red block,L3,red,right,left,2,pregrasp,32,48,16,0.4,0.3404255319148936,2,8,0.3,0.7,8,0.15549913048744202,0.2469416856765747,0.15549913048744202,0.2469416856765747,0.09144255518913269,0.47765612602233887,0.00974524300545454,0.36786404252052307
test,C0,15,2026_08_18_00_54_32_747715_L3_left_C0,left,pick up the left block,pick up the red block,L3,red,right,left,2,pregrasp,32,48,16,0.4,0.3404255319148936,3,8,0.3,0.7,8,0.13943184912204742,0.20962116122245789,0.13943184912204742,0.20962116122245789,0.07018931210041046,0.47765612602233887,0.00974524300545454,0.36786404252052307
test,C0,15,2026_08_18_00_54_32_747715_L3_left_C0,left,pick up the left block,pick up the red block,L3,red,right,left,2,pregrasp,32,48,16,0.4,0.3404255319148936,4,8,0.3,0.7,8,0.182765930891037,0.2539217472076416,0.182765930891037,0.2539217472076416,0.07115581631660461,0.47765612602233887,0.00974524300545454,0.36786404252052307
test,C0,15,2026_08_18_00_54_32_747715_L3_left_C0,left,pick up the left block,pick up the red block,L3,red,right,left,2,pregrasp,32,48,16,0.4,0.3404255319148936,5,8,0.3,0.7,8,0.2974074184894562,0.3679889142513275,0.2974074184894562,0.3679889142513275,0.07058149576187134,0.47765612602233887,0.00974524300545454,0.36786404252052307
test,C0,15,2026_08_18_00_54_32_747715_L3_left_C0,left,pick up the left block,pick up the red block,L3,red,right,left,2,pregrasp,32,48,16,0.4,0.3404255319148936,6,8,0.3,0.7,8,0.2352178543806076,0.30216580629348755,0.2352178543806076,0.30216580629348755,0.06694795191287994,0.47765612602233887,0.00974524300545454,0.36786404252052307
test,C0,15,2026_08_18_00_54_32_747715_L3_left_C0,left,pick up the left block,pick up the red block,L3,red,right,left,2,pregrasp,32,48,16,0.4,0.3404255319148936,7,8,0.3,0.7,8,0.21837115287780762,0.3000783324241638,0.21837115287780762,0.3000783324241638,0.0817071795463562,0.47765612602233887,0.00974524300545454,0.36786404252052307
test,C0,15,2026_08_18_00_54_32_747715_L3_left_C0,left,pick up the left block,pick up the red block,L3,red,right,left,2,pregrasp,32,48,16,0.4,0.3404255319148936,8,8,0.3,0.7,8,0.2028837352991104,0.2890750467777252,0.2028837352991104,0.2890750467777252,0.08619131147861481,0.47765612602233887,0.00974524300545454,0.36786404252052307
test,C0,15,2026_08_18_00_54_32_747715_L3_left_C0,left,pick up the left block,pick up the red block,L3,red,right,left,2,pregrasp,32,48,16,0.4,0.3404255319148936,9,8,0.3,0.7,8,0.24983084201812744,0.34133562445640564,0.24983084201812744,0.34133562445640564,0.0915047824382782,0.47765612602233887,0.00974524300545454,0.36786404252052307
test,C0,15,2026_08_18_00_54_32_747715_L3_left_C0,left,pick up the left block,pick up the red block,L3,red,right,left,3,pregrasp,48,64,16,0.5333333333333333,0.45390070921985815,0,8,0.3,0.7,8,0.2738755941390991,0.3329792320728302,0.2738755941390991,0.3329792320728302,0.05910363793373108,0.5285304188728333,0.016654228791594505,0.32051193714141846
test,C0,15,2026_08_18_00_54_32_747715_L3_left_C0,left,pick up the left block,pick up the red block,L3,red,right,left,3,pregrasp,48,64,16,0.5333333333333333,0.45390070921985815,1,8,0.3,0.7,8,0.16543042659759521,0.22850510478019714,0.16543042659759521,0.22850510478019714,0.06307467818260193,0.5285304188728333,0.016654228791594505,0.32051193714141846
test,C0,15,2026_08_18_00_54_32_747715_L3_left_C0,left,pick up the left block,pick up the red block,L3,red,right,left,3,pregrasp,48,64,16,0.5333333333333333,0.45390070921985815,2,8,0.3,0.7,8,0.24523328244686127,0.3030293881893158,0.24523328244686127,0.3030293881893158,0.05779610574245453,0.5285304188728333,0.016654228791594505,0.32051193714141846
test,C0,15,2026_08_18_00_54_32_747715_L3_left_C0,left,pick up the left block,pick up the red block,L3,red,right,left,3,pregrasp,48,64,16,0.5333333333333333,0.45390070921985815,3,8,0.3,0.7,8,0.26797205209732056,0.314431369304657,0.26797205209732056,0.314431369304657,0.046459317207336426,0.5285304188728333,0.016654228791594505,0.32051193714141846
test,C0,15,2026_08_18_00_54_32_747715_L3_left_C0,left,pick up the left block,pick up the red block,L3,red,right,left,3,pregrasp,48,64,16,0.5333333333333333,0.45390070921985815,4,8,0.3,0.7,8,0.32922273874282837,0.4104321002960205,0.32922273874282837,0.4104321002960205,0.08120936155319214,0.5285304188728333,0.016654228791594505,0.32051193714141846
test,C0,15,2026_08_18_00_54_32_747715_L3_left_C0,left,pick up the left block,pick up the red block,L3,red,right,left,3,pregrasp,48,64,16,0.5333333333333333,0.45390070921985815,5,8,0.3,0.7,8,0.25892171263694763,0.31906166672706604,0.25892171263694763,0.31906166672706604,0.06013995409011841,0.5285304188728333,0.016654228791594505,0.32051193714141846
test,C0,15,2026_08_18_00_54_32_747715_L3_left_C0,left,pick up the left block,pick up the red block,L3,red,right,left,3,pregrasp,48,64,16,0.5333333333333333,0.45390070921985815,6,8,0.3,0.7,8,0.228777676820755,0.2859693467617035,0.228777676820755,0.2859693467617035,0.057191669940948486,0.5285304188728333,0.016654228791594505,0.32051193714141846
test,C0,15,2026_08_18_00_54_32_747715_L3_left_C0,left,pick up the left block,pick up the red block,L3,red,right,left,3,pregrasp,48,64,16,0.5333333333333333,0.45390070921985815,7,8,0.3,0.7,8,0.18559503555297852,0.24480374157428741,0.18559503555297852,0.24480374157428741,0.0592087060213089,0.5285304188728333,0.016654228791594505,0.32051193714141846
test,C0,15,2026_08_18_00_54_32_747715_L3_left_C0,left,pick up the left block,pick up the red block,L3,red,right,left,3,pregrasp,48,64,16,0.5333333333333333,0.45390070921985815,8,8,0.3,0.7,8,0.22220249474048615,0.28930699825286865,0.22220249474048615,0.28930699825286865,0.06710450351238251,0.5285304188728333,0.016654228791594505,0.32051193714141846
test,C0,15,2026_08_18_00_54_32_747715_L3_left_C0,left,pick up the left block,pick up the red block,L3,red,right,left,3,pregrasp,48,64,16,0.5333333333333333,0.45390070921985815,9,8,0.3,0.7,8,0.1348690688610077,0.19983090460300446,0.1348690688610077,0.19983090460300446,0.06496183574199677,0.5285304188728333,0.016654228791594505,0.32051193714141846
test,C0,15,2026_08_18_00_54_32_747715_L3_left_C0,left,pick up the left block,pick up the red block,L3,red,right,left,4,pregrasp,64,80,16,0.6666666666666666,0.5673758865248227,0,8,0.3,0.7,8,0.12737682461738586,0.16233837604522705,0.12737682461738586,0.16233837604522705,0.034961551427841187,0.5793185234069824,0.024500800296664238,0.27272605895996094
test,C0,15,2026_08_18_00_54_32_747715_L3_left_C0,left,pick up the left block,pick up the red block,L3,red,right,left,4,pregrasp,64,80,16,0.6666666666666666,0.5673758865248227,1,8,0.3,0.7,8,0.26705753803253174,0.3263898491859436,0.26705753803253174,0.3263898491859436,0.059332311153411865,0.5793185234069824,0.024500800296664238,0.27272605895996094
test,C0,15,2026_08_18_00_54_32_747715_L3_left_C0,left,pick up the left block,pick up the red block,L3,red,right,left,4,pregrasp,64,80,16,0.6666666666666666,0.5673758865248227,2,8,0.3,0.7,8,0.14231495559215546,0.18177804350852966,0.14231495559215546,0.18177804350852966,0.03946308791637421,0.5793185234069824,0.024500800296664238,0.27272605895996094
test,C0,15,2026_08_18_00_54_32_747715_L3_left_C0,left,pick up the left block,pick up the red block,L3,red,right,left,4,pregrasp,64,80,16,0.6666666666666666,0.5673758865248227,3,8,0.3,0.7,8,0.16274335980415344,0.2087715119123459,0.16274335980415344,0.2087715119123459,0.046028152108192444,0.5793185234069824,0.024500800296664238,0.27272605895996094
test,C0,15,2026_08_18_00_54_32_747715_L3_left_C0,left,pick up the left block,pick up the red block,L3,red,right,left,4,pregrasp,64,80,16,0.6666666666666666,0.5673758865248227,4,8,0.3,0.7,8,0.17550885677337646,0.23056231439113617,0.17550885677337646,0.23056231439113617,0.055053457617759705,0.5793185234069824,0.024500800296664238,0.27272605895996094
test,C0,15,2026_08_18_00_54_32_747715_L3_left_C0,left,pick up the left block,pick up the red block,L3,red,right,left,4,pregrasp,64,80,16,0.6666666666666666,0.5673758865248227,5,8,0.3,0.7,8,0.20720608532428741,0.2511615455150604,0.20720608532428741,0.2511615455150604,0.04395546019077301,0.5793185234069824,0.024500800296664238,0.27272605895996094
test,C0,15,2026_08_18_00_54_32_747715_L3_left_C0,left,pick up the left block,pick up the red block,L3,red,right,left,4,pregrasp,64,80,16,0.6666666666666666,0.5673758865248227,6,8,0.3,0.7,8,0.2133735716342926,0.2754842936992645,0.2133735716342926,0.2754842936992645,0.062110722064971924,0.5793185234069824,0.024500800296664238,0.27272605895996094
test,C0,15,2026_08_18_00_54_32_747715_L3_left_C0,left,pick up the left block,pick up the red block,L3,red,right,left,4,pregrasp,64,80,16,0.6666666666666666,0.5673758865248227,7,8,0.3,0.7,8,0.12707868218421936,0.16730095446109772,0.12707868218421936,0.16730095446109772,0.04022227227687836,0.5793185234069824,0.024500800296664238,0.27272605895996094
test,C0,15,2026_08_18_00_54_32_747715_L3_left_C0,left,pick up the left block,pick up the red block,L3,red,right,left,4,pregrasp,64,80,16,0.6666666666666666,0.5673758865248227,8,8,0.3,0.7,8,0.1472683846950531,0.19243673980236053,0.1472683846950531,0.19243673980236053,0.045168355107307434,0.5793185234069824,0.024500800296664238,0.27272605895996094
test,C0,15,2026_08_18_00_54_32_747715_L3_left_C0,left,pick up the left block,pick up the red block,L3,red,right,left,4,pregrasp,64,80,16,0.6666666666666666,0.5673758865248227,9,8,0.3,0.7,8,0.20061910152435303,0.25385716557502747,0.20061910152435303,0.25385716557502747,0.05323806405067444,0.5793185234069824,0.024500800296664238,0.27272605895996094
test,C0,15,2026_08_18_00_54_32_747715_L3_left_C0,left,pick up the left block,pick up the red block,L3,red,right,left,5,pregrasp,80,96,16,0.8,0.6808510638297872,0,8,0.3,0.7,8,0.20095393061637878,0.2231774926185608,0.20095393061637878,0.2231774926185608,0.022223562002182007,0.6296406984329224,0.03180771693587303,0.22454507648944855
test,C0,15,2026_08_18_00_54_32_747715_L3_left_C0,left,pick up the left block,pick up the red block,L3,red,right,left,5,pregrasp,80,96,16,0.8,0.6808510638297872,1,8,0.3,0.7,8,0.24575400352478027,0.27434229850769043,0.24575400352478027,0.27434229850769043,0.028588294982910156,0.6296406984329224,0.03180771693587303,0.22454507648944855
test,C0,15,2026_08_18_00_54_32_747715_L3_left_C0,left,pick up the left block,pick up the red block,L3,red,right,left,5,pregrasp,80,96,16,0.8,0.6808510638297872,2,8,0.3,0.7,8,0.2367722988128662,0.26359760761260986,0.2367722988128662,0.26359760761260986,0.026825308799743652,0.6296406984329224,0.03180771693587303,0.22454507648944855
test,C0,15,2026_08_18_00_54_32_747715_L3_left_C0,left,pick up the left block,pick up the red block,L3,red,right,left,5,pregrasp,80,96,16,0.8,0.6808510638297872,3,8,0.3,0.7,8,0.16950638592243195,0.19214050471782684,0.16950638592243195,0.19214050471782684,0.022634118795394897,0.6296406984329224,0.03180771693587303,0.22454507648944855
test,C0,15,2026_08_18_00_54_32_747715_L3_left_C0,left,pick up the left block,pick up the red block,L3,red,right,left,5,pregrasp,80,96,16,0.8,0.6808510638297872,4,8,0.3,0.7,8,0.2204774171113968,0.24248887598514557,0.2204774171113968,0.24248887598514557,0.02201145887374878,0.6296406984329224,0.03180771693587303,0.22454507648944855
test,C0,15,2026_08_18_00_54_32_747715_L3_left_C0,left,pick up the left block,pick up the red block,L3,red,right,left,5,pregrasp,80,96,16,0.8,0.6808510638297872,5,8,0.3,0.7,8,0.24902281165122986,0.2738775908946991,0.24902281165122986,0.2738775908946991,0.02485477924346924,0.6296406984329224,0.03180771693587303,0.22454507648944855
test,C0,15,2026_08_18_00_54_32_747715_L3_left_C0,left,pick up the left block,pick up the red block,L3,red,right,left,5,pregrasp,80,96,16,0.8,0.6808510638297872,6,8,0.3,0.7,8,0.2079283893108368,0.2376740276813507,0.2079283893108368,0.2376740276813507,0.029745638370513916,0.6296406984329224,0.03180771693587303,0.22454507648944855
test,C0,15,2026_08_18_00_54_32_747715_L3_left_C0,left,pick up the left block,pick up the red block,L3,red,right,left,5,pregrasp,80,96,16,0.8,0.6808510638297872,7,8,0.3,0.7,8,0.14431950449943542,0.16396920382976532,0.14431950449943542,0.16396920382976532,0.019649699330329895,0.6296406984329224,0.03180771693587303,0.22454507648944855
test,C0,15,2026_08_18_00_54_32_747715_L3_left_C0,left,pick up the left block,pick up the red block,L3,red,right,left,5,pregrasp,80,96,16,0.8,0.6808510638297872,8,8,0.3,0.7,8,0.15185119211673737,0.1697038859128952,0.15185119211673737,0.1697038859128952,0.017852693796157837,0.6296406984329224,0.03180771693587303,0.22454507648944855
test,C0,15,2026_08_18_00_54_32_747715_L3_left_C0,left,pick up the left block,pick up the red block,L3,red,right,left,5,pregrasp,80,96,16,0.8,0.6808510638297872,9,8,0.3,0.7,8,0.18905268609523773,0.21193835139274597,0.18905268609523773,0.21193835139274597,0.02288566529750824,0.6296406984329224,0.03180771693587303,0.22454507648944855
test,C0,15,2026_08_18_00_54_32_747715_L3_left_C0,left,pick up the left block,pick up the red block,L3,red,right,left,6,pregrasp,96,112,16,0.9333333333333333,0.7943262411347518,0,8,0.3,0.7,8,0.11408543586730957,0.11714523285627365,0.11408543586730957,0.11714523285627365,0.003059796988964081,0.6669975519180298,0.03684023767709732,0.18876275420188904
test,C0,15,2026_08_18_00_54_32_747715_L3_left_C0,left,pick up the left block,pick up the red block,L3,red,right,left,6,pregrasp,96,112,16,0.9333333333333333,0.7943262411347518,1,8,0.3,0.7,8,0.17741815745830536,0.17916066944599152,0.17741815745830536,0.17916066944599152,0.0017425119876861572,0.6669975519180298,0.03684023767709732,0.18876275420188904
test,C0,15,2026_08_18_00_54_32_747715_L3_left_C0,left,pick up the left block,pick up the red block,L3,red,right,left,6,pregrasp,96,112,16,0.9333333333333333,0.7943262411347518,2,8,0.3,0.7,8,0.20643721520900726,0.20887865126132965,0.20643721520900726,0.20887865126132965,0.0024414360523223877,0.6669975519180298,0.03684023767709732,0.18876275420188904
test,C0,15,2026_08_18_00_54_32_747715_L3_left_C0,left,pick up the left block,pick up the red block,L3,red,right,left,6,pregrasp,96,112,16,0.9333333333333333,0.7943262411347518,3,8,0.3,0.7,8,0.23906028270721436,0.24081213772296906,0.23906028270721436,0.24081213772296906,0.0017518550157546997,0.6669975519180298,0.03684023767709732,0.18876275420188904
test,C0,15,2026_08_18_00_54_32_747715_L3_left_C0,left,pick up the left block,pick up the red block,L3,red,right,left,6,pregrasp,96,112,16,0.9333333333333333,0.7943262411347518,4,8,0.3,0.7,8,0.21308396756649017,0.21726061403751373,0.21308396756649017,0.21726061403751373,0.00417664647102356,0.6669975519180298,0.03684023767709732,0.18876275420188904
test,C0,15,2026_08_18_00_54_32_747715_L3_left_C0,left,pick up the left block,pick up the red block,L3,red,right,left,6,pregrasp,96,112,16,0.9333333333333333,0.7943262411347518,5,8,0.3,0.7,8,0.13580675423145294,0.13640932738780975,0.13580675423145294,0.13640932738780975,0.0006025731563568115,0.6669975519180298,0.03684023767709732,0.18876275420188904
test,C0,15,2026_08_18_00_54_32_747715_L3_left_C0,left,pick up the left block,pick up the red block,L3,red,right,left,6,pregrasp,96,112,16,0.9333333333333333,0.7943262411347518,6,8,0.3,0.7,8,0.1779475212097168,0.18093810975551605,0.1779475212097168,0.18093810975551605,0.0029905885457992554,0.6669975519180298,0.03684023767709732,0.18876275420188904
test,C0,15,2026_08_18_00_54_32_747715_L3_left_C0,left,pick up the left block,pick up the red block,L3,red,right,left,6,pregrasp,96,112,16,0.9333333333333333,0.7943262411347518,7,8,0.3,0.7,8,0.11574948579072952,0.11673372238874435,0.11574948579072952,0.11673372238874435,0.0009842365980148315,0.6669975519180298,0.03684023767709732,0.18876275420188904
test,C0,15,2026_08_18_00_54_32_747715_L3_left_C0,left,pick up the left block,pick up the red block,L3,red,right,left,6,pregrasp,96,112,16,0.9333333333333333,0.7943262411347518,8,8,0.3,0.7,8,0.1361536681652069,0.13922546803951263,0.1361536681652069,0.13922546803951263,0.003071799874305725,0.6669975519180298,0.03684023767709732,0.18876275420188904
test,C0,15,2026_08_18_00_54_32_747715_L3_left_C0,left,pick up the left block,pick up the red block,L3,red,right,left,6,pregrasp,96,112,16,0.9333333333333333,0.7943262411347518,9,8,0.3,0.7,8,0.12419366836547852,0.12639741599559784,0.12419366836547852,0.12639741599559784,0.0022037476301193237,0.6669975519180298,0.03684023767709732,0.18876275420188904
test,C0,15,2026_08_18_00_54_32_747715_L3_left_C0,left,pick up the left block,pick up the red block,L3,red,right,left,7,pregrasp,112,120,8,1.0,0.851063829787234,0,8,0.3,0.7,8,0.2917424440383911,0.29603925347328186,0.2917424440383911,0.29603925347328186,0.004296809434890747,0.6673650741577148,0.03694906830787659,0.18875820934772491
test,C0,15,2026_08_18_00_54_32_747715_L3_left_C0,left,pick up the left block,pick up the red block,L3,red,right,left,7,pregrasp,112,120,8,1.0,0.851063829787234,1,8,0.3,0.7,8,0.16016799211502075,0.16842667758464813,0.16016799211502075,0.16842667758464813,0.00825868546962738,0.6673650741577148,0.03694906830787659,0.18875820934772491
test,C0,15,2026_08_18_00_54_32_747715_L3_left_C0,left,pick up the left block,pick up the red block,L3,red,right,left,7,pregrasp,112,120,8,1.0,0.851063829787234,2,8,0.3,0.7,8,0.16694243252277374,0.17401833832263947,0.16694243252277374,0.17401833832263947,0.007075905799865723,0.6673650741577148,0.03694906830787659,0.18875820934772491
test,C0,15,2026_08_18_00_54_32_747715_L3_left_C0,left,pick up the left block,pick up the red block,L3,red,right,left,7,pregrasp,112,120,8,1.0,0.851063829787234,3,8,0.3,0.7,8,0.23550711572170258,0.23816192150115967,0.23550711572170258,0.23816192150115967,0.0026548057794570923,0.6673650741577148,0.03694906830787659,0.18875820934772491
test,C0,15,2026_08_18_00_54_32_747715_L3_left_C0,left,pick up the left block,pick up the red block,L3,red,right,left,7,pregrasp,112,120,8,1.0,0.851063829787234,4,8,0.3,0.7,8,0.2554316520690918,0.2582758665084839,0.2554316520690918,0.2582758665084839,0.00284421443939209,0.6673650741577148,0.03694906830787659,0.18875820934772491
test,C0,15,2026_08_18_00_54_32_747715_L3_left_C0,left,pick up the left block,pick up the red block,L3,red,right,left,7,pregrasp,112,120,8,1.0,0.851063829787234,5,8,0.3,0.7,8,0.251006543636322,0.25501111149787903,0.251006543636322,0.25501111149787903,0.004004567861557007,0.6673650741577148,0.03694906830787659,0.18875820934772491
test,C0,15,2026_08_18_00_54_32_747715_L3_left_C0,left,pick up the left block,pick up the red block,L3,red,right,left,7,pregrasp,112,120,8,1.0,0.851063829787234,6,8,0.3,0.7,8,0.250214159488678,0.2553376257419586,0.250214159488678,0.2553376257419586,0.00512346625328064,0.6673650741577148,0.03694906830787659,0.18875820934772491
test,C0,15,2026_08_18_00_54_32_747715_L3_left_C0,left,pick up the left block,pick up the red block,L3,red,right,left,7,pregrasp,112,120,8,1.0,0.851063829787234,7,8,0.3,0.7,8,0.23160840570926666,0.23594455420970917,0.23160840570926666,0.23594455420970917,0.004336148500442505,0.6673650741577148,0.03694906830787659,0.18875820934772491
test,C0,15,2026_08_18_00_54_32_747715_L3_left_C0,left,pick up the left block,pick up the red block,L3,red,right,left,7,pregrasp,112,120,8,1.0,0.851063829787234,8,8,0.3,0.7,8,0.23602133989334106,0.24018140137195587,0.23602133989334106,0.24018140137195587,0.004160061478614807,0.6673650741577148,0.03694906830787659,0.18875820934772491
test,C0,15,2026_08_18_00_54_32_747715_L3_left_C0,left,pick up the left block,pick up the red block,L3,red,right,left,7,pregrasp,112,120,8,1.0,0.851063829787234,9,8,0.3,0.7,8,0.21141856908798218,0.21377721428871155,0.21141856908798218,0.21377721428871155,0.00235864520072937,0.6673650741577148,0.03694906830787659,0.18875820934772491
test,C0,15,2026_08_18_00_54_32_747715_L3_left_C0,left,pick up the left block,pick up the red block,L3,red,right,left,8,postgrasp,120,136,16,1.0,0.9645390070921985,0,8,0.3,0.7,8,0.2802666425704956,0.2741818428039551,0.2802666425704956,0.2741818428039551,-0.006084799766540527,0.6680166125297546,0.03757896646857262,0.18935321271419525
test,C0,15,2026_08_18_00_54_32_747715_L3_left_C0,left,pick up the left block,pick up the red block,L3,red,right,left,8,postgrasp,120,136,16,1.0,0.9645390070921985,1,8,0.3,0.7,8,0.3956475555896759,0.38498419523239136,0.3956475555896759,0.38498419523239136,-0.010663360357284546,0.6680166125297546,0.03757896646857262,0.18935321271419525
test,C0,15,2026_08_18_00_54_32_747715_L3_left_C0,left,pick up the left block,pick up the red block,L3,red,right,left,8,postgrasp,120,136,16,1.0,0.9645390070921985,2,8,0.3,0.7,8,0.34562039375305176,0.33328527212142944,0.34562039375305176,0.33328527212142944,-0.012335121631622314,0.6680166125297546,0.03757896646857262,0.18935321271419525
test,C0,15,2026_08_18_00_54_32_747715_L3_left_C0,left,pick up the left block,pick up the red block,L3,red,right,left,8,postgrasp,120,136,16,1.0,0.9645390070921985,3,8,0.3,0.7,8,0.4166536331176758,0.4067350924015045,0.4166536331176758,0.4067350924015045,-0.009918540716171265,0.6680166125297546,0.03757896646857262,0.18935321271419525
test,C0,15,2026_08_18_00_54_32_747715_L3_left_C0,left,pick up the left block,pick up the red block,L3,red,right,left,8,postgrasp,120,136,16,1.0,0.9645390070921985,4,8,0.3,0.7,8,0.3000258803367615,0.2916184365749359,0.3000258803367615,0.2916184365749359,-0.008407443761825562,0.6680166125297546,0.03757896646857262,0.18935321271419525
test,C0,15,2026_08_18_00_54_32_747715_L3_left_C0,left,pick up the left block,pick up the red block,L3,red,right,left,8,postgrasp,120,136,16,1.0,0.9645390070921985,5,8,0.3,0.7,8,0.4289107620716095,0.41789132356643677,0.4289107620716095,0.41789132356643677,-0.01101943850517273,0.6680166125297546,0.03757896646857262,0.18935321271419525
test,C0,15,2026_08_18_00_54_32_747715_L3_left_C0,left,pick up the left block,pick up the red block,L3,red,right,left,8,postgrasp,120,136,16,1.0,0.9645390070921985,6,8,0.3,0.7,8,0.25142017006874084,0.2466147541999817,0.25142017006874084,0.2466147541999817,-0.004805415868759155,0.6680166125297546,0.03757896646857262,0.18935321271419525
test,C0,15,2026_08_18_00_54_32_747715_L3_left_C0,left,pick up the left block,pick up the red block,L3,red,right,left,8,postgrasp,120,136,16,1.0,0.9645390070921985,7,8,0.3,0.7,8,0.4017490744590759,0.3868613839149475,0.4017490744590759,0.3868613839149475,-0.014887690544128418,0.6680166125297546,0.03757896646857262,0.18935321271419525
test,C0,15,2026_08_18_00_54_32_747715_L3_left_C0,left,pick up the left block,pick up the red block,L3,red,right,left,8,postgrasp,120,136,16,1.0,0.9645390070921985,8,8,0.3,0.7,8,0.37203988432884216,0.3643229007720947,0.37203988432884216,0.3643229007720947,-0.0077169835567474365,0.6680166125297546,0.03757896646857262,0.18935321271419525
test,C0,15,2026_08_18_00_54_32_747715_L3_left_C0,left,pick up the left block,pick up the red block,L3,red,right,left,8,postgrasp,120,136,16,1.0,0.9645390070921985,9,8,0.3,0.7,8,0.37633612751960754,0.3624778985977173,0.37633612751960754,0.3624778985977173,-0.013858228921890259,0.6680166125297546,0.03757896646857262,0.18935321271419525
test,C0,15,2026_08_18_00_54_32_747715_L3_left_C0,left,pick up the left block,pick up the red block,L3,red,right,left,9,postgrasp,136,141,5,1.0,1.0,0,8,0.3,0.7,8,0.27136045694351196,0.27034348249435425,0.27136045694351196,0.27034348249435425,-0.0010169744491577148,0.6680207848548889,0.037577804177999496,0.18935313820838928
test,C0,15,2026_08_18_00_54_32_747715_L3_left_C0,left,pick up the left block,pick up the red block,L3,red,right,left,9,postgrasp,136,141,5,1.0,1.0,1,8,0.3,0.7,8,0.3013198673725128,0.29680055379867554,0.3013198673725128,0.29680055379867554,-0.00451931357383728,0.6680207848548889,0.037577804177999496,0.18935313820838928
test,C0,15,2026_08_18_00_54_32_747715_L3_left_C0,left,pick up the left block,pick up the red block,L3,red,right,left,9,postgrasp,136,141,5,1.0,1.0,2,8,0.3,0.7,8,0.2841315269470215,0.28057384490966797,0.2841315269470215,0.28057384490966797,-0.0035576820373535156,0.6680207848548889,0.037577804177999496,0.18935313820838928
test,C0,15,2026_08_18_00_54_32_747715_L3_left_C0,left,pick up the left block,pick up the red block,L3,red,right,left,9,postgrasp,136,141,5,1.0,1.0,3,8,0.3,0.7,8,0.2123146951198578,0.21104709804058075,0.2123146951198578,0.21104709804058075,-0.0012675970792770386,0.6680207848548889,0.037577804177999496,0.18935313820838928
test,C0,15,2026_08_18_00_54_32_747715_L3_left_C0,left,pick up the left block,pick up the red block,L3,red,right,left,9,postgrasp,136,141,5,1.0,1.0,4,8,0.3,0.7,8,0.3061394691467285,0.305454820394516,0.3061394691467285,0.305454820394516,-0.0006846487522125244,0.6680207848548889,0.037577804177999496,0.18935313820838928
test,C0,15,2026_08_18_00_54_32_747715_L3_left_C0,left,pick up the left block,pick up the red block,L3,red,right,left,9,postgrasp,136,141,5,1.0,1.0,5,8,0.3,0.7,8,0.28348609805107117,0.2807493507862091,0.28348609805107117,0.2807493507862091,-0.0027367472648620605,0.6680207848548889,0.037577804177999496,0.18935313820838928
test,C0,15,2026_08_18_00_54_32_747715_L3_left_C0,left,pick up the left block,pick up the red block,L3,red,right,left,9,postgrasp,136,141,5,1.0,1.0,6,8,0.3,0.7,8,0.30366626381874084,0.29981836676597595,0.30366626381874084,0.29981836676597595,-0.0038478970527648926,0.6680207848548889,0.037577804177999496,0.18935313820838928
test,C0,15,2026_08_18_00_54_32_747715_L3_left_C0,left,pick up the left block,pick up the red block,L3,red,right,left,9,postgrasp,136,141,5,1.0,1.0,7,8,0.3,0.7,8,0.31136035919189453,0.30629900097846985,0.31136035919189453,0.30629900097846985,-0.005061358213424683,0.6680207848548889,0.037577804177999496,0.18935313820838928
test,C0,15,2026_08_18_00_54_32_747715_L3_left_C0,left,pick up the left block,pick up the red block,L3,red,right,left,9,postgrasp,136,141,5,1.0,1.0,8,8,0.3,0.7,8,0.3287682831287384,0.32611608505249023,0.3287682831287384,0.32611608505249023,-0.002652198076248169,0.6680207848548889,0.037577804177999496,0.18935313820838928
test,C0,15,2026_08_18_00_54_32_747715_L3_left_C0,left,pick up the left block,pick up the red block,L3,red,right,left,9,postgrasp,136,141,5,1.0,1.0,9,8,0.3,0.7,8,0.28195542097091675,0.2802811861038208,0.28195542097091675,0.2802811861038208,-0.0016742348670959473,0.6680207848548889,0.037577804177999496,0.18935313820838928
test,C1,16,2026_08_18_00_55_01_843645_L3_left_C1,left,pick up the left block,pick up the red block,L3,red,right,left,0,pregrasp,0,16,16,0.12121212121212122,0.10457516339869281,0,8,0.3,0.7,8,0.3304886519908905,0.41779428720474243,0.3304886519908905,0.41779428720474243,0.08730563521385193,0.37314075231552124,0.023768117651343346,0.4784599244594574
test,C1,16,2026_08_18_00_55_01_843645_L3_left_C1,left,pick up the left block,pick up the red block,L3,red,right,left,0,pregrasp,0,16,16,0.12121212121212122,0.10457516339869281,1,8,0.3,0.7,8,0.30729642510414124,0.340698778629303,0.30729642510414124,0.340698778629303,0.03340235352516174,0.37314075231552124,0.023768117651343346,0.4784599244594574
test,C1,16,2026_08_18_00_55_01_843645_L3_left_C1,left,pick up the left block,pick up the red block,L3,red,right,left,0,pregrasp,0,16,16,0.12121212121212122,0.10457516339869281,2,8,0.3,0.7,8,0.3869810104370117,0.3917959928512573,0.3869810104370117,0.3917959928512573,0.0048149824142456055,0.37314075231552124,0.023768117651343346,0.4784599244594574
test,C1,16,2026_08_18_00_55_01_843645_L3_left_C1,left,pick up the left block,pick up the red block,L3,red,right,left,0,pregrasp,0,16,16,0.12121212121212122,0.10457516339869281,3,8,0.3,0.7,8,0.38256531953811646,0.3939931094646454,0.38256531953811646,0.3939931094646454,0.01142778992652893,0.37314075231552124,0.023768117651343346,0.4784599244594574
test,C1,16,2026_08_18_00_55_01_843645_L3_left_C1,left,pick up the left block,pick up the red block,L3,red,right,left,0,pregrasp,0,16,16,0.12121212121212122,0.10457516339869281,4,8,0.3,0.7,8,0.40799713134765625,0.454342246055603,0.40799713134765625,0.454342246055603,0.04634511470794678,0.37314075231552124,0.023768117651343346,0.4784599244594574
test,C1,16,2026_08_18_00_55_01_843645_L3_left_C1,left,pick up the left block,pick up the red block,L3,red,right,left,0,pregrasp,0,16,16,0.12121212121212122,0.10457516339869281,5,8,0.3,0.7,8,0.36859726905822754,0.4359806180000305,0.36859726905822754,0.4359806180000305,0.06738334894180298,0.37314075231552124,0.023768117651343346,0.4784599244594574
test,C1,16,2026_08_18_00_55_01_843645_L3_left_C1,left,pick up the left block,pick up the red block,L3,red,right,left,0,pregrasp,0,16,16,0.12121212121212122,0.10457516339869281,6,8,0.3,0.7,8,0.30972182750701904,0.3826579451560974,0.30972182750701904,0.3826579451560974,0.07293611764907837,0.37314075231552124,0.023768117651343346,0.4784599244594574
test,C1,16,2026_08_18_00_55_01_843645_L3_left_C1,left,pick up the left block,pick up the red block,L3,red,right,left,0,pregrasp,0,16,16,0.12121212121212122,0.10457516339869281,7,8,0.3,0.7,8,0.35415029525756836,0.43396177887916565,0.35415029525756836,0.43396177887916565,0.07981148362159729,0.37314075231552124,0.023768117651343346,0.4784599244594574
test,C1,16,2026_08_18_00_55_01_843645_L3_left_C1,left,pick up the left block,pick up the red block,L3,red,right,left,0,pregrasp,0,16,16,0.12121212121212122,0.10457516339869281,8,8,0.3,0.7,8,0.38996440172195435,0.3890596628189087,0.38996440172195435,0.3890596628189087,-0.0009047389030456543,0.37314075231552124,0.023768117651343346,0.4784599244594574
test,C1,16,2026_08_18_00_55_01_843645_L3_left_C1,left,pick up the left block,pick up the red block,L3,red,right,left,0,pregrasp,0,16,16,0.12121212121212122,0.10457516339869281,9,8,0.3,0.7,8,0.33554545044898987,0.39521241188049316,0.33554545044898987,0.39521241188049316,0.059666961431503296,0.37314075231552124,0.023768117651343346,0.4784599244594574
test,C1,16,2026_08_18_00_55_01_843645_L3_left_C1,left,pick up the left block,pick up the red block,L3,red,right,left,1,pregrasp,16,32,16,0.24242424242424243,0.20915032679738563,0,8,0.3,0.7,8,0.26846471428871155,0.35098838806152344,0.26846471428871155,0.35098838806152344,0.08252367377281189,0.4038473963737488,0.0703820139169693,0.43927133083343506
test,C1,16,2026_08_18_00_55_01_843645_L3_left_C1,left,pick up the left block,pick up the red block,L3,red,right,left,1,pregrasp,16,32,16,0.24242424242424243,0.20915032679738563,1,8,0.3,0.7,8,0.258590430021286,0.30711236596107483,0.258590430021286,0.30711236596107483,0.04852193593978882,0.4038473963737488,0.0703820139169693,0.43927133083343506
test,C1,16,2026_08_18_00_55_01_843645_L3_left_C1,left,pick up the left block,pick up the red block,L3,red,right,left,1,pregrasp,16,32,16,0.24242424242424243,0.20915032679738563,2,8,0.3,0.7,8,0.2700381577014923,0.3424224853515625,0.2700381577014923,0.3424224853515625,0.07238432765007019,0.4038473963737488,0.0703820139169693,0.43927133083343506
test,C1,16,2026_08_18_00_55_01_843645_L3_left_C1,left,pick up the left block,pick up the red block,L3,red,right,left,1,pregrasp,16,32,16,0.24242424242424243,0.20915032679738563,3,8,0.3,0.7,8,0.20615971088409424,0.24200886487960815,0.20615971088409424,0.24200886487960815,0.035849153995513916,0.4038473963737488,0.0703820139169693,0.43927133083343506
test,C1,16,2026_08_18_00_55_01_843645_L3_left_C1,left,pick up the left block,pick up the red block,L3,red,right,left,1,pregrasp,16,32,16,0.24242424242424243,0.20915032679738563,4,8,0.3,0.7,8,0.2325461208820343,0.296818345785141,0.2325461208820343,0.296818345785141,0.06427222490310669,0.4038473963737488,0.0703820139169693,0.43927133083343506
test,C1,16,2026_08_18_00_55_01_843645_L3_left_C1,left,pick up the left block,pick up the red block,L3,red,right,left,1,pregrasp,16,32,16,0.24242424242424243,0.20915032679738563,5,8,0.3,0.7,8,0.24226349592208862,0.32864272594451904,0.24226349592208862,0.32864272594451904,0.08637923002243042,0.4038473963737488,0.0703820139169693,0.43927133083343506
test,C1,16,2026_08_18_00_55_01_843645_L3_left_C1,left,pick up the left block,pick up the red block,L3,red,right,left,1,pregrasp,16,32,16,0.24242424242424243,0.20915032679738563,6,8,0.3,0.7,8,0.17243774235248566,0.19451628625392914,0.17243774235248566,0.19451628625392914,0.02207854390144348,0.4038473963737488,0.0703820139169693,0.43927133083343506
test,C1,16,2026_08_18_00_55_01_843645_L3_left_C1,left,pick up the left block,pick up the red block,L3,red,right,left,1,pregrasp,16,32,16,0.24242424242424243,0.20915032679738563,7,8,0.3,0.7,8,0.14138343930244446,0.2100788801908493,0.14138343930244446,0.2100788801908493,0.06869544088840485,0.4038473963737488,0.0703820139169693,0.43927133083343506
test,C1,16,2026_08_18_00_55_01_843645_L3_left_C1,left,pick up the left block,pick up the red block,L3,red,right,left,1,pregrasp,16,32,16,0.24242424242424243,0.20915032679738563,8,8,0.3,0.7,8,0.2783794701099396,0.32848963141441345,0.2783794701099396,0.32848963141441345,0.05011016130447388,0.4038473963737488,0.0703820139169693,0.43927133083343506
test,C1,16,2026_08_18_00_55_01_843645_L3_left_C1,left,pick up the left block,pick up the red block,L3,red,right,left,1,pregrasp,16,32,16,0.24242424242424243,0.20915032679738563,9,8,0.3,0.7,8,0.2595621347427368,0.355441153049469,0.2595621347427368,0.355441153049469,0.09587901830673218,0.4038473963737488,0.0703820139169693,0.43927133083343506
test,C1,16,2026_08_18_00_55_01_843645_L3_left_C1,left,pick up the left block,pick up the red block,L3,red,right,left,2,pregrasp,32,48,16,0.36363636363636365,0.3137254901960784,0,8,0.3,0.7,8,0.19393682479858398,0.23743191361427307,0.19393682479858398,0.23743191361427307,0.04349508881568909,0.44933807849884033,0.09989716112613678,0.3961505889892578
test,C1,16,2026_08_18_00_55_01_843645_L3_left_C1,left,pick up the left block,pick up the red block,L3,red,right,left,2,pregrasp,32,48,16,0.36363636363636365,0.3137254901960784,1,8,0.3,0.7,8,0.21612785756587982,0.24286460876464844,0.21612785756587982,0.24286460876464844,0.026736751198768616,0.44933807849884033,0.09989716112613678,0.3961505889892578
test,C1,16,2026_08_18_00_55_01_843645_L3_left_C1,left,pick up the left block,pick up the red block,L3,red,right,left,2,pregrasp,32,48,16,0.36363636363636365,0.3137254901960784,2,8,0.3,0.7,8,0.19143931567668915,0.2360251545906067,0.19143931567668915,0.2360251545906067,0.04458583891391754,0.44933807849884033,0.09989716112613678,0.3961505889892578
test,C1,16,2026_08_18_00_55_01_843645_L3_left_C1,left,pick up the left block,pick up the red block,L3,red,right,left,2,pregrasp,32,48,16,0.36363636363636365,0.3137254901960784,3,8,0.3,0.7,8,0.23678329586982727,0.2952198088169098,0.23678329586982727,0.2952198088169098,0.05843651294708252,0.44933807849884033,0.09989716112613678,0.3961505889892578
test,C1,16,2026_08_18_00_55_01_843645_L3_left_C1,left,pick up the left block,pick up the red block,L3,red,right,left,2,pregrasp,32,48,16,0.36363636363636365,0.3137254901960784,4,8,0.3,0.7,8,0.19739983975887299,0.2307332158088684,0.19739983975887299,0.2307332158088684,0.03333337604999542,0.44933807849884033,0.09989716112613678,0.3961505889892578
test,C1,16,2026_08_18_00_55_01_843645_L3_left_C1,left,pick up the left block,pick up the red block,L3,red,right,left,2,pregrasp,32,48,16,0.36363636363636365,0.3137254901960784,5,8,0.3,0.7,8,0.20114098489284515,0.2189403474330902,0.20114098489284515,0.2189403474330902,0.017799362540245056,0.44933807849884033,0.09989716112613678,0.3961505889892578
test,C1,16,2026_08_18_00_55_01_843645_L3_left_C1,left,pick up the left block,pick up the red block,L3,red,right,left,2,pregrasp,32,48,16,0.36363636363636365,0.3137254901960784,6,8,0.3,0.7,8,0.1669318526983261,0.15876121819019318,0.1669318526983261,0.15876121819019318,-0.008170634508132935,0.44933807849884033,0.09989716112613678,0.3961505889892578
test,C1,16,2026_08_18_00_55_01_843645_L3_left_C1,left,pick up the left block,pick up the red block,L3,red,right,left,2,pregrasp,32,48,16,0.36363636363636365,0.3137254901960784,7,8,0.3,0.7,8,0.20597223937511444,0.2439928501844406,0.20597223937511444,0.2439928501844406,0.03802061080932617,0.44933807849884033,0.09989716112613678,0.3961505889892578
test,C1,16,2026_08_18_00_55_01_843645_L3_left_C1,left,pick up the left block,pick up the red block,L3,red,right,left,2,pregrasp,32,48,16,0.36363636363636365,0.3137254901960784,8,8,0.3,0.7,8,0.21012760698795319,0.239059180021286,0.21012760698795319,0.239059180021286,0.028931573033332825,0.44933807849884033,0.09989716112613678,0.3961505889892578
test,C1,16,2026_08_18_00_55_01_843645_L3_left_C1,left,pick up the left block,pick up the red block,L3,red,right,left,2,pregrasp,32,48,16,0.36363636363636365,0.3137254901960784,9,8,0.3,0.7,8,0.2970236539840698,0.3548269271850586,0.2970236539840698,0.3548269271850586,0.05780327320098877,0.44933807849884033,0.09989716112613678,0.3961505889892578
test,C1,16,2026_08_18_00_55_01_843645_L3_left_C1,left,pick up the left block,pick up the red block,L3,red,right,left,3,pregrasp,48,64,16,0.48484848484848486,0.41830065359477125,0,8,0.3,0.7,8,0.27144572138786316,0.2732085585594177,0.27144572138786316,0.2732085585594177,0.0017628371715545654,0.4987024962902069,0.11113292723894119,0.3484199643135071
test,C1,16,2026_08_18_00_55_01_843645_L3_left_C1,left,pick up the left block,pick up the red block,L3,red,right,left,3,pregrasp,48,64,16,0.48484848484848486,0.41830065359477125,1,8,0.3,0.7,8,0.16468825936317444,0.15943647921085358,0.16468825936317444,0.15943647921085358,-0.005251780152320862,0.4987024962902069,0.11113292723894119,0.3484199643135071
test,C1,16,2026_08_18_00_55_01_843645_L3_left_C1,left,pick up the left block,pick up the red block,L3,red,right,left,3,pregrasp,48,64,16,0.48484848484848486,0.41830065359477125,2,8,0.3,0.7,8,0.16820280253887177,0.16695423424243927,0.16820280253887177,0.16695423424243927,-0.0012485682964324951,0.4987024962902069,0.11113292723894119,0.3484199643135071
test,C1,16,2026_08_18_00_55_01_843645_L3_left_C1,left,pick up the left block,pick up the red block,L3,red,right,left,3,pregrasp,48,64,16,0.48484848484848486,0.41830065359477125,3,8,0.3,0.7,8,0.2135295420885086,0.2170867919921875,0.2135295420885086,0.2170867919921875,0.003557249903678894,0.4987024962902069,0.11113292723894119,0.3484199643135071
test,C1,16,2026_08_18_00_55_01_843645_L3_left_C1,left,pick up the left block,pick up the red block,L3,red,right,left,3,pregrasp,48,64,16,0.48484848484848486,0.41830065359477125,4,8,0.3,0.7,8,0.24434106051921844,0.2639825940132141,0.24434106051921844,0.2639825940132141,0.019641533493995667,0.4987024962902069,0.11113292723894119,0.3484199643135071
test,C1,16,2026_08_18_00_55_01_843645_L3_left_C1,left,pick up the left block,pick up the red block,L3,red,right,left,3,pregrasp,48,64,16,0.48484848484848486,0.41830065359477125,5,8,0.3,0.7,8,0.23206257820129395,0.2506874203681946,0.23206257820129395,0.2506874203681946,0.018624842166900635,0.4987024962902069,0.11113292723894119,0.3484199643135071
test,C1,16,2026_08_18_00_55_01_843645_L3_left_C1,left,pick up the left block,pick up the red block,L3,red,right,left,3,pregrasp,48,64,16,0.48484848484848486,0.41830065359477125,6,8,0.3,0.7,8,0.2549978792667389,0.2640998661518097,0.2549978792667389,0.2640998661518097,0.0091019868850708,0.4987024962902069,0.11113292723894119,0.3484199643135071
test,C1,16,2026_08_18_00_55_01_843645_L3_left_C1,left,pick up the left block,pick up the red block,L3,red,right,left,3,pregrasp,48,64,16,0.48484848484848486,0.41830065359477125,7,8,0.3,0.7,8,0.18865394592285156,0.18452772498130798,0.18865394592285156,0.18452772498130798,-0.004126220941543579,0.4987024962902069,0.11113292723894119,0.3484199643135071
test,C1,16,2026_08_18_00_55_01_843645_L3_left_C1,left,pick up the left block,pick up the red block,L3,red,right,left,3,pregrasp,48,64,16,0.48484848484848486,0.41830065359477125,8,8,0.3,0.7,8,0.25351575016975403,0.2551690340042114,0.25351575016975403,0.2551690340042114,0.0016532838344573975,0.4987024962902069,0.11113292723894119,0.3484199643135071
test,C1,16,2026_08_18_00_55_01_843645_L3_left_C1,left,pick up the left block,pick up the red block,L3,red,right,left,3,pregrasp,48,64,16,0.48484848484848486,0.41830065359477125,9,8,0.3,0.7,8,0.15431001782417297,0.15612632036209106,0.15431001782417297,0.15612632036209106,0.0018163025379180908,0.4987024962902069,0.11113292723894119,0.3484199643135071
test,C1,16,2026_08_18_00_55_01_843645_L3_left_C1,left,pick up the left block,pick up the red block,L3,red,right,left,4,pregrasp,64,80,16,0.6060606060606061,0.5228758169934641,0,8,0.3,0.7,8,0.23374202847480774,0.22745190560817719,0.23374202847480774,0.22745190560817719,-0.006290122866630554,0.5481463670730591,0.10383964329957962,0.3011757433414459
test,C1,16,2026_08_18_00_55_01_843645_L3_left_C1,left,pick up the left block,pick up the red block,L3,red,right,left,4,pregrasp,64,80,16,0.6060606060606061,0.5228758169934641,1,8,0.3,0.7,8,0.16092658042907715,0.15081259608268738,0.16092658042907715,0.15081259608268738,-0.01011398434638977,0.5481463670730591,0.10383964329957962,0.3011757433414459
test,C1,16,2026_08_18_00_55_01_843645_L3_left_C1,left,pick up the left block,pick up the red block,L3,red,right,left,4,pregrasp,64,80,16,0.6060606060606061,0.5228758169934641,2,8,0.3,0.7,8,0.1972053498029709,0.17729675769805908,0.1972053498029709,0.17729675769805908,-0.019908592104911804,0.5481463670730591,0.10383964329957962,0.3011757433414459
test,C1,16,2026_08_18_00_55_01_843645_L3_left_C1,left,pick up the left block,pick up the red block,L3,red,right,left,4,pregrasp,64,80,16,0.6060606060606061,0.5228758169934641,3,8,0.3,0.7,8,0.14397364854812622,0.1358289122581482,0.14397364854812622,0.1358289122581482,-0.008144736289978027,0.5481463670730591,0.10383964329957962,0.3011757433414459
test,C1,16,2026_08_18_00_55_01_843645_L3_left_C1,left,pick up the left block,pick up the red block,L3,red,right,left,4,pregrasp,64,80,16,0.6060606060606061,0.5228758169934641,4,8,0.3,0.7,8,0.21473385393619537,0.21240292489528656,0.21473385393619537,0.21240292489528656,-0.0023309290409088135,0.5481463670730591,0.10383964329957962,0.3011757433414459
test,C1,16,2026_08_18_00_55_01_843645_L3_left_C1,left,pick up the left block,pick up the red block,L3,red,right,left,4,pregrasp,64,80,16,0.6060606060606061,0.5228758169934641,5,8,0.3,0.7,8,0.2339131385087967,0.23296886682510376,0.2339131385087967,0.23296886682510376,-0.0009442716836929321,0.5481463670730591,0.10383964329957962,0.3011757433414459
test,C1,16,2026_08_18_00_55_01_843645_L3_left_C1,left,pick up the left block,pick up the red block,L3,red,right,left,4,pregrasp,64,80,16,0.6060606060606061,0.5228758169934641,6,8,0.3,0.7,8,0.17499305307865143,0.16181007027626038,0.17499305307865143,0.16181007027626038,-0.013182982802391052,0.5481463670730591,0.10383964329957962,0.3011757433414459
test,C1,16,2026_08_18_00_55_01_843645_L3_left_C1,left,pick up the left block,pick up the red block,L3,red,right,left,4,pregrasp,64,80,16,0.6060606060606061,0.5228758169934641,7,8,0.3,0.7,8,0.1258799135684967,0.11465957760810852,0.1258799135684967,0.11465957760810852,-0.011220335960388184,0.5481463670730591,0.10383964329957962,0.3011757433414459
test,C1,16,2026_08_18_00_55_01_843645_L3_left_C1,left,pick up the left block,pick up the red block,L3,red,right,left,4,pregrasp,64,80,16,0.6060606060606061,0.5228758169934641,8,8,0.3,0.7,8,0.2992652654647827,0.3046068251132965,0.2992652654647827,0.3046068251132965,0.005341559648513794,0.5481463670730591,0.10383964329957962,0.3011757433414459
test,C1,16,2026_08_18_00_55_01_843645_L3_left_C1,left,pick up the left block,pick up the red block,L3,red,right,left,4,pregrasp,64,80,16,0.6060606060606061,0.5228758169934641,9,8,0.3,0.7,8,0.319198340177536,0.325239360332489,0.319198340177536,0.325239360332489,0.006041020154953003,0.5481463670730591,0.10383964329957962,0.3011757433414459
test,C1,16,2026_08_18_00_55_01_843645_L3_left_C1,left,pick up the left block,pick up the red block,L3,red,right,left,5,pregrasp,80,96,16,0.7272727272727273,0.6274509803921569,0,8,0.3,0.7,8,0.3088405132293701,0.3115067183971405,0.3088405132293701,0.3115067183971405,0.0026662051677703857,0.596831738948822,0.08435702323913574,0.2551853358745575
test,C1,16,2026_08_18_00_55_01_843645_L3_left_C1,left,pick up the left block,pick up the red block,L3,red,right,left,5,pregrasp,80,96,16,0.7272727272727273,0.6274509803921569,1,8,0.3,0.7,8,0.2212846428155899,0.22729624807834625,0.2212846428155899,0.22729624807834625,0.006011605262756348,0.596831738948822,0.08435702323913574,0.2551853358745575
test,C1,16,2026_08_18_00_55_01_843645_L3_left_C1,left,pick up the left block,pick up the red block,L3,red,right,left,5,pregrasp,80,96,16,0.7272727272727273,0.6274509803921569,2,8,0.3,0.7,8,0.1931750774383545,0.19539609551429749,0.1931750774383545,0.19539609551429749,0.002221018075942993,0.596831738948822,0.08435702323913574,0.2551853358745575
test,C1,16,2026_08_18_00_55_01_843645_L3_left_C1,left,pick up the left block,pick up the red block,L3,red,right,left,5,pregrasp,80,96,16,0.7272727272727273,0.6274509803921569,3,8,0.3,0.7,8,0.37185364961624146,0.37922292947769165,0.37185364961624146,0.37922292947769165,0.007369279861450195,0.596831738948822,0.08435702323913574,0.2551853358745575
test,C1,16,2026_08_18_00_55_01_843645_L3_left_C1,left,pick up the left block,pick up the red block,L3,red,right,left,5,pregrasp,80,96,16,0.7272727272727273,0.6274509803921569,4,8,0.3,0.7,8,0.37622421979904175,0.3826458156108856,0.37622421979904175,0.3826458156108856,0.006421595811843872,0.596831738948822,0.08435702323913574,0.2551853358745575
test,C1,16,2026_08_18_00_55_01_843645_L3_left_C1,left,pick up the left block,pick up the red block,L3,red,right,left,5,pregrasp,80,96,16,0.7272727272727273,0.6274509803921569,5,8,0.3,0.7,8,0.1754821538925171,0.17830820381641388,0.1754821538925171,0.17830820381641388,0.0028260499238967896,0.596831738948822,0.08435702323913574,0.2551853358745575
test,C1,16,2026_08_18_00_55_01_843645_L3_left_C1,left,pick up the left block,pick up the red block,L3,red,right,left,5,pregrasp,80,96,16,0.7272727272727273,0.6274509803921569,6,8,0.3,0.7,8,0.23919638991355896,0.24626725912094116,0.23919638991355896,0.24626725912094116,0.007070869207382202,0.596831738948822,0.08435702323913574,0.2551853358745575
test,C1,16,2026_08_18_00_55_01_843645_L3_left_C1,left,pick up the left block,pick up the red block,L3,red,right,left,5,pregrasp,80,96,16,0.7272727272727273,0.6274509803921569,7,8,0.3,0.7,8,0.3520899713039398,0.3591127395629883,0.3520899713039398,0.3591127395629883,0.007022768259048462,0.596831738948822,0.08435702323913574,0.2551853358745575
test,C1,16,2026_08_18_00_55_01_843645_L3_left_C1,left,pick up the left block,pick up the red block,L3,red,right,left,5,pregrasp,80,96,16,0.7272727272727273,0.6274509803921569,8,8,0.3,0.7,8,0.3553236722946167,0.36046701669692993,0.3553236722946167,0.36046701669692993,0.005143344402313232,0.596831738948822,0.08435702323913574,0.2551853358745575
test,C1,16,2026_08_18_00_55_01_843645_L3_left_C1,left,pick up the left block,pick up the red block,L3,red,right,left,5,pregrasp,80,96,16,0.7272727272727273,0.6274509803921569,9,8,0.3,0.7,8,0.2750264108181,0.2793486714363098,0.2750264108181,0.2793486714363098,0.004322260618209839,0.596831738948822,0.08435702323913574,0.2551853358745575
test,C1,16,2026_08_18_00_55_01_843645_L3_left_C1,left,pick up the left block,pick up the red block,L3,red,right,left,6,pregrasp,96,112,16,0.8484848484848485,0.7320261437908496,0,8,0.3,0.7,8,0.40556013584136963,0.384141743183136,0.40556013584136963,0.384141743183136,-0.021418392658233643,0.6440654993057251,0.0575903058052063,0.2105741649866104
test,C1,16,2026_08_18_00_55_01_843645_L3_left_C1,left,pick up the left block,pick up the red block,L3,red,right,left,6,pregrasp,96,112,16,0.8484848484848485,0.7320261437908496,1,8,0.3,0.7,8,0.3289928436279297,0.3159588575363159,0.3289928436279297,0.3159588575363159,-0.01303398609161377,0.6440654993057251,0.0575903058052063,0.2105741649866104
test,C1,16,2026_08_18_00_55_01_843645_L3_left_C1,left,pick up the left block,pick up the red block,L3,red,right,left,6,pregrasp,96,112,16,0.8484848484848485,0.7320261437908496,2,8,0.3,0.7,8,0.25002342462539673,0.23361459374427795,0.25002342462539673,0.23361459374427795,-0.016408830881118774,0.6440654993057251,0.0575903058052063,0.2105741649866104
test,C1,16,2026_08_18_00_55_01_843645_L3_left_C1,left,pick up the left block,pick up the red block,L3,red,right,left,6,pregrasp,96,112,16,0.8484848484848485,0.7320261437908496,3,8,0.3,0.7,8,0.1817760169506073,0.17723456025123596,0.1817760169506073,0.17723456025123596,-0.004541456699371338,0.6440654993057251,0.0575903058052063,0.2105741649866104
test,C1,16,2026_08_18_00_55_01_843645_L3_left_C1,left,pick up the left block,pick up the red block,L3,red,right,left,6,pregrasp,96,112,16,0.8484848484848485,0.7320261437908496,4,8,0.3,0.7,8,0.2885344326496124,0.27166181802749634,0.2885344326496124,0.27166181802749634,-0.01687261462211609,0.6440654993057251,0.0575903058052063,0.2105741649866104
test,C1,16,2026_08_18_00_55_01_843645_L3_left_C1,left,pick up the left block,pick up the red block,L3,red,right,left,6,pregrasp,96,112,16,0.8484848484848485,0.7320261437908496,5,8,0.3,0.7,8,0.1896054744720459,0.1909952610731125,0.1896054744720459,0.1909952610731125,0.0013897866010665894,0.6440654993057251,0.0575903058052063,0.2105741649866104
test,C1,16,2026_08_18_00_55_01_843645_L3_left_C1,left,pick up the left block,pick up the red block,L3,red,right,left,6,pregrasp,96,112,16,0.8484848484848485,0.7320261437908496,6,8,0.3,0.7,8,0.28384774923324585,0.2738935351371765,0.28384774923324585,0.2738935351371765,-0.009954214096069336,0.6440654993057251,0.0575903058052063,0.2105741649866104
test,C1,16,2026_08_18_00_55_01_843645_L3_left_C1,left,pick up the left block,pick up the red block,L3,red,right,left,6,pregrasp,96,112,16,0.8484848484848485,0.7320261437908496,7,8,0.3,0.7,8,0.33285805583000183,0.31964704394340515,0.33285805583000183,0.31964704394340515,-0.01321101188659668,0.6440654993057251,0.0575903058052063,0.2105741649866104
test,C1,16,2026_08_18_00_55_01_843645_L3_left_C1,left,pick up the left block,pick up the red block,L3,red,right,left,6,pregrasp,96,112,16,0.8484848484848485,0.7320261437908496,8,8,0.3,0.7,8,0.3242754638195038,0.31637898087501526,0.3242754638195038,0.31637898087501526,-0.007896482944488525,0.6440654993057251,0.0575903058052063,0.2105741649866104
test,C1,16,2026_08_18_00_55_01_843645_L3_left_C1,left,pick up the left block,pick up the red block,L3,red,right,left,6,pregrasp,96,112,16,0.8484848484848485,0.7320261437908496,9,8,0.3,0.7,8,0.24076834321022034,0.22857961058616638,0.24076834321022034,0.22857961058616638,-0.012188732624053955,0.6440654993057251,0.0575903058052063,0.2105741649866104
test,C1,16,2026_08_18_00_55_01_843645_L3_left_C1,left,pick up the left block,pick up the red block,L3,red,right,left,7,pregrasp,112,128,16,0.9696969696969697,0.8366013071895425,0,8,0.3,0.7,8,0.20912668108940125,0.19536092877388,0.20912668108940125,0.19536092877388,-0.01376575231552124,0.666901707649231,0.0455833375453949,0.18924447894096375
test,C1,16,2026_08_18_00_55_01_843645_L3_left_C1,left,pick up the left block,pick up the red block,L3,red,right,left,7,pregrasp,112,128,16,0.9696969696969697,0.8366013071895425,1,8,0.3,0.7,8,0.32195621728897095,0.31165778636932373,0.32195621728897095,0.31165778636932373,-0.010298430919647217,0.666901707649231,0.0455833375453949,0.18924447894096375
test,C1,16,2026_08_18_00_55_01_843645_L3_left_C1,left,pick up the left block,pick up the red block,L3,red,right,left,7,pregrasp,112,128,16,0.9696969696969697,0.8366013071895425,2,8,0.3,0.7,8,0.26275065541267395,0.24986663460731506,0.26275065541267395,0.24986663460731506,-0.012884020805358887,0.666901707649231,0.0455833375453949,0.18924447894096375
test,C1,16,2026_08_18_00_55_01_843645_L3_left_C1,left,pick up the left block,pick up the red block,L3,red,right,left,7,pregrasp,112,128,16,0.9696969696969697,0.8366013071895425,3,8,0.3,0.7,8,0.19050058722496033,0.17967544496059418,0.19050058722496033,0.17967544496059418,-0.01082514226436615,0.666901707649231,0.0455833375453949,0.18924447894096375
test,C1,16,2026_08_18_00_55_01_843645_L3_left_C1,left,pick up the left block,pick up the red block,L3,red,right,left,7,pregrasp,112,128,16,0.9696969696969697,0.8366013071895425,4,8,0.3,0.7,8,0.20760773122310638,0.19770677387714386,0.20760773122310638,0.19770677387714386,-0.009900957345962524,0.666901707649231,0.0455833375453949,0.18924447894096375
test,C1,16,2026_08_18_00_55_01_843645_L3_left_C1,left,pick up the left block,pick up the red block,L3,red,right,left,7,pregrasp,112,128,16,0.9696969696969697,0.8366013071895425,5,8,0.3,0.7,8,0.20792759954929352,0.19246727228164673,0.20792759954929352,0.19246727228164673,-0.01546032726764679,0.666901707649231,0.0455833375453949,0.18924447894096375
test,C1,16,2026_08_18_00_55_01_843645_L3_left_C1,left,pick up the left block,pick up the red block,L3,red,right,left,7,pregrasp,112,128,16,0.9696969696969697,0.8366013071895425,6,8,0.3,0.7,8,0.21783693134784698,0.20262956619262695,0.21783693134784698,0.20262956619262695,-0.015207365155220032,0.666901707649231,0.0455833375453949,0.18924447894096375
test,C1,16,2026_08_18_00_55_01_843645_L3_left_C1,left,pick up the left block,pick up the red block,L3,red,right,left,7,pregrasp,112,128,16,0.9696969696969697,0.8366013071895425,7,8,0.3,0.7,8,0.24814578890800476,0.23357075452804565,0.24814578890800476,0.23357075452804565,-0.014575034379959106,0.666901707649231,0.0455833375453949,0.18924447894096375
test,C1,16,2026_08_18_00_55_01_843645_L3_left_C1,left,pick up the left block,pick up the red block,L3,red,right,left,7,pregrasp,112,128,16,0.9696969696969697,0.8366013071895425,8,8,0.3,0.7,8,0.17264366149902344,0.16319799423217773,0.17264366149902344,0.16319799423217773,-0.009445667266845703,0.666901707649231,0.0455833375453949,0.18924447894096375
test,C1,16,2026_08_18_00_55_01_843645_L3_left_C1,left,pick up the left block,pick up the red block,L3,red,right,left,7,pregrasp,112,128,16,0.9696969696969697,0.8366013071895425,9,8,0.3,0.7,8,0.276703417301178,0.2656330168247223,0.276703417301178,0.2656330168247223,-0.011070400476455688,0.666901707649231,0.0455833375453949,0.18924447894096375
test,C1,16,2026_08_18_00_55_01_843645_L3_left_C1,left,pick up the left block,pick up the red block,L3,red,right,left,8,pregrasp,128,132,4,1.0,0.8627450980392157,0,8,0.3,0.7,8,0.3142041265964508,0.31792405247688293,0.3142041265964508,0.31792405247688293,0.003719925880432129,0.6669310331344604,0.04557722806930542,0.18925757706165314
test,C1,16,2026_08_18_00_55_01_843645_L3_left_C1,left,pick up the left block,pick up the red block,L3,red,right,left,8,pregrasp,128,132,4,1.0,0.8627450980392157,1,8,0.3,0.7,8,0.26163238286972046,0.2655988931655884,0.26163238286972046,0.2655988931655884,0.00396651029586792,0.6669310331344604,0.04557722806930542,0.18925757706165314
test,C1,16,2026_08_18_00_55_01_843645_L3_left_C1,left,pick up the left block,pick up the red block,L3,red,right,left,8,pregrasp,128,132,4,1.0,0.8627450980392157,2,8,0.3,0.7,8,0.1733502447605133,0.1762576401233673,0.1733502447605133,0.1762576401233673,0.002907395362854004,0.6669310331344604,0.04557722806930542,0.18925757706165314
test,C1,16,2026_08_18_00_55_01_843645_L3_left_C1,left,pick up the left block,pick up the red block,L3,red,right,left,8,pregrasp,128,132,4,1.0,0.8627450980392157,3,8,0.3,0.7,8,0.1163884773850441,0.11833066493272781,0.1163884773850441,0.11833066493272781,0.0019421875476837158,0.6669310331344604,0.04557722806930542,0.18925757706165314
test,C1,16,2026_08_18_00_55_01_843645_L3_left_C1,left,pick up the left block,pick up the red block,L3,red,right,left,8,pregrasp,128,132,4,1.0,0.8627450980392157,4,8,0.3,0.7,8,0.27365708351135254,0.27657634019851685,0.27365708351135254,0.27657634019851685,0.0029192566871643066,0.6669310331344604,0.04557722806930542,0.18925757706165314
test,C1,16,2026_08_18_00_55_01_843645_L3_left_C1,left,pick up the left block,pick up the red block,L3,red,right,left,8,pregrasp,128,132,4,1.0,0.8627450980392157,5,8,0.3,0.7,8,0.21642039716243744,0.2191406637430191,0.21642039716243744,0.2191406637430191,0.002720266580581665,0.6669310331344604,0.04557722806930542,0.18925757706165314
test,C1,16,2026_08_18_00_55_01_843645_L3_left_C1,left,pick up the left block,pick up the red block,L3,red,right,left,8,pregrasp,128,132,4,1.0,0.8627450980392157,6,8,0.3,0.7,8,0.1235651969909668,0.1258322298526764,0.1235651969909668,0.1258322298526764,0.0022670328617095947,0.6669310331344604,0.04557722806930542,0.18925757706165314
test,C1,16,2026_08_18_00_55_01_843645_L3_left_C1,left,pick up the left block,pick up the red block,L3,red,right,left,8,pregrasp,128,132,4,1.0,0.8627450980392157,7,8,0.3,0.7,8,0.25269272923469543,0.2554026246070862,0.25269272923469543,0.2554026246070862,0.002709895372390747,0.6669310331344604,0.04557722806930542,0.18925757706165314
test,C1,16,2026_08_18_00_55_01_843645_L3_left_C1,left,pick up the left block,pick up the red block,L3,red,right,left,8,pregrasp,128,132,4,1.0,0.8627450980392157,8,8,0.3,0.7,8,0.16983701288700104,0.17209520936012268,0.16983701288700104,0.17209520936012268,0.002258196473121643,0.6669310331344604,0.04557722806930542,0.18925757706165314
test,C1,16,2026_08_18_00_55_01_843645_L3_left_C1,left,pick up the left block,pick up the red block,L3,red,right,left,8,pregrasp,128,132,4,1.0,0.8627450980392157,9,8,0.3,0.7,8,0.27166852355003357,0.2738610506057739,0.27166852355003357,0.2738610506057739,0.0021925270557403564,0.6669310331344604,0.04557722806930542,0.18925757706165314
test,C1,16,2026_08_18_00_55_01_843645_L3_left_C1,left,pick up the left block,pick up the red block,L3,red,right,left,9,postgrasp,132,148,16,1.0,0.9673202614379085,0,8,0.3,0.7,8,0.3137509822845459,0.3151053190231323,0.3137509822845459,0.3151053190231323,0.0013543367385864258,0.6674745678901672,0.04517792537808418,0.189780592918396
test,C1,16,2026_08_18_00_55_01_843645_L3_left_C1,left,pick up the left block,pick up the red block,L3,red,right,left,9,postgrasp,132,148,16,1.0,0.9673202614379085,1,8,0.3,0.7,8,0.32069700956344604,0.32157808542251587,0.32069700956344604,0.32157808542251587,0.0008810758590698242,0.6674745678901672,0.04517792537808418,0.189780592918396
test,C1,16,2026_08_18_00_55_01_843645_L3_left_C1,left,pick up the left block,pick up the red block,L3,red,right,left,9,postgrasp,132,148,16,1.0,0.9673202614379085,2,8,0.3,0.7,8,0.30417168140411377,0.3075050711631775,0.30417168140411377,0.3075050711631775,0.0033333897590637207,0.6674745678901672,0.04517792537808418,0.189780592918396
test,C1,16,2026_08_18_00_55_01_843645_L3_left_C1,left,pick up the left block,pick up the red block,L3,red,right,left,9,postgrasp,132,148,16,1.0,0.9673202614379085,3,8,0.3,0.7,8,0.3362555503845215,0.33772674202919006,0.3362555503845215,0.33772674202919006,0.001471191644668579,0.6674745678901672,0.04517792537808418,0.189780592918396
test,C1,16,2026_08_18_00_55_01_843645_L3_left_C1,left,pick up the left block,pick up the red block,L3,red,right,left,9,postgrasp,132,148,16,1.0,0.9673202614379085,4,8,0.3,0.7,8,0.3001648187637329,0.3006478250026703,0.3001648187637329,0.3006478250026703,0.00048300623893737793,0.6674745678901672,0.04517792537808418,0.189780592918396
test,C1,16,2026_08_18_00_55_01_843645_L3_left_C1,left,pick up the left block,pick up the red block,L3,red,right,left,9,postgrasp,132,148,16,1.0,0.9673202614379085,5,8,0.3,0.7,8,0.3406541049480438,0.34258973598480225,0.3406541049480438,0.34258973598480225,0.0019356310367584229,0.6674745678901672,0.04517792537808418,0.189780592918396
test,C1,16,2026_08_18_00_55_01_843645_L3_left_C1,left,pick up the left block,pick up the red block,L3,red,right,left,9,postgrasp,132,148,16,1.0,0.9673202614379085,6,8,0.3,0.7,8,0.2816929817199707,0.2838708460330963,0.2816929817199707,0.2838708460330963,0.0021778643131256104,0.6674745678901672,0.04517792537808418,0.189780592918396
test,C1,16,2026_08_18_00_55_01_843645_L3_left_C1,left,pick up the left block,pick up the red block,L3,red,right,left,9,postgrasp,132,148,16,1.0,0.9673202614379085,7,8,0.3,0.7,8,0.3118042051792145,0.3137861490249634,0.3118042051792145,0.3137861490249634,0.0019819438457489014,0.6674745678901672,0.04517792537808418,0.189780592918396
test,C1,16,2026_08_18_00_55_01_843645_L3_left_C1,left,pick up the left block,pick up the red block,L3,red,right,left,9,postgrasp,132,148,16,1.0,0.9673202614379085,8,8,0.3,0.7,8,0.3297649621963501,0.3312373459339142,0.3297649621963501,0.3312373459339142,0.001472383737564087,0.6674745678901672,0.04517792537808418,0.189780592918396
test,C1,16,2026_08_18_00_55_01_843645_L3_left_C1,left,pick up the left block,pick up the red block,L3,red,right,left,9,postgrasp,132,148,16,1.0,0.9673202614379085,9,8,0.3,0.7,8,0.3447909355163574,0.3472200930118561,0.3447909355163574,0.3472200930118561,0.0024291574954986572,0.6674745678901672,0.04517792537808418,0.189780592918396
test,C1,16,2026_08_18_00_55_01_843645_L3_left_C1,left,pick up the left block,pick up the red block,L3,red,right,left,10,postgrasp,148,153,5,1.0,1.0,0,8,0.3,0.7,8,0.2656194269657135,0.26632851362228394,0.2656194269657135,0.26632851362228394,0.0007090866565704346,0.6674746870994568,0.04517439752817154,0.18977776169776917
test,C1,16,2026_08_18_00_55_01_843645_L3_left_C1,left,pick up the left block,pick up the red block,L3,red,right,left,10,postgrasp,148,153,5,1.0,1.0,1,8,0.3,0.7,8,0.3184642195701599,0.3204804062843323,0.3184642195701599,0.3204804062843323,0.0020161867141723633,0.6674746870994568,0.04517439752817154,0.18977776169776917
test,C1,16,2026_08_18_00_55_01_843645_L3_left_C1,left,pick up the left block,pick up the red block,L3,red,right,left,10,postgrasp,148,153,5,1.0,1.0,2,8,0.3,0.7,8,0.3145928680896759,0.314012348651886,0.3145928680896759,0.314012348651886,-0.000580519437789917,0.6674746870994568,0.04517439752817154,0.18977776169776917
test,C1,16,2026_08_18_00_55_01_843645_L3_left_C1,left,pick up the left block,pick up the red block,L3,red,right,left,10,postgrasp,148,153,5,1.0,1.0,3,8,0.3,0.7,8,0.2649153172969818,0.26487085223197937,0.2649153172969818,0.26487085223197937,-4.4465065002441406e-05,0.6674746870994568,0.04517439752817154,0.18977776169776917
test,C1,16,2026_08_18_00_55_01_843645_L3_left_C1,left,pick up the left block,pick up the red block,L3,red,right,left,10,postgrasp,148,153,5,1.0,1.0,4,8,0.3,0.7,8,0.3160325586795807,0.3138278126716614,0.3160325586795807,0.3138278126716614,-0.0022047460079193115,0.6674746870994568,0.04517439752817154,0.18977776169776917
test,C1,16,2026_08_18_00_55_01_843645_L3_left_C1,left,pick up the left block,pick up the red block,L3,red,right,left,10,postgrasp,148,153,5,1.0,1.0,5,8,0.3,0.7,8,0.2927573025226593,0.2942199110984802,0.2927573025226593,0.2942199110984802,0.0014626085758209229,0.6674746870994568,0.04517439752817154,0.18977776169776917
test,C1,16,2026_08_18_00_55_01_843645_L3_left_C1,left,pick up the left block,pick up the red block,L3,red,right,left,10,postgrasp,148,153,5,1.0,1.0,6,8,0.3,0.7,8,0.3192055821418762,0.3192339837551117,0.3192055821418762,0.3192339837551117,2.8401613235473633e-05,0.6674746870994568,0.04517439752817154,0.18977776169776917
test,C1,16,2026_08_18_00_55_01_843645_L3_left_C1,left,pick up the left block,pick up the red block,L3,red,right,left,10,postgrasp,148,153,5,1.0,1.0,7,8,0.3,0.7,8,0.3209221363067627,0.3219314217567444,0.3209221363067627,0.3219314217567444,0.0010092854499816895,0.6674746870994568,0.04517439752817154,0.18977776169776917
test,C1,16,2026_08_18_00_55_01_843645_L3_left_C1,left,pick up the left block,pick up the red block,L3,red,right,left,10,postgrasp,148,153,5,1.0,1.0,8,8,0.3,0.7,8,0.34883803129196167,0.3518320918083191,0.34883803129196167,0.3518320918083191,0.002994060516357422,0.6674746870994568,0.04517439752817154,0.18977776169776917
test,C1,16,2026_08_18_00_55_01_843645_L3_left_C1,left,pick up the left block,pick up the red block,L3,red,right,left,10,postgrasp,148,153,5,1.0,1.0,9,8,0.3,0.7,8,0.4177459180355072,0.4194824993610382,0.4177459180355072,0.4194824993610382,0.0017365813255310059,0.6674746870994568,0.04517439752817154,0.18977776169776917
test,C2,17,2026_08_18_00_55_32_860317_L3_left_C2,left,pick up the left block,pick up the red block,L3,red,right,left,0,pregrasp,0,16,16,0.09142857142857143,0.08163265306122448,0,8,0.3,0.7,8,0.24602852761745453,0.35301637649536133,0.24602852761745453,0.35301637649536133,0.1069878488779068,0.36861270666122437,0.028996635228395462,0.48447126150131226
test,C2,17,2026_08_18_00_55_32_860317_L3_left_C2,left,pick up the left block,pick up the red block,L3,red,right,left,0,pregrasp,0,16,16,0.09142857142857143,0.08163265306122448,1,8,0.3,0.7,8,0.3466538190841675,0.3236795663833618,0.3466538190841675,0.3236795663833618,-0.022974252700805664,0.36861270666122437,0.028996635228395462,0.48447126150131226
test,C2,17,2026_08_18_00_55_32_860317_L3_left_C2,left,pick up the left block,pick up the red block,L3,red,right,left,0,pregrasp,0,16,16,0.09142857142857143,0.08163265306122448,2,8,0.3,0.7,8,0.4337286651134491,0.454679012298584,0.4337286651134491,0.454679012298584,0.020950347185134888,0.36861270666122437,0.028996635228395462,0.48447126150131226
test,C2,17,2026_08_18_00_55_32_860317_L3_left_C2,left,pick up the left block,pick up the red block,L3,red,right,left,0,pregrasp,0,16,16,0.09142857142857143,0.08163265306122448,3,8,0.3,0.7,8,0.3446795344352722,0.39478540420532227,0.3446795344352722,0.39478540420532227,0.05010586977005005,0.36861270666122437,0.028996635228395462,0.48447126150131226
test,C2,17,2026_08_18_00_55_32_860317_L3_left_C2,left,pick up the left block,pick up the red block,L3,red,right,left,0,pregrasp,0,16,16,0.09142857142857143,0.08163265306122448,4,8,0.3,0.7,8,0.3270292282104492,0.37259361147880554,0.3270292282104492,0.37259361147880554,0.04556438326835632,0.36861270666122437,0.028996635228395462,0.48447126150131226
test,C2,17,2026_08_18_00_55_32_860317_L3_left_C2,left,pick up the left block,pick up the red block,L3,red,right,left,0,pregrasp,0,16,16,0.09142857142857143,0.08163265306122448,5,8,0.3,0.7,8,0.319840669631958,0.33304649591445923,0.319840669631958,0.33304649591445923,0.01320582628250122,0.36861270666122437,0.028996635228395462,0.48447126150131226
test,C2,17,2026_08_18_00_55_32_860317_L3_left_C2,left,pick up the left block,pick up the red block,L3,red,right,left,0,pregrasp,0,16,16,0.09142857142857143,0.08163265306122448,6,8,0.3,0.7,8,0.35129907727241516,0.4265948534011841,0.35129907727241516,0.4265948534011841,0.07529577612876892,0.36861270666122437,0.028996635228395462,0.48447126150131226
test,C2,17,2026_08_18_00_55_32_860317_L3_left_C2,left,pick up the left block,pick up the red block,L3,red,right,left,0,pregrasp,0,16,16,0.09142857142857143,0.08163265306122448,7,8,0.3,0.7,8,0.3841007947921753,0.4340403974056244,0.3841007947921753,0.4340403974056244,0.0499396026134491,0.36861270666122437,0.028996635228395462,0.48447126150131226
test,C2,17,2026_08_18_00_55_32_860317_L3_left_C2,left,pick up the left block,pick up the red block,L3,red,right,left,0,pregrasp,0,16,16,0.09142857142857143,0.08163265306122448,8,8,0.3,0.7,8,0.3841797113418579,0.43208786845207214,0.3841797113418579,0.43208786845207214,0.04790815711021423,0.36861270666122437,0.028996635228395462,0.48447126150131226
test,C2,17,2026_08_18_00_55_32_860317_L3_left_C2,left,pick up the left block,pick up the red block,L3,red,right,left,0,pregrasp,0,16,16,0.09142857142857143,0.08163265306122448,9,8,0.3,0.7,8,0.3016940951347351,0.2932131290435791,0.3016940951347351,0.2932131290435791,-0.008480966091156006,0.36861270666122437,0.028996635228395462,0.48447126150131226
test,C2,17,2026_08_18_00_55_32_860317_L3_left_C2,left,pick up the left block,pick up the red block,L3,red,right,left,1,pregrasp,16,32,16,0.18285714285714286,0.16326530612244897,0,8,0.3,0.7,8,0.2694195806980133,0.35237807035446167,0.2694195806980133,0.35237807035446167,0.08295848965644836,0.38241538405418396,0.09175372123718262,0.46000251173973083
test,C2,17,2026_08_18_00_55_32_860317_L3_left_C2,left,pick up the left block,pick up the red block,L3,red,right,left,1,pregrasp,16,32,16,0.18285714285714286,0.16326530612244897,1,8,0.3,0.7,8,0.1854781210422516,0.23243075609207153,0.1854781210422516,0.23243075609207153,0.046952635049819946,0.38241538405418396,0.09175372123718262,0.46000251173973083
test,C2,17,2026_08_18_00_55_32_860317_L3_left_C2,left,pick up the left block,pick up the red block,L3,red,right,left,1,pregrasp,16,32,16,0.18285714285714286,0.16326530612244897,2,8,0.3,0.7,8,0.2015286386013031,0.2534557580947876,0.2015286386013031,0.2534557580947876,0.0519271194934845,0.38241538405418396,0.09175372123718262,0.46000251173973083
test,C2,17,2026_08_18_00_55_32_860317_L3_left_C2,left,pick up the left block,pick up the red block,L3,red,right,left,1,pregrasp,16,32,16,0.18285714285714286,0.16326530612244897,3,8,0.3,0.7,8,0.2335367649793625,0.2954181730747223,0.2335367649793625,0.2954181730747223,0.0618814080953598,0.38241538405418396,0.09175372123718262,0.46000251173973083
test,C2,17,2026_08_18_00_55_32_860317_L3_left_C2,left,pick up the left block,pick up the red block,L3,red,right,left,1,pregrasp,16,32,16,0.18285714285714286,0.16326530612244897,4,8,0.3,0.7,8,0.23853781819343567,0.30273720622062683,0.23853781819343567,0.30273720622062683,0.06419938802719116,0.38241538405418396,0.09175372123718262,0.46000251173973083
test,C2,17,2026_08_18_00_55_32_860317_L3_left_C2,left,pick up the left block,pick up the red block,L3,red,right,left,1,pregrasp,16,32,16,0.18285714285714286,0.16326530612244897,5,8,0.3,0.7,8,0.16820940375328064,0.21439866721630096,0.16820940375328064,0.21439866721630096,0.046189263463020325,0.38241538405418396,0.09175372123718262,0.46000251173973083
test,C2,17,2026_08_18_00_55_32_860317_L3_left_C2,left,pick up the left block,pick up the red block,L3,red,right,left,1,pregrasp,16,32,16,0.18285714285714286,0.16326530612244897,6,8,0.3,0.7,8,0.22319698333740234,0.29797446727752686,0.22319698333740234,0.29797446727752686,0.07477748394012451,0.38241538405418396,0.09175372123718262,0.46000251173973083
test,C2,17,2026_08_18_00_55_32_860317_L3_left_C2,left,pick up the left block,pick up the red block,L3,red,right,left,1,pregrasp,16,32,16,0.18285714285714286,0.16326530612244897,7,8,0.3,0.7,8,0.25716692209243774,0.3367246389389038,0.25716692209243774,0.3367246389389038,0.07955771684646606,0.38241538405418396,0.09175372123718262,0.46000251173973083
test,C2,17,2026_08_18_00_55_32_860317_L3_left_C2,left,pick up the left block,pick up the red block,L3,red,right,left,1,pregrasp,16,32,16,0.18285714285714286,0.16326530612244897,8,8,0.3,0.7,8,0.25312134623527527,0.3214122951030731,0.25312134623527527,0.3214122951030731,0.06829094886779785,0.38241538405418396,0.09175372123718262,0.46000251173973083
test,C2,17,2026_08_18_00_55_32_860317_L3_left_C2,left,pick up the left block,pick up the red block,L3,red,right,left,1,pregrasp,16,32,16,0.18285714285714286,0.16326530612244897,9,8,0.3,0.7,8,0.25513023138046265,0.3439316749572754,0.25513023138046265,0.3439316749572754,0.08880144357681274,0.38241538405418396,0.09175372123718262,0.46000251173973083
test,C2,17,2026_08_18_00_55_32_860317_L3_left_C2,left,pick up the left block,pick up the red block,L3,red,right,left,2,pregrasp,32,48,16,0.2742857142857143,0.24489795918367346,0,8,0.3,0.7,8,0.2390911877155304,0.28801828622817993,0.2390911877155304,0.28801828622817993,0.048927098512649536,0.40943393111228943,0.14951172471046448,0.4347926080226898
test,C2,17,2026_08_18_00_55_32_860317_L3_left_C2,left,pick up the left block,pick up the red block,L3,red,right,left,2,pregrasp,32,48,16,0.2742857142857143,0.24489795918367346,1,8,0.3,0.7,8,0.24179065227508545,0.2882406711578369,0.24179065227508545,0.2882406711578369,0.046450018882751465,0.40943393111228943,0.14951172471046448,0.4347926080226898
test,C2,17,2026_08_18_00_55_32_860317_L3_left_C2,left,pick up the left block,pick up the red block,L3,red,right,left,2,pregrasp,32,48,16,0.2742857142857143,0.24489795918367346,2,8,0.3,0.7,8,0.24018022418022156,0.2927584648132324,0.24018022418022156,0.2927584648132324,0.052578240633010864,0.40943393111228943,0.14951172471046448,0.4347926080226898
test,C2,17,2026_08_18_00_55_32_860317_L3_left_C2,left,pick up the left block,pick up the red block,L3,red,right,left,2,pregrasp,32,48,16,0.2742857142857143,0.24489795918367346,3,8,0.3,0.7,8,0.330970823764801,0.3713943362236023,0.330970823764801,0.3713943362236023,0.04042351245880127,0.40943393111228943,0.14951172471046448,0.4347926080226898
test,C2,17,2026_08_18_00_55_32_860317_L3_left_C2,left,pick up the left block,pick up the red block,L3,red,right,left,2,pregrasp,32,48,16,0.2742857142857143,0.24489795918367346,4,8,0.3,0.7,8,0.22355873882770538,0.26785123348236084,0.22355873882770538,0.26785123348236084,0.04429249465465546,0.40943393111228943,0.14951172471046448,0.4347926080226898
test,C2,17,2026_08_18_00_55_32_860317_L3_left_C2,left,pick up the left block,pick up the red block,L3,red,right,left,2,pregrasp,32,48,16,0.2742857142857143,0.24489795918367346,5,8,0.3,0.7,8,0.27522432804107666,0.3351857662200928,0.27522432804107666,0.3351857662200928,0.05996143817901611,0.40943393111228943,0.14951172471046448,0.4347926080226898
test,C2,17,2026_08_18_00_55_32_860317_L3_left_C2,left,pick up the left block,pick up the red block,L3,red,right,left,2,pregrasp,32,48,16,0.2742857142857143,0.24489795918367346,6,8,0.3,0.7,8,0.32422366738319397,0.3796556293964386,0.32422366738319397,0.3796556293964386,0.05543196201324463,0.40943393111228943,0.14951172471046448,0.4347926080226898
test,C2,17,2026_08_18_00_55_32_860317_L3_left_C2,left,pick up the left block,pick up the red block,L3,red,right,left,2,pregrasp,32,48,16,0.2742857142857143,0.24489795918367346,7,8,0.3,0.7,8,0.29206743836402893,0.34073638916015625,0.29206743836402893,0.34073638916015625,0.04866895079612732,0.40943393111228943,0.14951172471046448,0.4347926080226898
test,C2,17,2026_08_18_00_55_32_860317_L3_left_C2,left,pick up the left block,pick up the red block,L3,red,right,left,2,pregrasp,32,48,16,0.2742857142857143,0.24489795918367346,8,8,0.3,0.7,8,0.17280250787734985,0.2018904685974121,0.17280250787734985,0.2018904685974121,0.029087960720062256,0.40943393111228943,0.14951172471046448,0.4347926080226898
test,C2,17,2026_08_18_00_55_32_860317_L3_left_C2,left,pick up the left block,pick up the red block,L3,red,right,left,2,pregrasp,32,48,16,0.2742857142857143,0.24489795918367346,9,8,0.3,0.7,8,0.22287549078464508,0.2539246380329132,0.22287549078464508,0.2539246380329132,0.031049147248268127,0.40943393111228943,0.14951172471046448,0.4347926080226898
test,C2,17,2026_08_18_00_55_32_860317_L3_left_C2,left,pick up the left block,pick up the red block,L3,red,right,left,3,pregrasp,48,64,16,0.3657142857142857,0.32653061224489793,0,8,0.3,0.7,8,0.27336645126342773,0.29696622490882874,0.27336645126342773,0.29696622490882874,0.023599773645401,0.44861117005348206,0.19357816874980927,0.39808720350265503
test,C2,17,2026_08_18_00_55_32_860317_L3_left_C2,left,pick up the left block,pick up the red block,L3,red,right,left,3,pregrasp,48,64,16,0.3657142857142857,0.32653061224489793,1,8,0.3,0.7,8,0.22086557745933533,0.23396120965480804,0.22086557745933533,0.23396120965480804,0.013095632195472717,0.44861117005348206,0.19357816874980927,0.39808720350265503
test,C2,17,2026_08_18_00_55_32_860317_L3_left_C2,left,pick up the left block,pick up the red block,L3,red,right,left,3,pregrasp,48,64,16,0.3657142857142857,0.32653061224489793,2,8,0.3,0.7,8,0.3260338604450226,0.34243205189704895,0.3260338604450226,0.34243205189704895,0.016398191452026367,0.44861117005348206,0.19357816874980927,0.39808720350265503
test,C2,17,2026_08_18_00_55_32_860317_L3_left_C2,left,pick up the left block,pick up the red block,L3,red,right,left,3,pregrasp,48,64,16,0.3657142857142857,0.32653061224489793,3,8,0.3,0.7,8,0.23907306790351868,0.2641628682613373,0.23907306790351868,0.2641628682613373,0.025089800357818604,0.44861117005348206,0.19357816874980927,0.39808720350265503
test,C2,17,2026_08_18_00_55_32_860317_L3_left_C2,left,pick up the left block,pick up the red block,L3,red,right,left,3,pregrasp,48,64,16,0.3657142857142857,0.32653061224489793,4,8,0.3,0.7,8,0.3676393926143646,0.3908601701259613,0.3676393926143646,0.3908601701259613,0.02322077751159668,0.44861117005348206,0.19357816874980927,0.39808720350265503
test,C2,17,2026_08_18_00_55_32_860317_L3_left_C2,left,pick up the left block,pick up the red block,L3,red,right,left,3,pregrasp,48,64,16,0.3657142857142857,0.32653061224489793,5,8,0.3,0.7,8,0.2688637375831604,0.28672125935554504,0.2688637375831604,0.28672125935554504,0.017857521772384644,0.44861117005348206,0.19357816874980927,0.39808720350265503
test,C2,17,2026_08_18_00_55_32_860317_L3_left_C2,left,pick up the left block,pick up the red block,L3,red,right,left,3,pregrasp,48,64,16,0.3657142857142857,0.32653061224489793,6,8,0.3,0.7,8,0.2353951334953308,0.24530166387557983,0.2353951334953308,0.24530166387557983,0.009906530380249023,0.44861117005348206,0.19357816874980927,0.39808720350265503
test,C2,17,2026_08_18_00_55_32_860317_L3_left_C2,left,pick up the left block,pick up the red block,L3,red,right,left,3,pregrasp,48,64,16,0.3657142857142857,0.32653061224489793,7,8,0.3,0.7,8,0.2392723262310028,0.2515546679496765,0.2392723262310028,0.2515546679496765,0.012282341718673706,0.44861117005348206,0.19357816874980927,0.39808720350265503
test,C2,17,2026_08_18_00_55_32_860317_L3_left_C2,left,pick up the left block,pick up the red block,L3,red,right,left,3,pregrasp,48,64,16,0.3657142857142857,0.32653061224489793,8,8,0.3,0.7,8,0.17439736425876617,0.18225032091140747,0.17439736425876617,0.18225032091140747,0.007852956652641296,0.44861117005348206,0.19357816874980927,0.39808720350265503
test,C2,17,2026_08_18_00_55_32_860317_L3_left_C2,left,pick up the left block,pick up the red block,L3,red,right,left,3,pregrasp,48,64,16,0.3657142857142857,0.32653061224489793,9,8,0.3,0.7,8,0.3065168261528015,0.3186856508255005,0.3065168261528015,0.3186856508255005,0.012168824672698975,0.44861117005348206,0.19357816874980927,0.39808720350265503
test,C2,17,2026_08_18_00_55_32_860317_L3_left_C2,left,pick up the left block,pick up the red block,L3,red,right,left,4,pregrasp,64,80,16,0.45714285714285713,0.40816326530612246,0,8,0.3,0.7,8,0.29873695969581604,0.28889572620391846,0.29873695969581604,0.28889572620391846,-0.009841233491897583,0.4935399889945984,0.2071520984172821,0.35405904054641724
test,C2,17,2026_08_18_00_55_32_860317_L3_left_C2,left,pick up the left block,pick up the red block,L3,red,right,left,4,pregrasp,64,80,16,0.45714285714285713,0.40816326530612246,1,8,0.3,0.7,8,0.2844475507736206,0.24915552139282227,0.2844475507736206,0.24915552139282227,-0.03529202938079834,0.4935399889945984,0.2071520984172821,0.35405904054641724
test,C2,17,2026_08_18_00_55_32_860317_L3_left_C2,left,pick up the left block,pick up the red block,L3,red,right,left,4,pregrasp,64,80,16,0.45714285714285713,0.40816326530612246,2,8,0.3,0.7,8,0.4068785309791565,0.3564191460609436,0.4068785309791565,0.3564191460609436,-0.05045938491821289,0.4935399889945984,0.2071520984172821,0.35405904054641724
test,C2,17,2026_08_18_00_55_32_860317_L3_left_C2,left,pick up the left block,pick up the red block,L3,red,right,left,4,pregrasp,64,80,16,0.45714285714285713,0.40816326530612246,3,8,0.3,0.7,8,0.3256551921367645,0.2738824486732483,0.3256551921367645,0.2738824486732483,-0.051772743463516235,0.4935399889945984,0.2071520984172821,0.35405904054641724
test,C2,17,2026_08_18_00_55_32_860317_L3_left_C2,left,pick up the left block,pick up the red block,L3,red,right,left,4,pregrasp,64,80,16,0.45714285714285713,0.40816326530612246,4,8,0.3,0.7,8,0.21850407123565674,0.18826919794082642,0.21850407123565674,0.18826919794082642,-0.030234873294830322,0.4935399889945984,0.2071520984172821,0.35405904054641724
test,C2,17,2026_08_18_00_55_32_860317_L3_left_C2,left,pick up the left block,pick up the red block,L3,red,right,left,4,pregrasp,64,80,16,0.45714285714285713,0.40816326530612246,5,8,0.3,0.7,8,0.2563815712928772,0.20697562396526337,0.2563815712928772,0.20697562396526337,-0.04940594732761383,0.4935399889945984,0.2071520984172821,0.35405904054641724
test,C2,17,2026_08_18_00_55_32_860317_L3_left_C2,left,pick up the left block,pick up the red block,L3,red,right,left,4,pregrasp,64,80,16,0.45714285714285713,0.40816326530612246,6,8,0.3,0.7,8,0.3250606656074524,0.28392648696899414,0.3250606656074524,0.28392648696899414,-0.04113417863845825,0.4935399889945984,0.2071520984172821,0.35405904054641724
test,C2,17,2026_08_18_00_55_32_860317_L3_left_C2,left,pick up the left block,pick up the red block,L3,red,right,left,4,pregrasp,64,80,16,0.45714285714285713,0.40816326530612246,7,8,0.3,0.7,8,0.27763471007347107,0.2714473307132721,0.27763471007347107,0.2714473307132721,-0.006187379360198975,0.4935399889945984,0.2071520984172821,0.35405904054641724
test,C2,17,2026_08_18_00_55_32_860317_L3_left_C2,left,pick up the left block,pick up the red block,L3,red,right,left,4,pregrasp,64,80,16,0.45714285714285713,0.40816326530612246,8,8,0.3,0.7,8,0.31550320982933044,0.2908797264099121,0.31550320982933044,0.2908797264099121,-0.024623483419418335,0.4935399889945984,0.2071520984172821,0.35405904054641724
test,C2,17,2026_08_18_00_55_32_860317_L3_left_C2,left,pick up the left block,pick up the red block,L3,red,right,left,4,pregrasp,64,80,16,0.45714285714285713,0.40816326530612246,9,8,0.3,0.7,8,0.3861665427684784,0.3432632088661194,0.3861665427684784,0.3432632088661194,-0.04290333390235901,0.4935399889945984,0.2071520984172821,0.35405904054641724
test,C2,17,2026_08_18_00_55_32_860317_L3_left_C2,left,pick up the left block,pick up the red block,L3,red,right,left,5,pregrasp,80,96,16,0.5485714285714286,0.4897959183673469,0,8,0.3,0.7,8,0.2354547530412674,0.2165936827659607,0.2354547530412674,0.2165936827659607,-0.0188610702753067,0.540493905544281,0.1865803301334381,0.3085733652114868
test,C2,17,2026_08_18_00_55_32_860317_L3_left_C2,left,pick up the left block,pick up the red block,L3,red,right,left,5,pregrasp,80,96,16,0.5485714285714286,0.4897959183673469,1,8,0.3,0.7,8,0.16682444512844086,0.13747097551822662,0.16682444512844086,0.13747097551822662,-0.029353469610214233,0.540493905544281,0.1865803301334381,0.3085733652114868
test,C2,17,2026_08_18_00_55_32_860317_L3_left_C2,left,pick up the left block,pick up the red block,L3,red,right,left,5,pregrasp,80,96,16,0.5485714285714286,0.4897959183673469,2,8,0.3,0.7,8,0.23417334258556366,0.21601887047290802,0.23417334258556366,0.21601887047290802,-0.01815447211265564,0.540493905544281,0.1865803301334381,0.3085733652114868
test,C2,17,2026_08_18_00_55_32_860317_L3_left_C2,left,pick up the left block,pick up the red block,L3,red,right,left,5,pregrasp,80,96,16,0.5485714285714286,0.4897959183673469,3,8,0.3,0.7,8,0.30807286500930786,0.29703155159950256,0.30807286500930786,0.29703155159950256,-0.011041313409805298,0.540493905544281,0.1865803301334381,0.3085733652114868
test,C2,17,2026_08_18_00_55_32_860317_L3_left_C2,left,pick up the left block,pick up the red block,L3,red,right,left,5,pregrasp,80,96,16,0.5485714285714286,0.4897959183673469,4,8,0.3,0.7,8,0.2999647259712219,0.2840459644794464,0.2999647259712219,0.2840459644794464,-0.015918761491775513,0.540493905544281,0.1865803301334381,0.3085733652114868
test,C2,17,2026_08_18_00_55_32_860317_L3_left_C2,left,pick up the left block,pick up the red block,L3,red,right,left,5,pregrasp,80,96,16,0.5485714285714286,0.4897959183673469,5,8,0.3,0.7,8,0.22870905697345734,0.21869231760501862,0.22870905697345734,0.21869231760501862,-0.01001673936843872,0.540493905544281,0.1865803301334381,0.3085733652114868
test,C2,17,2026_08_18_00_55_32_860317_L3_left_C2,left,pick up the left block,pick up the red block,L3,red,right,left,5,pregrasp,80,96,16,0.5485714285714286,0.4897959183673469,6,8,0.3,0.7,8,0.2839682996273041,0.2651602625846863,0.2839682996273041,0.2651602625846863,-0.018808037042617798,0.540493905544281,0.1865803301334381,0.3085733652114868
test,C2,17,2026_08_18_00_55_32_860317_L3_left_C2,left,pick up the left block,pick up the red block,L3,red,right,left,5,pregrasp,80,96,16,0.5485714285714286,0.4897959183673469,7,8,0.3,0.7,8,0.2307058423757553,0.2168264389038086,0.2307058423757553,0.2168264389038086,-0.013879403471946716,0.540493905544281,0.1865803301334381,0.3085733652114868
test,C2,17,2026_08_18_00_55_32_860317_L3_left_C2,left,pick up the left block,pick up the red block,L3,red,right,left,5,pregrasp,80,96,16,0.5485714285714286,0.4897959183673469,8,8,0.3,0.7,8,0.2229188084602356,0.20705945789813995,0.2229188084602356,0.20705945789813995,-0.015859350562095642,0.540493905544281,0.1865803301334381,0.3085733652114868
test,C2,17,2026_08_18_00_55_32_860317_L3_left_C2,left,pick up the left block,pick up the red block,L3,red,right,left,5,pregrasp,80,96,16,0.5485714285714286,0.4897959183673469,9,8,0.3,0.7,8,0.31236976385116577,0.3009117543697357,0.31236976385116577,0.3009117543697357,-0.011458009481430054,0.540493905544281,0.1865803301334381,0.3085733652114868
test,C2,17,2026_08_18_00_55_32_860317_L3_left_C2,left,pick up the left block,pick up the red block,L3,red,right,left,6,pregrasp,96,112,16,0.64,0.5714285714285714,0,8,0.3,0.7,8,0.1386239379644394,0.1400195062160492,0.1386239379644394,0.1400195062160492,0.0013955682516098022,0.5829413533210754,0.1485113650560379,0.2686828374862671
test,C2,17,2026_08_18_00_55_32_860317_L3_left_C2,left,pick up the left block,pick up the red block,L3,red,right,left,6,pregrasp,96,112,16,0.64,0.5714285714285714,1,8,0.3,0.7,8,0.27201518416404724,0.2554951310157776,0.27201518416404724,0.2554951310157776,-0.016520053148269653,0.5829413533210754,0.1485113650560379,0.2686828374862671
test,C2,17,2026_08_18_00_55_32_860317_L3_left_C2,left,pick up the left block,pick up the red block,L3,red,right,left,6,pregrasp,96,112,16,0.64,0.5714285714285714,2,8,0.3,0.7,8,0.2327432930469513,0.22477135062217712,0.2327432930469513,0.22477135062217712,-0.00797194242477417,0.5829413533210754,0.1485113650560379,0.2686828374862671
test,C2,17,2026_08_18_00_55_32_860317_L3_left_C2,left,pick up the left block,pick up the red block,L3,red,right,left,6,pregrasp,96,112,16,0.64,0.5714285714285714,3,8,0.3,0.7,8,0.22618404030799866,0.22013762593269348,0.22618404030799866,0.22013762593269348,-0.006046414375305176,0.5829413533210754,0.1485113650560379,0.2686828374862671
test,C2,17,2026_08_18_00_55_32_860317_L3_left_C2,left,pick up the left block,pick up the red block,L3,red,right,left,6,pregrasp,96,112,16,0.64,0.5714285714285714,4,8,0.3,0.7,8,0.30157023668289185,0.2923133671283722,0.30157023668289185,0.2923133671283722,-0.009256869554519653,0.5829413533210754,0.1485113650560379,0.2686828374862671
test,C2,17,2026_08_18_00_55_32_860317_L3_left_C2,left,pick up the left block,pick up the red block,L3,red,right,left,6,pregrasp,96,112,16,0.64,0.5714285714285714,5,8,0.3,0.7,8,0.18595899641513824,0.1779460906982422,0.18595899641513824,0.1779460906982422,-0.008012905716896057,0.5829413533210754,0.1485113650560379,0.2686828374862671
test,C2,17,2026_08_18_00_55_32_860317_L3_left_C2,left,pick up the left block,pick up the red block,L3,red,right,left,6,pregrasp,96,112,16,0.64,0.5714285714285714,6,8,0.3,0.7,8,0.36578238010406494,0.35083550214767456,0.36578238010406494,0.35083550214767456,-0.01494687795639038,0.5829413533210754,0.1485113650560379,0.2686828374862671
test,C2,17,2026_08_18_00_55_32_860317_L3_left_C2,left,pick up the left block,pick up the red block,L3,red,right,left,6,pregrasp,96,112,16,0.64,0.5714285714285714,7,8,0.3,0.7,8,0.23238082230091095,0.22752854228019714,0.23238082230091095,0.22752854228019714,-0.004852280020713806,0.5829413533210754,0.1485113650560379,0.2686828374862671
test,C2,17,2026_08_18_00_55_32_860317_L3_left_C2,left,pick up the left block,pick up the red block,L3,red,right,left,6,pregrasp,96,112,16,0.64,0.5714285714285714,8,8,0.3,0.7,8,0.218722864985466,0.21240171790122986,0.218722864985466,0.21240171790122986,-0.006321147084236145,0.5829413533210754,0.1485113650560379,0.2686828374862671
test,C2,17,2026_08_18_00_55_32_860317_L3_left_C2,left,pick up the left block,pick up the red block,L3,red,right,left,6,pregrasp,96,112,16,0.64,0.5714285714285714,9,8,0.3,0.7,8,0.18005357682704926,0.17367346584796906,0.18005357682704926,0.17367346584796906,-0.0063801109790802,0.5829413533210754,0.1485113650560379,0.2686828374862671
test,C2,17,2026_08_18_00_55_32_860317_L3_left_C2,left,pick up the left block,pick up the red block,L3,red,right,left,7,pregrasp,112,128,16,0.7314285714285714,0.6530612244897959,0,8,0.3,0.7,8,0.33547496795654297,0.34028393030166626,0.33547496795654297,0.34028393030166626,0.004808962345123291,0.621480405330658,0.1031448021531105,0.2324872761964798
test,C2,17,2026_08_18_00_55_32_860317_L3_left_C2,left,pick up the left block,pick up the red block,L3,red,right,left,7,pregrasp,112,128,16,0.7314285714285714,0.6530612244897959,1,8,0.3,0.7,8,0.3249305188655853,0.3263680636882782,0.3249305188655853,0.3263680636882782,0.001437544822692871,0.621480405330658,0.1031448021531105,0.2324872761964798
test,C2,17,2026_08_18_00_55_32_860317_L3_left_C2,left,pick up the left block,pick up the red block,L3,red,right,left,7,pregrasp,112,128,16,0.7314285714285714,0.6530612244897959,2,8,0.3,0.7,8,0.30138787627220154,0.2904682159423828,0.30138787627220154,0.2904682159423828,-0.010919660329818726,0.621480405330658,0.1031448021531105,0.2324872761964798
test,C2,17,2026_08_18_00_55_32_860317_L3_left_C2,left,pick up the left block,pick up the red block,L3,red,right,left,7,pregrasp,112,128,16,0.7314285714285714,0.6530612244897959,3,8,0.3,0.7,8,0.19617906212806702,0.19461271166801453,0.19617906212806702,0.19461271166801453,-0.0015663504600524902,0.621480405330658,0.1031448021531105,0.2324872761964798
test,C2,17,2026_08_18_00_55_32_860317_L3_left_C2,left,pick up the left block,pick up the red block,L3,red,right,left,7,pregrasp,112,128,16,0.7314285714285714,0.6530612244897959,4,8,0.3,0.7,8,0.2566027045249939,0.2533418834209442,0.2566027045249939,0.2533418834209442,-0.0032608211040496826,0.621480405330658,0.1031448021531105,0.2324872761964798
test,C2,17,2026_08_18_00_55_32_860317_L3_left_C2,left,pick up the left block,pick up the red block,L3,red,right,left,7,pregrasp,112,128,16,0.7314285714285714,0.6530612244897959,5,8,0.3,0.7,8,0.22051535546779633,0.22625471651554108,0.22051535546779633,0.22625471651554108,0.005739361047744751,0.621480405330658,0.1031448021531105,0.2324872761964798
test,C2,17,2026_08_18_00_55_32_860317_L3_left_C2,left,pick up the left block,pick up the red block,L3,red,right,left,7,pregrasp,112,128,16,0.7314285714285714,0.6530612244897959,6,8,0.3,0.7,8,0.2756631374359131,0.2746770977973938,0.2756631374359131,0.2746770977973938,-0.0009860396385192871,0.621480405330658,0.1031448021531105,0.2324872761964798
test,C2,17,2026_08_18_00_55_32_860317_L3_left_C2,left,pick up the left block,pick up the red block,L3,red,right,left,7,pregrasp,112,128,16,0.7314285714285714,0.6530612244897959,7,8,0.3,0.7,8,0.16298598051071167,0.16372431814670563,0.16298598051071167,0.16372431814670563,0.0007383376359939575,0.621480405330658,0.1031448021531105,0.2324872761964798
test,C2,17,2026_08_18_00_55_32_860317_L3_left_C2,left,pick up the left block,pick up the red block,L3,red,right,left,7,pregrasp,112,128,16,0.7314285714285714,0.6530612244897959,8,8,0.3,0.7,8,0.23839345574378967,0.23690937459468842,0.23839345574378967,0.23690937459468842,-0.0014840811491012573,0.621480405330658,0.1031448021531105,0.2324872761964798
test,C2,17,2026_08_18_00_55_32_860317_L3_left_C2,left,pick up the left block,pick up the red block,L3,red,right,left,7,pregrasp,112,128,16,0.7314285714285714,0.6530612244897959,9,8,0.3,0.7,8,0.28661492466926575,0.28669649362564087,0.28661492466926575,0.28669649362564087,8.156895637512207e-05,0.621480405330658,0.1031448021531105,0.2324872761964798
test,C2,17,2026_08_18_00_55_32_860317_L3_left_C2,left,pick up the left block,pick up the red block,L3,red,right,left,8,pregrasp,128,144,16,0.8228571428571428,0.7346938775510204,0,8,0.3,0.7,8,0.2807258367538452,0.28827598690986633,0.2807258367538452,0.28827598690986633,0.007550150156021118,0.6583803296089172,0.05492030456662178,0.1974526345729828
test,C2,17,2026_08_18_00_55_32_860317_L3_left_C2,left,pick up the left block,pick up the red block,L3,red,right,left,8,pregrasp,128,144,16,0.8228571428571428,0.7346938775510204,1,8,0.3,0.7,8,0.31835082173347473,0.3217308521270752,0.31835082173347473,0.3217308521270752,0.003380030393600464,0.6583803296089172,0.05492030456662178,0.1974526345729828
test,C2,17,2026_08_18_00_55_32_860317_L3_left_C2,left,pick up the left block,pick up the red block,L3,red,right,left,8,pregrasp,128,144,16,0.8228571428571428,0.7346938775510204,2,8,0.3,0.7,8,0.3784981667995453,0.3879619538784027,0.3784981667995453,0.3879619538784027,0.009463787078857422,0.6583803296089172,0.05492030456662178,0.1974526345729828
test,C2,17,2026_08_18_00_55_32_860317_L3_left_C2,left,pick up the left block,pick up the red block,L3,red,right,left,8,pregrasp,128,144,16,0.8228571428571428,0.7346938775510204,3,8,0.3,0.7,8,0.3758388161659241,0.38355985283851624,0.3758388161659241,0.38355985283851624,0.007721036672592163,0.6583803296089172,0.05492030456662178,0.1974526345729828
test,C2,17,2026_08_18_00_55_32_860317_L3_left_C2,left,pick up the left block,pick up the red block,L3,red,right,left,8,pregrasp,128,144,16,0.8228571428571428,0.7346938775510204,4,8,0.3,0.7,8,0.4550739824771881,0.4627175033092499,0.4550739824771881,0.4627175033092499,0.007643520832061768,0.6583803296089172,0.05492030456662178,0.1974526345729828
test,C2,17,2026_08_18_00_55_32_860317_L3_left_C2,left,pick up the left block,pick up the red block,L3,red,right,left,8,pregrasp,128,144,16,0.8228571428571428,0.7346938775510204,5,8,0.3,0.7,8,0.2928144931793213,0.2977733612060547,0.2928144931793213,0.2977733612060547,0.0049588680267333984,0.6583803296089172,0.05492030456662178,0.1974526345729828
test,C2,17,2026_08_18_00_55_32_860317_L3_left_C2,left,pick up the left block,pick up the red block,L3,red,right,left,8,pregrasp,128,144,16,0.8228571428571428,0.7346938775510204,6,8,0.3,0.7,8,0.44374823570251465,0.4551832973957062,0.44374823570251465,0.4551832973957062,0.011435061693191528,0.6583803296089172,0.05492030456662178,0.1974526345729828
test,C2,17,2026_08_18_00_55_32_860317_L3_left_C2,left,pick up the left block,pick up the red block,L3,red,right,left,8,pregrasp,128,144,16,0.8228571428571428,0.7346938775510204,7,8,0.3,0.7,8,0.2943681478500366,0.3005896210670471,0.2943681478500366,0.3005896210670471,0.006221473217010498,0.6583803296089172,0.05492030456662178,0.1974526345729828
test,C2,17,2026_08_18_00_55_32_860317_L3_left_C2,left,pick up the left block,pick up the red block,L3,red,right,left,8,pregrasp,128,144,16,0.8228571428571428,0.7346938775510204,8,8,0.3,0.7,8,0.4060867726802826,0.410287469625473,0.4060867726802826,0.410287469625473,0.00420069694519043,0.6583803296089172,0.05492030456662178,0.1974526345729828
test,C2,17,2026_08_18_00_55_32_860317_L3_left_C2,left,pick up the left block,pick up the red block,L3,red,right,left,8,pregrasp,128,144,16,0.8228571428571428,0.7346938775510204,9,8,0.3,0.7,8,0.3024173974990845,0.3126372694969177,0.3024173974990845,0.3126372694969177,0.010219871997833252,0.6583803296089172,0.05492030456662178,0.1974526345729828
test,C2,17,2026_08_18_00_55_32_860317_L3_left_C2,left,pick up the left block,pick up the red block,L3,red,right,left,9,pregrasp,144,160,16,0.9142857142857143,0.8163265306122449,0,8,0.3,0.7,8,0.2593955099582672,0.2603369951248169,0.2593955099582672,0.2603369951248169,0.0009414851665496826,0.6673097610473633,0.04556037485599518,0.18960975110530853
test,C2,17,2026_08_18_00_55_32_860317_L3_left_C2,left,pick up the left block,pick up the red block,L3,red,right,left,9,pregrasp,144,160,16,0.9142857142857143,0.8163265306122449,1,8,0.3,0.7,8,0.3031997084617615,0.30285507440567017,0.3031997084617615,0.30285507440567017,-0.0003446340560913086,0.6673097610473633,0.04556037485599518,0.18960975110530853
test,C2,17,2026_08_18_00_55_32_860317_L3_left_C2,left,pick up the left block,pick up the red block,L3,red,right,left,9,pregrasp,144,160,16,0.9142857142857143,0.8163265306122449,2,8,0.3,0.7,8,0.28215035796165466,0.2851715385913849,0.28215035796165466,0.2851715385913849,0.0030211806297302246,0.6673097610473633,0.04556037485599518,0.18960975110530853
test,C2,17,2026_08_18_00_55_32_860317_L3_left_C2,left,pick up the left block,pick up the red block,L3,red,right,left,9,pregrasp,144,160,16,0.9142857142857143,0.8163265306122449,3,8,0.3,0.7,8,0.3135440945625305,0.31242960691452026,0.3135440945625305,0.31242960691452026,-0.001114487648010254,0.6673097610473633,0.04556037485599518,0.18960975110530853
test,C2,17,2026_08_18_00_55_32_860317_L3_left_C2,left,pick up the left block,pick up the red block,L3,red,right,left,9,pregrasp,144,160,16,0.9142857142857143,0.8163265306122449,4,8,0.3,0.7,8,0.3264400362968445,0.32472139596939087,0.3264400362968445,0.32472139596939087,-0.0017186403274536133,0.6673097610473633,0.04556037485599518,0.18960975110530853
test,C2,17,2026_08_18_00_55_32_860317_L3_left_C2,left,pick up the left block,pick up the red block,L3,red,right,left,9,pregrasp,144,160,16,0.9142857142857143,0.8163265306122449,5,8,0.3,0.7,8,0.3278615176677704,0.3296334147453308,0.3278615176677704,0.3296334147453308,0.0017718970775604248,0.6673097610473633,0.04556037485599518,0.18960975110530853
test,C2,17,2026_08_18_00_55_32_860317_L3_left_C2,left,pick up the left block,pick up the red block,L3,red,right,left,9,pregrasp,144,160,16,0.9142857142857143,0.8163265306122449,6,8,0.3,0.7,8,0.25102922320365906,0.2544676661491394,0.25102922320365906,0.2544676661491394,0.0034384429454803467,0.6673097610473633,0.04556037485599518,0.18960975110530853
test,C2,17,2026_08_18_00_55_32_860317_L3_left_C2,left,pick up the left block,pick up the red block,L3,red,right,left,9,pregrasp,144,160,16,0.9142857142857143,0.8163265306122449,7,8,0.3,0.7,8,0.283303827047348,0.28176742792129517,0.283303827047348,0.28176742792129517,-0.0015363991260528564,0.6673097610473633,0.04556037485599518,0.18960975110530853
test,C2,17,2026_08_18_00_55_32_860317_L3_left_C2,left,pick up the left block,pick up the red block,L3,red,right,left,9,pregrasp,144,160,16,0.9142857142857143,0.8163265306122449,8,8,0.3,0.7,8,0.22305762767791748,0.226237952709198,0.22305762767791748,0.226237952709198,0.0031803250312805176,0.6673097610473633,0.04556037485599518,0.18960975110530853
test,C2,17,2026_08_18_00_55_32_860317_L3_left_C2,left,pick up the left block,pick up the red block,L3,red,right,left,9,pregrasp,144,160,16,0.9142857142857143,0.8163265306122449,9,8,0.3,0.7,8,0.23059512674808502,0.23443876206874847,0.23059512674808502,0.23443876206874847,0.003843635320663452,0.6673097610473633,0.04556037485599518,0.18960975110530853
test,C2,17,2026_08_18_00_55_32_860317_L3_left_C2,left,pick up the left block,pick up the red block,L3,red,right,left,10,pregrasp,160,175,15,1.0,0.8928571428571429,0,8,0.3,0.7,8,0.1940416395664215,0.20049723982810974,0.1940416395664215,0.20049723982810974,0.006455600261688232,0.6673097610473633,0.04556037485599518,0.18960975110530853
test,C2,17,2026_08_18_00_55_32_860317_L3_left_C2,left,pick up the left block,pick up the red block,L3,red,right,left,10,pregrasp,160,175,15,1.0,0.8928571428571429,1,8,0.3,0.7,8,0.26848652958869934,0.274585098028183,0.26848652958869934,0.274585098028183,0.006098568439483643,0.6673097610473633,0.04556037485599518,0.18960975110530853
test,C2,17,2026_08_18_00_55_32_860317_L3_left_C2,left,pick up the left block,pick up the red block,L3,red,right,left,10,pregrasp,160,175,15,1.0,0.8928571428571429,2,8,0.3,0.7,8,0.3168533146381378,0.3202216327190399,0.3168533146381378,0.3202216327190399,0.0033683180809020996,0.6673097610473633,0.04556037485599518,0.18960975110530853
test,C2,17,2026_08_18_00_55_32_860317_L3_left_C2,left,pick up the left block,pick up the red block,L3,red,right,left,10,pregrasp,160,175,15,1.0,0.8928571428571429,3,8,0.3,0.7,8,0.22684665024280548,0.23156896233558655,0.22684665024280548,0.23156896233558655,0.004722312092781067,0.6673097610473633,0.04556037485599518,0.18960975110530853
test,C2,17,2026_08_18_00_55_32_860317_L3_left_C2,left,pick up the left block,pick up the red block,L3,red,right,left,10,pregrasp,160,175,15,1.0,0.8928571428571429,4,8,0.3,0.7,8,0.27777910232543945,0.2783411741256714,0.27777910232543945,0.2783411741256714,0.0005620718002319336,0.6673097610473633,0.04556037485599518,0.18960975110530853
test,C2,17,2026_08_18_00_55_32_860317_L3_left_C2,left,pick up the left block,pick up the red block,L3,red,right,left,10,pregrasp,160,175,15,1.0,0.8928571428571429,5,8,0.3,0.7,8,0.2381564974784851,0.2409834861755371,0.2381564974784851,0.2409834861755371,0.002826988697052002,0.6673097610473633,0.04556037485599518,0.18960975110530853
test,C2,17,2026_08_18_00_55_32_860317_L3_left_C2,left,pick up the left block,pick up the red block,L3,red,right,left,10,pregrasp,160,175,15,1.0,0.8928571428571429,6,8,0.3,0.7,8,0.27802762389183044,0.27939218282699585,0.27802762389183044,0.27939218282699585,0.0013645589351654053,0.6673097610473633,0.04556037485599518,0.18960975110530853
test,C2,17,2026_08_18_00_55_32_860317_L3_left_C2,left,pick up the left block,pick up the red block,L3,red,right,left,10,pregrasp,160,175,15,1.0,0.8928571428571429,7,8,0.3,0.7,8,0.2279329001903534,0.22998690605163574,0.2279329001903534,0.22998690605163574,0.0020540058612823486,0.6673097610473633,0.04556037485599518,0.18960975110530853
test,C2,17,2026_08_18_00_55_32_860317_L3_left_C2,left,pick up the left block,pick up the red block,L3,red,right,left,10,pregrasp,160,175,15,1.0,0.8928571428571429,8,8,0.3,0.7,8,0.2903006076812744,0.2950209975242615,0.2903006076812744,0.2950209975242615,0.0047203898429870605,0.6673097610473633,0.04556037485599518,0.18960975110530853
test,C2,17,2026_08_18_00_55_32_860317_L3_left_C2,left,pick up the left block,pick up the red block,L3,red,right,left,10,pregrasp,160,175,15,1.0,0.8928571428571429,9,8,0.3,0.7,8,0.21875180304050446,0.2223089188337326,0.21875180304050446,0.2223089188337326,0.0035571157932281494,0.6673097610473633,0.04556037485599518,0.18960975110530853
test,C2,17,2026_08_18_00_55_32_860317_L3_left_C2,left,pick up the left block,pick up the red block,L3,red,right,left,11,postgrasp,175,191,16,1.0,0.9744897959183674,0,8,0.3,0.7,8,0.2959473431110382,0.29691556096076965,0.2959473431110382,0.29691556096076965,0.0009682178497314453,0.6677286624908447,0.04548312723636627,0.18986965715885162
test,C2,17,2026_08_18_00_55_32_860317_L3_left_C2,left,pick up the left block,pick up the red block,L3,red,right,left,11,postgrasp,175,191,16,1.0,0.9744897959183674,1,8,0.3,0.7,8,0.3105054795742035,0.3108823001384735,0.3105054795742035,0.3108823001384735,0.00037682056427001953,0.6677286624908447,0.04548312723636627,0.18986965715885162
test,C2,17,2026_08_18_00_55_32_860317_L3_left_C2,left,pick up the left block,pick up the red block,L3,red,right,left,11,postgrasp,175,191,16,1.0,0.9744897959183674,2,8,0.3,0.7,8,0.31445902585983276,0.3146832287311554,0.31445902585983276,0.3146832287311554,0.00022420287132263184,0.6677286624908447,0.04548312723636627,0.18986965715885162
test,C2,17,2026_08_18_00_55_32_860317_L3_left_C2,left,pick up the left block,pick up the red block,L3,red,right,left,11,postgrasp,175,191,16,1.0,0.9744897959183674,3,8,0.3,0.7,8,0.2896174192428589,0.28729212284088135,0.2896174192428589,0.28729212284088135,-0.002325296401977539,0.6677286624908447,0.04548312723636627,0.18986965715885162
test,C2,17,2026_08_18_00_55_32_860317_L3_left_C2,left,pick up the left block,pick up the red block,L3,red,right,left,11,postgrasp,175,191,16,1.0,0.9744897959183674,4,8,0.3,0.7,8,0.2897258996963501,0.2877340316772461,0.2897258996963501,0.2877340316772461,-0.001991868019104004,0.6677286624908447,0.04548312723636627,0.18986965715885162
test,C2,17,2026_08_18_00_55_32_860317_L3_left_C2,left,pick up the left block,pick up the red block,L3,red,right,left,11,postgrasp,175,191,16,1.0,0.9744897959183674,5,8,0.3,0.7,8,0.32276415824890137,0.32133588194847107,0.32276415824890137,0.32133588194847107,-0.0014282763004302979,0.6677286624908447,0.04548312723636627,0.18986965715885162
test,C2,17,2026_08_18_00_55_32_860317_L3_left_C2,left,pick up the left block,pick up the red block,L3,red,right,left,11,postgrasp,175,191,16,1.0,0.9744897959183674,6,8,0.3,0.7,8,0.3357550799846649,0.3387990891933441,0.3357550799846649,0.3387990891933441,0.0030440092086791992,0.6677286624908447,0.04548312723636627,0.18986965715885162
test,C2,17,2026_08_18_00_55_32_860317_L3_left_C2,left,pick up the left block,pick up the red block,L3,red,right,left,11,postgrasp,175,191,16,1.0,0.9744897959183674,7,8,0.3,0.7,8,0.3062621057033539,0.30466264486312866,0.3062621057033539,0.30466264486312866,-0.0015994608402252197,0.6677286624908447,0.04548312723636627,0.18986965715885162
test,C2,17,2026_08_18_00_55_32_860317_L3_left_C2,left,pick up the left block,pick up the red block,L3,red,right,left,11,postgrasp,175,191,16,1.0,0.9744897959183674,8,8,0.3,0.7,8,0.33339735865592957,0.33218181133270264,0.33339735865592957,0.33218181133270264,-0.0012155473232269287,0.6677286624908447,0.04548312723636627,0.18986965715885162
test,C2,17,2026_08_18_00_55_32_860317_L3_left_C2,left,pick up the left block,pick up the red block,L3,red,right,left,11,postgrasp,175,191,16,1.0,0.9744897959183674,9,8,0.3,0.7,8,0.35741788148880005,0.3541100323200226,0.35741788148880005,0.3541100323200226,-0.003307849168777466,0.6677286624908447,0.04548312723636627,0.18986965715885162
test,C2,17,2026_08_18_00_55_32_860317_L3_left_C2,left,pick up the left block,pick up the red block,L3,red,right,left,12,postgrasp,191,196,5,1.0,1.0,0,8,0.3,0.7,8,0.35987311601638794,0.3681117296218872,0.35987311601638794,0.3681117296218872,0.008238613605499268,0.6677447557449341,0.04548204317688942,0.1898639053106308
test,C2,17,2026_08_18_00_55_32_860317_L3_left_C2,left,pick up the left block,pick up the red block,L3,red,right,left,12,postgrasp,191,196,5,1.0,1.0,1,8,0.3,0.7,8,0.34814831614494324,0.35678964853286743,0.34814831614494324,0.35678964853286743,0.008641332387924194,0.6677447557449341,0.04548204317688942,0.1898639053106308
test,C2,17,2026_08_18_00_55_32_860317_L3_left_C2,left,pick up the left block,pick up the red block,L3,red,right,left,12,postgrasp,191,196,5,1.0,1.0,2,8,0.3,0.7,8,0.34792640805244446,0.35567426681518555,0.34792640805244446,0.35567426681518555,0.007747858762741089,0.6677447557449341,0.04548204317688942,0.1898639053106308
test,C2,17,2026_08_18_00_55_32_860317_L3_left_C2,left,pick up the left block,pick up the red block,L3,red,right,left,12,postgrasp,191,196,5,1.0,1.0,3,8,0.3,0.7,8,0.4352187514305115,0.44262006878852844,0.4352187514305115,0.44262006878852844,0.007401317358016968,0.6677447557449341,0.04548204317688942,0.1898639053106308
test,C2,17,2026_08_18_00_55_32_860317_L3_left_C2,left,pick up the left block,pick up the red block,L3,red,right,left,12,postgrasp,191,196,5,1.0,1.0,4,8,0.3,0.7,8,0.38525253534317017,0.3887328505516052,0.38525253534317017,0.3887328505516052,0.0034803152084350586,0.6677447557449341,0.04548204317688942,0.1898639053106308
test,C2,17,2026_08_18_00_55_32_860317_L3_left_C2,left,pick up the left block,pick up the red block,L3,red,right,left,12,postgrasp,191,196,5,1.0,1.0,5,8,0.3,0.7,8,0.4948560893535614,0.4990340769290924,0.4948560893535614,0.4990340769290924,0.004177987575531006,0.6677447557449341,0.04548204317688942,0.1898639053106308
test,C2,17,2026_08_18_00_55_32_860317_L3_left_C2,left,pick up the left block,pick up the red block,L3,red,right,left,12,postgrasp,191,196,5,1.0,1.0,6,8,0.3,0.7,8,0.3910285234451294,0.3957698941230774,0.3910285234451294,0.3957698941230774,0.004741370677947998,0.6677447557449341,0.04548204317688942,0.1898639053106308
test,C2,17,2026_08_18_00_55_32_860317_L3_left_C2,left,pick up the left block,pick up the red block,L3,red,right,left,12,postgrasp,191,196,5,1.0,1.0,7,8,0.3,0.7,8,0.45639076828956604,0.45766758918762207,0.45639076828956604,0.45766758918762207,0.0012768208980560303,0.6677447557449341,0.04548204317688942,0.1898639053106308
test,C2,17,2026_08_18_00_55_32_860317_L3_left_C2,left,pick up the left block,pick up the red block,L3,red,right,left,12,postgrasp,191,196,5,1.0,1.0,8,8,0.3,0.7,8,0.4835585057735443,0.48889562487602234,0.4835585057735443,0.48889562487602234,0.005337119102478027,0.6677447557449341,0.04548204317688942,0.1898639053106308
test,C2,17,2026_08_18_00_55_32_860317_L3_left_C2,left,pick up the left block,pick up the red block,L3,red,right,left,12,postgrasp,191,196,5,1.0,1.0,9,8,0.3,0.7,8,0.37063106894493103,0.37580251693725586,0.37063106894493103,0.37580251693725586,0.005171447992324829,0.6677447557449341,0.04548204317688942,0.1898639053106308
test,C0,18,2026_08_18_00_56_19_492037_L3_right_C0,right,pick up the right block,pick up the red block,L3,red,left,right,0,pregrasp,0,16,16,0.13333333333333333,0.11347517730496454,0,8,0.3,0.7,8,0.30754008889198303,0.34156334400177,0.34156334400177,0.30754008889198303,-0.03402325510978699,0.38300463557243347,0.002904314547777176,0.4676609933376312
test,C0,18,2026_08_18_00_56_19_492037_L3_right_C0,right,pick up the right block,pick up the red block,L3,red,left,right,0,pregrasp,0,16,16,0.13333333333333333,0.11347517730496454,1,8,0.3,0.7,8,0.41980844736099243,0.3988206088542938,0.3988206088542938,0.41980844736099243,0.02098783850669861,0.38300463557243347,0.002904314547777176,0.4676609933376312
test,C0,18,2026_08_18_00_56_19_492037_L3_right_C0,right,pick up the right block,pick up the red block,L3,red,left,right,0,pregrasp,0,16,16,0.13333333333333333,0.11347517730496454,2,8,0.3,0.7,8,0.3342110216617584,0.3598678410053253,0.3598678410053253,0.3342110216617584,-0.025656819343566895,0.38300463557243347,0.002904314547777176,0.4676609933376312
test,C0,18,2026_08_18_00_56_19_492037_L3_right_C0,right,pick up the right block,pick up the red block,L3,red,left,right,0,pregrasp,0,16,16,0.13333333333333333,0.11347517730496454,3,8,0.3,0.7,8,0.3635738790035248,0.36284494400024414,0.36284494400024414,0.3635738790035248,0.0007289350032806396,0.38300463557243347,0.002904314547777176,0.4676609933376312
test,C0,18,2026_08_18_00_56_19_492037_L3_right_C0,right,pick up the right block,pick up the red block,L3,red,left,right,0,pregrasp,0,16,16,0.13333333333333333,0.11347517730496454,4,8,0.3,0.7,8,0.2925187349319458,0.2927009165287018,0.2927009165287018,0.2925187349319458,-0.00018218159675598145,0.38300463557243347,0.002904314547777176,0.4676609933376312
test,C0,18,2026_08_18_00_56_19_492037_L3_right_C0,right,pick up the right block,pick up the red block,L3,red,left,right,0,pregrasp,0,16,16,0.13333333333333333,0.11347517730496454,5,8,0.3,0.7,8,0.292306125164032,0.30247658491134644,0.30247658491134644,0.292306125164032,-0.010170459747314453,0.38300463557243347,0.002904314547777176,0.4676609933376312
test,C0,18,2026_08_18_00_56_19_492037_L3_right_C0,right,pick up the right block,pick up the red block,L3,red,left,right,0,pregrasp,0,16,16,0.13333333333333333,0.11347517730496454,6,8,0.3,0.7,8,0.2716337740421295,0.2533988952636719,0.2533988952636719,0.2716337740421295,0.01823487877845764,0.38300463557243347,0.002904314547777176,0.4676609933376312
test,C0,18,2026_08_18_00_56_19_492037_L3_right_C0,right,pick up the right block,pick up the red block,L3,red,left,right,0,pregrasp,0,16,16,0.13333333333333333,0.11347517730496454,7,8,0.3,0.7,8,0.3999386429786682,0.37000423669815063,0.37000423669815063,0.3999386429786682,0.029934406280517578,0.38300463557243347,0.002904314547777176,0.4676609933376312
test,C0,18,2026_08_18_00_56_19_492037_L3_right_C0,right,pick up the right block,pick up the red block,L3,red,left,right,0,pregrasp,0,16,16,0.13333333333333333,0.11347517730496454,8,8,0.3,0.7,8,0.30943793058395386,0.30579882860183716,0.30579882860183716,0.30943793058395386,0.0036391019821166992,0.38300463557243347,0.002904314547777176,0.4676609933376312
test,C0,18,2026_08_18_00_56_19_492037_L3_right_C0,right,pick up the right block,pick up the red block,L3,red,left,right,0,pregrasp,0,16,16,0.13333333333333333,0.11347517730496454,9,8,0.3,0.7,8,0.3256497383117676,0.33610522747039795,0.33610522747039795,0.3256497383117676,-0.010455489158630371,0.38300463557243347,0.002904314547777176,0.4676609933376312
test,C0,18,2026_08_18_00_56_19_492037_L3_right_C0,right,pick up the right block,pick up the red block,L3,red,left,right,1,pregrasp,16,32,16,0.26666666666666666,0.22695035460992907,0,8,0.3,0.7,8,0.2220296561717987,0.262256383895874,0.262256383895874,0.2220296561717987,-0.04022672772407532,0.427300363779068,-0.0050901444628834724,0.41503700613975525
test,C0,18,2026_08_18_00_56_19_492037_L3_right_C0,right,pick up the right block,pick up the red block,L3,red,left,right,1,pregrasp,16,32,16,0.26666666666666666,0.22695035460992907,1,8,0.3,0.7,8,0.26013728976249695,0.3095517158508301,0.3095517158508301,0.26013728976249695,-0.04941442608833313,0.427300363779068,-0.0050901444628834724,0.41503700613975525
test,C0,18,2026_08_18_00_56_19_492037_L3_right_C0,right,pick up the right block,pick up the red block,L3,red,left,right,1,pregrasp,16,32,16,0.26666666666666666,0.22695035460992907,2,8,0.3,0.7,8,0.20522953569889069,0.23381805419921875,0.23381805419921875,0.20522953569889069,-0.028588518500328064,0.427300363779068,-0.0050901444628834724,0.41503700613975525
test,C0,18,2026_08_18_00_56_19_492037_L3_right_C0,right,pick up the right block,pick up the red block,L3,red,left,right,1,pregrasp,16,32,16,0.26666666666666666,0.22695035460992907,3,8,0.3,0.7,8,0.21090784668922424,0.2900988459587097,0.2900988459587097,0.21090784668922424,-0.07919099926948547,0.427300363779068,-0.0050901444628834724,0.41503700613975525
test,C0,18,2026_08_18_00_56_19_492037_L3_right_C0,right,pick up the right block,pick up the red block,L3,red,left,right,1,pregrasp,16,32,16,0.26666666666666666,0.22695035460992907,4,8,0.3,0.7,8,0.2182990163564682,0.2617330551147461,0.2617330551147461,0.2182990163564682,-0.04343403875827789,0.427300363779068,-0.0050901444628834724,0.41503700613975525
test,C0,18,2026_08_18_00_56_19_492037_L3_right_C0,right,pick up the right block,pick up the red block,L3,red,left,right,1,pregrasp,16,32,16,0.26666666666666666,0.22695035460992907,5,8,0.3,0.7,8,0.3253522515296936,0.3193618059158325,0.3193618059158325,0.3253522515296936,0.005990445613861084,0.427300363779068,-0.0050901444628834724,0.41503700613975525
test,C0,18,2026_08_18_00_56_19_492037_L3_right_C0,right,pick up the right block,pick up the red block,L3,red,left,right,1,pregrasp,16,32,16,0.26666666666666666,0.22695035460992907,6,8,0.3,0.7,8,0.26159894466400146,0.3058741092681885,0.3058741092681885,0.26159894466400146,-0.04427516460418701,0.427300363779068,-0.0050901444628834724,0.41503700613975525
test,C0,18,2026_08_18_00_56_19_492037_L3_right_C0,right,pick up the right block,pick up the red block,L3,red,left,right,1,pregrasp,16,32,16,0.26666666666666666,0.22695035460992907,7,8,0.3,0.7,8,0.27610495686531067,0.3017767667770386,0.3017767667770386,0.27610495686531067,-0.025671809911727905,0.427300363779068,-0.0050901444628834724,0.41503700613975525
test,C0,18,2026_08_18_00_56_19_492037_L3_right_C0,right,pick up the right block,pick up the red block,L3,red,left,right,1,pregrasp,16,32,16,0.26666666666666666,0.22695035460992907,8,8,0.3,0.7,8,0.1931627094745636,0.23985083401203156,0.23985083401203156,0.1931627094745636,-0.04668812453746796,0.427300363779068,-0.0050901444628834724,0.41503700613975525
test,C0,18,2026_08_18_00_56_19_492037_L3_right_C0,right,pick up the right block,pick up the red block,L3,red,left,right,1,pregrasp,16,32,16,0.26666666666666666,0.22695035460992907,9,8,0.3,0.7,8,0.29037994146347046,0.36677101254463196,0.36677101254463196,0.29037994146347046,-0.0763910710811615,0.427300363779068,-0.0050901444628834724,0.41503700613975525
test,C0,18,2026_08_18_00_56_19_492037_L3_right_C0,right,pick up the right block,pick up the red block,L3,red,left,right,2,pregrasp,32,48,16,0.4,0.3404255319148936,0,8,0.3,0.7,8,0.20042410492897034,0.21382805705070496,0.21382805705070496,0.20042410492897034,-0.01340395212173462,0.477576345205307,-0.012082882225513458,0.36780381202697754
test,C0,18,2026_08_18_00_56_19_492037_L3_right_C0,right,pick up the right block,pick up the red block,L3,red,left,right,2,pregrasp,32,48,16,0.4,0.3404255319148936,1,8,0.3,0.7,8,0.35190606117248535,0.36030325293540955,0.36030325293540955,0.35190606117248535,-0.008397191762924194,0.477576345205307,-0.012082882225513458,0.36780381202697754
test,C0,18,2026_08_18_00_56_19_492037_L3_right_C0,right,pick up the right block,pick up the red block,L3,red,left,right,2,pregrasp,32,48,16,0.4,0.3404255319148936,2,8,0.3,0.7,8,0.39315539598464966,0.44540512561798096,0.44540512561798096,0.39315539598464966,-0.0522497296333313,0.477576345205307,-0.012082882225513458,0.36780381202697754
test,C0,18,2026_08_18_00_56_19_492037_L3_right_C0,right,pick up the right block,pick up the red block,L3,red,left,right,2,pregrasp,32,48,16,0.4,0.3404255319148936,3,8,0.3,0.7,8,0.16139748692512512,0.12920042872428894,0.12920042872428894,0.16139748692512512,0.03219705820083618,0.477576345205307,-0.012082882225513458,0.36780381202697754
test,C0,18,2026_08_18_00_56_19_492037_L3_right_C0,right,pick up the right block,pick up the red block,L3,red,left,right,2,pregrasp,32,48,16,0.4,0.3404255319148936,4,8,0.3,0.7,8,0.29862087965011597,0.30516186356544495,0.30516186356544495,0.29862087965011597,-0.0065409839153289795,0.477576345205307,-0.012082882225513458,0.36780381202697754
test,C0,18,2026_08_18_00_56_19_492037_L3_right_C0,right,pick up the right block,pick up the red block,L3,red,left,right,2,pregrasp,32,48,16,0.4,0.3404255319148936,5,8,0.3,0.7,8,0.26894256472587585,0.26115626096725464,0.26115626096725464,0.26894256472587585,0.007786303758621216,0.477576345205307,-0.012082882225513458,0.36780381202697754
test,C0,18,2026_08_18_00_56_19_492037_L3_right_C0,right,pick up the right block,pick up the red block,L3,red,left,right,2,pregrasp,32,48,16,0.4,0.3404255319148936,6,8,0.3,0.7,8,0.23557178676128387,0.2191852331161499,0.2191852331161499,0.23557178676128387,0.016386553645133972,0.477576345205307,-0.012082882225513458,0.36780381202697754
test,C0,18,2026_08_18_00_56_19_492037_L3_right_C0,right,pick up the right block,pick up the red block,L3,red,left,right,2,pregrasp,32,48,16,0.4,0.3404255319148936,7,8,0.3,0.7,8,0.15319792926311493,0.14999201893806458,0.14999201893806458,0.15319792926311493,0.003205910325050354,0.477576345205307,-0.012082882225513458,0.36780381202697754
test,C0,18,2026_08_18_00_56_19_492037_L3_right_C0,right,pick up the right block,pick up the red block,L3,red,left,right,2,pregrasp,32,48,16,0.4,0.3404255319148936,8,8,0.3,0.7,8,0.25375860929489136,0.26257532835006714,0.26257532835006714,0.25375860929489136,-0.008816719055175781,0.477576345205307,-0.012082882225513458,0.36780381202697754
test,C0,18,2026_08_18_00_56_19_492037_L3_right_C0,right,pick up the right block,pick up the red block,L3,red,left,right,2,pregrasp,32,48,16,0.4,0.3404255319148936,9,8,0.3,0.7,8,0.2954323887825012,0.3240010738372803,0.3240010738372803,0.2954323887825012,-0.028568685054779053,0.477576345205307,-0.012082882225513458,0.36780381202697754
test,C0,18,2026_08_18_00_56_19_492037_L3_right_C0,right,pick up the right block,pick up the red block,L3,red,left,right,3,pregrasp,48,64,16,0.5333333333333333,0.45390070921985815,0,8,0.3,0.7,8,0.2388264238834381,0.22273309528827667,0.22273309528827667,0.2388264238834381,0.016093328595161438,0.5283117890357971,-0.018828600645065308,0.3204621970653534
test,C0,18,2026_08_18_00_56_19_492037_L3_right_C0,right,pick up the right block,pick up the red block,L3,red,left,right,3,pregrasp,48,64,16,0.5333333333333333,0.45390070921985815,1,8,0.3,0.7,8,0.19522203505039215,0.18543532490730286,0.18543532490730286,0.19522203505039215,0.009786710143089294,0.5283117890357971,-0.018828600645065308,0.3204621970653534
test,C0,18,2026_08_18_00_56_19_492037_L3_right_C0,right,pick up the right block,pick up the red block,L3,red,left,right,3,pregrasp,48,64,16,0.5333333333333333,0.45390070921985815,2,8,0.3,0.7,8,0.22684574127197266,0.21203792095184326,0.21203792095184326,0.22684574127197266,0.014807820320129395,0.5283117890357971,-0.018828600645065308,0.3204621970653534
test,C0,18,2026_08_18_00_56_19_492037_L3_right_C0,right,pick up the right block,pick up the red block,L3,red,left,right,3,pregrasp,48,64,16,0.5333333333333333,0.45390070921985815,3,8,0.3,0.7,8,0.260405570268631,0.28073668479919434,0.28073668479919434,0.260405570268631,-0.020331114530563354,0.5283117890357971,-0.018828600645065308,0.3204621970653534
test,C0,18,2026_08_18_00_56_19_492037_L3_right_C0,right,pick up the right block,pick up the red block,L3,red,left,right,3,pregrasp,48,64,16,0.5333333333333333,0.45390070921985815,4,8,0.3,0.7,8,0.18598471581935883,0.162372887134552,0.162372887134552,0.18598471581935883,0.023611828684806824,0.5283117890357971,-0.018828600645065308,0.3204621970653534
test,C0,18,2026_08_18_00_56_19_492037_L3_right_C0,right,pick up the right block,pick up the red block,L3,red,left,right,3,pregrasp,48,64,16,0.5333333333333333,0.45390070921985815,5,8,0.3,0.7,8,0.21982504427433014,0.2087121158838272,0.2087121158838272,0.21982504427433014,0.01111292839050293,0.5283117890357971,-0.018828600645065308,0.3204621970653534
test,C0,18,2026_08_18_00_56_19_492037_L3_right_C0,right,pick up the right block,pick up the red block,L3,red,left,right,3,pregrasp,48,64,16,0.5333333333333333,0.45390070921985815,6,8,0.3,0.7,8,0.16324248909950256,0.1592291295528412,0.1592291295528412,0.16324248909950256,0.004013359546661377,0.5283117890357971,-0.018828600645065308,0.3204621970653534
test,C0,18,2026_08_18_00_56_19_492037_L3_right_C0,right,pick up the right block,pick up the red block,L3,red,left,right,3,pregrasp,48,64,16,0.5333333333333333,0.45390070921985815,7,8,0.3,0.7,8,0.21259815990924835,0.203553706407547,0.203553706407547,0.21259815990924835,0.009044453501701355,0.5283117890357971,-0.018828600645065308,0.3204621970653534
test,C0,18,2026_08_18_00_56_19_492037_L3_right_C0,right,pick up the right block,pick up the red block,L3,red,left,right,3,pregrasp,48,64,16,0.5333333333333333,0.45390070921985815,8,8,0.3,0.7,8,0.3102221190929413,0.3133542537689209,0.3133542537689209,0.3102221190929413,-0.0031321346759796143,0.5283117890357971,-0.018828600645065308,0.3204621970653534
test,C0,18,2026_08_18_00_56_19_492037_L3_right_C0,right,pick up the right block,pick up the red block,L3,red,left,right,3,pregrasp,48,64,16,0.5333333333333333,0.45390070921985815,9,8,0.3,0.7,8,0.1625693440437317,0.13629238307476044,0.13629238307476044,0.1625693440437317,0.026276960968971252,0.5283117890357971,-0.018828600645065308,0.3204621970653534
test,C0,18,2026_08_18_00_56_19_492037_L3_right_C0,right,pick up the right block,pick up the red block,L3,red,left,right,4,pregrasp,64,80,16,0.6666666666666666,0.5673758865248227,0,8,0.3,0.7,8,0.25247326493263245,0.26072999835014343,0.26072999835014343,0.25247326493263245,-0.008256733417510986,0.5789881348609924,-0.026126015931367874,0.27299004793167114
test,C0,18,2026_08_18_00_56_19_492037_L3_right_C0,right,pick up the right block,pick up the red block,L3,red,left,right,4,pregrasp,64,80,16,0.6666666666666666,0.5673758865248227,1,8,0.3,0.7,8,0.19319388270378113,0.19139184057712555,0.19139184057712555,0.19319388270378113,0.0018020421266555786,0.5789881348609924,-0.026126015931367874,0.27299004793167114
test,C0,18,2026_08_18_00_56_19_492037_L3_right_C0,right,pick up the right block,pick up the red block,L3,red,left,right,4,pregrasp,64,80,16,0.6666666666666666,0.5673758865248227,2,8,0.3,0.7,8,0.26204290986061096,0.2846595048904419,0.2846595048904419,0.26204290986061096,-0.022616595029830933,0.5789881348609924,-0.026126015931367874,0.27299004793167114
test,C0,18,2026_08_18_00_56_19_492037_L3_right_C0,right,pick up the right block,pick up the red block,L3,red,left,right,4,pregrasp,64,80,16,0.6666666666666666,0.5673758865248227,3,8,0.3,0.7,8,0.2873063087463379,0.2980589270591736,0.2980589270591736,0.2873063087463379,-0.010752618312835693,0.5789881348609924,-0.026126015931367874,0.27299004793167114
test,C0,18,2026_08_18_00_56_19_492037_L3_right_C0,right,pick up the right block,pick up the red block,L3,red,left,right,4,pregrasp,64,80,16,0.6666666666666666,0.5673758865248227,4,8,0.3,0.7,8,0.21224536001682281,0.2098376601934433,0.2098376601934433,0.21224536001682281,0.0024076998233795166,0.5789881348609924,-0.026126015931367874,0.27299004793167114
test,C0,18,2026_08_18_00_56_19_492037_L3_right_C0,right,pick up the right block,pick up the red block,L3,red,left,right,4,pregrasp,64,80,16,0.6666666666666666,0.5673758865248227,5,8,0.3,0.7,8,0.23235537111759186,0.2462051510810852,0.2462051510810852,0.23235537111759186,-0.013849779963493347,0.5789881348609924,-0.026126015931367874,0.27299004793167114
test,C0,18,2026_08_18_00_56_19_492037_L3_right_C0,right,pick up the right block,pick up the red block,L3,red,left,right,4,pregrasp,64,80,16,0.6666666666666666,0.5673758865248227,6,8,0.3,0.7,8,0.19684447348117828,0.20603059232234955,0.20603059232234955,0.19684447348117828,-0.009186118841171265,0.5789881348609924,-0.026126015931367874,0.27299004793167114
test,C0,18,2026_08_18_00_56_19_492037_L3_right_C0,right,pick up the right block,pick up the red block,L3,red,left,right,4,pregrasp,64,80,16,0.6666666666666666,0.5673758865248227,7,8,0.3,0.7,8,0.20908132195472717,0.2104496955871582,0.2104496955871582,0.20908132195472717,-0.0013683736324310303,0.5789881348609924,-0.026126015931367874,0.27299004793167114
test,C0,18,2026_08_18_00_56_19_492037_L3_right_C0,right,pick up the right block,pick up the red block,L3,red,left,right,4,pregrasp,64,80,16,0.6666666666666666,0.5673758865248227,8,8,0.3,0.7,8,0.16322357952594757,0.16369721293449402,0.16369721293449402,0.16322357952594757,-0.00047363340854644775,0.5789881348609924,-0.026126015931367874,0.27299004793167114
test,C0,18,2026_08_18_00_56_19_492037_L3_right_C0,right,pick up the right block,pick up the red block,L3,red,left,right,4,pregrasp,64,80,16,0.6666666666666666,0.5673758865248227,9,8,0.3,0.7,8,0.22522863745689392,0.2423522174358368,0.2423522174358368,0.22522863745689392,-0.01712357997894287,0.5789881348609924,-0.026126015931367874,0.27299004793167114
test,C0,18,2026_08_18_00_56_19_492037_L3_right_C0,right,pick up the right block,pick up the red block,L3,red,left,right,5,pregrasp,80,96,16,0.8,0.6808510638297872,0,8,0.3,0.7,8,0.21302631497383118,0.20822028815746307,0.20822028815746307,0.21302631497383118,0.004806026816368103,0.6294604539871216,-0.03545784205198288,0.22462382912635803
test,C0,18,2026_08_18_00_56_19_492037_L3_right_C0,right,pick up the right block,pick up the red block,L3,red,left,right,5,pregrasp,80,96,16,0.8,0.6808510638297872,1,8,0.3,0.7,8,0.36121469736099243,0.347405344247818,0.347405344247818,0.36121469736099243,0.013809353113174438,0.6294604539871216,-0.03545784205198288,0.22462382912635803
test,C0,18,2026_08_18_00_56_19_492037_L3_right_C0,right,pick up the right block,pick up the red block,L3,red,left,right,5,pregrasp,80,96,16,0.8,0.6808510638297872,2,8,0.3,0.7,8,0.337101012468338,0.31316938996315,0.31316938996315,0.337101012468338,0.02393162250518799,0.6294604539871216,-0.03545784205198288,0.22462382912635803
test,C0,18,2026_08_18_00_56_19_492037_L3_right_C0,right,pick up the right block,pick up the red block,L3,red,left,right,5,pregrasp,80,96,16,0.8,0.6808510638297872,3,8,0.3,0.7,8,0.2631075978279114,0.2688813805580139,0.2688813805580139,0.2631075978279114,-0.005773782730102539,0.6294604539871216,-0.03545784205198288,0.22462382912635803
test,C0,18,2026_08_18_00_56_19_492037_L3_right_C0,right,pick up the right block,pick up the red block,L3,red,left,right,5,pregrasp,80,96,16,0.8,0.6808510638297872,4,8,0.3,0.7,8,0.25411126017570496,0.23673896491527557,0.23673896491527557,0.25411126017570496,0.017372295260429382,0.6294604539871216,-0.03545784205198288,0.22462382912635803
test,C0,18,2026_08_18_00_56_19_492037_L3_right_C0,right,pick up the right block,pick up the red block,L3,red,left,right,5,pregrasp,80,96,16,0.8,0.6808510638297872,5,8,0.3,0.7,8,0.21184100210666656,0.20353808999061584,0.20353808999061584,0.21184100210666656,0.00830291211605072,0.6294604539871216,-0.03545784205198288,0.22462382912635803
test,C0,18,2026_08_18_00_56_19_492037_L3_right_C0,right,pick up the right block,pick up the red block,L3,red,left,right,5,pregrasp,80,96,16,0.8,0.6808510638297872,6,8,0.3,0.7,8,0.30414044857025146,0.29357093572616577,0.29357093572616577,0.30414044857025146,0.010569512844085693,0.6294604539871216,-0.03545784205198288,0.22462382912635803
test,C0,18,2026_08_18_00_56_19_492037_L3_right_C0,right,pick up the right block,pick up the red block,L3,red,left,right,5,pregrasp,80,96,16,0.8,0.6808510638297872,7,8,0.3,0.7,8,0.23442810773849487,0.22556720674037933,0.22556720674037933,0.23442810773849487,0.00886090099811554,0.6294604539871216,-0.03545784205198288,0.22462382912635803
test,C0,18,2026_08_18_00_56_19_492037_L3_right_C0,right,pick up the right block,pick up the red block,L3,red,left,right,5,pregrasp,80,96,16,0.8,0.6808510638297872,8,8,0.3,0.7,8,0.226478710770607,0.2175760120153427,0.2175760120153427,0.226478710770607,0.008902698755264282,0.6294604539871216,-0.03545784205198288,0.22462382912635803
test,C0,18,2026_08_18_00_56_19_492037_L3_right_C0,right,pick up the right block,pick up the red block,L3,red,left,right,5,pregrasp,80,96,16,0.8,0.6808510638297872,9,8,0.3,0.7,8,0.3566954433917999,0.34766238927841187,0.34766238927841187,0.3566954433917999,0.009033054113388062,0.6294604539871216,-0.03545784205198288,0.22462382912635803
test,C0,18,2026_08_18_00_56_19_492037_L3_right_C0,right,pick up the right block,pick up the red block,L3,red,left,right,6,pregrasp,96,112,16,0.9333333333333333,0.7943262411347518,0,8,0.3,0.7,8,0.3092789351940155,0.311771035194397,0.311771035194397,0.3092789351940155,-0.0024921000003814697,0.666978120803833,-0.03957858681678772,0.18872563540935516
test,C0,18,2026_08_18_00_56_19_492037_L3_right_C0,right,pick up the right block,pick up the red block,L3,red,left,right,6,pregrasp,96,112,16,0.9333333333333333,0.7943262411347518,1,8,0.3,0.7,8,0.22988954186439514,0.23133152723312378,0.23133152723312378,0.22988954186439514,-0.0014419853687286377,0.666978120803833,-0.03957858681678772,0.18872563540935516
test,C0,18,2026_08_18_00_56_19_492037_L3_right_C0,right,pick up the right block,pick up the red block,L3,red,left,right,6,pregrasp,96,112,16,0.9333333333333333,0.7943262411347518,2,8,0.3,0.7,8,0.2621888518333435,0.26381903886795044,0.26381903886795044,0.2621888518333435,-0.0016301870346069336,0.666978120803833,-0.03957858681678772,0.18872563540935516
test,C0,18,2026_08_18_00_56_19_492037_L3_right_C0,right,pick up the right block,pick up the red block,L3,red,left,right,6,pregrasp,96,112,16,0.9333333333333333,0.7943262411347518,3,8,0.3,0.7,8,0.17607830464839935,0.17821630835533142,0.17821630835533142,0.17607830464839935,-0.002138003706932068,0.666978120803833,-0.03957858681678772,0.18872563540935516
test,C0,18,2026_08_18_00_56_19_492037_L3_right_C0,right,pick up the right block,pick up the red block,L3,red,left,right,6,pregrasp,96,112,16,0.9333333333333333,0.7943262411347518,4,8,0.3,0.7,8,0.27058351039886475,0.27213427424430847,0.27213427424430847,0.27058351039886475,-0.0015507638454437256,0.666978120803833,-0.03957858681678772,0.18872563540935516
test,C0,18,2026_08_18_00_56_19_492037_L3_right_C0,right,pick up the right block,pick up the red block,L3,red,left,right,6,pregrasp,96,112,16,0.9333333333333333,0.7943262411347518,5,8,0.3,0.7,8,0.2663874626159668,0.2684471309185028,0.2684471309185028,0.2663874626159668,-0.0020596683025360107,0.666978120803833,-0.03957858681678772,0.18872563540935516
test,C0,18,2026_08_18_00_56_19_492037_L3_right_C0,right,pick up the right block,pick up the red block,L3,red,left,right,6,pregrasp,96,112,16,0.9333333333333333,0.7943262411347518,6,8,0.3,0.7,8,0.16439290344715118,0.16729111969470978,0.16729111969470978,0.16439290344715118,-0.0028982162475585938,0.666978120803833,-0.03957858681678772,0.18872563540935516
test,C0,18,2026_08_18_00_56_19_492037_L3_right_C0,right,pick up the right block,pick up the red block,L3,red,left,right,6,pregrasp,96,112,16,0.9333333333333333,0.7943262411347518,7,8,0.3,0.7,8,0.15528389811515808,0.15610376000404358,0.15610376000404358,0.15528389811515808,-0.000819861888885498,0.666978120803833,-0.03957858681678772,0.18872563540935516
test,C0,18,2026_08_18_00_56_19_492037_L3_right_C0,right,pick up the right block,pick up the red block,L3,red,left,right,6,pregrasp,96,112,16,0.9333333333333333,0.7943262411347518,8,8,0.3,0.7,8,0.1749456226825714,0.1758207380771637,0.1758207380771637,0.1749456226825714,-0.0008751153945922852,0.666978120803833,-0.03957858681678772,0.18872563540935516
test,C0,18,2026_08_18_00_56_19_492037_L3_right_C0,right,pick up the right block,pick up the red block,L3,red,left,right,6,pregrasp,96,112,16,0.9333333333333333,0.7943262411347518,9,8,0.3,0.7,8,0.2020300328731537,0.20274114608764648,0.20274114608764648,0.2020300328731537,-0.0007111132144927979,0.666978120803833,-0.03957858681678772,0.18872563540935516
test,C0,18,2026_08_18_00_56_19_492037_L3_right_C0,right,pick up the right block,pick up the red block,L3,red,left,right,7,pregrasp,112,120,8,1.0,0.851063829787234,0,8,0.3,0.7,8,0.25113776326179504,0.24833041429519653,0.24833041429519653,0.25113776326179504,0.0028073489665985107,0.6673331260681152,-0.03953440114855766,0.18883733451366425
test,C0,18,2026_08_18_00_56_19_492037_L3_right_C0,right,pick up the right block,pick up the red block,L3,red,left,right,7,pregrasp,112,120,8,1.0,0.851063829787234,1,8,0.3,0.7,8,0.2694648802280426,0.2702704071998596,0.2702704071998596,0.2694648802280426,-0.0008055269718170166,0.6673331260681152,-0.03953440114855766,0.18883733451366425
test,C0,18,2026_08_18_00_56_19_492037_L3_right_C0,right,pick up the right block,pick up the red block,L3,red,left,right,7,pregrasp,112,120,8,1.0,0.851063829787234,2,8,0.3,0.7,8,0.1961972862482071,0.19356198608875275,0.19356198608875275,0.1961972862482071,0.0026353001594543457,0.6673331260681152,-0.03953440114855766,0.18883733451366425
test,C0,18,2026_08_18_00_56_19_492037_L3_right_C0,right,pick up the right block,pick up the red block,L3,red,left,right,7,pregrasp,112,120,8,1.0,0.851063829787234,3,8,0.3,0.7,8,0.18347664177417755,0.18414446711540222,0.18414446711540222,0.18347664177417755,-0.0006678253412246704,0.6673331260681152,-0.03953440114855766,0.18883733451366425
test,C0,18,2026_08_18_00_56_19_492037_L3_right_C0,right,pick up the right block,pick up the red block,L3,red,left,right,7,pregrasp,112,120,8,1.0,0.851063829787234,4,8,0.3,0.7,8,0.21256540715694427,0.20654712617397308,0.20654712617397308,0.21256540715694427,0.006018280982971191,0.6673331260681152,-0.03953440114855766,0.18883733451366425
test,C0,18,2026_08_18_00_56_19_492037_L3_right_C0,right,pick up the right block,pick up the red block,L3,red,left,right,7,pregrasp,112,120,8,1.0,0.851063829787234,5,8,0.3,0.7,8,0.21355099976062775,0.21315522491931915,0.21315522491931915,0.21355099976062775,0.00039577484130859375,0.6673331260681152,-0.03953440114855766,0.18883733451366425
test,C0,18,2026_08_18_00_56_19_492037_L3_right_C0,right,pick up the right block,pick up the red block,L3,red,left,right,7,pregrasp,112,120,8,1.0,0.851063829787234,6,8,0.3,0.7,8,0.279335618019104,0.2804587483406067,0.2804587483406067,0.279335618019104,-0.0011231303215026855,0.6673331260681152,-0.03953440114855766,0.18883733451366425
test,C0,18,2026_08_18_00_56_19_492037_L3_right_C0,right,pick up the right block,pick up the red block,L3,red,left,right,7,pregrasp,112,120,8,1.0,0.851063829787234,7,8,0.3,0.7,8,0.11256740987300873,0.1091199591755867,0.1091199591755867,0.11256740987300873,0.0034474506974220276,0.6673331260681152,-0.03953440114855766,0.18883733451366425
test,C0,18,2026_08_18_00_56_19_492037_L3_right_C0,right,pick up the right block,pick up the red block,L3,red,left,right,7,pregrasp,112,120,8,1.0,0.851063829787234,8,8,0.3,0.7,8,0.1940372735261917,0.19546177983283997,0.19546177983283997,0.1940372735261917,-0.0014245063066482544,0.6673331260681152,-0.03953440114855766,0.18883733451366425
test,C0,18,2026_08_18_00_56_19_492037_L3_right_C0,right,pick up the right block,pick up the red block,L3,red,left,right,7,pregrasp,112,120,8,1.0,0.851063829787234,9,8,0.3,0.7,8,0.1713174432516098,0.17099130153656006,0.17099130153656006,0.1713174432516098,0.00032614171504974365,0.6673331260681152,-0.03953440114855766,0.18883733451366425
test,C0,18,2026_08_18_00_56_19_492037_L3_right_C0,right,pick up the right block,pick up the red block,L3,red,left,right,8,postgrasp,120,136,16,1.0,0.9645390070921985,0,8,0.3,0.7,8,0.33404144644737244,0.3302779793739319,0.3302779793739319,0.33404144644737244,0.0037634670734405518,0.6679441332817078,-0.03962864354252815,0.18927785754203796
test,C0,18,2026_08_18_00_56_19_492037_L3_right_C0,right,pick up the right block,pick up the red block,L3,red,left,right,8,postgrasp,120,136,16,1.0,0.9645390070921985,1,8,0.3,0.7,8,0.363362193107605,0.34807413816452026,0.34807413816452026,0.363362193107605,0.015288054943084717,0.6679441332817078,-0.03962864354252815,0.18927785754203796
test,C0,18,2026_08_18_00_56_19_492037_L3_right_C0,right,pick up the right block,pick up the red block,L3,red,left,right,8,postgrasp,120,136,16,1.0,0.9645390070921985,2,8,0.3,0.7,8,0.42004483938217163,0.41701775789260864,0.41701775789260864,0.42004483938217163,0.0030270814895629883,0.6679441332817078,-0.03962864354252815,0.18927785754203796
test,C0,18,2026_08_18_00_56_19_492037_L3_right_C0,right,pick up the right block,pick up the red block,L3,red,left,right,8,postgrasp,120,136,16,1.0,0.9645390070921985,3,8,0.3,0.7,8,0.42240768671035767,0.4177848696708679,0.4177848696708679,0.42240768671035767,0.004622817039489746,0.6679441332817078,-0.03962864354252815,0.18927785754203796
test,C0,18,2026_08_18_00_56_19_492037_L3_right_C0,right,pick up the right block,pick up the red block,L3,red,left,right,8,postgrasp,120,136,16,1.0,0.9645390070921985,4,8,0.3,0.7,8,0.3921247720718384,0.38188934326171875,0.38188934326171875,0.3921247720718384,0.010235428810119629,0.6679441332817078,-0.03962864354252815,0.18927785754203796
test,C0,18,2026_08_18_00_56_19_492037_L3_right_C0,right,pick up the right block,pick up the red block,L3,red,left,right,8,postgrasp,120,136,16,1.0,0.9645390070921985,5,8,0.3,0.7,8,0.3459325134754181,0.34294211864471436,0.34294211864471436,0.3459325134754181,0.0029903948307037354,0.6679441332817078,-0.03962864354252815,0.18927785754203796
test,C0,18,2026_08_18_00_56_19_492037_L3_right_C0,right,pick up the right block,pick up the red block,L3,red,left,right,8,postgrasp,120,136,16,1.0,0.9645390070921985,6,8,0.3,0.7,8,0.30141758918762207,0.2975498139858246,0.2975498139858246,0.30141758918762207,0.0038677752017974854,0.6679441332817078,-0.03962864354252815,0.18927785754203796
test,C0,18,2026_08_18_00_56_19_492037_L3_right_C0,right,pick up the right block,pick up the red block,L3,red,left,right,8,postgrasp,120,136,16,1.0,0.9645390070921985,7,8,0.3,0.7,8,0.38494187593460083,0.38217806816101074,0.38217806816101074,0.38494187593460083,0.002763807773590088,0.6679441332817078,-0.03962864354252815,0.18927785754203796
test,C0,18,2026_08_18_00_56_19_492037_L3_right_C0,right,pick up the right block,pick up the red block,L3,red,left,right,8,postgrasp,120,136,16,1.0,0.9645390070921985,8,8,0.3,0.7,8,0.37062668800354004,0.362881600856781,0.362881600856781,0.37062668800354004,0.007745087146759033,0.6679441332817078,-0.03962864354252815,0.18927785754203796
test,C0,18,2026_08_18_00_56_19_492037_L3_right_C0,right,pick up the right block,pick up the red block,L3,red,left,right,8,postgrasp,120,136,16,1.0,0.9645390070921985,9,8,0.3,0.7,8,0.41817986965179443,0.41158390045166016,0.41158390045166016,0.41817986965179443,0.006595969200134277,0.6679441332817078,-0.03962864354252815,0.18927785754203796
test,C0,18,2026_08_18_00_56_19_492037_L3_right_C0,right,pick up the right block,pick up the red block,L3,red,left,right,9,postgrasp,136,141,5,1.0,1.0,0,8,0.3,0.7,8,0.2457905113697052,0.24750077724456787,0.24750077724456787,0.2457905113697052,-0.001710265874862671,0.6679518818855286,-0.03962956368923187,0.18927915394306183
test,C0,18,2026_08_18_00_56_19_492037_L3_right_C0,right,pick up the right block,pick up the red block,L3,red,left,right,9,postgrasp,136,141,5,1.0,1.0,1,8,0.3,0.7,8,0.19025833904743195,0.1902213841676712,0.1902213841676712,0.19025833904743195,3.695487976074219e-05,0.6679518818855286,-0.03962956368923187,0.18927915394306183
test,C0,18,2026_08_18_00_56_19_492037_L3_right_C0,right,pick up the right block,pick up the red block,L3,red,left,right,9,postgrasp,136,141,5,1.0,1.0,2,8,0.3,0.7,8,0.2620161175727844,0.2719498872756958,0.2719498872756958,0.2620161175727844,-0.009933769702911377,0.6679518818855286,-0.03962956368923187,0.18927915394306183
test,C0,18,2026_08_18_00_56_19_492037_L3_right_C0,right,pick up the right block,pick up the red block,L3,red,left,right,9,postgrasp,136,141,5,1.0,1.0,3,8,0.3,0.7,8,0.23288288712501526,0.2364846169948578,0.2364846169948578,0.23288288712501526,-0.0036017298698425293,0.6679518818855286,-0.03962956368923187,0.18927915394306183
test,C0,18,2026_08_18_00_56_19_492037_L3_right_C0,right,pick up the right block,pick up the red block,L3,red,left,right,9,postgrasp,136,141,5,1.0,1.0,4,8,0.3,0.7,8,0.24827849864959717,0.24976679682731628,0.24976679682731628,0.24827849864959717,-0.0014882981777191162,0.6679518818855286,-0.03962956368923187,0.18927915394306183
test,C0,18,2026_08_18_00_56_19_492037_L3_right_C0,right,pick up the right block,pick up the red block,L3,red,left,right,9,postgrasp,136,141,5,1.0,1.0,5,8,0.3,0.7,8,0.30342280864715576,0.3088337481021881,0.3088337481021881,0.30342280864715576,-0.005410939455032349,0.6679518818855286,-0.03962956368923187,0.18927915394306183
test,C0,18,2026_08_18_00_56_19_492037_L3_right_C0,right,pick up the right block,pick up the red block,L3,red,left,right,9,postgrasp,136,141,5,1.0,1.0,6,8,0.3,0.7,8,0.3055175542831421,0.3060522973537445,0.3060522973537445,0.3055175542831421,-0.000534743070602417,0.6679518818855286,-0.03962956368923187,0.18927915394306183
test,C0,18,2026_08_18_00_56_19_492037_L3_right_C0,right,pick up the right block,pick up the red block,L3,red,left,right,9,postgrasp,136,141,5,1.0,1.0,7,8,0.3,0.7,8,0.3051753044128418,0.31044086813926697,0.31044086813926697,0.3051753044128418,-0.005265563726425171,0.6679518818855286,-0.03962956368923187,0.18927915394306183
test,C0,18,2026_08_18_00_56_19_492037_L3_right_C0,right,pick up the right block,pick up the red block,L3,red,left,right,9,postgrasp,136,141,5,1.0,1.0,8,8,0.3,0.7,8,0.216476708650589,0.20926979184150696,0.20926979184150696,0.216476708650589,0.007206916809082031,0.6679518818855286,-0.03962956368923187,0.18927915394306183
test,C0,18,2026_08_18_00_56_19_492037_L3_right_C0,right,pick up the right block,pick up the red block,L3,red,left,right,9,postgrasp,136,141,5,1.0,1.0,9,8,0.3,0.7,8,0.299794465303421,0.3004486560821533,0.3004486560821533,0.299794465303421,-0.0006541907787322998,0.6679518818855286,-0.03962956368923187,0.18927915394306183
test,C1,19,2026_08_18_00_56_48_148319_L3_right_C1,right,pick up the right block,pick up the red block,L3,red,left,right,0,pregrasp,0,16,16,0.12121212121212122,0.10457516339869281,0,8,0.3,0.7,8,0.30103394389152527,0.2636919915676117,0.2636919915676117,0.30103394389152527,0.037341952323913574,0.3729608952999115,-0.025423092767596245,0.4784579575061798
test,C1,19,2026_08_18_00_56_48_148319_L3_right_C1,right,pick up the right block,pick up the red block,L3,red,left,right,0,pregrasp,0,16,16,0.12121212121212122,0.10457516339869281,1,8,0.3,0.7,8,0.3730420470237732,0.3064623475074768,0.3064623475074768,0.3730420470237732,0.06657969951629639,0.3729608952999115,-0.025423092767596245,0.4784579575061798
test,C1,19,2026_08_18_00_56_48_148319_L3_right_C1,right,pick up the right block,pick up the red block,L3,red,left,right,0,pregrasp,0,16,16,0.12121212121212122,0.10457516339869281,2,8,0.3,0.7,8,0.3253825306892395,0.2716352641582489,0.2716352641582489,0.3253825306892395,0.0537472665309906,0.3729608952999115,-0.025423092767596245,0.4784579575061798
test,C1,19,2026_08_18_00_56_48_148319_L3_right_C1,right,pick up the right block,pick up the red block,L3,red,left,right,0,pregrasp,0,16,16,0.12121212121212122,0.10457516339869281,3,8,0.3,0.7,8,0.4105461537837982,0.409290611743927,0.409290611743927,0.4105461537837982,0.0012555420398712158,0.3729608952999115,-0.025423092767596245,0.4784579575061798
test,C1,19,2026_08_18_00_56_48_148319_L3_right_C1,right,pick up the right block,pick up the red block,L3,red,left,right,0,pregrasp,0,16,16,0.12121212121212122,0.10457516339869281,4,8,0.3,0.7,8,0.36167091131210327,0.36691027879714966,0.36691027879714966,0.36167091131210327,-0.005239367485046387,0.3729608952999115,-0.025423092767596245,0.4784579575061798
test,C1,19,2026_08_18_00_56_48_148319_L3_right_C1,right,pick up the right block,pick up the red block,L3,red,left,right,0,pregrasp,0,16,16,0.12121212121212122,0.10457516339869281,5,8,0.3,0.7,8,0.4449118971824646,0.45838823914527893,0.45838823914527893,0.4449118971824646,-0.013476341962814331,0.3729608952999115,-0.025423092767596245,0.4784579575061798
test,C1,19,2026_08_18_00_56_48_148319_L3_right_C1,right,pick up the right block,pick up the red block,L3,red,left,right,0,pregrasp,0,16,16,0.12121212121212122,0.10457516339869281,6,8,0.3,0.7,8,0.2690938413143158,0.24975132942199707,0.24975132942199707,0.2690938413143158,0.019342511892318726,0.3729608952999115,-0.025423092767596245,0.4784579575061798
test,C1,19,2026_08_18_00_56_48_148319_L3_right_C1,right,pick up the right block,pick up the red block,L3,red,left,right,0,pregrasp,0,16,16,0.12121212121212122,0.10457516339869281,7,8,0.3,0.7,8,0.3916968107223511,0.37114739418029785,0.37114739418029785,0.3916968107223511,0.020549416542053223,0.3729608952999115,-0.025423092767596245,0.4784579575061798
test,C1,19,2026_08_18_00_56_48_148319_L3_right_C1,right,pick up the right block,pick up the red block,L3,red,left,right,0,pregrasp,0,16,16,0.12121212121212122,0.10457516339869281,8,8,0.3,0.7,8,0.34342795610427856,0.339385986328125,0.339385986328125,0.34342795610427856,0.0040419697761535645,0.3729608952999115,-0.025423092767596245,0.4784579575061798
test,C1,19,2026_08_18_00_56_48_148319_L3_right_C1,right,pick up the right block,pick up the red block,L3,red,left,right,0,pregrasp,0,16,16,0.12121212121212122,0.10457516339869281,9,8,0.3,0.7,8,0.2982054352760315,0.2749387323856354,0.2749387323856354,0.2982054352760315,0.023266702890396118,0.3729608952999115,-0.025423092767596245,0.4784579575061798
test,C1,19,2026_08_18_00_56_48_148319_L3_right_C1,right,pick up the right block,pick up the red block,L3,red,left,right,1,pregrasp,16,32,16,0.24242424242424243,0.20915032679738563,0,8,0.3,0.7,8,0.251981645822525,0.25651252269744873,0.25651252269744873,0.251981645822525,-0.004530876874923706,0.4035109281539917,-0.07220179587602615,0.4392828047275543
test,C1,19,2026_08_18_00_56_48_148319_L3_right_C1,right,pick up the right block,pick up the red block,L3,red,left,right,1,pregrasp,16,32,16,0.24242424242424243,0.20915032679738563,1,8,0.3,0.7,8,0.17891491949558258,0.17323851585388184,0.17323851585388184,0.17891491949558258,0.005676403641700745,0.4035109281539917,-0.07220179587602615,0.4392828047275543
test,C1,19,2026_08_18_00_56_48_148319_L3_right_C1,right,pick up the right block,pick up the red block,L3,red,left,right,1,pregrasp,16,32,16,0.24242424242424243,0.20915032679738563,2,8,0.3,0.7,8,0.18925030529499054,0.2009136825799942,0.2009136825799942,0.18925030529499054,-0.011663377285003662,0.4035109281539917,-0.07220179587602615,0.4392828047275543
test,C1,19,2026_08_18_00_56_48_148319_L3_right_C1,right,pick up the right block,pick up the red block,L3,red,left,right,1,pregrasp,16,32,16,0.24242424242424243,0.20915032679738563,3,8,0.3,0.7,8,0.2810782790184021,0.275768905878067,0.275768905878067,0.2810782790184021,0.005309373140335083,0.4035109281539917,-0.07220179587602615,0.4392828047275543
test,C1,19,2026_08_18_00_56_48_148319_L3_right_C1,right,pick up the right block,pick up the red block,L3,red,left,right,1,pregrasp,16,32,16,0.24242424242424243,0.20915032679738563,4,8,0.3,0.7,8,0.2836942970752716,0.3269558548927307,0.3269558548927307,0.2836942970752716,-0.043261557817459106,0.4035109281539917,-0.07220179587602615,0.4392828047275543
test,C1,19,2026_08_18_00_56_48_148319_L3_right_C1,right,pick up the right block,pick up the red block,L3,red,left,right,1,pregrasp,16,32,16,0.24242424242424243,0.20915032679738563,5,8,0.3,0.7,8,0.28683555126190186,0.3165745735168457,0.3165745735168457,0.28683555126190186,-0.029739022254943848,0.4035109281539917,-0.07220179587602615,0.4392828047275543
test,C1,19,2026_08_18_00_56_48_148319_L3_right_C1,right,pick up the right block,pick up the red block,L3,red,left,right,1,pregrasp,16,32,16,0.24242424242424243,0.20915032679738563,6,8,0.3,0.7,8,0.24913260340690613,0.27419283986091614,0.27419283986091614,0.24913260340690613,-0.02506023645401001,0.4035109281539917,-0.07220179587602615,0.4392828047275543
test,C1,19,2026_08_18_00_56_48_148319_L3_right_C1,right,pick up the right block,pick up the red block,L3,red,left,right,1,pregrasp,16,32,16,0.24242424242424243,0.20915032679738563,7,8,0.3,0.7,8,0.2991512715816498,0.3239038586616516,0.3239038586616516,0.2991512715816498,-0.02475258708000183,0.4035109281539917,-0.07220179587602615,0.4392828047275543
test,C1,19,2026_08_18_00_56_48_148319_L3_right_C1,right,pick up the right block,pick up the red block,L3,red,left,right,1,pregrasp,16,32,16,0.24242424242424243,0.20915032679738563,8,8,0.3,0.7,8,0.24611112475395203,0.2640422582626343,0.2640422582626343,0.24611112475395203,-0.01793113350868225,0.4035109281539917,-0.07220179587602615,0.4392828047275543
test,C1,19,2026_08_18_00_56_48_148319_L3_right_C1,right,pick up the right block,pick up the red block,L3,red,left,right,1,pregrasp,16,32,16,0.24242424242424243,0.20915032679738563,9,8,0.3,0.7,8,0.23421616852283478,0.2711655795574188,0.2711655795574188,0.23421616852283478,-0.036949411034584045,0.4035109281539917,-0.07220179587602615,0.4392828047275543
test,C1,19,2026_08_18_00_56_48_148319_L3_right_C1,right,pick up the right block,pick up the red block,L3,red,left,right,2,pregrasp,32,48,16,0.36363636363636365,0.3137254901960784,0,8,0.3,0.7,8,0.23809632658958435,0.2800813317298889,0.2800813317298889,0.23809632658958435,-0.041985005140304565,0.4487106204032898,-0.10186780989170074,0.39636021852493286
test,C1,19,2026_08_18_00_56_48_148319_L3_right_C1,right,pick up the right block,pick up the red block,L3,red,left,right,2,pregrasp,32,48,16,0.36363636363636365,0.3137254901960784,1,8,0.3,0.7,8,0.1958930641412735,0.21762779355049133,0.21762779355049133,0.1958930641412735,-0.021734729409217834,0.4487106204032898,-0.10186780989170074,0.39636021852493286
test,C1,19,2026_08_18_00_56_48_148319_L3_right_C1,right,pick up the right block,pick up the red block,L3,red,left,right,2,pregrasp,32,48,16,0.36363636363636365,0.3137254901960784,2,8,0.3,0.7,8,0.1835295557975769,0.21088892221450806,0.21088892221450806,0.1835295557975769,-0.027359366416931152,0.4487106204032898,-0.10186780989170074,0.39636021852493286
test,C1,19,2026_08_18_00_56_48_148319_L3_right_C1,right,pick up the right block,pick up the red block,L3,red,left,right,2,pregrasp,32,48,16,0.36363636363636365,0.3137254901960784,3,8,0.3,0.7,8,0.14911256730556488,0.1297248750925064,0.1297248750925064,0.14911256730556488,0.01938769221305847,0.4487106204032898,-0.10186780989170074,0.39636021852493286
test,C1,19,2026_08_18_00_56_48_148319_L3_right_C1,right,pick up the right block,pick up the red block,L3,red,left,right,2,pregrasp,32,48,16,0.36363636363636365,0.3137254901960784,4,8,0.3,0.7,8,0.1503039300441742,0.16367632150650024,0.16367632150650024,0.1503039300441742,-0.01337239146232605,0.4487106204032898,-0.10186780989170074,0.39636021852493286
test,C1,19,2026_08_18_00_56_48_148319_L3_right_C1,right,pick up the right block,pick up the red block,L3,red,left,right,2,pregrasp,32,48,16,0.36363636363636365,0.3137254901960784,5,8,0.3,0.7,8,0.15853767096996307,0.180697500705719,0.180697500705719,0.15853767096996307,-0.02215982973575592,0.4487106204032898,-0.10186780989170074,0.39636021852493286
test,C1,19,2026_08_18_00_56_48_148319_L3_right_C1,right,pick up the right block,pick up the red block,L3,red,left,right,2,pregrasp,32,48,16,0.36363636363636365,0.3137254901960784,6,8,0.3,0.7,8,0.14794397354125977,0.17063702642917633,0.17063702642917633,0.14794397354125977,-0.022693052887916565,0.4487106204032898,-0.10186780989170074,0.39636021852493286
test,C1,19,2026_08_18_00_56_48_148319_L3_right_C1,right,pick up the right block,pick up the red block,L3,red,left,right,2,pregrasp,32,48,16,0.36363636363636365,0.3137254901960784,7,8,0.3,0.7,8,0.19456161558628082,0.2254796177148819,0.2254796177148819,0.19456161558628082,-0.030918002128601074,0.4487106204032898,-0.10186780989170074,0.39636021852493286
test,C1,19,2026_08_18_00_56_48_148319_L3_right_C1,right,pick up the right block,pick up the red block,L3,red,left,right,2,pregrasp,32,48,16,0.36363636363636365,0.3137254901960784,8,8,0.3,0.7,8,0.2767030596733093,0.2904055714607239,0.2904055714607239,0.2767030596733093,-0.01370251178741455,0.4487106204032898,-0.10186780989170074,0.39636021852493286
test,C1,19,2026_08_18_00_56_48_148319_L3_right_C1,right,pick up the right block,pick up the red block,L3,red,left,right,2,pregrasp,32,48,16,0.36363636363636365,0.3137254901960784,9,8,0.3,0.7,8,0.23663367331027985,0.2638184428215027,0.2638184428215027,0.23663367331027985,-0.02718476951122284,0.4487106204032898,-0.10186780989170074,0.39636021852493286
test,C1,19,2026_08_18_00_56_48_148319_L3_right_C1,right,pick up the right block,pick up the red block,L3,red,left,right,3,pregrasp,48,64,16,0.48484848484848486,0.41830065359477125,0,8,0.3,0.7,8,0.30609530210494995,0.3837939500808716,0.3837939500808716,0.30609530210494995,-0.07769864797592163,0.49819499254226685,-0.11269152164459229,0.3486998677253723
test,C1,19,2026_08_18_00_56_48_148319_L3_right_C1,right,pick up the right block,pick up the red block,L3,red,left,right,3,pregrasp,48,64,16,0.48484848484848486,0.41830065359477125,1,8,0.3,0.7,8,0.2721485495567322,0.3539283871650696,0.3539283871650696,0.2721485495567322,-0.0817798376083374,0.49819499254226685,-0.11269152164459229,0.3486998677253723
test,C1,19,2026_08_18_00_56_48_148319_L3_right_C1,right,pick up the right block,pick up the red block,L3,red,left,right,3,pregrasp,48,64,16,0.48484848484848486,0.41830065359477125,2,8,0.3,0.7,8,0.2742511034011841,0.33449164032936096,0.33449164032936096,0.2742511034011841,-0.06024053692817688,0.49819499254226685,-0.11269152164459229,0.3486998677253723
test,C1,19,2026_08_18_00_56_48_148319_L3_right_C1,right,pick up the right block,pick up the red block,L3,red,left,right,3,pregrasp,48,64,16,0.48484848484848486,0.41830065359477125,3,8,0.3,0.7,8,0.12568853795528412,0.16928915679454803,0.16928915679454803,0.12568853795528412,-0.043600618839263916,0.49819499254226685,-0.11269152164459229,0.3486998677253723
test,C1,19,2026_08_18_00_56_48_148319_L3_right_C1,right,pick up the right block,pick up the red block,L3,red,left,right,3,pregrasp,48,64,16,0.48484848484848486,0.41830065359477125,4,8,0.3,0.7,8,0.18644097447395325,0.2490667998790741,0.2490667998790741,0.18644097447395325,-0.06262582540512085,0.49819499254226685,-0.11269152164459229,0.3486998677253723
test,C1,19,2026_08_18_00_56_48_148319_L3_right_C1,right,pick up the right block,pick up the red block,L3,red,left,right,3,pregrasp,48,64,16,0.48484848484848486,0.41830065359477125,5,8,0.3,0.7,8,0.18326470255851746,0.21896931529045105,0.21896931529045105,0.18326470255851746,-0.035704612731933594,0.49819499254226685,-0.11269152164459229,0.3486998677253723
test,C1,19,2026_08_18_00_56_48_148319_L3_right_C1,right,pick up the right block,pick up the red block,L3,red,left,right,3,pregrasp,48,64,16,0.48484848484848486,0.41830065359477125,6,8,0.3,0.7,8,0.265488862991333,0.3371424376964569,0.3371424376964569,0.265488862991333,-0.0716535747051239,0.49819499254226685,-0.11269152164459229,0.3486998677253723
test,C1,19,2026_08_18_00_56_48_148319_L3_right_C1,right,pick up the right block,pick up the red block,L3,red,left,right,3,pregrasp,48,64,16,0.48484848484848486,0.41830065359477125,7,8,0.3,0.7,8,0.1735336184501648,0.2335166484117508,0.2335166484117508,0.1735336184501648,-0.059983029961586,0.49819499254226685,-0.11269152164459229,0.3486998677253723
test,C1,19,2026_08_18_00_56_48_148319_L3_right_C1,right,pick up the right block,pick up the red block,L3,red,left,right,3,pregrasp,48,64,16,0.48484848484848486,0.41830065359477125,8,8,0.3,0.7,8,0.20596790313720703,0.2655350863933563,0.2655350863933563,0.20596790313720703,-0.05956718325614929,0.49819499254226685,-0.11269152164459229,0.3486998677253723
test,C1,19,2026_08_18_00_56_48_148319_L3_right_C1,right,pick up the right block,pick up the red block,L3,red,left,right,3,pregrasp,48,64,16,0.48484848484848486,0.41830065359477125,9,8,0.3,0.7,8,0.22337155044078827,0.2767111659049988,0.2767111659049988,0.22337155044078827,-0.05333961546421051,0.49819499254226685,-0.11269152164459229,0.3486998677253723
test,C1,19,2026_08_18_00_56_48_148319_L3_right_C1,right,pick up the right block,pick up the red block,L3,red,left,right,4,pregrasp,64,80,16,0.6060606060606061,0.5228758169934641,0,8,0.3,0.7,8,0.24843347072601318,0.2591017186641693,0.2591017186641693,0.24843347072601318,-0.010668247938156128,0.5479249358177185,-0.10367710143327713,0.3016980290412903
test,C1,19,2026_08_18_00_56_48_148319_L3_right_C1,right,pick up the right block,pick up the red block,L3,red,left,right,4,pregrasp,64,80,16,0.6060606060606061,0.5228758169934641,1,8,0.3,0.7,8,0.34652039408683777,0.3637564182281494,0.3637564182281494,0.34652039408683777,-0.017236024141311646,0.5479249358177185,-0.10367710143327713,0.3016980290412903
test,C1,19,2026_08_18_00_56_48_148319_L3_right_C1,right,pick up the right block,pick up the red block,L3,red,left,right,4,pregrasp,64,80,16,0.6060606060606061,0.5228758169934641,2,8,0.3,0.7,8,0.2636931240558624,0.28030529618263245,0.28030529618263245,0.2636931240558624,-0.01661217212677002,0.5479249358177185,-0.10367710143327713,0.3016980290412903
test,C1,19,2026_08_18_00_56_48_148319_L3_right_C1,right,pick up the right block,pick up the red block,L3,red,left,right,4,pregrasp,64,80,16,0.6060606060606061,0.5228758169934641,3,8,0.3,0.7,8,0.3318774998188019,0.3459163308143616,0.3459163308143616,0.3318774998188019,-0.014038830995559692,0.5479249358177185,-0.10367710143327713,0.3016980290412903
test,C1,19,2026_08_18_00_56_48_148319_L3_right_C1,right,pick up the right block,pick up the red block,L3,red,left,right,4,pregrasp,64,80,16,0.6060606060606061,0.5228758169934641,4,8,0.3,0.7,8,0.37377482652664185,0.3942897319793701,0.3942897319793701,0.37377482652664185,-0.02051490545272827,0.5479249358177185,-0.10367710143327713,0.3016980290412903
test,C1,19,2026_08_18_00_56_48_148319_L3_right_C1,right,pick up the right block,pick up the red block,L3,red,left,right,4,pregrasp,64,80,16,0.6060606060606061,0.5228758169934641,5,8,0.3,0.7,8,0.34900087118148804,0.3690710663795471,0.3690710663795471,0.34900087118148804,-0.020070195198059082,0.5479249358177185,-0.10367710143327713,0.3016980290412903
test,C1,19,2026_08_18_00_56_48_148319_L3_right_C1,right,pick up the right block,pick up the red block,L3,red,left,right,4,pregrasp,64,80,16,0.6060606060606061,0.5228758169934641,6,8,0.3,0.7,8,0.30901920795440674,0.3295717239379883,0.3295717239379883,0.30901920795440674,-0.020552515983581543,0.5479249358177185,-0.10367710143327713,0.3016980290412903
test,C1,19,2026_08_18_00_56_48_148319_L3_right_C1,right,pick up the right block,pick up the red block,L3,red,left,right,4,pregrasp,64,80,16,0.6060606060606061,0.5228758169934641,7,8,0.3,0.7,8,0.38857603073120117,0.40755558013916016,0.40755558013916016,0.38857603073120117,-0.018979549407958984,0.5479249358177185,-0.10367710143327713,0.3016980290412903
test,C1,19,2026_08_18_00_56_48_148319_L3_right_C1,right,pick up the right block,pick up the red block,L3,red,left,right,4,pregrasp,64,80,16,0.6060606060606061,0.5228758169934641,8,8,0.3,0.7,8,0.26955533027648926,0.28842848539352417,0.28842848539352417,0.26955533027648926,-0.018873155117034912,0.5479249358177185,-0.10367710143327713,0.3016980290412903
test,C1,19,2026_08_18_00_56_48_148319_L3_right_C1,right,pick up the right block,pick up the red block,L3,red,left,right,4,pregrasp,64,80,16,0.6060606060606061,0.5228758169934641,9,8,0.3,0.7,8,0.24843749403953552,0.25494998693466187,0.25494998693466187,0.24843749403953552,-0.006512492895126343,0.5479249358177185,-0.10367710143327713,0.3016980290412903
test,C1,19,2026_08_18_00_56_48_148319_L3_right_C1,right,pick up the right block,pick up the red block,L3,red,left,right,5,pregrasp,80,96,16,0.7272727272727273,0.6274509803921569,0,8,0.3,0.7,8,0.14057552814483643,0.15972642600536346,0.15972642600536346,0.14057552814483643,-0.01915089786052704,0.5968225598335266,-0.08324765413999557,0.2555839717388153
test,C1,19,2026_08_18_00_56_48_148319_L3_right_C1,right,pick up the right block,pick up the red block,L3,red,left,right,5,pregrasp,80,96,16,0.7272727272727273,0.6274509803921569,1,8,0.3,0.7,8,0.3167128562927246,0.34293168783187866,0.34293168783187866,0.3167128562927246,-0.026218831539154053,0.5968225598335266,-0.08324765413999557,0.2555839717388153
test,C1,19,2026_08_18_00_56_48_148319_L3_right_C1,right,pick up the right block,pick up the red block,L3,red,left,right,5,pregrasp,80,96,16,0.7272727272727273,0.6274509803921569,2,8,0.3,0.7,8,0.20248158276081085,0.2275344431400299,0.2275344431400299,0.20248158276081085,-0.025052860379219055,0.5968225598335266,-0.08324765413999557,0.2555839717388153
test,C1,19,2026_08_18_00_56_48_148319_L3_right_C1,right,pick up the right block,pick up the red block,L3,red,left,right,5,pregrasp,80,96,16,0.7272727272727273,0.6274509803921569,3,8,0.3,0.7,8,0.3378937542438507,0.3612877130508423,0.3612877130508423,0.3378937542438507,-0.023393958806991577,0.5968225598335266,-0.08324765413999557,0.2555839717388153
test,C1,19,2026_08_18_00_56_48_148319_L3_right_C1,right,pick up the right block,pick up the red block,L3,red,left,right,5,pregrasp,80,96,16,0.7272727272727273,0.6274509803921569,4,8,0.3,0.7,8,0.22325357794761658,0.24276727437973022,0.24276727437973022,0.22325357794761658,-0.019513696432113647,0.5968225598335266,-0.08324765413999557,0.2555839717388153
test,C1,19,2026_08_18_00_56_48_148319_L3_right_C1,right,pick up the right block,pick up the red block,L3,red,left,right,5,pregrasp,80,96,16,0.7272727272727273,0.6274509803921569,5,8,0.3,0.7,8,0.2816157937049866,0.3098059296607971,0.3098059296607971,0.2816157937049866,-0.028190135955810547,0.5968225598335266,-0.08324765413999557,0.2555839717388153
test,C1,19,2026_08_18_00_56_48_148319_L3_right_C1,right,pick up the right block,pick up the red block,L3,red,left,right,5,pregrasp,80,96,16,0.7272727272727273,0.6274509803921569,6,8,0.3,0.7,8,0.2000444531440735,0.22376346588134766,0.22376346588134766,0.2000444531440735,-0.02371901273727417,0.5968225598335266,-0.08324765413999557,0.2555839717388153
test,C1,19,2026_08_18_00_56_48_148319_L3_right_C1,right,pick up the right block,pick up the red block,L3,red,left,right,5,pregrasp,80,96,16,0.7272727272727273,0.6274509803921569,7,8,0.3,0.7,8,0.23909924924373627,0.26397883892059326,0.26397883892059326,0.23909924924373627,-0.024879589676856995,0.5968225598335266,-0.08324765413999557,0.2555839717388153
test,C1,19,2026_08_18_00_56_48_148319_L3_right_C1,right,pick up the right block,pick up the red block,L3,red,left,right,5,pregrasp,80,96,16,0.7272727272727273,0.6274509803921569,8,8,0.3,0.7,8,0.33741170167922974,0.35748615860939026,0.35748615860939026,0.33741170167922974,-0.020074456930160522,0.5968225598335266,-0.08324765413999557,0.2555839717388153
test,C1,19,2026_08_18_00_56_48_148319_L3_right_C1,right,pick up the right block,pick up the red block,L3,red,left,right,5,pregrasp,80,96,16,0.7272727272727273,0.6274509803921569,9,8,0.3,0.7,8,0.23815889656543732,0.2633042335510254,0.2633042335510254,0.23815889656543732,-0.025145336985588074,0.5968225598335266,-0.08324765413999557,0.2555839717388153
test,C1,19,2026_08_18_00_56_48_148319_L3_right_C1,right,pick up the right block,pick up the red block,L3,red,left,right,6,pregrasp,96,112,16,0.8484848484848485,0.7320261437908496,0,8,0.3,0.7,8,0.22300729155540466,0.24096199870109558,0.24096199870109558,0.22300729155540466,-0.017954707145690918,0.6438053846359253,-0.05815053731203079,0.21081992983818054
test,C1,19,2026_08_18_00_56_48_148319_L3_right_C1,right,pick up the right block,pick up the red block,L3,red,left,right,6,pregrasp,96,112,16,0.8484848484848485,0.7320261437908496,1,8,0.3,0.7,8,0.20226123929023743,0.21852435171604156,0.21852435171604156,0.20226123929023743,-0.016263112425804138,0.6438053846359253,-0.05815053731203079,0.21081992983818054
test,C1,19,2026_08_18_00_56_48_148319_L3_right_C1,right,pick up the right block,pick up the red block,L3,red,left,right,6,pregrasp,96,112,16,0.8484848484848485,0.7320261437908496,2,8,0.3,0.7,8,0.16583609580993652,0.18171054124832153,0.18171054124832153,0.16583609580993652,-0.01587444543838501,0.6438053846359253,-0.05815053731203079,0.21081992983818054
test,C1,19,2026_08_18_00_56_48_148319_L3_right_C1,right,pick up the right block,pick up the red block,L3,red,left,right,6,pregrasp,96,112,16,0.8484848484848485,0.7320261437908496,3,8,0.3,0.7,8,0.2232351154088974,0.2396906316280365,0.2396906316280365,0.2232351154088974,-0.0164555162191391,0.6438053846359253,-0.05815053731203079,0.21081992983818054
test,C1,19,2026_08_18_00_56_48_148319_L3_right_C1,right,pick up the right block,pick up the red block,L3,red,left,right,6,pregrasp,96,112,16,0.8484848484848485,0.7320261437908496,4,8,0.3,0.7,8,0.32475993037223816,0.3469295799732208,0.3469295799732208,0.32475993037223816,-0.022169649600982666,0.6438053846359253,-0.05815053731203079,0.21081992983818054
test,C1,19,2026_08_18_00_56_48_148319_L3_right_C1,right,pick up the right block,pick up the red block,L3,red,left,right,6,pregrasp,96,112,16,0.8484848484848485,0.7320261437908496,5,8,0.3,0.7,8,0.2950720191001892,0.31762728095054626,0.31762728095054626,0.2950720191001892,-0.022555261850357056,0.6438053846359253,-0.05815053731203079,0.21081992983818054
test,C1,19,2026_08_18_00_56_48_148319_L3_right_C1,right,pick up the right block,pick up the red block,L3,red,left,right,6,pregrasp,96,112,16,0.8484848484848485,0.7320261437908496,6,8,0.3,0.7,8,0.15875478088855743,0.1725674867630005,0.1725674867630005,0.15875478088855743,-0.013812705874443054,0.6438053846359253,-0.05815053731203079,0.21081992983818054
test,C1,19,2026_08_18_00_56_48_148319_L3_right_C1,right,pick up the right block,pick up the red block,L3,red,left,right,6,pregrasp,96,112,16,0.8484848484848485,0.7320261437908496,7,8,0.3,0.7,8,0.27511847019195557,0.29100698232650757,0.29100698232650757,0.27511847019195557,-0.015888512134552002,0.6438053846359253,-0.05815053731203079,0.21081992983818054
test,C1,19,2026_08_18_00_56_48_148319_L3_right_C1,right,pick up the right block,pick up the red block,L3,red,left,right,6,pregrasp,96,112,16,0.8484848484848485,0.7320261437908496,8,8,0.3,0.7,8,0.21794401109218597,0.2335997223854065,0.2335997223854065,0.21794401109218597,-0.01565571129322052,0.6438053846359253,-0.05815053731203079,0.21081992983818054
test,C1,19,2026_08_18_00_56_48_148319_L3_right_C1,right,pick up the right block,pick up the red block,L3,red,left,right,6,pregrasp,96,112,16,0.8484848484848485,0.7320261437908496,9,8,0.3,0.7,8,0.32463937997817993,0.3474155366420746,0.3474155366420746,0.32463937997817993,-0.022776156663894653,0.6438053846359253,-0.05815053731203079,0.21081992983818054
test,C1,19,2026_08_18_00_56_48_148319_L3_right_C1,right,pick up the right block,pick up the red block,L3,red,left,right,7,pregrasp,112,128,16,0.9696969696969697,0.8366013071895425,0,8,0.3,0.7,8,0.1725267916917801,0.18665282428264618,0.18665282428264618,0.1725267916917801,-0.014126032590866089,0.6667342185974121,-0.04586562141776085,0.1894657015800476
test,C1,19,2026_08_18_00_56_48_148319_L3_right_C1,right,pick up the right block,pick up the red block,L3,red,left,right,7,pregrasp,112,128,16,0.9696969696969697,0.8366013071895425,1,8,0.3,0.7,8,0.2883072793483734,0.2999425232410431,0.2999425232410431,0.2883072793483734,-0.011635243892669678,0.6667342185974121,-0.04586562141776085,0.1894657015800476
test,C1,19,2026_08_18_00_56_48_148319_L3_right_C1,right,pick up the right block,pick up the red block,L3,red,left,right,7,pregrasp,112,128,16,0.9696969696969697,0.8366013071895425,2,8,0.3,0.7,8,0.17132681608200073,0.189494788646698,0.189494788646698,0.17132681608200073,-0.018167972564697266,0.6667342185974121,-0.04586562141776085,0.1894657015800476
test,C1,19,2026_08_18_00_56_48_148319_L3_right_C1,right,pick up the right block,pick up the red block,L3,red,left,right,7,pregrasp,112,128,16,0.9696969696969697,0.8366013071895425,3,8,0.3,0.7,8,0.22781096398830414,0.24167554080486298,0.24167554080486298,0.22781096398830414,-0.013864576816558838,0.6667342185974121,-0.04586562141776085,0.1894657015800476
test,C1,19,2026_08_18_00_56_48_148319_L3_right_C1,right,pick up the right block,pick up the red block,L3,red,left,right,7,pregrasp,112,128,16,0.9696969696969697,0.8366013071895425,4,8,0.3,0.7,8,0.18061697483062744,0.19284841418266296,0.19284841418266296,0.18061697483062744,-0.012231439352035522,0.6667342185974121,-0.04586562141776085,0.1894657015800476
test,C1,19,2026_08_18_00_56_48_148319_L3_right_C1,right,pick up the right block,pick up the red block,L3,red,left,right,7,pregrasp,112,128,16,0.9696969696969697,0.8366013071895425,5,8,0.3,0.7,8,0.1386329084634781,0.15002815425395966,0.15002815425395966,0.1386329084634781,-0.011395245790481567,0.6667342185974121,-0.04586562141776085,0.1894657015800476
test,C1,19,2026_08_18_00_56_48_148319_L3_right_C1,right,pick up the right block,pick up the red block,L3,red,left,right,7,pregrasp,112,128,16,0.9696969696969697,0.8366013071895425,6,8,0.3,0.7,8,0.11894620209932327,0.13128775358200073,0.13128775358200073,0.11894620209932327,-0.01234155148267746,0.6667342185974121,-0.04586562141776085,0.1894657015800476
test,C1,19,2026_08_18_00_56_48_148319_L3_right_C1,right,pick up the right block,pick up the red block,L3,red,left,right,7,pregrasp,112,128,16,0.9696969696969697,0.8366013071895425,7,8,0.3,0.7,8,0.11813311278820038,0.13037028908729553,0.13037028908729553,0.11813311278820038,-0.012237176299095154,0.6667342185974121,-0.04586562141776085,0.1894657015800476
test,C1,19,2026_08_18_00_56_48_148319_L3_right_C1,right,pick up the right block,pick up the red block,L3,red,left,right,7,pregrasp,112,128,16,0.9696969696969697,0.8366013071895425,8,8,0.3,0.7,8,0.18894731998443604,0.20220473408699036,0.20220473408699036,0.18894731998443604,-0.013257414102554321,0.6667342185974121,-0.04586562141776085,0.1894657015800476
test,C1,19,2026_08_18_00_56_48_148319_L3_right_C1,right,pick up the right block,pick up the red block,L3,red,left,right,7,pregrasp,112,128,16,0.9696969696969697,0.8366013071895425,9,8,0.3,0.7,8,0.21478864550590515,0.22637662291526794,0.22637662291526794,0.21478864550590515,-0.011587977409362793,0.6667342185974121,-0.04586562141776085,0.1894657015800476
test,C1,19,2026_08_18_00_56_48_148319_L3_right_C1,right,pick up the right block,pick up the red block,L3,red,left,right,8,pregrasp,128,132,4,1.0,0.8627450980392157,0,8,0.3,0.7,8,0.22105643153190613,0.21879230439662933,0.21879230439662933,0.22105643153190613,0.0022641271352767944,0.6667462587356567,-0.04585440456867218,0.18946917355060577
test,C1,19,2026_08_18_00_56_48_148319_L3_right_C1,right,pick up the right block,pick up the red block,L3,red,left,right,8,pregrasp,128,132,4,1.0,0.8627450980392157,1,8,0.3,0.7,8,0.2648390233516693,0.26334697008132935,0.26334697008132935,0.2648390233516693,0.0014920532703399658,0.6667462587356567,-0.04585440456867218,0.18946917355060577
test,C1,19,2026_08_18_00_56_48_148319_L3_right_C1,right,pick up the right block,pick up the red block,L3,red,left,right,8,pregrasp,128,132,4,1.0,0.8627450980392157,2,8,0.3,0.7,8,0.19115106761455536,0.18934980034828186,0.18934980034828186,0.19115106761455536,0.0018012672662734985,0.6667462587356567,-0.04585440456867218,0.18946917355060577
test,C1,19,2026_08_18_00_56_48_148319_L3_right_C1,right,pick up the right block,pick up the red block,L3,red,left,right,8,pregrasp,128,132,4,1.0,0.8627450980392157,3,8,0.3,0.7,8,0.20169319212436676,0.20091724395751953,0.20091724395751953,0.20169319212436676,0.000775948166847229,0.6667462587356567,-0.04585440456867218,0.18946917355060577
test,C1,19,2026_08_18_00_56_48_148319_L3_right_C1,right,pick up the right block,pick up the red block,L3,red,left,right,8,pregrasp,128,132,4,1.0,0.8627450980392157,4,8,0.3,0.7,8,0.1733293980360031,0.1716708093881607,0.1716708093881607,0.1733293980360031,0.0016585886478424072,0.6667462587356567,-0.04585440456867218,0.18946917355060577
test,C1,19,2026_08_18_00_56_48_148319_L3_right_C1,right,pick up the right block,pick up the red block,L3,red,left,right,8,pregrasp,128,132,4,1.0,0.8627450980392157,5,8,0.3,0.7,8,0.2902596890926361,0.2899015247821808,0.2899015247821808,0.2902596890926361,0.00035816431045532227,0.6667462587356567,-0.04585440456867218,0.18946917355060577
test,C1,19,2026_08_18_00_56_48_148319_L3_right_C1,right,pick up the right block,pick up the red block,L3,red,left,right,8,pregrasp,128,132,4,1.0,0.8627450980392157,6,8,0.3,0.7,8,0.25730690360069275,0.2560300827026367,0.2560300827026367,0.25730690360069275,0.0012768208980560303,0.6667462587356567,-0.04585440456867218,0.18946917355060577
test,C1,19,2026_08_18_00_56_48_148319_L3_right_C1,right,pick up the right block,pick up the red block,L3,red,left,right,8,pregrasp,128,132,4,1.0,0.8627450980392157,7,8,0.3,0.7,8,0.23496632277965546,0.23413115739822388,0.23413115739822388,0.23496632277965546,0.0008351653814315796,0.6667462587356567,-0.04585440456867218,0.18946917355060577
test,C1,19,2026_08_18_00_56_48_148319_L3_right_C1,right,pick up the right block,pick up the red block,L3,red,left,right,8,pregrasp,128,132,4,1.0,0.8627450980392157,8,8,0.3,0.7,8,0.31519389152526855,0.31506261229515076,0.31506261229515076,0.31519389152526855,0.00013127923011779785,0.6667462587356567,-0.04585440456867218,0.18946917355060577
test,C1,19,2026_08_18_00_56_48_148319_L3_right_C1,right,pick up the right block,pick up the red block,L3,red,left,right,8,pregrasp,128,132,4,1.0,0.8627450980392157,9,8,0.3,0.7,8,0.3119942545890808,0.3118460476398468,0.3118460476398468,0.3119942545890808,0.0001482069492340088,0.6667462587356567,-0.04585440456867218,0.18946917355060577
test,C1,19,2026_08_18_00_56_48_148319_L3_right_C1,right,pick up the right block,pick up the red block,L3,red,left,right,9,postgrasp,132,148,16,1.0,0.9673202614379085,0,8,0.3,0.7,8,0.4499587416648865,0.4429498314857483,0.4429498314857483,0.4499587416648865,0.007008910179138184,0.6672015190124512,-0.04580517113208771,0.1899423897266388
test,C1,19,2026_08_18_00_56_48_148319_L3_right_C1,right,pick up the right block,pick up the red block,L3,red,left,right,9,postgrasp,132,148,16,1.0,0.9673202614379085,1,8,0.3,0.7,8,0.4949336647987366,0.4844244122505188,0.4844244122505188,0.4949336647987366,0.010509252548217773,0.6672015190124512,-0.04580517113208771,0.1899423897266388
test,C1,19,2026_08_18_00_56_48_148319_L3_right_C1,right,pick up the right block,pick up the red block,L3,red,left,right,9,postgrasp,132,148,16,1.0,0.9673202614379085,2,8,0.3,0.7,8,0.3834790587425232,0.3768748939037323,0.3768748939037323,0.3834790587425232,0.0066041648387908936,0.6672015190124512,-0.04580517113208771,0.1899423897266388
test,C1,19,2026_08_18_00_56_48_148319_L3_right_C1,right,pick up the right block,pick up the red block,L3,red,left,right,9,postgrasp,132,148,16,1.0,0.9673202614379085,3,8,0.3,0.7,8,0.41280561685562134,0.40745681524276733,0.40745681524276733,0.41280561685562134,0.005348801612854004,0.6672015190124512,-0.04580517113208771,0.1899423897266388
test,C1,19,2026_08_18_00_56_48_148319_L3_right_C1,right,pick up the right block,pick up the red block,L3,red,left,right,9,postgrasp,132,148,16,1.0,0.9673202614379085,4,8,0.3,0.7,8,0.43857142329216003,0.4339620769023895,0.4339620769023895,0.43857142329216003,0.004609346389770508,0.6672015190124512,-0.04580517113208771,0.1899423897266388
test,C1,19,2026_08_18_00_56_48_148319_L3_right_C1,right,pick up the right block,pick up the red block,L3,red,left,right,9,postgrasp,132,148,16,1.0,0.9673202614379085,5,8,0.3,0.7,8,0.538719654083252,0.5258014798164368,0.5258014798164368,0.538719654083252,0.012918174266815186,0.6672015190124512,-0.04580517113208771,0.1899423897266388
test,C1,19,2026_08_18_00_56_48_148319_L3_right_C1,right,pick up the right block,pick up the red block,L3,red,left,right,9,postgrasp,132,148,16,1.0,0.9673202614379085,6,8,0.3,0.7,8,0.3683598041534424,0.3640215992927551,0.3640215992927551,0.3683598041534424,0.004338204860687256,0.6672015190124512,-0.04580517113208771,0.1899423897266388
test,C1,19,2026_08_18_00_56_48_148319_L3_right_C1,right,pick up the right block,pick up the red block,L3,red,left,right,9,postgrasp,132,148,16,1.0,0.9673202614379085,7,8,0.3,0.7,8,0.3877289295196533,0.37819135189056396,0.37819135189056396,0.3877289295196533,0.009537577629089355,0.6672015190124512,-0.04580517113208771,0.1899423897266388
test,C1,19,2026_08_18_00_56_48_148319_L3_right_C1,right,pick up the right block,pick up the red block,L3,red,left,right,9,postgrasp,132,148,16,1.0,0.9673202614379085,8,8,0.3,0.7,8,0.44069963693618774,0.4376749098300934,0.4376749098300934,0.44069963693618774,0.0030247271060943604,0.6672015190124512,-0.04580517113208771,0.1899423897266388
test,C1,19,2026_08_18_00_56_48_148319_L3_right_C1,right,pick up the right block,pick up the red block,L3,red,left,right,9,postgrasp,132,148,16,1.0,0.9673202614379085,9,8,0.3,0.7,8,0.40155091881752014,0.39555251598358154,0.39555251598358154,0.40155091881752014,0.005998402833938599,0.6672015190124512,-0.04580517113208771,0.1899423897266388
test,C1,19,2026_08_18_00_56_48_148319_L3_right_C1,right,pick up the right block,pick up the red block,L3,red,left,right,10,postgrasp,148,153,5,1.0,1.0,0,8,0.3,0.7,8,0.2695232331752777,0.2718888819217682,0.2718888819217682,0.2695232331752777,-0.0023656487464904785,0.6672032475471497,-0.04580697789788246,0.18994489312171936
test,C1,19,2026_08_18_00_56_48_148319_L3_right_C1,right,pick up the right block,pick up the red block,L3,red,left,right,10,postgrasp,148,153,5,1.0,1.0,1,8,0.3,0.7,8,0.3172037601470947,0.3189990222454071,0.3189990222454071,0.3172037601470947,-0.001795262098312378,0.6672032475471497,-0.04580697789788246,0.18994489312171936
test,C1,19,2026_08_18_00_56_48_148319_L3_right_C1,right,pick up the right block,pick up the red block,L3,red,left,right,10,postgrasp,148,153,5,1.0,1.0,2,8,0.3,0.7,8,0.3056267499923706,0.3065063953399658,0.3065063953399658,0.3056267499923706,-0.0008796453475952148,0.6672032475471497,-0.04580697789788246,0.18994489312171936
test,C1,19,2026_08_18_00_56_48_148319_L3_right_C1,right,pick up the right block,pick up the red block,L3,red,left,right,10,postgrasp,148,153,5,1.0,1.0,3,8,0.3,0.7,8,0.3176279664039612,0.3149816691875458,0.3149816691875458,0.3176279664039612,0.0026462972164154053,0.6672032475471497,-0.04580697789788246,0.18994489312171936
test,C1,19,2026_08_18_00_56_48_148319_L3_right_C1,right,pick up the right block,pick up the red block,L3,red,left,right,10,postgrasp,148,153,5,1.0,1.0,4,8,0.3,0.7,8,0.2963327169418335,0.29718074202537537,0.29718074202537537,0.2963327169418335,-0.0008480250835418701,0.6672032475471497,-0.04580697789788246,0.18994489312171936
test,C1,19,2026_08_18_00_56_48_148319_L3_right_C1,right,pick up the right block,pick up the red block,L3,red,left,right,10,postgrasp,148,153,5,1.0,1.0,5,8,0.3,0.7,8,0.3981800377368927,0.40256762504577637,0.40256762504577637,0.3981800377368927,-0.004387587308883667,0.6672032475471497,-0.04580697789788246,0.18994489312171936
test,C1,19,2026_08_18_00_56_48_148319_L3_right_C1,right,pick up the right block,pick up the red block,L3,red,left,right,10,postgrasp,148,153,5,1.0,1.0,6,8,0.3,0.7,8,0.21148563921451569,0.2086162269115448,0.2086162269115448,0.21148563921451569,0.0028694123029708862,0.6672032475471497,-0.04580697789788246,0.18994489312171936
test,C1,19,2026_08_18_00_56_48_148319_L3_right_C1,right,pick up the right block,pick up the red block,L3,red,left,right,10,postgrasp,148,153,5,1.0,1.0,7,8,0.3,0.7,8,0.26723384857177734,0.26906293630599976,0.26906293630599976,0.26723384857177734,-0.0018290877342224121,0.6672032475471497,-0.04580697789788246,0.18994489312171936
test,C1,19,2026_08_18_00_56_48_148319_L3_right_C1,right,pick up the right block,pick up the red block,L3,red,left,right,10,postgrasp,148,153,5,1.0,1.0,8,8,0.3,0.7,8,0.3594128489494324,0.35800477862358093,0.35800477862358093,0.3594128489494324,0.0014080703258514404,0.6672032475471497,-0.04580697789788246,0.18994489312171936
test,C1,19,2026_08_18_00_56_48_148319_L3_right_C1,right,pick up the right block,pick up the red block,L3,red,left,right,10,postgrasp,148,153,5,1.0,1.0,9,8,0.3,0.7,8,0.34885045886039734,0.34583809971809387,0.34583809971809387,0.34885045886039734,0.003012359142303467,0.6672032475471497,-0.04580697789788246,0.18994489312171936
test,C2,20,2026_08_18_00_57_15_980084_L3_right_C2,right,pick up the right block,pick up the red block,L3,red,left,right,0,pregrasp,0,16,16,0.10062893081761007,0.08888888888888889,0,8,0.3,0.7,8,0.27033424377441406,0.34760940074920654,0.34760940074920654,0.27033424377441406,-0.07727515697479248,0.36856311559677124,-0.029131418094038963,0.48457032442092896
test,C2,20,2026_08_18_00_57_15_980084_L3_right_C2,right,pick up the right block,pick up the red block,L3,red,left,right,0,pregrasp,0,16,16,0.10062893081761007,0.08888888888888889,1,8,0.3,0.7,8,0.39988356828689575,0.45729348063468933,0.45729348063468933,0.39988356828689575,-0.05740991234779358,0.36856311559677124,-0.029131418094038963,0.48457032442092896
test,C2,20,2026_08_18_00_57_15_980084_L3_right_C2,right,pick up the right block,pick up the red block,L3,red,left,right,0,pregrasp,0,16,16,0.10062893081761007,0.08888888888888889,2,8,0.3,0.7,8,0.3145494759082794,0.36486557126045227,0.36486557126045227,0.3145494759082794,-0.05031609535217285,0.36856311559677124,-0.029131418094038963,0.48457032442092896
test,C2,20,2026_08_18_00_57_15_980084_L3_right_C2,right,pick up the right block,pick up the red block,L3,red,left,right,0,pregrasp,0,16,16,0.10062893081761007,0.08888888888888889,3,8,0.3,0.7,8,0.3125980496406555,0.3706813454627991,0.3706813454627991,0.3125980496406555,-0.058083295822143555,0.36856311559677124,-0.029131418094038963,0.48457032442092896
test,C2,20,2026_08_18_00_57_15_980084_L3_right_C2,right,pick up the right block,pick up the red block,L3,red,left,right,0,pregrasp,0,16,16,0.10062893081761007,0.08888888888888889,4,8,0.3,0.7,8,0.3658214807510376,0.4337174594402313,0.4337174594402313,0.3658214807510376,-0.06789597868919373,0.36856311559677124,-0.029131418094038963,0.48457032442092896
test,C2,20,2026_08_18_00_57_15_980084_L3_right_C2,right,pick up the right block,pick up the red block,L3,red,left,right,0,pregrasp,0,16,16,0.10062893081761007,0.08888888888888889,5,8,0.3,0.7,8,0.25462326407432556,0.29171109199523926,0.29171109199523926,0.25462326407432556,-0.037087827920913696,0.36856311559677124,-0.029131418094038963,0.48457032442092896
test,C2,20,2026_08_18_00_57_15_980084_L3_right_C2,right,pick up the right block,pick up the red block,L3,red,left,right,0,pregrasp,0,16,16,0.10062893081761007,0.08888888888888889,6,8,0.3,0.7,8,0.328607439994812,0.41792693734169006,0.41792693734169006,0.328607439994812,-0.08931949734687805,0.36856311559677124,-0.029131418094038963,0.48457032442092896
test,C2,20,2026_08_18_00_57_15_980084_L3_right_C2,right,pick up the right block,pick up the red block,L3,red,left,right,0,pregrasp,0,16,16,0.10062893081761007,0.08888888888888889,7,8,0.3,0.7,8,0.33672112226486206,0.4105513095855713,0.4105513095855713,0.33672112226486206,-0.07383018732070923,0.36856311559677124,-0.029131418094038963,0.48457032442092896
test,C2,20,2026_08_18_00_57_15_980084_L3_right_C2,right,pick up the right block,pick up the red block,L3,red,left,right,0,pregrasp,0,16,16,0.10062893081761007,0.08888888888888889,8,8,0.3,0.7,8,0.34725290536880493,0.39843615889549255,0.39843615889549255,0.34725290536880493,-0.05118325352668762,0.36856311559677124,-0.029131418094038963,0.48457032442092896
test,C2,20,2026_08_18_00_57_15_980084_L3_right_C2,right,pick up the right block,pick up the red block,L3,red,left,right,0,pregrasp,0,16,16,0.10062893081761007,0.08888888888888889,9,8,0.3,0.7,8,0.29213258624076843,0.3344486653804779,0.3344486653804779,0.29213258624076843,-0.04231607913970947,0.36856311559677124,-0.029131418094038963,0.48457032442092896
test,C2,20,2026_08_18_00_57_15_980084_L3_right_C2,right,pick up the right block,pick up the red block,L3,red,left,right,1,pregrasp,16,32,16,0.20125786163522014,0.17777777777777778,0,8,0.3,0.7,8,0.22850176692008972,0.2125367820262909,0.2125367820262909,0.22850176692008972,0.015964984893798828,0.38217678666114807,-0.09204631298780441,0.46017903089523315
test,C2,20,2026_08_18_00_57_15_980084_L3_right_C2,right,pick up the right block,pick up the red block,L3,red,left,right,1,pregrasp,16,32,16,0.20125786163522014,0.17777777777777778,1,8,0.3,0.7,8,0.2832440137863159,0.3106266260147095,0.3106266260147095,0.2832440137863159,-0.027382612228393555,0.38217678666114807,-0.09204631298780441,0.46017903089523315
test,C2,20,2026_08_18_00_57_15_980084_L3_right_C2,right,pick up the right block,pick up the red block,L3,red,left,right,1,pregrasp,16,32,16,0.20125786163522014,0.17777777777777778,2,8,0.3,0.7,8,0.25784528255462646,0.2419878989458084,0.2419878989458084,0.25784528255462646,0.015857383608818054,0.38217678666114807,-0.09204631298780441,0.46017903089523315
test,C2,20,2026_08_18_00_57_15_980084_L3_right_C2,right,pick up the right block,pick up the red block,L3,red,left,right,1,pregrasp,16,32,16,0.20125786163522014,0.17777777777777778,3,8,0.3,0.7,8,0.3500595688819885,0.350998193025589,0.350998193025589,0.3500595688819885,-0.0009386241436004639,0.38217678666114807,-0.09204631298780441,0.46017903089523315
test,C2,20,2026_08_18_00_57_15_980084_L3_right_C2,right,pick up the right block,pick up the red block,L3,red,left,right,1,pregrasp,16,32,16,0.20125786163522014,0.17777777777777778,4,8,0.3,0.7,8,0.19285134971141815,0.14416517317295074,0.14416517317295074,0.19285134971141815,0.04868617653846741,0.38217678666114807,-0.09204631298780441,0.46017903089523315
test,C2,20,2026_08_18_00_57_15_980084_L3_right_C2,right,pick up the right block,pick up the red block,L3,red,left,right,1,pregrasp,16,32,16,0.20125786163522014,0.17777777777777778,5,8,0.3,0.7,8,0.24930588901042938,0.2809027135372162,0.2809027135372162,0.24930588901042938,-0.031596824526786804,0.38217678666114807,-0.09204631298780441,0.46017903089523315
test,C2,20,2026_08_18_00_57_15_980084_L3_right_C2,right,pick up the right block,pick up the red block,L3,red,left,right,1,pregrasp,16,32,16,0.20125786163522014,0.17777777777777778,6,8,0.3,0.7,8,0.26802533864974976,0.2840636670589447,0.2840636670589447,0.26802533864974976,-0.016038328409194946,0.38217678666114807,-0.09204631298780441,0.46017903089523315
test,C2,20,2026_08_18_00_57_15_980084_L3_right_C2,right,pick up the right block,pick up the red block,L3,red,left,right,1,pregrasp,16,32,16,0.20125786163522014,0.17777777777777778,7,8,0.3,0.7,8,0.2582953870296478,0.26442158222198486,0.26442158222198486,0.2582953870296478,-0.006126195192337036,0.38217678666114807,-0.09204631298780441,0.46017903089523315
test,C2,20,2026_08_18_00_57_15_980084_L3_right_C2,right,pick up the right block,pick up the red block,L3,red,left,right,1,pregrasp,16,32,16,0.20125786163522014,0.17777777777777778,8,8,0.3,0.7,8,0.3046230673789978,0.3196914792060852,0.3196914792060852,0.3046230673789978,-0.015068411827087402,0.38217678666114807,-0.09204631298780441,0.46017903089523315
test,C2,20,2026_08_18_00_57_15_980084_L3_right_C2,right,pick up the right block,pick up the red block,L3,red,left,right,1,pregrasp,16,32,16,0.20125786163522014,0.17777777777777778,9,8,0.3,0.7,8,0.27071142196655273,0.2660883367061615,0.2660883367061615,0.27071142196655273,0.004623085260391235,0.38217678666114807,-0.09204631298780441,0.46017903089523315
test,C2,20,2026_08_18_00_57_15_980084_L3_right_C2,right,pick up the right block,pick up the red block,L3,red,left,right,2,pregrasp,32,48,16,0.3018867924528302,0.26666666666666666,0,8,0.3,0.7,8,0.22996968030929565,0.25200599431991577,0.25200599431991577,0.22996968030929565,-0.022036314010620117,0.4088888466358185,-0.15080730617046356,0.4350854158401489
test,C2,20,2026_08_18_00_57_15_980084_L3_right_C2,right,pick up the right block,pick up the red block,L3,red,left,right,2,pregrasp,32,48,16,0.3018867924528302,0.26666666666666666,1,8,0.3,0.7,8,0.21796727180480957,0.2324659526348114,0.2324659526348114,0.21796727180480957,-0.014498680830001831,0.4088888466358185,-0.15080730617046356,0.4350854158401489
test,C2,20,2026_08_18_00_57_15_980084_L3_right_C2,right,pick up the right block,pick up the red block,L3,red,left,right,2,pregrasp,32,48,16,0.3018867924528302,0.26666666666666666,2,8,0.3,0.7,8,0.2808467149734497,0.29744601249694824,0.29744601249694824,0.2808467149734497,-0.016599297523498535,0.4088888466358185,-0.15080730617046356,0.4350854158401489
test,C2,20,2026_08_18_00_57_15_980084_L3_right_C2,right,pick up the right block,pick up the red block,L3,red,left,right,2,pregrasp,32,48,16,0.3018867924528302,0.26666666666666666,3,8,0.3,0.7,8,0.22639253735542297,0.24353468418121338,0.24353468418121338,0.22639253735542297,-0.017142146825790405,0.4088888466358185,-0.15080730617046356,0.4350854158401489
test,C2,20,2026_08_18_00_57_15_980084_L3_right_C2,right,pick up the right block,pick up the red block,L3,red,left,right,2,pregrasp,32,48,16,0.3018867924528302,0.26666666666666666,4,8,0.3,0.7,8,0.18105074763298035,0.19336751103401184,0.19336751103401184,0.18105074763298035,-0.012316763401031494,0.4088888466358185,-0.15080730617046356,0.4350854158401489
test,C2,20,2026_08_18_00_57_15_980084_L3_right_C2,right,pick up the right block,pick up the red block,L3,red,left,right,2,pregrasp,32,48,16,0.3018867924528302,0.26666666666666666,5,8,0.3,0.7,8,0.20510323345661163,0.21511094272136688,0.21511094272136688,0.20510323345661163,-0.010007709264755249,0.4088888466358185,-0.15080730617046356,0.4350854158401489
test,C2,20,2026_08_18_00_57_15_980084_L3_right_C2,right,pick up the right block,pick up the red block,L3,red,left,right,2,pregrasp,32,48,16,0.3018867924528302,0.26666666666666666,6,8,0.3,0.7,8,0.24646319448947906,0.2722945809364319,0.2722945809364319,0.24646319448947906,-0.02583138644695282,0.4088888466358185,-0.15080730617046356,0.4350854158401489
test,C2,20,2026_08_18_00_57_15_980084_L3_right_C2,right,pick up the right block,pick up the red block,L3,red,left,right,2,pregrasp,32,48,16,0.3018867924528302,0.26666666666666666,7,8,0.3,0.7,8,0.18112607300281525,0.1994015872478485,0.1994015872478485,0.18112607300281525,-0.018275514245033264,0.4088888466358185,-0.15080730617046356,0.4350854158401489
test,C2,20,2026_08_18_00_57_15_980084_L3_right_C2,right,pick up the right block,pick up the red block,L3,red,left,right,2,pregrasp,32,48,16,0.3018867924528302,0.26666666666666666,8,8,0.3,0.7,8,0.2927115559577942,0.3223552107810974,0.3223552107810974,0.2927115559577942,-0.029643654823303223,0.4088888466358185,-0.15080730617046356,0.4350854158401489
test,C2,20,2026_08_18_00_57_15_980084_L3_right_C2,right,pick up the right block,pick up the red block,L3,red,left,right,2,pregrasp,32,48,16,0.3018867924528302,0.26666666666666666,9,8,0.3,0.7,8,0.19137698411941528,0.21580101549625397,0.21580101549625397,0.19137698411941528,-0.024424031376838684,0.4088888466358185,-0.15080730617046356,0.4350854158401489
test,C2,20,2026_08_18_00_57_15_980084_L3_right_C2,right,pick up the right block,pick up the red block,L3,red,left,right,3,pregrasp,48,64,16,0.4025157232704403,0.35555555555555557,0,8,0.3,0.7,8,0.28132933378219604,0.31331193447113037,0.31331193447113037,0.28132933378219604,-0.031982600688934326,0.4478550851345062,-0.19508390128612518,0.3982847034931183
test,C2,20,2026_08_18_00_57_15_980084_L3_right_C2,right,pick up the right block,pick up the red block,L3,red,left,right,3,pregrasp,48,64,16,0.4025157232704403,0.35555555555555557,1,8,0.3,0.7,8,0.1942461133003235,0.22173497080802917,0.22173497080802917,0.1942461133003235,-0.02748885750770569,0.4478550851345062,-0.19508390128612518,0.3982847034931183
test,C2,20,2026_08_18_00_57_15_980084_L3_right_C2,right,pick up the right block,pick up the red block,L3,red,left,right,3,pregrasp,48,64,16,0.4025157232704403,0.35555555555555557,2,8,0.3,0.7,8,0.16666018962860107,0.18974754214286804,0.18974754214286804,0.16666018962860107,-0.023087352514266968,0.4478550851345062,-0.19508390128612518,0.3982847034931183
test,C2,20,2026_08_18_00_57_15_980084_L3_right_C2,right,pick up the right block,pick up the red block,L3,red,left,right,3,pregrasp,48,64,16,0.4025157232704403,0.35555555555555557,3,8,0.3,0.7,8,0.3002910912036896,0.3337540924549103,0.3337540924549103,0.3002910912036896,-0.0334630012512207,0.4478550851345062,-0.19508390128612518,0.3982847034931183
test,C2,20,2026_08_18_00_57_15_980084_L3_right_C2,right,pick up the right block,pick up the red block,L3,red,left,right,3,pregrasp,48,64,16,0.4025157232704403,0.35555555555555557,4,8,0.3,0.7,8,0.21500904858112335,0.24025872349739075,0.24025872349739075,0.21500904858112335,-0.025249674916267395,0.4478550851345062,-0.19508390128612518,0.3982847034931183
test,C2,20,2026_08_18_00_57_15_980084_L3_right_C2,right,pick up the right block,pick up the red block,L3,red,left,right,3,pregrasp,48,64,16,0.4025157232704403,0.35555555555555557,5,8,0.3,0.7,8,0.25452467799186707,0.28915971517562866,0.28915971517562866,0.25452467799186707,-0.0346350371837616,0.4478550851345062,-0.19508390128612518,0.3982847034931183
test,C2,20,2026_08_18_00_57_15_980084_L3_right_C2,right,pick up the right block,pick up the red block,L3,red,left,right,3,pregrasp,48,64,16,0.4025157232704403,0.35555555555555557,6,8,0.3,0.7,8,0.2565436363220215,0.2991005778312683,0.2991005778312683,0.2565436363220215,-0.042556941509246826,0.4478550851345062,-0.19508390128612518,0.3982847034931183
test,C2,20,2026_08_18_00_57_15_980084_L3_right_C2,right,pick up the right block,pick up the red block,L3,red,left,right,3,pregrasp,48,64,16,0.4025157232704403,0.35555555555555557,7,8,0.3,0.7,8,0.1903800219297409,0.20223653316497803,0.20223653316497803,0.1903800219297409,-0.011856511235237122,0.4478550851345062,-0.19508390128612518,0.3982847034931183
test,C2,20,2026_08_18_00_57_15_980084_L3_right_C2,right,pick up the right block,pick up the red block,L3,red,left,right,3,pregrasp,48,64,16,0.4025157232704403,0.35555555555555557,8,8,0.3,0.7,8,0.17495185136795044,0.19317607581615448,0.19317607581615448,0.17495185136795044,-0.01822422444820404,0.4478550851345062,-0.19508390128612518,0.3982847034931183
test,C2,20,2026_08_18_00_57_15_980084_L3_right_C2,right,pick up the right block,pick up the red block,L3,red,left,right,3,pregrasp,48,64,16,0.4025157232704403,0.35555555555555557,9,8,0.3,0.7,8,0.22619733214378357,0.24830244481563568,0.24830244481563568,0.22619733214378357,-0.022105112671852112,0.4478550851345062,-0.19508390128612518,0.3982847034931183
test,C2,20,2026_08_18_00_57_15_980084_L3_right_C2,right,pick up the right block,pick up the red block,L3,red,left,right,4,pregrasp,64,80,16,0.5031446540880503,0.4444444444444444,0,8,0.3,0.7,8,0.22480152547359467,0.25517502427101135,0.25517502427101135,0.22480152547359467,-0.030373498797416687,0.49579840898513794,-0.20766711235046387,0.35103633999824524
test,C2,20,2026_08_18_00_57_15_980084_L3_right_C2,right,pick up the right block,pick up the red block,L3,red,left,right,4,pregrasp,64,80,16,0.5031446540880503,0.4444444444444444,1,8,0.3,0.7,8,0.29803308844566345,0.3249772787094116,0.3249772787094116,0.29803308844566345,-0.02694419026374817,0.49579840898513794,-0.20766711235046387,0.35103633999824524
test,C2,20,2026_08_18_00_57_15_980084_L3_right_C2,right,pick up the right block,pick up the red block,L3,red,left,right,4,pregrasp,64,80,16,0.5031446540880503,0.4444444444444444,2,8,0.3,0.7,8,0.195015549659729,0.22102344036102295,0.22102344036102295,0.195015549659729,-0.026007890701293945,0.49579840898513794,-0.20766711235046387,0.35103633999824524
test,C2,20,2026_08_18_00_57_15_980084_L3_right_C2,right,pick up the right block,pick up the red block,L3,red,left,right,4,pregrasp,64,80,16,0.5031446540880503,0.4444444444444444,3,8,0.3,0.7,8,0.17460478842258453,0.20373569428920746,0.20373569428920746,0.17460478842258453,-0.029130905866622925,0.49579840898513794,-0.20766711235046387,0.35103633999824524
test,C2,20,2026_08_18_00_57_15_980084_L3_right_C2,right,pick up the right block,pick up the red block,L3,red,left,right,4,pregrasp,64,80,16,0.5031446540880503,0.4444444444444444,4,8,0.3,0.7,8,0.21332010626792908,0.23623451590538025,0.23623451590538025,0.21332010626792908,-0.022914409637451172,0.49579840898513794,-0.20766711235046387,0.35103633999824524
test,C2,20,2026_08_18_00_57_15_980084_L3_right_C2,right,pick up the right block,pick up the red block,L3,red,left,right,4,pregrasp,64,80,16,0.5031446540880503,0.4444444444444444,5,8,0.3,0.7,8,0.2705603241920471,0.2976292371749878,0.2976292371749878,0.2705603241920471,-0.027068912982940674,0.49579840898513794,-0.20766711235046387,0.35103633999824524
test,C2,20,2026_08_18_00_57_15_980084_L3_right_C2,right,pick up the right block,pick up the red block,L3,red,left,right,4,pregrasp,64,80,16,0.5031446540880503,0.4444444444444444,6,8,0.3,0.7,8,0.25190696120262146,0.27544113993644714,0.27544113993644714,0.25190696120262146,-0.023534178733825684,0.49579840898513794,-0.20766711235046387,0.35103633999824524
test,C2,20,2026_08_18_00_57_15_980084_L3_right_C2,right,pick up the right block,pick up the red block,L3,red,left,right,4,pregrasp,64,80,16,0.5031446540880503,0.4444444444444444,7,8,0.3,0.7,8,0.1702672839164734,0.18699099123477936,0.18699099123477936,0.1702672839164734,-0.01672370731830597,0.49579840898513794,-0.20766711235046387,0.35103633999824524
test,C2,20,2026_08_18_00_57_15_980084_L3_right_C2,right,pick up the right block,pick up the red block,L3,red,left,right,4,pregrasp,64,80,16,0.5031446540880503,0.4444444444444444,8,8,0.3,0.7,8,0.1904914528131485,0.2122586965560913,0.2122586965560913,0.1904914528131485,-0.02176724374294281,0.49579840898513794,-0.20766711235046387,0.35103633999824524
test,C2,20,2026_08_18_00_57_15_980084_L3_right_C2,right,pick up the right block,pick up the red block,L3,red,left,right,4,pregrasp,64,80,16,0.5031446540880503,0.4444444444444444,9,8,0.3,0.7,8,0.3041536808013916,0.32308921217918396,0.32308921217918396,0.3041536808013916,-0.01893553137779236,0.49579840898513794,-0.20766711235046387,0.35103633999824524
test,C2,20,2026_08_18_00_57_15_980084_L3_right_C2,right,pick up the right block,pick up the red block,L3,red,left,right,5,pregrasp,80,96,16,0.6037735849056604,0.5333333333333333,0,8,0.3,0.7,8,0.23466406762599945,0.2504943609237671,0.2504943609237671,0.23466406762599945,-0.01583029329776764,0.5430783033370972,-0.18444696068763733,0.30657511949539185
test,C2,20,2026_08_18_00_57_15_980084_L3_right_C2,right,pick up the right block,pick up the red block,L3,red,left,right,5,pregrasp,80,96,16,0.6037735849056604,0.5333333333333333,1,8,0.3,0.7,8,0.29035186767578125,0.302194744348526,0.302194744348526,0.29035186767578125,-0.011842876672744751,0.5430783033370972,-0.18444696068763733,0.30657511949539185
test,C2,20,2026_08_18_00_57_15_980084_L3_right_C2,right,pick up the right block,pick up the red block,L3,red,left,right,5,pregrasp,80,96,16,0.6037735849056604,0.5333333333333333,2,8,0.3,0.7,8,0.3756219744682312,0.3911147713661194,0.3911147713661194,0.3756219744682312,-0.015492796897888184,0.5430783033370972,-0.18444696068763733,0.30657511949539185
test,C2,20,2026_08_18_00_57_15_980084_L3_right_C2,right,pick up the right block,pick up the red block,L3,red,left,right,5,pregrasp,80,96,16,0.6037735849056604,0.5333333333333333,3,8,0.3,0.7,8,0.3336573541164398,0.35009482502937317,0.35009482502937317,0.3336573541164398,-0.01643747091293335,0.5430783033370972,-0.18444696068763733,0.30657511949539185
test,C2,20,2026_08_18_00_57_15_980084_L3_right_C2,right,pick up the right block,pick up the red block,L3,red,left,right,5,pregrasp,80,96,16,0.6037735849056604,0.5333333333333333,4,8,0.3,0.7,8,0.2270336151123047,0.2417205274105072,0.2417205274105072,0.2270336151123047,-0.014686912298202515,0.5430783033370972,-0.18444696068763733,0.30657511949539185
test,C2,20,2026_08_18_00_57_15_980084_L3_right_C2,right,pick up the right block,pick up the red block,L3,red,left,right,5,pregrasp,80,96,16,0.6037735849056604,0.5333333333333333,5,8,0.3,0.7,8,0.320712149143219,0.3358907103538513,0.3358907103538513,0.320712149143219,-0.015178561210632324,0.5430783033370972,-0.18444696068763733,0.30657511949539185
test,C2,20,2026_08_18_00_57_15_980084_L3_right_C2,right,pick up the right block,pick up the red block,L3,red,left,right,5,pregrasp,80,96,16,0.6037735849056604,0.5333333333333333,6,8,0.3,0.7,8,0.2543911635875702,0.2689998149871826,0.2689998149871826,0.2543911635875702,-0.014608651399612427,0.5430783033370972,-0.18444696068763733,0.30657511949539185
test,C2,20,2026_08_18_00_57_15_980084_L3_right_C2,right,pick up the right block,pick up the red block,L3,red,left,right,5,pregrasp,80,96,16,0.6037735849056604,0.5333333333333333,7,8,0.3,0.7,8,0.39242884516716003,0.4065525233745575,0.4065525233745575,0.39242884516716003,-0.014123678207397461,0.5430783033370972,-0.18444696068763733,0.30657511949539185
test,C2,20,2026_08_18_00_57_15_980084_L3_right_C2,right,pick up the right block,pick up the red block,L3,red,left,right,5,pregrasp,80,96,16,0.6037735849056604,0.5333333333333333,8,8,0.3,0.7,8,0.40921342372894287,0.4227244257926941,0.4227244257926941,0.40921342372894287,-0.01351100206375122,0.5430783033370972,-0.18444696068763733,0.30657511949539185
test,C2,20,2026_08_18_00_57_15_980084_L3_right_C2,right,pick up the right block,pick up the red block,L3,red,left,right,5,pregrasp,80,96,16,0.6037735849056604,0.5333333333333333,9,8,0.3,0.7,8,0.28401124477386475,0.29966917634010315,0.29966917634010315,0.28401124477386475,-0.015657931566238403,0.5430783033370972,-0.18444696068763733,0.30657511949539185
test,C2,20,2026_08_18_00_57_15_980084_L3_right_C2,right,pick up the right block,pick up the red block,L3,red,left,right,6,pregrasp,96,112,16,0.7044025157232704,0.6222222222222222,0,8,0.3,0.7,8,0.2358897477388382,0.25643783807754517,0.25643783807754517,0.2358897477388382,-0.02054809033870697,0.5849815607070923,-0.14606572687625885,0.2667231857776642
test,C2,20,2026_08_18_00_57_15_980084_L3_right_C2,right,pick up the right block,pick up the red block,L3,red,left,right,6,pregrasp,96,112,16,0.7044025157232704,0.6222222222222222,1,8,0.3,0.7,8,0.22688354551792145,0.24560880661010742,0.24560880661010742,0.22688354551792145,-0.018725261092185974,0.5849815607070923,-0.14606572687625885,0.2667231857776642
test,C2,20,2026_08_18_00_57_15_980084_L3_right_C2,right,pick up the right block,pick up the red block,L3,red,left,right,6,pregrasp,96,112,16,0.7044025157232704,0.6222222222222222,2,8,0.3,0.7,8,0.2568312883377075,0.2776481509208679,0.2776481509208679,0.2568312883377075,-0.0208168625831604,0.5849815607070923,-0.14606572687625885,0.2667231857776642
test,C2,20,2026_08_18_00_57_15_980084_L3_right_C2,right,pick up the right block,pick up the red block,L3,red,left,right,6,pregrasp,96,112,16,0.7044025157232704,0.6222222222222222,3,8,0.3,0.7,8,0.3755427896976471,0.40269529819488525,0.40269529819488525,0.3755427896976471,-0.02715250849723816,0.5849815607070923,-0.14606572687625885,0.2667231857776642
test,C2,20,2026_08_18_00_57_15_980084_L3_right_C2,right,pick up the right block,pick up the red block,L3,red,left,right,6,pregrasp,96,112,16,0.7044025157232704,0.6222222222222222,4,8,0.3,0.7,8,0.3940609097480774,0.41989588737487793,0.41989588737487793,0.3940609097480774,-0.025834977626800537,0.5849815607070923,-0.14606572687625885,0.2667231857776642
test,C2,20,2026_08_18_00_57_15_980084_L3_right_C2,right,pick up the right block,pick up the red block,L3,red,left,right,6,pregrasp,96,112,16,0.7044025157232704,0.6222222222222222,5,8,0.3,0.7,8,0.23667354881763458,0.25260356068611145,0.25260356068611145,0.23667354881763458,-0.015930011868476868,0.5849815607070923,-0.14606572687625885,0.2667231857776642
test,C2,20,2026_08_18_00_57_15_980084_L3_right_C2,right,pick up the right block,pick up the red block,L3,red,left,right,6,pregrasp,96,112,16,0.7044025157232704,0.6222222222222222,6,8,0.3,0.7,8,0.3223029375076294,0.3482099175453186,0.3482099175453186,0.3223029375076294,-0.02590698003768921,0.5849815607070923,-0.14606572687625885,0.2667231857776642
test,C2,20,2026_08_18_00_57_15_980084_L3_right_C2,right,pick up the right block,pick up the red block,L3,red,left,right,6,pregrasp,96,112,16,0.7044025157232704,0.6222222222222222,7,8,0.3,0.7,8,0.3771735727787018,0.4101734757423401,0.4101734757423401,0.3771735727787018,-0.032999902963638306,0.5849815607070923,-0.14606572687625885,0.2667231857776642
test,C2,20,2026_08_18_00_57_15_980084_L3_right_C2,right,pick up the right block,pick up the red block,L3,red,left,right,6,pregrasp,96,112,16,0.7044025157232704,0.6222222222222222,8,8,0.3,0.7,8,0.25296759605407715,0.27496203780174255,0.27496203780174255,0.25296759605407715,-0.021994441747665405,0.5849815607070923,-0.14606572687625885,0.2667231857776642
test,C2,20,2026_08_18_00_57_15_980084_L3_right_C2,right,pick up the right block,pick up the red block,L3,red,left,right,6,pregrasp,96,112,16,0.7044025157232704,0.6222222222222222,9,8,0.3,0.7,8,0.45444241166114807,0.48448967933654785,0.48448967933654785,0.45444241166114807,-0.03004726767539978,0.5849815607070923,-0.14606572687625885,0.2667231857776642
test,C2,20,2026_08_18_00_57_15_980084_L3_right_C2,right,pick up the right block,pick up the red block,L3,red,left,right,7,pregrasp,112,128,16,0.8050314465408805,0.7111111111111111,0,8,0.3,0.7,8,0.2592998743057251,0.27087458968162537,0.27087458968162537,0.2592998743057251,-0.011574715375900269,0.6232466101646423,-0.10133560746908188,0.2302960604429245
test,C2,20,2026_08_18_00_57_15_980084_L3_right_C2,right,pick up the right block,pick up the red block,L3,red,left,right,7,pregrasp,112,128,16,0.8050314465408805,0.7111111111111111,1,8,0.3,0.7,8,0.30598586797714233,0.32294169068336487,0.32294169068336487,0.30598586797714233,-0.016955822706222534,0.6232466101646423,-0.10133560746908188,0.2302960604429245
test,C2,20,2026_08_18_00_57_15_980084_L3_right_C2,right,pick up the right block,pick up the red block,L3,red,left,right,7,pregrasp,112,128,16,0.8050314465408805,0.7111111111111111,2,8,0.3,0.7,8,0.4298526644706726,0.45564740896224976,0.45564740896224976,0.4298526644706726,-0.02579474449157715,0.6232466101646423,-0.10133560746908188,0.2302960604429245
test,C2,20,2026_08_18_00_57_15_980084_L3_right_C2,right,pick up the right block,pick up the red block,L3,red,left,right,7,pregrasp,112,128,16,0.8050314465408805,0.7111111111111111,3,8,0.3,0.7,8,0.37795355916023254,0.3993435800075531,0.3993435800075531,0.37795355916023254,-0.021390020847320557,0.6232466101646423,-0.10133560746908188,0.2302960604429245
test,C2,20,2026_08_18_00_57_15_980084_L3_right_C2,right,pick up the right block,pick up the red block,L3,red,left,right,7,pregrasp,112,128,16,0.8050314465408805,0.7111111111111111,4,8,0.3,0.7,8,0.28631791472435,0.2958904504776001,0.2958904504776001,0.28631791472435,-0.009572535753250122,0.6232466101646423,-0.10133560746908188,0.2302960604429245
test,C2,20,2026_08_18_00_57_15_980084_L3_right_C2,right,pick up the right block,pick up the red block,L3,red,left,right,7,pregrasp,112,128,16,0.8050314465408805,0.7111111111111111,5,8,0.3,0.7,8,0.22546051442623138,0.2318630814552307,0.2318630814552307,0.22546051442623138,-0.006402567028999329,0.6232466101646423,-0.10133560746908188,0.2302960604429245
test,C2,20,2026_08_18_00_57_15_980084_L3_right_C2,right,pick up the right block,pick up the red block,L3,red,left,right,7,pregrasp,112,128,16,0.8050314465408805,0.7111111111111111,6,8,0.3,0.7,8,0.333744615316391,0.3478758931159973,0.3478758931159973,0.333744615316391,-0.014131277799606323,0.6232466101646423,-0.10133560746908188,0.2302960604429245
test,C2,20,2026_08_18_00_57_15_980084_L3_right_C2,right,pick up the right block,pick up the red block,L3,red,left,right,7,pregrasp,112,128,16,0.8050314465408805,0.7111111111111111,7,8,0.3,0.7,8,0.29670900106430054,0.3067364990711212,0.3067364990711212,0.29670900106430054,-0.010027498006820679,0.6232466101646423,-0.10133560746908188,0.2302960604429245
test,C2,20,2026_08_18_00_57_15_980084_L3_right_C2,right,pick up the right block,pick up the red block,L3,red,left,right,7,pregrasp,112,128,16,0.8050314465408805,0.7111111111111111,8,8,0.3,0.7,8,0.35323789715766907,0.37088537216186523,0.37088537216186523,0.35323789715766907,-0.017647475004196167,0.6232466101646423,-0.10133560746908188,0.2302960604429245
test,C2,20,2026_08_18_00_57_15_980084_L3_right_C2,right,pick up the right block,pick up the red block,L3,red,left,right,7,pregrasp,112,128,16,0.8050314465408805,0.7111111111111111,9,8,0.3,0.7,8,0.30442386865615845,0.31381410360336304,0.31381410360336304,0.30442386865615845,-0.00939023494720459,0.6232466101646423,-0.10133560746908188,0.2302960604429245
test,C2,20,2026_08_18_00_57_15_980084_L3_right_C2,right,pick up the right block,pick up the red block,L3,red,left,right,8,pregrasp,128,144,16,0.9056603773584906,0.8,0,8,0.3,0.7,8,0.45855969190597534,0.4808485507965088,0.4808485507965088,0.45855969190597534,-0.022288858890533447,0.6598662734031677,-0.05292775109410286,0.19578838348388672
test,C2,20,2026_08_18_00_57_15_980084_L3_right_C2,right,pick up the right block,pick up the red block,L3,red,left,right,8,pregrasp,128,144,16,0.9056603773584906,0.8,1,8,0.3,0.7,8,0.4478229880332947,0.46999603509902954,0.46999603509902954,0.4478229880332947,-0.022173047065734863,0.6598662734031677,-0.05292775109410286,0.19578838348388672
test,C2,20,2026_08_18_00_57_15_980084_L3_right_C2,right,pick up the right block,pick up the red block,L3,red,left,right,8,pregrasp,128,144,16,0.9056603773584906,0.8,2,8,0.3,0.7,8,0.30739906430244446,0.3208836019039154,0.3208836019039154,0.30739906430244446,-0.013484537601470947,0.6598662734031677,-0.05292775109410286,0.19578838348388672
test,C2,20,2026_08_18_00_57_15_980084_L3_right_C2,right,pick up the right block,pick up the red block,L3,red,left,right,8,pregrasp,128,144,16,0.9056603773584906,0.8,3,8,0.3,0.7,8,0.38369864225387573,0.40132755041122437,0.40132755041122437,0.38369864225387573,-0.017628908157348633,0.6598662734031677,-0.05292775109410286,0.19578838348388672
test,C2,20,2026_08_18_00_57_15_980084_L3_right_C2,right,pick up the right block,pick up the red block,L3,red,left,right,8,pregrasp,128,144,16,0.9056603773584906,0.8,4,8,0.3,0.7,8,0.385055810213089,0.3970181345939636,0.3970181345939636,0.385055810213089,-0.011962324380874634,0.6598662734031677,-0.05292775109410286,0.19578838348388672
test,C2,20,2026_08_18_00_57_15_980084_L3_right_C2,right,pick up the right block,pick up the red block,L3,red,left,right,8,pregrasp,128,144,16,0.9056603773584906,0.8,5,8,0.3,0.7,8,0.4062790870666504,0.4219410717487335,0.4219410717487335,0.4062790870666504,-0.01566198468208313,0.6598662734031677,-0.05292775109410286,0.19578838348388672
test,C2,20,2026_08_18_00_57_15_980084_L3_right_C2,right,pick up the right block,pick up the red block,L3,red,left,right,8,pregrasp,128,144,16,0.9056603773584906,0.8,6,8,0.3,0.7,8,0.2786267101764679,0.2865148186683655,0.2865148186683655,0.2786267101764679,-0.007888108491897583,0.6598662734031677,-0.05292775109410286,0.19578838348388672
test,C2,20,2026_08_18_00_57_15_980084_L3_right_C2,right,pick up the right block,pick up the red block,L3,red,left,right,8,pregrasp,128,144,16,0.9056603773584906,0.8,7,8,0.3,0.7,8,0.38344740867614746,0.39945149421691895,0.39945149421691895,0.38344740867614746,-0.016004085540771484,0.6598662734031677,-0.05292775109410286,0.19578838348388672
test,C2,20,2026_08_18_00_57_15_980084_L3_right_C2,right,pick up the right block,pick up the red block,L3,red,left,right,8,pregrasp,128,144,16,0.9056603773584906,0.8,8,8,0.3,0.7,8,0.5001423954963684,0.5190401077270508,0.5190401077270508,0.5001423954963684,-0.018897712230682373,0.6598662734031677,-0.05292775109410286,0.19578838348388672
test,C2,20,2026_08_18_00_57_15_980084_L3_right_C2,right,pick up the right block,pick up the red block,L3,red,left,right,8,pregrasp,128,144,16,0.9056603773584906,0.8,9,8,0.3,0.7,8,0.37729382514953613,0.38520723581314087,0.38520723581314087,0.37729382514953613,-0.007913410663604736,0.6598662734031677,-0.05292775109410286,0.19578838348388672
test,C2,20,2026_08_18_00_57_15_980084_L3_right_C2,right,pick up the right block,pick up the red block,L3,red,left,right,9,pregrasp,144,159,15,1.0,0.8833333333333333,0,8,0.3,0.7,8,0.2504686713218689,0.25555339455604553,0.25555339455604553,0.2504686713218689,-0.005084723234176636,0.6664674282073975,-0.04600037634372711,0.18937386572360992
test,C2,20,2026_08_18_00_57_15_980084_L3_right_C2,right,pick up the right block,pick up the red block,L3,red,left,right,9,pregrasp,144,159,15,1.0,0.8833333333333333,1,8,0.3,0.7,8,0.2624259889125824,0.2689480781555176,0.2689480781555176,0.2624259889125824,-0.006522089242935181,0.6664674282073975,-0.04600037634372711,0.18937386572360992
test,C2,20,2026_08_18_00_57_15_980084_L3_right_C2,right,pick up the right block,pick up the red block,L3,red,left,right,9,pregrasp,144,159,15,1.0,0.8833333333333333,2,8,0.3,0.7,8,0.23166219890117645,0.2362787425518036,0.2362787425518036,0.23166219890117645,-0.004616543650627136,0.6664674282073975,-0.04600037634372711,0.18937386572360992
test,C2,20,2026_08_18_00_57_15_980084_L3_right_C2,right,pick up the right block,pick up the red block,L3,red,left,right,9,pregrasp,144,159,15,1.0,0.8833333333333333,3,8,0.3,0.7,8,0.24868251383304596,0.2533319294452667,0.2533319294452667,0.24868251383304596,-0.004649415612220764,0.6664674282073975,-0.04600037634372711,0.18937386572360992
test,C2,20,2026_08_18_00_57_15_980084_L3_right_C2,right,pick up the right block,pick up the red block,L3,red,left,right,9,pregrasp,144,159,15,1.0,0.8833333333333333,4,8,0.3,0.7,8,0.27716392278671265,0.2831750512123108,0.2831750512123108,0.27716392278671265,-0.0060111284255981445,0.6664674282073975,-0.04600037634372711,0.18937386572360992
test,C2,20,2026_08_18_00_57_15_980084_L3_right_C2,right,pick up the right block,pick up the red block,L3,red,left,right,9,pregrasp,144,159,15,1.0,0.8833333333333333,5,8,0.3,0.7,8,0.3493955135345459,0.355890154838562,0.355890154838562,0.3493955135345459,-0.006494641304016113,0.6664674282073975,-0.04600037634372711,0.18937386572360992
test,C2,20,2026_08_18_00_57_15_980084_L3_right_C2,right,pick up the right block,pick up the red block,L3,red,left,right,9,pregrasp,144,159,15,1.0,0.8833333333333333,6,8,0.3,0.7,8,0.33509963750839233,0.3414630889892578,0.3414630889892578,0.33509963750839233,-0.0063634514808654785,0.6664674282073975,-0.04600037634372711,0.18937386572360992
test,C2,20,2026_08_18_00_57_15_980084_L3_right_C2,right,pick up the right block,pick up the red block,L3,red,left,right,9,pregrasp,144,159,15,1.0,0.8833333333333333,7,8,0.3,0.7,8,0.4167536795139313,0.4248054623603821,0.4248054623603821,0.4167536795139313,-0.008051782846450806,0.6664674282073975,-0.04600037634372711,0.18937386572360992
test,C2,20,2026_08_18_00_57_15_980084_L3_right_C2,right,pick up the right block,pick up the red block,L3,red,left,right,9,pregrasp,144,159,15,1.0,0.8833333333333333,8,8,0.3,0.7,8,0.2744072675704956,0.2814747095108032,0.2814747095108032,0.2744072675704956,-0.007067441940307617,0.6664674282073975,-0.04600037634372711,0.18937386572360992
test,C2,20,2026_08_18_00_57_15_980084_L3_right_C2,right,pick up the right block,pick up the red block,L3,red,left,right,9,pregrasp,144,159,15,1.0,0.8833333333333333,9,8,0.3,0.7,8,0.29299598932266235,0.29912152886390686,0.29912152886390686,0.29299598932266235,-0.006125539541244507,0.6664674282073975,-0.04600037634372711,0.18937386572360992
test,C2,20,2026_08_18_00_57_15_980084_L3_right_C2,right,pick up the right block,pick up the red block,L3,red,left,right,10,postgrasp,159,175,16,1.0,0.9722222222222222,0,8,0.3,0.7,8,0.5887794494628906,0.5764878392219543,0.5764878392219543,0.5887794494628906,0.01229161024093628,0.6669524908065796,-0.045971136540174484,0.18980810046195984
test,C2,20,2026_08_18_00_57_15_980084_L3_right_C2,right,pick up the right block,pick up the red block,L3,red,left,right,10,postgrasp,159,175,16,1.0,0.9722222222222222,1,8,0.3,0.7,8,0.5328380465507507,0.5176168084144592,0.5176168084144592,0.5328380465507507,0.015221238136291504,0.6669524908065796,-0.045971136540174484,0.18980810046195984
test,C2,20,2026_08_18_00_57_15_980084_L3_right_C2,right,pick up the right block,pick up the red block,L3,red,left,right,10,postgrasp,159,175,16,1.0,0.9722222222222222,2,8,0.3,0.7,8,0.5073243975639343,0.4977244436740875,0.4977244436740875,0.5073243975639343,0.009599953889846802,0.6669524908065796,-0.045971136540174484,0.18980810046195984
test,C2,20,2026_08_18_00_57_15_980084_L3_right_C2,right,pick up the right block,pick up the red block,L3,red,left,right,10,postgrasp,159,175,16,1.0,0.9722222222222222,3,8,0.3,0.7,8,0.45848268270492554,0.448674738407135,0.448674738407135,0.45848268270492554,0.009807944297790527,0.6669524908065796,-0.045971136540174484,0.18980810046195984
test,C2,20,2026_08_18_00_57_15_980084_L3_right_C2,right,pick up the right block,pick up the red block,L3,red,left,right,10,postgrasp,159,175,16,1.0,0.9722222222222222,4,8,0.3,0.7,8,0.552304744720459,0.5465582013130188,0.5465582013130188,0.552304744720459,0.0057465434074401855,0.6669524908065796,-0.045971136540174484,0.18980810046195984
test,C2,20,2026_08_18_00_57_15_980084_L3_right_C2,right,pick up the right block,pick up the red block,L3,red,left,right,10,postgrasp,159,175,16,1.0,0.9722222222222222,5,8,0.3,0.7,8,0.523915708065033,0.5128515362739563,0.5128515362739563,0.523915708065033,0.01106417179107666,0.6669524908065796,-0.045971136540174484,0.18980810046195984
test,C2,20,2026_08_18_00_57_15_980084_L3_right_C2,right,pick up the right block,pick up the red block,L3,red,left,right,10,postgrasp,159,175,16,1.0,0.9722222222222222,6,8,0.3,0.7,8,0.45738258957862854,0.45102810859680176,0.45102810859680176,0.45738258957862854,0.006354480981826782,0.6669524908065796,-0.045971136540174484,0.18980810046195984
test,C2,20,2026_08_18_00_57_15_980084_L3_right_C2,right,pick up the right block,pick up the red block,L3,red,left,right,10,postgrasp,159,175,16,1.0,0.9722222222222222,7,8,0.3,0.7,8,0.4944346845149994,0.4890833795070648,0.4890833795070648,0.4944346845149994,0.00535130500793457,0.6669524908065796,-0.045971136540174484,0.18980810046195984
test,C2,20,2026_08_18_00_57_15_980084_L3_right_C2,right,pick up the right block,pick up the red block,L3,red,left,right,10,postgrasp,159,175,16,1.0,0.9722222222222222,8,8,0.3,0.7,8,0.5178264379501343,0.5097814202308655,0.5097814202308655,0.5178264379501343,0.008045017719268799,0.6669524908065796,-0.045971136540174484,0.18980810046195984
test,C2,20,2026_08_18_00_57_15_980084_L3_right_C2,right,pick up the right block,pick up the red block,L3,red,left,right,10,postgrasp,159,175,16,1.0,0.9722222222222222,9,8,0.3,0.7,8,0.4755643606185913,0.46740400791168213,0.46740400791168213,0.4755643606185913,0.00816035270690918,0.6669524908065796,-0.045971136540174484,0.18980810046195984
test,C2,20,2026_08_18_00_57_15_980084_L3_right_C2,right,pick up the right block,pick up the red block,L3,red,left,right,11,postgrasp,175,180,5,1.0,1.0,0,8,0.3,0.7,8,0.4202286899089813,0.41252678632736206,0.41252678632736206,0.4202286899089813,0.007701903581619263,0.6669564843177795,-0.045968689024448395,0.18980878591537476
test,C2,20,2026_08_18_00_57_15_980084_L3_right_C2,right,pick up the right block,pick up the red block,L3,red,left,right,11,postgrasp,175,180,5,1.0,1.0,1,8,0.3,0.7,8,0.39561915397644043,0.38899174332618713,0.38899174332618713,0.39561915397644043,0.006627410650253296,0.6669564843177795,-0.045968689024448395,0.18980878591537476
test,C2,20,2026_08_18_00_57_15_980084_L3_right_C2,right,pick up the right block,pick up the red block,L3,red,left,right,11,postgrasp,175,180,5,1.0,1.0,2,8,0.3,0.7,8,0.38844457268714905,0.3806225657463074,0.3806225657463074,0.38844457268714905,0.007822006940841675,0.6669564843177795,-0.045968689024448395,0.18980878591537476
test,C2,20,2026_08_18_00_57_15_980084_L3_right_C2,right,pick up the right block,pick up the red block,L3,red,left,right,11,postgrasp,175,180,5,1.0,1.0,3,8,0.3,0.7,8,0.5443447232246399,0.540067195892334,0.540067195892334,0.5443447232246399,0.004277527332305908,0.6669564843177795,-0.045968689024448395,0.18980878591537476
test,C2,20,2026_08_18_00_57_15_980084_L3_right_C2,right,pick up the right block,pick up the red block,L3,red,left,right,11,postgrasp,175,180,5,1.0,1.0,4,8,0.3,0.7,8,0.565150797367096,0.5584946870803833,0.5584946870803833,0.565150797367096,0.0066561102867126465,0.6669564843177795,-0.045968689024448395,0.18980878591537476
test,C2,20,2026_08_18_00_57_15_980084_L3_right_C2,right,pick up the right block,pick up the red block,L3,red,left,right,11,postgrasp,175,180,5,1.0,1.0,5,8,0.3,0.7,8,0.4978984296321869,0.48736974596977234,0.48736974596977234,0.4978984296321869,0.01052868366241455,0.6669564843177795,-0.045968689024448395,0.18980878591537476
test,C2,20,2026_08_18_00_57_15_980084_L3_right_C2,right,pick up the right block,pick up the red block,L3,red,left,right,11,postgrasp,175,180,5,1.0,1.0,6,8,0.3,0.7,8,0.46910905838012695,0.46064692735671997,0.46064692735671997,0.46910905838012695,0.008462131023406982,0.6669564843177795,-0.045968689024448395,0.18980878591537476
test,C2,20,2026_08_18_00_57_15_980084_L3_right_C2,right,pick up the right block,pick up the red block,L3,red,left,right,11,postgrasp,175,180,5,1.0,1.0,7,8,0.3,0.7,8,0.5197721719741821,0.5114498734474182,0.5114498734474182,0.5197721719741821,0.008322298526763916,0.6669564843177795,-0.045968689024448395,0.18980878591537476
test,C2,20,2026_08_18_00_57_15_980084_L3_right_C2,right,pick up the right block,pick up the red block,L3,red,left,right,11,postgrasp,175,180,5,1.0,1.0,8,8,0.3,0.7,8,0.4461835026741028,0.4405403137207031,0.4405403137207031,0.4461835026741028,0.005643188953399658,0.6669564843177795,-0.045968689024448395,0.18980878591537476
test,C2,20,2026_08_18_00_57_15_980084_L3_right_C2,right,pick up the right block,pick up the red block,L3,red,left,right,11,postgrasp,175,180,5,1.0,1.0,9,8,0.3,0.7,8,0.47109517455101013,0.4637520909309387,0.4637520909309387,0.47109517455101013,0.007343083620071411,0.6669564843177795,-0.045968689024448395,0.18980878591537476
test,C0,21,2026_08_18_00_57_54_988496_L3_left_C0,left,pick up the left block,pick up the blue block,L3,blue,left,right,0,pregrasp,0,16,16,0.13333333333333333,0.11347517730496454,0,8,0.3,0.7,8,0.279821515083313,0.39070844650268555,0.279821515083313,0.39070844650268555,0.11088693141937256,0.3829444646835327,-0.0035502854734659195,0.46721431612968445
test,C0,21,2026_08_18_00_57_54_988496_L3_left_C0,left,pick up the left block,pick up the blue block,L3,blue,left,right,0,pregrasp,0,16,16,0.13333333333333333,0.11347517730496454,1,8,0.3,0.7,8,0.27098333835601807,0.3947121500968933,0.27098333835601807,0.3947121500968933,0.12372881174087524,0.3829444646835327,-0.0035502854734659195,0.46721431612968445
test,C0,21,2026_08_18_00_57_54_988496_L3_left_C0,left,pick up the left block,pick up the blue block,L3,blue,left,right,0,pregrasp,0,16,16,0.13333333333333333,0.11347517730496454,2,8,0.3,0.7,8,0.23445165157318115,0.3767656683921814,0.23445165157318115,0.3767656683921814,0.14231401681900024,0.3829444646835327,-0.0035502854734659195,0.46721431612968445
test,C0,21,2026_08_18_00_57_54_988496_L3_left_C0,left,pick up the left block,pick up the blue block,L3,blue,left,right,0,pregrasp,0,16,16,0.13333333333333333,0.11347517730496454,3,8,0.3,0.7,8,0.2808859646320343,0.3785626292228699,0.2808859646320343,0.3785626292228699,0.09767666459083557,0.3829444646835327,-0.0035502854734659195,0.46721431612968445
test,C0,21,2026_08_18_00_57_54_988496_L3_left_C0,left,pick up the left block,pick up the blue block,L3,blue,left,right,0,pregrasp,0,16,16,0.13333333333333333,0.11347517730496454,4,8,0.3,0.7,8,0.21326762437820435,0.34281402826309204,0.21326762437820435,0.34281402826309204,0.1295464038848877,0.3829444646835327,-0.0035502854734659195,0.46721431612968445
test,C0,21,2026_08_18_00_57_54_988496_L3_left_C0,left,pick up the left block,pick up the blue block,L3,blue,left,right,0,pregrasp,0,16,16,0.13333333333333333,0.11347517730496454,5,8,0.3,0.7,8,0.23183603584766388,0.3807326853275299,0.23183603584766388,0.3807326853275299,0.14889664947986603,0.3829444646835327,-0.0035502854734659195,0.46721431612968445
test,C0,21,2026_08_18_00_57_54_988496_L3_left_C0,left,pick up the left block,pick up the blue block,L3,blue,left,right,0,pregrasp,0,16,16,0.13333333333333333,0.11347517730496454,6,8,0.3,0.7,8,0.2744133174419403,0.43198826909065247,0.2744133174419403,0.43198826909065247,0.15757495164871216,0.3829444646835327,-0.0035502854734659195,0.46721431612968445
test,C0,21,2026_08_18_00_57_54_988496_L3_left_C0,left,pick up the left block,pick up the blue block,L3,blue,left,right,0,pregrasp,0,16,16,0.13333333333333333,0.11347517730496454,7,8,0.3,0.7,8,0.2969546318054199,0.4270460307598114,0.2969546318054199,0.4270460307598114,0.13009139895439148,0.3829444646835327,-0.0035502854734659195,0.46721431612968445
test,C0,21,2026_08_18_00_57_54_988496_L3_left_C0,left,pick up the left block,pick up the blue block,L3,blue,left,right,0,pregrasp,0,16,16,0.13333333333333333,0.11347517730496454,8,8,0.3,0.7,8,0.2449086457490921,0.3624839186668396,0.2449086457490921,0.3624839186668396,0.1175752729177475,0.3829444646835327,-0.0035502854734659195,0.46721431612968445
test,C0,21,2026_08_18_00_57_54_988496_L3_left_C0,left,pick up the left block,pick up the blue block,L3,blue,left,right,0,pregrasp,0,16,16,0.13333333333333333,0.11347517730496454,9,8,0.3,0.7,8,0.2263393998146057,0.3185082674026489,0.2263393998146057,0.3185082674026489,0.09216886758804321,0.3829444646835327,-0.0035502854734659195,0.46721431612968445
test,C0,21,2026_08_18_00_57_54_988496_L3_left_C0,left,pick up the left block,pick up the blue block,L3,blue,left,right,1,pregrasp,16,32,16,0.26666666666666666,0.22695035460992907,0,8,0.3,0.7,8,0.21147121489048004,0.31516095995903015,0.21147121489048004,0.31516095995903015,0.10368974506855011,0.4273664951324463,0.0029483188409358263,0.4148790240287781
test,C0,21,2026_08_18_00_57_54_988496_L3_left_C0,left,pick up the left block,pick up the blue block,L3,blue,left,right,1,pregrasp,16,32,16,0.26666666666666666,0.22695035460992907,1,8,0.3,0.7,8,0.12462104111909866,0.22626909613609314,0.12462104111909866,0.22626909613609314,0.10164805501699448,0.4273664951324463,0.0029483188409358263,0.4148790240287781
test,C0,21,2026_08_18_00_57_54_988496_L3_left_C0,left,pick up the left block,pick up the blue block,L3,blue,left,right,1,pregrasp,16,32,16,0.26666666666666666,0.22695035460992907,2,8,0.3,0.7,8,0.20977036654949188,0.3212972581386566,0.20977036654949188,0.3212972581386566,0.11152689158916473,0.4273664951324463,0.0029483188409358263,0.4148790240287781
test,C0,21,2026_08_18_00_57_54_988496_L3_left_C0,left,pick up the left block,pick up the blue block,L3,blue,left,right,1,pregrasp,16,32,16,0.26666666666666666,0.22695035460992907,3,8,0.3,0.7,8,0.18906447291374207,0.28287366032600403,0.18906447291374207,0.28287366032600403,0.09380918741226196,0.4273664951324463,0.0029483188409358263,0.4148790240287781
test,C0,21,2026_08_18_00_57_54_988496_L3_left_C0,left,pick up the left block,pick up the blue block,L3,blue,left,right,1,pregrasp,16,32,16,0.26666666666666666,0.22695035460992907,4,8,0.3,0.7,8,0.18752048909664154,0.28599444031715393,0.18752048909664154,0.28599444031715393,0.09847395122051239,0.4273664951324463,0.0029483188409358263,0.4148790240287781
test,C0,21,2026_08_18_00_57_54_988496_L3_left_C0,left,pick up the left block,pick up the blue block,L3,blue,left,right,1,pregrasp,16,32,16,0.26666666666666666,0.22695035460992907,5,8,0.3,0.7,8,0.21469980478286743,0.3153679072856903,0.21469980478286743,0.3153679072856903,0.10066810250282288,0.4273664951324463,0.0029483188409358263,0.4148790240287781
test,C0,21,2026_08_18_00_57_54_988496_L3_left_C0,left,pick up the left block,pick up the blue block,L3,blue,left,right,1,pregrasp,16,32,16,0.26666666666666666,0.22695035460992907,6,8,0.3,0.7,8,0.26009508967399597,0.3526889979839325,0.26009508967399597,0.3526889979839325,0.09259390830993652,0.4273664951324463,0.0029483188409358263,0.4148790240287781
test,C0,21,2026_08_18_00_57_54_988496_L3_left_C0,left,pick up the left block,pick up the blue block,L3,blue,left,right,1,pregrasp,16,32,16,0.26666666666666666,0.22695035460992907,7,8,0.3,0.7,8,0.1386675238609314,0.24569173157215118,0.1386675238609314,0.24569173157215118,0.10702420771121979,0.4273664951324463,0.0029483188409358263,0.4148790240287781
test,C0,21,2026_08_18_00_57_54_988496_L3_left_C0,left,pick up the left block,pick up the blue block,L3,blue,left,right,1,pregrasp,16,32,16,0.26666666666666666,0.22695035460992907,8,8,0.3,0.7,8,0.16954444348812103,0.2723091244697571,0.16954444348812103,0.2723091244697571,0.10276468098163605,0.4273664951324463,0.0029483188409358263,0.4148790240287781
test,C0,21,2026_08_18_00_57_54_988496_L3_left_C0,left,pick up the left block,pick up the blue block,L3,blue,left,right,1,pregrasp,16,32,16,0.26666666666666666,0.22695035460992907,9,8,0.3,0.7,8,0.24030616879463196,0.36959850788116455,0.24030616879463196,0.36959850788116455,0.1292923390865326,0.4273664951324463,0.0029483188409358263,0.4148790240287781
test,C0,21,2026_08_18_00_57_54_988496_L3_left_C0,left,pick up the left block,pick up the blue block,L3,blue,left,right,2,pregrasp,32,48,16,0.4,0.3404255319148936,0,8,0.3,0.7,8,0.19764414429664612,0.2562653124332428,0.19764414429664612,0.2562653124332428,0.05862116813659668,0.4775797128677368,0.01014313567429781,0.3675634562969208
test,C0,21,2026_08_18_00_57_54_988496_L3_left_C0,left,pick up the left block,pick up the blue block,L3,blue,left,right,2,pregrasp,32,48,16,0.4,0.3404255319148936,1,8,0.3,0.7,8,0.26198992133140564,0.30218544602394104,0.26198992133140564,0.30218544602394104,0.0401955246925354,0.4775797128677368,0.01014313567429781,0.3675634562969208
test,C0,21,2026_08_18_00_57_54_988496_L3_left_C0,left,pick up the left block,pick up the blue block,L3,blue,left,right,2,pregrasp,32,48,16,0.4,0.3404255319148936,2,8,0.3,0.7,8,0.2267695665359497,0.27055731415748596,0.2267695665359497,0.27055731415748596,0.043787747621536255,0.4775797128677368,0.01014313567429781,0.3675634562969208
test,C0,21,2026_08_18_00_57_54_988496_L3_left_C0,left,pick up the left block,pick up the blue block,L3,blue,left,right,2,pregrasp,32,48,16,0.4,0.3404255319148936,3,8,0.3,0.7,8,0.20538859069347382,0.28228434920310974,0.20538859069347382,0.28228434920310974,0.07689575850963593,0.4775797128677368,0.01014313567429781,0.3675634562969208
test,C0,21,2026_08_18_00_57_54_988496_L3_left_C0,left,pick up the left block,pick up the blue block,L3,blue,left,right,2,pregrasp,32,48,16,0.4,0.3404255319148936,4,8,0.3,0.7,8,0.19018301367759705,0.2545762360095978,0.19018301367759705,0.2545762360095978,0.06439322233200073,0.4775797128677368,0.01014313567429781,0.3675634562969208
test,C0,21,2026_08_18_00_57_54_988496_L3_left_C0,left,pick up the left block,pick up the blue block,L3,blue,left,right,2,pregrasp,32,48,16,0.4,0.3404255319148936,5,8,0.3,0.7,8,0.3059867322444916,0.38442063331604004,0.3059867322444916,0.38442063331604004,0.07843390107154846,0.4775797128677368,0.01014313567429781,0.3675634562969208
test,C0,21,2026_08_18_00_57_54_988496_L3_left_C0,left,pick up the left block,pick up the blue block,L3,blue,left,right,2,pregrasp,32,48,16,0.4,0.3404255319148936,6,8,0.3,0.7,8,0.11905603855848312,0.19518965482711792,0.11905603855848312,0.19518965482711792,0.0761336162686348,0.4775797128677368,0.01014313567429781,0.3675634562969208
test,C0,21,2026_08_18_00_57_54_988496_L3_left_C0,left,pick up the left block,pick up the blue block,L3,blue,left,right,2,pregrasp,32,48,16,0.4,0.3404255319148936,7,8,0.3,0.7,8,0.1630975306034088,0.19534039497375488,0.1630975306034088,0.19534039497375488,0.03224286437034607,0.4775797128677368,0.01014313567429781,0.3675634562969208
test,C0,21,2026_08_18_00_57_54_988496_L3_left_C0,left,pick up the left block,pick up the blue block,L3,blue,left,right,2,pregrasp,32,48,16,0.4,0.3404255319148936,8,8,0.3,0.7,8,0.0983925312757492,0.14848759770393372,0.0983925312757492,0.14848759770393372,0.05009506642818451,0.4775797128677368,0.01014313567429781,0.3675634562969208
test,C0,21,2026_08_18_00_57_54_988496_L3_left_C0,left,pick up the left block,pick up the blue block,L3,blue,left,right,2,pregrasp,32,48,16,0.4,0.3404255319148936,9,8,0.3,0.7,8,0.21003565192222595,0.2689898908138275,0.21003565192222595,0.2689898908138275,0.05895423889160156,0.4775797128677368,0.01014313567429781,0.3675634562969208
test,C0,21,2026_08_18_00_57_54_988496_L3_left_C0,left,pick up the left block,pick up the blue block,L3,blue,left,right,3,pregrasp,48,64,16,0.5333333333333333,0.45390070921985815,0,8,0.3,0.7,8,0.17614445090293884,0.24662306904792786,0.17614445090293884,0.24662306904792786,0.07047861814498901,0.5282652974128723,0.01727469079196453,0.3204830586910248
test,C0,21,2026_08_18_00_57_54_988496_L3_left_C0,left,pick up the left block,pick up the blue block,L3,blue,left,right,3,pregrasp,48,64,16,0.5333333333333333,0.45390070921985815,1,8,0.3,0.7,8,0.15802381932735443,0.25518903136253357,0.15802381932735443,0.25518903136253357,0.09716521203517914,0.5282652974128723,0.01727469079196453,0.3204830586910248
test,C0,21,2026_08_18_00_57_54_988496_L3_left_C0,left,pick up the left block,pick up the blue block,L3,blue,left,right,3,pregrasp,48,64,16,0.5333333333333333,0.45390070921985815,2,8,0.3,0.7,8,0.1957051008939743,0.28505000472068787,0.1957051008939743,0.28505000472068787,0.08934490382671356,0.5282652974128723,0.01727469079196453,0.3204830586910248
test,C0,21,2026_08_18_00_57_54_988496_L3_left_C0,left,pick up the left block,pick up the blue block,L3,blue,left,right,3,pregrasp,48,64,16,0.5333333333333333,0.45390070921985815,3,8,0.3,0.7,8,0.1607571691274643,0.2443295419216156,0.1607571691274643,0.2443295419216156,0.0835723727941513,0.5282652974128723,0.01727469079196453,0.3204830586910248
test,C0,21,2026_08_18_00_57_54_988496_L3_left_C0,left,pick up the left block,pick up the blue block,L3,blue,left,right,3,pregrasp,48,64,16,0.5333333333333333,0.45390070921985815,4,8,0.3,0.7,8,0.20824384689331055,0.3174315094947815,0.20824384689331055,0.3174315094947815,0.10918766260147095,0.5282652974128723,0.01727469079196453,0.3204830586910248
test,C0,21,2026_08_18_00_57_54_988496_L3_left_C0,left,pick up the left block,pick up the blue block,L3,blue,left,right,3,pregrasp,48,64,16,0.5333333333333333,0.45390070921985815,5,8,0.3,0.7,8,0.25454944372177124,0.34083014726638794,0.25454944372177124,0.34083014726638794,0.0862807035446167,0.5282652974128723,0.01727469079196453,0.3204830586910248
test,C0,21,2026_08_18_00_57_54_988496_L3_left_C0,left,pick up the left block,pick up the blue block,L3,blue,left,right,3,pregrasp,48,64,16,0.5333333333333333,0.45390070921985815,6,8,0.3,0.7,8,0.23945751786231995,0.3152066469192505,0.23945751786231995,0.3152066469192505,0.07574912905693054,0.5282652974128723,0.01727469079196453,0.3204830586910248
test,C0,21,2026_08_18_00_57_54_988496_L3_left_C0,left,pick up the left block,pick up the blue block,L3,blue,left,right,3,pregrasp,48,64,16,0.5333333333333333,0.45390070921985815,7,8,0.3,0.7,8,0.27982184290885925,0.3537183701992035,0.27982184290885925,0.3537183701992035,0.07389652729034424,0.5282652974128723,0.01727469079196453,0.3204830586910248
test,C0,21,2026_08_18_00_57_54_988496_L3_left_C0,left,pick up the left block,pick up the blue block,L3,blue,left,right,3,pregrasp,48,64,16,0.5333333333333333,0.45390070921985815,8,8,0.3,0.7,8,0.2180170863866806,0.28936466574668884,0.2180170863866806,0.28936466574668884,0.07134757936000824,0.5282652974128723,0.01727469079196453,0.3204830586910248
test,C0,21,2026_08_18_00_57_54_988496_L3_left_C0,left,pick up the left block,pick up the blue block,L3,blue,left,right,3,pregrasp,48,64,16,0.5333333333333333,0.45390070921985815,9,8,0.3,0.7,8,0.26546865701675415,0.350372314453125,0.26546865701675415,0.350372314453125,0.08490365743637085,0.5282652974128723,0.01727469079196453,0.3204830586910248
test,C0,21,2026_08_18_00_57_54_988496_L3_left_C0,left,pick up the left block,pick up the blue block,L3,blue,left,right,4,pregrasp,64,80,16,0.6666666666666666,0.5673758865248227,0,8,0.3,0.7,8,0.1664959341287613,0.2068079262971878,0.1664959341287613,0.2068079262971878,0.040311992168426514,0.5789127945899963,0.024755779653787613,0.2728748321533203
test,C0,21,2026_08_18_00_57_54_988496_L3_left_C0,left,pick up the left block,pick up the blue block,L3,blue,left,right,4,pregrasp,64,80,16,0.6666666666666666,0.5673758865248227,1,8,0.3,0.7,8,0.1827632337808609,0.22106696665287018,0.1827632337808609,0.22106696665287018,0.03830373287200928,0.5789127945899963,0.024755779653787613,0.2728748321533203
test,C0,21,2026_08_18_00_57_54_988496_L3_left_C0,left,pick up the left block,pick up the blue block,L3,blue,left,right,4,pregrasp,64,80,16,0.6666666666666666,0.5673758865248227,2,8,0.3,0.7,8,0.13868749141693115,0.171962708234787,0.13868749141693115,0.171962708234787,0.033275216817855835,0.5789127945899963,0.024755779653787613,0.2728748321533203
test,C0,21,2026_08_18_00_57_54_988496_L3_left_C0,left,pick up the left block,pick up the blue block,L3,blue,left,right,4,pregrasp,64,80,16,0.6666666666666666,0.5673758865248227,3,8,0.3,0.7,8,0.17477256059646606,0.21705375611782074,0.17477256059646606,0.21705375611782074,0.042281195521354675,0.5789127945899963,0.024755779653787613,0.2728748321533203
test,C0,21,2026_08_18_00_57_54_988496_L3_left_C0,left,pick up the left block,pick up the blue block,L3,blue,left,right,4,pregrasp,64,80,16,0.6666666666666666,0.5673758865248227,4,8,0.3,0.7,8,0.14671334624290466,0.18185320496559143,0.14671334624290466,0.18185320496559143,0.03513985872268677,0.5789127945899963,0.024755779653787613,0.2728748321533203
test,C0,21,2026_08_18_00_57_54_988496_L3_left_C0,left,pick up the left block,pick up the blue block,L3,blue,left,right,4,pregrasp,64,80,16,0.6666666666666666,0.5673758865248227,5,8,0.3,0.7,8,0.23491114377975464,0.28246986865997314,0.23491114377975464,0.28246986865997314,0.047558724880218506,0.5789127945899963,0.024755779653787613,0.2728748321533203
test,C0,21,2026_08_18_00_57_54_988496_L3_left_C0,left,pick up the left block,pick up the blue block,L3,blue,left,right,4,pregrasp,64,80,16,0.6666666666666666,0.5673758865248227,6,8,0.3,0.7,8,0.18869681656360626,0.2220526486635208,0.18869681656360626,0.2220526486635208,0.03335583209991455,0.5789127945899963,0.024755779653787613,0.2728748321533203
test,C0,21,2026_08_18_00_57_54_988496_L3_left_C0,left,pick up the left block,pick up the blue block,L3,blue,left,right,4,pregrasp,64,80,16,0.6666666666666666,0.5673758865248227,7,8,0.3,0.7,8,0.18916326761245728,0.2297675758600235,0.18916326761245728,0.2297675758600235,0.04060430824756622,0.5789127945899963,0.024755779653787613,0.2728748321533203
test,C0,21,2026_08_18_00_57_54_988496_L3_left_C0,left,pick up the left block,pick up the blue block,L3,blue,left,right,4,pregrasp,64,80,16,0.6666666666666666,0.5673758865248227,8,8,0.3,0.7,8,0.19279395043849945,0.23281101882457733,0.19279395043849945,0.23281101882457733,0.04001706838607788,0.5789127945899963,0.024755779653787613,0.2728748321533203
test,C0,21,2026_08_18_00_57_54_988496_L3_left_C0,left,pick up the left block,pick up the blue block,L3,blue,left,right,4,pregrasp,64,80,16,0.6666666666666666,0.5673758865248227,9,8,0.3,0.7,8,0.15692363679409027,0.18664415180683136,0.15692363679409027,0.18664415180683136,0.02972051501274109,0.5789127945899963,0.024755779653787613,0.2728748321533203
test,C0,21,2026_08_18_00_57_54_988496_L3_left_C0,left,pick up the left block,pick up the blue block,L3,blue,left,right,5,pregrasp,80,96,16,0.8,0.6808510638297872,0,8,0.3,0.7,8,0.2629869282245636,0.2768513560295105,0.2629869282245636,0.2768513560295105,0.0138644278049469,0.6295210123062134,0.03198641538619995,0.22446522116661072
test,C0,21,2026_08_18_00_57_54_988496_L3_left_C0,left,pick up the left block,pick up the blue block,L3,blue,left,right,5,pregrasp,80,96,16,0.8,0.6808510638297872,1,8,0.3,0.7,8,0.21072570979595184,0.22059285640716553,0.21072570979595184,0.22059285640716553,0.009867146611213684,0.6295210123062134,0.03198641538619995,0.22446522116661072
test,C0,21,2026_08_18_00_57_54_988496_L3_left_C0,left,pick up the left block,pick up the blue block,L3,blue,left,right,5,pregrasp,80,96,16,0.8,0.6808510638297872,2,8,0.3,0.7,8,0.27265432476997375,0.2843012511730194,0.27265432476997375,0.2843012511730194,0.011646926403045654,0.6295210123062134,0.03198641538619995,0.22446522116661072
test,C0,21,2026_08_18_00_57_54_988496_L3_left_C0,left,pick up the left block,pick up the blue block,L3,blue,left,right,5,pregrasp,80,96,16,0.8,0.6808510638297872,3,8,0.3,0.7,8,0.33001717925071716,0.34372344613075256,0.33001717925071716,0.34372344613075256,0.0137062668800354,0.6295210123062134,0.03198641538619995,0.22446522116661072
test,C0,21,2026_08_18_00_57_54_988496_L3_left_C0,left,pick up the left block,pick up the blue block,L3,blue,left,right,5,pregrasp,80,96,16,0.8,0.6808510638297872,4,8,0.3,0.7,8,0.21098096668720245,0.22005583345890045,0.21098096668720245,0.22005583345890045,0.009074866771697998,0.6295210123062134,0.03198641538619995,0.22446522116661072
test,C0,21,2026_08_18_00_57_54_988496_L3_left_C0,left,pick up the left block,pick up the blue block,L3,blue,left,right,5,pregrasp,80,96,16,0.8,0.6808510638297872,5,8,0.3,0.7,8,0.24036873877048492,0.25291764736175537,0.24036873877048492,0.25291764736175537,0.012548908591270447,0.6295210123062134,0.03198641538619995,0.22446522116661072
test,C0,21,2026_08_18_00_57_54_988496_L3_left_C0,left,pick up the left block,pick up the blue block,L3,blue,left,right,5,pregrasp,80,96,16,0.8,0.6808510638297872,6,8,0.3,0.7,8,0.19286128878593445,0.19781345129013062,0.19286128878593445,0.19781345129013062,0.004952162504196167,0.6295210123062134,0.03198641538619995,0.22446522116661072
test,C0,21,2026_08_18_00_57_54_988496_L3_left_C0,left,pick up the left block,pick up the blue block,L3,blue,left,right,5,pregrasp,80,96,16,0.8,0.6808510638297872,7,8,0.3,0.7,8,0.24128977954387665,0.25255483388900757,0.24128977954387665,0.25255483388900757,0.01126505434513092,0.6295210123062134,0.03198641538619995,0.22446522116661072
test,C0,21,2026_08_18_00_57_54_988496_L3_left_C0,left,pick up the left block,pick up the blue block,L3,blue,left,right,5,pregrasp,80,96,16,0.8,0.6808510638297872,8,8,0.3,0.7,8,0.22089731693267822,0.22885045409202576,0.22089731693267822,0.22885045409202576,0.007953137159347534,0.6295210123062134,0.03198641538619995,0.22446522116661072
test,C0,21,2026_08_18_00_57_54_988496_L3_left_C0,left,pick up the left block,pick up the blue block,L3,blue,left,right,5,pregrasp,80,96,16,0.8,0.6808510638297872,9,8,0.3,0.7,8,0.16323114931583405,0.17110006511211395,0.16323114931583405,0.17110006511211395,0.007868915796279907,0.6295210123062134,0.03198641538619995,0.22446522116661072
test,C0,21,2026_08_18_00_57_54_988496_L3_left_C0,left,pick up the left block,pick up the blue block,L3,blue,left,right,6,pregrasp,96,112,16,0.9333333333333333,0.7943262411347518,0,8,0.3,0.7,8,0.25312113761901855,0.258700430393219,0.25312113761901855,0.258700430393219,0.0055792927742004395,0.6668782234191895,0.037552498281002045,0.18876583874225616
test,C0,21,2026_08_18_00_57_54_988496_L3_left_C0,left,pick up the left block,pick up the blue block,L3,blue,left,right,6,pregrasp,96,112,16,0.9333333333333333,0.7943262411347518,1,8,0.3,0.7,8,0.17953161895275116,0.18125322461128235,0.17953161895275116,0.18125322461128235,0.001721605658531189,0.6668782234191895,0.037552498281002045,0.18876583874225616
test,C0,21,2026_08_18_00_57_54_988496_L3_left_C0,left,pick up the left block,pick up the blue block,L3,blue,left,right,6,pregrasp,96,112,16,0.9333333333333333,0.7943262411347518,2,8,0.3,0.7,8,0.11989609152078629,0.12220906466245651,0.11989609152078629,0.12220906466245651,0.002312973141670227,0.6668782234191895,0.037552498281002045,0.18876583874225616
test,C0,21,2026_08_18_00_57_54_988496_L3_left_C0,left,pick up the left block,pick up the blue block,L3,blue,left,right,6,pregrasp,96,112,16,0.9333333333333333,0.7943262411347518,3,8,0.3,0.7,8,0.23260264098644257,0.2350621223449707,0.23260264098644257,0.2350621223449707,0.002459481358528137,0.6668782234191895,0.037552498281002045,0.18876583874225616
test,C0,21,2026_08_18_00_57_54_988496_L3_left_C0,left,pick up the left block,pick up the blue block,L3,blue,left,right,6,pregrasp,96,112,16,0.9333333333333333,0.7943262411347518,4,8,0.3,0.7,8,0.20381151139736176,0.20603585243225098,0.20381151139736176,0.20603585243225098,0.002224341034889221,0.6668782234191895,0.037552498281002045,0.18876583874225616
test,C0,21,2026_08_18_00_57_54_988496_L3_left_C0,left,pick up the left block,pick up the blue block,L3,blue,left,right,6,pregrasp,96,112,16,0.9333333333333333,0.7943262411347518,5,8,0.3,0.7,8,0.14434117078781128,0.14514365792274475,0.14434117078781128,0.14514365792274475,0.0008024871349334717,0.6668782234191895,0.037552498281002045,0.18876583874225616
test,C0,21,2026_08_18_00_57_54_988496_L3_left_C0,left,pick up the left block,pick up the blue block,L3,blue,left,right,6,pregrasp,96,112,16,0.9333333333333333,0.7943262411347518,6,8,0.3,0.7,8,0.27201899886131287,0.2741183042526245,0.27201899886131287,0.2741183042526245,0.0020993053913116455,0.6668782234191895,0.037552498281002045,0.18876583874225616
test,C0,21,2026_08_18_00_57_54_988496_L3_left_C0,left,pick up the left block,pick up the blue block,L3,blue,left,right,6,pregrasp,96,112,16,0.9333333333333333,0.7943262411347518,7,8,0.3,0.7,8,0.20831726491451263,0.2091214805841446,0.20831726491451263,0.2091214805841446,0.000804215669631958,0.6668782234191895,0.037552498281002045,0.18876583874225616
test,C0,21,2026_08_18_00_57_54_988496_L3_left_C0,left,pick up the left block,pick up the blue block,L3,blue,left,right,6,pregrasp,96,112,16,0.9333333333333333,0.7943262411347518,8,8,0.3,0.7,8,0.2281496822834015,0.22911334037780762,0.2281496822834015,0.22911334037780762,0.0009636580944061279,0.6668782234191895,0.037552498281002045,0.18876583874225616
test,C0,21,2026_08_18_00_57_54_988496_L3_left_C0,left,pick up the left block,pick up the blue block,L3,blue,left,right,6,pregrasp,96,112,16,0.9333333333333333,0.7943262411347518,9,8,0.3,0.7,8,0.3015618622303009,0.30467650294303894,0.3015618622303009,0.30467650294303894,0.003114640712738037,0.6668782234191895,0.037552498281002045,0.18876583874225616
test,C0,21,2026_08_18_00_57_54_988496_L3_left_C0,left,pick up the left block,pick up the blue block,L3,blue,left,right,7,pregrasp,112,120,8,1.0,0.851063829787234,0,8,0.3,0.7,8,0.19771742820739746,0.20251332223415375,0.19771742820739746,0.20251332223415375,0.004795894026756287,0.667176365852356,0.037615761160850525,0.1888580471277237
test,C0,21,2026_08_18_00_57_54_988496_L3_left_C0,left,pick up the left block,pick up the blue block,L3,blue,left,right,7,pregrasp,112,120,8,1.0,0.851063829787234,1,8,0.3,0.7,8,0.20874051749706268,0.21596968173980713,0.20874051749706268,0.21596968173980713,0.007229164242744446,0.667176365852356,0.037615761160850525,0.1888580471277237
test,C0,21,2026_08_18_00_57_54_988496_L3_left_C0,left,pick up the left block,pick up the blue block,L3,blue,left,right,7,pregrasp,112,120,8,1.0,0.851063829787234,2,8,0.3,0.7,8,0.21556660532951355,0.2198992222547531,0.21556660532951355,0.2198992222547531,0.004332616925239563,0.667176365852356,0.037615761160850525,0.1888580471277237
test,C0,21,2026_08_18_00_57_54_988496_L3_left_C0,left,pick up the left block,pick up the blue block,L3,blue,left,right,7,pregrasp,112,120,8,1.0,0.851063829787234,3,8,0.3,0.7,8,0.09327119588851929,0.10165271908044815,0.09327119588851929,0.10165271908044815,0.008381523191928864,0.667176365852356,0.037615761160850525,0.1888580471277237
test,C0,21,2026_08_18_00_57_54_988496_L3_left_C0,left,pick up the left block,pick up the blue block,L3,blue,left,right,7,pregrasp,112,120,8,1.0,0.851063829787234,4,8,0.3,0.7,8,0.21807760000228882,0.2209048867225647,0.21807760000228882,0.2209048867225647,0.002827286720275879,0.667176365852356,0.037615761160850525,0.1888580471277237
test,C0,21,2026_08_18_00_57_54_988496_L3_left_C0,left,pick up the left block,pick up the blue block,L3,blue,left,right,7,pregrasp,112,120,8,1.0,0.851063829787234,5,8,0.3,0.7,8,0.25540077686309814,0.2530510425567627,0.25540077686309814,0.2530510425567627,-0.0023497343063354492,0.667176365852356,0.037615761160850525,0.1888580471277237
test,C0,21,2026_08_18_00_57_54_988496_L3_left_C0,left,pick up the left block,pick up the blue block,L3,blue,left,right,7,pregrasp,112,120,8,1.0,0.851063829787234,6,8,0.3,0.7,8,0.15008997917175293,0.1549600511789322,0.15008997917175293,0.1549600511789322,0.00487007200717926,0.667176365852356,0.037615761160850525,0.1888580471277237
test,C0,21,2026_08_18_00_57_54_988496_L3_left_C0,left,pick up the left block,pick up the blue block,L3,blue,left,right,7,pregrasp,112,120,8,1.0,0.851063829787234,7,8,0.3,0.7,8,0.29088497161865234,0.2905363142490387,0.29088497161865234,0.2905363142490387,-0.00034865736961364746,0.667176365852356,0.037615761160850525,0.1888580471277237
test,C0,21,2026_08_18_00_57_54_988496_L3_left_C0,left,pick up the left block,pick up the blue block,L3,blue,left,right,7,pregrasp,112,120,8,1.0,0.851063829787234,8,8,0.3,0.7,8,0.1780131310224533,0.18461450934410095,0.1780131310224533,0.18461450934410095,0.006601378321647644,0.667176365852356,0.037615761160850525,0.1888580471277237
test,C0,21,2026_08_18_00_57_54_988496_L3_left_C0,left,pick up the left block,pick up the blue block,L3,blue,left,right,7,pregrasp,112,120,8,1.0,0.851063829787234,9,8,0.3,0.7,8,0.19764308631420135,0.20314699411392212,0.19764308631420135,0.20314699411392212,0.005503907799720764,0.667176365852356,0.037615761160850525,0.1888580471277237
test,C0,21,2026_08_18_00_57_54_988496_L3_left_C0,left,pick up the left block,pick up the blue block,L3,blue,left,right,8,postgrasp,120,136,16,1.0,0.9645390070921985,0,8,0.3,0.7,8,0.3864455819129944,0.3794527053833008,0.3864455819129944,0.3794527053833008,-0.0069928765296936035,0.6676241159439087,0.03769762068986893,0.1890762895345688
test,C0,21,2026_08_18_00_57_54_988496_L3_left_C0,left,pick up the left block,pick up the blue block,L3,blue,left,right,8,postgrasp,120,136,16,1.0,0.9645390070921985,1,8,0.3,0.7,8,0.3055950999259949,0.3005453944206238,0.3055950999259949,0.3005453944206238,-0.005049705505371094,0.6676241159439087,0.03769762068986893,0.1890762895345688
test,C0,21,2026_08_18_00_57_54_988496_L3_left_C0,left,pick up the left block,pick up the blue block,L3,blue,left,right,8,postgrasp,120,136,16,1.0,0.9645390070921985,2,8,0.3,0.7,8,0.2501281797885895,0.24517060816287994,0.2501281797885895,0.24517060816287994,-0.004957571625709534,0.6676241159439087,0.03769762068986893,0.1890762895345688
test,C0,21,2026_08_18_00_57_54_988496_L3_left_C0,left,pick up the left block,pick up the blue block,L3,blue,left,right,8,postgrasp,120,136,16,1.0,0.9645390070921985,3,8,0.3,0.7,8,0.32863590121269226,0.32357057929039,0.32863590121269226,0.32357057929039,-0.005065321922302246,0.6676241159439087,0.03769762068986893,0.1890762895345688
test,C0,21,2026_08_18_00_57_54_988496_L3_left_C0,left,pick up the left block,pick up the blue block,L3,blue,left,right,8,postgrasp,120,136,16,1.0,0.9645390070921985,4,8,0.3,0.7,8,0.27755051851272583,0.26920583844184875,0.27755051851272583,0.26920583844184875,-0.008344680070877075,0.6676241159439087,0.03769762068986893,0.1890762895345688
test,C0,21,2026_08_18_00_57_54_988496_L3_left_C0,left,pick up the left block,pick up the blue block,L3,blue,left,right,8,postgrasp,120,136,16,1.0,0.9645390070921985,5,8,0.3,0.7,8,0.3208400309085846,0.3115837574005127,0.3208400309085846,0.3115837574005127,-0.0092562735080719,0.6676241159439087,0.03769762068986893,0.1890762895345688
test,C0,21,2026_08_18_00_57_54_988496_L3_left_C0,left,pick up the left block,pick up the blue block,L3,blue,left,right,8,postgrasp,120,136,16,1.0,0.9645390070921985,6,8,0.3,0.7,8,0.33491379022598267,0.32937538623809814,0.33491379022598267,0.32937538623809814,-0.0055384039878845215,0.6676241159439087,0.03769762068986893,0.1890762895345688
test,C0,21,2026_08_18_00_57_54_988496_L3_left_C0,left,pick up the left block,pick up the blue block,L3,blue,left,right,8,postgrasp,120,136,16,1.0,0.9645390070921985,7,8,0.3,0.7,8,0.26782795786857605,0.2648176848888397,0.26782795786857605,0.2648176848888397,-0.003010272979736328,0.6676241159439087,0.03769762068986893,0.1890762895345688
test,C0,21,2026_08_18_00_57_54_988496_L3_left_C0,left,pick up the left block,pick up the blue block,L3,blue,left,right,8,postgrasp,120,136,16,1.0,0.9645390070921985,8,8,0.3,0.7,8,0.3579329550266266,0.34901994466781616,0.3579329550266266,0.34901994466781616,-0.008913010358810425,0.6676241159439087,0.03769762068986893,0.1890762895345688
test,C0,21,2026_08_18_00_57_54_988496_L3_left_C0,left,pick up the left block,pick up the blue block,L3,blue,left,right,8,postgrasp,120,136,16,1.0,0.9645390070921985,9,8,0.3,0.7,8,0.31795644760131836,0.3088351786136627,0.31795644760131836,0.3088351786136627,-0.00912126898765564,0.6676241159439087,0.03769762068986893,0.1890762895345688
test,C0,21,2026_08_18_00_57_54_988496_L3_left_C0,left,pick up the left block,pick up the blue block,L3,blue,left,right,9,postgrasp,136,141,5,1.0,1.0,0,8,0.3,0.7,8,0.3011709749698639,0.30219894647598267,0.3011709749698639,0.30219894647598267,0.0010279715061187744,0.6676264405250549,0.037700023502111435,0.1890757977962494
test,C0,21,2026_08_18_00_57_54_988496_L3_left_C0,left,pick up the left block,pick up the blue block,L3,blue,left,right,9,postgrasp,136,141,5,1.0,1.0,1,8,0.3,0.7,8,0.3498942255973816,0.3490622937679291,0.3498942255973816,0.3490622937679291,-0.0008319318294525146,0.6676264405250549,0.037700023502111435,0.1890757977962494
test,C0,21,2026_08_18_00_57_54_988496_L3_left_C0,left,pick up the left block,pick up the blue block,L3,blue,left,right,9,postgrasp,136,141,5,1.0,1.0,2,8,0.3,0.7,8,0.29446738958358765,0.2957061529159546,0.29446738958358765,0.2957061529159546,0.0012387633323669434,0.6676264405250549,0.037700023502111435,0.1890757977962494
test,C0,21,2026_08_18_00_57_54_988496_L3_left_C0,left,pick up the left block,pick up the blue block,L3,blue,left,right,9,postgrasp,136,141,5,1.0,1.0,3,8,0.3,0.7,8,0.32687392830848694,0.32607564330101013,0.32687392830848694,0.32607564330101013,-0.0007982850074768066,0.6676264405250549,0.037700023502111435,0.1890757977962494
test,C0,21,2026_08_18_00_57_54_988496_L3_left_C0,left,pick up the left block,pick up the blue block,L3,blue,left,right,9,postgrasp,136,141,5,1.0,1.0,4,8,0.3,0.7,8,0.3182506561279297,0.3200831711292267,0.3182506561279297,0.3200831711292267,0.001832515001296997,0.6676264405250549,0.037700023502111435,0.1890757977962494
test,C0,21,2026_08_18_00_57_54_988496_L3_left_C0,left,pick up the left block,pick up the blue block,L3,blue,left,right,9,postgrasp,136,141,5,1.0,1.0,5,8,0.3,0.7,8,0.290796160697937,0.29225054383277893,0.290796160697937,0.29225054383277893,0.001454383134841919,0.6676264405250549,0.037700023502111435,0.1890757977962494
test,C0,21,2026_08_18_00_57_54_988496_L3_left_C0,left,pick up the left block,pick up the blue block,L3,blue,left,right,9,postgrasp,136,141,5,1.0,1.0,6,8,0.3,0.7,8,0.3202561140060425,0.322856605052948,0.3202561140060425,0.322856605052948,0.0026004910469055176,0.6676264405250549,0.037700023502111435,0.1890757977962494
test,C0,21,2026_08_18_00_57_54_988496_L3_left_C0,left,pick up the left block,pick up the blue block,L3,blue,left,right,9,postgrasp,136,141,5,1.0,1.0,7,8,0.3,0.7,8,0.2690975069999695,0.26816442608833313,0.2690975069999695,0.26816442608833313,-0.0009330809116363525,0.6676264405250549,0.037700023502111435,0.1890757977962494
test,C0,21,2026_08_18_00_57_54_988496_L3_left_C0,left,pick up the left block,pick up the blue block,L3,blue,left,right,9,postgrasp,136,141,5,1.0,1.0,8,8,0.3,0.7,8,0.27091020345687866,0.27149200439453125,0.27091020345687866,0.27149200439453125,0.0005818009376525879,0.6676264405250549,0.037700023502111435,0.1890757977962494
test,C0,21,2026_08_18_00_57_54_988496_L3_left_C0,left,pick up the left block,pick up the blue block,L3,blue,left,right,9,postgrasp,136,141,5,1.0,1.0,9,8,0.3,0.7,8,0.26652535796165466,0.26673176884651184,0.26652535796165466,0.26673176884651184,0.00020641088485717773,0.6676264405250549,0.037700023502111435,0.1890757977962494
test,C1,22,2026_08_18_00_58_22_709133_L3_left_C1,left,pick up the left block,pick up the blue block,L3,blue,left,right,0,pregrasp,0,16,16,0.12121212121212122,0.10457516339869281,0,8,0.3,0.7,8,0.31638580560684204,0.3708125948905945,0.31638580560684204,0.3708125948905945,0.05442678928375244,0.37323108315467834,0.023803919553756714,0.4786551594734192
test,C1,22,2026_08_18_00_58_22_709133_L3_left_C1,left,pick up the left block,pick up the blue block,L3,blue,left,right,0,pregrasp,0,16,16,0.12121212121212122,0.10457516339869281,1,8,0.3,0.7,8,0.3137229382991791,0.3820778727531433,0.3137229382991791,0.3820778727531433,0.06835493445396423,0.37323108315467834,0.023803919553756714,0.4786551594734192
test,C1,22,2026_08_18_00_58_22_709133_L3_left_C1,left,pick up the left block,pick up the blue block,L3,blue,left,right,0,pregrasp,0,16,16,0.12121212121212122,0.10457516339869281,2,8,0.3,0.7,8,0.34206622838974,0.4120659828186035,0.34206622838974,0.4120659828186035,0.06999975442886353,0.37323108315467834,0.023803919553756714,0.4786551594734192
test,C1,22,2026_08_18_00_58_22_709133_L3_left_C1,left,pick up the left block,pick up the blue block,L3,blue,left,right,0,pregrasp,0,16,16,0.12121212121212122,0.10457516339869281,3,8,0.3,0.7,8,0.3498331606388092,0.35053208470344543,0.3498331606388092,0.35053208470344543,0.0006989240646362305,0.37323108315467834,0.023803919553756714,0.4786551594734192
test,C1,22,2026_08_18_00_58_22_709133_L3_left_C1,left,pick up the left block,pick up the blue block,L3,blue,left,right,0,pregrasp,0,16,16,0.12121212121212122,0.10457516339869281,4,8,0.3,0.7,8,0.2598952353000641,0.375556081533432,0.2598952353000641,0.375556081533432,0.11566084623336792,0.37323108315467834,0.023803919553756714,0.4786551594734192
test,C1,22,2026_08_18_00_58_22_709133_L3_left_C1,left,pick up the left block,pick up the blue block,L3,blue,left,right,0,pregrasp,0,16,16,0.12121212121212122,0.10457516339869281,5,8,0.3,0.7,8,0.28834372758865356,0.3158321976661682,0.28834372758865356,0.3158321976661682,0.02748847007751465,0.37323108315467834,0.023803919553756714,0.4786551594734192
test,C1,22,2026_08_18_00_58_22_709133_L3_left_C1,left,pick up the left block,pick up the blue block,L3,blue,left,right,0,pregrasp,0,16,16,0.12121212121212122,0.10457516339869281,6,8,0.3,0.7,8,0.27388426661491394,0.3800848722457886,0.27388426661491394,0.3800848722457886,0.10620060563087463,0.37323108315467834,0.023803919553756714,0.4786551594734192
test,C1,22,2026_08_18_00_58_22_709133_L3_left_C1,left,pick up the left block,pick up the blue block,L3,blue,left,right,0,pregrasp,0,16,16,0.12121212121212122,0.10457516339869281,7,8,0.3,0.7,8,0.27352699637413025,0.3669169247150421,0.27352699637413025,0.3669169247150421,0.09338992834091187,0.37323108315467834,0.023803919553756714,0.4786551594734192
test,C1,22,2026_08_18_00_58_22_709133_L3_left_C1,left,pick up the left block,pick up the blue block,L3,blue,left,right,0,pregrasp,0,16,16,0.12121212121212122,0.10457516339869281,8,8,0.3,0.7,8,0.297686904668808,0.36842113733291626,0.297686904668808,0.36842113733291626,0.07073423266410828,0.37323108315467834,0.023803919553756714,0.4786551594734192
test,C1,22,2026_08_18_00_58_22_709133_L3_left_C1,left,pick up the left block,pick up the blue block,L3,blue,left,right,0,pregrasp,0,16,16,0.12121212121212122,0.10457516339869281,9,8,0.3,0.7,8,0.29822179675102234,0.3482094407081604,0.29822179675102234,0.3482094407081604,0.04998764395713806,0.37323108315467834,0.023803919553756714,0.4786551594734192
test,C1,22,2026_08_18_00_58_22_709133_L3_left_C1,left,pick up the left block,pick up the blue block,L3,blue,left,right,1,pregrasp,16,32,16,0.24242424242424243,0.20915032679738563,0,8,0.3,0.7,8,0.294304758310318,0.3949466049671173,0.294304758310318,0.3949466049671173,0.10064184665679932,0.40377557277679443,0.07062588632106781,0.4392050802707672
test,C1,22,2026_08_18_00_58_22_709133_L3_left_C1,left,pick up the left block,pick up the blue block,L3,blue,left,right,1,pregrasp,16,32,16,0.24242424242424243,0.20915032679738563,1,8,0.3,0.7,8,0.23050981760025024,0.31537091732025146,0.23050981760025024,0.31537091732025146,0.08486109972000122,0.40377557277679443,0.07062588632106781,0.4392050802707672
test,C1,22,2026_08_18_00_58_22_709133_L3_left_C1,left,pick up the left block,pick up the blue block,L3,blue,left,right,1,pregrasp,16,32,16,0.24242424242424243,0.20915032679738563,2,8,0.3,0.7,8,0.242283433675766,0.33197450637817383,0.242283433675766,0.33197450637817383,0.08969107270240784,0.40377557277679443,0.07062588632106781,0.4392050802707672
test,C1,22,2026_08_18_00_58_22_709133_L3_left_C1,left,pick up the left block,pick up the blue block,L3,blue,left,right,1,pregrasp,16,32,16,0.24242424242424243,0.20915032679738563,3,8,0.3,0.7,8,0.2521200478076935,0.3384428918361664,0.2521200478076935,0.3384428918361664,0.0863228440284729,0.40377557277679443,0.07062588632106781,0.4392050802707672
test,C1,22,2026_08_18_00_58_22_709133_L3_left_C1,left,pick up the left block,pick up the blue block,L3,blue,left,right,1,pregrasp,16,32,16,0.24242424242424243,0.20915032679738563,4,8,0.3,0.7,8,0.21108441054821014,0.271579384803772,0.21108441054821014,0.271579384803772,0.06049497425556183,0.40377557277679443,0.07062588632106781,0.4392050802707672
test,C1,22,2026_08_18_00_58_22_709133_L3_left_C1,left,pick up the left block,pick up the blue block,L3,blue,left,right,1,pregrasp,16,32,16,0.24242424242424243,0.20915032679738563,5,8,0.3,0.7,8,0.2299228012561798,0.34898117184638977,0.2299228012561798,0.34898117184638977,0.11905837059020996,0.40377557277679443,0.07062588632106781,0.4392050802707672
test,C1,22,2026_08_18_00_58_22_709133_L3_left_C1,left,pick up the left block,pick up the blue block,L3,blue,left,right,1,pregrasp,16,32,16,0.24242424242424243,0.20915032679738563,6,8,0.3,0.7,8,0.20125216245651245,0.2858055830001831,0.20125216245651245,0.2858055830001831,0.08455342054367065,0.40377557277679443,0.07062588632106781,0.4392050802707672
test,C1,22,2026_08_18_00_58_22_709133_L3_left_C1,left,pick up the left block,pick up the blue block,L3,blue,left,right,1,pregrasp,16,32,16,0.24242424242424243,0.20915032679738563,7,8,0.3,0.7,8,0.20461013913154602,0.3112102150917053,0.20461013913154602,0.3112102150917053,0.1066000759601593,0.40377557277679443,0.07062588632106781,0.4392050802707672
test,C1,22,2026_08_18_00_58_22_709133_L3_left_C1,left,pick up the left block,pick up the blue block,L3,blue,left,right,1,pregrasp,16,32,16,0.24242424242424243,0.20915032679738563,8,8,0.3,0.7,8,0.1664435863494873,0.23422393202781677,0.1664435863494873,0.23422393202781677,0.06778034567832947,0.40377557277679443,0.07062588632106781,0.4392050802707672
test,C1,22,2026_08_18_00_58_22_709133_L3_left_C1,left,pick up the left block,pick up the blue block,L3,blue,left,right,1,pregrasp,16,32,16,0.24242424242424243,0.20915032679738563,9,8,0.3,0.7,8,0.17754198610782623,0.27372419834136963,0.17754198610782623,0.27372419834136963,0.0961822122335434,0.40377557277679443,0.07062588632106781,0.4392050802707672
test,C1,22,2026_08_18_00_58_22_709133_L3_left_C1,left,pick up the left block,pick up the blue block,L3,blue,left,right,2,pregrasp,32,48,16,0.36363636363636365,0.3137254901960784,0,8,0.3,0.7,8,0.25395339727401733,0.3064330816268921,0.25395339727401733,0.3064330816268921,0.052479684352874756,0.4493003487586975,0.1003812924027443,0.3959478437900543
test,C1,22,2026_08_18_00_58_22_709133_L3_left_C1,left,pick up the left block,pick up the blue block,L3,blue,left,right,2,pregrasp,32,48,16,0.36363636363636365,0.3137254901960784,1,8,0.3,0.7,8,0.13800038397312164,0.18681593239307404,0.13800038397312164,0.18681593239307404,0.04881554841995239,0.4493003487586975,0.1003812924027443,0.3959478437900543
test,C1,22,2026_08_18_00_58_22_709133_L3_left_C1,left,pick up the left block,pick up the blue block,L3,blue,left,right,2,pregrasp,32,48,16,0.36363636363636365,0.3137254901960784,2,8,0.3,0.7,8,0.23578867316246033,0.26968657970428467,0.23578867316246033,0.26968657970428467,0.03389790654182434,0.4493003487586975,0.1003812924027443,0.3959478437900543
test,C1,22,2026_08_18_00_58_22_709133_L3_left_C1,left,pick up the left block,pick up the blue block,L3,blue,left,right,2,pregrasp,32,48,16,0.36363636363636365,0.3137254901960784,3,8,0.3,0.7,8,0.19768595695495605,0.23663559556007385,0.19768595695495605,0.23663559556007385,0.0389496386051178,0.4493003487586975,0.1003812924027443,0.3959478437900543
test,C1,22,2026_08_18_00_58_22_709133_L3_left_C1,left,pick up the left block,pick up the blue block,L3,blue,left,right,2,pregrasp,32,48,16,0.36363636363636365,0.3137254901960784,4,8,0.3,0.7,8,0.3183990716934204,0.36107322573661804,0.3183990716934204,0.36107322573661804,0.04267415404319763,0.4493003487586975,0.1003812924027443,0.3959478437900543
test,C1,22,2026_08_18_00_58_22_709133_L3_left_C1,left,pick up the left block,pick up the blue block,L3,blue,left,right,2,pregrasp,32,48,16,0.36363636363636365,0.3137254901960784,5,8,0.3,0.7,8,0.24873435497283936,0.300771027803421,0.24873435497283936,0.300771027803421,0.052036672830581665,0.4493003487586975,0.1003812924027443,0.3959478437900543
test,C1,22,2026_08_18_00_58_22_709133_L3_left_C1,left,pick up the left block,pick up the blue block,L3,blue,left,right,2,pregrasp,32,48,16,0.36363636363636365,0.3137254901960784,6,8,0.3,0.7,8,0.2122022807598114,0.2595430612564087,0.2122022807598114,0.2595430612564087,0.04734078049659729,0.4493003487586975,0.1003812924027443,0.3959478437900543
test,C1,22,2026_08_18_00_58_22_709133_L3_left_C1,left,pick up the left block,pick up the blue block,L3,blue,left,right,2,pregrasp,32,48,16,0.36363636363636365,0.3137254901960784,7,8,0.3,0.7,8,0.22349080443382263,0.24240230023860931,0.22349080443382263,0.24240230023860931,0.018911495804786682,0.4493003487586975,0.1003812924027443,0.3959478437900543
test,C1,22,2026_08_18_00_58_22_709133_L3_left_C1,left,pick up the left block,pick up the blue block,L3,blue,left,right,2,pregrasp,32,48,16,0.36363636363636365,0.3137254901960784,8,8,0.3,0.7,8,0.23389548063278198,0.2649480998516083,0.23389548063278198,0.2649480998516083,0.031052619218826294,0.4493003487586975,0.1003812924027443,0.3959478437900543
test,C1,22,2026_08_18_00_58_22_709133_L3_left_C1,left,pick up the left block,pick up the blue block,L3,blue,left,right,2,pregrasp,32,48,16,0.36363636363636365,0.3137254901960784,9,8,0.3,0.7,8,0.20809045433998108,0.25839707255363464,0.20809045433998108,0.25839707255363464,0.050306618213653564,0.4493003487586975,0.1003812924027443,0.3959478437900543
test,C1,22,2026_08_18_00_58_22_709133_L3_left_C1,left,pick up the left block,pick up the blue block,L3,blue,left,right,3,pregrasp,48,64,16,0.48484848484848486,0.41830065359477125,0,8,0.3,0.7,8,0.2525932788848877,0.2677275240421295,0.2525932788848877,0.2677275240421295,0.015134245157241821,0.49866601824760437,0.1111568808555603,0.34825438261032104
test,C1,22,2026_08_18_00_58_22_709133_L3_left_C1,left,pick up the left block,pick up the blue block,L3,blue,left,right,3,pregrasp,48,64,16,0.48484848484848486,0.41830065359477125,1,8,0.3,0.7,8,0.24507664144039154,0.23783837258815765,0.24507664144039154,0.23783837258815765,-0.007238268852233887,0.49866601824760437,0.1111568808555603,0.34825438261032104
test,C1,22,2026_08_18_00_58_22_709133_L3_left_C1,left,pick up the left block,pick up the blue block,L3,blue,left,right,3,pregrasp,48,64,16,0.48484848484848486,0.41830065359477125,2,8,0.3,0.7,8,0.2138916701078415,0.19806082546710968,0.2138916701078415,0.19806082546710968,-0.01583084464073181,0.49866601824760437,0.1111568808555603,0.34825438261032104
test,C1,22,2026_08_18_00_58_22_709133_L3_left_C1,left,pick up the left block,pick up the blue block,L3,blue,left,right,3,pregrasp,48,64,16,0.48484848484848486,0.41830065359477125,3,8,0.3,0.7,8,0.21869507431983948,0.19946998357772827,0.21869507431983948,0.19946998357772827,-0.019225090742111206,0.49866601824760437,0.1111568808555603,0.34825438261032104
test,C1,22,2026_08_18_00_58_22_709133_L3_left_C1,left,pick up the left block,pick up the blue block,L3,blue,left,right,3,pregrasp,48,64,16,0.48484848484848486,0.41830065359477125,4,8,0.3,0.7,8,0.1959225982427597,0.18889684975147247,0.1959225982427597,0.18889684975147247,-0.0070257484912872314,0.49866601824760437,0.1111568808555603,0.34825438261032104
test,C1,22,2026_08_18_00_58_22_709133_L3_left_C1,left,pick up the left block,pick up the blue block,L3,blue,left,right,3,pregrasp,48,64,16,0.48484848484848486,0.41830065359477125,5,8,0.3,0.7,8,0.14869484305381775,0.14508476853370667,0.14869484305381775,0.14508476853370667,-0.003610074520111084,0.49866601824760437,0.1111568808555603,0.34825438261032104
test,C1,22,2026_08_18_00_58_22_709133_L3_left_C1,left,pick up the left block,pick up the blue block,L3,blue,left,right,3,pregrasp,48,64,16,0.48484848484848486,0.41830065359477125,6,8,0.3,0.7,8,0.2569459080696106,0.27359384298324585,0.2569459080696106,0.27359384298324585,0.016647934913635254,0.49866601824760437,0.1111568808555603,0.34825438261032104
test,C1,22,2026_08_18_00_58_22_709133_L3_left_C1,left,pick up the left block,pick up the blue block,L3,blue,left,right,3,pregrasp,48,64,16,0.48484848484848486,0.41830065359477125,7,8,0.3,0.7,8,0.2905614376068115,0.3272334933280945,0.2905614376068115,0.3272334933280945,0.03667205572128296,0.49866601824760437,0.1111568808555603,0.34825438261032104
test,C1,22,2026_08_18_00_58_22_709133_L3_left_C1,left,pick up the left block,pick up the blue block,L3,blue,left,right,3,pregrasp,48,64,16,0.48484848484848486,0.41830065359477125,8,8,0.3,0.7,8,0.2498810589313507,0.24627049267292023,0.2498810589313507,0.24627049267292023,-0.003610566258430481,0.49866601824760437,0.1111568808555603,0.34825438261032104
test,C1,22,2026_08_18_00_58_22_709133_L3_left_C1,left,pick up the left block,pick up the blue block,L3,blue,left,right,3,pregrasp,48,64,16,0.48484848484848486,0.41830065359477125,9,8,0.3,0.7,8,0.18712052702903748,0.17016193270683289,0.18712052702903748,0.17016193270683289,-0.01695859432220459,0.49866601824760437,0.1111568808555603,0.34825438261032104
test,C1,22,2026_08_18_00_58_22_709133_L3_left_C1,left,pick up the left block,pick up the blue block,L3,blue,left,right,4,pregrasp,64,80,16,0.6060606060606061,0.5228758169934641,0,8,0.3,0.7,8,0.23034116625785828,0.215811088681221,0.23034116625785828,0.215811088681221,-0.014530077576637268,0.548133909702301,0.10374394059181213,0.30093488097190857
test,C1,22,2026_08_18_00_58_22_709133_L3_left_C1,left,pick up the left block,pick up the blue block,L3,blue,left,right,4,pregrasp,64,80,16,0.6060606060606061,0.5228758169934641,1,8,0.3,0.7,8,0.3491012454032898,0.34659841656684875,0.3491012454032898,0.34659841656684875,-0.00250282883644104,0.548133909702301,0.10374394059181213,0.30093488097190857
test,C1,22,2026_08_18_00_58_22_709133_L3_left_C1,left,pick up the left block,pick up the blue block,L3,blue,left,right,4,pregrasp,64,80,16,0.6060606060606061,0.5228758169934641,2,8,0.3,0.7,8,0.2429567277431488,0.2225210964679718,0.2429567277431488,0.2225210964679718,-0.020435631275177002,0.548133909702301,0.10374394059181213,0.30093488097190857
test,C1,22,2026_08_18_00_58_22_709133_L3_left_C1,left,pick up the left block,pick up the blue block,L3,blue,left,right,4,pregrasp,64,80,16,0.6060606060606061,0.5228758169934641,3,8,0.3,0.7,8,0.22551727294921875,0.22563646733760834,0.22551727294921875,0.22563646733760834,0.0001191943883895874,0.548133909702301,0.10374394059181213,0.30093488097190857
test,C1,22,2026_08_18_00_58_22_709133_L3_left_C1,left,pick up the left block,pick up the blue block,L3,blue,left,right,4,pregrasp,64,80,16,0.6060606060606061,0.5228758169934641,4,8,0.3,0.7,8,0.1954360455274582,0.17061001062393188,0.1954360455274582,0.17061001062393188,-0.024826034903526306,0.548133909702301,0.10374394059181213,0.30093488097190857
test,C1,22,2026_08_18_00_58_22_709133_L3_left_C1,left,pick up the left block,pick up the blue block,L3,blue,left,right,4,pregrasp,64,80,16,0.6060606060606061,0.5228758169934641,5,8,0.3,0.7,8,0.2467496395111084,0.23663917183876038,0.2467496395111084,0.23663917183876038,-0.010110467672348022,0.548133909702301,0.10374394059181213,0.30093488097190857
test,C1,22,2026_08_18_00_58_22_709133_L3_left_C1,left,pick up the left block,pick up the blue block,L3,blue,left,right,4,pregrasp,64,80,16,0.6060606060606061,0.5228758169934641,6,8,0.3,0.7,8,0.2577160596847534,0.24785548448562622,0.2577160596847534,0.24785548448562622,-0.009860575199127197,0.548133909702301,0.10374394059181213,0.30093488097190857
test,C1,22,2026_08_18_00_58_22_709133_L3_left_C1,left,pick up the left block,pick up the blue block,L3,blue,left,right,4,pregrasp,64,80,16,0.6060606060606061,0.5228758169934641,7,8,0.3,0.7,8,0.20873522758483887,0.19828620553016663,0.20873522758483887,0.19828620553016663,-0.010449022054672241,0.548133909702301,0.10374394059181213,0.30093488097190857
test,C1,22,2026_08_18_00_58_22_709133_L3_left_C1,left,pick up the left block,pick up the blue block,L3,blue,left,right,4,pregrasp,64,80,16,0.6060606060606061,0.5228758169934641,8,8,0.3,0.7,8,0.3517797589302063,0.34064382314682007,0.3517797589302063,0.34064382314682007,-0.01113593578338623,0.548133909702301,0.10374394059181213,0.30093488097190857
test,C1,22,2026_08_18_00_58_22_709133_L3_left_C1,left,pick up the left block,pick up the blue block,L3,blue,left,right,4,pregrasp,64,80,16,0.6060606060606061,0.5228758169934641,9,8,0.3,0.7,8,0.1389712691307068,0.11843568086624146,0.1389712691307068,0.11843568086624146,-0.020535588264465332,0.548133909702301,0.10374394059181213,0.30093488097190857
test,C1,22,2026_08_18_00_58_22_709133_L3_left_C1,left,pick up the left block,pick up the blue block,L3,blue,left,right,5,pregrasp,80,96,16,0.7272727272727273,0.6274509803921569,0,8,0.3,0.7,8,0.2853740155696869,0.2862894535064697,0.2853740155696869,0.2862894535064697,0.0009154379367828369,0.5968729853630066,0.08423995971679688,0.25505802035331726
test,C1,22,2026_08_18_00_58_22_709133_L3_left_C1,left,pick up the left block,pick up the blue block,L3,blue,left,right,5,pregrasp,80,96,16,0.7272727272727273,0.6274509803921569,1,8,0.3,0.7,8,0.2644016444683075,0.2638568878173828,0.2644016444683075,0.2638568878173828,-0.0005447566509246826,0.5968729853630066,0.08423995971679688,0.25505802035331726
test,C1,22,2026_08_18_00_58_22_709133_L3_left_C1,left,pick up the left block,pick up the blue block,L3,blue,left,right,5,pregrasp,80,96,16,0.7272727272727273,0.6274509803921569,2,8,0.3,0.7,8,0.2935503125190735,0.28891992568969727,0.2935503125190735,0.28891992568969727,-0.004630386829376221,0.5968729853630066,0.08423995971679688,0.25505802035331726
test,C1,22,2026_08_18_00_58_22_709133_L3_left_C1,left,pick up the left block,pick up the blue block,L3,blue,left,right,5,pregrasp,80,96,16,0.7272727272727273,0.6274509803921569,3,8,0.3,0.7,8,0.1645856350660324,0.16235393285751343,0.1645856350660324,0.16235393285751343,-0.002231702208518982,0.5968729853630066,0.08423995971679688,0.25505802035331726
test,C1,22,2026_08_18_00_58_22_709133_L3_left_C1,left,pick up the left block,pick up the blue block,L3,blue,left,right,5,pregrasp,80,96,16,0.7272727272727273,0.6274509803921569,4,8,0.3,0.7,8,0.20496155321598053,0.20709334313869476,0.20496155321598053,0.20709334313869476,0.0021317899227142334,0.5968729853630066,0.08423995971679688,0.25505802035331726
test,C1,22,2026_08_18_00_58_22_709133_L3_left_C1,left,pick up the left block,pick up the blue block,L3,blue,left,right,5,pregrasp,80,96,16,0.7272727272727273,0.6274509803921569,5,8,0.3,0.7,8,0.23435820639133453,0.23498386144638062,0.23435820639133453,0.23498386144638062,0.0006256550550460815,0.5968729853630066,0.08423995971679688,0.25505802035331726
test,C1,22,2026_08_18_00_58_22_709133_L3_left_C1,left,pick up the left block,pick up the blue block,L3,blue,left,right,5,pregrasp,80,96,16,0.7272727272727273,0.6274509803921569,6,8,0.3,0.7,8,0.23853449523448944,0.23650793731212616,0.23853449523448944,0.23650793731212616,-0.0020265579223632812,0.5968729853630066,0.08423995971679688,0.25505802035331726
test,C1,22,2026_08_18_00_58_22_709133_L3_left_C1,left,pick up the left block,pick up the blue block,L3,blue,left,right,5,pregrasp,80,96,16,0.7272727272727273,0.6274509803921569,7,8,0.3,0.7,8,0.3445831835269928,0.3467501103878021,0.3445831835269928,0.3467501103878021,0.002166926860809326,0.5968729853630066,0.08423995971679688,0.25505802035331726
test,C1,22,2026_08_18_00_58_22_709133_L3_left_C1,left,pick up the left block,pick up the blue block,L3,blue,left,right,5,pregrasp,80,96,16,0.7272727272727273,0.6274509803921569,8,8,0.3,0.7,8,0.28655827045440674,0.2882390320301056,0.28655827045440674,0.2882390320301056,0.0016807615756988525,0.5968729853630066,0.08423995971679688,0.25505802035331726
test,C1,22,2026_08_18_00_58_22_709133_L3_left_C1,left,pick up the left block,pick up the blue block,L3,blue,left,right,5,pregrasp,80,96,16,0.7272727272727273,0.6274509803921569,9,8,0.3,0.7,8,0.29286861419677734,0.2928852438926697,0.29286861419677734,0.2928852438926697,1.6629695892333984e-05,0.5968729853630066,0.08423995971679688,0.25505802035331726
test,C1,22,2026_08_18_00_58_22_709133_L3_left_C1,left,pick up the left block,pick up the blue block,L3,blue,left,right,6,pregrasp,96,112,16,0.8484848484848485,0.7320261437908496,0,8,0.3,0.7,8,0.13097725808620453,0.11947952955961227,0.13097725808620453,0.11947952955961227,-0.011497728526592255,0.6441009640693665,0.057582177221775055,0.2106054425239563
test,C1,22,2026_08_18_00_58_22_709133_L3_left_C1,left,pick up the left block,pick up the blue block,L3,blue,left,right,6,pregrasp,96,112,16,0.8484848484848485,0.7320261437908496,1,8,0.3,0.7,8,0.24562692642211914,0.2210836261510849,0.24562692642211914,0.2210836261510849,-0.02454330027103424,0.6441009640693665,0.057582177221775055,0.2106054425239563
test,C1,22,2026_08_18_00_58_22_709133_L3_left_C1,left,pick up the left block,pick up the blue block,L3,blue,left,right,6,pregrasp,96,112,16,0.8484848484848485,0.7320261437908496,2,8,0.3,0.7,8,0.16039592027664185,0.14593900740146637,0.16039592027664185,0.14593900740146637,-0.014456912875175476,0.6441009640693665,0.057582177221775055,0.2106054425239563
test,C1,22,2026_08_18_00_58_22_709133_L3_left_C1,left,pick up the left block,pick up the blue block,L3,blue,left,right,6,pregrasp,96,112,16,0.8484848484848485,0.7320261437908496,3,8,0.3,0.7,8,0.19383883476257324,0.1774725764989853,0.19383883476257324,0.1774725764989853,-0.01636625826358795,0.6441009640693665,0.057582177221775055,0.2106054425239563
test,C1,22,2026_08_18_00_58_22_709133_L3_left_C1,left,pick up the left block,pick up the blue block,L3,blue,left,right,6,pregrasp,96,112,16,0.8484848484848485,0.7320261437908496,4,8,0.3,0.7,8,0.33317774534225464,0.30526959896087646,0.33317774534225464,0.30526959896087646,-0.027908146381378174,0.6441009640693665,0.057582177221775055,0.2106054425239563
test,C1,22,2026_08_18_00_58_22_709133_L3_left_C1,left,pick up the left block,pick up the blue block,L3,blue,left,right,6,pregrasp,96,112,16,0.8484848484848485,0.7320261437908496,5,8,0.3,0.7,8,0.3369385302066803,0.3044411242008209,0.3369385302066803,0.3044411242008209,-0.032497406005859375,0.6441009640693665,0.057582177221775055,0.2106054425239563
test,C1,22,2026_08_18_00_58_22_709133_L3_left_C1,left,pick up the left block,pick up the blue block,L3,blue,left,right,6,pregrasp,96,112,16,0.8484848484848485,0.7320261437908496,6,8,0.3,0.7,8,0.18027950823307037,0.16464324295520782,0.18027950823307037,0.16464324295520782,-0.01563626527786255,0.6441009640693665,0.057582177221775055,0.2106054425239563
test,C1,22,2026_08_18_00_58_22_709133_L3_left_C1,left,pick up the left block,pick up the blue block,L3,blue,left,right,6,pregrasp,96,112,16,0.8484848484848485,0.7320261437908496,7,8,0.3,0.7,8,0.30993080139160156,0.2847820818424225,0.30993080139160156,0.2847820818424225,-0.025148719549179077,0.6441009640693665,0.057582177221775055,0.2106054425239563
test,C1,22,2026_08_18_00_58_22_709133_L3_left_C1,left,pick up the left block,pick up the blue block,L3,blue,left,right,6,pregrasp,96,112,16,0.8484848484848485,0.7320261437908496,8,8,0.3,0.7,8,0.22504404187202454,0.2021472454071045,0.22504404187202454,0.2021472454071045,-0.022896796464920044,0.6441009640693665,0.057582177221775055,0.2106054425239563
test,C1,22,2026_08_18_00_58_22_709133_L3_left_C1,left,pick up the left block,pick up the blue block,L3,blue,left,right,6,pregrasp,96,112,16,0.8484848484848485,0.7320261437908496,9,8,0.3,0.7,8,0.29872673749923706,0.2678951621055603,0.29872673749923706,0.2678951621055603,-0.030831575393676758,0.6441009640693665,0.057582177221775055,0.2106054425239563
test,C1,22,2026_08_18_00_58_22_709133_L3_left_C1,left,pick up the left block,pick up the blue block,L3,blue,left,right,7,pregrasp,112,128,16,0.9696969696969697,0.8366013071895425,0,8,0.3,0.7,8,0.2740347385406494,0.2598920464515686,0.2740347385406494,0.2598920464515686,-0.01414269208908081,0.6667441725730896,0.04563955217599869,0.1891476958990097
test,C1,22,2026_08_18_00_58_22_709133_L3_left_C1,left,pick up the left block,pick up the blue block,L3,blue,left,right,7,pregrasp,112,128,16,0.9696969696969697,0.8366013071895425,1,8,0.3,0.7,8,0.20816873013973236,0.19438862800598145,0.20816873013973236,0.19438862800598145,-0.013780102133750916,0.6667441725730896,0.04563955217599869,0.1891476958990097
test,C1,22,2026_08_18_00_58_22_709133_L3_left_C1,left,pick up the left block,pick up the blue block,L3,blue,left,right,7,pregrasp,112,128,16,0.9696969696969697,0.8366013071895425,2,8,0.3,0.7,8,0.2486223578453064,0.2328316867351532,0.2486223578453064,0.2328316867351532,-0.015790671110153198,0.6667441725730896,0.04563955217599869,0.1891476958990097
test,C1,22,2026_08_18_00_58_22_709133_L3_left_C1,left,pick up the left block,pick up the blue block,L3,blue,left,right,7,pregrasp,112,128,16,0.9696969696969697,0.8366013071895425,3,8,0.3,0.7,8,0.3639371693134308,0.3441004455089569,0.3639371693134308,0.3441004455089569,-0.019836723804473877,0.6667441725730896,0.04563955217599869,0.1891476958990097
test,C1,22,2026_08_18_00_58_22_709133_L3_left_C1,left,pick up the left block,pick up the blue block,L3,blue,left,right,7,pregrasp,112,128,16,0.9696969696969697,0.8366013071895425,4,8,0.3,0.7,8,0.350394606590271,0.3312392830848694,0.350394606590271,0.3312392830848694,-0.01915532350540161,0.6667441725730896,0.04563955217599869,0.1891476958990097
test,C1,22,2026_08_18_00_58_22_709133_L3_left_C1,left,pick up the left block,pick up the blue block,L3,blue,left,right,7,pregrasp,112,128,16,0.9696969696969697,0.8366013071895425,5,8,0.3,0.7,8,0.20374460518360138,0.18961112201213837,0.20374460518360138,0.18961112201213837,-0.014133483171463013,0.6667441725730896,0.04563955217599869,0.1891476958990097
test,C1,22,2026_08_18_00_58_22_709133_L3_left_C1,left,pick up the left block,pick up the blue block,L3,blue,left,right,7,pregrasp,112,128,16,0.9696969696969697,0.8366013071895425,6,8,0.3,0.7,8,0.2788553535938263,0.26521730422973633,0.2788553535938263,0.26521730422973633,-0.013638049364089966,0.6667441725730896,0.04563955217599869,0.1891476958990097
test,C1,22,2026_08_18_00_58_22_709133_L3_left_C1,left,pick up the left block,pick up the blue block,L3,blue,left,right,7,pregrasp,112,128,16,0.9696969696969697,0.8366013071895425,7,8,0.3,0.7,8,0.23680265247821808,0.21917323768138885,0.23680265247821808,0.21917323768138885,-0.017629414796829224,0.6667441725730896,0.04563955217599869,0.1891476958990097
test,C1,22,2026_08_18_00_58_22_709133_L3_left_C1,left,pick up the left block,pick up the blue block,L3,blue,left,right,7,pregrasp,112,128,16,0.9696969696969697,0.8366013071895425,8,8,0.3,0.7,8,0.24998000264167786,0.23424454033374786,0.24998000264167786,0.23424454033374786,-0.015735462307929993,0.6667441725730896,0.04563955217599869,0.1891476958990097
test,C1,22,2026_08_18_00_58_22_709133_L3_left_C1,left,pick up the left block,pick up the blue block,L3,blue,left,right,7,pregrasp,112,128,16,0.9696969696969697,0.8366013071895425,9,8,0.3,0.7,8,0.15174223482608795,0.142472043633461,0.15174223482608795,0.142472043633461,-0.009270191192626953,0.6667441725730896,0.04563955217599869,0.1891476958990097
test,C1,22,2026_08_18_00_58_22_709133_L3_left_C1,left,pick up the left block,pick up the blue block,L3,blue,left,right,8,pregrasp,128,132,4,1.0,0.8627450980392157,0,8,0.3,0.7,8,0.20810163021087646,0.20803776383399963,0.20810163021087646,0.20803776383399963,-6.386637687683105e-05,0.6667723655700684,0.04562801495194435,0.18916526436805725
test,C1,22,2026_08_18_00_58_22_709133_L3_left_C1,left,pick up the left block,pick up the blue block,L3,blue,left,right,8,pregrasp,128,132,4,1.0,0.8627450980392157,1,8,0.3,0.7,8,0.3700878620147705,0.3719501793384552,0.3700878620147705,0.3719501793384552,0.0018623173236846924,0.6667723655700684,0.04562801495194435,0.18916526436805725
test,C1,22,2026_08_18_00_58_22_709133_L3_left_C1,left,pick up the left block,pick up the blue block,L3,blue,left,right,8,pregrasp,128,132,4,1.0,0.8627450980392157,2,8,0.3,0.7,8,0.16972556710243225,0.16812242567539215,0.16972556710243225,0.16812242567539215,-0.0016031414270401,0.6667723655700684,0.04562801495194435,0.18916526436805725
test,C1,22,2026_08_18_00_58_22_709133_L3_left_C1,left,pick up the left block,pick up the blue block,L3,blue,left,right,8,pregrasp,128,132,4,1.0,0.8627450980392157,3,8,0.3,0.7,8,0.2723141610622406,0.27551203966140747,0.2723141610622406,0.27551203966140747,0.00319787859916687,0.6667723655700684,0.04562801495194435,0.18916526436805725
test,C1,22,2026_08_18_00_58_22_709133_L3_left_C1,left,pick up the left block,pick up the blue block,L3,blue,left,right,8,pregrasp,128,132,4,1.0,0.8627450980392157,4,8,0.3,0.7,8,0.2981676161289215,0.2991936504840851,0.2981676161289215,0.2991936504840851,0.0010260343551635742,0.6667723655700684,0.04562801495194435,0.18916526436805725
test,C1,22,2026_08_18_00_58_22_709133_L3_left_C1,left,pick up the left block,pick up the blue block,L3,blue,left,right,8,pregrasp,128,132,4,1.0,0.8627450980392157,5,8,0.3,0.7,8,0.19764482975006104,0.19988195598125458,0.19764482975006104,0.19988195598125458,0.0022371262311935425,0.6667723655700684,0.04562801495194435,0.18916526436805725
test,C1,22,2026_08_18_00_58_22_709133_L3_left_C1,left,pick up the left block,pick up the blue block,L3,blue,left,right,8,pregrasp,128,132,4,1.0,0.8627450980392157,6,8,0.3,0.7,8,0.2623617947101593,0.26560959219932556,0.2623617947101593,0.26560959219932556,0.0032477974891662598,0.6667723655700684,0.04562801495194435,0.18916526436805725
test,C1,22,2026_08_18_00_58_22_709133_L3_left_C1,left,pick up the left block,pick up the blue block,L3,blue,left,right,8,pregrasp,128,132,4,1.0,0.8627450980392157,7,8,0.3,0.7,8,0.21211905777454376,0.21124941110610962,0.21211905777454376,0.21124941110610962,-0.0008696466684341431,0.6667723655700684,0.04562801495194435,0.18916526436805725
test,C1,22,2026_08_18_00_58_22_709133_L3_left_C1,left,pick up the left block,pick up the blue block,L3,blue,left,right,8,pregrasp,128,132,4,1.0,0.8627450980392157,8,8,0.3,0.7,8,0.2724180221557617,0.27622976899147034,0.2724180221557617,0.27622976899147034,0.003811746835708618,0.6667723655700684,0.04562801495194435,0.18916526436805725
test,C1,22,2026_08_18_00_58_22_709133_L3_left_C1,left,pick up the left block,pick up the blue block,L3,blue,left,right,8,pregrasp,128,132,4,1.0,0.8627450980392157,9,8,0.3,0.7,8,0.21338585019111633,0.21735094487667084,0.21338585019111633,0.21735094487667084,0.003965094685554504,0.6667723655700684,0.04562801495194435,0.18916526436805725
test,C1,22,2026_08_18_00_58_22_709133_L3_left_C1,left,pick up the left block,pick up the blue block,L3,blue,left,right,9,postgrasp,132,148,16,1.0,0.9673202614379085,0,8,0.3,0.7,8,0.33377328515052795,0.3363432288169861,0.33377328515052795,0.3363432288169861,0.00256994366645813,0.6673555374145508,0.045005541294813156,0.18973180651664734
test,C1,22,2026_08_18_00_58_22_709133_L3_left_C1,left,pick up the left block,pick up the blue block,L3,blue,left,right,9,postgrasp,132,148,16,1.0,0.9673202614379085,1,8,0.3,0.7,8,0.27696648240089417,0.2830803096294403,0.27696648240089417,0.2830803096294403,0.006113827228546143,0.6673555374145508,0.045005541294813156,0.18973180651664734
test,C1,22,2026_08_18_00_58_22_709133_L3_left_C1,left,pick up the left block,pick up the blue block,L3,blue,left,right,9,postgrasp,132,148,16,1.0,0.9673202614379085,2,8,0.3,0.7,8,0.2865772545337677,0.2900737524032593,0.2865772545337677,0.2900737524032593,0.003496497869491577,0.6673555374145508,0.045005541294813156,0.18973180651664734
test,C1,22,2026_08_18_00_58_22_709133_L3_left_C1,left,pick up the left block,pick up the blue block,L3,blue,left,right,9,postgrasp,132,148,16,1.0,0.9673202614379085,3,8,0.3,0.7,8,0.28791993856430054,0.29138630628585815,0.28791993856430054,0.29138630628585815,0.003466367721557617,0.6673555374145508,0.045005541294813156,0.18973180651664734
test,C1,22,2026_08_18_00_58_22_709133_L3_left_C1,left,pick up the left block,pick up the blue block,L3,blue,left,right,9,postgrasp,132,148,16,1.0,0.9673202614379085,4,8,0.3,0.7,8,0.3086807131767273,0.30841684341430664,0.3086807131767273,0.30841684341430664,-0.0002638697624206543,0.6673555374145508,0.045005541294813156,0.18973180651664734
test,C1,22,2026_08_18_00_58_22_709133_L3_left_C1,left,pick up the left block,pick up the blue block,L3,blue,left,right,9,postgrasp,132,148,16,1.0,0.9673202614379085,5,8,0.3,0.7,8,0.2613544762134552,0.26351335644721985,0.2613544762134552,0.26351335644721985,0.0021588802337646484,0.6673555374145508,0.045005541294813156,0.18973180651664734
test,C1,22,2026_08_18_00_58_22_709133_L3_left_C1,left,pick up the left block,pick up the blue block,L3,blue,left,right,9,postgrasp,132,148,16,1.0,0.9673202614379085,6,8,0.3,0.7,8,0.2459954470396042,0.2564599812030792,0.2459954470396042,0.2564599812030792,0.010464534163475037,0.6673555374145508,0.045005541294813156,0.18973180651664734
test,C1,22,2026_08_18_00_58_22_709133_L3_left_C1,left,pick up the left block,pick up the blue block,L3,blue,left,right,9,postgrasp,132,148,16,1.0,0.9673202614379085,7,8,0.3,0.7,8,0.254684716463089,0.2632773518562317,0.254684716463089,0.2632773518562317,0.0085926353931427,0.6673555374145508,0.045005541294813156,0.18973180651664734
test,C1,22,2026_08_18_00_58_22_709133_L3_left_C1,left,pick up the left block,pick up the blue block,L3,blue,left,right,9,postgrasp,132,148,16,1.0,0.9673202614379085,8,8,0.3,0.7,8,0.31241217255592346,0.3212284445762634,0.31241217255592346,0.3212284445762634,0.008816272020339966,0.6673555374145508,0.045005541294813156,0.18973180651664734
test,C1,22,2026_08_18_00_58_22_709133_L3_left_C1,left,pick up the left block,pick up the blue block,L3,blue,left,right,9,postgrasp,132,148,16,1.0,0.9673202614379085,9,8,0.3,0.7,8,0.2795945405960083,0.2839367985725403,0.2795945405960083,0.2839367985725403,0.004342257976531982,0.6673555374145508,0.045005541294813156,0.18973180651664734
test,C1,22,2026_08_18_00_58_22_709133_L3_left_C1,left,pick up the left block,pick up the blue block,L3,blue,left,right,10,postgrasp,148,153,5,1.0,1.0,0,8,0.3,0.7,8,0.39593639969825745,0.39501452445983887,0.39593639969825745,0.39501452445983887,-0.0009218752384185791,0.6673579216003418,0.045006245374679565,0.18972991406917572
test,C1,22,2026_08_18_00_58_22_709133_L3_left_C1,left,pick up the left block,pick up the blue block,L3,blue,left,right,10,postgrasp,148,153,5,1.0,1.0,1,8,0.3,0.7,8,0.365896999835968,0.3660067021846771,0.365896999835968,0.3660067021846771,0.00010970234870910645,0.6673579216003418,0.045006245374679565,0.18972991406917572
test,C1,22,2026_08_18_00_58_22_709133_L3_left_C1,left,pick up the left block,pick up the blue block,L3,blue,left,right,10,postgrasp,148,153,5,1.0,1.0,2,8,0.3,0.7,8,0.4416431188583374,0.4417850077152252,0.4416431188583374,0.4417850077152252,0.00014188885688781738,0.6673579216003418,0.045006245374679565,0.18972991406917572
test,C1,22,2026_08_18_00_58_22_709133_L3_left_C1,left,pick up the left block,pick up the blue block,L3,blue,left,right,10,postgrasp,148,153,5,1.0,1.0,3,8,0.3,0.7,8,0.3517693877220154,0.3502561151981354,0.3517693877220154,0.3502561151981354,-0.0015132725238800049,0.6673579216003418,0.045006245374679565,0.18972991406917572
test,C1,22,2026_08_18_00_58_22_709133_L3_left_C1,left,pick up the left block,pick up the blue block,L3,blue,left,right,10,postgrasp,148,153,5,1.0,1.0,4,8,0.3,0.7,8,0.2871481478214264,0.28422969579696655,0.2871481478214264,0.28422969579696655,-0.002918452024459839,0.6673579216003418,0.045006245374679565,0.18972991406917572
test,C1,22,2026_08_18_00_58_22_709133_L3_left_C1,left,pick up the left block,pick up the blue block,L3,blue,left,right,10,postgrasp,148,153,5,1.0,1.0,5,8,0.3,0.7,8,0.39657068252563477,0.39525842666625977,0.39657068252563477,0.39525842666625977,-0.001312255859375,0.6673579216003418,0.045006245374679565,0.18972991406917572
test,C1,22,2026_08_18_00_58_22_709133_L3_left_C1,left,pick up the left block,pick up the blue block,L3,blue,left,right,10,postgrasp,148,153,5,1.0,1.0,6,8,0.3,0.7,8,0.3257526457309723,0.32398274540901184,0.3257526457309723,0.32398274540901184,-0.0017699003219604492,0.6673579216003418,0.045006245374679565,0.18972991406917572
test,C1,22,2026_08_18_00_58_22_709133_L3_left_C1,left,pick up the left block,pick up the blue block,L3,blue,left,right,10,postgrasp,148,153,5,1.0,1.0,7,8,0.3,0.7,8,0.36656710505485535,0.3669607639312744,0.36656710505485535,0.3669607639312744,0.0003936588764190674,0.6673579216003418,0.045006245374679565,0.18972991406917572
test,C1,22,2026_08_18_00_58_22_709133_L3_left_C1,left,pick up the left block,pick up the blue block,L3,blue,left,right,10,postgrasp,148,153,5,1.0,1.0,8,8,0.3,0.7,8,0.38525471091270447,0.38508397340774536,0.38525471091270447,0.38508397340774536,-0.00017073750495910645,0.6673579216003418,0.045006245374679565,0.18972991406917572
test,C1,22,2026_08_18_00_58_22_709133_L3_left_C1,left,pick up the left block,pick up the blue block,L3,blue,left,right,10,postgrasp,148,153,5,1.0,1.0,9,8,0.3,0.7,8,0.37747669219970703,0.37635746598243713,0.37747669219970703,0.37635746598243713,-0.0011192262172698975,0.6673579216003418,0.045006245374679565,0.18972991406917572
test,C2,23,2026_08_18_00_59_48_029579_L3_left_C2,left,pick up the left block,pick up the blue block,L3,blue,left,right,0,pregrasp,0,16,16,0.10062893081761007,0.08888888888888889,0,8,0.3,0.7,8,0.23798683285713196,0.29001712799072266,0.23798683285713196,0.29001712799072266,0.0520302951335907,0.36762580275535583,0.028894852846860886,0.48368963599205017
test,C2,23,2026_08_18_00_59_48_029579_L3_left_C2,left,pick up the left block,pick up the blue block,L3,blue,left,right,0,pregrasp,0,16,16,0.10062893081761007,0.08888888888888889,1,8,0.3,0.7,8,0.22855216264724731,0.269083708524704,0.22855216264724731,0.269083708524704,0.040531545877456665,0.36762580275535583,0.028894852846860886,0.48368963599205017
test,C2,23,2026_08_18_00_59_48_029579_L3_left_C2,left,pick up the left block,pick up the blue block,L3,blue,left,right,0,pregrasp,0,16,16,0.10062893081761007,0.08888888888888889,2,8,0.3,0.7,8,0.2867056727409363,0.31966641545295715,0.2867056727409363,0.31966641545295715,0.032960742712020874,0.36762580275535583,0.028894852846860886,0.48368963599205017
test,C2,23,2026_08_18_00_59_48_029579_L3_left_C2,left,pick up the left block,pick up the blue block,L3,blue,left,right,0,pregrasp,0,16,16,0.10062893081761007,0.08888888888888889,3,8,0.3,0.7,8,0.16505976021289825,0.19114409387111664,0.16505976021289825,0.19114409387111664,0.026084333658218384,0.36762580275535583,0.028894852846860886,0.48368963599205017
test,C2,23,2026_08_18_00_59_48_029579_L3_left_C2,left,pick up the left block,pick up the blue block,L3,blue,left,right,0,pregrasp,0,16,16,0.10062893081761007,0.08888888888888889,4,8,0.3,0.7,8,0.17989856004714966,0.19494466483592987,0.17989856004714966,0.19494466483592987,0.015046104788780212,0.36762580275535583,0.028894852846860886,0.48368963599205017
test,C2,23,2026_08_18_00_59_48_029579_L3_left_C2,left,pick up the left block,pick up the blue block,L3,blue,left,right,0,pregrasp,0,16,16,0.10062893081761007,0.08888888888888889,5,8,0.3,0.7,8,0.2883857488632202,0.33748185634613037,0.2883857488632202,0.33748185634613037,0.049096107482910156,0.36762580275535583,0.028894852846860886,0.48368963599205017
test,C2,23,2026_08_18_00_59_48_029579_L3_left_C2,left,pick up the left block,pick up the blue block,L3,blue,left,right,0,pregrasp,0,16,16,0.10062893081761007,0.08888888888888889,6,8,0.3,0.7,8,0.27490782737731934,0.3208041787147522,0.27490782737731934,0.3208041787147522,0.04589635133743286,0.36762580275535583,0.028894852846860886,0.48368963599205017
test,C2,23,2026_08_18_00_59_48_029579_L3_left_C2,left,pick up the left block,pick up the blue block,L3,blue,left,right,0,pregrasp,0,16,16,0.10062893081761007,0.08888888888888889,7,8,0.3,0.7,8,0.16435322165489197,0.20113706588745117,0.16435322165489197,0.20113706588745117,0.036783844232559204,0.36762580275535583,0.028894852846860886,0.48368963599205017
test,C2,23,2026_08_18_00_59_48_029579_L3_left_C2,left,pick up the left block,pick up the blue block,L3,blue,left,right,0,pregrasp,0,16,16,0.10062893081761007,0.08888888888888889,8,8,0.3,0.7,8,0.2028913050889969,0.2153579741716385,0.2028913050889969,0.2153579741716385,0.012466669082641602,0.36762580275535583,0.028894852846860886,0.48368963599205017
test,C2,23,2026_08_18_00_59_48_029579_L3_left_C2,left,pick up the left block,pick up the blue block,L3,blue,left,right,0,pregrasp,0,16,16,0.10062893081761007,0.08888888888888889,9,8,0.3,0.7,8,0.21351945400238037,0.2492743581533432,0.21351945400238037,0.2492743581533432,0.03575490415096283,0.36762580275535583,0.028894852846860886,0.48368963599205017
test,C2,23,2026_08_18_00_59_48_029579_L3_left_C2,left,pick up the left block,pick up the blue block,L3,blue,left,right,1,pregrasp,16,32,16,0.20125786163522014,0.17777777777777778,0,8,0.3,0.7,8,0.1769852489233017,0.2716754972934723,0.1769852489233017,0.2716754972934723,0.0946902483701706,0.38230985403060913,0.09187385439872742,0.4599169194698334
test,C2,23,2026_08_18_00_59_48_029579_L3_left_C2,left,pick up the left block,pick up the blue block,L3,blue,left,right,1,pregrasp,16,32,16,0.20125786163522014,0.17777777777777778,1,8,0.3,0.7,8,0.23903216421604156,0.34097039699554443,0.23903216421604156,0.34097039699554443,0.10193823277950287,0.38230985403060913,0.09187385439872742,0.4599169194698334
test,C2,23,2026_08_18_00_59_48_029579_L3_left_C2,left,pick up the left block,pick up the blue block,L3,blue,left,right,1,pregrasp,16,32,16,0.20125786163522014,0.17777777777777778,2,8,0.3,0.7,8,0.2369803488254547,0.3365647494792938,0.2369803488254547,0.3365647494792938,0.09958440065383911,0.38230985403060913,0.09187385439872742,0.4599169194698334
test,C2,23,2026_08_18_00_59_48_029579_L3_left_C2,left,pick up the left block,pick up the blue block,L3,blue,left,right,1,pregrasp,16,32,16,0.20125786163522014,0.17777777777777778,3,8,0.3,0.7,8,0.24462565779685974,0.32513657212257385,0.24462565779685974,0.32513657212257385,0.08051091432571411,0.38230985403060913,0.09187385439872742,0.4599169194698334
test,C2,23,2026_08_18_00_59_48_029579_L3_left_C2,left,pick up the left block,pick up the blue block,L3,blue,left,right,1,pregrasp,16,32,16,0.20125786163522014,0.17777777777777778,4,8,0.3,0.7,8,0.13304977118968964,0.2086394727230072,0.13304977118968964,0.2086394727230072,0.07558970153331757,0.38230985403060913,0.09187385439872742,0.4599169194698334
test,C2,23,2026_08_18_00_59_48_029579_L3_left_C2,left,pick up the left block,pick up the blue block,L3,blue,left,right,1,pregrasp,16,32,16,0.20125786163522014,0.17777777777777778,5,8,0.3,0.7,8,0.2529321610927582,0.34416770935058594,0.2529321610927582,0.34416770935058594,0.09123554825782776,0.38230985403060913,0.09187385439872742,0.4599169194698334
test,C2,23,2026_08_18_00_59_48_029579_L3_left_C2,left,pick up the left block,pick up the blue block,L3,blue,left,right,1,pregrasp,16,32,16,0.20125786163522014,0.17777777777777778,6,8,0.3,0.7,8,0.16708652675151825,0.24219779670238495,0.16708652675151825,0.24219779670238495,0.0751112699508667,0.38230985403060913,0.09187385439872742,0.4599169194698334
test,C2,23,2026_08_18_00_59_48_029579_L3_left_C2,left,pick up the left block,pick up the blue block,L3,blue,left,right,1,pregrasp,16,32,16,0.20125786163522014,0.17777777777777778,7,8,0.3,0.7,8,0.20624379813671112,0.308159738779068,0.20624379813671112,0.308159738779068,0.10191594064235687,0.38230985403060913,0.09187385439872742,0.4599169194698334
test,C2,23,2026_08_18_00_59_48_029579_L3_left_C2,left,pick up the left block,pick up the blue block,L3,blue,left,right,1,pregrasp,16,32,16,0.20125786163522014,0.17777777777777778,8,8,0.3,0.7,8,0.1726762354373932,0.2115873247385025,0.1726762354373932,0.2115873247385025,0.038911089301109314,0.38230985403060913,0.09187385439872742,0.4599169194698334
test,C2,23,2026_08_18_00_59_48_029579_L3_left_C2,left,pick up the left block,pick up the blue block,L3,blue,left,right,1,pregrasp,16,32,16,0.20125786163522014,0.17777777777777778,9,8,0.3,0.7,8,0.2846257984638214,0.38429370522499084,0.2846257984638214,0.38429370522499084,0.09966790676116943,0.38230985403060913,0.09187385439872742,0.4599169194698334
test,C2,23,2026_08_18_00_59_48_029579_L3_left_C2,left,pick up the left block,pick up the blue block,L3,blue,left,right,2,pregrasp,32,48,16,0.3018867924528302,0.26666666666666666,0,8,0.3,0.7,8,0.2524771988391876,0.3100243806838989,0.2524771988391876,0.3100243806838989,0.057547181844711304,0.4092878997325897,0.14975349605083466,0.4345363974571228
test,C2,23,2026_08_18_00_59_48_029579_L3_left_C2,left,pick up the left block,pick up the blue block,L3,blue,left,right,2,pregrasp,32,48,16,0.3018867924528302,0.26666666666666666,1,8,0.3,0.7,8,0.2414974570274353,0.32747161388397217,0.2414974570274353,0.32747161388397217,0.08597415685653687,0.4092878997325897,0.14975349605083466,0.4345363974571228
test,C2,23,2026_08_18_00_59_48_029579_L3_left_C2,left,pick up the left block,pick up the blue block,L3,blue,left,right,2,pregrasp,32,48,16,0.3018867924528302,0.26666666666666666,2,8,0.3,0.7,8,0.20087651908397675,0.2768377661705017,0.20087651908397675,0.2768377661705017,0.07596124708652496,0.4092878997325897,0.14975349605083466,0.4345363974571228
test,C2,23,2026_08_18_00_59_48_029579_L3_left_C2,left,pick up the left block,pick up the blue block,L3,blue,left,right,2,pregrasp,32,48,16,0.3018867924528302,0.26666666666666666,3,8,0.3,0.7,8,0.23795874416828156,0.30876731872558594,0.23795874416828156,0.30876731872558594,0.07080857455730438,0.4092878997325897,0.14975349605083466,0.4345363974571228
test,C2,23,2026_08_18_00_59_48_029579_L3_left_C2,left,pick up the left block,pick up the blue block,L3,blue,left,right,2,pregrasp,32,48,16,0.3018867924528302,0.26666666666666666,4,8,0.3,0.7,8,0.16969813406467438,0.2192228138446808,0.16969813406467438,0.2192228138446808,0.04952467978000641,0.4092878997325897,0.14975349605083466,0.4345363974571228
test,C2,23,2026_08_18_00_59_48_029579_L3_left_C2,left,pick up the left block,pick up the blue block,L3,blue,left,right,2,pregrasp,32,48,16,0.3018867924528302,0.26666666666666666,5,8,0.3,0.7,8,0.27061033248901367,0.33497387170791626,0.27061033248901367,0.33497387170791626,0.06436353921890259,0.4092878997325897,0.14975349605083466,0.4345363974571228
test,C2,23,2026_08_18_00_59_48_029579_L3_left_C2,left,pick up the left block,pick up the blue block,L3,blue,left,right,2,pregrasp,32,48,16,0.3018867924528302,0.26666666666666666,6,8,0.3,0.7,8,0.30504339933395386,0.38110899925231934,0.30504339933395386,0.38110899925231934,0.07606559991836548,0.4092878997325897,0.14975349605083466,0.4345363974571228
test,C2,23,2026_08_18_00_59_48_029579_L3_left_C2,left,pick up the left block,pick up the blue block,L3,blue,left,right,2,pregrasp,32,48,16,0.3018867924528302,0.26666666666666666,7,8,0.3,0.7,8,0.18563547730445862,0.2578965127468109,0.18563547730445862,0.2578965127468109,0.0722610354423523,0.4092878997325897,0.14975349605083466,0.4345363974571228
test,C2,23,2026_08_18_00_59_48_029579_L3_left_C2,left,pick up the left block,pick up the blue block,L3,blue,left,right,2,pregrasp,32,48,16,0.3018867924528302,0.26666666666666666,8,8,0.3,0.7,8,0.25078296661376953,0.3149581551551819,0.25078296661376953,0.3149581551551819,0.06417518854141235,0.4092878997325897,0.14975349605083466,0.4345363974571228
test,C2,23,2026_08_18_00_59_48_029579_L3_left_C2,left,pick up the left block,pick up the blue block,L3,blue,left,right,2,pregrasp,32,48,16,0.3018867924528302,0.26666666666666666,9,8,0.3,0.7,8,0.25237658619880676,0.3312658369541168,0.25237658619880676,0.3312658369541168,0.07888925075531006,0.4092878997325897,0.14975349605083466,0.4345363974571228
test,C2,23,2026_08_18_00_59_48_029579_L3_left_C2,left,pick up the left block,pick up the blue block,L3,blue,left,right,3,pregrasp,48,64,16,0.4025157232704403,0.35555555555555557,0,8,0.3,0.7,8,0.25720298290252686,0.2791958153247833,0.25720298290252686,0.2791958153247833,0.02199283242225647,0.4485686719417572,0.19355832040309906,0.39797940850257874
test,C2,23,2026_08_18_00_59_48_029579_L3_left_C2,left,pick up the left block,pick up the blue block,L3,blue,left,right,3,pregrasp,48,64,16,0.4025157232704403,0.35555555555555557,1,8,0.3,0.7,8,0.30097976326942444,0.32902300357818604,0.30097976326942444,0.32902300357818604,0.028043240308761597,0.4485686719417572,0.19355832040309906,0.39797940850257874
test,C2,23,2026_08_18_00_59_48_029579_L3_left_C2,left,pick up the left block,pick up the blue block,L3,blue,left,right,3,pregrasp,48,64,16,0.4025157232704403,0.35555555555555557,2,8,0.3,0.7,8,0.1805328130722046,0.18636366724967957,0.1805328130722046,0.18636366724967957,0.005830854177474976,0.4485686719417572,0.19355832040309906,0.39797940850257874
test,C2,23,2026_08_18_00_59_48_029579_L3_left_C2,left,pick up the left block,pick up the blue block,L3,blue,left,right,3,pregrasp,48,64,16,0.4025157232704403,0.35555555555555557,3,8,0.3,0.7,8,0.3472663164138794,0.38681986927986145,0.3472663164138794,0.38681986927986145,0.039553552865982056,0.4485686719417572,0.19355832040309906,0.39797940850257874
test,C2,23,2026_08_18_00_59_48_029579_L3_left_C2,left,pick up the left block,pick up the blue block,L3,blue,left,right,3,pregrasp,48,64,16,0.4025157232704403,0.35555555555555557,4,8,0.3,0.7,8,0.21174949407577515,0.22986847162246704,0.21174949407577515,0.22986847162246704,0.018118977546691895,0.4485686719417572,0.19355832040309906,0.39797940850257874
test,C2,23,2026_08_18_00_59_48_029579_L3_left_C2,left,pick up the left block,pick up the blue block,L3,blue,left,right,3,pregrasp,48,64,16,0.4025157232704403,0.35555555555555557,5,8,0.3,0.7,8,0.25159400701522827,0.2762676179409027,0.25159400701522827,0.2762676179409027,0.02467361092567444,0.4485686719417572,0.19355832040309906,0.39797940850257874
test,C2,23,2026_08_18_00_59_48_029579_L3_left_C2,left,pick up the left block,pick up the blue block,L3,blue,left,right,3,pregrasp,48,64,16,0.4025157232704403,0.35555555555555557,6,8,0.3,0.7,8,0.241804301738739,0.257990300655365,0.241804301738739,0.257990300655365,0.016185998916625977,0.4485686719417572,0.19355832040309906,0.39797940850257874
test,C2,23,2026_08_18_00_59_48_029579_L3_left_C2,left,pick up the left block,pick up the blue block,L3,blue,left,right,3,pregrasp,48,64,16,0.4025157232704403,0.35555555555555557,7,8,0.3,0.7,8,0.22705145180225372,0.24428315460681915,0.22705145180225372,0.24428315460681915,0.01723170280456543,0.4485686719417572,0.19355832040309906,0.39797940850257874
test,C2,23,2026_08_18_00_59_48_029579_L3_left_C2,left,pick up the left block,pick up the blue block,L3,blue,left,right,3,pregrasp,48,64,16,0.4025157232704403,0.35555555555555557,8,8,0.3,0.7,8,0.2696000337600708,0.2966785132884979,0.2696000337600708,0.2966785132884979,0.027078479528427124,0.4485686719417572,0.19355832040309906,0.39797940850257874
test,C2,23,2026_08_18_00_59_48_029579_L3_left_C2,left,pick up the left block,pick up the blue block,L3,blue,left,right,3,pregrasp,48,64,16,0.4025157232704403,0.35555555555555557,9,8,0.3,0.7,8,0.26503026485443115,0.27356335520744324,0.26503026485443115,0.27356335520744324,0.008533090353012085,0.4485686719417572,0.19355832040309906,0.39797940850257874
test,C2,23,2026_08_18_00_59_48_029579_L3_left_C2,left,pick up the left block,pick up the blue block,L3,blue,left,right,4,pregrasp,64,80,16,0.5031446540880503,0.4444444444444444,0,8,0.3,0.7,8,0.3039768636226654,0.24676524102687836,0.3039768636226654,0.24676524102687836,-0.05721162259578705,0.49641653895378113,0.20669177174568176,0.3506465554237366
test,C2,23,2026_08_18_00_59_48_029579_L3_left_C2,left,pick up the left block,pick up the blue block,L3,blue,left,right,4,pregrasp,64,80,16,0.5031446540880503,0.4444444444444444,1,8,0.3,0.7,8,0.31015387177467346,0.28209757804870605,0.31015387177467346,0.28209757804870605,-0.028056293725967407,0.49641653895378113,0.20669177174568176,0.3506465554237366
test,C2,23,2026_08_18_00_59_48_029579_L3_left_C2,left,pick up the left block,pick up the blue block,L3,blue,left,right,4,pregrasp,64,80,16,0.5031446540880503,0.4444444444444444,2,8,0.3,0.7,8,0.33570027351379395,0.23440732061862946,0.33570027351379395,0.23440732061862946,-0.10129295289516449,0.49641653895378113,0.20669177174568176,0.3506465554237366
test,C2,23,2026_08_18_00_59_48_029579_L3_left_C2,left,pick up the left block,pick up the blue block,L3,blue,left,right,4,pregrasp,64,80,16,0.5031446540880503,0.4444444444444444,3,8,0.3,0.7,8,0.2634679675102234,0.24679434299468994,0.2634679675102234,0.24679434299468994,-0.016673624515533447,0.49641653895378113,0.20669177174568176,0.3506465554237366
test,C2,23,2026_08_18_00_59_48_029579_L3_left_C2,left,pick up the left block,pick up the blue block,L3,blue,left,right,4,pregrasp,64,80,16,0.5031446540880503,0.4444444444444444,4,8,0.3,0.7,8,0.2904054522514343,0.23095618188381195,0.2904054522514343,0.23095618188381195,-0.059449270367622375,0.49641653895378113,0.20669177174568176,0.3506465554237366
test,C2,23,2026_08_18_00_59_48_029579_L3_left_C2,left,pick up the left block,pick up the blue block,L3,blue,left,right,4,pregrasp,64,80,16,0.5031446540880503,0.4444444444444444,5,8,0.3,0.7,8,0.39366307854652405,0.34627389907836914,0.39366307854652405,0.34627389907836914,-0.04738917946815491,0.49641653895378113,0.20669177174568176,0.3506465554237366
test,C2,23,2026_08_18_00_59_48_029579_L3_left_C2,left,pick up the left block,pick up the blue block,L3,blue,left,right,4,pregrasp,64,80,16,0.5031446540880503,0.4444444444444444,6,8,0.3,0.7,8,0.2756434679031372,0.16839724779129028,0.2756434679031372,0.16839724779129028,-0.10724622011184692,0.49641653895378113,0.20669177174568176,0.3506465554237366
test,C2,23,2026_08_18_00_59_48_029579_L3_left_C2,left,pick up the left block,pick up the blue block,L3,blue,left,right,4,pregrasp,64,80,16,0.5031446540880503,0.4444444444444444,7,8,0.3,0.7,8,0.2761695981025696,0.2471248358488083,0.2761695981025696,0.2471248358488083,-0.02904476225376129,0.49641653895378113,0.20669177174568176,0.3506465554237366
test,C2,23,2026_08_18_00_59_48_029579_L3_left_C2,left,pick up the left block,pick up the blue block,L3,blue,left,right,4,pregrasp,64,80,16,0.5031446540880503,0.4444444444444444,8,8,0.3,0.7,8,0.29371991753578186,0.24469569325447083,0.29371991753578186,0.24469569325447083,-0.049024224281311035,0.49641653895378113,0.20669177174568176,0.3506465554237366
test,C2,23,2026_08_18_00_59_48_029579_L3_left_C2,left,pick up the left block,pick up the blue block,L3,blue,left,right,4,pregrasp,64,80,16,0.5031446540880503,0.4444444444444444,9,8,0.3,0.7,8,0.3368678689002991,0.3240906596183777,0.3368678689002991,0.3240906596183777,-0.012777209281921387,0.49641653895378113,0.20669177174568176,0.3506465554237366
test,C2,23,2026_08_18_00_59_48_029579_L3_left_C2,left,pick up the left block,pick up the blue block,L3,blue,left,right,5,pregrasp,80,96,16,0.6037735849056604,0.5333333333333333,0,8,0.3,0.7,8,0.22606152296066284,0.21304729580879211,0.22606152296066284,0.21304729580879211,-0.013014227151870728,0.5431634783744812,0.18468455970287323,0.30596187710762024
test,C2,23,2026_08_18_00_59_48_029579_L3_left_C2,left,pick up the left block,pick up the blue block,L3,blue,left,right,5,pregrasp,80,96,16,0.6037735849056604,0.5333333333333333,1,8,0.3,0.7,8,0.26710477471351624,0.25215470790863037,0.26710477471351624,0.25215470790863037,-0.014950066804885864,0.5431634783744812,0.18468455970287323,0.30596187710762024
test,C2,23,2026_08_18_00_59_48_029579_L3_left_C2,left,pick up the left block,pick up the blue block,L3,blue,left,right,5,pregrasp,80,96,16,0.6037735849056604,0.5333333333333333,2,8,0.3,0.7,8,0.30137303471565247,0.28918522596359253,0.30137303471565247,0.28918522596359253,-0.012187808752059937,0.5431634783744812,0.18468455970287323,0.30596187710762024
test,C2,23,2026_08_18_00_59_48_029579_L3_left_C2,left,pick up the left block,pick up the blue block,L3,blue,left,right,5,pregrasp,80,96,16,0.6037735849056604,0.5333333333333333,3,8,0.3,0.7,8,0.2637086808681488,0.24806594848632812,0.2637086808681488,0.24806594848632812,-0.01564273238182068,0.5431634783744812,0.18468455970287323,0.30596187710762024
test,C2,23,2026_08_18_00_59_48_029579_L3_left_C2,left,pick up the left block,pick up the blue block,L3,blue,left,right,5,pregrasp,80,96,16,0.6037735849056604,0.5333333333333333,4,8,0.3,0.7,8,0.22431886196136475,0.20290763676166534,0.22431886196136475,0.20290763676166534,-0.021411225199699402,0.5431634783744812,0.18468455970287323,0.30596187710762024
test,C2,23,2026_08_18_00_59_48_029579_L3_left_C2,left,pick up the left block,pick up the blue block,L3,blue,left,right,5,pregrasp,80,96,16,0.6037735849056604,0.5333333333333333,5,8,0.3,0.7,8,0.3698253035545349,0.36117759346961975,0.3698253035545349,0.36117759346961975,-0.008647710084915161,0.5431634783744812,0.18468455970287323,0.30596187710762024
test,C2,23,2026_08_18_00_59_48_029579_L3_left_C2,left,pick up the left block,pick up the blue block,L3,blue,left,right,5,pregrasp,80,96,16,0.6037735849056604,0.5333333333333333,6,8,0.3,0.7,8,0.32149043679237366,0.30667462944984436,0.32149043679237366,0.30667462944984436,-0.014815807342529297,0.5431634783744812,0.18468455970287323,0.30596187710762024
test,C2,23,2026_08_18_00_59_48_029579_L3_left_C2,left,pick up the left block,pick up the blue block,L3,blue,left,right,5,pregrasp,80,96,16,0.6037735849056604,0.5333333333333333,7,8,0.3,0.7,8,0.3300044536590576,0.31811055541038513,0.3300044536590576,0.31811055541038513,-0.011893898248672485,0.5431634783744812,0.18468455970287323,0.30596187710762024
test,C2,23,2026_08_18_00_59_48_029579_L3_left_C2,left,pick up the left block,pick up the blue block,L3,blue,left,right,5,pregrasp,80,96,16,0.6037735849056604,0.5333333333333333,8,8,0.3,0.7,8,0.27925369143486023,0.2594883441925049,0.27925369143486023,0.2594883441925049,-0.019765347242355347,0.5431634783744812,0.18468455970287323,0.30596187710762024
test,C2,23,2026_08_18_00_59_48_029579_L3_left_C2,left,pick up the left block,pick up the blue block,L3,blue,left,right,5,pregrasp,80,96,16,0.6037735849056604,0.5333333333333333,9,8,0.3,0.7,8,0.2697250545024872,0.25668054819107056,0.2697250545024872,0.25668054819107056,-0.013044506311416626,0.5431634783744812,0.18468455970287323,0.30596187710762024
test,C2,23,2026_08_18_00_59_48_029579_L3_left_C2,left,pick up the left block,pick up the blue block,L3,blue,left,right,6,pregrasp,96,112,16,0.7044025157232704,0.6222222222222222,0,8,0.3,0.7,8,0.18290448188781738,0.17655321955680847,0.18290448188781738,0.17655321955680847,-0.006351262331008911,0.5853867530822754,0.14585241675376892,0.26624345779418945
test,C2,23,2026_08_18_00_59_48_029579_L3_left_C2,left,pick up the left block,pick up the blue block,L3,blue,left,right,6,pregrasp,96,112,16,0.7044025157232704,0.6222222222222222,1,8,0.3,0.7,8,0.24737787246704102,0.24739167094230652,0.24737787246704102,0.24739167094230652,1.379847526550293e-05,0.5853867530822754,0.14585241675376892,0.26624345779418945
test,C2,23,2026_08_18_00_59_48_029579_L3_left_C2,left,pick up the left block,pick up the blue block,L3,blue,left,right,6,pregrasp,96,112,16,0.7044025157232704,0.6222222222222222,2,8,0.3,0.7,8,0.27257347106933594,0.26593664288520813,0.27257347106933594,0.26593664288520813,-0.006636828184127808,0.5853867530822754,0.14585241675376892,0.26624345779418945
test,C2,23,2026_08_18_00_59_48_029579_L3_left_C2,left,pick up the left block,pick up the blue block,L3,blue,left,right,6,pregrasp,96,112,16,0.7044025157232704,0.6222222222222222,3,8,0.3,0.7,8,0.35445302724838257,0.341045081615448,0.35445302724838257,0.341045081615448,-0.01340794563293457,0.5853867530822754,0.14585241675376892,0.26624345779418945
test,C2,23,2026_08_18_00_59_48_029579_L3_left_C2,left,pick up the left block,pick up the blue block,L3,blue,left,right,6,pregrasp,96,112,16,0.7044025157232704,0.6222222222222222,4,8,0.3,0.7,8,0.22380633652210236,0.2236800491809845,0.22380633652210236,0.2236800491809845,-0.0001262873411178589,0.5853867530822754,0.14585241675376892,0.26624345779418945
test,C2,23,2026_08_18_00_59_48_029579_L3_left_C2,left,pick up the left block,pick up the blue block,L3,blue,left,right,6,pregrasp,96,112,16,0.7044025157232704,0.6222222222222222,5,8,0.3,0.7,8,0.21164430677890778,0.20452432334423065,0.21164430677890778,0.20452432334423065,-0.007119983434677124,0.5853867530822754,0.14585241675376892,0.26624345779418945
test,C2,23,2026_08_18_00_59_48_029579_L3_left_C2,left,pick up the left block,pick up the blue block,L3,blue,left,right,6,pregrasp,96,112,16,0.7044025157232704,0.6222222222222222,6,8,0.3,0.7,8,0.2731875777244568,0.2593887448310852,0.2731875777244568,0.2593887448310852,-0.013798832893371582,0.5853867530822754,0.14585241675376892,0.26624345779418945
test,C2,23,2026_08_18_00_59_48_029579_L3_left_C2,left,pick up the left block,pick up the blue block,L3,blue,left,right,6,pregrasp,96,112,16,0.7044025157232704,0.6222222222222222,7,8,0.3,0.7,8,0.2439996302127838,0.2406168133020401,0.2439996302127838,0.2406168133020401,-0.0033828169107437134,0.5853867530822754,0.14585241675376892,0.26624345779418945
test,C2,23,2026_08_18_00_59_48_029579_L3_left_C2,left,pick up the left block,pick up the blue block,L3,blue,left,right,6,pregrasp,96,112,16,0.7044025157232704,0.6222222222222222,8,8,0.3,0.7,8,0.19061483442783356,0.18588049709796906,0.19061483442783356,0.18588049709796906,-0.004734337329864502,0.5853867530822754,0.14585241675376892,0.26624345779418945
test,C2,23,2026_08_18_00_59_48_029579_L3_left_C2,left,pick up the left block,pick up the blue block,L3,blue,left,right,6,pregrasp,96,112,16,0.7044025157232704,0.6222222222222222,9,8,0.3,0.7,8,0.24600131809711456,0.23888185620307922,0.24600131809711456,0.23888185620307922,-0.007119461894035339,0.5853867530822754,0.14585241675376892,0.26624345779418945
test,C2,23,2026_08_18_00_59_48_029579_L3_left_C2,left,pick up the left block,pick up the blue block,L3,blue,left,right,7,pregrasp,112,128,16,0.8050314465408805,0.7111111111111111,0,8,0.3,0.7,8,0.2508264482021332,0.2551353871822357,0.2508264482021332,0.2551353871822357,0.004308938980102539,0.6237314939498901,0.10019811987876892,0.2297658771276474
test,C2,23,2026_08_18_00_59_48_029579_L3_left_C2,left,pick up the left block,pick up the blue block,L3,blue,left,right,7,pregrasp,112,128,16,0.8050314465408805,0.7111111111111111,1,8,0.3,0.7,8,0.22511516511440277,0.23396843671798706,0.22511516511440277,0.23396843671798706,0.00885327160358429,0.6237314939498901,0.10019811987876892,0.2297658771276474
test,C2,23,2026_08_18_00_59_48_029579_L3_left_C2,left,pick up the left block,pick up the blue block,L3,blue,left,right,7,pregrasp,112,128,16,0.8050314465408805,0.7111111111111111,2,8,0.3,0.7,8,0.19293364882469177,0.19952331483364105,0.19293364882469177,0.19952331483364105,0.00658966600894928,0.6237314939498901,0.10019811987876892,0.2297658771276474
test,C2,23,2026_08_18_00_59_48_029579_L3_left_C2,left,pick up the left block,pick up the blue block,L3,blue,left,right,7,pregrasp,112,128,16,0.8050314465408805,0.7111111111111111,3,8,0.3,0.7,8,0.24684906005859375,0.2562018632888794,0.24684906005859375,0.2562018632888794,0.009352803230285645,0.6237314939498901,0.10019811987876892,0.2297658771276474
test,C2,23,2026_08_18_00_59_48_029579_L3_left_C2,left,pick up the left block,pick up the blue block,L3,blue,left,right,7,pregrasp,112,128,16,0.8050314465408805,0.7111111111111111,4,8,0.3,0.7,8,0.33929723501205444,0.3448322117328644,0.33929723501205444,0.3448322117328644,0.0055349767208099365,0.6237314939498901,0.10019811987876892,0.2297658771276474
test,C2,23,2026_08_18_00_59_48_029579_L3_left_C2,left,pick up the left block,pick up the blue block,L3,blue,left,right,7,pregrasp,112,128,16,0.8050314465408805,0.7111111111111111,5,8,0.3,0.7,8,0.2551575005054474,0.26498425006866455,0.2551575005054474,0.26498425006866455,0.009826749563217163,0.6237314939498901,0.10019811987876892,0.2297658771276474
test,C2,23,2026_08_18_00_59_48_029579_L3_left_C2,left,pick up the left block,pick up the blue block,L3,blue,left,right,7,pregrasp,112,128,16,0.8050314465408805,0.7111111111111111,6,8,0.3,0.7,8,0.26090461015701294,0.2718774080276489,0.26090461015701294,0.2718774080276489,0.010972797870635986,0.6237314939498901,0.10019811987876892,0.2297658771276474
test,C2,23,2026_08_18_00_59_48_029579_L3_left_C2,left,pick up the left block,pick up the blue block,L3,blue,left,right,7,pregrasp,112,128,16,0.8050314465408805,0.7111111111111111,7,8,0.3,0.7,8,0.2551758885383606,0.2638309895992279,0.2551758885383606,0.2638309895992279,0.00865510106086731,0.6237314939498901,0.10019811987876892,0.2297658771276474
test,C2,23,2026_08_18_00_59_48_029579_L3_left_C2,left,pick up the left block,pick up the blue block,L3,blue,left,right,7,pregrasp,112,128,16,0.8050314465408805,0.7111111111111111,8,8,0.3,0.7,8,0.24453040957450867,0.25666096806526184,0.24453040957450867,0.25666096806526184,0.012130558490753174,0.6237314939498901,0.10019811987876892,0.2297658771276474
test,C2,23,2026_08_18_00_59_48_029579_L3_left_C2,left,pick up the left block,pick up the blue block,L3,blue,left,right,7,pregrasp,112,128,16,0.8050314465408805,0.7111111111111111,9,8,0.3,0.7,8,0.30504414439201355,0.3189970850944519,0.30504414439201355,0.3189970850944519,0.013952940702438354,0.6237314939498901,0.10019811987876892,0.2297658771276474
test,C2,23,2026_08_18_00_59_48_029579_L3_left_C2,left,pick up the left block,pick up the blue block,L3,blue,left,right,8,pregrasp,128,144,16,0.9056603773584906,0.8,0,8,0.3,0.7,8,0.32331669330596924,0.325480580329895,0.32331669330596924,0.325480580329895,0.0021638870239257812,0.6602122783660889,0.05222132056951523,0.19530647993087769
test,C2,23,2026_08_18_00_59_48_029579_L3_left_C2,left,pick up the left block,pick up the blue block,L3,blue,left,right,8,pregrasp,128,144,16,0.9056603773584906,0.8,1,8,0.3,0.7,8,0.3200763761997223,0.3224107623100281,0.3200763761997223,0.3224107623100281,0.002334386110305786,0.6602122783660889,0.05222132056951523,0.19530647993087769
test,C2,23,2026_08_18_00_59_48_029579_L3_left_C2,left,pick up the left block,pick up the blue block,L3,blue,left,right,8,pregrasp,128,144,16,0.9056603773584906,0.8,2,8,0.3,0.7,8,0.1991049349308014,0.20321322977542877,0.1991049349308014,0.20321322977542877,0.00410829484462738,0.6602122783660889,0.05222132056951523,0.19530647993087769
test,C2,23,2026_08_18_00_59_48_029579_L3_left_C2,left,pick up the left block,pick up the blue block,L3,blue,left,right,8,pregrasp,128,144,16,0.9056603773584906,0.8,3,8,0.3,0.7,8,0.38599979877471924,0.38545259833335876,0.38599979877471924,0.38545259833335876,-0.0005472004413604736,0.6602122783660889,0.05222132056951523,0.19530647993087769
test,C2,23,2026_08_18_00_59_48_029579_L3_left_C2,left,pick up the left block,pick up the blue block,L3,blue,left,right,8,pregrasp,128,144,16,0.9056603773584906,0.8,4,8,0.3,0.7,8,0.2575036585330963,0.25836920738220215,0.2575036585330963,0.25836920738220215,0.000865548849105835,0.6602122783660889,0.05222132056951523,0.19530647993087769
test,C2,23,2026_08_18_00_59_48_029579_L3_left_C2,left,pick up the left block,pick up the blue block,L3,blue,left,right,8,pregrasp,128,144,16,0.9056603773584906,0.8,5,8,0.3,0.7,8,0.43062102794647217,0.4305419623851776,0.43062102794647217,0.4305419623851776,-7.906556129455566e-05,0.6602122783660889,0.05222132056951523,0.19530647993087769
test,C2,23,2026_08_18_00_59_48_029579_L3_left_C2,left,pick up the left block,pick up the blue block,L3,blue,left,right,8,pregrasp,128,144,16,0.9056603773584906,0.8,6,8,0.3,0.7,8,0.36827296018600464,0.3631351888179779,0.36827296018600464,0.3631351888179779,-0.005137771368026733,0.6602122783660889,0.05222132056951523,0.19530647993087769
test,C2,23,2026_08_18_00_59_48_029579_L3_left_C2,left,pick up the left block,pick up the blue block,L3,blue,left,right,8,pregrasp,128,144,16,0.9056603773584906,0.8,7,8,0.3,0.7,8,0.30257853865623474,0.3018340766429901,0.30257853865623474,0.3018340766429901,-0.0007444620132446289,0.6602122783660889,0.05222132056951523,0.19530647993087769
test,C2,23,2026_08_18_00_59_48_029579_L3_left_C2,left,pick up the left block,pick up the blue block,L3,blue,left,right,8,pregrasp,128,144,16,0.9056603773584906,0.8,8,8,0.3,0.7,8,0.31785494089126587,0.31629735231399536,0.31785494089126587,0.31629735231399536,-0.0015575885772705078,0.6602122783660889,0.05222132056951523,0.19530647993087769
test,C2,23,2026_08_18_00_59_48_029579_L3_left_C2,left,pick up the left block,pick up the blue block,L3,blue,left,right,8,pregrasp,128,144,16,0.9056603773584906,0.8,9,8,0.3,0.7,8,0.3192088007926941,0.3222823739051819,0.3192088007926941,0.3222823739051819,0.003073573112487793,0.6602122783660889,0.05222132056951523,0.19530647993087769
test,C2,23,2026_08_18_00_59_48_029579_L3_left_C2,left,pick up the left block,pick up the blue block,L3,blue,left,right,9,pregrasp,144,159,15,1.0,0.8833333333333333,0,8,0.3,0.7,8,0.250709593296051,0.25212711095809937,0.250709593296051,0.25212711095809937,0.0014175176620483398,0.6667861938476562,0.04562839865684509,0.189041405916214
test,C2,23,2026_08_18_00_59_48_029579_L3_left_C2,left,pick up the left block,pick up the blue block,L3,blue,left,right,9,pregrasp,144,159,15,1.0,0.8833333333333333,1,8,0.3,0.7,8,0.24268382787704468,0.24415315687656403,0.24268382787704468,0.24415315687656403,0.0014693289995193481,0.6667861938476562,0.04562839865684509,0.189041405916214
test,C2,23,2026_08_18_00_59_48_029579_L3_left_C2,left,pick up the left block,pick up the blue block,L3,blue,left,right,9,pregrasp,144,159,15,1.0,0.8833333333333333,2,8,0.3,0.7,8,0.18224561214447021,0.18301071226596832,0.18224561214447021,0.18301071226596832,0.0007651001214981079,0.6667861938476562,0.04562839865684509,0.189041405916214
test,C2,23,2026_08_18_00_59_48_029579_L3_left_C2,left,pick up the left block,pick up the blue block,L3,blue,left,right,9,pregrasp,144,159,15,1.0,0.8833333333333333,3,8,0.3,0.7,8,0.30353671312332153,0.3046277165412903,0.30353671312332153,0.3046277165412903,0.00109100341796875,0.6667861938476562,0.04562839865684509,0.189041405916214
test,C2,23,2026_08_18_00_59_48_029579_L3_left_C2,left,pick up the left block,pick up the blue block,L3,blue,left,right,9,pregrasp,144,159,15,1.0,0.8833333333333333,4,8,0.3,0.7,8,0.2689729928970337,0.2716227173805237,0.2689729928970337,0.2716227173805237,0.0026497244834899902,0.6667861938476562,0.04562839865684509,0.189041405916214
test,C2,23,2026_08_18_00_59_48_029579_L3_left_C2,left,pick up the left block,pick up the blue block,L3,blue,left,right,9,pregrasp,144,159,15,1.0,0.8833333333333333,5,8,0.3,0.7,8,0.2627163827419281,0.26467591524124146,0.2627163827419281,0.26467591524124146,0.0019595324993133545,0.6667861938476562,0.04562839865684509,0.189041405916214
test,C2,23,2026_08_18_00_59_48_029579_L3_left_C2,left,pick up the left block,pick up the blue block,L3,blue,left,right,9,pregrasp,144,159,15,1.0,0.8833333333333333,6,8,0.3,0.7,8,0.21691863238811493,0.2184489369392395,0.21691863238811493,0.2184489369392395,0.0015303045511245728,0.6667861938476562,0.04562839865684509,0.189041405916214
test,C2,23,2026_08_18_00_59_48_029579_L3_left_C2,left,pick up the left block,pick up the blue block,L3,blue,left,right,9,pregrasp,144,159,15,1.0,0.8833333333333333,7,8,0.3,0.7,8,0.2619952857494354,0.2633487284183502,0.2619952857494354,0.2633487284183502,0.001353442668914795,0.6667861938476562,0.04562839865684509,0.189041405916214
test,C2,23,2026_08_18_00_59_48_029579_L3_left_C2,left,pick up the left block,pick up the blue block,L3,blue,left,right,9,pregrasp,144,159,15,1.0,0.8833333333333333,8,8,0.3,0.7,8,0.24352964758872986,0.24536146223545074,0.24352964758872986,0.24536146223545074,0.0018318146467208862,0.6667861938476562,0.04562839865684509,0.189041405916214
test,C2,23,2026_08_18_00_59_48_029579_L3_left_C2,left,pick up the left block,pick up the blue block,L3,blue,left,right,9,pregrasp,144,159,15,1.0,0.8833333333333333,9,8,0.3,0.7,8,0.2595214545726776,0.2601107656955719,0.2595214545726776,0.2601107656955719,0.0005893111228942871,0.6667861938476562,0.04562839865684509,0.189041405916214
test,C2,23,2026_08_18_00_59_48_029579_L3_left_C2,left,pick up the left block,pick up the blue block,L3,blue,left,right,10,postgrasp,159,175,16,1.0,0.9722222222222222,0,8,0.3,0.7,8,0.3473879396915436,0.34735843539237976,0.3473879396915436,0.34735843539237976,-2.950429916381836e-05,0.6673484444618225,0.04538147523999214,0.18953660130500793
test,C2,23,2026_08_18_00_59_48_029579_L3_left_C2,left,pick up the left block,pick up the blue block,L3,blue,left,right,10,postgrasp,159,175,16,1.0,0.9722222222222222,1,8,0.3,0.7,8,0.3102744221687317,0.30813688039779663,0.3102744221687317,0.30813688039779663,-0.0021375417709350586,0.6673484444618225,0.04538147523999214,0.18953660130500793
test,C2,23,2026_08_18_00_59_48_029579_L3_left_C2,left,pick up the left block,pick up the blue block,L3,blue,left,right,10,postgrasp,159,175,16,1.0,0.9722222222222222,2,8,0.3,0.7,8,0.3010638952255249,0.29920363426208496,0.3010638952255249,0.29920363426208496,-0.0018602609634399414,0.6673484444618225,0.04538147523999214,0.18953660130500793
test,C2,23,2026_08_18_00_59_48_029579_L3_left_C2,left,pick up the left block,pick up the blue block,L3,blue,left,right,10,postgrasp,159,175,16,1.0,0.9722222222222222,3,8,0.3,0.7,8,0.336222767829895,0.3326670825481415,0.336222767829895,0.3326670825481415,-0.00355568528175354,0.6673484444618225,0.04538147523999214,0.18953660130500793
test,C2,23,2026_08_18_00_59_48_029579_L3_left_C2,left,pick up the left block,pick up the blue block,L3,blue,left,right,10,postgrasp,159,175,16,1.0,0.9722222222222222,4,8,0.3,0.7,8,0.3595353960990906,0.3575684428215027,0.3595353960990906,0.3575684428215027,-0.0019669532775878906,0.6673484444618225,0.04538147523999214,0.18953660130500793
test,C2,23,2026_08_18_00_59_48_029579_L3_left_C2,left,pick up the left block,pick up the blue block,L3,blue,left,right,10,postgrasp,159,175,16,1.0,0.9722222222222222,5,8,0.3,0.7,8,0.315779447555542,0.3154948949813843,0.315779447555542,0.3154948949813843,-0.00028455257415771484,0.6673484444618225,0.04538147523999214,0.18953660130500793
test,C2,23,2026_08_18_00_59_48_029579_L3_left_C2,left,pick up the left block,pick up the blue block,L3,blue,left,right,10,postgrasp,159,175,16,1.0,0.9722222222222222,6,8,0.3,0.7,8,0.31931188702583313,0.3179798424243927,0.31931188702583313,0.3179798424243927,-0.0013320446014404297,0.6673484444618225,0.04538147523999214,0.18953660130500793
test,C2,23,2026_08_18_00_59_48_029579_L3_left_C2,left,pick up the left block,pick up the blue block,L3,blue,left,right,10,postgrasp,159,175,16,1.0,0.9722222222222222,7,8,0.3,0.7,8,0.29085859656333923,0.2895877957344055,0.29085859656333923,0.2895877957344055,-0.0012708008289337158,0.6673484444618225,0.04538147523999214,0.18953660130500793
test,C2,23,2026_08_18_00_59_48_029579_L3_left_C2,left,pick up the left block,pick up the blue block,L3,blue,left,right,10,postgrasp,159,175,16,1.0,0.9722222222222222,8,8,0.3,0.7,8,0.3457172214984894,0.34272515773773193,0.3457172214984894,0.34272515773773193,-0.0029920637607574463,0.6673484444618225,0.04538147523999214,0.18953660130500793
test,C2,23,2026_08_18_00_59_48_029579_L3_left_C2,left,pick up the left block,pick up the blue block,L3,blue,left,right,10,postgrasp,159,175,16,1.0,0.9722222222222222,9,8,0.3,0.7,8,0.33488380908966064,0.3324643075466156,0.33488380908966064,0.3324643075466156,-0.002419501543045044,0.6673484444618225,0.04538147523999214,0.18953660130500793
test,C2,23,2026_08_18_00_59_48_029579_L3_left_C2,left,pick up the left block,pick up the blue block,L3,blue,left,right,11,postgrasp,175,180,5,1.0,1.0,0,8,0.3,0.7,8,0.44625070691108704,0.44734030961990356,0.44625070691108704,0.44734030961990356,0.0010896027088165283,0.6673519611358643,0.04537909850478172,0.18953336775302887
test,C2,23,2026_08_18_00_59_48_029579_L3_left_C2,left,pick up the left block,pick up the blue block,L3,blue,left,right,11,postgrasp,175,180,5,1.0,1.0,1,8,0.3,0.7,8,0.4273258447647095,0.43342095613479614,0.4273258447647095,0.43342095613479614,0.00609511137008667,0.6673519611358643,0.04537909850478172,0.18953336775302887
test,C2,23,2026_08_18_00_59_48_029579_L3_left_C2,left,pick up the left block,pick up the blue block,L3,blue,left,right,11,postgrasp,175,180,5,1.0,1.0,2,8,0.3,0.7,8,0.43801063299179077,0.4436902105808258,0.43801063299179077,0.4436902105808258,0.005679577589035034,0.6673519611358643,0.04537909850478172,0.18953336775302887
test,C2,23,2026_08_18_00_59_48_029579_L3_left_C2,left,pick up the left block,pick up the blue block,L3,blue,left,right,11,postgrasp,175,180,5,1.0,1.0,3,8,0.3,0.7,8,0.3568245470523834,0.3593064844608307,0.3568245470523834,0.3593064844608307,0.0024819374084472656,0.6673519611358643,0.04537909850478172,0.18953336775302887
test,C2,23,2026_08_18_00_59_48_029579_L3_left_C2,left,pick up the left block,pick up the blue block,L3,blue,left,right,11,postgrasp,175,180,5,1.0,1.0,4,8,0.3,0.7,8,0.4604283273220062,0.4673178195953369,0.4604283273220062,0.4673178195953369,0.0068894922733306885,0.6673519611358643,0.04537909850478172,0.18953336775302887
test,C2,23,2026_08_18_00_59_48_029579_L3_left_C2,left,pick up the left block,pick up the blue block,L3,blue,left,right,11,postgrasp,175,180,5,1.0,1.0,5,8,0.3,0.7,8,0.43430107831954956,0.4380350112915039,0.43430107831954956,0.4380350112915039,0.0037339329719543457,0.6673519611358643,0.04537909850478172,0.18953336775302887
test,C2,23,2026_08_18_00_59_48_029579_L3_left_C2,left,pick up the left block,pick up the blue block,L3,blue,left,right,11,postgrasp,175,180,5,1.0,1.0,6,8,0.3,0.7,8,0.40508410334587097,0.4088308811187744,0.40508410334587097,0.4088308811187744,0.0037467777729034424,0.6673519611358643,0.04537909850478172,0.18953336775302887
test,C2,23,2026_08_18_00_59_48_029579_L3_left_C2,left,pick up the left block,pick up the blue block,L3,blue,left,right,11,postgrasp,175,180,5,1.0,1.0,7,8,0.3,0.7,8,0.44438987970352173,0.4502556025981903,0.44438987970352173,0.4502556025981903,0.005865722894668579,0.6673519611358643,0.04537909850478172,0.18953336775302887
test,C2,23,2026_08_18_00_59_48_029579_L3_left_C2,left,pick up the left block,pick up the blue block,L3,blue,left,right,11,postgrasp,175,180,5,1.0,1.0,8,8,0.3,0.7,8,0.4773019552230835,0.4827124774456024,0.4773019552230835,0.4827124774456024,0.005410522222518921,0.6673519611358643,0.04537909850478172,0.18953336775302887
test,C2,23,2026_08_18_00_59_48_029579_L3_left_C2,left,pick up the left block,pick up the blue block,L3,blue,left,right,11,postgrasp,175,180,5,1.0,1.0,9,8,0.3,0.7,8,0.5018336772918701,0.5060763955116272,0.5018336772918701,0.5060763955116272,0.00424271821975708,0.6673519611358643,0.04537909850478172,0.18953336775302887
