episode_id,layout_id,condition,target_color,target_side,blue_block_side,chunk_index,progress_pregrasp,seed,mode,first_prompt,second_prompt,energy_first,energy_second
2026_08_18_00_40_18_199635_L1_left_C0,L1,C0,blue,left,left,0,0.13793103448275862,0,left_left,pick up the left block,pick up the left block,0.32532915472984314,0.32532915472984314
2026_08_18_00_40_18_199635_L1_left_C0,L1,C0,blue,left,left,0,0.13793103448275862,0,right_right,pick up the right block,pick up the right block,0.32460343837738037,0.32460343837738037
2026_08_18_00_40_18_199635_L1_left_C0,L1,C0,blue,left,left,0,0.13793103448275862,0,left_right,pick up the left block,pick up the right block,0.32532915472984314,0.32460343837738037
2026_08_18_00_40_18_199635_L1_left_C0,L1,C0,blue,left,left,0,0.13793103448275862,0,right_left,pick up the right block,pick up the left block,0.32460343837738037,0.32532915472984314
2026_08_18_00_40_18_199635_L1_left_C0,L1,C0,blue,left,left,0,0.13793103448275862,1,left_left,pick up the left block,pick up the left block,0.2509883940219879,0.2509883940219879
2026_08_18_00_40_18_199635_L1_left_C0,L1,C0,blue,left,left,0,0.13793103448275862,1,right_right,pick up the right block,pick up the right block,0.23373551666736603,0.23373551666736603
2026_08_18_00_40_18_199635_L1_left_C0,L1,C0,blue,left,left,0,0.13793103448275862,1,left_right,pick up the left block,pick up the right block,0.2509883940219879,0.23373551666736603
2026_08_18_00_40_18_199635_L1_left_C0,L1,C0,blue,left,left,0,0.13793103448275862,1,right_left,pick up the right block,pick up the left block,0.23373551666736603,0.2509883940219879
2026_08_18_00_40_18_199635_L1_left_C0,L1,C0,blue,left,left,0,0.13793103448275862,2,left_left,pick up the left block,pick up the left block,0.3013498783111572,0.3013498783111572
2026_08_18_00_40_18_199635_L1_left_C0,L1,C0,blue,left,left,0,0.13793103448275862,2,right_right,pick up the right block,pick up the right block,0.3437979221343994,0.3437979221343994
2026_08_18_00_40_18_199635_L1_left_C0,L1,C0,blue,left,left,0,0.13793103448275862,2,left_right,pick up the left block,pick up the right block,0.3013498783111572,0.3437979221343994
2026_08_18_00_40_18_199635_L1_left_C0,L1,C0,blue,left,left,0,0.13793103448275862,2,right_left,pick up the right block,pick up the left block,0.3437979221343994,0.3013498783111572
2026_08_18_00_40_18_199635_L1_left_C0,L1,C0,blue,left,left,2,0.41379310344827586,0,left_left,pick up the left block,pick up the left block,0.24305251240730286,0.24305251240730286
2026_08_18_00_40_18_199635_L1_left_C0,L1,C0,blue,left,left,2,0.41379310344827586,0,right_right,pick up the right block,pick up the right block,0.34800848364830017,0.34800848364830017
2026_08_18_00_40_18_199635_L1_left_C0,L1,C0,blue,left,left,2,0.41379310344827586,0,left_right,pick up the left block,pick up the right block,0.24305251240730286,0.34800848364830017
2026_08_18_00_40_18_199635_L1_left_C0,L1,C0,blue,left,left,2,0.41379310344827586,0,right_left,pick up the right block,pick up the left block,0.34800848364830017,0.24305251240730286
2026_08_18_00_40_18_199635_L1_left_C0,L1,C0,blue,left,left,2,0.41379310344827586,1,left_left,pick up the left block,pick up the left block,0.2177344262599945,0.2177344262599945
2026_08_18_00_40_18_199635_L1_left_C0,L1,C0,blue,left,left,2,0.41379310344827586,1,right_right,pick up the right block,pick up the right block,0.30080446600914,0.30080446600914
2026_08_18_00_40_18_199635_L1_left_C0,L1,C0,blue,left,left,2,0.41379310344827586,1,left_right,pick up the left block,pick up the right block,0.2177344262599945,0.30080446600914
2026_08_18_00_40_18_199635_L1_left_C0,L1,C0,blue,left,left,2,0.41379310344827586,1,right_left,pick up the right block,pick up the left block,0.30080446600914,0.2177344262599945
2026_08_18_00_40_18_199635_L1_left_C0,L1,C0,blue,left,left,2,0.41379310344827586,2,left_left,pick up the left block,pick up the left block,0.23647662997245789,0.23647662997245789
2026_08_18_00_40_18_199635_L1_left_C0,L1,C0,blue,left,left,2,0.41379310344827586,2,right_right,pick up the right block,pick up the right block,0.3288727402687073,0.3288727402687073
2026_08_18_00_40_18_199635_L1_left_C0,L1,C0,blue,left,left,2,0.41379310344827586,2,left_right,pick up the left block,pick up the right block,0.23647662997245789,0.3288727402687073
2026_08_18_00_40_18_199635_L1_left_C0,L1,C0,blue,left,left,2,0.41379310344827586,2,right_left,pick up the right block,pick up the left block,0.3288727402687073,0.23647662997245789
2026_08_18_00_40_18_199635_L1_left_C0,L1,C0,blue,left,left,7,1.0,0,left_left,pick up the left block,pick up the left block,0.2572331428527832,0.2572331428527832
2026_08_18_00_40_18_199635_L1_left_C0,L1,C0,blue,left,left,7,1.0,0,right_right,pick up the right block,pick up the right block,0.258440226316452,0.258440226316452
2026_08_18_00_40_18_199635_L1_left_C0,L1,C0,blue,left,left,7,1.0,0,left_right,pick up the left block,pick up the right block,0.2572331428527832,0.258440226316452
2026_08_18_00_40_18_199635_L1_left_C0,L1,C0,blue,left,left,7,1.0,0,right_left,pick up the right block,pick up the left block,0.258440226316452,0.2572331428527832
2026_08_18_00_40_18_199635_L1_left_C0,L1,C0,blue,left,left,7,1.0,1,left_left,pick up the left block,pick up the left block,0.1574874222278595,0.1574874222278595
2026_08_18_00_40_18_199635_L1_left_C0,L1,C0,blue,left,left,7,1.0,1,right_right,pick up the right block,pick up the right block,0.16294366121292114,0.16294366121292114
2026_08_18_00_40_18_199635_L1_left_C0,L1,C0,blue,left,left,7,1.0,1,left_right,pick up the left block,pick up the right block,0.1574874222278595,0.16294366121292114
2026_08_18_00_40_18_199635_L1_left_C0,L1,C0,blue,left,left,7,1.0,1,right_left,pick up the right block,pick up the left block,0.16294366121292114,0.1574874222278595
2026_08_18_00_40_18_199635_L1_left_C0,L1,C0,blue,left,left,7,1.0,2,left_left,pick up the left block,pick up the left block,0.23143288493156433,0.23143288493156433
2026_08_18_00_40_18_199635_L1_left_C0,L1,C0,blue,left,left,7,1.0,2,right_right,pick up the right block,pick up the right block,0.2387407124042511,0.2387407124042511
2026_08_18_00_40_18_199635_L1_left_C0,L1,C0,blue,left,left,7,1.0,2,left_right,pick up the left block,pick up the right block,0.23143288493156433,0.2387407124042511
2026_08_18_00_40_18_199635_L1_left_C0,L1,C0,blue,left,left,7,1.0,2,right_left,pick up the right block,pick up the left block,0.2387407124042511,0.23143288493156433
2026_08_18_00_40_47_448240_L1_left_C1,L1,C1,blue,left,left,0,0.125,0,left_left,pick up the left block,pick up the left block,0.34099483489990234,0.34099483489990234
2026_08_18_00_40_47_448240_L1_left_C1,L1,C1,blue,left,left,0,0.125,0,right_right,pick up the right block,pick up the right block,0.3557654321193695,0.3557654321193695
2026_08_18_00_40_47_448240_L1_left_C1,L1,C1,blue,left,left,0,0.125,0,left_right,pick up the left block,pick up the right block,0.34099483489990234,0.3557654321193695
2026_08_18_00_40_47_448240_L1_left_C1,L1,C1,blue,left,left,0,0.125,0,right_left,pick up the right block,pick up the left block,0.3557654321193695,0.34099483489990234
2026_08_18_00_40_47_448240_L1_left_C1,L1,C1,blue,left,left,0,0.125,1,left_left,pick up the left block,pick up the left block,0.33182859420776367,0.33182859420776367
2026_08_18_00_40_47_448240_L1_left_C1,L1,C1,blue,left,left,0,0.125,1,right_right,pick up the right block,pick up the right block,0.3972052335739136,0.3972052335739136
2026_08_18_00_40_47_448240_L1_left_C1,L1,C1,blue,left,left,0,0.125,1,left_right,pick up the left block,pick up the right block,0.33182859420776367,0.3972052335739136
2026_08_18_00_40_47_448240_L1_left_C1,L1,C1,blue,left,left,0,0.125,1,right_left,pick up the right block,pick up the left block,0.3972052335739136,0.33182859420776367
2026_08_18_00_40_47_448240_L1_left_C1,L1,C1,blue,left,left,0,0.125,2,left_left,pick up the left block,pick up the left block,0.3091922700405121,0.3091922700405121
2026_08_18_00_40_47_448240_L1_left_C1,L1,C1,blue,left,left,0,0.125,2,right_right,pick up the right block,pick up the right block,0.3625354766845703,0.3625354766845703
2026_08_18_00_40_47_448240_L1_left_C1,L1,C1,blue,left,left,0,0.125,2,left_right,pick up the left block,pick up the right block,0.3091922700405121,0.3625354766845703
2026_08_18_00_40_47_448240_L1_left_C1,L1,C1,blue,left,left,0,0.125,2,right_left,pick up the right block,pick up the left block,0.3625354766845703,0.3091922700405121
2026_08_18_00_40_47_448240_L1_left_C1,L1,C1,blue,left,left,2,0.375,0,left_left,pick up the left block,pick up the left block,0.31015294790267944,0.31015294790267944
2026_08_18_00_40_47_448240_L1_left_C1,L1,C1,blue,left,left,2,0.375,0,right_right,pick up the right block,pick up the right block,0.3591148853302002,0.3591148853302002
2026_08_18_00_40_47_448240_L1_left_C1,L1,C1,blue,left,left,2,0.375,0,left_right,pick up the left block,pick up the right block,0.31015294790267944,0.3591148853302002
2026_08_18_00_40_47_448240_L1_left_C1,L1,C1,blue,left,left,2,0.375,0,right_left,pick up the right block,pick up the left block,0.3591148853302002,0.31015294790267944
2026_08_18_00_40_47_448240_L1_left_C1,L1,C1,blue,left,left,2,0.375,1,left_left,pick up the left block,pick up the left block,0.2801610827445984,0.2801610827445984
2026_08_18_00_40_47_448240_L1_left_C1,L1,C1,blue,left,left,2,0.375,1,right_right,pick up the right block,pick up the right block,0.32169386744499207,0.32169386744499207
2026_08_18_00_40_47_448240_L1_left_C1,L1,C1,blue,left,left,2,0.375,1,left_right,pick up the left block,pick up the right block,0.2801610827445984,0.32169386744499207
2026_08_18_00_40_47_448240_L1_left_C1,L1,C1,blue,left,left,2,0.375,1,right_left,pick up the right block,pick up the left block,0.32169386744499207,0.2801610827445984
2026_08_18_00_40_47_448240_L1_left_C1,L1,C1,blue,left,left,2,0.375,2,left_left,pick up the left block,pick up the left block,0.2963217496871948,0.2963217496871948
2026_08_18_00_40_47_448240_L1_left_C1,L1,C1,blue,left,left,2,0.375,2,right_right,pick up the right block,pick up the right block,0.3307616710662842,0.3307616710662842
2026_08_18_00_40_47_448240_L1_left_C1,L1,C1,blue,left,left,2,0.375,2,left_right,pick up the left block,pick up the right block,0.2963217496871948,0.3307616710662842
2026_08_18_00_40_47_448240_L1_left_C1,L1,C1,blue,left,left,2,0.375,2,right_left,pick up the right block,pick up the left block,0.3307616710662842,0.2963217496871948
2026_08_18_00_40_47_448240_L1_left_C1,L1,C1,blue,left,left,7,1.0,0,left_left,pick up the left block,pick up the left block,0.2675306499004364,0.2675306499004364
2026_08_18_00_40_47_448240_L1_left_C1,L1,C1,blue,left,left,7,1.0,0,right_right,pick up the right block,pick up the right block,0.2691560983657837,0.2691560983657837
2026_08_18_00_40_47_448240_L1_left_C1,L1,C1,blue,left,left,7,1.0,0,left_right,pick up the left block,pick up the right block,0.2675306499004364,0.2691560983657837
2026_08_18_00_40_47_448240_L1_left_C1,L1,C1,blue,left,left,7,1.0,0,right_left,pick up the right block,pick up the left block,0.2691560983657837,0.2675306499004364
2026_08_18_00_40_47_448240_L1_left_C1,L1,C1,blue,left,left,7,1.0,1,left_left,pick up the left block,pick up the left block,0.23957860469818115,0.23957860469818115
2026_08_18_00_40_47_448240_L1_left_C1,L1,C1,blue,left,left,7,1.0,1,right_right,pick up the right block,pick up the right block,0.24269942939281464,0.24269942939281464
2026_08_18_00_40_47_448240_L1_left_C1,L1,C1,blue,left,left,7,1.0,1,left_right,pick up the left block,pick up the right block,0.23957860469818115,0.24269942939281464
2026_08_18_00_40_47_448240_L1_left_C1,L1,C1,blue,left,left,7,1.0,1,right_left,pick up the right block,pick up the left block,0.24269942939281464,0.23957860469818115
2026_08_18_00_40_47_448240_L1_left_C1,L1,C1,blue,left,left,7,1.0,2,left_left,pick up the left block,pick up the left block,0.20846310257911682,0.20846310257911682
2026_08_18_00_40_47_448240_L1_left_C1,L1,C1,blue,left,left,7,1.0,2,right_right,pick up the right block,pick up the right block,0.20886865258216858,0.20886865258216858
2026_08_18_00_40_47_448240_L1_left_C1,L1,C1,blue,left,left,7,1.0,2,left_right,pick up the left block,pick up the right block,0.20846310257911682,0.20886865258216858
2026_08_18_00_40_47_448240_L1_left_C1,L1,C1,blue,left,left,7,1.0,2,right_left,pick up the right block,pick up the left block,0.20886865258216858,0.20846310257911682
2026_08_18_00_41_27_880068_L1_left_C2,L1,C2,blue,left,left,0,0.10256410256410256,0,left_left,pick up the left block,pick up the left block,0.2489093542098999,0.2489093542098999
2026_08_18_00_41_27_880068_L1_left_C2,L1,C2,blue,left,left,0,0.10256410256410256,0,right_right,pick up the right block,pick up the right block,0.28755488991737366,0.28755488991737366
2026_08_18_00_41_27_880068_L1_left_C2,L1,C2,blue,left,left,0,0.10256410256410256,0,left_right,pick up the left block,pick up the right block,0.2489093542098999,0.28755488991737366
2026_08_18_00_41_27_880068_L1_left_C2,L1,C2,blue,left,left,0,0.10256410256410256,0,right_left,pick up the right block,pick up the left block,0.28755488991737366,0.2489093542098999
2026_08_18_00_41_27_880068_L1_left_C2,L1,C2,blue,left,left,0,0.10256410256410256,1,left_left,pick up the left block,pick up the left block,0.18357141315937042,0.18357141315937042
2026_08_18_00_41_27_880068_L1_left_C2,L1,C2,blue,left,left,0,0.10256410256410256,1,right_right,pick up the right block,pick up the right block,0.2169668972492218,0.2169668972492218
2026_08_18_00_41_27_880068_L1_left_C2,L1,C2,blue,left,left,0,0.10256410256410256,1,left_right,pick up the left block,pick up the right block,0.18357141315937042,0.2169668972492218
2026_08_18_00_41_27_880068_L1_left_C2,L1,C2,blue,left,left,0,0.10256410256410256,1,right_left,pick up the right block,pick up the left block,0.2169668972492218,0.18357141315937042
2026_08_18_00_41_27_880068_L1_left_C2,L1,C2,blue,left,left,0,0.10256410256410256,2,left_left,pick up the left block,pick up the left block,0.15673792362213135,0.15673792362213135
2026_08_18_00_41_27_880068_L1_left_C2,L1,C2,blue,left,left,0,0.10256410256410256,2,right_right,pick up the right block,pick up the right block,0.19346921145915985,0.19346921145915985
2026_08_18_00_41_27_880068_L1_left_C2,L1,C2,blue,left,left,0,0.10256410256410256,2,left_right,pick up the left block,pick up the right block,0.15673792362213135,0.19346921145915985
2026_08_18_00_41_27_880068_L1_left_C2,L1,C2,blue,left,left,0,0.10256410256410256,2,right_left,pick up the right block,pick up the left block,0.19346921145915985,0.15673792362213135
2026_08_18_00_41_27_880068_L1_left_C2,L1,C2,blue,left,left,3,0.41025641025641024,0,left_left,pick up the left block,pick up the left block,0.27867913246154785,0.27867913246154785
2026_08_18_00_41_27_880068_L1_left_C2,L1,C2,blue,left,left,3,0.41025641025641024,0,right_right,pick up the right block,pick up the right block,0.26243939995765686,0.26243939995765686
2026_08_18_00_41_27_880068_L1_left_C2,L1,C2,blue,left,left,3,0.41025641025641024,0,left_right,pick up the left block,pick up the right block,0.27867913246154785,0.26243939995765686
2026_08_18_00_41_27_880068_L1_left_C2,L1,C2,blue,left,left,3,0.41025641025641024,0,right_left,pick up the right block,pick up the left block,0.26243939995765686,0.27867913246154785
2026_08_18_00_41_27_880068_L1_left_C2,L1,C2,blue,left,left,3,0.41025641025641024,1,left_left,pick up the left block,pick up the left block,0.21889641880989075,0.21889641880989075
2026_08_18_00_41_27_880068_L1_left_C2,L1,C2,blue,left,left,3,0.41025641025641024,1,right_right,pick up the right block,pick up the right block,0.2117106318473816,0.2117106318473816
2026_08_18_00_41_27_880068_L1_left_C2,L1,C2,blue,left,left,3,0.41025641025641024,1,left_right,pick up the left block,pick up the right block,0.21889641880989075,0.2117106318473816
2026_08_18_00_41_27_880068_L1_left_C2,L1,C2,blue,left,left,3,0.41025641025641024,1,right_left,pick up the right block,pick up the left block,0.2117106318473816,0.21889641880989075
2026_08_18_00_41_27_880068_L1_left_C2,L1,C2,blue,left,left,3,0.41025641025641024,2,left_left,pick up the left block,pick up the left block,0.43526533246040344,0.43526533246040344
2026_08_18_00_41_27_880068_L1_left_C2,L1,C2,blue,left,left,3,0.41025641025641024,2,right_right,pick up the right block,pick up the right block,0.4296310544013977,0.4296310544013977
2026_08_18_00_41_27_880068_L1_left_C2,L1,C2,blue,left,left,3,0.41025641025641024,2,left_right,pick up the left block,pick up the right block,0.43526533246040344,0.4296310544013977
2026_08_18_00_41_27_880068_L1_left_C2,L1,C2,blue,left,left,3,0.41025641025641024,2,right_left,pick up the right block,pick up the left block,0.4296310544013977,0.43526533246040344
2026_08_18_00_41_27_880068_L1_left_C2,L1,C2,blue,left,left,9,1.0,0,left_left,pick up the left block,pick up the left block,0.18311373889446259,0.18311373889446259
2026_08_18_00_41_27_880068_L1_left_C2,L1,C2,blue,left,left,9,1.0,0,right_right,pick up the right block,pick up the right block,0.18008461594581604,0.18008461594581604
2026_08_18_00_41_27_880068_L1_left_C2,L1,C2,blue,left,left,9,1.0,0,left_right,pick up the left block,pick up the right block,0.18311373889446259,0.18008461594581604
2026_08_18_00_41_27_880068_L1_left_C2,L1,C2,blue,left,left,9,1.0,0,right_left,pick up the right block,pick up the left block,0.18008461594581604,0.18311373889446259
2026_08_18_00_41_27_880068_L1_left_C2,L1,C2,blue,left,left,9,1.0,1,left_left,pick up the left block,pick up the left block,0.2218417376279831,0.2218417376279831
2026_08_18_00_41_27_880068_L1_left_C2,L1,C2,blue,left,left,9,1.0,1,right_right,pick up the right block,pick up the right block,0.2186202108860016,0.2186202108860016
2026_08_18_00_41_27_880068_L1_left_C2,L1,C2,blue,left,left,9,1.0,1,left_right,pick up the left block,pick up the right block,0.2218417376279831,0.2186202108860016
2026_08_18_00_41_27_880068_L1_left_C2,L1,C2,blue,left,left,9,1.0,1,right_left,pick up the right block,pick up the left block,0.2186202108860016,0.2218417376279831
2026_08_18_00_41_27_880068_L1_left_C2,L1,C2,blue,left,left,9,1.0,2,left_left,pick up the left block,pick up the left block,0.268368124961853,0.268368124961853
2026_08_18_00_41_27_880068_L1_left_C2,L1,C2,blue,left,left,9,1.0,2,right_right,pick up the right block,pick up the right block,0.2676868140697479,0.2676868140697479
2026_08_18_00_41_27_880068_L1_left_C2,L1,C2,blue,left,left,9,1.0,2,left_right,pick up the left block,pick up the right block,0.268368124961853,0.2676868140697479
2026_08_18_00_41_27_880068_L1_left_C2,L1,C2,blue,left,left,9,1.0,2,right_left,pick up the right block,pick up the left block,0.2676868140697479,0.268368124961853
2026_08_18_00_45_28_073578_L1_right_C0,L1,C0,red,right,left,0,0.13793103448275862,0,left_left,pick up the left block,pick up the left block,0.2036975473165512,0.2036975473165512
2026_08_18_00_45_28_073578_L1_right_C0,L1,C0,red,right,left,0,0.13793103448275862,0,right_right,pick up the right block,pick up the right block,0.23911447823047638,0.23911447823047638
2026_08_18_00_45_28_073578_L1_right_C0,L1,C0,red,right,left,0,0.13793103448275862,0,left_right,pick up the left block,pick up the right block,0.2036975473165512,0.23911447823047638
2026_08_18_00_45_28_073578_L1_right_C0,L1,C0,red,right,left,0,0.13793103448275862,0,right_left,pick up the right block,pick up the left block,0.23911447823047638,0.2036975473165512
2026_08_18_00_45_28_073578_L1_right_C0,L1,C0,red,right,left,0,0.13793103448275862,1,left_left,pick up the left block,pick up the left block,0.17176829278469086,0.17176829278469086
2026_08_18_00_45_28_073578_L1_right_C0,L1,C0,red,right,left,0,0.13793103448275862,1,right_right,pick up the right block,pick up the right block,0.1872081607580185,0.1872081607580185
2026_08_18_00_45_28_073578_L1_right_C0,L1,C0,red,right,left,0,0.13793103448275862,1,left_right,pick up the left block,pick up the right block,0.17176829278469086,0.1872081607580185
2026_08_18_00_45_28_073578_L1_right_C0,L1,C0,red,right,left,0,0.13793103448275862,1,right_left,pick up the right block,pick up the left block,0.1872081607580185,0.17176829278469086
2026_08_18_00_45_28_073578_L1_right_C0,L1,C0,red,right,left,0,0.13793103448275862,2,left_left,pick up the left block,pick up the left block,0.14311721920967102,0.14311721920967102
2026_08_18_00_45_28_073578_L1_right_C0,L1,C0,red,right,left,0,0.13793103448275862,2,right_right,pick up the right block,pick up the right block,0.16055020689964294,0.16055020689964294
2026_08_18_00_45_28_073578_L1_right_C0,L1,C0,red,right,left,0,0.13793103448275862,2,left_right,pick up the left block,pick up the right block,0.14311721920967102,0.16055020689964294
2026_08_18_00_45_28_073578_L1_right_C0,L1,C0,red,right,left,0,0.13793103448275862,2,right_left,pick up the right block,pick up the left block,0.16055020689964294,0.14311721920967102
2026_08_18_00_45_28_073578_L1_right_C0,L1,C0,red,right,left,2,0.41379310344827586,0,left_left,pick up the left block,pick up the left block,0.19437342882156372,0.19437342882156372
2026_08_18_00_45_28_073578_L1_right_C0,L1,C0,red,right,left,2,0.41379310344827586,0,right_right,pick up the right block,pick up the right block,0.22582599520683289,0.22582599520683289
2026_08_18_00_45_28_073578_L1_right_C0,L1,C0,red,right,left,2,0.41379310344827586,0,left_right,pick up the left block,pick up the right block,0.19437342882156372,0.22582599520683289
2026_08_18_00_45_28_073578_L1_right_C0,L1,C0,red,right,left,2,0.41379310344827586,0,right_left,pick up the right block,pick up the left block,0.22582599520683289,0.19437342882156372
2026_08_18_00_45_28_073578_L1_right_C0,L1,C0,red,right,left,2,0.41379310344827586,1,left_left,pick up the left block,pick up the left block,0.22709862887859344,0.22709862887859344
2026_08_18_00_45_28_073578_L1_right_C0,L1,C0,red,right,left,2,0.41379310344827586,1,right_right,pick up the right block,pick up the right block,0.24675114452838898,0.24675114452838898
2026_08_18_00_45_28_073578_L1_right_C0,L1,C0,red,right,left,2,0.41379310344827586,1,left_right,pick up the left block,pick up the right block,0.22709862887859344,0.24675114452838898
2026_08_18_00_45_28_073578_L1_right_C0,L1,C0,red,right,left,2,0.41379310344827586,1,right_left,pick up the right block,pick up the left block,0.24675114452838898,0.22709862887859344
2026_08_18_00_45_28_073578_L1_right_C0,L1,C0,red,right,left,2,0.41379310344827586,2,left_left,pick up the left block,pick up the left block,0.21605850756168365,0.21605850756168365
2026_08_18_00_45_28_073578_L1_right_C0,L1,C0,red,right,left,2,0.41379310344827586,2,right_right,pick up the right block,pick up the right block,0.24635624885559082,0.24635624885559082
2026_08_18_00_45_28_073578_L1_right_C0,L1,C0,red,right,left,2,0.41379310344827586,2,left_right,pick up the left block,pick up the right block,0.21605850756168365,0.24635624885559082
2026_08_18_00_45_28_073578_L1_right_C0,L1,C0,red,right,left,2,0.41379310344827586,2,right_left,pick up the right block,pick up the left block,0.24635624885559082,0.21605850756168365
2026_08_18_00_45_28_073578_L1_right_C0,L1,C0,red,right,left,7,1.0,0,left_left,pick up the left block,pick up the left block,0.26671236753463745,0.26671236753463745
2026_08_18_00_45_28_073578_L1_right_C0,L1,C0,red,right,left,7,1.0,0,right_right,pick up the right block,pick up the right block,0.2835753560066223,0.2835753560066223
2026_08_18_00_45_28_073578_L1_right_C0,L1,C0,red,right,left,7,1.0,0,left_right,pick up the left block,pick up the right block,0.26671236753463745,0.2835753560066223
2026_08_18_00_45_28_073578_L1_right_C0,L1,C0,red,right,left,7,1.0,0,right_left,pick up the right block,pick up the left block,0.2835753560066223,0.26671236753463745
2026_08_18_00_45_28_073578_L1_right_C0,L1,C0,red,right,left,7,1.0,1,left_left,pick up the left block,pick up the left block,0.24257197976112366,0.24257197976112366
2026_08_18_00_45_28_073578_L1_right_C0,L1,C0,red,right,left,7,1.0,1,right_right,pick up the right block,pick up the right block,0.2522989809513092,0.2522989809513092
2026_08_18_00_45_28_073578_L1_right_C0,L1,C0,red,right,left,7,1.0,1,left_right,pick up the left block,pick up the right block,0.24257197976112366,0.2522989809513092
2026_08_18_00_45_28_073578_L1_right_C0,L1,C0,red,right,left,7,1.0,1,right_left,pick up the right block,pick up the left block,0.2522989809513092,0.24257197976112366
2026_08_18_00_45_28_073578_L1_right_C0,L1,C0,red,right,left,7,1.0,2,left_left,pick up the left block,pick up the left block,0.2082957774400711,0.2082957774400711
2026_08_18_00_45_28_073578_L1_right_C0,L1,C0,red,right,left,7,1.0,2,right_right,pick up the right block,pick up the right block,0.2216801792383194,0.2216801792383194
2026_08_18_00_45_28_073578_L1_right_C0,L1,C0,red,right,left,7,1.0,2,left_right,pick up the left block,pick up the right block,0.2082957774400711,0.2216801792383194
2026_08_18_00_45_28_073578_L1_right_C0,L1,C0,red,right,left,7,1.0,2,right_left,pick up the right block,pick up the left block,0.2216801792383194,0.2082957774400711
2026_08_18_00_45_56_961481_L1_right_C1,L1,C1,red,right,left,0,0.125,0,left_left,pick up the left block,pick up the left block,0.4190255105495453,0.4190255105495453
2026_08_18_00_45_56_961481_L1_right_C1,L1,C1,red,right,left,0,0.125,0,right_right,pick up the right block,pick up the right block,0.42965689301490784,0.42965689301490784
2026_08_18_00_45_56_961481_L1_right_C1,L1,C1,red,right,left,0,0.125,0,left_right,pick up the left block,pick up the right block,0.4190255105495453,0.42965689301490784
2026_08_18_00_45_56_961481_L1_right_C1,L1,C1,red,right,left,0,0.125,0,right_left,pick up the right block,pick up the left block,0.42965689301490784,0.4190255105495453
2026_08_18_00_45_56_961481_L1_right_C1,L1,C1,red,right,left,0,0.125,1,left_left,pick up the left block,pick up the left block,0.42041370272636414,0.42041370272636414
2026_08_18_00_45_56_961481_L1_right_C1,L1,C1,red,right,left,0,0.125,1,right_right,pick up the right block,pick up the right block,0.3822256326675415,0.3822256326675415
2026_08_18_00_45_56_961481_L1_right_C1,L1,C1,red,right,left,0,0.125,1,left_right,pick up the left block,pick up the right block,0.42041370272636414,0.3822256326675415
2026_08_18_00_45_56_961481_L1_right_C1,L1,C1,red,right,left,0,0.125,1,right_left,pick up the right block,pick up the left block,0.3822256326675415,0.42041370272636414
2026_08_18_00_45_56_961481_L1_right_C1,L1,C1,red,right,left,0,0.125,2,left_left,pick up the left block,pick up the left block,0.3078473210334778,0.3078473210334778
2026_08_18_00_45_56_961481_L1_right_C1,L1,C1,red,right,left,0,0.125,2,right_right,pick up the right block,pick up the right block,0.28089866042137146,0.28089866042137146
2026_08_18_00_45_56_961481_L1_right_C1,L1,C1,red,right,left,0,0.125,2,left_right,pick up the left block,pick up the right block,0.3078473210334778,0.28089866042137146
2026_08_18_00_45_56_961481_L1_right_C1,L1,C1,red,right,left,0,0.125,2,right_left,pick up the right block,pick up the left block,0.28089866042137146,0.3078473210334778
2026_08_18_00_45_56_961481_L1_right_C1,L1,C1,red,right,left,2,0.375,0,left_left,pick up the left block,pick up the left block,0.2110573649406433,0.2110573649406433
2026_08_18_00_45_56_961481_L1_right_C1,L1,C1,red,right,left,2,0.375,0,right_right,pick up the right block,pick up the right block,0.25183242559432983,0.25183242559432983
2026_08_18_00_45_56_961481_L1_right_C1,L1,C1,red,right,left,2,0.375,0,left_right,pick up the left block,pick up the right block,0.2110573649406433,0.25183242559432983
2026_08_18_00_45_56_961481_L1_right_C1,L1,C1,red,right,left,2,0.375,0,right_left,pick up the right block,pick up the left block,0.25183242559432983,0.2110573649406433
2026_08_18_00_45_56_961481_L1_right_C1,L1,C1,red,right,left,2,0.375,1,left_left,pick up the left block,pick up the left block,0.27357763051986694,0.27357763051986694
2026_08_18_00_45_56_961481_L1_right_C1,L1,C1,red,right,left,2,0.375,1,right_right,pick up the right block,pick up the right block,0.33727890253067017,0.33727890253067017
2026_08_18_00_45_56_961481_L1_right_C1,L1,C1,red,right,left,2,0.375,1,left_right,pick up the left block,pick up the right block,0.27357763051986694,0.33727890253067017
2026_08_18_00_45_56_961481_L1_right_C1,L1,C1,red,right,left,2,0.375,1,right_left,pick up the right block,pick up the left block,0.33727890253067017,0.27357763051986694
2026_08_18_00_45_56_961481_L1_right_C1,L1,C1,red,right,left,2,0.375,2,left_left,pick up the left block,pick up the left block,0.1819940209388733,0.1819940209388733
2026_08_18_00_45_56_961481_L1_right_C1,L1,C1,red,right,left,2,0.375,2,right_right,pick up the right block,pick up the right block,0.20369285345077515,0.20369285345077515
2026_08_18_00_45_56_961481_L1_right_C1,L1,C1,red,right,left,2,0.375,2,left_right,pick up the left block,pick up the right block,0.1819940209388733,0.20369285345077515
2026_08_18_00_45_56_961481_L1_right_C1,L1,C1,red,right,left,2,0.375,2,right_left,pick up the right block,pick up the left block,0.20369285345077515,0.1819940209388733
2026_08_18_00_45_56_961481_L1_right_C1,L1,C1,red,right,left,7,1.0,0,left_left,pick up the left block,pick up the left block,0.2191459685564041,0.2191459685564041
2026_08_18_00_45_56_961481_L1_right_C1,L1,C1,red,right,left,7,1.0,0,right_right,pick up the right block,pick up the right block,0.22117170691490173,0.22117170691490173
2026_08_18_00_45_56_961481_L1_right_C1,L1,C1,red,right,left,7,1.0,0,left_right,pick up the left block,pick up the right block,0.2191459685564041,0.22117170691490173
2026_08_18_00_45_56_961481_L1_right_C1,L1,C1,red,right,left,7,1.0,0,right_left,pick up the right block,pick up the left block,0.22117170691490173,0.2191459685564041
2026_08_18_00_45_56_961481_L1_right_C1,L1,C1,red,right,left,7,1.0,1,left_left,pick up the left block,pick up the left block,0.31313633918762207,0.31313633918762207
2026_08_18_00_45_56_961481_L1_right_C1,L1,C1,red,right,left,7,1.0,1,right_right,pick up the right block,pick up the right block,0.3146160840988159,0.3146160840988159
2026_08_18_00_45_56_961481_L1_right_C1,L1,C1,red,right,left,7,1.0,1,left_right,pick up the left block,pick up the right block,0.31313633918762207,0.3146160840988159
2026_08_18_00_45_56_961481_L1_right_C1,L1,C1,red,right,left,7,1.0,1,right_left,pick up the right block,pick up the left block,0.3146160840988159,0.31313633918762207
2026_08_18_00_45_56_961481_L1_right_C1,L1,C1,red,right,left,7,1.0,2,left_left,pick up the left block,pick up the left block,0.30705225467681885,0.30705225467681885
2026_08_18_00_45_56_961481_L1_right_C1,L1,C1,red,right,left,7,1.0,2,right_right,pick up the right block,pick up the right block,0.31012025475502014,0.31012025475502014
2026_08_18_00_45_56_961481_L1_right_C1,L1,C1,red,right,left,7,1.0,2,left_right,pick up the left block,pick up the right block,0.30705225467681885,0.31012025475502014
2026_08_18_00_45_56_961481_L1_right_C1,L1,C1,red,right,left,7,1.0,2,right_left,pick up the right block,pick up the left block,0.31012025475502014,0.30705225467681885
2026_08_18_00_46_25_193744_L1_right_C2,L1,C2,red,right,left,0,0.10256410256410256,0,left_left,pick up the left block,pick up the left block,0.3241281509399414,0.3241281509399414
2026_08_18_00_46_25_193744_L1_right_C2,L1,C2,red,right,left,0,0.10256410256410256,0,right_right,pick up the right block,pick up the right block,0.2835976481437683,0.2835976481437683
2026_08_18_00_46_25_193744_L1_right_C2,L1,C2,red,right,left,0,0.10256410256410256,0,left_right,pick up the left block,pick up the right block,0.3241281509399414,0.2835976481437683
2026_08_18_00_46_25_193744_L1_right_C2,L1,C2,red,right,left,0,0.10256410256410256,0,right_left,pick up the right block,pick up the left block,0.2835976481437683,0.3241281509399414
2026_08_18_00_46_25_193744_L1_right_C2,L1,C2,red,right,left,0,0.10256410256410256,1,left_left,pick up the left block,pick up the left block,0.39950400590896606,0.39950400590896606
2026_08_18_00_46_25_193744_L1_right_C2,L1,C2,red,right,left,0,0.10256410256410256,1,right_right,pick up the right block,pick up the right block,0.4036511480808258,0.4036511480808258
2026_08_18_00_46_25_193744_L1_right_C2,L1,C2,red,right,left,0,0.10256410256410256,1,left_right,pick up the left block,pick up the right block,0.39950400590896606,0.4036511480808258
2026_08_18_00_46_25_193744_L1_right_C2,L1,C2,red,right,left,0,0.10256410256410256,1,right_left,pick up the right block,pick up the left block,0.4036511480808258,0.39950400590896606
2026_08_18_00_46_25_193744_L1_right_C2,L1,C2,red,right,left,0,0.10256410256410256,2,left_left,pick up the left block,pick up the left block,0.38169318437576294,0.38169318437576294
2026_08_18_00_46_25_193744_L1_right_C2,L1,C2,red,right,left,0,0.10256410256410256,2,right_right,pick up the right block,pick up the right block,0.3997221291065216,0.3997221291065216
2026_08_18_00_46_25_193744_L1_right_C2,L1,C2,red,right,left,0,0.10256410256410256,2,left_right,pick up the left block,pick up the right block,0.38169318437576294,0.3997221291065216
2026_08_18_00_46_25_193744_L1_right_C2,L1,C2,red,right,left,0,0.10256410256410256,2,right_left,pick up the right block,pick up the left block,0.3997221291065216,0.38169318437576294
2026_08_18_00_46_25_193744_L1_right_C2,L1,C2,red,right,left,3,0.41025641025641024,0,left_left,pick up the left block,pick up the left block,0.16953051090240479,0.16953051090240479
2026_08_18_00_46_25_193744_L1_right_C2,L1,C2,red,right,left,3,0.41025641025641024,0,right_right,pick up the right block,pick up the right block,0.1544789969921112,0.1544789969921112
2026_08_18_00_46_25_193744_L1_right_C2,L1,C2,red,right,left,3,0.41025641025641024,0,left_right,pick up the left block,pick up the right block,0.16953051090240479,0.1544789969921112
2026_08_18_00_46_25_193744_L1_right_C2,L1,C2,red,right,left,3,0.41025641025641024,0,right_left,pick up the right block,pick up the left block,0.1544789969921112,0.16953051090240479
2026_08_18_00_46_25_193744_L1_right_C2,L1,C2,red,right,left,3,0.41025641025641024,1,left_left,pick up the left block,pick up the left block,0.20832599699497223,0.20832599699497223
2026_08_18_00_46_25_193744_L1_right_C2,L1,C2,red,right,left,3,0.41025641025641024,1,right_right,pick up the right block,pick up the right block,0.23866191506385803,0.23866191506385803
2026_08_18_00_46_25_193744_L1_right_C2,L1,C2,red,right,left,3,0.41025641025641024,1,left_right,pick up the left block,pick up the right block,0.20832599699497223,0.23866191506385803
2026_08_18_00_46_25_193744_L1_right_C2,L1,C2,red,right,left,3,0.41025641025641024,1,right_left,pick up the right block,pick up the left block,0.23866191506385803,0.20832599699497223
2026_08_18_00_46_25_193744_L1_right_C2,L1,C2,red,right,left,3,0.41025641025641024,2,left_left,pick up the left block,pick up the left block,0.1981252133846283,0.1981252133846283
2026_08_18_00_46_25_193744_L1_right_C2,L1,C2,red,right,left,3,0.41025641025641024,2,right_right,pick up the right block,pick up the right block,0.21115237474441528,0.21115237474441528
2026_08_18_00_46_25_193744_L1_right_C2,L1,C2,red,right,left,3,0.41025641025641024,2,left_right,pick up the left block,pick up the right block,0.1981252133846283,0.21115237474441528
2026_08_18_00_46_25_193744_L1_right_C2,L1,C2,red,right,left,3,0.41025641025641024,2,right_left,pick up the right block,pick up the left block,0.21115237474441528,0.1981252133846283
2026_08_18_00_46_25_193744_L1_right_C2,L1,C2,red,right,left,9,1.0,0,left_left,pick up the left block,pick up the left block,0.30763131380081177,0.30763131380081177
2026_08_18_00_46_25_193744_L1_right_C2,L1,C2,red,right,left,9,1.0,0,right_right,pick up the right block,pick up the right block,0.3065204322338104,0.3065204322338104
2026_08_18_00_46_25_193744_L1_right_C2,L1,C2,red,right,left,9,1.0,0,left_right,pick up the left block,pick up the right block,0.30763131380081177,0.3065204322338104
2026_08_18_00_46_25_193744_L1_right_C2,L1,C2,red,right,left,9,1.0,0,right_left,pick up the right block,pick up the left block,0.3065204322338104,0.30763131380081177
2026_08_18_00_46_25_193744_L1_right_C2,L1,C2,red,right,left,9,1.0,1,left_left,pick up the left block,pick up the left block,0.3170675039291382,0.3170675039291382
2026_08_18_00_46_25_193744_L1_right_C2,L1,C2,red,right,left,9,1.0,1,right_right,pick up the right block,pick up the right block,0.31720051169395447,0.31720051169395447
2026_08_18_00_46_25_193744_L1_right_C2,L1,C2,red,right,left,9,1.0,1,left_right,pick up the left block,pick up the right block,0.3170675039291382,0.31720051169395447
2026_08_18_00_46_25_193744_L1_right_C2,L1,C2,red,right,left,9,1.0,1,right_left,pick up the right block,pick up the left block,0.31720051169395447,0.3170675039291382
2026_08_18_00_46_25_193744_L1_right_C2,L1,C2,red,right,left,9,1.0,2,left_left,pick up the left block,pick up the left block,0.2542338967323303,0.2542338967323303
2026_08_18_00_46_25_193744_L1_right_C2,L1,C2,red,right,left,9,1.0,2,right_right,pick up the right block,pick up the right block,0.25343742966651917,0.25343742966651917
2026_08_18_00_46_25_193744_L1_right_C2,L1,C2,red,right,left,9,1.0,2,left_right,pick up the left block,pick up the right block,0.2542338967323303,0.25343742966651917
2026_08_18_00_46_25_193744_L1_right_C2,L1,C2,red,right,left,9,1.0,2,right_left,pick up the right block,pick up the left block,0.25343742966651917,0.2542338967323303
2026_08_18_00_48_13_457980_L1_left_C0,L1,C0,red,left,right,0,0.13793103448275862,0,left_left,pick up the left block,pick up the left block,0.2834598422050476,0.2834598422050476
2026_08_18_00_48_13_457980_L1_left_C0,L1,C0,red,left,right,0,0.13793103448275862,0,right_right,pick up the right block,pick up the right block,0.32943660020828247,0.32943660020828247
2026_08_18_00_48_13_457980_L1_left_C0,L1,C0,red,left,right,0,0.13793103448275862,0,left_right,pick up the left block,pick up the right block,0.2834598422050476,0.32943660020828247
2026_08_18_00_48_13_457980_L1_left_C0,L1,C0,red,left,right,0,0.13793103448275862,0,right_left,pick up the right block,pick up the left block,0.32943660020828247,0.2834598422050476
2026_08_18_00_48_13_457980_L1_left_C0,L1,C0,red,left,right,0,0.13793103448275862,1,left_left,pick up the left block,pick up the left block,0.3625105619430542,0.3625105619430542
2026_08_18_00_48_13_457980_L1_left_C0,L1,C0,red,left,right,0,0.13793103448275862,1,right_right,pick up the right block,pick up the right block,0.45576170086860657,0.45576170086860657
2026_08_18_00_48_13_457980_L1_left_C0,L1,C0,red,left,right,0,0.13793103448275862,1,left_right,pick up the left block,pick up the right block,0.3625105619430542,0.45576170086860657
2026_08_18_00_48_13_457980_L1_left_C0,L1,C0,red,left,right,0,0.13793103448275862,1,right_left,pick up the right block,pick up the left block,0.45576170086860657,0.3625105619430542
2026_08_18_00_48_13_457980_L1_left_C0,L1,C0,red,left,right,0,0.13793103448275862,2,left_left,pick up the left block,pick up the left block,0.2693140506744385,0.2693140506744385
2026_08_18_00_48_13_457980_L1_left_C0,L1,C0,red,left,right,0,0.13793103448275862,2,right_right,pick up the right block,pick up the right block,0.322021484375,0.322021484375
2026_08_18_00_48_13_457980_L1_left_C0,L1,C0,red,left,right,0,0.13793103448275862,2,left_right,pick up the left block,pick up the right block,0.2693140506744385,0.322021484375
2026_08_18_00_48_13_457980_L1_left_C0,L1,C0,red,left,right,0,0.13793103448275862,2,right_left,pick up the right block,pick up the left block,0.322021484375,0.2693140506744385
2026_08_18_00_48_13_457980_L1_left_C0,L1,C0,red,left,right,2,0.41379310344827586,0,left_left,pick up the left block,pick up the left block,0.18847638368606567,0.18847638368606567
2026_08_18_00_48_13_457980_L1_left_C0,L1,C0,red,left,right,2,0.41379310344827586,0,right_right,pick up the right block,pick up the right block,0.24329537153244019,0.24329537153244019
2026_08_18_00_48_13_457980_L1_left_C0,L1,C0,red,left,right,2,0.41379310344827586,0,left_right,pick up the left block,pick up the right block,0.18847638368606567,0.24329537153244019
2026_08_18_00_48_13_457980_L1_left_C0,L1,C0,red,left,right,2,0.41379310344827586,0,right_left,pick up the right block,pick up the left block,0.24329537153244019,0.18847638368606567
2026_08_18_00_48_13_457980_L1_left_C0,L1,C0,red,left,right,2,0.41379310344827586,1,left_left,pick up the left block,pick up the left block,0.12829649448394775,0.12829649448394775
2026_08_18_00_48_13_457980_L1_left_C0,L1,C0,red,left,right,2,0.41379310344827586,1,right_right,pick up the right block,pick up the right block,0.20626966655254364,0.20626966655254364
2026_08_18_00_48_13_457980_L1_left_C0,L1,C0,red,left,right,2,0.41379310344827586,1,left_right,pick up the left block,pick up the right block,0.12829649448394775,0.20626966655254364
2026_08_18_00_48_13_457980_L1_left_C0,L1,C0,red,left,right,2,0.41379310344827586,1,right_left,pick up the right block,pick up the left block,0.20626966655254364,0.12829649448394775
2026_08_18_00_48_13_457980_L1_left_C0,L1,C0,red,left,right,2,0.41379310344827586,2,left_left,pick up the left block,pick up the left block,0.26791876554489136,0.26791876554489136
2026_08_18_00_48_13_457980_L1_left_C0,L1,C0,red,left,right,2,0.41379310344827586,2,right_right,pick up the right block,pick up the right block,0.3382214903831482,0.3382214903831482
2026_08_18_00_48_13_457980_L1_left_C0,L1,C0,red,left,right,2,0.41379310344827586,2,left_right,pick up the left block,pick up the right block,0.26791876554489136,0.3382214903831482
2026_08_18_00_48_13_457980_L1_left_C0,L1,C0,red,left,right,2,0.41379310344827586,2,right_left,pick up the right block,pick up the left block,0.3382214903831482,0.26791876554489136
2026_08_18_00_48_13_457980_L1_left_C0,L1,C0,red,left,right,7,1.0,0,left_left,pick up the left block,pick up the left block,0.21376514434814453,0.21376514434814453
2026_08_18_00_48_13_457980_L1_left_C0,L1,C0,red,left,right,7,1.0,0,right_right,pick up the right block,pick up the right block,0.22266872227191925,0.22266872227191925
2026_08_18_00_48_13_457980_L1_left_C0,L1,C0,red,left,right,7,1.0,0,left_right,pick up the left block,pick up the right block,0.21376514434814453,0.22266872227191925
2026_08_18_00_48_13_457980_L1_left_C0,L1,C0,red,left,right,7,1.0,0,right_left,pick up the right block,pick up the left block,0.22266872227191925,0.21376514434814453
2026_08_18_00_48_13_457980_L1_left_C0,L1,C0,red,left,right,7,1.0,1,left_left,pick up the left block,pick up the left block,0.3073413074016571,0.3073413074016571
2026_08_18_00_48_13_457980_L1_left_C0,L1,C0,red,left,right,7,1.0,1,right_right,pick up the right block,pick up the right block,0.31593018770217896,0.31593018770217896
2026_08_18_00_48_13_457980_L1_left_C0,L1,C0,red,left,right,7,1.0,1,left_right,pick up the left block,pick up the right block,0.3073413074016571,0.31593018770217896
2026_08_18_00_48_13_457980_L1_left_C0,L1,C0,red,left,right,7,1.0,1,right_left,pick up the right block,pick up the left block,0.31593018770217896,0.3073413074016571
2026_08_18_00_48_13_457980_L1_left_C0,L1,C0,red,left,right,7,1.0,2,left_left,pick up the left block,pick up the left block,0.30212894082069397,0.30212894082069397
2026_08_18_00_48_13_457980_L1_left_C0,L1,C0,red,left,right,7,1.0,2,right_right,pick up the right block,pick up the right block,0.30926188826560974,0.30926188826560974
2026_08_18_00_48_13_457980_L1_left_C0,L1,C0,red,left,right,7,1.0,2,left_right,pick up the left block,pick up the right block,0.30212894082069397,0.30926188826560974
2026_08_18_00_48_13_457980_L1_left_C0,L1,C0,red,left,right,7,1.0,2,right_left,pick up the right block,pick up the left block,0.30926188826560974,0.30212894082069397
2026_08_18_00_49_05_482404_L1_left_C1,L1,C1,red,left,right,0,0.125,0,left_left,pick up the left block,pick up the left block,0.33006682991981506,0.33006682991981506
2026_08_18_00_49_05_482404_L1_left_C1,L1,C1,red,left,right,0,0.125,0,right_right,pick up the right block,pick up the right block,0.4021588861942291,0.4021588861942291
2026_08_18_00_49_05_482404_L1_left_C1,L1,C1,red,left,right,0,0.125,0,left_right,pick up the left block,pick up the right block,0.33006682991981506,0.4021588861942291
2026_08_18_00_49_05_482404_L1_left_C1,L1,C1,red,left,right,0,0.125,0,right_left,pick up the right block,pick up the left block,0.4021588861942291,0.33006682991981506
2026_08_18_00_49_05_482404_L1_left_C1,L1,C1,red,left,right,0,0.125,1,left_left,pick up the left block,pick up the left block,0.31206145882606506,0.31206145882606506
2026_08_18_00_49_05_482404_L1_left_C1,L1,C1,red,left,right,0,0.125,1,right_right,pick up the right block,pick up the right block,0.32604023814201355,0.32604023814201355
2026_08_18_00_49_05_482404_L1_left_C1,L1,C1,red,left,right,0,0.125,1,left_right,pick up the left block,pick up the right block,0.31206145882606506,0.32604023814201355
2026_08_18_00_49_05_482404_L1_left_C1,L1,C1,red,left,right,0,0.125,1,right_left,pick up the right block,pick up the left block,0.32604023814201355,0.31206145882606506
2026_08_18_00_49_05_482404_L1_left_C1,L1,C1,red,left,right,0,0.125,2,left_left,pick up the left block,pick up the left block,0.2863062024116516,0.2863062024116516
2026_08_18_00_49_05_482404_L1_left_C1,L1,C1,red,left,right,0,0.125,2,right_right,pick up the right block,pick up the right block,0.3680327534675598,0.3680327534675598
2026_08_18_00_49_05_482404_L1_left_C1,L1,C1,red,left,right,0,0.125,2,left_right,pick up the left block,pick up the right block,0.2863062024116516,0.3680327534675598
2026_08_18_00_49_05_482404_L1_left_C1,L1,C1,red,left,right,0,0.125,2,right_left,pick up the right block,pick up the left block,0.3680327534675598,0.2863062024116516
2026_08_18_00_49_05_482404_L1_left_C1,L1,C1,red,left,right,2,0.375,0,left_left,pick up the left block,pick up the left block,0.22202661633491516,0.22202661633491516
2026_08_18_00_49_05_482404_L1_left_C1,L1,C1,red,left,right,2,0.375,0,right_right,pick up the right block,pick up the right block,0.2551895081996918,0.2551895081996918
2026_08_18_00_49_05_482404_L1_left_C1,L1,C1,red,left,right,2,0.375,0,left_right,pick up the left block,pick up the right block,0.22202661633491516,0.2551895081996918
2026_08_18_00_49_05_482404_L1_left_C1,L1,C1,red,left,right,2,0.375,0,right_left,pick up the right block,pick up the left block,0.2551895081996918,0.22202661633491516
2026_08_18_00_49_05_482404_L1_left_C1,L1,C1,red,left,right,2,0.375,1,left_left,pick up the left block,pick up the left block,0.1950831413269043,0.1950831413269043
2026_08_18_00_49_05_482404_L1_left_C1,L1,C1,red,left,right,2,0.375,1,right_right,pick up the right block,pick up the right block,0.22315561771392822,0.22315561771392822
2026_08_18_00_49_05_482404_L1_left_C1,L1,C1,red,left,right,2,0.375,1,left_right,pick up the left block,pick up the right block,0.1950831413269043,0.22315561771392822
2026_08_18_00_49_05_482404_L1_left_C1,L1,C1,red,left,right,2,0.375,1,right_left,pick up the right block,pick up the left block,0.22315561771392822,0.1950831413269043
2026_08_18_00_49_05_482404_L1_left_C1,L1,C1,red,left,right,2,0.375,2,left_left,pick up the left block,pick up the left block,0.2606300711631775,0.2606300711631775
2026_08_18_00_49_05_482404_L1_left_C1,L1,C1,red,left,right,2,0.375,2,right_right,pick up the right block,pick up the right block,0.29067185521125793,0.29067185521125793
2026_08_18_00_49_05_482404_L1_left_C1,L1,C1,red,left,right,2,0.375,2,left_right,pick up the left block,pick up the right block,0.2606300711631775,0.29067185521125793
2026_08_18_00_49_05_482404_L1_left_C1,L1,C1,red,left,right,2,0.375,2,right_left,pick up the right block,pick up the left block,0.29067185521125793,0.2606300711631775
2026_08_18_00_49_05_482404_L1_left_C1,L1,C1,red,left,right,7,1.0,0,left_left,pick up the left block,pick up the left block,0.3415478467941284,0.3415478467941284
2026_08_18_00_49_05_482404_L1_left_C1,L1,C1,red,left,right,7,1.0,0,right_right,pick up the right block,pick up the right block,0.3404615819454193,0.3404615819454193
2026_08_18_00_49_05_482404_L1_left_C1,L1,C1,red,left,right,7,1.0,0,left_right,pick up the left block,pick up the right block,0.3415478467941284,0.3404615819454193
2026_08_18_00_49_05_482404_L1_left_C1,L1,C1,red,left,right,7,1.0,0,right_left,pick up the right block,pick up the left block,0.3404615819454193,0.3415478467941284
2026_08_18_00_49_05_482404_L1_left_C1,L1,C1,red,left,right,7,1.0,1,left_left,pick up the left block,pick up the left block,0.19288328289985657,0.19288328289985657
2026_08_18_00_49_05_482404_L1_left_C1,L1,C1,red,left,right,7,1.0,1,right_right,pick up the right block,pick up the right block,0.1953376829624176,0.1953376829624176
2026_08_18_00_49_05_482404_L1_left_C1,L1,C1,red,left,right,7,1.0,1,left_right,pick up the left block,pick up the right block,0.19288328289985657,0.1953376829624176
2026_08_18_00_49_05_482404_L1_left_C1,L1,C1,red,left,right,7,1.0,1,right_left,pick up the right block,pick up the left block,0.1953376829624176,0.19288328289985657
2026_08_18_00_49_05_482404_L1_left_C1,L1,C1,red,left,right,7,1.0,2,left_left,pick up the left block,pick up the left block,0.2129582315683365,0.2129582315683365
2026_08_18_00_49_05_482404_L1_left_C1,L1,C1,red,left,right,7,1.0,2,right_right,pick up the right block,pick up the right block,0.21369647979736328,0.21369647979736328
2026_08_18_00_49_05_482404_L1_left_C1,L1,C1,red,left,right,7,1.0,2,left_right,pick up the left block,pick up the right block,0.2129582315683365,0.21369647979736328
2026_08_18_00_49_05_482404_L1_left_C1,L1,C1,red,left,right,7,1.0,2,right_left,pick up the right block,pick up the left block,0.21369647979736328,0.2129582315683365
2026_08_18_00_49_36_378126_L1_left_C2,L1,C2,red,left,right,0,0.10256410256410256,0,left_left,pick up the left block,pick up the left block,0.2884734272956848,0.2884734272956848
2026_08_18_00_49_36_378126_L1_left_C2,L1,C2,red,left,right,0,0.10256410256410256,0,right_right,pick up the right block,pick up the right block,0.37772291898727417,0.37772291898727417
2026_08_18_00_49_36_378126_L1_left_C2,L1,C2,red,left,right,0,0.10256410256410256,0,left_right,pick up the left block,pick up the right block,0.2884734272956848,0.37772291898727417
2026_08_18_00_49_36_378126_L1_left_C2,L1,C2,red,left,right,0,0.10256410256410256,0,right_left,pick up the right block,pick up the left block,0.37772291898727417,0.2884734272956848
2026_08_18_00_49_36_378126_L1_left_C2,L1,C2,red,left,right,0,0.10256410256410256,1,left_left,pick up the left block,pick up the left block,0.3009507656097412,0.3009507656097412
2026_08_18_00_49_36_378126_L1_left_C2,L1,C2,red,left,right,0,0.10256410256410256,1,right_right,pick up the right block,pick up the right block,0.3828856348991394,0.3828856348991394
2026_08_18_00_49_36_378126_L1_left_C2,L1,C2,red,left,right,0,0.10256410256410256,1,left_right,pick up the left block,pick up the right block,0.3009507656097412,0.3828856348991394
2026_08_18_00_49_36_378126_L1_left_C2,L1,C2,red,left,right,0,0.10256410256410256,1,right_left,pick up the right block,pick up the left block,0.3828856348991394,0.3009507656097412
2026_08_18_00_49_36_378126_L1_left_C2,L1,C2,red,left,right,0,0.10256410256410256,2,left_left,pick up the left block,pick up the left block,0.21421292424201965,0.21421292424201965
2026_08_18_00_49_36_378126_L1_left_C2,L1,C2,red,left,right,0,0.10256410256410256,2,right_right,pick up the right block,pick up the right block,0.282884418964386,0.282884418964386
2026_08_18_00_49_36_378126_L1_left_C2,L1,C2,red,left,right,0,0.10256410256410256,2,left_right,pick up the left block,pick up the right block,0.21421292424201965,0.282884418964386
2026_08_18_00_49_36_378126_L1_left_C2,L1,C2,red,left,right,0,0.10256410256410256,2,right_left,pick up the right block,pick up the left block,0.282884418964386,0.21421292424201965
2026_08_18_00_49_36_378126_L1_left_C2,L1,C2,red,left,right,3,0.41025641025641024,0,left_left,pick up the left block,pick up the left block,0.26736345887184143,0.26736345887184143
2026_08_18_00_49_36_378126_L1_left_C2,L1,C2,red,left,right,3,0.41025641025641024,0,right_right,pick up the right block,pick up the right block,0.2795483469963074,0.2795483469963074
2026_08_18_00_49_36_378126_L1_left_C2,L1,C2,red,left,right,3,0.41025641025641024,0,left_right,pick up the left block,pick up the right block,0.26736345887184143,0.2795483469963074
2026_08_18_00_49_36_378126_L1_left_C2,L1,C2,red,left,right,3,0.41025641025641024,0,right_left,pick up the right block,pick up the left block,0.2795483469963074,0.26736345887184143
2026_08_18_00_49_36_378126_L1_left_C2,L1,C2,red,left,right,3,0.41025641025641024,1,left_left,pick up the left block,pick up the left block,0.20272669196128845,0.20272669196128845
2026_08_18_00_49_36_378126_L1_left_C2,L1,C2,red,left,right,3,0.41025641025641024,1,right_right,pick up the right block,pick up the right block,0.21674157679080963,0.21674157679080963
2026_08_18_00_49_36_378126_L1_left_C2,L1,C2,red,left,right,3,0.41025641025641024,1,left_right,pick up the left block,pick up the right block,0.20272669196128845,0.21674157679080963
2026_08_18_00_49_36_378126_L1_left_C2,L1,C2,red,left,right,3,0.41025641025641024,1,right_left,pick up the right block,pick up the left block,0.21674157679080963,0.20272669196128845
2026_08_18_00_49_36_378126_L1_left_C2,L1,C2,red,left,right,3,0.41025641025641024,2,left_left,pick up the left block,pick up the left block,0.2506501078605652,0.2506501078605652
2026_08_18_00_49_36_378126_L1_left_C2,L1,C2,red,left,right,3,0.41025641025641024,2,right_right,pick up the right block,pick up the right block,0.2660163640975952,0.2660163640975952
2026_08_18_00_49_36_378126_L1_left_C2,L1,C2,red,left,right,3,0.41025641025641024,2,left_right,pick up the left block,pick up the right block,0.2506501078605652,0.2660163640975952
2026_08_18_00_49_36_378126_L1_left_C2,L1,C2,red,left,right,3,0.41025641025641024,2,right_left,pick up the right block,pick up the left block,0.2660163640975952,0.2506501078605652
2026_08_18_00_49_36_378126_L1_left_C2,L1,C2,red,left,right,9,1.0,0,left_left,pick up the left block,pick up the left block,0.2689983546733856,0.2689983546733856
2026_08_18_00_49_36_378126_L1_left_C2,L1,C2,red,left,right,9,1.0,0,right_right,pick up the right block,pick up the right block,0.2761886715888977,0.2761886715888977
2026_08_18_00_49_36_378126_L1_left_C2,L1,C2,red,left,right,9,1.0,0,left_right,pick up the left block,pick up the right block,0.2689983546733856,0.2761886715888977
2026_08_18_00_49_36_378126_L1_left_C2,L1,C2,red,left,right,9,1.0,0,right_left,pick up the right block,pick up the left block,0.2761886715888977,0.2689983546733856
2026_08_18_00_49_36_378126_L1_left_C2,L1,C2,red,left,right,9,1.0,1,left_left,pick up the left block,pick up the left block,0.23359963297843933,0.23359963297843933
2026_08_18_00_49_36_378126_L1_left_C2,L1,C2,red,left,right,9,1.0,1,right_right,pick up the right block,pick up the right block,0.23718135058879852,0.23718135058879852
2026_08_18_00_49_36_378126_L1_left_C2,L1,C2,red,left,right,9,1.0,1,left_right,pick up the left block,pick up the right block,0.23359963297843933,0.23718135058879852
2026_08_18_00_49_36_378126_L1_left_C2,L1,C2,red,left,right,9,1.0,1,right_left,pick up the right block,pick up the left block,0.23718135058879852,0.23359963297843933
2026_08_18_00_49_36_378126_L1_left_C2,L1,C2,red,left,right,9,1.0,2,left_left,pick up the left block,pick up the left block,0.3589686155319214,0.3589686155319214
2026_08_18_00_49_36_378126_L1_left_C2,L1,C2,red,left,right,9,1.0,2,right_right,pick up the right block,pick up the right block,0.3607642352581024,0.3607642352581024
2026_08_18_00_49_36_378126_L1_left_C2,L1,C2,red,left,right,9,1.0,2,left_right,pick up the left block,pick up the right block,0.3589686155319214,0.3607642352581024
2026_08_18_00_49_36_378126_L1_left_C2,L1,C2,red,left,right,9,1.0,2,right_left,pick up the right block,pick up the left block,0.3607642352581024,0.3589686155319214
2026_08_18_00_50_22_202653_L1_right_C0,L1,C0,blue,right,right,0,0.13793103448275862,0,left_left,pick up the left block,pick up the left block,0.3470337390899658,0.3470337390899658
2026_08_18_00_50_22_202653_L1_right_C0,L1,C0,blue,right,right,0,0.13793103448275862,0,right_right,pick up the right block,pick up the right block,0.3239803910255432,0.3239803910255432
2026_08_18_00_50_22_202653_L1_right_C0,L1,C0,blue,right,right,0,0.13793103448275862,0,left_right,pick up the left block,pick up the right block,0.3470337390899658,0.3239803910255432
2026_08_18_00_50_22_202653_L1_right_C0,L1,C0,blue,right,right,0,0.13793103448275862,0,right_left,pick up the right block,pick up the left block,0.3239803910255432,0.3470337390899658
2026_08_18_00_50_22_202653_L1_right_C0,L1,C0,blue,right,right,0,0.13793103448275862,1,left_left,pick up the left block,pick up the left block,0.40081343054771423,0.40081343054771423
2026_08_18_00_50_22_202653_L1_right_C0,L1,C0,blue,right,right,0,0.13793103448275862,1,right_right,pick up the right block,pick up the right block,0.34745490550994873,0.34745490550994873
2026_08_18_00_50_22_202653_L1_right_C0,L1,C0,blue,right,right,0,0.13793103448275862,1,left_right,pick up the left block,pick up the right block,0.40081343054771423,0.34745490550994873
2026_08_18_00_50_22_202653_L1_right_C0,L1,C0,blue,right,right,0,0.13793103448275862,1,right_left,pick up the right block,pick up the left block,0.34745490550994873,0.40081343054771423
2026_08_18_00_50_22_202653_L1_right_C0,L1,C0,blue,right,right,0,0.13793103448275862,2,left_left,pick up the left block,pick up the left block,0.3406471312046051,0.3406471312046051
2026_08_18_00_50_22_202653_L1_right_C0,L1,C0,blue,right,right,0,0.13793103448275862,2,right_right,pick up the right block,pick up the right block,0.30668115615844727,0.30668115615844727
2026_08_18_00_50_22_202653_L1_right_C0,L1,C0,blue,right,right,0,0.13793103448275862,2,left_right,pick up the left block,pick up the right block,0.3406471312046051,0.30668115615844727
2026_08_18_00_50_22_202653_L1_right_C0,L1,C0,blue,right,right,0,0.13793103448275862,2,right_left,pick up the right block,pick up the left block,0.30668115615844727,0.3406471312046051
2026_08_18_00_50_22_202653_L1_right_C0,L1,C0,blue,right,right,2,0.41379310344827586,0,left_left,pick up the left block,pick up the left block,0.2675853371620178,0.2675853371620178
2026_08_18_00_50_22_202653_L1_right_C0,L1,C0,blue,right,right,2,0.41379310344827586,0,right_right,pick up the right block,pick up the right block,0.35002604126930237,0.35002604126930237
2026_08_18_00_50_22_202653_L1_right_C0,L1,C0,blue,right,right,2,0.41379310344827586,0,left_right,pick up the left block,pick up the right block,0.2675853371620178,0.35002604126930237
2026_08_18_00_50_22_202653_L1_right_C0,L1,C0,blue,right,right,2,0.41379310344827586,0,right_left,pick up the right block,pick up the left block,0.35002604126930237,0.2675853371620178
2026_08_18_00_50_22_202653_L1_right_C0,L1,C0,blue,right,right,2,0.41379310344827586,1,left_left,pick up the left block,pick up the left block,0.204727441072464,0.204727441072464
2026_08_18_00_50_22_202653_L1_right_C0,L1,C0,blue,right,right,2,0.41379310344827586,1,right_right,pick up the right block,pick up the right block,0.2603073716163635,0.2603073716163635
2026_08_18_00_50_22_202653_L1_right_C0,L1,C0,blue,right,right,2,0.41379310344827586,1,left_right,pick up the left block,pick up the right block,0.204727441072464,0.2603073716163635
2026_08_18_00_50_22_202653_L1_right_C0,L1,C0,blue,right,right,2,0.41379310344827586,1,right_left,pick up the right block,pick up the left block,0.2603073716163635,0.204727441072464
2026_08_18_00_50_22_202653_L1_right_C0,L1,C0,blue,right,right,2,0.41379310344827586,2,left_left,pick up the left block,pick up the left block,0.23322169482707977,0.23322169482707977
2026_08_18_00_50_22_202653_L1_right_C0,L1,C0,blue,right,right,2,0.41379310344827586,2,right_right,pick up the right block,pick up the right block,0.3066816031932831,0.3066816031932831
2026_08_18_00_50_22_202653_L1_right_C0,L1,C0,blue,right,right,2,0.41379310344827586,2,left_right,pick up the left block,pick up the right block,0.23322169482707977,0.3066816031932831
2026_08_18_00_50_22_202653_L1_right_C0,L1,C0,blue,right,right,2,0.41379310344827586,2,right_left,pick up the right block,pick up the left block,0.3066816031932831,0.23322169482707977
2026_08_18_00_50_22_202653_L1_right_C0,L1,C0,blue,right,right,7,1.0,0,left_left,pick up the left block,pick up the left block,0.22429482638835907,0.22429482638835907
2026_08_18_00_50_22_202653_L1_right_C0,L1,C0,blue,right,right,7,1.0,0,right_right,pick up the right block,pick up the right block,0.24350184202194214,0.24350184202194214
2026_08_18_00_50_22_202653_L1_right_C0,L1,C0,blue,right,right,7,1.0,0,left_right,pick up the left block,pick up the right block,0.22429482638835907,0.24350184202194214
2026_08_18_00_50_22_202653_L1_right_C0,L1,C0,blue,right,right,7,1.0,0,right_left,pick up the right block,pick up the left block,0.24350184202194214,0.22429482638835907
2026_08_18_00_50_22_202653_L1_right_C0,L1,C0,blue,right,right,7,1.0,1,left_left,pick up the left block,pick up the left block,0.2134125977754593,0.2134125977754593
2026_08_18_00_50_22_202653_L1_right_C0,L1,C0,blue,right,right,7,1.0,1,right_right,pick up the right block,pick up the right block,0.2220640778541565,0.2220640778541565
2026_08_18_00_50_22_202653_L1_right_C0,L1,C0,blue,right,right,7,1.0,1,left_right,pick up the left block,pick up the right block,0.2134125977754593,0.2220640778541565
2026_08_18_00_50_22_202653_L1_right_C0,L1,C0,blue,right,right,7,1.0,1,right_left,pick up the right block,pick up the left block,0.2220640778541565,0.2134125977754593
2026_08_18_00_50_22_202653_L1_right_C0,L1,C0,blue,right,right,7,1.0,2,left_left,pick up the left block,pick up the left block,0.31692638993263245,0.31692638993263245
2026_08_18_00_50_22_202653_L1_right_C0,L1,C0,blue,right,right,7,1.0,2,right_right,pick up the right block,pick up the right block,0.3398999869823456,0.3398999869823456
2026_08_18_00_50_22_202653_L1_right_C0,L1,C0,blue,right,right,7,1.0,2,left_right,pick up the left block,pick up the right block,0.31692638993263245,0.3398999869823456
2026_08_18_00_50_22_202653_L1_right_C0,L1,C0,blue,right,right,7,1.0,2,right_left,pick up the right block,pick up the left block,0.3398999869823456,0.31692638993263245
2026_08_18_00_50_52_802516_L1_right_C1,L1,C1,blue,right,right,0,0.125,0,left_left,pick up the left block,pick up the left block,0.36150017380714417,0.36150017380714417
2026_08_18_00_50_52_802516_L1_right_C1,L1,C1,blue,right,right,0,0.125,0,right_right,pick up the right block,pick up the right block,0.32299739122390747,0.32299739122390747
2026_08_18_00_50_52_802516_L1_right_C1,L1,C1,blue,right,right,0,0.125,0,left_right,pick up the left block,pick up the right block,0.36150017380714417,0.32299739122390747
2026_08_18_00_50_52_802516_L1_right_C1,L1,C1,blue,right,right,0,0.125,0,right_left,pick up the right block,pick up the left block,0.32299739122390747,0.36150017380714417
2026_08_18_00_50_52_802516_L1_right_C1,L1,C1,blue,right,right,0,0.125,1,left_left,pick up the left block,pick up the left block,0.35853004455566406,0.35853004455566406
2026_08_18_00_50_52_802516_L1_right_C1,L1,C1,blue,right,right,0,0.125,1,right_right,pick up the right block,pick up the right block,0.3446304500102997,0.3446304500102997
2026_08_18_00_50_52_802516_L1_right_C1,L1,C1,blue,right,right,0,0.125,1,left_right,pick up the left block,pick up the right block,0.35853004455566406,0.3446304500102997
2026_08_18_00_50_52_802516_L1_right_C1,L1,C1,blue,right,right,0,0.125,1,right_left,pick up the right block,pick up the left block,0.3446304500102997,0.35853004455566406
2026_08_18_00_50_52_802516_L1_right_C1,L1,C1,blue,right,right,0,0.125,2,left_left,pick up the left block,pick up the left block,0.4129173755645752,0.4129173755645752
2026_08_18_00_50_52_802516_L1_right_C1,L1,C1,blue,right,right,0,0.125,2,right_right,pick up the right block,pick up the right block,0.4173729419708252,0.4173729419708252
2026_08_18_00_50_52_802516_L1_right_C1,L1,C1,blue,right,right,0,0.125,2,left_right,pick up the left block,pick up the right block,0.4129173755645752,0.4173729419708252
2026_08_18_00_50_52_802516_L1_right_C1,L1,C1,blue,right,right,0,0.125,2,right_left,pick up the right block,pick up the left block,0.4173729419708252,0.4129173755645752
2026_08_18_00_50_52_802516_L1_right_C1,L1,C1,blue,right,right,2,0.375,0,left_left,pick up the left block,pick up the left block,0.2459421008825302,0.2459421008825302
2026_08_18_00_50_52_802516_L1_right_C1,L1,C1,blue,right,right,2,0.375,0,right_right,pick up the right block,pick up the right block,0.2980788052082062,0.2980788052082062
2026_08_18_00_50_52_802516_L1_right_C1,L1,C1,blue,right,right,2,0.375,0,left_right,pick up the left block,pick up the right block,0.2459421008825302,0.2980788052082062
2026_08_18_00_50_52_802516_L1_right_C1,L1,C1,blue,right,right,2,0.375,0,right_left,pick up the right block,pick up the left block,0.2980788052082062,0.2459421008825302
2026_08_18_00_50_52_802516_L1_right_C1,L1,C1,blue,right,right,2,0.375,1,left_left,pick up the left block,pick up the left block,0.20624229311943054,0.20624229311943054
2026_08_18_00_50_52_802516_L1_right_C1,L1,C1,blue,right,right,2,0.375,1,right_right,pick up the right block,pick up the right block,0.24152182042598724,0.24152182042598724
2026_08_18_00_50_52_802516_L1_right_C1,L1,C1,blue,right,right,2,0.375,1,left_right,pick up the left block,pick up the right block,0.20624229311943054,0.24152182042598724
2026_08_18_00_50_52_802516_L1_right_C1,L1,C1,blue,right,right,2,0.375,1,right_left,pick up the right block,pick up the left block,0.24152182042598724,0.20624229311943054
2026_08_18_00_50_52_802516_L1_right_C1,L1,C1,blue,right,right,2,0.375,2,left_left,pick up the left block,pick up the left block,0.17351669073104858,0.17351669073104858
2026_08_18_00_50_52_802516_L1_right_C1,L1,C1,blue,right,right,2,0.375,2,right_right,pick up the right block,pick up the right block,0.20936337113380432,0.20936337113380432
2026_08_18_00_50_52_802516_L1_right_C1,L1,C1,blue,right,right,2,0.375,2,left_right,pick up the left block,pick up the right block,0.17351669073104858,0.20936337113380432
2026_08_18_00_50_52_802516_L1_right_C1,L1,C1,blue,right,right,2,0.375,2,right_left,pick up the right block,pick up the left block,0.20936337113380432,0.17351669073104858
2026_08_18_00_50_52_802516_L1_right_C1,L1,C1,blue,right,right,7,1.0,0,left_left,pick up the left block,pick up the left block,0.24190972745418549,0.24190972745418549
2026_08_18_00_50_52_802516_L1_right_C1,L1,C1,blue,right,right,7,1.0,0,right_right,pick up the right block,pick up the right block,0.24637462198734283,0.24637462198734283
2026_08_18_00_50_52_802516_L1_right_C1,L1,C1,blue,right,right,7,1.0,0,left_right,pick up the left block,pick up the right block,0.24190972745418549,0.24637462198734283
2026_08_18_00_50_52_802516_L1_right_C1,L1,C1,blue,right,right,7,1.0,0,right_left,pick up the right block,pick up the left block,0.24637462198734283,0.24190972745418549
2026_08_18_00_50_52_802516_L1_right_C1,L1,C1,blue,right,right,7,1.0,1,left_left,pick up the left block,pick up the left block,0.17576879262924194,0.17576879262924194
2026_08_18_00_50_52_802516_L1_right_C1,L1,C1,blue,right,right,7,1.0,1,right_right,pick up the right block,pick up the right block,0.1787511706352234,0.1787511706352234
2026_08_18_00_50_52_802516_L1_right_C1,L1,C1,blue,right,right,7,1.0,1,left_right,pick up the left block,pick up the right block,0.17576879262924194,0.1787511706352234
2026_08_18_00_50_52_802516_L1_right_C1,L1,C1,blue,right,right,7,1.0,1,right_left,pick up the right block,pick up the left block,0.1787511706352234,0.17576879262924194
2026_08_18_00_50_52_802516_L1_right_C1,L1,C1,blue,right,right,7,1.0,2,left_left,pick up the left block,pick up the left block,0.22277916967868805,0.22277916967868805
2026_08_18_00_50_52_802516_L1_right_C1,L1,C1,blue,right,right,7,1.0,2,right_right,pick up the right block,pick up the right block,0.2273128628730774,0.2273128628730774
2026_08_18_00_50_52_802516_L1_right_C1,L1,C1,blue,right,right,7,1.0,2,left_right,pick up the left block,pick up the right block,0.22277916967868805,0.2273128628730774
2026_08_18_00_50_52_802516_L1_right_C1,L1,C1,blue,right,right,7,1.0,2,right_left,pick up the right block,pick up the left block,0.2273128628730774,0.22277916967868805
2026_08_18_00_51_25_610649_L1_right_C2,L1,C2,blue,right,right,0,0.10256410256410256,0,left_left,pick up the left block,pick up the left block,0.2051745355129242,0.2051745355129242
2026_08_18_00_51_25_610649_L1_right_C2,L1,C2,blue,right,right,0,0.10256410256410256,0,right_right,pick up the right block,pick up the right block,0.22974085807800293,0.22974085807800293
2026_08_18_00_51_25_610649_L1_right_C2,L1,C2,blue,right,right,0,0.10256410256410256,0,left_right,pick up the left block,pick up the right block,0.2051745355129242,0.22974085807800293
2026_08_18_00_51_25_610649_L1_right_C2,L1,C2,blue,right,right,0,0.10256410256410256,0,right_left,pick up the right block,pick up the left block,0.22974085807800293,0.2051745355129242
2026_08_18_00_51_25_610649_L1_right_C2,L1,C2,blue,right,right,0,0.10256410256410256,1,left_left,pick up the left block,pick up the left block,0.20057077705860138,0.20057077705860138
2026_08_18_00_51_25_610649_L1_right_C2,L1,C2,blue,right,right,0,0.10256410256410256,1,right_right,pick up the right block,pick up the right block,0.22947673499584198,0.22947673499584198
2026_08_18_00_51_25_610649_L1_right_C2,L1,C2,blue,right,right,0,0.10256410256410256,1,left_right,pick up the left block,pick up the right block,0.20057077705860138,0.22947673499584198
2026_08_18_00_51_25_610649_L1_right_C2,L1,C2,blue,right,right,0,0.10256410256410256,1,right_left,pick up the right block,pick up the left block,0.22947673499584198,0.20057077705860138
2026_08_18_00_51_25_610649_L1_right_C2,L1,C2,blue,right,right,0,0.10256410256410256,2,left_left,pick up the left block,pick up the left block,0.2794457674026489,0.2794457674026489
2026_08_18_00_51_25_610649_L1_right_C2,L1,C2,blue,right,right,0,0.10256410256410256,2,right_right,pick up the right block,pick up the right block,0.34079721570014954,0.34079721570014954
2026_08_18_00_51_25_610649_L1_right_C2,L1,C2,blue,right,right,0,0.10256410256410256,2,left_right,pick up the left block,pick up the right block,0.2794457674026489,0.34079721570014954
2026_08_18_00_51_25_610649_L1_right_C2,L1,C2,blue,right,right,0,0.10256410256410256,2,right_left,pick up the right block,pick up the left block,0.34079721570014954,0.2794457674026489
2026_08_18_00_51_25_610649_L1_right_C2,L1,C2,blue,right,right,3,0.41025641025641024,0,left_left,pick up the left block,pick up the left block,0.24514180421829224,0.24514180421829224
2026_08_18_00_51_25_610649_L1_right_C2,L1,C2,blue,right,right,3,0.41025641025641024,0,right_right,pick up the right block,pick up the right block,0.28308936953544617,0.28308936953544617
2026_08_18_00_51_25_610649_L1_right_C2,L1,C2,blue,right,right,3,0.41025641025641024,0,left_right,pick up the left block,pick up the right block,0.24514180421829224,0.28308936953544617
2026_08_18_00_51_25_610649_L1_right_C2,L1,C2,blue,right,right,3,0.41025641025641024,0,right_left,pick up the right block,pick up the left block,0.28308936953544617,0.24514180421829224
2026_08_18_00_51_25_610649_L1_right_C2,L1,C2,blue,right,right,3,0.41025641025641024,1,left_left,pick up the left block,pick up the left block,0.2326699197292328,0.2326699197292328
2026_08_18_00_51_25_610649_L1_right_C2,L1,C2,blue,right,right,3,0.41025641025641024,1,right_right,pick up the right block,pick up the right block,0.2837577760219574,0.2837577760219574
2026_08_18_00_51_25_610649_L1_right_C2,L1,C2,blue,right,right,3,0.41025641025641024,1,left_right,pick up the left block,pick up the right block,0.2326699197292328,0.2837577760219574
2026_08_18_00_51_25_610649_L1_right_C2,L1,C2,blue,right,right,3,0.41025641025641024,1,right_left,pick up the right block,pick up the left block,0.2837577760219574,0.2326699197292328
2026_08_18_00_51_25_610649_L1_right_C2,L1,C2,blue,right,right,3,0.41025641025641024,2,left_left,pick up the left block,pick up the left block,0.23567502200603485,0.23567502200603485
2026_08_18_00_51_25_610649_L1_right_C2,L1,C2,blue,right,right,3,0.41025641025641024,2,right_right,pick up the right block,pick up the right block,0.28457584977149963,0.28457584977149963
2026_08_18_00_51_25_610649_L1_right_C2,L1,C2,blue,right,right,3,0.41025641025641024,2,left_right,pick up the left block,pick up the right block,0.23567502200603485,0.28457584977149963
2026_08_18_00_51_25_610649_L1_right_C2,L1,C2,blue,right,right,3,0.41025641025641024,2,right_left,pick up the right block,pick up the left block,0.28457584977149963,0.23567502200603485
2026_08_18_00_51_25_610649_L1_right_C2,L1,C2,blue,right,right,9,1.0,0,left_left,pick up the left block,pick up the left block,0.3005003333091736,0.3005003333091736
2026_08_18_00_51_25_610649_L1_right_C2,L1,C2,blue,right,right,9,1.0,0,right_right,pick up the right block,pick up the right block,0.2905123233795166,0.2905123233795166
2026_08_18_00_51_25_610649_L1_right_C2,L1,C2,blue,right,right,9,1.0,0,left_right,pick up the left block,pick up the right block,0.3005003333091736,0.2905123233795166
2026_08_18_00_51_25_610649_L1_right_C2,L1,C2,blue,right,right,9,1.0,0,right_left,pick up the right block,pick up the left block,0.2905123233795166,0.3005003333091736
2026_08_18_00_51_25_610649_L1_right_C2,L1,C2,blue,right,right,9,1.0,1,left_left,pick up the left block,pick up the left block,0.2630970776081085,0.2630970776081085
2026_08_18_00_51_25_610649_L1_right_C2,L1,C2,blue,right,right,9,1.0,1,right_right,pick up the right block,pick up the right block,0.25284871459007263,0.25284871459007263
2026_08_18_00_51_25_610649_L1_right_C2,L1,C2,blue,right,right,9,1.0,1,left_right,pick up the left block,pick up the right block,0.2630970776081085,0.25284871459007263
2026_08_18_00_51_25_610649_L1_right_C2,L1,C2,blue,right,right,9,1.0,1,right_left,pick up the right block,pick up the left block,0.25284871459007263,0.2630970776081085
2026_08_18_00_51_25_610649_L1_right_C2,L1,C2,blue,right,right,9,1.0,2,left_left,pick up the left block,pick up the left block,0.41453492641448975,0.41453492641448975
2026_08_18_00_51_25_610649_L1_right_C2,L1,C2,blue,right,right,9,1.0,2,right_right,pick up the right block,pick up the right block,0.403312623500824,0.403312623500824
2026_08_18_00_51_25_610649_L1_right_C2,L1,C2,blue,right,right,9,1.0,2,left_right,pick up the left block,pick up the right block,0.41453492641448975,0.403312623500824
2026_08_18_00_51_25_610649_L1_right_C2,L1,C2,blue,right,right,9,1.0,2,right_left,pick up the right block,pick up the left block,0.403312623500824,0.41453492641448975
2026_08_18_00_52_54_907596_L3_right_C0,L3,C0,blue,right,right,0,0.1322314049586777,0,left_left,pick up the left block,pick up the left block,0.24999865889549255,0.24999865889549255
2026_08_18_00_52_54_907596_L3_right_C0,L3,C0,blue,right,right,0,0.1322314049586777,0,right_right,pick up the right block,pick up the right block,0.28743043541908264,0.28743043541908264
2026_08_18_00_52_54_907596_L3_right_C0,L3,C0,blue,right,right,0,0.1322314049586777,0,left_right,pick up the left block,pick up the right block,0.24999865889549255,0.28743043541908264
2026_08_18_00_52_54_907596_L3_right_C0,L3,C0,blue,right,right,0,0.1322314049586777,0,right_left,pick up the right block,pick up the left block,0.28743043541908264,0.24999865889549255
2026_08_18_00_52_54_907596_L3_right_C0,L3,C0,blue,right,right,0,0.1322314049586777,1,left_left,pick up the left block,pick up the left block,0.24511943757534027,0.24511943757534027
2026_08_18_00_52_54_907596_L3_right_C0,L3,C0,blue,right,right,0,0.1322314049586777,1,right_right,pick up the right block,pick up the right block,0.26088303327560425,0.26088303327560425
2026_08_18_00_52_54_907596_L3_right_C0,L3,C0,blue,right,right,0,0.1322314049586777,1,left_right,pick up the left block,pick up the right block,0.24511943757534027,0.26088303327560425
2026_08_18_00_52_54_907596_L3_right_C0,L3,C0,blue,right,right,0,0.1322314049586777,1,right_left,pick up the right block,pick up the left block,0.26088303327560425,0.24511943757534027
2026_08_18_00_52_54_907596_L3_right_C0,L3,C0,blue,right,right,0,0.1322314049586777,2,left_left,pick up the left block,pick up the left block,0.22034190595149994,0.22034190595149994
2026_08_18_00_52_54_907596_L3_right_C0,L3,C0,blue,right,right,0,0.1322314049586777,2,right_right,pick up the right block,pick up the right block,0.23659747838974,0.23659747838974
2026_08_18_00_52_54_907596_L3_right_C0,L3,C0,blue,right,right,0,0.1322314049586777,2,left_right,pick up the left block,pick up the right block,0.22034190595149994,0.23659747838974
2026_08_18_00_52_54_907596_L3_right_C0,L3,C0,blue,right,right,0,0.1322314049586777,2,right_left,pick up the right block,pick up the left block,0.23659747838974,0.22034190595149994
2026_08_18_00_52_54_907596_L3_right_C0,L3,C0,blue,right,right,2,0.39669421487603307,0,left_left,pick up the left block,pick up the left block,0.2486979067325592,0.2486979067325592
2026_08_18_00_52_54_907596_L3_right_C0,L3,C0,blue,right,right,2,0.39669421487603307,0,right_right,pick up the right block,pick up the right block,0.3199453055858612,0.3199453055858612
2026_08_18_00_52_54_907596_L3_right_C0,L3,C0,blue,right,right,2,0.39669421487603307,0,left_right,pick up the left block,pick up the right block,0.2486979067325592,0.3199453055858612
2026_08_18_00_52_54_907596_L3_right_C0,L3,C0,blue,right,right,2,0.39669421487603307,0,right_left,pick up the right block,pick up the left block,0.3199453055858612,0.2486979067325592
2026_08_18_00_52_54_907596_L3_right_C0,L3,C0,blue,right,right,2,0.39669421487603307,1,left_left,pick up the left block,pick up the left block,0.1282741129398346,0.1282741129398346
2026_08_18_00_52_54_907596_L3_right_C0,L3,C0,blue,right,right,2,0.39669421487603307,1,right_right,pick up the right block,pick up the right block,0.19633398950099945,0.19633398950099945
2026_08_18_00_52_54_907596_L3_right_C0,L3,C0,blue,right,right,2,0.39669421487603307,1,left_right,pick up the left block,pick up the right block,0.1282741129398346,0.19633398950099945
2026_08_18_00_52_54_907596_L3_right_C0,L3,C0,blue,right,right,2,0.39669421487603307,1,right_left,pick up the right block,pick up the left block,0.19633398950099945,0.1282741129398346
2026_08_18_00_52_54_907596_L3_right_C0,L3,C0,blue,right,right,2,0.39669421487603307,2,left_left,pick up the left block,pick up the left block,0.17993620038032532,0.17993620038032532
2026_08_18_00_52_54_907596_L3_right_C0,L3,C0,blue,right,right,2,0.39669421487603307,2,right_right,pick up the right block,pick up the right block,0.2291082739830017,0.2291082739830017
2026_08_18_00_52_54_907596_L3_right_C0,L3,C0,blue,right,right,2,0.39669421487603307,2,left_right,pick up the left block,pick up the right block,0.17993620038032532,0.2291082739830017
2026_08_18_00_52_54_907596_L3_right_C0,L3,C0,blue,right,right,2,0.39669421487603307,2,right_left,pick up the right block,pick up the left block,0.2291082739830017,0.17993620038032532
2026_08_18_00_52_54_907596_L3_right_C0,L3,C0,blue,right,right,7,1.0,0,left_left,pick up the left block,pick up the left block,0.2091130018234253,0.2091130018234253
2026_08_18_00_52_54_907596_L3_right_C0,L3,C0,blue,right,right,7,1.0,0,right_right,pick up the right block,pick up the right block,0.2179046869277954,0.2179046869277954
2026_08_18_00_52_54_907596_L3_right_C0,L3,C0,blue,right,right,7,1.0,0,left_right,pick up the left block,pick up the right block,0.2091130018234253,0.2179046869277954
2026_08_18_00_52_54_907596_L3_right_C0,L3,C0,blue,right,right,7,1.0,0,right_left,pick up the right block,pick up the left block,0.2179046869277954,0.2091130018234253
2026_08_18_00_52_54_907596_L3_right_C0,L3,C0,blue,right,right,7,1.0,1,left_left,pick up the left block,pick up the left block,0.2751067578792572,0.2751067578792572
2026_08_18_00_52_54_907596_L3_right_C0,L3,C0,blue,right,right,7,1.0,1,right_right,pick up the right block,pick up the right block,0.2900368869304657,0.2900368869304657
2026_08_18_00_52_54_907596_L3_right_C0,L3,C0,blue,right,right,7,1.0,1,left_right,pick up the left block,pick up the right block,0.2751067578792572,0.2900368869304657
2026_08_18_00_52_54_907596_L3_right_C0,L3,C0,blue,right,right,7,1.0,1,right_left,pick up the right block,pick up the left block,0.2900368869304657,0.2751067578792572
2026_08_18_00_52_54_907596_L3_right_C0,L3,C0,blue,right,right,7,1.0,2,left_left,pick up the left block,pick up the left block,0.24281659722328186,0.24281659722328186
2026_08_18_00_52_54_907596_L3_right_C0,L3,C0,blue,right,right,7,1.0,2,right_right,pick up the right block,pick up the right block,0.25646665692329407,0.25646665692329407
2026_08_18_00_52_54_907596_L3_right_C0,L3,C0,blue,right,right,7,1.0,2,left_right,pick up the left block,pick up the right block,0.24281659722328186,0.25646665692329407
2026_08_18_00_52_54_907596_L3_right_C0,L3,C0,blue,right,right,7,1.0,2,right_left,pick up the right block,pick up the left block,0.25646665692329407,0.24281659722328186
2026_08_18_00_53_23_339528_L3_right_C1,L3,C1,blue,right,right,0,0.12121212121212122,0,left_left,pick up the left block,pick up the left block,0.2754059135913849,0.2754059135913849
2026_08_18_00_53_23_339528_L3_right_C1,L3,C1,blue,right,right,0,0.12121212121212122,0,right_right,pick up the right block,pick up the right block,0.24094688892364502,0.24094688892364502
2026_08_18_00_53_23_339528_L3_right_C1,L3,C1,blue,right,right,0,0.12121212121212122,0,left_right,pick up the left block,pick up the right block,0.2754059135913849,0.24094688892364502
2026_08_18_00_53_23_339528_L3_right_C1,L3,C1,blue,right,right,0,0.12121212121212122,0,right_left,pick up the right block,pick up the left block,0.24094688892364502,0.2754059135913849
2026_08_18_00_53_23_339528_L3_right_C1,L3,C1,blue,right,right,0,0.12121212121212122,1,left_left,pick up the left block,pick up the left block,0.4486195743083954,0.4486195743083954
2026_08_18_00_53_23_339528_L3_right_C1,L3,C1,blue,right,right,0,0.12121212121212122,1,right_right,pick up the right block,pick up the right block,0.42655104398727417,0.42655104398727417
2026_08_18_00_53_23_339528_L3_right_C1,L3,C1,blue,right,right,0,0.12121212121212122,1,left_right,pick up the left block,pick up the right block,0.4486195743083954,0.42655104398727417
2026_08_18_00_53_23_339528_L3_right_C1,L3,C1,blue,right,right,0,0.12121212121212122,1,right_left,pick up the right block,pick up the left block,0.42655104398727417,0.4486195743083954
2026_08_18_00_53_23_339528_L3_right_C1,L3,C1,blue,right,right,0,0.12121212121212122,2,left_left,pick up the left block,pick up the left block,0.4352281093597412,0.4352281093597412
2026_08_18_00_53_23_339528_L3_right_C1,L3,C1,blue,right,right,0,0.12121212121212122,2,right_right,pick up the right block,pick up the right block,0.4010718762874603,0.4010718762874603
2026_08_18_00_53_23_339528_L3_right_C1,L3,C1,blue,right,right,0,0.12121212121212122,2,left_right,pick up the left block,pick up the right block,0.4352281093597412,0.4010718762874603
2026_08_18_00_53_23_339528_L3_right_C1,L3,C1,blue,right,right,0,0.12121212121212122,2,right_left,pick up the right block,pick up the left block,0.4010718762874603,0.4352281093597412
2026_08_18_00_53_23_339528_L3_right_C1,L3,C1,blue,right,right,2,0.36363636363636365,0,left_left,pick up the left block,pick up the left block,0.13038931787014008,0.13038931787014008
2026_08_18_00_53_23_339528_L3_right_C1,L3,C1,blue,right,right,2,0.36363636363636365,0,right_right,pick up the right block,pick up the right block,0.1565680056810379,0.1565680056810379
2026_08_18_00_53_23_339528_L3_right_C1,L3,C1,blue,right,right,2,0.36363636363636365,0,left_right,pick up the left block,pick up the right block,0.13038931787014008,0.1565680056810379
2026_08_18_00_53_23_339528_L3_right_C1,L3,C1,blue,right,right,2,0.36363636363636365,0,right_left,pick up the right block,pick up the left block,0.1565680056810379,0.13038931787014008
2026_08_18_00_53_23_339528_L3_right_C1,L3,C1,blue,right,right,2,0.36363636363636365,1,left_left,pick up the left block,pick up the left block,0.17512041330337524,0.17512041330337524
2026_08_18_00_53_23_339528_L3_right_C1,L3,C1,blue,right,right,2,0.36363636363636365,1,right_right,pick up the right block,pick up the right block,0.2046383023262024,0.2046383023262024
2026_08_18_00_53_23_339528_L3_right_C1,L3,C1,blue,right,right,2,0.36363636363636365,1,left_right,pick up the left block,pick up the right block,0.17512041330337524,0.2046383023262024
2026_08_18_00_53_23_339528_L3_right_C1,L3,C1,blue,right,right,2,0.36363636363636365,1,right_left,pick up the right block,pick up the left block,0.2046383023262024,0.17512041330337524
2026_08_18_00_53_23_339528_L3_right_C1,L3,C1,blue,right,right,2,0.36363636363636365,2,left_left,pick up the left block,pick up the left block,0.18353724479675293,0.18353724479675293
2026_08_18_00_53_23_339528_L3_right_C1,L3,C1,blue,right,right,2,0.36363636363636365,2,right_right,pick up the right block,pick up the right block,0.25942033529281616,0.25942033529281616
2026_08_18_00_53_23_339528_L3_right_C1,L3,C1,blue,right,right,2,0.36363636363636365,2,left_right,pick up the left block,pick up the right block,0.18353724479675293,0.25942033529281616
2026_08_18_00_53_23_339528_L3_right_C1,L3,C1,blue,right,right,2,0.36363636363636365,2,right_left,pick up the right block,pick up the left block,0.25942033529281616,0.18353724479675293
2026_08_18_00_53_23_339528_L3_right_C1,L3,C1,blue,right,right,8,1.0,0,left_left,pick up the left block,pick up the left block,0.36361005902290344,0.36361005902290344
2026_08_18_00_53_23_339528_L3_right_C1,L3,C1,blue,right,right,8,1.0,0,right_right,pick up the right block,pick up the right block,0.36410361528396606,0.36410361528396606
2026_08_18_00_53_23_339528_L3_right_C1,L3,C1,blue,right,right,8,1.0,0,left_right,pick up the left block,pick up the right block,0.36361005902290344,0.36410361528396606
2026_08_18_00_53_23_339528_L3_right_C1,L3,C1,blue,right,right,8,1.0,0,right_left,pick up the right block,pick up the left block,0.36410361528396606,0.36361005902290344
2026_08_18_00_53_23_339528_L3_right_C1,L3,C1,blue,right,right,8,1.0,1,left_left,pick up the left block,pick up the left block,0.30363529920578003,0.30363529920578003
2026_08_18_00_53_23_339528_L3_right_C1,L3,C1,blue,right,right,8,1.0,1,right_right,pick up the right block,pick up the right block,0.3014799654483795,0.3014799654483795
2026_08_18_00_53_23_339528_L3_right_C1,L3,C1,blue,right,right,8,1.0,1,left_right,pick up the left block,pick up the right block,0.30363529920578003,0.3014799654483795
2026_08_18_00_53_23_339528_L3_right_C1,L3,C1,blue,right,right,8,1.0,1,right_left,pick up the right block,pick up the left block,0.3014799654483795,0.30363529920578003
2026_08_18_00_53_23_339528_L3_right_C1,L3,C1,blue,right,right,8,1.0,2,left_left,pick up the left block,pick up the left block,0.1904609501361847,0.1904609501361847
2026_08_18_00_53_23_339528_L3_right_C1,L3,C1,blue,right,right,8,1.0,2,right_right,pick up the right block,pick up the right block,0.182295560836792,0.182295560836792
2026_08_18_00_53_23_339528_L3_right_C1,L3,C1,blue,right,right,8,1.0,2,left_right,pick up the left block,pick up the right block,0.1904609501361847,0.182295560836792
2026_08_18_00_53_23_339528_L3_right_C1,L3,C1,blue,right,right,8,1.0,2,right_left,pick up the right block,pick up the left block,0.182295560836792,0.1904609501361847
2026_08_18_00_53_52_283658_L3_right_C2,L3,C2,blue,right,right,0,0.10062893081761007,0,left_left,pick up the left block,pick up the left block,0.3082273006439209,0.3082273006439209
2026_08_18_00_53_52_283658_L3_right_C2,L3,C2,blue,right,right,0,0.10062893081761007,0,right_right,pick up the right block,pick up the right block,0.3609159290790558,0.3609159290790558
2026_08_18_00_53_52_283658_L3_right_C2,L3,C2,blue,right,right,0,0.10062893081761007,0,left_right,pick up the left block,pick up the right block,0.3082273006439209,0.3609159290790558
2026_08_18_00_53_52_283658_L3_right_C2,L3,C2,blue,right,right,0,0.10062893081761007,0,right_left,pick up the right block,pick up the left block,0.3609159290790558,0.3082273006439209
2026_08_18_00_53_52_283658_L3_right_C2,L3,C2,blue,right,right,0,0.10062893081761007,1,left_left,pick up the left block,pick up the left block,0.36170700192451477,0.36170700192451477
2026_08_18_00_53_52_283658_L3_right_C2,L3,C2,blue,right,right,0,0.10062893081761007,1,right_right,pick up the right block,pick up the right block,0.3791846036911011,0.3791846036911011
2026_08_18_00_53_52_283658_L3_right_C2,L3,C2,blue,right,right,0,0.10062893081761007,1,left_right,pick up the left block,pick up the right block,0.36170700192451477,0.3791846036911011
2026_08_18_00_53_52_283658_L3_right_C2,L3,C2,blue,right,right,0,0.10062893081761007,1,right_left,pick up the right block,pick up the left block,0.3791846036911011,0.36170700192451477
2026_08_18_00_53_52_283658_L3_right_C2,L3,C2,blue,right,right,0,0.10062893081761007,2,left_left,pick up the left block,pick up the left block,0.38493311405181885,0.38493311405181885
2026_08_18_00_53_52_283658_L3_right_C2,L3,C2,blue,right,right,0,0.10062893081761007,2,right_right,pick up the right block,pick up the right block,0.3602825105190277,0.3602825105190277
2026_08_18_00_53_52_283658_L3_right_C2,L3,C2,blue,right,right,0,0.10062893081761007,2,left_right,pick up the left block,pick up the right block,0.38493311405181885,0.3602825105190277
2026_08_18_00_53_52_283658_L3_right_C2,L3,C2,blue,right,right,0,0.10062893081761007,2,right_left,pick up the right block,pick up the left block,0.3602825105190277,0.38493311405181885
2026_08_18_00_53_52_283658_L3_right_C2,L3,C2,blue,right,right,3,0.4025157232704403,0,left_left,pick up the left block,pick up the left block,0.2140253484249115,0.2140253484249115
2026_08_18_00_53_52_283658_L3_right_C2,L3,C2,blue,right,right,3,0.4025157232704403,0,right_right,pick up the right block,pick up the right block,0.22895942628383636,0.22895942628383636
2026_08_18_00_53_52_283658_L3_right_C2,L3,C2,blue,right,right,3,0.4025157232704403,0,left_right,pick up the left block,pick up the right block,0.2140253484249115,0.22895942628383636
2026_08_18_00_53_52_283658_L3_right_C2,L3,C2,blue,right,right,3,0.4025157232704403,0,right_left,pick up the right block,pick up the left block,0.22895942628383636,0.2140253484249115
2026_08_18_00_53_52_283658_L3_right_C2,L3,C2,blue,right,right,3,0.4025157232704403,1,left_left,pick up the left block,pick up the left block,0.28667768836021423,0.28667768836021423
2026_08_18_00_53_52_283658_L3_right_C2,L3,C2,blue,right,right,3,0.4025157232704403,1,right_right,pick up the right block,pick up the right block,0.31560996174812317,0.31560996174812317
2026_08_18_00_53_52_283658_L3_right_C2,L3,C2,blue,right,right,3,0.4025157232704403,1,left_right,pick up the left block,pick up the right block,0.28667768836021423,0.31560996174812317
2026_08_18_00_53_52_283658_L3_right_C2,L3,C2,blue,right,right,3,0.4025157232704403,1,right_left,pick up the right block,pick up the left block,0.31560996174812317,0.28667768836021423
2026_08_18_00_53_52_283658_L3_right_C2,L3,C2,blue,right,right,3,0.4025157232704403,2,left_left,pick up the left block,pick up the left block,0.21254703402519226,0.21254703402519226
2026_08_18_00_53_52_283658_L3_right_C2,L3,C2,blue,right,right,3,0.4025157232704403,2,right_right,pick up the right block,pick up the right block,0.24263861775398254,0.24263861775398254
2026_08_18_00_53_52_283658_L3_right_C2,L3,C2,blue,right,right,3,0.4025157232704403,2,left_right,pick up the left block,pick up the right block,0.21254703402519226,0.24263861775398254
2026_08_18_00_53_52_283658_L3_right_C2,L3,C2,blue,right,right,3,0.4025157232704403,2,right_left,pick up the right block,pick up the left block,0.24263861775398254,0.21254703402519226
2026_08_18_00_53_52_283658_L3_right_C2,L3,C2,blue,right,right,9,1.0,0,left_left,pick up the left block,pick up the left block,0.29655662178993225,0.29655662178993225
2026_08_18_00_53_52_283658_L3_right_C2,L3,C2,blue,right,right,9,1.0,0,right_right,pick up the right block,pick up the right block,0.2916167080402374,0.2916167080402374
2026_08_18_00_53_52_283658_L3_right_C2,L3,C2,blue,right,right,9,1.0,0,left_right,pick up the left block,pick up the right block,0.29655662178993225,0.2916167080402374
2026_08_18_00_53_52_283658_L3_right_C2,L3,C2,blue,right,right,9,1.0,0,right_left,pick up the right block,pick up the left block,0.2916167080402374,0.29655662178993225
2026_08_18_00_53_52_283658_L3_right_C2,L3,C2,blue,right,right,9,1.0,1,left_left,pick up the left block,pick up the left block,0.30460476875305176,0.30460476875305176
2026_08_18_00_53_52_283658_L3_right_C2,L3,C2,blue,right,right,9,1.0,1,right_right,pick up the right block,pick up the right block,0.29838621616363525,0.29838621616363525
2026_08_18_00_53_52_283658_L3_right_C2,L3,C2,blue,right,right,9,1.0,1,left_right,pick up the left block,pick up the right block,0.30460476875305176,0.29838621616363525
2026_08_18_00_53_52_283658_L3_right_C2,L3,C2,blue,right,right,9,1.0,1,right_left,pick up the right block,pick up the left block,0.29838621616363525,0.30460476875305176
2026_08_18_00_53_52_283658_L3_right_C2,L3,C2,blue,right,right,9,1.0,2,left_left,pick up the left block,pick up the left block,0.34501224756240845,0.34501224756240845
2026_08_18_00_53_52_283658_L3_right_C2,L3,C2,blue,right,right,9,1.0,2,right_right,pick up the right block,pick up the right block,0.3393772840499878,0.3393772840499878
2026_08_18_00_53_52_283658_L3_right_C2,L3,C2,blue,right,right,9,1.0,2,left_right,pick up the left block,pick up the right block,0.34501224756240845,0.3393772840499878
2026_08_18_00_53_52_283658_L3_right_C2,L3,C2,blue,right,right,9,1.0,2,right_left,pick up the right block,pick up the left block,0.3393772840499878,0.34501224756240845
2026_08_18_00_54_32_747715_L3_left_C0,L3,C0,red,left,right,0,0.13333333333333333,0,left_left,pick up the left block,pick up the left block,0.35251694917678833,0.35251694917678833
2026_08_18_00_54_32_747715_L3_left_C0,L3,C0,red,left,right,0,0.13333333333333333,0,right_right,pick up the right block,pick up the right block,0.4358046054840088,0.4358046054840088
2026_08_18_00_54_32_747715_L3_left_C0,L3,C0,red,left,right,0,0.13333333333333333,0,left_right,pick up the left block,pick up the right block,0.35251694917678833,0.4358046054840088
2026_08_18_00_54_32_747715_L3_left_C0,L3,C0,red,left,right,0,0.13333333333333333,0,right_left,pick up the right block,pick up the left block,0.4358046054840088,0.35251694917678833
2026_08_18_00_54_32_747715_L3_left_C0,L3,C0,red,left,right,0,0.13333333333333333,1,left_left,pick up the left block,pick up the left block,0.2938978672027588,0.2938978672027588
2026_08_18_00_54_32_747715_L3_left_C0,L3,C0,red,left,right,0,0.13333333333333333,1,right_right,pick up the right block,pick up the right block,0.3635321855545044,0.3635321855545044
2026_08_18_00_54_32_747715_L3_left_C0,L3,C0,red,left,right,0,0.13333333333333333,1,left_right,pick up the left block,pick up the right block,0.2938978672027588,0.3635321855545044
2026_08_18_00_54_32_747715_L3_left_C0,L3,C0,red,left,right,0,0.13333333333333333,1,right_left,pick up the right block,pick up the left block,0.3635321855545044,0.2938978672027588
2026_08_18_00_54_32_747715_L3_left_C0,L3,C0,red,left,right,0,0.13333333333333333,2,left_left,pick up the left block,pick up the left block,0.2903056740760803,0.2903056740760803
2026_08_18_00_54_32_747715_L3_left_C0,L3,C0,red,left,right,0,0.13333333333333333,2,right_right,pick up the right block,pick up the right block,0.3812277019023895,0.3812277019023895
2026_08_18_00_54_32_747715_L3_left_C0,L3,C0,red,left,right,0,0.13333333333333333,2,left_right,pick up the left block,pick up the right block,0.2903056740760803,0.3812277019023895
2026_08_18_00_54_32_747715_L3_left_C0,L3,C0,red,left,right,0,0.13333333333333333,2,right_left,pick up the right block,pick up the left block,0.3812277019023895,0.2903056740760803
2026_08_18_00_54_32_747715_L3_left_C0,L3,C0,red,left,right,2,0.4,0,left_left,pick up the left block,pick up the left block,0.28293922543525696,0.28293922543525696
2026_08_18_00_54_32_747715_L3_left_C0,L3,C0,red,left,right,2,0.4,0,right_right,pick up the right block,pick up the right block,0.35106098651885986,0.35106098651885986
2026_08_18_00_54_32_747715_L3_left_C0,L3,C0,red,left,right,2,0.4,0,left_right,pick up the left block,pick up the right block,0.28293922543525696,0.35106098651885986
2026_08_18_00_54_32_747715_L3_left_C0,L3,C0,red,left,right,2,0.4,0,right_left,pick up the right block,pick up the left block,0.35106098651885986,0.28293922543525696
2026_08_18_00_54_32_747715_L3_left_C0,L3,C0,red,left,right,2,0.4,1,left_left,pick up the left block,pick up the left block,0.13965415954589844,0.13965415954589844
2026_08_18_00_54_32_747715_L3_left_C0,L3,C0,red,left,right,2,0.4,1,right_right,pick up the right block,pick up the right block,0.1891491413116455,0.1891491413116455
2026_08_18_00_54_32_747715_L3_left_C0,L3,C0,red,left,right,2,0.4,1,left_right,pick up the left block,pick up the right block,0.13965415954589844,0.1891491413116455
2026_08_18_00_54_32_747715_L3_left_C0,L3,C0,red,left,right,2,0.4,1,right_left,pick up the right block,pick up the left block,0.1891491413116455,0.13965415954589844
2026_08_18_00_54_32_747715_L3_left_C0,L3,C0,red,left,right,2,0.4,2,left_left,pick up the left block,pick up the left block,0.15552332997322083,0.15552332997322083
2026_08_18_00_54_32_747715_L3_left_C0,L3,C0,red,left,right,2,0.4,2,right_right,pick up the right block,pick up the right block,0.24686311185359955,0.24686311185359955
2026_08_18_00_54_32_747715_L3_left_C0,L3,C0,red,left,right,2,0.4,2,left_right,pick up the left block,pick up the right block,0.15552332997322083,0.24686311185359955
2026_08_18_00_54_32_747715_L3_left_C0,L3,C0,red,left,right,2,0.4,2,right_left,pick up the right block,pick up the left block,0.24686311185359955,0.15552332997322083
2026_08_18_00_54_32_747715_L3_left_C0,L3,C0,red,left,right,7,1.0,0,left_left,pick up the left block,pick up the left block,0.29185381531715393,0.29185381531715393
2026_08_18_00_54_32_747715_L3_left_C0,L3,C0,red,left,right,7,1.0,0,right_right,pick up the right block,pick up the right block,0.2959636151790619,0.2959636151790619
2026_08_18_00_54_32_747715_L3_left_C0,L3,C0,red,left,right,7,1.0,0,left_right,pick up the left block,pick up the right block,0.29185381531715393,0.2959636151790619
2026_08_18_00_54_32_747715_L3_left_C0,L3,C0,red,left,right,7,1.0,0,right_left,pick up the right block,pick up the left block,0.2959636151790619,0.29185381531715393
2026_08_18_00_54_32_747715_L3_left_C0,L3,C0,red,left,right,7,1.0,1,left_left,pick up the left block,pick up the left block,0.16032913327217102,0.16032913327217102
2026_08_18_00_54_32_747715_L3_left_C0,L3,C0,red,left,right,7,1.0,1,right_right,pick up the right block,pick up the right block,0.16836844384670258,0.16836844384670258
2026_08_18_00_54_32_747715_L3_left_C0,L3,C0,red,left,right,7,1.0,1,left_right,pick up the left block,pick up the right block,0.16032913327217102,0.16836844384670258
2026_08_18_00_54_32_747715_L3_left_C0,L3,C0,red,left,right,7,1.0,1,right_left,pick up the right block,pick up the left block,0.16836844384670258,0.16032913327217102
2026_08_18_00_54_32_747715_L3_left_C0,L3,C0,red,left,right,7,1.0,2,left_left,pick up the left block,pick up the left block,0.16687223315238953,0.16687223315238953
2026_08_18_00_54_32_747715_L3_left_C0,L3,C0,red,left,right,7,1.0,2,right_right,pick up the right block,pick up the right block,0.17402149736881256,0.17402149736881256
2026_08_18_00_54_32_747715_L3_left_C0,L3,C0,red,left,right,7,1.0,2,left_right,pick up the left block,pick up the right block,0.16687223315238953,0.17402149736881256
2026_08_18_00_54_32_747715_L3_left_C0,L3,C0,red,left,right,7,1.0,2,right_left,pick up the right block,pick up the left block,0.17402149736881256,0.16687223315238953
2026_08_18_00_55_01_843645_L3_left_C1,L3,C1,red,left,right,0,0.12121212121212122,0,left_left,pick up the left block,pick up the left block,0.3304668664932251,0.3304668664932251
2026_08_18_00_55_01_843645_L3_left_C1,L3,C1,red,left,right,0,0.12121212121212122,0,right_right,pick up the right block,pick up the right block,0.41768696904182434,0.41768696904182434
2026_08_18_00_55_01_843645_L3_left_C1,L3,C1,red,left,right,0,0.12121212121212122,0,left_right,pick up the left block,pick up the right block,0.3304668664932251,0.41768696904182434
2026_08_18_00_55_01_843645_L3_left_C1,L3,C1,red,left,right,0,0.12121212121212122,0,right_left,pick up the right block,pick up the left block,0.41768696904182434,0.3304668664932251
2026_08_18_00_55_01_843645_L3_left_C1,L3,C1,red,left,right,0,0.12121212121212122,1,left_left,pick up the left block,pick up the left block,0.3074040710926056,0.3074040710926056
2026_08_18_00_55_01_843645_L3_left_C1,L3,C1,red,left,right,0,0.12121212121212122,1,right_right,pick up the right block,pick up the right block,0.3406910002231598,0.3406910002231598
2026_08_18_00_55_01_843645_L3_left_C1,L3,C1,red,left,right,0,0.12121212121212122,1,left_right,pick up the left block,pick up the right block,0.3074040710926056,0.3406910002231598
2026_08_18_00_55_01_843645_L3_left_C1,L3,C1,red,left,right,0,0.12121212121212122,1,right_left,pick up the right block,pick up the left block,0.3406910002231598,0.3074040710926056
2026_08_18_00_55_01_843645_L3_left_C1,L3,C1,red,left,right,0,0.12121212121212122,2,left_left,pick up the left block,pick up the left block,0.38708963990211487,0.38708963990211487
2026_08_18_00_55_01_843645_L3_left_C1,L3,C1,red,left,right,0,0.12121212121212122,2,right_right,pick up the right block,pick up the right block,0.3918268382549286,0.3918268382549286
2026_08_18_00_55_01_843645_L3_left_C1,L3,C1,red,left,right,0,0.12121212121212122,2,left_right,pick up the left block,pick up the right block,0.38708963990211487,0.3918268382549286
2026_08_18_00_55_01_843645_L3_left_C1,L3,C1,red,left,right,0,0.12121212121212122,2,right_left,pick up the right block,pick up the left block,0.3918268382549286,0.38708963990211487
2026_08_18_00_55_01_843645_L3_left_C1,L3,C1,red,left,right,2,0.36363636363636365,0,left_left,pick up the left block,pick up the left block,0.1939481943845749,0.1939481943845749
2026_08_18_00_55_01_843645_L3_left_C1,L3,C1,red,left,right,2,0.36363636363636365,0,right_right,pick up the right block,pick up the right block,0.23748299479484558,0.23748299479484558
2026_08_18_00_55_01_843645_L3_left_C1,L3,C1,red,left,right,2,0.36363636363636365,0,left_right,pick up the left block,pick up the right block,0.1939481943845749,0.23748299479484558
2026_08_18_00_55_01_843645_L3_left_C1,L3,C1,red,left,right,2,0.36363636363636365,0,right_left,pick up the right block,pick up the left block,0.23748299479484558,0.1939481943845749
2026_08_18_00_55_01_843645_L3_left_C1,L3,C1,red,left,right,2,0.36363636363636365,1,left_left,pick up the left block,pick up the left block,0.2161310315132141,0.2161310315132141
2026_08_18_00_55_01_843645_L3_left_C1,L3,C1,red,left,right,2,0.36363636363636365,1,right_right,pick up the right block,pick up the right block,0.24298636615276337,0.24298636615276337
2026_08_18_00_55_01_843645_L3_left_C1,L3,C1,red,left,right,2,0.36363636363636365,1,left_right,pick up the left block,pick up the right block,0.2161310315132141,0.24298636615276337
2026_08_18_00_55_01_843645_L3_left_C1,L3,C1,red,left,right,2,0.36363636363636365,1,right_left,pick up the right block,pick up the left block,0.24298636615276337,0.2161310315132141
2026_08_18_00_55_01_843645_L3_left_C1,L3,C1,red,left,right,2,0.36363636363636365,2,left_left,pick up the left block,pick up the left block,0.19148962199687958,0.19148962199687958
2026_08_18_00_55_01_843645_L3_left_C1,L3,C1,red,left,right,2,0.36363636363636365,2,right_right,pick up the right block,pick up the right block,0.23599116504192352,0.23599116504192352
2026_08_18_00_55_01_843645_L3_left_C1,L3,C1,red,left,right,2,0.36363636363636365,2,left_right,pick up the left block,pick up the right block,0.19148962199687958,0.23599116504192352
2026_08_18_00_55_01_843645_L3_left_C1,L3,C1,red,left,right,2,0.36363636363636365,2,right_left,pick up the right block,pick up the left block,0.23599116504192352,0.19148962199687958
2026_08_18_00_55_01_843645_L3_left_C1,L3,C1,red,left,right,8,1.0,0,left_left,pick up the left block,pick up the left block,0.31452682614326477,0.31452682614326477
2026_08_18_00_55_01_843645_L3_left_C1,L3,C1,red,left,right,8,1.0,0,right_right,pick up the right block,pick up the right block,0.3178362548351288,0.3178362548351288
2026_08_18_00_55_01_843645_L3_left_C1,L3,C1,red,left,right,8,1.0,0,left_right,pick up the left block,pick up the right block,0.31452682614326477,0.3178362548351288
2026_08_18_00_55_01_843645_L3_left_C1,L3,C1,red,left,right,8,1.0,0,right_left,pick up the right block,pick up the left block,0.3178362548351288,0.31452682614326477
2026_08_18_00_55_01_843645_L3_left_C1,L3,C1,red,left,right,8,1.0,1,left_left,pick up the left block,pick up the left block,0.26156318187713623,0.26156318187713623
2026_08_18_00_55_01_843645_L3_left_C1,L3,C1,red,left,right,8,1.0,1,right_right,pick up the right block,pick up the right block,0.2654787600040436,0.2654787600040436
2026_08_18_00_55_01_843645_L3_left_C1,L3,C1,red,left,right,8,1.0,1,left_right,pick up the left block,pick up the right block,0.26156318187713623,0.2654787600040436
2026_08_18_00_55_01_843645_L3_left_C1,L3,C1,red,left,right,8,1.0,1,right_left,pick up the right block,pick up the left block,0.2654787600040436,0.26156318187713623
2026_08_18_00_55_01_843645_L3_left_C1,L3,C1,red,left,right,8,1.0,2,left_left,pick up the left block,pick up the left block,0.17339712381362915,0.17339712381362915
2026_08_18_00_55_01_843645_L3_left_C1,L3,C1,red,left,right,8,1.0,2,right_right,pick up the right block,pick up the right block,0.17620639503002167,0.17620639503002167
2026_08_18_00_55_01_843645_L3_left_C1,L3,C1,red,left,right,8,1.0,2,left_right,pick up the left block,pick up the right block,0.17339712381362915,0.17620639503002167
2026_08_18_00_55_01_843645_L3_left_C1,L3,C1,red,left,right,8,1.0,2,right_left,pick up the right block,pick up the left block,0.17620639503002167,0.17339712381362915
2026_08_18_00_55_32_860317_L3_left_C2,L3,C2,red,left,right,0,0.09142857142857143,0,left_left,pick up the left block,pick up the left block,0.24622182548046112,0.24622182548046112
2026_08_18_00_55_32_860317_L3_left_C2,L3,C2,red,left,right,0,0.09142857142857143,0,right_right,pick up the right block,pick up the right block,0.35317516326904297,0.35317516326904297
2026_08_18_00_55_32_860317_L3_left_C2,L3,C2,red,left,right,0,0.09142857142857143,0,left_right,pick up the left block,pick up the right block,0.24622182548046112,0.35317516326904297
2026_08_18_00_55_32_860317_L3_left_C2,L3,C2,red,left,right,0,0.09142857142857143,0,right_left,pick up the right block,pick up the left block,0.35317516326904297,0.24622182548046112
2026_08_18_00_55_32_860317_L3_left_C2,L3,C2,red,left,right,0,0.09142857142857143,1,left_left,pick up the left block,pick up the left block,0.3466893434524536,0.3466893434524536
2026_08_18_00_55_32_860317_L3_left_C2,L3,C2,red,left,right,0,0.09142857142857143,1,right_right,pick up the right block,pick up the right block,0.323578804731369,0.323578804731369
2026_08_18_00_55_32_860317_L3_left_C2,L3,C2,red,left,right,0,0.09142857142857143,1,left_right,pick up the left block,pick up the right block,0.3466893434524536,0.323578804731369
2026_08_18_00_55_32_860317_L3_left_C2,L3,C2,red,left,right,0,0.09142857142857143,1,right_left,pick up the right block,pick up the left block,0.323578804731369,0.3466893434524536
2026_08_18_00_55_32_860317_L3_left_C2,L3,C2,red,left,right,0,0.09142857142857143,2,left_left,pick up the left block,pick up the left block,0.4337165355682373,0.4337165355682373
2026_08_18_00_55_32_860317_L3_left_C2,L3,C2,red,left,right,0,0.09142857142857143,2,right_right,pick up the right block,pick up the right block,0.45450353622436523,0.45450353622436523
2026_08_18_00_55_32_860317_L3_left_C2,L3,C2,red,left,right,0,0.09142857142857143,2,left_right,pick up the left block,pick up the right block,0.4337165355682373,0.45450353622436523
2026_08_18_00_55_32_860317_L3_left_C2,L3,C2,red,left,right,0,0.09142857142857143,2,right_left,pick up the right block,pick up the left block,0.45450353622436523,0.4337165355682373
2026_08_18_00_55_32_860317_L3_left_C2,L3,C2,red,left,right,3,0.3657142857142857,0,left_left,pick up the left block,pick up the left block,0.2731187045574188,0.2731187045574188
2026_08_18_00_55_32_860317_L3_left_C2,L3,C2,red,left,right,3,0.3657142857142857,0,right_right,pick up the right block,pick up the right block,0.2969016134738922,0.2969016134738922
2026_08_18_00_55_32_860317_L3_left_C2,L3,C2,red,left,right,3,0.3657142857142857,0,left_right,pick up the left block,pick up the right block,0.2731187045574188,0.2969016134738922
2026_08_18_00_55_32_860317_L3_left_C2,L3,C2,red,left,right,3,0.3657142857142857,0,right_left,pick up the right block,pick up the left block,0.2969016134738922,0.2731187045574188
2026_08_18_00_55_32_860317_L3_left_C2,L3,C2,red,left,right,3,0.3657142857142857,1,left_left,pick up the left block,pick up the left block,0.22071176767349243,0.22071176767349243
2026_08_18_00_55_32_860317_L3_left_C2,L3,C2,red,left,right,3,0.3657142857142857,1,right_right,pick up the right block,pick up the right block,0.23408102989196777,0.23408102989196777
2026_08_18_00_55_32_860317_L3_left_C2,L3,C2,red,left,right,3,0.3657142857142857,1,left_right,pick up the left block,pick up the right block,0.22071176767349243,0.23408102989196777
2026_08_18_00_55_32_860317_L3_left_C2,L3,C2,red,left,right,3,0.3657142857142857,1,right_left,pick up the right block,pick up the left block,0.23408102989196777,0.22071176767349243
2026_08_18_00_55_32_860317_L3_left_C2,L3,C2,red,left,right,3,0.3657142857142857,2,left_left,pick up the left block,pick up the left block,0.3260268568992615,0.3260268568992615
2026_08_18_00_55_32_860317_L3_left_C2,L3,C2,red,left,right,3,0.3657142857142857,2,right_right,pick up the right block,pick up the right block,0.3423362672328949,0.3423362672328949
2026_08_18_00_55_32_860317_L3_left_C2,L3,C2,red,left,right,3,0.3657142857142857,2,left_right,pick up the left block,pick up the right block,0.3260268568992615,0.3423362672328949
2026_08_18_00_55_32_860317_L3_left_C2,L3,C2,red,left,right,3,0.3657142857142857,2,right_left,pick up the right block,pick up the left block,0.3423362672328949,0.3260268568992615
2026_08_18_00_55_32_860317_L3_left_C2,L3,C2,red,left,right,10,1.0,0,left_left,pick up the left block,pick up the left block,0.19413968920707703,0.19413968920707703
2026_08_18_00_55_32_860317_L3_left_C2,L3,C2,red,left,right,10,1.0,0,right_right,pick up the right block,pick up the right block,0.2004140317440033,0.2004140317440033
2026_08_18_00_55_32_860317_L3_left_C2,L3,C2,red,left,right,10,1.0,0,left_right,pick up the left block,pick up the right block,0.19413968920707703,0.2004140317440033
2026_08_18_00_55_32_860317_L3_left_C2,L3,C2,red,left,right,10,1.0,0,right_left,pick up the right block,pick up the left block,0.2004140317440033,0.19413968920707703
2026_08_18_00_55_32_860317_L3_left_C2,L3,C2,red,left,right,10,1.0,1,left_left,pick up the left block,pick up the left block,0.2685993015766144,0.2685993015766144
2026_08_18_00_55_32_860317_L3_left_C2,L3,C2,red,left,right,10,1.0,1,right_right,pick up the right block,pick up the right block,0.27448350191116333,0.27448350191116333
2026_08_18_00_55_32_860317_L3_left_C2,L3,C2,red,left,right,10,1.0,1,left_right,pick up the left block,pick up the right block,0.2685993015766144,0.27448350191116333
2026_08_18_00_55_32_860317_L3_left_C2,L3,C2,red,left,right,10,1.0,1,right_left,pick up the right block,pick up the left block,0.27448350191116333,0.2685993015766144
2026_08_18_00_55_32_860317_L3_left_C2,L3,C2,red,left,right,10,1.0,2,left_left,pick up the left block,pick up the left block,0.3170793056488037,0.3170793056488037
2026_08_18_00_55_32_860317_L3_left_C2,L3,C2,red,left,right,10,1.0,2,right_right,pick up the right block,pick up the right block,0.3203067481517792,0.3203067481517792
2026_08_18_00_55_32_860317_L3_left_C2,L3,C2,red,left,right,10,1.0,2,left_right,pick up the left block,pick up the right block,0.3170793056488037,0.3203067481517792
2026_08_18_00_55_32_860317_L3_left_C2,L3,C2,red,left,right,10,1.0,2,right_left,pick up the right block,pick up the left block,0.3203067481517792,0.3170793056488037
2026_08_18_00_56_19_492037_L3_right_C0,L3,C0,red,right,left,0,0.13333333333333333,0,left_left,pick up the left block,pick up the left block,0.30762535333633423,0.30762535333633423
2026_08_18_00_56_19_492037_L3_right_C0,L3,C0,red,right,left,0,0.13333333333333333,0,right_right,pick up the right block,pick up the right block,0.34153831005096436,0.34153831005096436
2026_08_18_00_56_19_492037_L3_right_C0,L3,C0,red,right,left,0,0.13333333333333333,0,left_right,pick up the left block,pick up the right block,0.30762535333633423,0.34153831005096436
2026_08_18_00_56_19_492037_L3_right_C0,L3,C0,red,right,left,0,0.13333333333333333,0,right_left,pick up the right block,pick up the left block,0.34153831005096436,0.30762535333633423
2026_08_18_00_56_19_492037_L3_right_C0,L3,C0,red,right,left,0,0.13333333333333333,1,left_left,pick up the left block,pick up the left block,0.4197497069835663,0.4197497069835663
2026_08_18_00_56_19_492037_L3_right_C0,L3,C0,red,right,left,0,0.13333333333333333,1,right_right,pick up the right block,pick up the right block,0.39902547001838684,0.39902547001838684
2026_08_18_00_56_19_492037_L3_right_C0,L3,C0,red,right,left,0,0.13333333333333333,1,left_right,pick up the left block,pick up the right block,0.4197497069835663,0.39902547001838684
2026_08_18_00_56_19_492037_L3_right_C0,L3,C0,red,right,left,0,0.13333333333333333,1,right_left,pick up the right block,pick up the left block,0.39902547001838684,0.4197497069835663
2026_08_18_00_56_19_492037_L3_right_C0,L3,C0,red,right,left,0,0.13333333333333333,2,left_left,pick up the left block,pick up the left block,0.3341529071331024,0.3341529071331024
2026_08_18_00_56_19_492037_L3_right_C0,L3,C0,red,right,left,0,0.13333333333333333,2,right_right,pick up the right block,pick up the right block,0.35967811942100525,0.35967811942100525
2026_08_18_00_56_19_492037_L3_right_C0,L3,C0,red,right,left,0,0.13333333333333333,2,left_right,pick up the left block,pick up the right block,0.3341529071331024,0.35967811942100525
2026_08_18_00_56_19_492037_L3_right_C0,L3,C0,red,right,left,0,0.13333333333333333,2,right_left,pick up the right block,pick up the left block,0.35967811942100525,0.3341529071331024
2026_08_18_00_56_19_492037_L3_right_C0,L3,C0,red,right,left,2,0.4,0,left_left,pick up the left block,pick up the left block,0.20047681033611298,0.20047681033611298
2026_08_18_00_56_19_492037_L3_right_C0,L3,C0,red,right,left,2,0.4,0,right_right,pick up the right block,pick up the right block,0.21376940608024597,0.21376940608024597
2026_08_18_00_56_19_492037_L3_right_C0,L3,C0,red,right,left,2,0.4,0,left_right,pick up the left block,pick up the right block,0.20047681033611298,0.21376940608024597
2026_08_18_00_56_19_492037_L3_right_C0,L3,C0,red,right,left,2,0.4,0,right_left,pick up the right block,pick up the left block,0.21376940608024597,0.20047681033611298
2026_08_18_00_56_19_492037_L3_right_C0,L3,C0,red,right,left,2,0.4,1,left_left,pick up the left block,pick up the left block,0.35173824429512024,0.35173824429512024
2026_08_18_00_56_19_492037_L3_right_C0,L3,C0,red,right,left,2,0.4,1,right_right,pick up the right block,pick up the right block,0.3601493239402771,0.3601493239402771
2026_08_18_00_56_19_492037_L3_right_C0,L3,C0,red,right,left,2,0.4,1,left_right,pick up the left block,pick up the right block,0.35173824429512024,0.3601493239402771
2026_08_18_00_56_19_492037_L3_right_C0,L3,C0,red,right,left,2,0.4,1,right_left,pick up the right block,pick up the left block,0.3601493239402771,0.35173824429512024
2026_08_18_00_56_19_492037_L3_right_C0,L3,C0,red,right,left,2,0.4,2,left_left,pick up the left block,pick up the left block,0.3932859003543854,0.3932859003543854
2026_08_18_00_56_19_492037_L3_right_C0,L3,C0,red,right,left,2,0.4,2,right_right,pick up the right block,pick up the right block,0.44530189037323,0.44530189037323
2026_08_18_00_56_19_492037_L3_right_C0,L3,C0,red,right,left,2,0.4,2,left_right,pick up the left block,pick up the right block,0.3932859003543854,0.44530189037323
2026_08_18_00_56_19_492037_L3_right_C0,L3,C0,red,right,left,2,0.4,2,right_left,pick up the right block,pick up the left block,0.44530189037323,0.3932859003543854
2026_08_18_00_56_19_492037_L3_right_C0,L3,C0,red,right,left,7,1.0,0,left_left,pick up the left block,pick up the left block,0.2512088119983673,0.2512088119983673
2026_08_18_00_56_19_492037_L3_right_C0,L3,C0,red,right,left,7,1.0,0,right_right,pick up the right block,pick up the right block,0.24834692478179932,0.24834692478179932
2026_08_18_00_56_19_492037_L3_right_C0,L3,C0,red,right,left,7,1.0,0,left_right,pick up the left block,pick up the right block,0.2512088119983673,0.24834692478179932
2026_08_18_00_56_19_492037_L3_right_C0,L3,C0,red,right,left,7,1.0,0,right_left,pick up the right block,pick up the left block,0.24834692478179932,0.2512088119983673
2026_08_18_00_56_19_492037_L3_right_C0,L3,C0,red,right,left,7,1.0,1,left_left,pick up the left block,pick up the left block,0.2694397568702698,0.2694397568702698
2026_08_18_00_56_19_492037_L3_right_C0,L3,C0,red,right,left,7,1.0,1,right_right,pick up the right block,pick up the right block,0.2704814672470093,0.2704814672470093
2026_08_18_00_56_19_492037_L3_right_C0,L3,C0,red,right,left,7,1.0,1,left_right,pick up the left block,pick up the right block,0.2694397568702698,0.2704814672470093
2026_08_18_00_56_19_492037_L3_right_C0,L3,C0,red,right,left,7,1.0,1,right_left,pick up the right block,pick up the left block,0.2704814672470093,0.2694397568702698
2026_08_18_00_56_19_492037_L3_right_C0,L3,C0,red,right,left,7,1.0,2,left_left,pick up the left block,pick up the left block,0.19626924395561218,0.19626924395561218
2026_08_18_00_56_19_492037_L3_right_C0,L3,C0,red,right,left,7,1.0,2,right_right,pick up the right block,pick up the right block,0.19360244274139404,0.19360244274139404
2026_08_18_00_56_19_492037_L3_right_C0,L3,C0,red,right,left,7,1.0,2,left_right,pick up the left block,pick up the right block,0.19626924395561218,0.19360244274139404
2026_08_18_00_56_19_492037_L3_right_C0,L3,C0,red,right,left,7,1.0,2,right_left,pick up the right block,pick up the left block,0.19360244274139404,0.19626924395561218
2026_08_18_00_56_48_148319_L3_right_C1,L3,C1,red,right,left,0,0.12121212121212122,0,left_left,pick up the left block,pick up the left block,0.30086833238601685,0.30086833238601685
2026_08_18_00_56_48_148319_L3_right_C1,L3,C1,red,right,left,0,0.12121212121212122,0,right_right,pick up the right block,pick up the right block,0.2637084722518921,0.2637084722518921
2026_08_18_00_56_48_148319_L3_right_C1,L3,C1,red,right,left,0,0.12121212121212122,0,left_right,pick up the left block,pick up the right block,0.30086833238601685,0.2637084722518921
2026_08_18_00_56_48_148319_L3_right_C1,L3,C1,red,right,left,0,0.12121212121212122,0,right_left,pick up the right block,pick up the left block,0.2637084722518921,0.30086833238601685
2026_08_18_00_56_48_148319_L3_right_C1,L3,C1,red,right,left,0,0.12121212121212122,1,left_left,pick up the left block,pick up the left block,0.37304776906967163,0.37304776906967163
2026_08_18_00_56_48_148319_L3_right_C1,L3,C1,red,right,left,0,0.12121212121212122,1,right_right,pick up the right block,pick up the right block,0.30659833550453186,0.30659833550453186
2026_08_18_00_56_48_148319_L3_right_C1,L3,C1,red,right,left,0,0.12121212121212122,1,left_right,pick up the left block,pick up the right block,0.37304776906967163,0.30659833550453186
2026_08_18_00_56_48_148319_L3_right_C1,L3,C1,red,right,left,0,0.12121212121212122,1,right_left,pick up the right block,pick up the left block,0.30659833550453186,0.37304776906967163
2026_08_18_00_56_48_148319_L3_right_C1,L3,C1,red,right,left,0,0.12121212121212122,2,left_left,pick up the left block,pick up the left block,0.3255799114704132,0.3255799114704132
2026_08_18_00_56_48_148319_L3_right_C1,L3,C1,red,right,left,0,0.12121212121212122,2,right_right,pick up the right block,pick up the right block,0.2717120051383972,0.2717120051383972
2026_08_18_00_56_48_148319_L3_right_C1,L3,C1,red,right,left,0,0.12121212121212122,2,left_right,pick up the left block,pick up the right block,0.3255799114704132,0.2717120051383972
2026_08_18_00_56_48_148319_L3_right_C1,L3,C1,red,right,left,0,0.12121212121212122,2,right_left,pick up the right block,pick up the left block,0.2717120051383972,0.3255799114704132
2026_08_18_00_56_48_148319_L3_right_C1,L3,C1,red,right,left,2,0.36363636363636365,0,left_left,pick up the left block,pick up the left block,0.23817551136016846,0.23817551136016846
2026_08_18_00_56_48_148319_L3_right_C1,L3,C1,red,right,left,2,0.36363636363636365,0,right_right,pick up the right block,pick up the right block,0.28012406826019287,0.28012406826019287
2026_08_18_00_56_48_148319_L3_right_C1,L3,C1,red,right,left,2,0.36363636363636365,0,left_right,pick up the left block,pick up the right block,0.23817551136016846,0.28012406826019287
2026_08_18_00_56_48_148319_L3_right_C1,L3,C1,red,right,left,2,0.36363636363636365,0,right_left,pick up the right block,pick up the left block,0.28012406826019287,0.23817551136016846
2026_08_18_00_56_48_148319_L3_right_C1,L3,C1,red,right,left,2,0.36363636363636365,1,left_left,pick up the left block,pick up the left block,0.19599738717079163,0.19599738717079163
2026_08_18_00_56_48_148319_L3_right_C1,L3,C1,red,right,left,2,0.36363636363636365,1,right_right,pick up the right block,pick up the right block,0.21758368611335754,0.21758368611335754
2026_08_18_00_56_48_148319_L3_right_C1,L3,C1,red,right,left,2,0.36363636363636365,1,left_right,pick up the left block,pick up the right block,0.19599738717079163,0.21758368611335754
2026_08_18_00_56_48_148319_L3_right_C1,L3,C1,red,right,left,2,0.36363636363636365,1,right_left,pick up the right block,pick up the left block,0.21758368611335754,0.19599738717079163
2026_08_18_00_56_48_148319_L3_right_C1,L3,C1,red,right,left,2,0.36363636363636365,2,left_left,pick up the left block,pick up the left block,0.18344217538833618,0.18344217538833618
2026_08_18_00_56_48_148319_L3_right_C1,L3,C1,red,right,left,2,0.36363636363636365,2,right_right,pick up the right block,pick up the right block,0.21095159649848938,0.21095159649848938
2026_08_18_00_56_48_148319_L3_right_C1,L3,C1,red,right,left,2,0.36363636363636365,2,left_right,pick up the left block,pick up the right block,0.18344217538833618,0.21095159649848938
2026_08_18_00_56_48_148319_L3_right_C1,L3,C1,red,right,left,2,0.36363636363636365,2,right_left,pick up the right block,pick up the left block,0.21095159649848938,0.18344217538833618
2026_08_18_00_56_48_148319_L3_right_C1,L3,C1,red,right,left,8,1.0,0,left_left,pick up the left block,pick up the left block,0.22075596451759338,0.22075596451759338
2026_08_18_00_56_48_148319_L3_right_C1,L3,C1,red,right,left,8,1.0,0,right_right,pick up the right block,pick up the right block,0.2187042534351349,0.2187042534351349
2026_08_18_00_56_48_148319_L3_right_C1,L3,C1,red,right,left,8,1.0,0,left_right,pick up the left block,pick up the right block,0.22075596451759338,0.2187042534351349
2026_08_18_00_56_48_148319_L3_right_C1,L3,C1,red,right,left,8,1.0,0,right_left,pick up the right block,pick up the left block,0.2187042534351349,0.22075596451759338
2026_08_18_00_56_48_148319_L3_right_C1,L3,C1,red,right,left,8,1.0,1,left_left,pick up the left block,pick up the left block,0.2648506760597229,0.2648506760597229
2026_08_18_00_56_48_148319_L3_right_C1,L3,C1,red,right,left,8,1.0,1,right_right,pick up the right block,pick up the right block,0.26357606053352356,0.26357606053352356
2026_08_18_00_56_48_148319_L3_right_C1,L3,C1,red,right,left,8,1.0,1,left_right,pick up the left block,pick up the right block,0.2648506760597229,0.26357606053352356
2026_08_18_00_56_48_148319_L3_right_C1,L3,C1,red,right,left,8,1.0,1,right_left,pick up the right block,pick up the left block,0.26357606053352356,0.2648506760597229
2026_08_18_00_56_48_148319_L3_right_C1,L3,C1,red,right,left,8,1.0,2,left_left,pick up the left block,pick up the left block,0.1911819726228714,0.1911819726228714
2026_08_18_00_56_48_148319_L3_right_C1,L3,C1,red,right,left,8,1.0,2,right_right,pick up the right block,pick up the right block,0.18921877443790436,0.18921877443790436
2026_08_18_00_56_48_148319_L3_right_C1,L3,C1,red,right,left,8,1.0,2,left_right,pick up the left block,pick up the right block,0.1911819726228714,0.18921877443790436
2026_08_18_00_56_48_148319_L3_right_C1,L3,C1,red,right,left,8,1.0,2,right_left,pick up the right block,pick up the left block,0.18921877443790436,0.1911819726228714
2026_08_18_00_57_15_980084_L3_right_C2,L3,C2,red,right,left,0,0.10062893081761007,0,left_left,pick up the left block,pick up the left block,0.27028632164001465,0.27028632164001465
2026_08_18_00_57_15_980084_L3_right_C2,L3,C2,red,right,left,0,0.10062893081761007,0,right_right,pick up the right block,pick up the right block,0.3476407527923584,0.3476407527923584
2026_08_18_00_57_15_980084_L3_right_C2,L3,C2,red,right,left,0,0.10062893081761007,0,left_right,pick up the left block,pick up the right block,0.27028632164001465,0.3476407527923584
2026_08_18_00_57_15_980084_L3_right_C2,L3,C2,red,right,left,0,0.10062893081761007,0,right_left,pick up the right block,pick up the left block,0.3476407527923584,0.27028632164001465
2026_08_18_00_57_15_980084_L3_right_C2,L3,C2,red,right,left,0,0.10062893081761007,1,left_left,pick up the left block,pick up the left block,0.39989614486694336,0.39989614486694336
2026_08_18_00_57_15_980084_L3_right_C2,L3,C2,red,right,left,0,0.10062893081761007,1,right_right,pick up the right block,pick up the right block,0.4571063220500946,0.4571063220500946
2026_08_18_00_57_15_980084_L3_right_C2,L3,C2,red,right,left,0,0.10062893081761007,1,left_right,pick up the left block,pick up the right block,0.39989614486694336,0.4571063220500946
2026_08_18_00_57_15_980084_L3_right_C2,L3,C2,red,right,left,0,0.10062893081761007,1,right_left,pick up the right block,pick up the left block,0.4571063220500946,0.39989614486694336
2026_08_18_00_57_15_980084_L3_right_C2,L3,C2,red,right,left,0,0.10062893081761007,2,left_left,pick up the left block,pick up the left block,0.3145524263381958,0.3145524263381958
2026_08_18_00_57_15_980084_L3_right_C2,L3,C2,red,right,left,0,0.10062893081761007,2,right_right,pick up the right block,pick up the right block,0.36491474509239197,0.36491474509239197
2026_08_18_00_57_15_980084_L3_right_C2,L3,C2,red,right,left,0,0.10062893081761007,2,left_right,pick up the left block,pick up the right block,0.3145524263381958,0.36491474509239197
2026_08_18_00_57_15_980084_L3_right_C2,L3,C2,red,right,left,0,0.10062893081761007,2,right_left,pick up the right block,pick up the left block,0.36491474509239197,0.3145524263381958
2026_08_18_00_57_15_980084_L3_right_C2,L3,C2,red,right,left,3,0.4025157232704403,0,left_left,pick up the left block,pick up the left block,0.2812057435512543,0.2812057435512543
2026_08_18_00_57_15_980084_L3_right_C2,L3,C2,red,right,left,3,0.4025157232704403,0,right_right,pick up the right block,pick up the right block,0.3133792579174042,0.3133792579174042
2026_08_18_00_57_15_980084_L3_right_C2,L3,C2,red,right,left,3,0.4025157232704403,0,left_right,pick up the left block,pick up the right block,0.2812057435512543,0.3133792579174042
2026_08_18_00_57_15_980084_L3_right_C2,L3,C2,red,right,left,3,0.4025157232704403,0,right_left,pick up the right block,pick up the left block,0.3133792579174042,0.2812057435512543
2026_08_18_00_57_15_980084_L3_right_C2,L3,C2,red,right,left,3,0.4025157232704403,1,left_left,pick up the left block,pick up the left block,0.19431887567043304,0.19431887567043304
2026_08_18_00_57_15_980084_L3_right_C2,L3,C2,red,right,left,3,0.4025157232704403,1,right_right,pick up the right block,pick up the right block,0.2218370884656906,0.2218370884656906
2026_08_18_00_57_15_980084_L3_right_C2,L3,C2,red,right,left,3,0.4025157232704403,1,left_right,pick up the left block,pick up the right block,0.19431887567043304,0.2218370884656906
2026_08_18_00_57_15_980084_L3_right_C2,L3,C2,red,right,left,3,0.4025157232704403,1,right_left,pick up the right block,pick up the left block,0.2218370884656906,0.19431887567043304
2026_08_18_00_57_15_980084_L3_right_C2,L3,C2,red,right,left,3,0.4025157232704403,2,left_left,pick up the left block,pick up the left block,0.16670092940330505,0.16670092940330505
2026_08_18_00_57_15_980084_L3_right_C2,L3,C2,red,right,left,3,0.4025157232704403,2,right_right,pick up the right block,pick up the right block,0.18988379836082458,0.18988379836082458
2026_08_18_00_57_15_980084_L3_right_C2,L3,C2,red,right,left,3,0.4025157232704403,2,left_right,pick up the left block,pick up the right block,0.16670092940330505,0.18988379836082458
2026_08_18_00_57_15_980084_L3_right_C2,L3,C2,red,right,left,3,0.4025157232704403,2,right_left,pick up the right block,pick up the left block,0.18988379836082458,0.16670092940330505
2026_08_18_00_57_15_980084_L3_right_C2,L3,C2,red,right,left,9,1.0,0,left_left,pick up the left block,pick up the left block,0.25033649802207947,0.25033649802207947
2026_08_18_00_57_15_980084_L3_right_C2,L3,C2,red,right,left,9,1.0,0,right_right,pick up the right block,pick up the right block,0.255778431892395,0.255778431892395
2026_08_18_00_57_15_980084_L3_right_C2,L3,C2,red,right,left,9,1.0,0,left_right,pick up the left block,pick up the right block,0.25033649802207947,0.255778431892395
2026_08_18_00_57_15_980084_L3_right_C2,L3,C2,red,right,left,9,1.0,0,right_left,pick up the right block,pick up the left block,0.255778431892395,0.25033649802207947
2026_08_18_00_57_15_980084_L3_right_C2,L3,C2,red,right,left,9,1.0,1,left_left,pick up the left block,pick up the left block,0.2624357342720032,0.2624357342720032
2026_08_18_00_57_15_980084_L3_right_C2,L3,C2,red,right,left,9,1.0,1,right_right,pick up the right block,pick up the right block,0.26876571774482727,0.26876571774482727
2026_08_18_00_57_15_980084_L3_right_C2,L3,C2,red,right,left,9,1.0,1,left_right,pick up the left block,pick up the right block,0.2624357342720032,0.26876571774482727
2026_08_18_00_57_15_980084_L3_right_C2,L3,C2,red,right,left,9,1.0,1,right_left,pick up the right block,pick up the left block,0.26876571774482727,0.2624357342720032
2026_08_18_00_57_15_980084_L3_right_C2,L3,C2,red,right,left,9,1.0,2,left_left,pick up the left block,pick up the left block,0.23154985904693604,0.23154985904693604
2026_08_18_00_57_15_980084_L3_right_C2,L3,C2,red,right,left,9,1.0,2,right_right,pick up the right block,pick up the right block,0.2362317144870758,0.2362317144870758
2026_08_18_00_57_15_980084_L3_right_C2,L3,C2,red,right,left,9,1.0,2,left_right,pick up the left block,pick up the right block,0.23154985904693604,0.2362317144870758
2026_08_18_00_57_15_980084_L3_right_C2,L3,C2,red,right,left,9,1.0,2,right_left,pick up the right block,pick up the left block,0.2362317144870758,0.23154985904693604
2026_08_18_00_57_54_988496_L3_left_C0,L3,C0,blue,left,left,0,0.13333333333333333,0,left_left,pick up the left block,pick up the left block,0.279754102230072,0.279754102230072
2026_08_18_00_57_54_988496_L3_left_C0,L3,C0,blue,left,left,0,0.13333333333333333,0,right_right,pick up the right block,pick up the right block,0.3905077278614044,0.3905077278614044
2026_08_18_00_57_54_988496_L3_left_C0,L3,C0,blue,left,left,0,0.13333333333333333,0,left_right,pick up the left block,pick up the right block,0.279754102230072,0.3905077278614044
2026_08_18_00_57_54_988496_L3_left_C0,L3,C0,blue,left,left,0,0.13333333333333333,0,right_left,pick up the right block,pick up the left block,0.3905077278614044,0.279754102230072
2026_08_18_00_57_54_988496_L3_left_C0,L3,C0,blue,left,left,0,0.13333333333333333,1,left_left,pick up the left block,pick up the left block,0.2712975740432739,0.2712975740432739
2026_08_18_00_57_54_988496_L3_left_C0,L3,C0,blue,left,left,0,0.13333333333333333,1,right_right,pick up the right block,pick up the right block,0.39475563168525696,0.39475563168525696
2026_08_18_00_57_54_988496_L3_left_C0,L3,C0,blue,left,left,0,0.13333333333333333,1,left_right,pick up the left block,pick up the right block,0.2712975740432739,0.39475563168525696
2026_08_18_00_57_54_988496_L3_left_C0,L3,C0,blue,left,left,0,0.13333333333333333,1,right_left,pick up the right block,pick up the left block,0.39475563168525696,0.2712975740432739
2026_08_18_00_57_54_988496_L3_left_C0,L3,C0,blue,left,left,0,0.13333333333333333,2,left_left,pick up the left block,pick up the left block,0.23435255885124207,0.23435255885124207
2026_08_18_00_57_54_988496_L3_left_C0,L3,C0,blue,left,left,0,0.13333333333333333,2,right_right,pick up the right block,pick up the right block,0.37677305936813354,0.37677305936813354
2026_08_18_00_57_54_988496_L3_left_C0,L3,C0,blue,left,left,0,0.13333333333333333,2,left_right,pick up the left block,pick up the right block,0.23435255885124207,0.37677305936813354
2026_08_18_00_57_54_988496_L3_left_C0,L3,C0,blue,left,left,0,0.13333333333333333,2,right_left,pick up the right block,pick up the left block,0.37677305936813354,0.23435255885124207
2026_08_18_00_57_54_988496_L3_left_C0,L3,C0,blue,left,left,2,0.4,0,left_left,pick up the left block,pick up the left block,0.19768893718719482,0.19768893718719482
2026_08_18_00_57_54_988496_L3_left_C0,L3,C0,blue,left,left,2,0.4,0,right_right,pick up the right block,pick up the right block,0.2561608552932739,0.2561608552932739
2026_08_18_00_57_54_988496_L3_left_C0,L3,C0,blue,left,left,2,0.4,0,left_right,pick up the left block,pick up the right block,0.19768893718719482,0.2561608552932739
2026_08_18_00_57_54_988496_L3_left_C0,L3,C0,blue,left,left,2,0.4,0,right_left,pick up the right block,pick up the left block,0.2561608552932739,0.19768893718719482
2026_08_18_00_57_54_988496_L3_left_C0,L3,C0,blue,left,left,2,0.4,1,left_left,pick up the left block,pick up the left block,0.2619318962097168,0.2619318962097168
2026_08_18_00_57_54_988496_L3_left_C0,L3,C0,blue,left,left,2,0.4,1,right_right,pick up the right block,pick up the right block,0.30212488770484924,0.30212488770484924
2026_08_18_00_57_54_988496_L3_left_C0,L3,C0,blue,left,left,2,0.4,1,left_right,pick up the left block,pick up the right block,0.2619318962097168,0.30212488770484924
2026_08_18_00_57_54_988496_L3_left_C0,L3,C0,blue,left,left,2,0.4,1,right_left,pick up the right block,pick up the left block,0.30212488770484924,0.2619318962097168
2026_08_18_00_57_54_988496_L3_left_C0,L3,C0,blue,left,left,2,0.4,2,left_left,pick up the left block,pick up the left block,0.22691017389297485,0.22691017389297485
2026_08_18_00_57_54_988496_L3_left_C0,L3,C0,blue,left,left,2,0.4,2,right_right,pick up the right block,pick up the right block,0.27055710554122925,0.27055710554122925
2026_08_18_00_57_54_988496_L3_left_C0,L3,C0,blue,left,left,2,0.4,2,left_right,pick up the left block,pick up the right block,0.22691017389297485,0.27055710554122925
2026_08_18_00_57_54_988496_L3_left_C0,L3,C0,blue,left,left,2,0.4,2,right_left,pick up the right block,pick up the left block,0.27055710554122925,0.22691017389297485
2026_08_18_00_57_54_988496_L3_left_C0,L3,C0,blue,left,left,7,1.0,0,left_left,pick up the left block,pick up the left block,0.19782455265522003,0.19782455265522003
2026_08_18_00_57_54_988496_L3_left_C0,L3,C0,blue,left,left,7,1.0,0,right_right,pick up the right block,pick up the right block,0.20235568284988403,0.20235568284988403
2026_08_18_00_57_54_988496_L3_left_C0,L3,C0,blue,left,left,7,1.0,0,left_right,pick up the left block,pick up the right block,0.19782455265522003,0.20235568284988403
2026_08_18_00_57_54_988496_L3_left_C0,L3,C0,blue,left,left,7,1.0,0,right_left,pick up the right block,pick up the left block,0.20235568284988403,0.19782455265522003
2026_08_18_00_57_54_988496_L3_left_C0,L3,C0,blue,left,left,7,1.0,1,left_left,pick up the left block,pick up the left block,0.2086343616247177,0.2086343616247177
2026_08_18_00_57_54_988496_L3_left_C0,L3,C0,blue,left,left,7,1.0,1,right_right,pick up the right block,pick up the right block,0.2160373479127884,0.2160373479127884
2026_08_18_00_57_54_988496_L3_left_C0,L3,C0,blue,left,left,7,1.0,1,left_right,pick up the left block,pick up the right block,0.2086343616247177,0.2160373479127884
2026_08_18_00_57_54_988496_L3_left_C0,L3,C0,blue,left,left,7,1.0,1,right_left,pick up the right block,pick up the left block,0.2160373479127884,0.2086343616247177
2026_08_18_00_57_54_988496_L3_left_C0,L3,C0,blue,left,left,7,1.0,2,left_left,pick up the left block,pick up the left block,0.2152312844991684,0.2152312844991684
2026_08_18_00_57_54_988496_L3_left_C0,L3,C0,blue,left,left,7,1.0,2,right_right,pick up the right block,pick up the right block,0.21960890293121338,0.21960890293121338
2026_08_18_00_57_54_988496_L3_left_C0,L3,C0,blue,left,left,7,1.0,2,left_right,pick up the left block,pick up the right block,0.2152312844991684,0.21960890293121338
2026_08_18_00_57_54_988496_L3_left_C0,L3,C0,blue,left,left,7,1.0,2,right_left,pick up the right block,pick up the left block,0.21960890293121338,0.2152312844991684
2026_08_18_00_58_22_709133_L3_left_C1,L3,C1,blue,left,left,0,0.12121212121212122,0,left_left,pick up the left block,pick up the left block,0.316746324300766,0.316746324300766
2026_08_18_00_58_22_709133_L3_left_C1,L3,C1,blue,left,left,0,0.12121212121212122,0,right_right,pick up the right block,pick up the right block,0.370988130569458,0.370988130569458
2026_08_18_00_58_22_709133_L3_left_C1,L3,C1,blue,left,left,0,0.12121212121212122,0,left_right,pick up the left block,pick up the right block,0.316746324300766,0.370988130569458
2026_08_18_00_58_22_709133_L3_left_C1,L3,C1,blue,left,left,0,0.12121212121212122,0,right_left,pick up the right block,pick up the left block,0.370988130569458,0.316746324300766
2026_08_18_00_58_22_709133_L3_left_C1,L3,C1,blue,left,left,0,0.12121212121212122,1,left_left,pick up the left block,pick up the left block,0.3137957453727722,0.3137957453727722
2026_08_18_00_58_22_709133_L3_left_C1,L3,C1,blue,left,left,0,0.12121212121212122,1,right_right,pick up the right block,pick up the right block,0.3819476366043091,0.3819476366043091
2026_08_18_00_58_22_709133_L3_left_C1,L3,C1,blue,left,left,0,0.12121212121212122,1,left_right,pick up the left block,pick up the right block,0.3137957453727722,0.3819476366043091
2026_08_18_00_58_22_709133_L3_left_C1,L3,C1,blue,left,left,0,0.12121212121212122,1,right_left,pick up the right block,pick up the left block,0.3819476366043091,0.3137957453727722
2026_08_18_00_58_22_709133_L3_left_C1,L3,C1,blue,left,left,0,0.12121212121212122,2,left_left,pick up the left block,pick up the left block,0.3419378995895386,0.3419378995895386
2026_08_18_00_58_22_709133_L3_left_C1,L3,C1,blue,left,left,0,0.12121212121212122,2,right_right,pick up the right block,pick up the right block,0.4120884835720062,0.4120884835720062
2026_08_18_00_58_22_709133_L3_left_C1,L3,C1,blue,left,left,0,0.12121212121212122,2,left_right,pick up the left block,pick up the right block,0.3419378995895386,0.4120884835720062
2026_08_18_00_58_22_709133_L3_left_C1,L3,C1,blue,left,left,0,0.12121212121212122,2,right_left,pick up the right block,pick up the left block,0.4120884835720062,0.3419378995895386
2026_08_18_00_58_22_709133_L3_left_C1,L3,C1,blue,left,left,2,0.36363636363636365,0,left_left,pick up the left block,pick up the left block,0.25398123264312744,0.25398123264312744
2026_08_18_00_58_22_709133_L3_left_C1,L3,C1,blue,left,left,2,0.36363636363636365,0,right_right,pick up the right block,pick up the right block,0.30640435218811035,0.30640435218811035
2026_08_18_00_58_22_709133_L3_left_C1,L3,C1,blue,left,left,2,0.36363636363636365,0,left_right,pick up the left block,pick up the right block,0.25398123264312744,0.30640435218811035
2026_08_18_00_58_22_709133_L3_left_C1,L3,C1,blue,left,left,2,0.36363636363636365,0,right_left,pick up the right block,pick up the left block,0.30640435218811035,0.25398123264312744
2026_08_18_00_58_22_709133_L3_left_C1,L3,C1,blue,left,left,2,0.36363636363636365,1,left_left,pick up the left block,pick up the left block,0.13795416057109833,0.13795416057109833
2026_08_18_00_58_22_709133_L3_left_C1,L3,C1,blue,left,left,2,0.36363636363636365,1,right_right,pick up the right block,pick up the right block,0.18683892488479614,0.18683892488479614
2026_08_18_00_58_22_709133_L3_left_C1,L3,C1,blue,left,left,2,0.36363636363636365,1,left_right,pick up the left block,pick up the right block,0.13795416057109833,0.18683892488479614
2026_08_18_00_58_22_709133_L3_left_C1,L3,C1,blue,left,left,2,0.36363636363636365,1,right_left,pick up the right block,pick up the left block,0.18683892488479614,0.13795416057109833
2026_08_18_00_58_22_709133_L3_left_C1,L3,C1,blue,left,left,2,0.36363636363636365,2,left_left,pick up the left block,pick up the left block,0.23580048978328705,0.23580048978328705
2026_08_18_00_58_22_709133_L3_left_C1,L3,C1,blue,left,left,2,0.36363636363636365,2,right_right,pick up the right block,pick up the right block,0.26971402764320374,0.26971402764320374
2026_08_18_00_58_22_709133_L3_left_C1,L3,C1,blue,left,left,2,0.36363636363636365,2,left_right,pick up the left block,pick up the right block,0.23580048978328705,0.26971402764320374
2026_08_18_00_58_22_709133_L3_left_C1,L3,C1,blue,left,left,2,0.36363636363636365,2,right_left,pick up the right block,pick up the left block,0.26971402764320374,0.23580048978328705
2026_08_18_00_58_22_709133_L3_left_C1,L3,C1,blue,left,left,8,1.0,0,left_left,pick up the left block,pick up the left block,0.20837365090847015,0.20837365090847015
2026_08_18_00_58_22_709133_L3_left_C1,L3,C1,blue,left,left,8,1.0,0,right_right,pick up the right block,pick up the right block,0.20799966156482697,0.20799966156482697
2026_08_18_00_58_22_709133_L3_left_C1,L3,C1,blue,left,left,8,1.0,0,left_right,pick up the left block,pick up the right block,0.20837365090847015,0.20799966156482697
2026_08_18_00_58_22_709133_L3_left_C1,L3,C1,blue,left,left,8,1.0,0,right_left,pick up the right block,pick up the left block,0.20799966156482697,0.20837365090847015
2026_08_18_00_58_22_709133_L3_left_C1,L3,C1,blue,left,left,8,1.0,1,left_left,pick up the left block,pick up the left block,0.37055516242980957,0.37055516242980957
2026_08_18_00_58_22_709133_L3_left_C1,L3,C1,blue,left,left,8,1.0,1,right_right,pick up the right block,pick up the right block,0.37167900800704956,0.37167900800704956
2026_08_18_00_58_22_709133_L3_left_C1,L3,C1,blue,left,left,8,1.0,1,left_right,pick up the left block,pick up the right block,0.37055516242980957,0.37167900800704956
2026_08_18_00_58_22_709133_L3_left_C1,L3,C1,blue,left,left,8,1.0,1,right_left,pick up the right block,pick up the left block,0.37167900800704956,0.37055516242980957
2026_08_18_00_58_22_709133_L3_left_C1,L3,C1,blue,left,left,8,1.0,2,left_left,pick up the left block,pick up the left block,0.16976425051689148,0.16976425051689148
2026_08_18_00_58_22_709133_L3_left_C1,L3,C1,blue,left,left,8,1.0,2,right_right,pick up the right block,pick up the right block,0.16804508864879608,0.16804508864879608
2026_08_18_00_58_22_709133_L3_left_C1,L3,C1,blue,left,left,8,1.0,2,left_right,pick up the left block,pick up the right block,0.16976425051689148,0.16804508864879608
2026_08_18_00_58_22_709133_L3_left_C1,L3,C1,blue,left,left,8,1.0,2,right_left,pick up the right block,pick up the left block,0.16804508864879608,0.16976425051689148
2026_08_18_00_59_48_029579_L3_left_C2,L3,C2,blue,left,left,0,0.10062893081761007,0,left_left,pick up the left block,pick up the left block,0.23786738514900208,0.23786738514900208
2026_08_18_00_59_48_029579_L3_left_C2,L3,C2,blue,left,left,0,0.10062893081761007,0,right_right,pick up the right block,pick up the right block,0.29001861810684204,0.29001861810684204
2026_08_18_00_59_48_029579_L3_left_C2,L3,C2,blue,left,left,0,0.10062893081761007,0,left_right,pick up the left block,pick up the right block,0.23786738514900208,0.29001861810684204
2026_08_18_00_59_48_029579_L3_left_C2,L3,C2,blue,left,left,0,0.10062893081761007,0,right_left,pick up the right block,pick up the left block,0.29001861810684204,0.23786738514900208
2026_08_18_00_59_48_029579_L3_left_C2,L3,C2,blue,left,left,0,0.10062893081761007,1,left_left,pick up the left block,pick up the left block,0.22852912545204163,0.22852912545204163
2026_08_18_00_59_48_029579_L3_left_C2,L3,C2,blue,left,left,0,0.10062893081761007,1,right_right,pick up the right block,pick up the right block,0.26920872926712036,0.26920872926712036
2026_08_18_00_59_48_029579_L3_left_C2,L3,C2,blue,left,left,0,0.10062893081761007,1,left_right,pick up the left block,pick up the right block,0.22852912545204163,0.26920872926712036
2026_08_18_00_59_48_029579_L3_left_C2,L3,C2,blue,left,left,0,0.10062893081761007,1,right_left,pick up the right block,pick up the left block,0.26920872926712036,0.22852912545204163
2026_08_18_00_59_48_029579_L3_left_C2,L3,C2,blue,left,left,0,0.10062893081761007,2,left_left,pick up the left block,pick up the left block,0.28668078780174255,0.28668078780174255
2026_08_18_00_59_48_029579_L3_left_C2,L3,C2,blue,left,left,0,0.10062893081761007,2,right_right,pick up the right block,pick up the right block,0.3199603855609894,0.3199603855609894
2026_08_18_00_59_48_029579_L3_left_C2,L3,C2,blue,left,left,0,0.10062893081761007,2,left_right,pick up the left block,pick up the right block,0.28668078780174255,0.3199603855609894
2026_08_18_00_59_48_029579_L3_left_C2,L3,C2,blue,left,left,0,0.10062893081761007,2,right_left,pick up the right block,pick up the left block,0.3199603855609894,0.28668078780174255
2026_08_18_00_59_48_029579_L3_left_C2,L3,C2,blue,left,left,3,0.4025157232704403,0,left_left,pick up the left block,pick up the left block,0.25738024711608887,0.25738024711608887
2026_08_18_00_59_48_029579_L3_left_C2,L3,C2,blue,left,left,3,0.4025157232704403,0,right_right,pick up the right block,pick up the right block,0.2791432738304138,0.2791432738304138
2026_08_18_00_59_48_029579_L3_left_C2,L3,C2,blue,left,left,3,0.4025157232704403,0,left_right,pick up the left block,pick up the right block,0.25738024711608887,0.2791432738304138
2026_08_18_00_59_48_029579_L3_left_C2,L3,C2,blue,left,left,3,0.4025157232704403,0,right_left,pick up the right block,pick up the left block,0.2791432738304138,0.25738024711608887
2026_08_18_00_59_48_029579_L3_left_C2,L3,C2,blue,left,left,3,0.4025157232704403,1,left_left,pick up the left block,pick up the left block,0.3009290397167206,0.3009290397167206
2026_08_18_00_59_48_029579_L3_left_C2,L3,C2,blue,left,left,3,0.4025157232704403,1,right_right,pick up the right block,pick up the right block,0.32915717363357544,0.32915717363357544
2026_08_18_00_59_48_029579_L3_left_C2,L3,C2,blue,left,left,3,0.4025157232704403,1,left_right,pick up the left block,pick up the right block,0.3009290397167206,0.32915717363357544
2026_08_18_00_59_48_029579_L3_left_C2,L3,C2,blue,left,left,3,0.4025157232704403,1,right_left,pick up the right block,pick up the left block,0.32915717363357544,0.3009290397167206
2026_08_18_00_59_48_029579_L3_left_C2,L3,C2,blue,left,left,3,0.4025157232704403,2,left_left,pick up the left block,pick up the left block,0.18046629428863525,0.18046629428863525
2026_08_18_00_59_48_029579_L3_left_C2,L3,C2,blue,left,left,3,0.4025157232704403,2,right_right,pick up the right block,pick up the right block,0.1864802986383438,0.1864802986383438
2026_08_18_00_59_48_029579_L3_left_C2,L3,C2,blue,left,left,3,0.4025157232704403,2,left_right,pick up the left block,pick up the right block,0.18046629428863525,0.1864802986383438
2026_08_18_00_59_48_029579_L3_left_C2,L3,C2,blue,left,left,3,0.4025157232704403,2,right_left,pick up the right block,pick up the left block,0.1864802986383438,0.18046629428863525
2026_08_18_00_59_48_029579_L3_left_C2,L3,C2,blue,left,left,9,1.0,0,left_left,pick up the left block,pick up the left block,0.2507123649120331,0.2507123649120331
2026_08_18_00_59_48_029579_L3_left_C2,L3,C2,blue,left,left,9,1.0,0,right_right,pick up the right block,pick up the right block,0.2522342801094055,0.2522342801094055
2026_08_18_00_59_48_029579_L3_left_C2,L3,C2,blue,left,left,9,1.0,0,left_right,pick up the left block,pick up the right block,0.2507123649120331,0.2522342801094055
2026_08_18_00_59_48_029579_L3_left_C2,L3,C2,blue,left,left,9,1.0,0,right_left,pick up the right block,pick up the left block,0.2522342801094055,0.2507123649120331
2026_08_18_00_59_48_029579_L3_left_C2,L3,C2,blue,left,left,9,1.0,1,left_left,pick up the left block,pick up the left block,0.24277016520500183,0.24277016520500183
2026_08_18_00_59_48_029579_L3_left_C2,L3,C2,blue,left,left,9,1.0,1,right_right,pick up the right block,pick up the right block,0.24412328004837036,0.24412328004837036
2026_08_18_00_59_48_029579_L3_left_C2,L3,C2,blue,left,left,9,1.0,1,left_right,pick up the left block,pick up the right block,0.24277016520500183,0.24412328004837036
2026_08_18_00_59_48_029579_L3_left_C2,L3,C2,blue,left,left,9,1.0,1,right_left,pick up the right block,pick up the left block,0.24412328004837036,0.24277016520500183
2026_08_18_00_59_48_029579_L3_left_C2,L3,C2,blue,left,left,9,1.0,2,left_left,pick up the left block,pick up the left block,0.18226243555545807,0.18226243555545807
2026_08_18_00_59_48_029579_L3_left_C2,L3,C2,blue,left,left,9,1.0,2,right_right,pick up the right block,pick up the right block,0.1831185221672058,0.1831185221672058
2026_08_18_00_59_48_029579_L3_left_C2,L3,C2,blue,left,left,9,1.0,2,left_right,pick up the left block,pick up the right block,0.18226243555545807,0.1831185221672058
2026_08_18_00_59_48_029579_L3_left_C2,L3,C2,blue,left,left,9,1.0,2,right_left,pick up the right block,pick up the left block,0.1831185221672058,0.18226243555545807
